1751205811809 1.3199187517166138 1
1751205910518 0.7682005763053894 2
1751205911469 1.269447922706604 3
1751205912438 0.3784908354282379 4
1751205913375 1.08814537525177 5
1751205914310 1.6113201379776 6
1751205915264 0.6352646946907043 7
1751205916103 0.9857821464538574 8
1751205917055 1.4360407590866089 9
1751205917845 1.5260995626449585 10
1751205918778 0.7416480779647827 11
1751205919717 0.9507896304130554 12
1751205920541 2.0436549186706543 13
1751205921463 0.6520465612411499 14
1751205922445 0.6703137755393982 15
1751205923412 0.6945009827613831 16
1751205924334 0.8474347591400146 17
1751205925252 1.417866826057434 18
1751205926181 1.797186255455017 19
1751205927057 1.4267159700393677 20
1751205928073 1.082289695739746 21
1751205929022 0.7612187266349792 22
1751205929984 1.1480683088302612 23
1751205930940 0.7306145429611206 24
1751205931934 1.2359966039657593 25
1751205932945 0.9855659604072571 26
1751205933731 0.5783886313438416 27
1751205934539 1.4870617389678955 28
1751205935491 0.4690100848674774 29
1751205936433 1.0048774480819702 30
1751205937384 0.6888666749000549 31
1751205938397 0.6244837045669556 32
1751205939368 1.0749489068984985 33
1751205940344 1.2541046142578125 34
1751205941271 0.8555540442466736 35
1751205942251 0.997139573097229 36
1751205943257 1.1393324136734009 37
1751205944203 0.5956016182899475 38
1751205945180 0.8386343121528625 39
1751205946179 1.5146186351776123 40
1751205947134 2.0874879360198975 41
1751205947926 1.4402474164962769 42
1751205948869 0.8315483331680298 43
1751205949809 1.249358057975769 44
1751205950604 0.14276626706123352 45
1751205951555 1.032284140586853 46
1751205952482 1.208164930343628 47
1751205953408 1.3042795658111572 48
1751205954343 0.9947714805603027 49
1751205955265 1.9699379205703735 50
1751205956210 1.032422661781311 51
1751205957163 0.7835389971733093 52
1751205958101 1.1392338275909424 53
1751205959062 0.8839448094367981 54
1751205960014 1.3233238458633423 55
1751205960962 0.6395102739334106 56
1751205961904 0.928752064704895 57
1751205962873 0.6010636687278748 58
1751205963808 0.7877604961395264 59
1751205964764 1.0625261068344116 60
1751205965689 1.6387947797775269 61
1751205966626 1.0929663181304932 62
1751205967572 0.5538522005081177 63
1751205968498 1.2335036993026733 64
1751205969448 1.242806077003479 65
1751205970381 0.966779351234436 66
1751205971348 1.3418660163879395 67
1751205972199 1.6930888891220093 68
1751205973135 1.1015496253967285 69
1751205974056 1.4333592653274536 70
1751205975011 0.8055534958839417 71
1751205975954 1.1203930377960205 72
1751205976876 0.39314892888069153 73
1751205977804 1.2483575344085693 74
1751205978736 1.7844618558883667 75
1751205979673 0.7941519618034363 76
1751205980641 1.0810507535934448 77
1751205981615 1.0365161895751953 78
1751205982597 1.2356423139572144 79
1751205983541 0.9394007325172424 80
1751205984462 0.6970362067222595 81
1751205985430 1.2096513509750366 82
1751205986411 0.6981746554374695 83
1751205987362 1.0911277532577515 84
1751205988271 1.599380612373352 85
1751205989256 0.8518573641777039 86
1751205990189 0.7685810327529907 87
1751205991162 0.8196231126785278 88
1751205991985 1.4803699254989624 89
1751205992812 0.5976361036300659 90
1751205993764 0.727540910243988 91
1751205994720 0.7352689504623413 92
1751205995649 0.9726190567016602 93
1751205996587 0.5201583504676819 94
1751205997369 1.2474616765975952 95
1751205998301 1.0049017667770386 96
1751205999251 0.8707176446914673 97
1751206000286 0.8842403292655945 98
1751206001290 1.3760781288146973 99
1751206002231 1.4247056245803833 100
1751206003055 0.9287832379341125 101
1751206004011 1.1790188550949097 102
1751206004954 0.8871424794197083 103
1751206005900 1.1878201961517334 104
1751206006832 0.9261175394058228 105
1751206007792 1.0293608903884888 106
1751206008758 0.7013598680496216 107
1751206009724 0.29570043087005615 108
1751206010673 1.0537705421447754 109
1751206011615 0.9569610953330994 110
1751206012610 1.032023310661316 111
1751206013587 1.0681289434432983 112
1751206014526 1.0298641920089722 113
1751206015492 0.8889003992080688 114
1751206016421 1.0808972120285034 115
1751206017337 0.5985239148139954 116
1751206018309 1.3368936777114868 117
1751206019261 1.005811095237732 118
1751206020211 1.4226150512695312 119
1751206021170 2.0931222438812256 120
1751206022122 1.3326181173324585 121
1751206023091 2.9324522018432617 122
1751206024047 0.9233760833740234 123
1751206025004 1.127937912940979 124
1751206025824 0.8077924847602844 125
1751206026777 1.1743420362472534 126
1751206027573 1.662919282913208 127
1751206028497 1.4427403211593628 128
1751206029473 0.7227776050567627 129
1751206030395 0.9373540282249451 130
1751206031340 1.1865649223327637 131
1751206032171 2.584502935409546 132
1751206033115 0.9427700042724609 133
1751206034062 1.164878249168396 134
1751206034893 2.2169301509857178 135
1751206035868 0.49488869309425354 136
1751206036680 1.0519565343856812 137
1751206037629 1.4200960397720337 138
1751206038612 0.7743815779685974 139
1751206039579 0.7684131860733032 140
1751206040533 1.5074288845062256 141
1751206041475 0.9629920125007629 142
1751206042411 0.4006677269935608 143
1751206043354 0.8803792595863342 144
1751206044305 1.0132431983947754 145
1751206045331 1.1433824300765991 146
1751206046303 1.1720540523529053 147
1751206047237 0.8542055487632751 148
1751206048184 1.117227554321289 149
1751206049116 0.48685798048973083 150
1751206050045 0.9151849150657654 151
1751206050987 2.478424072265625 152
1751206051937 0.6830942034721375 153
1751206052915 0.5289877653121948 154
1751206053871 0.9363293647766113 155
1751206054878 1.2340859174728394 156
1751206055808 0.5539641380310059 157
1751206056757 1.9608242511749268 158
1751206057691 0.4769582152366638 159
1751206058630 0.7092528343200684 160
1751206059425 1.8919085264205933 161
1751206060363 1.323733925819397 162
1751206061311 1.7672042846679688 163
1751206062302 0.5646249651908875 164
1751206063242 1.4973310232162476 165
1751206064031 1.0134555101394653 166
1751206064976 0.47936439514160156 167
1751206065944 0.8825971484184265 168
1751206066910 0.9411489367485046 169
1751206067856 0.7557043433189392 170
1751206068848 0.7273699641227722 171
1751206069788 1.0146979093551636 172
1751206070732 0.6593985557556152 173
1751206071693 1.2083771228790283 174
1751206072623 1.1223200559616089 175
1751206073576 1.3375461101531982 176
1751206074394 0.19059237837791443 177
1751206075383 1.3152118921279907 178
1751206076328 1.0097063779830933 179
1751206077293 1.088175654411316 180
1751206078239 0.6758409738540649 181
1751206079223 1.5583513975143433 182
1751206080173 0.7166467905044556 183
1751206080982 0.2955974042415619 184
1751206081920 1.0826107263565063 185
1751206082899 1.212242603302002 186
1751206083860 0.6989712119102478 187
1751206084812 0.910392701625824 188
1751206085752 1.5804466009140015 189
1751206086665 0.8240181803703308 190
1751206087595 0.782247006893158 191
1751206088532 0.6581231355667114 192
1751206089475 1.1127805709838867 193
1751206090437 1.333052396774292 194
1751206091408 0.9115052223205566 195
1751206092346 1.149925708770752 196
1751206093302 1.3590725660324097 197
1751206094106 2.0774712562561035 198
1751206095042 0.5286884307861328 199
1751206096008 1.233866810798645 200
1751206096953 0.1400260329246521 201
1751206097881 1.0244601964950562 202
1751206098838 0.7898673415184021 203
1751206099800 0.22732995450496674 204
1751206100768 2.3402583599090576 205
1751206101736 0.7180554866790771 206
1751206102712 1.2422590255737305 207
1751206103595 0.810333251953125 208
1751206104522 1.2620331048965454 209
1751206105529 0.7291699647903442 210
1751206106459 0.9806559681892395 211
1751206107431 0.8795661330223083 212
1751206108399 0.5799615979194641 213
1751206109339 1.006848692893982 214
1751206110361 0.9586929678916931 215
1751206111303 1.4994771480560303 216
1751206112246 1.2304975986480713 217
1751206113205 0.9776577949523926 218
1751206114164 0.8111093640327454 219
1751206115106 1.0387544631958008 220
1751206116061 1.3032528162002563 221
1751206117027 0.5237290263175964 222
1751206117957 0.7675341963768005 223
1751206118891 0.9887033700942993 224
1751206119716 1.3473485708236694 225
1751206120665 0.8832212686538696 226
1751206121618 1.1071856021881104 227
1751206122575 0.7628769278526306 228
1751206123534 1.0998073816299438 229
1751206124487 0.8794086575508118 230
1751206125293 0.922398567199707 231
1751206126240 0.6103924512863159 232
1751206127191 0.43866002559661865 233
1751206128171 1.4153324365615845 234
1751206129101 0.9915437698364258 235
1751206130021 0.8108005523681641 236
1751206130976 1.0149987936019897 237
1751206132049 1.1416248083114624 238
1751206132988 1.0839664936065674 239
1751206133930 0.5384828448295593 240
1751206134916 1.1949820518493652 241
1751206135860 1.2122077941894531 242
1751206136829 0.7697009444236755 243
1751206137752 0.9993574023246765 244
1751206138685 1.23373544216156 245
1751206139636 1.0262130498886108 246
1751206140587 1.487881064414978 247
1751206141569 0.6535264849662781 248
1751206142527 0.9482200741767883 249
1751206143472 1.0840719938278198 250
1751206144436 0.8313133120536804 251
1751206145358 1.6248255968093872 252
1751206146220 2.950652837753296 253
1751206147176 1.3665554523468018 254
1751206148127 0.8236846327781677 255
1751206149070 0.9588474631309509 256
1751206149877 0.5543867349624634 257
1751206150844 1.247964859008789 258
1751206151794 1.203863501548767 259
1751206152793 1.9548925161361694 260
1751206153766 1.7530313730239868 261
1751206154684 0.8204615712165833 262
1751206155661 0.9932003617286682 263
1751206156586 0.8451849818229675 264
1751206157532 0.8242017030715942 265
1751206158464 0.5361775755882263 266
1751206159435 0.6754789352416992 267
1751206160385 0.8932393193244934 268
1751206161337 1.0794347524642944 269
1751206162155 1.0982862710952759 270
1751206163165 1.0243316888809204 271
1751206164172 0.8724600672721863 272
1751206165104 0.8647627234458923 273
1751206166045 0.6404982805252075 274
1751206167061 0.7447437644004822 275
1751206168000 0.8706890344619751 276
1751206168986 1.8352104425430298 277
1751206169915 1.2021658420562744 278
1751206171093 1.171550989151001 279
1751206172058 0.7420798540115356 280
1751206172980 0.8480793237686157 281
1751206173935 0.8772897124290466 282
1751206174881 0.93073570728302 283
1751206175820 0.7166863083839417 284
1751206176780 0.6701936721801758 285
1751206177713 1.1620807647705078 286
1751206178659 0.8334335684776306 287
1751206179466 1.3200615644454956 288
1751206180433 1.2481588125228882 289
1751206181376 1.1440542936325073 290
1751206182218 1.2802462577819824 291
1751206183156 2.375951051712036 292
1751206184083 0.9854159355163574 293
1751206185062 0.6833412051200867 294
1751206185992 1.070243239402771 295
1751206186910 0.24015198647975922 296
1751206187897 1.0443730354309082 297
1751206188703 1.2826311588287354 298
1751206189543 0.9318854808807373 299
1751206190489 0.6998583674430847 300
1751206191465 0.6840164065361023 301
1751206192426 0.8417496681213379 302
1751206193360 0.5999093651771545 303
1751206194290 0.8298644423484802 304
1751206195237 0.546013355255127 305
1751206196194 1.3099009990692139 306
1751206197198 0.9861993789672852 307
1751206198146 2.844625473022461 308
1751206199136 0.6238865852355957 309
1751206200126 1.592042088508606 310
1751206201074 1.7017230987548828 311
1751206201998 0.8227489590644836 312
1751206202955 1.3670616149902344 313
1751206203898 1.190752625465393 314
1751206204853 0.9824224710464478 315
1751206205807 0.9911515116691589 316
1751206206746 0.915501594543457 317
1751206207765 1.1956392526626587 318
1751206208715 1.5078524351119995 319
1751206209665 3.4576797485351562 320
1751206210609 1.119040608406067 321
1751206211574 1.2538918256759644 322
1751206212561 1.2377748489379883 323
1751206213511 1.125611662864685 324
1751206214356 1.8258726596832275 325
1751206215297 1.138595461845398 326
1751206216277 1.0524410009384155 327
1751206217253 0.48981600999832153 328
1751206218196 1.0557327270507812 329
1751206219167 0.018260857090353966 330
1751206220164 0.6736692190170288 331
1751206221108 0.6616185903549194 332
1751206222074 0.5975735783576965 333
1751206223086 0.8042017221450806 334
1751206224037 1.9974710941314697 335
1751206224980 0.8700947165489197 336
1751206225913 0.870307981967926 337
1751206226884 0.7788057923316956 338
1751206227872 0.8471710085868835 339
1751206228837 0.1623723953962326 340
1751206229801 1.3827780485153198 341
1751206230737 0.8432509303092957 342
1751206231547 1.3037437200546265 343
1751206232477 0.7728649377822876 344
1751206233411 1.2504568099975586 345
1751206234346 1.010749101638794 346
1751206235301 0.951025128364563 347
1751206236287 0.8471383452415466 348
1751206237231 1.6680477857589722 349
1751206238167 1.0400667190551758 350
1751206239121 1.5087765455245972 351
1751206240071 1.2376304864883423 352
1751206241013 1.0030330419540405 353
1751206241982 1.0476078987121582 354
1751206242929 0.8992388844490051 355
1751206243898 1.5030220746994019 356
1751206244845 0.7735875248908997 357
1751206245792 0.9946361780166626 358
1751206246775 1.5958235263824463 359
1751206247742 0.8687124252319336 360
1751206248668 1.4380909204483032 361
1751206249621 0.9001766443252563 362
1751206250629 1.088022232055664 363
1751206251570 1.6410654783248901 364
1751206252526 1.542900562286377 365
1751206253462 1.0765907764434814 366
1751206254465 0.6981680989265442 367
1751206255423 1.2019621133804321 368
1751206256229 1.2937811613082886 369
1751206257171 0.7446077466011047 370
1751206258120 1.4301728010177612 371
1751206259058 1.3188915252685547 372
1751206260039 1.574821949005127 373
1751206261083 1.1960169076919556 374
1751206262024 0.7644516825675964 375
1751206262838 1.2929352521896362 376
1751206263837 1.0995286703109741 377
1751206264804 0.696030855178833 378
1751206265773 0.46902570128440857 379
1751206266749 1.0159300565719604 380
1751206267718 1.0867542028427124 381
1751206268695 0.7910550832748413 382
1751206269673 1.1570860147476196 383
1751206270620 0.9681760668754578 384
1751206271581 0.773791491985321 385
1751206272547 1.2548707723617554 386
1751206273503 1.359026551246643 387
1751206274450 0.8857616782188416 388
1751206275493 0.8133155703544617 389
1751206276463 1.640501618385315 390
1751206277403 1.1239402294158936 391
1751206278358 1.0255135297775269 392
1751206279333 0.7819029092788696 393
1751206280259 0.9895367622375488 394
1751206281062 1.3553155660629272 395
1751206282037 0.7010002136230469 396
1751206283018 1.005092978477478 397
1751206283991 1.3139548301696777 398
1751206284970 0.8227818608283997 399
1751206285910 1.496942162513733 400
1751206286887 1.3142832517623901 401
1751206287850 1.1385666131973267 402
1751206288839 0.7292512059211731 403
1751206289813 1.2819093465805054 404
1751206290801 0.712554395198822 405
1751206291754 0.8437566161155701 406
1751206292553 1.5302687883377075 407
1751206293536 0.7017208933830261 408
1751206294481 0.9887323379516602 409
1751206295436 0.9413586854934692 410
1751206296393 0.9548820853233337 411
1751206297346 1.342164397239685 412
1751206298291 0.6861018538475037 413
1751206299256 1.3785078525543213 414
1751206300249 0.7805209755897522 415
1751206301061 1.9112236499786377 416
1751206302006 0.8683444857597351 417
1751206302964 0.8004436492919922 418
1751206303911 1.1089377403259277 419
1751206304739 1.0163944959640503 420
1751206305684 0.8046247363090515 421
1751206306656 1.5906685590744019 422
1751206307596 1.1707077026367188 423
1751206308551 0.7637121081352234 424
1751206309499 0.2636703848838806 425
1751206310460 1.521600604057312 426
1751206311434 0.6973540186882019 427
1751206312228 1.22627854347229 428
1751206313160 1.3037978410720825 429
1751206314101 0.31046149134635925 430
1751206315043 1.1067004203796387 431
1751206315977 1.0951875448226929 432
1751206316940 1.1724456548690796 433
1751206317864 1.0530461072921753 434
1751206318814 0.6908310055732727 435
1751206319669 2.215761661529541 436
1751206320609 0.9049035906791687 437
1751206321564 1.2123281955718994 438
1751206322522 0.013441777788102627 439
1751206323500 1.0144588947296143 440
1751206324447 0.7613272070884705 441
1751206325405 1.6414600610733032 442
1751206326339 0.7293584942817688 443
1751206327274 0.8940721750259399 444
1751206328235 0.6704754829406738 445
1751206329210 0.8639122247695923 446
1751206330202 0.6780667901039124 447
1751206331143 0.7333661317825317 448
1751206332088 1.0463447570800781 449
1751206333045 0.6667603850364685 450
1751206333990 0.9754589200019836 451
1751206334935 1.3248814344406128 452
1751206335860 0.6603310704231262 453
1751206336783 1.0382529497146606 454
1751206337738 1.2102936506271362 455
1751206338687 0.9993064999580383 456
1751206339641 0.42867153882980347 457
1751206340639 0.7765213251113892 458
1751206341567 1.0856173038482666 459
1751206342527 1.1861495971679688 460
1751206343337 0.44962403178215027 461
1751206344291 0.8930109143257141 462
1751206345284 0.47686317563056946 463
1751206346234 1.0144178867340088 464
1751206347174 2.2596890926361084 465
1751206348113 0.6738069653511047 466
1751206349053 1.1669201850891113 467
1751206350004 1.2370349168777466 468
1751206350969 0.7778794169425964 469
1751206351765 1.1959943771362305 470
1751206352716 0.9765640497207642 471
1751206353682 1.2442487478256226 472
1751206354653 0.7068989276885986 473
1751206355649 1.1314769983291626 474
1751206356626 0.8433641791343689 475
1751206357597 0.6566315293312073 476
1751206358547 0.8860416412353516 477
1751206359510 0.7812818884849548 478
1751206360492 0.7393569350242615 479
1751206361426 0.8299177289009094 480
1751206362407 0.6051534414291382 481
1751206363215 2.183964490890503 482
1751206364200 1.7899540662765503 483
1751206365154 0.9664554595947266 484
1751206366099 0.7010309100151062 485
1751206367025 0.9699339270591736 486
1751206367971 1.5378162860870361 487
1751206368960 1.0113662481307983 488
1751206369925 1.3281906843185425 489
1751206370902 0.9468521475791931 490
1751206371855 1.089088797569275 491
1751206372819 1.3747719526290894 492
1751206373762 0.7095633745193481 493
1751206374587 1.0702177286148071 494
1751206375561 0.9895477294921875 495
1751206376532 0.6819287538528442 496
1751206377468 0.9643932580947876 497
1751206378421 0.7042331099510193 498
1751206379377 0.8870624899864197 499
1751206380355 1.3996871709823608 500
1751206381355 2.0417263507843018 501
1751206382169 1.6360119581222534 502
1751206383107 0.772221028804779 503
1751206384051 0.9427933096885681 504
1751206384886 2.033090829849243 505
1751206385872 1.2295364141464233 506
1751206386843 0.7357231378555298 507
1751206387827 1.351915955543518 508
1751206388642 1.2644563913345337 509
1751206389584 1.2926349639892578 510
1751206390546 0.9481037259101868 511
1751206391531 0.95062255859375 512
1751206392472 1.1967761516571045 513
1751206393434 0.6600252389907837 514
1751206394429 0.8060166239738464 515
1751206395412 0.632463276386261 516
1751206396377 1.065805196762085 517
1751206397256 1.8879035711288452 518
1751206398082 1.2832748889923096 519
1751206399024 0.5771684050559998 520
1751206399951 0.7444422841072083 521
1751206400897 1.2347431182861328 522
1751206401834 1.0276237726211548 523
1751206402825 0.9051033854484558 524
1751206403787 1.7041300535202026 525
1751206404740 0.8898820281028748 526
1751206405698 0.6484104990959167 527
1751206406656 0.9883521795272827 528
1751206407485 0.8052332997322083 529
1751206408443 1.2517666816711426 530
1751206409413 1.1857306957244873 531
1751206410346 1.7707830667495728 532
1751206411286 0.8935196995735168 533
1751206412273 1.2005127668380737 534
1751206413219 0.9956647753715515 535
1751206414156 1.0487140417099 536
1751206415116 0.8253280520439148 537
1751206416062 0.7838011980056763 538
1751206417002 0.5706203579902649 539
1751206417952 0.8258495926856995 540
1751206418888 1.1682096719741821 541
1751206419846 0.7081562876701355 542
1751206420784 0.5301626324653625 543
1751206421595 0.9637789130210876 544
1751206422562 1.1342270374298096 545
1751206423564 0.7578142285346985 546
1751206424514 1.7357101440429688 547
1751206425445 0.4855404794216156 548
1751206426384 1.0634921789169312 549
1751206427210 1.4534611701965332 550
1751206428148 1.0534939765930176 551
1751206429088 0.8152802586555481 552
1751206430027 0.6547189354896545 553
1751206430962 0.8705121278762817 554
1751206431939 1.1909103393554688 555
1751206432890 0.7154101729393005 556
1751206433910 0.7782368063926697 557
1751206434882 1.1744517087936401 558
1751206435832 1.3838797807693481 559
1751206436798 1.2674981355667114 560
1751206437731 1.1981756687164307 561
1751206438739 0.6333643198013306 562
1751206439686 0.5774973034858704 563
1751206440615 1.8578567504882812 564
1751206441630 0.8521268963813782 565
1751206442630 1.5381495952606201 566
1751206443571 0.55113685131073 567
1751206444528 1.1095227003097534 568
1751206445503 1.1753233671188354 569
1751206446462 0.9372560381889343 570
1751206447429 1.296112060546875 571
1751206448436 1.6332706212997437 572
1751206449375 1.356464147567749 573
1751206450331 0.7538813352584839 574
1751206451259 1.5416555404663086 575
1751206452194 0.5331792235374451 576
1751206453138 0.8383032083511353 577
1751206454103 0.937291145324707 578
1751206455048 1.1633102893829346 579
1751206456010 1.0562487840652466 580
1751206456937 0.8826419711112976 581
1751206457931 0.8842007517814636 582
1751206458910 1.464303970336914 583
1751206459756 1.3520469665527344 584
1751206460685 0.16169650852680206 585
1751206461653 0.7407762408256531 586
1751206462626 1.1680988073349 587
1751206463602 0.6863751411437988 588
1751206464524 0.9762169122695923 589
1751206465332 0.9913589358329773 590
1751206466362 0.7782743573188782 591
1751206467317 1.609756350517273 592
1751206468255 0.7187262773513794 593
1751206469222 0.7778109908103943 594
1751206470246 0.3271551728248596 595
1751206471270 2.019498109817505 596
1751206472226 0.9040881991386414 597
1751206473191 1.5154048204421997 598
1751206474048 1.1941369771957397 599
1751206475006 1.3393608331680298 600
1751206475797 1.9403133392333984 601
1751206476733 0.42642951011657715 602
1751206477705 1.3515998125076294 603
1751206478635 1.094143271446228 604
1751206479576 0.9110174179077148 605
1751206480524 0.8990959525108337 606
1751206481459 1.0824683904647827 607
1751206482426 0.7871781587600708 608
1751206483261 2.6887595653533936 609
1751206484209 1.8122609853744507 610
1751206485156 1.438309669494629 611
1751206486099 1.1973649263381958 612
1751206487052 2.0431067943573 613
1751206488029 2.2202842235565186 614
1751206488985 1.147262454032898 615
1751206489955 0.6629436612129211 616
1751206490932 0.8831461071968079 617
1751206492115 1.218623161315918 618
1751206493049 0.9907121658325195 619
1751206494003 0.7286848425865173 620
1751206494963 0.5737760066986084 621
1751206495970 0.8397535681724548 622
1751206496915 0.8725913166999817 623
1751206497860 0.7927983999252319 624
1751206498808 2.692941427230835 625
1751206499782 1.6728705167770386 626
1751206500726 0.7876496911048889 627
1751206501680 0.9638237953186035 628
1751206502643 1.0392420291900635 629
1751206503644 1.0837815999984741 630
1751206504672 2.253504991531372 631
1751206505633 0.6874229311943054 632
1751206506601 1.0125283002853394 633
1751206507583 0.5637781620025635 634
1751206508583 1.333563208580017 635
1751206509545 0.8784458041191101 636
1751206510500 0.8688350915908813 637
1751206511358 1.8598946332931519 638
1751206512336 0.8796278238296509 639
1751206513354 0.9946840405464172 640
1751206514298 1.3049732446670532 641
1751206515280 0.021833006292581558 642
1751206516282 0.6458837985992432 643
1751206517254 0.6730528473854065 644
1751206518190 1.1271631717681885 645
1751206519167 0.39167681336402893 646
1751206520116 1.3609665632247925 647
1751206521065 1.5475221872329712 648
1751206522017 1.0621525049209595 649
1751206522973 2.0425822734832764 650
1751206523957 1.3297829627990723 651
1751206524774 0.9970245361328125 652
1751206525743 0.7211182713508606 653
1751206526697 1.7573333978652954 654
1751206527690 1.3162997961044312 655
1751206528685 0.5358919501304626 656
1751206529518 1.941087007522583 657
1751206530516 0.7288026809692383 658
1751206531328 1.1627330780029297 659
1751206532292 0.8898910880088806 660
1751206533241 0.7728492617607117 661
1751206534216 1.1590967178344727 662
1751206535277 0.6703156232833862 663
1751206536222 0.6668633818626404 664
1751206537216 0.6001590490341187 665
1751206538156 0.9056796431541443 666
1751206539121 0.521783173084259 667
1751206540066 0.6876373291015625 668
1751206541033 1.2163499593734741 669
1751206541992 0.7741765379905701 670
1751206542943 0.789340615272522 671
1751206543879 0.600508451461792 672
1751206544826 1.484997272491455 673
1751206545809 0.9918016195297241 674
1751206546781 1.1395184993743896 675
1751206547715 0.9479348063468933 676
1751206548648 0.7197314500808716 677
1751206549616 0.7486002445220947 678
1751206550582 1.746348261833191 679
1751206551551 1.4943057298660278 680
1751206552495 0.8931768536567688 681
1751206553434 0.5016502737998962 682
1751206554411 0.5672788023948669 683
1751206555219 1.0525238513946533 684
1751206556084 1.962647795677185 685
1751206557067 0.9779077768325806 686
1751206558070 0.8696079254150391 687
1751206559033 0.8271288275718689 688
1751206560016 1.1439974308013916 689
1751206560955 0.9519033432006836 690
1751206561925 0.5068539381027222 691
1751206562870 0.7450570464134216 692
1751206563803 0.9724704623222351 693
1751206564741 0.9922540783882141 694
1751206565702 0.5320222973823547 695
1751206566699 1.1076449155807495 696
1751206567658 1.4782962799072266 697
1751206568583 1.1079105138778687 698
1751206569569 0.8346895575523376 699
1751206570564 0.7052565217018127 700
1751206571523 0.6492809653282166 701
1751206572549 1.144868016242981 702
1751206573516 1.0947550535202026 703
1751206574317 0.022624218836426735 704
1751206575278 0.6246012449264526 705
1751206576241 0.8306911587715149 706
1751206577189 0.5918458104133606 707
1751206578152 1.2662816047668457 708
1751206579126 0.8142320513725281 709
1751206580096 0.9380553364753723 710
1751206581063 1.1268446445465088 711
1751206582017 0.7659021615982056 712
1751206582994 1.4653383493423462 713
1751206583954 1.25702702999115 714
1751206584943 1.045989751815796 715
1751206585731 0.9550857543945312 716
1751206586517 1.0624504089355469 717
1751206587453 0.7034584879875183 718
1751206588422 0.6318171620368958 719
1751206589392 1.3037298917770386 720
1751206590214 1.431391954421997 721
1751206591181 0.7045512795448303 722
1751206592199 1.1321141719818115 723
1751206593151 0.9578434824943542 724
1751206594076 0.8569861650466919 725
1751206595012 2.237569570541382 726
1751206595983 0.6930937767028809 727
1751206596983 1.4141813516616821 728
1751206597811 1.268401026725769 729
1751206598749 0.9506086707115173 730
1751206599720 1.0959542989730835 731
1751206600688 0.6661605834960938 732
1751206601686 0.35283538699150085 733
1751206602668 1.238014578819275 734
1751206603611 0.9028038382530212 735
1751206604561 0.7786162495613098 736
1751206605508 0.7129127383232117 737
1751206606338 1.3259668350219727 738
1751206607294 0.5493026375770569 739
1751206608282 1.4049105644226074 740
1751206609296 0.8259726762771606 741
1751206610268 1.0334783792495728 742
1751206611257 0.9691279530525208 743
1751206612212 1.6687148809432983 744
1751206613228 0.9985596537590027 745
1751206614199 1.6820573806762695 746
1751206615139 0.6528527736663818 747
1751206616095 0.8049041628837585 748
1751206617048 1.1473397016525269 749
1751206618055 0.6163803935050964 750
1751206618999 1.1990503072738647 751
1751206620001 0.7349329590797424 752
1751206620973 1.2947471141815186 753
1751206621968 0.7332718968391418 754
1751206622930 0.7038288116455078 755
1751206623890 1.1400760412216187 756
1751206624876 0.9356088638305664 757
1751206625819 2.3271543979644775 758
1751206626773 0.9388427734375 759
1751206627734 0.6405750513076782 760
1751206628690 0.2010868489742279 761
1751206629645 0.8647163510322571 762
1751206630599 0.7837756872177124 763
1751206631557 0.6331311464309692 764
1751206632728 1.5303542613983154 765
1751206633660 0.8927668929100037 766
1751206634603 0.671050488948822 767
1751206635567 0.07091297209262848 768
1751206636597 2.097870349884033 769
1751206637560 0.8660537600517273 770
1751206638549 0.6621077656745911 771
1751206639491 0.7119536399841309 772
1751206640454 1.2892109155654907 773
1751206641477 0.6857540011405945 774
1751206642470 0.8214606642723083 775
1751206643286 1.3408077955245972 776
1751206644232 1.3496630191802979 777
1751206645180 1.037091612815857 778
1751206646120 0.7523940801620483 779
1751206647129 0.14938552677631378 780
1751206648081 0.14136356115341187 781
1751206649065 0.6019821166992188 782
1751206650048 1.446947693824768 783
1751206650979 0.9810420274734497 784
1751206651949 1.3280788660049438 785
1751206652942 0.686116099357605 786
1751206653906 0.7502838969230652 787
1751206654886 1.5779314041137695 788
1751206655848 0.985176682472229 789
1751206656887 0.8125457167625427 790
1751206658007 0.9735720753669739 791
1751206659031 0.8187782168388367 792
1751206660033 1.2401564121246338 793
1751206660975 0.6134946942329407 794
1751206662011 0.7682702541351318 795
1751206663129 1.008185863494873 796
1751206664094 0.31887802481651306 797
1751206665156 0.9784502387046814 798
1751206666134 0.6861896514892578 799
1751206667074 0.773296058177948 800
1751206668064 0.5892845988273621 801
1751206669110 1.0811251401901245 802
1751206670232 1.0387117862701416 803
1751206671229 1.3571456670761108 804
1751206672180 1.4634686708450317 805
1751206673153 1.0366853475570679 806
1751206674206 0.7010769248008728 807
1751206675155 1.8525980710983276 808
1751206676099 1.019395112991333 809
1751206677036 1.3515037298202515 810
1751206677992 1.4641460180282593 811
1751206679002 0.6073192954063416 812
1751206679944 1.9225069284439087 813
1751206680873 0.8311737179756165 814
1751206681839 0.5707513689994812 815
1751206682773 1.3678640127182007 816
1751206683753 0.6904655694961548 817
1751206684603 1.318760633468628 818
1751206685546 0.7618780136108398 819
1751206686540 0.9104307293891907 820
1751206687484 0.884503960609436 821
1751206688451 0.22435666620731354 822
1751206689401 0.8619108200073242 823
1751206690369 0.6570243239402771 824
1751206691312 1.186242938041687 825
1751206692252 0.5798434615135193 826
1751206693071 1.656798243522644 827
1751206694031 0.8020855784416199 828
1751206694999 0.9761354327201843 829
1751206695989 0.5204658508300781 830
1751206696953 0.9407866597175598 831
1751206697976 0.7352332472801208 832
1751206698948 1.3655986785888672 833
1751206699904 0.7882489562034607 834
1751206700904 0.635260283946991 835
1751206701854 0.8292078375816345 836
1751206702820 1.4102429151535034 837
1751206703843 1.1237319707870483 838
1751206704820 0.6178308725357056 839
1751206705793 1.503010630607605 840
1751206706750 1.1054316759109497 841
1751206707727 1.148240089416504 842
1751206708674 0.9369074106216431 843
1751206709623 0.8551949858665466 844
1751206710572 1.243678331375122 845
1751206711565 1.0921353101730347 846
1751206712527 0.6284651756286621 847
1751206713489 0.7474038600921631 848
1751206714437 1.0599173307418823 849
1751206715416 0.8510845303535461 850
1751206716353 0.9901129007339478 851
1751206717136 2.0748069286346436 852
1751206717939 0.9242518544197083 853
1751206718960 0.6628979444503784 854
1751206719914 1.1908611059188843 855
1751206720857 1.2298482656478882 856
1751206721889 1.5392979383468628 857
1751206722833 1.1589056253433228 858
1751206723678 1.0939991474151611 859
1751206724638 1.122735857963562 860
1751206725659 1.3423399925231934 861
1751206726611 1.265682578086853 862
1751206727563 0.9342646598815918 863
1751206728550 1.0241883993148804 864
1751206729365 1.4907820224761963 865
1751206730313 0.8605865836143494 866
1751206731298 1.0888111591339111 867
1751206732653 0.9545496702194214 868
1751206733588 0.7545593976974487 869
1751206734527 0.6857186555862427 870
1751206735474 1.4821784496307373 871
1751206736444 0.9894909262657166 872
1751206737407 0.5236615538597107 873
1751206738209 0.8932815790176392 874
1751206739154 1.5236033201217651 875
1751206740158 0.4838445484638214 876
1751206741146 1.3628275394439697 877
1751206742142 0.6163472533226013 878
1751206743078 0.9901239275932312 879
1751206744050 1.5849847793579102 880
1751206745044 0.6677624583244324 881
1751206746023 0.7357987761497498 882
1751206746818 0.14520296454429626 883
1751206747812 1.0039801597595215 884
1751206748747 0.7064871788024902 885
1751206749709 1.0088142156600952 886
1751206750682 1.0377905368804932 887
1751206751648 0.8034197092056274 888
1751206752624 0.5591054558753967 889
1751206753566 0.11818985641002655 890
1751206754547 0.7994300127029419 891
1751206755507 0.9414666295051575 892
1751206756509 0.4750129282474518 893
1751206757465 1.5250235795974731 894
1751206758437 1.0005664825439453 895
1751206759403 1.3262907266616821 896
1751206760339 0.8131200671195984 897
1751206761322 0.6617535352706909 898
1751206762255 0.6440181136131287 899
1751206763200 0.18909527361392975 900
1751206764143 0.902827262878418 901
1751206765084 0.7244980335235596 902
1751206766057 0.8853864073753357 903
1751206767020 1.5173674821853638 904
1751206767955 0.8280081152915955 905
1751206768937 0.7968964576721191 906
1751206769917 1.1914726495742798 907
1751206770894 0.7778072953224182 908
1751206771720 0.6448346972465515 909
1751206772692 0.6125664114952087 910
1751206773672 0.611698567867279 911
1751206774633 0.7540304064750671 912
1751206775556 0.9266563653945923 913
1751206776513 1.0741913318634033 914
1751206777457 0.7405945062637329 915
1751206778420 0.6702169179916382 916
1751206779363 0.7412649989128113 917
1751206780343 1.82893967628479 918
1751206781319 1.1803792715072632 919
1751206782279 0.795994222164154 920
1751206783241 0.9583428502082825 921
1751206784185 1.0695749521255493 922
1751206785146 0.5465942621231079 923
1751206786092 1.0854800939559937 924
1751206787071 0.7523501515388489 925
1751206788058 0.666998565196991 926
1751206789043 0.7007449269294739 927
1751206790006 0.9324559569358826 928
1751206790951 1.6962865591049194 929
1751206791749 1.0746663808822632 930
1751206792738 0.7542273998260498 931
1751206793695 1.083091139793396 932
1751206794635 0.9547742009162903 933
1751206795577 1.0372732877731323 934
1751206796527 0.6334026455879211 935
1751206797482 0.9236482977867126 936
1751206798528 0.661351203918457 937
1751206799468 1.133795142173767 938
1751206800411 0.6022997498512268 939
1751206801342 1.9652423858642578 940
1751206802282 0.8830469250679016 941
1751206803211 1.2641607522964478 942
1751206804163 0.5263263583183289 943
1751206805101 1.790552020072937 944
1751206806055 0.935856819152832 945
1751206807003 1.2715812921524048 946
1751206807977 0.8422150015830994 947
1751206808941 0.6061630249023438 948
1751206809879 1.4445255994796753 949
1751206810832 1.4048460721969604 950
1751206811775 1.309140682220459 951
1751206812763 0.8522992134094238 952
1751206813724 0.8574985861778259 953
1751206814675 1.151945948600769 954
1751206815634 0.9520705342292786 955
1751206816577 2.5277745723724365 956
1751206817444 1.5647704601287842 957
1751206818477 0.37875255942344666 958
1751206819423 0.7842699885368347 959
1751206820426 0.6439905166625977 960
1751206821396 1.2425850629806519 961
1751206822337 3.4638593196868896 962
1751206823314 1.1050487756729126 963
1751206824243 0.9610351920127869 964
1751206825218 0.7325672507286072 965
1751206826188 1.6250439882278442 966
1751206827031 1.4113832712173462 967
1751206827983 0.7371107935905457 968
1751206828934 1.096612572669983 969
1751206829941 0.7888078689575195 970
1751206830888 0.5938851237297058 971
1751206831713 2.4150960445404053 972
1751206832680 0.8057668805122375 973
1751206833621 1.0826597213745117 974
1751206834563 1.0413389205932617 975
1751206835508 0.9485616087913513 976
1751206836454 1.022323489189148 977
1751206837419 0.4194929301738739 978
1751206838445 0.7111037969589233 979
1751206839388 0.7596040964126587 980
1751206840188 1.351302146911621 981
1751206841131 1.0770334005355835 982
1751206842087 1.0810266733169556 983
1751206843065 0.9008476138114929 984
1751206844048 1.4824069738388062 985
1751206844987 1.2446528673171997 986
1751206845939 1.2026193141937256 987
1751206846983 1.0471340417861938 988
1751206847928 0.9032171368598938 989
1751206848876 0.846566379070282 990
1751206849856 0.300628125667572 991
1751206850694 1.0580271482467651 992
1751206851632 0.9009180068969727 993
1751206852655 0.8571068048477173 994
1751206853622 1.0279629230499268 995
1751206854461 1.5643385648727417 996
1751206855377 0.9378256797790527 997
1751206856318 1.0999679565429688 998
1751206857253 1.3426481485366821 999
1751206858223 1.5984224081039429 1000
1751206859027 0.05092683807015419 1001
1751206859976 0.7415070533752441 1002
1751206860932 0.6520239114761353 1003
1751206861905 0.8335729837417603 1004
1751206862882 1.010264277458191 1005
1751206863853 0.7581954598426819 1006
1751206864833 1.0000680685043335 1007
1751206865816 1.3144413232803345 1008
1751206866753 0.7611061334609985 1009
1751206867680 0.720421552658081 1010
1751206868619 0.9234067797660828 1011
1751206869553 0.7125175595283508 1012
1751206870513 0.9286772608757019 1013
1751206871358 1.8214302062988281 1014
1751206872336 0.999555230140686 1015
1751206873321 0.6761950850486755 1016
1751206874278 0.849079430103302 1017
1751206875242 1.4889013767242432 1018
1751206876067 3.115375280380249 1019
1751206877071 0.9574101567268372 1020
1751206878028 0.6368634700775146 1021
1751206878969 0.8582525253295898 1022
1751206879965 0.5473502278327942 1023
1751206881017 2.160600423812866 1024
1751206881973 1.1368731260299683 1025
1751206882953 0.8876285552978516 1026
1751206883787 1.4489415884017944 1027
1751206884752 1.452186942100525 1028
1751206885735 0.6214253902435303 1029
1751206886694 0.7046831250190735 1030
1751206887677 1.2725635766983032 1031
1751206888630 1.1864676475524902 1032
1751206889582 1.8188093900680542 1033
1751206890415 1.3871763944625854 1034
1751206891231 2.1247060298919678 1035
1751206892166 1.0413175821304321 1036
1751206893185 0.9714345932006836 1037
1751206894187 1.2472896575927734 1038
1751206895205 1.1811808347702026 1039
1751206896031 1.063555121421814 1040
1751206897000 1.1684683561325073 1041
1751206897996 1.6296453475952148 1042
1751206898961 1.2447413206100464 1043
1751206899967 1.4424505233764648 1044
1751206900986 0.9488967061042786 1045
1751206901938 1.9539698362350464 1046
1751206902903 0.35035061836242676 1047
1751206903888 1.1708999872207642 1048
1751206904825 0.8374576568603516 1049
1751206905663 0.9616993069648743 1050
1751206906631 1.0843256711959839 1051
1751206907609 0.9954418540000916 1052
1751206908581 0.6989078521728516 1053
1751206909550 0.17550769448280334 1054
1751206910535 0.9164890646934509 1055
1751206911358 0.4088561236858368 1056
1751206912351 1.3785879611968994 1057
1751206913354 0.713232159614563 1058
1751206914338 1.7689087390899658 1059
1751206915309 1.2720621824264526 1060
1751206916269 0.7933079600334167 1061
1751206917093 1.2452123165130615 1062
1751206917949 1.3097888231277466 1063
1751206918898 1.2347654104232788 1064
1751206919721 1.2249295711517334 1065
1751206920654 0.9288868308067322 1066
1751206921598 0.7741008996963501 1067
1751206922561 0.9117484092712402 1068
1751206923533 0.681339681148529 1069
1751206924542 0.9164990186691284 1070
1751206925515 0.824616551399231 1071
1751206926460 0.7845538258552551 1072
1751206927485 1.2117178440093994 1073
1751206928313 1.3275444507598877 1074
1751206929282 1.0065423250198364 1075
1751206930211 0.7253801822662354 1076
1751206931149 0.8548775911331177 1077
1751206932086 0.8001529574394226 1078
1751206933034 0.557979941368103 1079
1751206933999 1.4460042715072632 1080
1751206934942 0.8709598779678345 1081
1751206935933 1.072342872619629 1082
1751206936905 0.5983123779296875 1083
1751206938081 0.8874091506004333 1084
1751206939022 0.9516804814338684 1085
1751206939868 1.97283935546875 1086
1751206940822 0.6030619740486145 1087
1751206941772 0.8226495981216431 1088
1751206942749 0.6691017746925354 1089
1751206943700 1.2015116214752197 1090
1751206944638 1.0225886106491089 1091
1751206945484 0.955382764339447 1092
1751206946475 2.4261271953582764 1093
1751206947356 0.800332248210907 1094
1751206948171 1.748820185661316 1095
1751206949126 1.5179667472839355 1096
1751206950051 1.2723277807235718 1097
1751206951016 0.7320967316627502 1098
1751206951978 1.5662192106246948 1099
1751206952944 1.7586029767990112 1100
1751206953892 1.3541556596755981 1101
1751206954872 1.2790318727493286 1102
1751206955835 0.6828399896621704 1103
1751206956826 1.3542405366897583 1104
1751206957783 0.6838971376419067 1105
1751206958730 1.6304396390914917 1106
1751206959688 0.7147327661514282 1107
1751206960646 1.2299602031707764 1108
1751206961592 1.0047401189804077 1109
1751206962554 0.7783971428871155 1110
1751206963557 1.3971842527389526 1111
1751206964533 0.8710484504699707 1112
1751206965468 1.4343969821929932 1113
1751206966445 0.9481680989265442 1114
1751206967416 0.7605905532836914 1115
1751206968358 1.0278071165084839 1116
1751206969319 0.6317041516304016 1117
1751206970267 0.7721831202507019 1118
1751206971238 1.1734929084777832 1119
1751206972243 0.8296344876289368 1120
1751206973195 0.6250105500221252 1121
1751206974192 0.8981208801269531 1122
1751206975154 1.446790099143982 1123
1751206976106 0.6604045033454895 1124
1751206977050 1.1223137378692627 1125
1751206977897 1.0994709730148315 1126
1751206978838 1.5905542373657227 1127
1751206979783 0.7977375984191895 1128
1751206980727 1.6290225982666016 1129
1751206981671 0.563676655292511 1130
1751206982625 0.34910547733306885 1131
1751206983620 1.0829828977584839 1132
1751206984574 0.7223313450813293 1133
1751206985411 2.541651487350464 1134
1751206986382 0.9418714642524719 1135
1751206987368 1.4080007076263428 1136
1751206988325 1.440772533416748 1137
1751206989286 0.8211971521377563 1138
1751206990237 0.7653203010559082 1139
1751206991045 1.518136739730835 1140
1751206992022 1.0148295164108276 1141
1751206993004 0.6740556359291077 1142
1751206993963 1.0317211151123047 1143
1751206994923 0.8235136866569519 1144
1751206995899 1.3814232349395752 1145
1751206996860 1.1179202795028687 1146
1751206997807 0.568370521068573 1147
1751206998760 1.1671093702316284 1148
1751206999577 0.07313442975282669 1149
1751207000401 1.480112910270691 1150
1751207001337 0.022687766700983047 1151
1751207002274 0.9064226150512695 1152
1751207003242 0.6191911697387695 1153
1751207004271 1.0238051414489746 1154
1751207005261 0.9727325439453125 1155
1751207006229 0.8205417394638062 1156
1751207007195 0.953170120716095 1157
1751207008133 1.1068181991577148 1158
1751207009089 1.4389946460723877 1159
1751207010056 0.7197351455688477 1160
1751207011014 0.7213597297668457 1161
1751207011974 0.6963825821876526 1162
1751207012989 1.4675352573394775 1163
1751207013928 1.0401066541671753 1164
1751207014922 1.6165512800216675 1165
1751207015760 1.2611708641052246 1166
1751207016763 0.7351541519165039 1167
1751207017709 1.05772066116333 1168
1751207018553 2.971513509750366 1169
1751207019530 1.0888338088989258 1170
1751207020532 0.6156297922134399 1171
1751207021483 0.9642660021781921 1172
1751207022478 0.9170209765434265 1173
1751207023431 1.089572548866272 1174
1751207024260 1.0926176309585571 1175
1751207025218 1.0129088163375854 1176
1751207026160 1.3842295408248901 1177
1751207027159 0.6547520160675049 1178
1751207028102 0.6773072481155396 1179
1751207029060 1.0826958417892456 1180
1751207030015 1.14773428440094 1181
1751207030964 0.15502861142158508 1182
1751207031793 0.8507793545722961 1183
1751207032802 0.7739669680595398 1184
1751207033611 0.8070579767227173 1185
1751207034412 1.4097040891647339 1186
1751207035375 0.782008945941925 1187
1751207036317 1.0790036916732788 1188
1751207037286 0.845691978931427 1189
1751207038255 1.0593883991241455 1190
1751207039198 1.2165567874908447 1191
1751207040151 1.3618355989456177 1192
1751207041191 0.828967273235321 1193
1751207042017 0.72733074426651 1194
1751207042994 0.7505272626876831 1195
1751207043952 1.43478524684906 1196
1751207044932 0.8019521832466125 1197
1751207045885 2.497450351715088 1198
1751207046840 0.8316224217414856 1199
1751207047630 1.1250041723251343 1200
1751207048577 0.9232032895088196 1201
1751207049551 1.208125114440918 1202
1751207050518 0.9878303408622742 1203
1751207051466 0.8267218470573425 1204
1751207052414 1.5739803314208984 1205
1751207053385 0.6285889148712158 1206
1751207054398 0.8635612726211548 1207
1751207055401 0.7223192453384399 1208
1751207056338 1.0881704092025757 1209
1751207057293 1.2375587224960327 1210
1751207058245 1.0398353338241577 1211
1751207059181 1.9341367483139038 1212
1751207060180 1.5881054401397705 1213
1751207061111 1.3869686126708984 1214
1751207062090 1.4543230533599854 1215
1751207063044 1.3628712892532349 1216
1751207063990 0.6933532357215881 1217
1751207064938 0.9040971994400024 1218
1751207065878 0.7098227739334106 1219
1751207066820 1.124853491783142 1220
1751207067775 1.0042786598205566 1221
1751207068745 1.1264489889144897 1222
1751207069734 0.7539679408073425 1223
1751207070937 0.6629448533058167 1224
1751207071909 0.7196037173271179 1225
1751207072866 0.7949223518371582 1226
1751207073811 1.2682982683181763 1227
1751207074773 0.1423010528087616 1228
1751207075720 1.217140555381775 1229
1751207076698 0.7970409989356995 1230
1751207077648 0.7391732335090637 1231
1751207078584 2.088526964187622 1232
1751207079555 1.3587502241134644 1233
1751207080492 0.6307168006896973 1234
1751207081460 1.0374282598495483 1235
1751207082444 0.6797477006912231 1236
1751207083320 1.9691810607910156 1237
1751207084287 1.4050718545913696 1238
1751207085258 0.9379350543022156 1239
1751207086230 0.6920545697212219 1240
1751207087057 1.113998293876648 1241
1751207088137 1.4166735410690308 1242
1751207089110 1.2001279592514038 1243
1751207090113 0.9168201684951782 1244
1751207090964 3.7378642559051514 1245
1751207091912 0.6973059773445129 1246
1751207092813 1.4018644094467163 1247
1751207093804 1.5167453289031982 1248
1751207094767 0.6809244751930237 1249
1751207095725 1.1603151559829712 1250
1751207096695 0.7192094326019287 1251
1751207097681 1.2643215656280518 1252
1751207098636 1.0932101011276245 1253
1751207099574 1.0393565893173218 1254
1751207100508 0.6817375421524048 1255
1751207101513 0.9977784156799316 1256
1751207102564 1.1271965503692627 1257
1751207103519 0.7324573397636414 1258
1751207104464 0.6528299450874329 1259
1751207105415 0.7217873930931091 1260
1751207106358 1.4470500946044922 1261
1751207107171 1.4256147146224976 1262
1751207108152 1.0171889066696167 1263
1751207109108 0.8885370492935181 1264
1751207110107 0.9050437808036804 1265
1751207111072 0.8301620483398438 1266
1751207112045 0.5976390242576599 1267
1751207113056 1.2686289548873901 1268
1751207114008 0.9872404336929321 1269
1751207114978 1.0257784128189087 1270
1751207115935 1.069275140762329 1271
1751207116893 1.2308228015899658 1272
1751207117878 1.0904146432876587 1273
1751207118822 0.16180819272994995 1274
1751207119821 0.929604172706604 1275
1751207120773 0.8183804750442505 1276
1751207121788 0.8035006523132324 1277
1751207122739 0.8249870538711548 1278
1751207123700 0.6008315086364746 1279
1751207124664 1.4978388547897339 1280
1751207125476 2.305842876434326 1281
1751207126339 1.5638914108276367 1282
1751207127281 0.8304725885391235 1283
1751207128237 0.6260420083999634 1284
1751207129199 0.6144533157348633 1285
1751207130157 0.8941255807876587 1286
1751207131147 1.300806999206543 1287
1751207132128 0.5780181884765625 1288
1751207133097 1.1141142845153809 1289
1751207134057 0.8126370310783386 1290
1751207135087 0.7000218629837036 1291
1751207136045 2.8049628734588623 1292
1751207136992 0.8557921648025513 1293
1751207137940 0.7206650376319885 1294
1751207138886 0.8536224365234375 1295
1751207139853 1.0426037311553955 1296
1751207140804 1.2181400060653687 1297
1751207141759 0.9071122407913208 1298
1751207142745 2.4008004665374756 1299
1751207143685 1.8719673156738281 1300
1751207144739 0.9930471777915955 1301
1751207145696 0.9828214049339294 1302
1751207146633 0.8846494555473328 1303
1751207147586 0.6136785745620728 1304
1751207148567 0.6083577275276184 1305
1751207149518 2.180921792984009 1306
1751207150477 1.2541583776474 1307
1751207151430 1.160012125968933 1308
1751207152384 0.9641885757446289 1309
1751207153344 0.8089092373847961 1310
1751207154325 1.2385724782943726 1311
1751207155259 1.8693567514419556 1312
1751207156193 1.0789932012557983 1313
1751207157152 1.0071995258331299 1314
1751207158102 0.6225531697273254 1315
1751207159054 1.3323583602905273 1316
1751207159864 0.3546207547187805 1317
1751207160806 0.8277192115783691 1318
1751207161797 0.2596457004547119 1319
1751207162766 1.4993606805801392 1320
1751207163745 0.9184646606445312 1321
1751207164694 0.26346248388290405 1322
1751207165551 1.5212678909301758 1323
1751207166482 0.8686827421188354 1324
1751207167425 0.6863934993743896 1325
1751207168387 1.038142204284668 1326
1751207169374 1.0804052352905273 1327
1751207170318 0.6812043786048889 1328
1751207171271 0.8235654830932617 1329
1751207172230 0.5923460125923157 1330
1751207173192 1.073891282081604 1331
1751207174148 0.5112113356590271 1332
1751207175093 2.1570534706115723 1333
1751207176052 0.8900108337402344 1334
1751207177005 0.8533105850219727 1335
1751207178032 0.9917873740196228 1336
1751207178987 0.7250118851661682 1337
1751207179975 1.062829613685608 1338
1751207180913 1.0163681507110596 1339
1751207181890 0.7547545433044434 1340
1751207182860 2.2937228679656982 1341
1751207183835 1.2924096584320068 1342
1751207184825 0.9137077331542969 1343
1751207185762 1.0996384620666504 1344
1751207186725 0.9413227438926697 1345
1751207187693 0.8263387680053711 1346
1751207188651 1.5773392915725708 1347
1751207189603 0.6516539454460144 1348
1751207190592 0.7851036190986633 1349
1751207191543 0.7876620888710022 1350
1751207192485 0.5411769151687622 1351
1751207193446 1.295111894607544 1352
1751207194416 2.001497983932495 1353
1751207195391 0.8389884829521179 1354
1751207196367 0.7124334573745728 1355
1751207197327 0.7989878058433533 1356
1751207198320 0.9601591229438782 1357
1751207199293 0.9183830618858337 1358
1751207200249 0.9686565399169922 1359
1751207201161 2.7654645442962646 1360
1751207202134 0.5828074812889099 1361
1751207203094 2.11686372756958 1362
1751207204104 0.6867117285728455 1363
1751207205093 1.1995570659637451 1364
1751207206048 0.5206682085990906 1365
1751207207003 0.6608904004096985 1366
1751207207996 0.9266411066055298 1367
1751207208971 1.2092911005020142 1368
1751207209934 0.7703550457954407 1369
1751207210881 0.8948541879653931 1370
1751207211827 0.7804063558578491 1371
1751207212810 0.5764355659484863 1372
1751207213774 0.8361884951591492 1373
1751207214684 1.2832772731781006 1374
1751207215759 1.1607246398925781 1375
1751207216745 0.2976696789264679 1376
1751207217717 0.9697381258010864 1377
1751207218675 1.1263096332550049 1378
1751207219609 0.7113386988639832 1379
1751207220431 0.9600940942764282 1380
1751207221416 0.8978609442710876 1381
1751207222367 2.080125570297241 1382
1751207223330 1.728212594985962 1383
1751207224284 1.170325756072998 1384
1751207225211 0.743449866771698 1385
1751207226162 0.71547532081604 1386
1751207227122 0.9110038876533508 1387
1751207228081 0.690742015838623 1388
1751207229021 1.1072114706039429 1389
1751207229970 1.3405654430389404 1390
1751207230980 1.246477484703064 1391
1751207231803 1.639931321144104 1392
1751207232613 1.3706223964691162 1393
1751207233588 0.7847960591316223 1394
1751207234535 1.4052858352661133 1395
1751207235483 0.7006294131278992 1396
1751207236439 1.2758315801620483 1397
1751207237400 1.1520661115646362 1398
1751207238341 0.9750354886054993 1399
1751207239284 0.9009430408477783 1400
1751207240246 1.3320215940475464 1401
1751207241121 2.251500129699707 1402
1751207242062 0.9416508078575134 1403
1751207243003 0.6906246542930603 1404
1751207243969 1.164781093597412 1405
1751207244961 1.9687607288360596 1406
1751207245920 1.0720933675765991 1407
1751207246883 0.39888128638267517 1408
1751207247750 1.3894742727279663 1409
1751207248781 0.5859106183052063 1410
1751207249753 0.9005140662193298 1411
1751207250723 1.2187557220458984 1412
1751207251677 0.8557479977607727 1413
1751207252630 0.8836559653282166 1414
1751207253583 0.9589031338691711 1415
1751207254549 0.8925291299819946 1416
1751207255591 0.7513054013252258 1417
1751207256393 0.9125540852546692 1418
1751207257339 0.5763959884643555 1419
1751207258168 1.1564308404922485 1420
1751207259156 1.6423710584640503 1421
1751207260109 0.951585590839386 1422
1751207261082 0.8807655572891235 1423
1751207262083 0.976462185382843 1424
1751207263063 0.9853401184082031 1425
1751207264003 1.0295699834823608 1426
1751207264952 1.043750524520874 1427
1751207265941 0.6810449957847595 1428
1751207266958 0.8513185977935791 1429
1751207267780 1.1871365308761597 1430
1751207268730 0.7801211476325989 1431
1751207269765 0.8932494521141052 1432
1751207270704 1.0851677656173706 1433
1751207271643 0.7066136598587036 1434
1751207272641 0.9442435503005981 1435
1751207273626 0.9474169611930847 1436
1751207274584 1.242846965789795 1437
1751207275399 1.3418867588043213 1438
1751207276374 0.742464542388916 1439
1751207277357 1.0753730535507202 1440
1751207278288 0.6277240514755249 1441
1751207279275 0.935614287853241 1442
1751207280269 0.7952048182487488 1443
1751207281216 0.8641297221183777 1444
1751207282220 1.1942003965377808 1445
1751207283157 0.8950930833816528 1446
1751207283979 0.8762058615684509 1447
1751207284953 0.863940417766571 1448
1751207285908 0.7099130153656006 1449
1751207286984 0.6383845210075378 1450
1751207287794 1.255631446838379 1451
1751207288810 0.4092503786087036 1452
1751207289689 1.4041794538497925 1453
1751207290688 1.072975993156433 1454
1751207291636 1.3697123527526855 1455
1751207292599 1.23652982711792 1456
1751207293584 0.8759229779243469 1457
1751207294518 0.6995936036109924 1458
1751207295524 0.7585316300392151 1459
1751207296472 0.7167546153068542 1460
1751207297446 0.7960619330406189 1461
1751207298389 0.8231008648872375 1462
1751207299401 0.5948278903961182 1463
1751207300348 0.846871554851532 1464
1751207301329 0.6815306544303894 1465
1751207302271 1.1567175388336182 1466
1751207303229 1.0129526853561401 1467
1751207304204 0.3314321041107178 1468
1751207305147 1.0270485877990723 1469
1751207306093 1.0146726369857788 1470
1751207307084 0.8340598940849304 1471
1751207308046 0.6803502440452576 1472
1751207309017 1.9618078470230103 1473
1751207310002 1.2691287994384766 1474
1751207310994 1.5680850744247437 1475
1751207311955 0.7166717648506165 1476
1751207312926 0.7988314032554626 1477
1751207313730 1.606130838394165 1478
1751207314676 0.966441810131073 1479
1751207315633 1.0041608810424805 1480
1751207316615 2.6092498302459717 1481
1751207317556 0.652665913105011 1482
1751207318374 0.9150226712226868 1483
1751207319374 0.7917178869247437 1484
1751207320371 0.6690506339073181 1485
1751207321370 1.7363837957382202 1486
1751207322371 0.15109479427337646 1487
1751207323348 0.7899261116981506 1488
1751207324301 0.8165397644042969 1489
1751207325119 1.7293754816055298 1490
1751207326091 0.8234836459159851 1491
1751207327094 0.7955864667892456 1492
1751207328105 0.7842180132865906 1493
1751207329096 1.1402933597564697 1494
1751207330051 1.051126480102539 1495
1751207331019 0.8424461483955383 1496
1751207331867 1.7056583166122437 1497
1751207332833 2.194089651107788 1498
1751207333871 1.4043645858764648 1499
1751207334820 1.0041011571884155 1500
1751207335773 1.229743480682373 1501
1751207336737 1.4125549793243408 1502
1751207337725 1.3274552822113037 1503
1751207338974 0.9021381735801697 1504
1751207339923 0.8144187927246094 1505
1751207340753 1.328848958015442 1506
1751207341620 0.8679758310317993 1507
1751207342567 0.549191951751709 1508
1751207343591 0.873569130897522 1509
1751207344590 0.9013494849205017 1510
1751207345547 0.8992394804954529 1511
1751207346472 0.20261989533901215 1512
1751207347430 1.4707043170928955 1513
1751207348385 1.6533104181289673 1514
1751207349359 0.7382450103759766 1515
1751207350262 1.0330339670181274 1516
1751207351214 0.7503213882446289 1517
1751207352195 0.6900999546051025 1518
1751207353205 1.472254753112793 1519
1751207354182 0.6954997181892395 1520
1751207355197 1.2858500480651855 1521
1751207356144 0.646050751209259 1522
1751207357089 0.670384407043457 1523
1751207358060 0.6240475177764893 1524
1751207358999 0.6416316032409668 1525
1751207359969 0.9477658271789551 1526
1751207360936 0.9405011534690857 1527
1751207361889 0.9671356081962585 1528
1751207362890 0.6911898255348206 1529
1751207363860 0.4918784201145172 1530
1751207364843 1.1185863018035889 1531
1751207365842 0.6090574264526367 1532
1751207366814 1.9545350074768066 1533
1751207367771 0.8002434968948364 1534
1751207368742 0.6534821391105652 1535
1751207369762 1.1196889877319336 1536
1751207370727 0.9575675129890442 1537
1751207371697 0.9670530557632446 1538
1751207372499 0.9820870757102966 1539
1751207373448 1.026284098625183 1540
1751207374405 1.4703768491744995 1541
1751207375391 0.9705095291137695 1542
1751207376336 0.9692438840866089 1543
1751207377161 0.6130903959274292 1544
1751207378168 0.8537887930870056 1545
1751207379169 0.8976821899414062 1546
1751207380156 1.065032958984375 1547
1751207381117 1.0349798202514648 1548
1751207382135 0.8844489455223083 1549
1751207383098 1.073995590209961 1550
1751207384028 0.7695428133010864 1551
1751207384972 0.7464410066604614 1552
1751207385956 0.7682494521141052 1553
1751207386936 1.1479244232177734 1554
1751207387881 0.8832870721817017 1555
1751207388897 0.9063583612442017 1556
1751207389730 1.2370662689208984 1557
1751207390663 0.5605551600456238 1558
1751207391646 1.3413889408111572 1559
1751207392615 1.3597990274429321 1560
1751207393621 0.681078314781189 1561
1751207394583 1.097673773765564 1562
1751207395465 1.093087077140808 1563
1751207396407 0.825099766254425 1564
1751207397422 0.2593558430671692 1565
1751207398409 0.9686204791069031 1566
1751207399376 0.784367561340332 1567
1751207400333 0.9050331711769104 1568
1751207401268 0.6980698108673096 1569
1751207402109 1.4617878198623657 1570
1751207403069 0.8887651562690735 1571
1751207404026 1.2774641513824463 1572
1751207404971 0.7655135989189148 1573
1751207405962 0.5438132286071777 1574
1751207406926 0.7490264773368835 1575
1751207407890 0.9797609448432922 1576
1751207408878 0.87807697057724 1577
1751207409859 0.800103485584259 1578
1751207410852 0.6609789729118347 1579
1751207411810 0.42644593119621277 1580
1751207412769 0.6585197448730469 1581
1751207413737 1.3558722734451294 1582
1751207414560 1.1002651453018188 1583
1751207415507 1.6058800220489502 1584
1751207416450 1.1097005605697632 1585
1751207417433 0.9311780333518982 1586
1751207418400 0.9700285196304321 1587
1751207419389 0.5852121710777283 1588
1751207420403 0.93902188539505 1589
1751207421381 1.1273361444473267 1590
1751207422386 0.5671245455741882 1591
1751207423352 0.8014448285102844 1592
1751207424339 0.958465576171875 1593
1751207425289 0.8970233798027039 1594
1751207426249 0.8109344840049744 1595
1751207427271 0.8758930563926697 1596
1751207428222 0.8827752470970154 1597
1751207429184 0.7286823391914368 1598
1751207430126 3.6749508380889893 1599
1751207431108 0.1292201429605484 1600
1751207432078 0.8926235437393188 1601
1751207433027 0.46715492010116577 1602
1751207433979 0.7226957082748413 1603
1751207434923 0.8639631271362305 1604
1751207435857 1.164253830909729 1605
1751207436807 0.7385755777359009 1606
1751207437777 0.6615073084831238 1607
1751207438725 0.7007795572280884 1608
1751207439531 1.3142961263656616 1609
1751207440403 1.3329747915267944 1610
1751207441378 0.6030733585357666 1611
1751207442313 0.2949558198451996 1612
1751207443264 0.712539792060852 1613
1751207444214 0.6726484298706055 1614
1751207445163 0.8345896601676941 1615
1751207446097 0.7827490568161011 1616
1751207447089 1.0726145505905151 1617
1751207448076 1.4542280435562134 1618
1751207449086 0.5460854768753052 1619
1751207450092 0.6356620192527771 1620
1751207451074 0.7281723022460938 1621
1751207452017 0.8105322122573853 1622
1751207452964 0.7788213491439819 1623
1751207454207 1.5203626155853271 1624
1751207455031 0.3405132591724396 1625
1751207455856 0.9048171043395996 1626
1751207456815 0.6933498978614807 1627
1751207457784 0.9854820370674133 1628
1751207458772 0.6945021748542786 1629
1751207459735 1.1091166734695435 1630
1751207460749 0.8487967848777771 1631
1751207461765 0.9034174084663391 1632
1751207462737 1.286428689956665 1633
1751207463716 1.2310515642166138 1634
1751207464681 0.6458880305290222 1635
1751207465648 0.3341594934463501 1636
1751207466587 0.9056930541992188 1637
1751207467539 1.3648573160171509 1638
1751207468484 0.7794028520584106 1639
1751207469456 0.6436498761177063 1640
1751207470452 0.7354538440704346 1641
1751207471461 0.8908681273460388 1642
1751207472285 1.0545042753219604 1643
1751207473271 0.758265495300293 1644
1751207474234 1.4714652299880981 1645
1751207475219 0.8378388285636902 1646
1751207476214 0.9033422470092773 1647
1751207477216 0.814994752407074 1648
1751207478161 1.1989290714263916 1649
1751207479109 0.5996004343032837 1650
1751207480052 1.1783281564712524 1651
1751207481002 0.36477646231651306 1652
1751207481941 0.8241721987724304 1653
1751207482893 0.7997987866401672 1654
1751207483838 0.731533944606781 1655
1751207484798 0.794136106967926 1656
1751207485770 1.2760120630264282 1657
1751207486593 0.3424006402492523 1658
1751207487556 0.46524325013160706 1659
1751207488539 2.283491849899292 1660
1751207489522 0.8704007863998413 1661
1751207490523 1.0689737796783447 1662
1751207491525 1.2637313604354858 1663
1751207492427 1.4018261432647705 1664
1751207493393 0.43189477920532227 1665
1751207494397 1.1795859336853027 1666
1751207495347 2.0876963138580322 1667
1751207496339 0.6311554312705994 1668
1751207497294 0.6349508166313171 1669
1751207498286 0.619427502155304 1670
1751207499252 1.450318694114685 1671
1751207500221 0.6955581903457642 1672
1751207501175 0.8613978624343872 1673
1751207502172 1.0113229751586914 1674
1751207503131 0.8488344550132751 1675
1751207504132 1.3266487121582031 1676
1751207505082 0.9573332071304321 1677
1751207506054 0.9306392073631287 1678
1751207507056 0.45027342438697815 1679
1751207507889 1.0075660943984985 1680
1751207508832 0.7099887728691101 1681
1751207509789 0.9350878000259399 1682
1751207510733 1.5280113220214844 1683
1751207511735 0.8335117697715759 1684
1751207512717 1.2096048593521118 1685
1751207513692 0.6509495973587036 1686
1751207514631 0.9995573163032532 1687
1751207515666 0.7363612055778503 1688
1751207516605 1.1459277868270874 1689
1751207517567 1.0220268964767456 1690
1751207518538 0.8668961524963379 1691
1751207519519 1.4056942462921143 1692
1751207520449 0.6999664306640625 1693
1751207521409 0.9416786432266235 1694
1751207522421 1.1108382940292358 1695
1751207523301 1.6736911535263062 1696
1751207524272 0.8772251605987549 1697
1751207525218 0.4875083863735199 1698
1751207526167 1.1253546476364136 1699
1751207527132 1.7915912866592407 1700
1751207528101 0.6026726961135864 1701
1751207529066 0.6988889575004578 1702
1751207530072 0.6256319880485535 1703
1751207531067 0.934256374835968 1704
1751207532034 0.552663266658783 1705
1751207533001 0.5225501656532288 1706
1751207533992 0.7430270910263062 1707
1751207534968 0.9403865933418274 1708
1751207535925 0.9951001405715942 1709
1751207536881 0.9239738583564758 1710
1751207537918 0.7070846557617188 1711
1751207538887 0.9703365564346313 1712
1751207539898 0.875704824924469 1713
1751207540919 0.4221247434616089 1714
1751207541925 1.219905138015747 1715
1751207542905 0.8455209136009216 1716
1751207543852 0.6839766502380371 1717
1751207544881 0.7765591144561768 1718
1751207545863 1.1511669158935547 1719
1751207546853 0.7693142294883728 1720
1751207547799 1.685843825340271 1721
1751207548608 0.7218826413154602 1722
1751207549584 1.0694431066513062 1723
1751207550521 1.1687239408493042 1724
1751207551507 1.0794439315795898 1725
1751207552451 1.0417912006378174 1726
1751207553407 0.7320219874382019 1727
1751207554350 0.5979525446891785 1728
1751207555311 1.2205902338027954 1729
1751207556295 0.4042297899723053 1730
1751207557265 0.7926920056343079 1731
1751207558257 0.4749150574207306 1732
1751207559229 1.0032103061676025 1733
1751207560210 1.2776674032211304 1734
1751207561231 0.9421156048774719 1735
1751207562066 0.9962491989135742 1736
1751207563036 0.8813691139221191 1737
1751207564019 0.7558854222297668 1738
1751207564839 1.1850428581237793 1739
1751207565797 0.7140514254570007 1740
1751207566752 0.7772083878517151 1741
1751207567720 1.1174339056015015 1742
1751207568664 0.7625249624252319 1743
1751207569656 0.6774085164070129 1744
1751207570932 0.7949456572532654 1745
1751207571913 1.0781313180923462 1746
1751207572859 0.04928060621023178 1747
1751207573675 2.705371856689453 1748
1751207574636 0.9592660069465637 1749
1751207575600 0.7562921643257141 1750
1751207576558 0.8252687454223633 1751
1751207577507 1.014610767364502 1752
1751207578527 0.9290035963058472 1753
1751207579488 0.8769519925117493 1754
1751207580478 1.1297587156295776 1755
1751207581438 1.0106321573257446 1756
1751207582389 0.6426483988761902 1757
1751207583367 0.903083324432373 1758
1751207584343 0.9232839345932007 1759
1751207585324 1.0139942169189453 1760
1751207586293 0.8826205134391785 1761
1751207587291 0.6951872706413269 1762
1751207588297 0.7116814851760864 1763
1751207589251 1.1481205224990845 1764
1751207590200 1.1961597204208374 1765
1751207591153 0.6049591898918152 1766
1751207592108 0.8514677286148071 1767
1751207593093 1.065669059753418 1768
1751207594049 0.9044627547264099 1769
1751207595017 0.7888585329055786 1770
1751207595980 1.2455816268920898 1771
1751207596932 0.7336679100990295 1772
1751207597910 1.465244174003601 1773
1751207598898 0.8615083694458008 1774
1751207599861 0.7743955254554749 1775
1751207600904 1.3587541580200195 1776
1751207601860 0.4375936985015869 1777
1751207602809 1.0692099332809448 1778
1751207603751 0.8019720911979675 1779
1751207604702 0.700416088104248 1780
1751207605664 0.8466352820396423 1781
1751207606606 1.3787988424301147 1782
1751207607631 0.9774548411369324 1783
1751207608589 1.1812862157821655 1784
1751207609541 0.6317694783210754 1785
1751207610545 1.3355419635772705 1786
1751207611595 0.5112940669059753 1787
1751207612545 0.7306920289993286 1788
1751207613503 0.8115783929824829 1789
1751207614467 0.7637544274330139 1790
1751207615417 0.9091565012931824 1791
1751207616379 1.2852102518081665 1792
1751207617326 0.8501890301704407 1793
1751207618277 0.6476393938064575 1794
1751207619262 0.4942554831504822 1795
1751207620222 0.30200430750846863 1796
1751207621205 1.5645593404769897 1797
1751207622173 0.8199965357780457 1798
1751207623139 2.794501781463623 1799
1751207624101 0.5092605948448181 1800
1751207675450 1.2320352792739868 1801
1751207676464 0.5537148118019104 1802
1751207677275 3.3768296241760254 1803
1751207678227 1.0005356073379517 1804
1751207679185 0.6233847737312317 1805
1751207680164 0.9295318722724915 1806
1751207681171 0.6466914415359497 1807
1751207681978 2.6005918979644775 1808
1751207682951 0.9132692217826843 1809
1751207683903 0.761634349822998 1810
1751207684847 0.8823049664497375 1811
1751207685800 1.065850853919983 1812
1751207686785 0.8617956042289734 1813
1751207687781 0.8111705183982849 1814
1751207688769 0.604604184627533 1815
1751207689735 0.9801950454711914 1816
1751207690691 0.4991091787815094 1817
1751207691675 1.1807187795639038 1818
1751207692643 0.895131528377533 1819
1751207693452 4.646766185760498 1820
1751207694467 0.9674755930900574 1821
1751207695497 0.5839406251907349 1822
1751207696447 0.79063481092453 1823
1751207697452 0.6066516637802124 1824
1751207698405 0.6474114060401917 1825
1751207699365 0.7538487911224365 1826
1751207700348 0.40097129344940186 1827
1751207701293 0.8811072707176208 1828
1751207702270 1.2017567157745361 1829
1751207703224 1.3884925842285156 1830
1751207704249 0.9335675239562988 1831
1751207705189 0.924837589263916 1832
1751207706172 0.8099525570869446 1833
1751207707126 0.9356407523155212 1834
1751207708146 0.7871719002723694 1835
1751207709111 1.0491613149642944 1836
1751207709980 1.9459927082061768 1837
1751207710946 0.7067870497703552 1838
1751207711908 0.6112901568412781 1839
1751207712872 0.7175142765045166 1840
1751207713833 0.7396234273910522 1841
1751207714815 2.3201522827148438 1842
1751207715785 0.6891395449638367 1843
1751207716739 0.7552567720413208 1844
1751207717712 1.2635352611541748 1845
1751207718691 0.8890511393547058 1846
1751207719657 0.5814885497093201 1847
1751207720622 0.5978090167045593 1848
1751207721807 0.9523307085037231 1849
1751207722742 0.7332655787467957 1850
1751207723718 0.6978835463523865 1851
1751207724699 1.8637455701828003 1852
1751207725651 0.9216249585151672 1853
1751207726695 0.9284440875053406 1854
1751207727662 0.12928929924964905 1855
1751207728652 0.6121612787246704 1856
1751207729600 0.6333673596382141 1857
1751207730578 1.1771847009658813 1858
1751207731549 0.9609900712966919 1859
1751207732507 1.5231484174728394 1860
1751207733451 0.8826600909233093 1861
1751207734395 1.1103547811508179 1862
1751207735198 1.4386366605758667 1863
1751207736151 1.2183645963668823 1864
1751207737096 0.8378446698188782 1865
1751207738055 0.18851269781589508 1866
1751207739030 1.2134288549423218 1867
1751207740051 0.8377801179885864 1868
1751207741027 1.2282013893127441 1869
1751207741975 1.2295526266098022 1870
1751207742966 0.980241596698761 1871
1751207743976 0.7762008309364319 1872
1751207744987 1.2968672513961792 1873
1751207745918 0.8165901303291321 1874
1751207746740 1.1229451894760132 1875
1751207747694 1.1869672536849976 1876
1751207748642 0.6671391129493713 1877
1751207749473 0.19179552793502808 1878
1751207750434 0.6246681809425354 1879
1751207751421 1.0787512063980103 1880
1751207752381 0.7097691893577576 1881
1751207753338 0.6885311007499695 1882
1751207754293 0.692555844783783 1883
1751207755255 1.431036353111267 1884
1751207756220 0.9787067770957947 1885
1751207757170 0.6314313411712646 1886
1751207758125 0.886012077331543 1887
1751207759077 0.6434083580970764 1888
1751207760087 1.3806483745574951 1889
1751207761039 1.22207772731781 1890
1751207761997 0.7919582724571228 1891
1751207762933 0.6559233665466309 1892
1751207763924 0.5608000755310059 1893
1751207764868 0.9314865469932556 1894
1751207765820 0.757876992225647 1895
1751207766776 0.7900080680847168 1896
1751207767729 0.8079851269721985 1897
1751207768730 0.712590217590332 1898
1751207769725 1.1261929273605347 1899
1751207770736 0.7093255519866943 1900
1751207771691 0.8630129098892212 1901
1751207772656 0.9684106111526489 1902
1751207773608 1.385121464729309 1903
1751207774437 1.7969845533370972 1904
1751207775391 1.3456515073776245 1905
1751207776372 0.7877077460289001 1906
1751207777196 2.9656295776367188 1907
1751207778171 0.7033609747886658 1908
1751207778983 1.4305394887924194 1909
1751207779934 1.000126838684082 1910
1751207780882 0.8404130935668945 1911
1751207781841 1.1888928413391113 1912
1751207782814 1.255881667137146 1913
1751207783756 0.6663851141929626 1914
1751207784728 1.2305476665496826 1915
1751207785690 1.028448224067688 1916
1751207786659 0.9704225659370422 1917
1751207787603 0.968880295753479 1918
1751207788439 0.9068335890769958 1919
1751207789505 1.1161354780197144 1920
1751207790463 0.7365537881851196 1921
1751207791399 0.8051131367683411 1922
1751207792377 1.1117490530014038 1923
1751207793347 0.9316849112510681 1924
1751207794202 0.8380446434020996 1925
1751207795169 0.6729212403297424 1926
1751207796140 1.0166610479354858 1927
1751207797084 0.7916857004165649 1928
1751207798058 1.1297996044158936 1929
1751207799044 1.2823771238327026 1930
1751207800007 1.1345337629318237 1931
1751207800955 1.691377878189087 1932
1751207801765 2.1334803104400635 1933
1751207802710 0.7419767379760742 1934
1751207803549 3.808065891265869 1935
1751207804514 0.847881019115448 1936
1751207805504 0.7578737735748291 1937
1751207806401 0.9885404706001282 1938
1751207807336 0.9549837112426758 1939
1751207808187 1.76036536693573 1940
1751207809127 1.835671305656433 1941
1751207810130 0.8559473156929016 1942
1751207811109 0.7804961800575256 1943
1751207812065 0.8461647033691406 1944
1751207813028 0.8094789385795593 1945
1751207813964 0.9700441360473633 1946
1751207814923 0.7045124769210815 1947
1751207815867 1.259719729423523 1948
1751207817067 0.46462714672088623 1949
1751207818007 0.8761307001113892 1950
1751207819013 0.9209653735160828 1951
1751207819993 0.7617905735969543 1952
1751207821021 0.794014573097229 1953
1751207821970 0.5486021041870117 1954
1751207822911 0.7886908650398254 1955
1751207823855 1.1981918811798096 1956
1751207824802 0.7582710385322571 1957
1751207825796 1.0780878067016602 1958
1751207826743 1.5568050146102905 1959
1751207827699 0.8244175314903259 1960
1751207828701 0.8407763838768005 1961
1751207829514 1.7713121175765991 1962
1751207830333 0.942264974117279 1963
1751207831358 0.9372668266296387 1964
1751207832335 0.8635639548301697 1965
1751207833308 0.9733020067214966 1966
1751207834264 0.2629169821739197 1967
1751207835207 0.8652952313423157 1968
1751207836141 0.5307738780975342 1969
1751207837110 1.3457615375518799 1970
1751207838084 0.8215808868408203 1971
1751207839083 0.9058618545532227 1972
1751207840026 0.6635696291923523 1973
1751207840980 1.5582237243652344 1974
1751207841928 0.8270435333251953 1975
1751207842893 0.8160948157310486 1976
1751207843835 0.8951295614242554 1977
1751207844792 1.237959623336792 1978
1751207845629 1.4366912841796875 1979
1751207846630 0.9364122152328491 1980
1751207847606 0.429898202419281 1981
1751207848417 1.6811449527740479 1982
1751207849372 0.8085470199584961 1983
1751207850337 1.0275447368621826 1984
1751207851151 0.43290895223617554 1985
1751207852095 1.3325862884521484 1986
1751207853051 0.7787289619445801 1987
1751207854009 0.6288761496543884 1988
1751207855004 0.8883251547813416 1989
1751207855971 1.058696985244751 1990
1751207856776 0.9717941284179688 1991
1751207857750 1.4013618230819702 1992
1751207858744 0.7082237005233765 1993
1751207859716 1.0418885946273804 1994
1751207860653 0.5784403085708618 1995
1751207861648 0.1913406103849411 1996
1751207862633 0.9911231398582458 1997
1751207863608 1.121070146560669 1998
1751207864557 0.8717221617698669 1999
1751207865520 1.600602388381958 2000
1751207866507 1.6104310750961304 2001
1751207867476 1.1550312042236328 2002
1751207868443 0.7294363379478455 2003
1751207869391 1.1749074459075928 2004
1751207870228 0.9648973345756531 2005
1751207871284 0.7461888790130615 2006
1751207872223 0.7489139437675476 2007
1751207873179 0.8651434183120728 2008
1751207874137 0.8774324655532837 2009
1751207875081 0.6475880742073059 2010
1751207876059 0.8891289830207825 2011
1751207877006 0.8160190582275391 2012
1751207878005 0.6812812685966492 2013
1751207879003 0.5571976900100708 2014
1751207879970 1.2468887567520142 2015
1751207880984 2.801330804824829 2016
1751207881993 1.3342182636260986 2017
1751207882955 1.2621771097183228 2018
1751207883942 0.5411011576652527 2019
1751207884929 1.0263258218765259 2020
1751207885873 0.7702698707580566 2021
1751207886821 1.157244324684143 2022
1751207887786 0.4903898239135742 2023
1751207888725 0.866597592830658 2024
1751207889684 0.4746944308280945 2025
1751207890674 0.9711834192276001 2026
1751207891639 0.6936126947402954 2027
1751207892632 0.11646205931901932 2028
1751207893581 0.7663217782974243 2029
1751207894546 0.8471124768257141 2030
1751207895546 0.7600178718566895 2031
1751207896497 0.9871423840522766 2032
1751207897437 0.8587163090705872 2033
1751207898401 0.6432986259460449 2034
1751207899360 1.1848077774047852 2035
1751207900181 1.3669168949127197 2036
1751207901206 0.8906474113464355 2037
1751207902163 1.1788336038589478 2038
1751207903148 0.38024449348449707 2039
1751207904158 1.1064653396606445 2040
1751207905191 1.2114441394805908 2041
1751207906135 1.0123255252838135 2042
1751207907155 0.8491836786270142 2043
1751207908113 0.9651616215705872 2044
1751207909057 0.7247101664543152 2045
1751207910051 0.9411986470222473 2046
1751207911290 0.5398938655853271 2047
1751207912361 0.6420141458511353 2048
1751207913334 0.9817051291465759 2049
1751207914270 1.0081485509872437 2050
1751207915076 0.9809673428535461 2051
1751207916077 0.9340938925743103 2052
1751207917186 0.5871819257736206 2053
1751207918181 0.8640596270561218 2054
1751207919150 1.2183290719985962 2055
1751207920092 1.1232820749282837 2056
1751207921031 0.87684565782547 2057
1751207922065 0.8677558898925781 2058
1751207923059 1.3748859167099 2059
1751207924019 0.7590176463127136 2060
1751207925000 0.6532546877861023 2061
1751207925986 0.9879456758499146 2062
1751207926965 0.8440083861351013 2063
1751207927936 1.079746127128601 2064
1751207928885 0.6300169825553894 2065
1751207929841 0.8503815531730652 2066
1751207930834 0.9548484683036804 2067
1751207931855 0.9526411890983582 2068
1751207932663 2.6719977855682373 2069
1751207933629 0.9730655550956726 2070
1751207934622 0.6525968909263611 2071
1751207935706 0.8434182405471802 2072
1751207936727 0.6050722002983093 2073
1751207937677 0.9173389673233032 2074
1751207938667 0.9607831239700317 2075
1751207939782 0.39823248982429504 2076
1751207940731 0.773175835609436 2077
1751207941772 0.719585657119751 2078
1751207942742 1.1960653066635132 2079
1751207943693 0.8497676849365234 2080
1751207944631 0.9297674298286438 2081
1751207945637 1.1912904977798462 2082
1751207946615 0.6430572867393494 2083
1751207947560 0.9762508273124695 2084
1751207948606 1.1002178192138672 2085
1751207949595 0.5532257556915283 2086
1751207950557 0.8046945929527283 2087
1751207951499 0.9184340834617615 2088
1751207952503 0.85728520154953 2089
1751207953538 0.1241011843085289 2090
1751207954561 1.3854786157608032 2091
1751207955508 0.7722865343093872 2092
1751207956553 0.6402554512023926 2093
1751207957598 1.2204023599624634 2094
1751207958557 1.7814308404922485 2095
1751207959537 0.7682293653488159 2096
1751207960529 1.2631452083587646 2097
1751207961510 0.9238530993461609 2098
1751207962506 1.0747524499893188 2099
1751207963454 0.8050875067710876 2100
1751207964405 0.11985120177268982 2101
1751207965354 1.06392502784729 2102
1751207966189 0.9979038238525391 2103
1751207967019 1.4853628873825073 2104
1751207967991 0.7078295350074768 2105
1751207968989 1.1965070962905884 2106
1751207969942 1.0443543195724487 2107
1751207970928 0.7696009278297424 2108
1751207971937 0.8035810589790344 2109
1751207972929 1.175436019897461 2110
1751207973890 0.49767109751701355 2111
1751207974897 0.6412513852119446 2112
1751207975732 1.8885101079940796 2113
1751207976681 0.5808877348899841 2114
1751207977646 1.1499204635620117 2115
1751207978622 0.8904935121536255 2116
1751207979605 0.8748934864997864 2117
1751207980577 1.0438634157180786 2118
1751207981550 1.5597301721572876 2119
1751207982515 0.8012359738349915 2120
1751207983379 0.9985057711601257 2121
1751207984353 1.028411865234375 2122
1751207985176 1.2787513732910156 2123
1751207986223 0.7793780565261841 2124
1751207987191 0.6816737651824951 2125
1751207988149 1.1102923154830933 2126
1751207989029 1.0125908851623535 2127
1751207990061 0.6927151083946228 2128
1751207991029 0.49593669176101685 2129
1751207991967 0.7870516180992126 2130
1751207992933 0.9008195400238037 2131
1751207993877 0.6186768412590027 2132
1751207994695 0.8949756622314453 2133
1751207995705 0.704249382019043 2134
1751207996675 0.9470458626747131 2135
1751207997676 0.984596848487854 2136
1751207998632 0.7615808844566345 2137
1751207999629 0.8536476492881775 2138
1751208000585 0.7971475720405579 2139
1751208001582 0.5722920298576355 2140
1751208002549 0.9886398315429688 2141
1751208003505 0.951026439666748 2142
1751208004750 0.7345134615898132 2143
1751208005729 0.6593080759048462 2144
1751208006719 0.809164822101593 2145
1751208007729 0.7969450950622559 2146
1751208008698 0.6778615713119507 2147
1751208009648 0.9333673715591431 2148
1751208010616 0.8545381426811218 2149
1751208011462 1.1076143980026245 2150
1751208012480 1.438793420791626 2151
1751208013469 0.8602066040039062 2152
1751208014296 2.1544673442840576 2153
1751208015117 1.0523566007614136 2154
1751208016062 0.9512519836425781 2155
1751208017024 0.8469480872154236 2156
1751208018011 0.8710376620292664 2157
1751208018977 1.3031611442565918 2158
1751208019950 1.019932508468628 2159
1751208020890 2.042717695236206 2160
1751208021748 2.4306554794311523 2161
1751208022719 1.1395552158355713 2162
1751208023554 0.9826638102531433 2163
1751208024492 0.9502679705619812 2164
1751208025434 1.1283067464828491 2165
1751208026374 0.717179000377655 2166
1751208027329 0.6463564038276672 2167
1751208028221 1.5321736335754395 2168
1751208029114 0.8289249539375305 2169
1751208030108 0.8563411831855774 2170
1751208031078 0.6927577257156372 2171
1751208032064 1.0199816226959229 2172
1751208032885 0.4749380946159363 2173
1751208033836 0.8572511076927185 2174
1751208034792 0.9139923453330994 2175
1751208035813 0.6257392764091492 2176
1751208036819 0.7321779727935791 2177
1751208037805 1.040642499923706 2178
1751208038811 0.8369558453559875 2179
1751208039786 0.8540809750556946 2180
1751208040618 1.6531883478164673 2181
1751208041604 0.7785877585411072 2182
1751208042580 0.6106447577476501 2183
1751208043521 0.27387917041778564 2184
1751208044466 0.6889299750328064 2185
1751208045463 1.0235931873321533 2186
1751208046442 1.1207696199417114 2187
1751208047413 0.6185000538825989 2188
1751208048371 1.2698954343795776 2189
1751208049329 0.8242079019546509 2190
1751208050328 0.8305560946464539 2191
1751208051268 0.8850464224815369 2192
1751208052209 0.6335528492927551 2193
1751208053029 0.8751500248908997 2194
1751208053970 0.8287674188613892 2195
1751208054916 1.6956170797348022 2196
1751208055889 0.8226556181907654 2197
1751208056922 1.0966633558273315 2198
1751208057894 0.4272279143333435 2199
1751208058852 0.7025277614593506 2200
1751208059794 0.796576201915741 2201
1751208060604 1.2561771869659424 2202
1751208061539 1.1318576335906982 2203
1751208062537 0.6081699132919312 2204
1751208063495 0.8533243536949158 2205
1751208064471 0.6117631793022156 2206
1751208065415 1.2884780168533325 2207
1751208066393 0.9229375720024109 2208
1751208067351 1.0033799409866333 2209
1751208068329 0.6815230846405029 2210
1751208069183 2.5088164806365967 2211
1751208070148 0.41239839792251587 2212
1751208071107 1.2636295557022095 2213
1751208072086 1.014357089996338 2214
1751208072940 0.8888189196586609 2215
1751208073942 0.9432662129402161 2216
1751208074964 0.9606204032897949 2217
1751208075989 0.7090099453926086 2218
1751208077034 0.7801546454429626 2219
1751208077986 0.6777191758155823 2220
1751208078978 0.734980583190918 2221
1751208079806 0.784850001335144 2222
1751208080776 0.6991047859191895 2223
1751208081742 1.117174744606018 2224
1751208082940 1.6376451253890991 2225
1751208083911 0.9480840563774109 2226
1751208084866 0.6073314547538757 2227
1751208085840 0.7419926524162292 2228
1751208086791 1.2077280282974243 2229
1751208087735 1.2875590324401855 2230
1751208088597 0.9065195322036743 2231
1751208089612 1.1722488403320312 2232
1751208090441 1.713964819908142 2233
1751208091443 0.5938107967376709 2234
1751208092405 1.230743646621704 2235
1751208093356 0.7242094278335571 2236
1751208094296 0.5291697978973389 2237
1751208095260 0.7317681908607483 2238
1751208096171 1.1574976444244385 2239
1751208097124 1.4025999307632446 2240
1751208098109 0.7980901598930359 2241
1751208099069 1.0291484594345093 2242
1751208100068 1.1709787845611572 2243
1751208101006 1.369570255279541 2244
1751208101954 0.7948282957077026 2245
1751208102912 0.7146202921867371 2246
1751208103893 0.7056620717048645 2247
1751208104854 2.1848437786102295 2248
1751208105678 2.5180342197418213 2249
1751208106655 0.9159016609191895 2250
1751208107611 0.9577123522758484 2251
1751208108593 0.8288450241088867 2252
1751208109417 1.2835333347320557 2253
1751208110389 1.0015336275100708 2254
1751208111391 0.8020845651626587 2255
1751208112391 1.1433075666427612 2256
1751208113350 1.0365608930587769 2257
1751208114330 0.6521152257919312 2258
1751208115272 0.5596072673797607 2259
1751208116233 0.8756998181343079 2260
1751208117218 1.2049731016159058 2261
1751208118177 0.8172717094421387 2262
1751208119149 0.7456658482551575 2263
1751208120101 0.7544229626655579 2264
1751208121107 0.8515507578849792 2265
1751208122051 0.8453454971313477 2266
1751208123039 1.0048540830612183 2267
1751208123988 0.7575308084487915 2268
1751208124936 0.3347160816192627 2269
1751208125890 0.8058973550796509 2270
1751208126868 0.8255991339683533 2271
1751208127863 0.8275123834609985 2272
1751208128894 0.9834753274917603 2273
1751208129861 1.0488229990005493 2274
1751208130834 0.6203184723854065 2275
1751208131789 0.7379898428916931 2276
1751208132747 1.2219847440719604 2277
1751208133726 0.7326951026916504 2278
1751208134706 0.48107287287712097 2279
1751208135667 0.7860205769538879 2280
1751208136632 0.9405180811882019 2281
1751208137593 0.7014155387878418 2282
1751208138554 1.2564629316329956 2283
1751208139554 0.9784824252128601 2284
1751208140507 1.2845884561538696 2285
1751208141473 1.3670953512191772 2286
1751208142452 0.7470481991767883 2287
1751208143408 0.8720289468765259 2288
1751208144413 0.7942137718200684 2289
1751208145381 0.8490652441978455 2290
1751208146337 1.0148152112960815 2291
1751208147323 0.428798109292984 2292
1751208148332 0.8481666445732117 2293
1751208149328 0.8835214972496033 2294
1751208150303 3.1140615940093994 2295
1751208151408 1.5031894445419312 2296
1751208152378 1.4938033819198608 2297
1751208153341 1.089934229850769 2298
1751208154320 0.7930663824081421 2299
1751208155273 1.9246959686279297 2300
1751208156243 0.6001773476600647 2301
1751208157182 0.5303731560707092 2302
1751208158151 1.8935571908950806 2303
1751208159170 0.8748133778572083 2304
1751208160122 0.9013881087303162 2305
1751208160947 0.8334177136421204 2306
1751208161930 1.1786566972732544 2307
1751208162924 0.6398237347602844 2308
1751208163894 0.5549370646476746 2309
1751208164876 0.6916563510894775 2310
1751208165861 0.6610156297683716 2311
1751208166826 2.8564693927764893 2312
1751208167793 0.8828192949295044 2313
1751208168761 1.0113539695739746 2314
1751208169752 1.0579522848129272 2315
1751208170708 0.24204783141613007 2316
1751208171688 0.6990537643432617 2317
1751208172655 1.0939124822616577 2318
1751208173469 1.12919282913208 2319
1751208174447 0.8101436495780945 2320
1751208175404 0.6812681555747986 2321
1751208176342 0.7974303364753723 2322
1751208177320 1.0535948276519775 2323
1751208178146 1.3130639791488647 2324
1751208179157 0.8887996077537537 2325
1751208180135 0.5274838805198669 2326
1751208181091 0.5283001661300659 2327
1751208182377 0.5829533934593201 2328
1751208183331 1.1697771549224854 2329
1751208184282 0.9153509140014648 2330
1751208185117 0.24273040890693665 2331
1751208186080 0.7820414304733276 2332
1751208187082 0.7222573161125183 2333
1751208188093 0.1490761786699295 2334
1751208189094 1.4886337518692017 2335
1751208190090 1.196898341178894 2336
1751208191050 0.6333087682723999 2337
1751208192073 1.1356977224349976 2338
1751208193059 0.7125758528709412 2339
1751208194078 0.6917803883552551 2340
1751208195035 1.1815521717071533 2341
1751208196005 0.7851974368095398 2342
1751208196824 2.121999502182007 2343
1751208197804 0.6341166496276855 2344
1751208198777 0.019682399928569794 2345
1751208199749 1.0312613248825073 2346
1751208200736 0.6428341269493103 2347
1751208201698 0.7685384750366211 2348
1751208202676 0.7515184283256531 2349
1751208203716 0.8124872446060181 2350
1751208204719 1.2993921041488647 2351
1751208205695 0.7455538511276245 2352
1751208206640 1.234908103942871 2353
1751208207590 1.400661826133728 2354
1751208208561 0.46227988600730896 2355
1751208209557 0.8183963894844055 2356
1751208210575 0.7862510681152344 2357
1751208211577 0.8754648566246033 2358
1751208212577 0.7698035836219788 2359
1751208213561 0.8132122159004211 2360
1751208214549 0.6217455863952637 2361
1751208215524 0.5300862193107605 2362
1751208216477 0.7296804189682007 2363
1751208217455 0.8539372682571411 2364
1751208218419 0.6008253693580627 2365
1751208219370 1.2597694396972656 2366
1751208220346 0.819570004940033 2367
1751208221291 0.8390480279922485 2368
1751208222305 1.4019478559494019 2369
1751208223301 0.8665470480918884 2370
1751208224328 0.7442745566368103 2371
1751208225305 0.8853481411933899 2372
1751208226318 0.9672441482543945 2373
1751208227281 0.6947316527366638 2374
1751208228318 0.7444668412208557 2375
1751208229206 0.9915575385093689 2376
1751208230193 0.7191888093948364 2377
1751208231156 0.8311026692390442 2378
1751208232154 1.232025384902954 2379
1751208233131 1.301906943321228 2380
1751208234081 0.6507952809333801 2381
1751208235042 0.5754255652427673 2382
1751208236009 0.7404183149337769 2383
1751208236987 1.075158715248108 2384
1751208237832 1.3129152059555054 2385
1751208238794 0.6253125667572021 2386
1751208239812 0.5090819597244263 2387
1751208240772 0.7070299983024597 2388
1751208241721 0.9576131701469421 2389
1751208242717 0.7455894947052002 2390
1751208243676 0.8998293876647949 2391
1751208244628 0.45132166147232056 2392
1751208245572 1.419862985610962 2393
1751208246548 1.3806549310684204 2394
1751208247507 1.294337272644043 2395
1751208248560 0.8534404039382935 2396
1751208249521 0.9532341957092285 2397
1751208250508 0.7417003512382507 2398
1751208251775 1.6504621505737305 2399
1751208252755 1.8835054636001587 2400
1751208253765 0.8828506469726562 2401
1751208254706 0.9175006747245789 2402
1751208255656 1.381994605064392 2403
1751208256603 0.7073724865913391 2404
1751208257434 0.9560667276382446 2405
1751208258391 0.9713549613952637 2406
1751208259466 0.9705300331115723 2407
1751208260454 0.29946276545524597 2408
1751208261410 0.94940185546875 2409
1751208262373 0.8508092761039734 2410
1751208263404 0.3928738236427307 2411
1751208264424 1.2585028409957886 2412
1751208265397 0.5633369088172913 2413
1751208266371 0.7043063044548035 2414
1751208267357 1.2487728595733643 2415
1751208268310 1.3299068212509155 2416
1751208269289 1.0909059047698975 2417
1751208270251 0.43450644612312317 2418
1751208271215 0.9236082434654236 2419
1751208272166 0.7172204852104187 2420
1751208273161 1.031770944595337 2421
1751208274114 0.6574183702468872 2422
1751208275090 1.1579331159591675 2423
1751208276065 0.6369616389274597 2424
1751208277017 1.7698990106582642 2425
1751208278094 0.599605143070221 2426
1751208278941 1.9818886518478394 2427
1751208279901 0.9384088516235352 2428
1751208280885 0.9457845091819763 2429
1751208281841 0.6616014242172241 2430
1751208282805 0.2412656992673874 2431
1751208283771 0.8772415518760681 2432
1751208284742 0.7942067980766296 2433
1751208285736 0.6299618482589722 2434
1751208286708 2.4892423152923584 2435
1751208287689 1.6287411451339722 2436
1751208288503 1.2791637182235718 2437
1751208289308 1.4033387899398804 2438
1751208290274 0.9635372161865234 2439
1751208291236 0.7030318379402161 2440
1751208292219 0.6840065121650696 2441
1751208293172 0.7048220634460449 2442
1751208294164 0.516345202922821 2443
1751208295123 0.9312642216682434 2444
1751208296136 1.1161741018295288 2445
1751208297097 0.8965045809745789 2446
1751208298103 0.7392248511314392 2447
1751208299098 0.8796106576919556 2448
1751208300049 0.9137967228889465 2449
1751208300996 0.4149993658065796 2450
1751208301957 0.6929342150688171 2451
1751208302917 1.0077953338623047 2452
1751208303863 0.655838131904602 2453
1751208304680 1.7088817358016968 2454
1751208305659 0.6614016890525818 2455
1751208306630 0.7809455990791321 2456
1751208307604 0.7130930423736572 2457
1751208308602 0.7360644340515137 2458
1751208309592 0.78639155626297 2459
1751208310588 0.39608627557754517 2460
1751208311539 1.081813931465149 2461
1751208312558 0.7173705697059631 2462
1751208313544 0.8524622321128845 2463
1751208314602 0.9028593301773071 2464
1751208315689 0.6705564260482788 2465
1751208316653 0.8903284072875977 2466
1751208317643 0.7748495936393738 2467
1751208318693 1.0394290685653687 2468
1751208319699 0.5800568461418152 2469
1751208320710 0.8744409680366516 2470
1751208321791 1.059482216835022 2471
1751208322752 1.1016160249710083 2472
1751208323712 1.0249983072280884 2473
1751208324683 0.7217229604721069 2474
1751208325654 1.130584716796875 2475
1751208326623 0.8389040231704712 2476
1751208327602 0.9215835928916931 2477
1751208328616 0.7632222175598145 2478
1751208329469 0.9869503378868103 2479
1751208330714 1.2265146970748901 2480
1751208331695 0.7790952324867249 2481
1751208332646 1.3113129138946533 2482
1751208333632 0.872370719909668 2483
1751208334580 1.159413456916809 2484
1751208335562 1.0612684488296509 2485
1751208336584 0.8140389323234558 2486
1751208337550 1.2763174772262573 2487
1751208338570 0.7880935072898865 2488
1751208339529 0.7035138010978699 2489
1751208340341 0.8869359493255615 2490
1751208341334 0.4722781181335449 2491
1751208342337 1.113155484199524 2492
1751208343326 0.8958757519721985 2493
1751208344305 1.1128298044204712 2494
1751208345295 0.6333432793617249 2495
1751208346281 1.232468605041504 2496
1751208347243 0.5737444758415222 2497
1751208348197 1.0926522016525269 2498
1751208349158 1.0092962980270386 2499
1751208350107 0.7147859930992126 2500
1751208351065 0.8013759851455688 2501
1751208352048 1.0184515714645386 2502
1751208353068 0.6301762461662292 2503
1751208354026 1.1139124631881714 2504
1751208355009 0.6983939409255981 2505
1751208355977 0.3355579972267151 2506
1751208356951 0.8044215440750122 2507
1751208357960 1.2544326782226562 2508
1751208358935 0.9850679636001587 2509
1751208359737 1.9869024753570557 2510
1751208360690 1.2394100427627563 2511
1751208361650 1.0667213201522827 2512
1751208362635 1.1733592748641968 2513
1751208363586 0.7634347081184387 2514
1751208364557 1.001093864440918 2515
1751208365536 0.9621408581733704 2516
1751208366377 0.4734549820423126 2517
1751208367366 0.8251089453697205 2518
1751208368340 0.7330946326255798 2519
1751208369302 0.8040983080863953 2520
1751208370253 1.2765105962753296 2521
1751208371258 0.7325224876403809 2522
1751208372222 1.1754570007324219 2523
1751208373099 1.0832997560501099 2524
1751208374115 0.8664522171020508 2525
1751208375083 1.105164885520935 2526
1751208376129 0.7848793864250183 2527
1751208377094 1.757632851600647 2528
1751208378047 1.2367310523986816 2529
1751208379023 0.6816946268081665 2530
1751208380020 1.1849009990692139 2531
1751208380982 0.30398285388946533 2532
1751208381940 0.7358078956604004 2533
1751208382985 0.67154461145401 2534
1751208383984 0.21833764016628265 2535
1751208384942 0.5946164727210999 2536
1751208385796 1.8159019947052002 2537
1751208386602 1.110709309577942 2538
1751208387566 0.7854489684104919 2539
1751208388544 0.751380205154419 2540
1751208389513 0.8929874300956726 2541
1751208390477 0.6318732500076294 2542
1751208391458 1.9150383472442627 2543
1751208392328 1.391303300857544 2544
1751208393282 0.6182035803794861 2545
1751208394313 0.9629272818565369 2546
1751208395313 0.6276585459709167 2547
1751208396274 0.7402440309524536 2548
1751208397475 1.2204198837280273 2549
1751208398437 1.7457548379898071 2550
1751208399412 1.1937551498413086 2551
1751208400393 0.6948379874229431 2552
1751208401355 1.0978131294250488 2553
1751208402370 1.3512099981307983 2554
1751208403374 1.1947100162506104 2555
1751208404345 0.6157553791999817 2556
1751208405300 1.020187258720398 2557
1751208406235 0.611602246761322 2558
1751208407198 0.9561414122581482 2559
1751208408186 1.4063470363616943 2560
1751208409179 0.8923498392105103 2561
1751208410135 0.6940091252326965 2562
1751208411109 0.6753020286560059 2563
1751208411976 1.4068831205368042 2564
1751208412986 1.0960474014282227 2565
1751208413942 1.2400765419006348 2566
1751208414956 0.04766398295760155 2567
1751208415903 1.1372917890548706 2568
1751208416727 1.2813681364059448 2569
1751208417693 0.8081232309341431 2570
1751208418655 0.8080362677574158 2571
1751208419656 0.8856558799743652 2572
1751208420622 0.9946553111076355 2573
1751208421616 0.9254250526428223 2574
1751208422463 1.2508132457733154 2575
1751208423412 1.2852892875671387 2576
1751208424372 0.6629822850227356 2577
1751208425361 0.7691838145256042 2578
1751208426324 0.8751349449157715 2579
1751208427315 0.8678901195526123 2580
1751208428330 1.1397777795791626 2581
1751208429353 1.029881238937378 2582
1751208430301 0.6306883692741394 2583
1751208431286 0.8032881617546082 2584
1751208432262 1.0631235837936401 2585
1751208433231 0.6850247979164124 2586
1751208434224 0.9328432083129883 2587
1751208435030 1.975581407546997 2588
1751208436048 0.9782444834709167 2589
1751208437018 0.9062709808349609 2590
1751208437986 1.0466853380203247 2591
1751208438963 0.9490394592285156 2592
1751208439978 1.2091068029403687 2593
1751208440952 0.6298738718032837 2594
1751208441951 0.8420694470405579 2595
1751208442943 0.503337562084198 2596
1751208443750 0.8029264807701111 2597
1751208444700 0.8681842684745789 2598
1751208445667 1.0884146690368652 2599
1751208446642 0.7318738102912903 2600
1751208447609 0.9130793809890747 2601
1751208448584 0.4740769565105438 2602
1751208449589 1.077852487564087 2603
1751208450579 1.0465525388717651 2604
1751208451565 0.9720479249954224 2605
1751208452392 1.7732841968536377 2606
1751208453355 0.7343794703483582 2607
1751208454309 1.2771904468536377 2608
1751208455277 0.8018378615379333 2609
1751208456257 0.637622058391571 2610
1751208457227 0.9908968806266785 2611
1751208458197 1.2303576469421387 2612
1751208459146 0.7727683186531067 2613
1751208460126 0.9324346780776978 2614
1751208461067 0.9618452191352844 2615
1751208462012 0.6199362874031067 2616
1751208462976 0.7504011988639832 2617
1751208463921 0.16688135266304016 2618
1751208464804 0.9197527170181274 2619
1751208466009 0.7971345782279968 2620
1751208467031 0.7902584075927734 2621
1751208468007 0.8991746306419373 2622
1751208468996 0.7374359965324402 2623
1751208470000 1.3694270849227905 2624
1751208470963 0.8122429251670837 2625
1751208471921 1.867691993713379 2626
1751208472877 0.13754922151565552 2627
1751208473842 1.7558281421661377 2628
1751208474862 0.8184820413589478 2629
1751208475833 0.7385583519935608 2630
1751208476780 0.5075392723083496 2631
1751208477747 0.5518488883972168 2632
1751208478730 0.6736378073692322 2633
1751208479704 0.689521312713623 2634
1751208480689 0.7357916235923767 2635
1751208481666 0.6558317542076111 2636
1751208482610 0.7992844581604004 2637
1751208483426 0.9194666147232056 2638
1751208484288 0.8925450444221497 2639
1751208485241 0.25135233998298645 2640
1751208486084 0.6956672072410583 2641
1751208486899 2.941478729248047 2642
1751208487845 0.9160707592964172 2643
1751208488802 0.9374734163284302 2644
1751208489746 0.8248581886291504 2645
1751208490738 0.7654837965965271 2646
1751208491680 0.5349894165992737 2647
1751208492664 0.4911027252674103 2648
1751208493495 3.048187732696533 2649
1751208494493 0.8452505469322205 2650
1751208495447 0.570314347743988 2651
1751208496396 0.17032179236412048 2652
1751208497370 0.8602067828178406 2653
1751208498325 0.6607775092124939 2654
1751208499286 0.7066804766654968 2655
1751208500268 0.9168230295181274 2656
1751208501221 0.7856259942054749 2657
1751208502210 1.8343673944473267 2658
1751208503175 0.5354658961296082 2659
1751208504189 0.7347838282585144 2660
1751208505187 0.9644612669944763 2661
1751208505991 2.228738784790039 2662
1751208506961 1.259264588356018 2663
1751208508005 1.2925649881362915 2664
1751208508981 0.6884591579437256 2665
1751208509815 1.3676055669784546 2666
1751208510664 1.4837926626205444 2667
1751208511620 1.1005162000656128 2668
1751208512594 1.071055293083191 2669
1751208513556 1.0603078603744507 2670
1751208514526 0.903353214263916 2671
1751208515499 1.4427576065063477 2672
1751208516442 0.4566831886768341 2673
1751208517414 0.7106890082359314 2674
1751208518368 1.1070858240127563 2675
1751208519378 0.867575466632843 2676
1751208520361 0.5678057074546814 2677
1751208521311 0.7842273712158203 2678
1751208522257 0.5701799392700195 2679
1751208523242 0.4942850172519684 2680
1751208524234 0.5488994717597961 2681
1751208525184 0.08018367737531662 2682
1751208526150 1.1472965478897095 2683
1751208527158 0.8906148076057434 2684
1751208528111 0.8586189150810242 2685
1751208529077 0.34084978699684143 2686
1751208530071 0.9808931350708008 2687
1751208530906 1.4273855686187744 2688
1751208532076 1.0313310623168945 2689
1751208533064 0.8324247598648071 2690
1751208533922 0.895757794380188 2691
1751208534917 0.8181830644607544 2692
1751208535890 1.2777541875839233 2693
1751208536764 1.1584364175796509 2694
1751208537714 1.2602458000183105 2695
1751208538684 1.0074162483215332 2696
1751208539687 0.774782121181488 2697
1751208540738 1.5266004800796509 2698
1751208541701 0.12664355337619781 2699
1751208542681 0.9523480534553528 2700
1751208543671 0.72029709815979 2701
1751208544665 0.4123055338859558 2702
1751208545609 1.1391470432281494 2703
1751208546557 0.7155551314353943 2704
1751208547539 0.8417328000068665 2705
1751208548378 0.6262208223342896 2706
1751208549358 0.6695599555969238 2707
1751208550384 0.6490189433097839 2708
1751208551345 0.6439418196678162 2709
1751208552349 0.6986865401268005 2710
1751208553330 0.8194400668144226 2711
1751208554270 0.7239837646484375 2712
1751208555281 1.0975803136825562 2713
1751208556282 1.2976628541946411 2714
1751208557256 0.4704957902431488 2715
1751208558202 0.6188804507255554 2716
1751208559192 0.5317787528038025 2717
1751208560227 0.9456082582473755 2718
1751208561199 1.0440400838851929 2719
1751208562163 0.7704542279243469 2720
1751208563123 0.8529529571533203 2721
1751208563934 0.9328920245170593 2722
1751208564897 0.7500848770141602 2723
1751208565841 0.8284404873847961 2724
1751208566792 0.6780348420143127 2725
1751208567771 0.653210461139679 2726
1751208568726 0.9249264001846313 2727
1751208569735 1.0905297994613647 2728
1751208570742 0.9386967420578003 2729
1751208571593 1.3262773752212524 2730
1751208572591 2.495260715484619 2731
1751208573536 1.278860092163086 2732
1751208574541 1.1043919324874878 2733
1751208575495 0.5820573568344116 2734
1751208576477 0.7018536329269409 2735
1751208577302 2.4678447246551514 2736
1751208578262 0.5674751996994019 2737
1751208579218 1.1006921529769897 2738
1751208580169 1.1015640497207642 2739
1751208581175 0.6588830947875977 2740
1751208582147 1.3702491521835327 2741
1751208583146 0.9095601439476013 2742
1751208584094 0.7990389466285706 2743
1751208585060 1.0838868618011475 2744
1751208586055 0.8469145894050598 2745
1751208587011 0.9652251601219177 2746
1751208588012 1.2188552618026733 2747
1751208589036 1.1236587762832642 2748
1751208589857 1.3948571681976318 2749
1751208590811 0.5821539163589478 2750
1751208591779 1.0954099893569946 2751
1751208592756 1.0257551670074463 2752
1751208593740 0.6863414645195007 2753
1751208594716 0.7221180200576782 2754
1751208595715 1.0301094055175781 2755
1751208596537 0.5195213556289673 2756
1751208597508 0.6221807599067688 2757
1751208598457 0.6061152815818787 2758
1751208599460 0.7954317331314087 2759
1751208600666 0.4920717775821686 2760
1751208601642 0.9454265832901001 2761
1751208602588 0.5111092329025269 2762
1751208603570 0.9969029426574707 2763
1751208604397 0.8296683430671692 2764
1751208605368 1.7868703603744507 2765
1751208606326 0.8188840746879578 2766
1751208607174 0.9485277533531189 2767
1751208608136 0.9409786462783813 2768
1751208609095 1.1612331867218018 2769
1751208610090 1.331318736076355 2770
1751208611072 0.6543135046958923 2771
1751208612047 0.7256569862365723 2772
1751208613015 0.9900943636894226 2773
1751208613828 1.109603762626648 2774
1751208614656 1.4676209688186646 2775
1751208615624 0.5107025504112244 2776
1751208616663 0.5123019218444824 2777
1751208617540 0.8623806238174438 2778
1751208618534 0.8118448257446289 2779
1751208619500 0.6163169741630554 2780
1751208620440 1.7383406162261963 2781
1751208621481 0.8872411847114563 2782
1751208622449 0.7646076083183289 2783
1751208623413 0.7502564787864685 2784
1751208624425 0.7866397500038147 2785
1751208625381 0.5666821599006653 2786
1751208626363 1.227665662765503 2787
1751208627360 1.1611331701278687 2788
1751208628333 0.45995625853538513 2789
1751208629211 0.8510453104972839 2790
1751208630157 0.4208551049232483 2791
1751208631117 0.9503655433654785 2792
1751208632061 0.4280891418457031 2793
1751208633019 0.7381302714347839 2794
1751208634006 0.46008536219596863 2795
1751208634969 1.0954092741012573 2796
1751208635993 0.45542851090431213 2797
1751208637016 1.338729739189148 2798
1751208637980 0.9285983443260193 2799
1751208638938 0.992531418800354 2800
1751208639935 0.7538959383964539 2801
1751208640873 1.1267250776290894 2802
1751208641829 0.6327856779098511 2803
1751208642844 0.7720615267753601 2804
1751208643831 0.989880383014679 2805
1751208644801 0.7373279929161072 2806
1751208645749 0.9566887021064758 2807
1751208646655 1.1008883714675903 2808
1751208647664 0.7460114359855652 2809
1751208648660 0.7528769373893738 2810
1751208649468 1.1071815490722656 2811
1751208650423 1.0174767971038818 2812
1751208651386 0.7146352529525757 2813
1751208652363 0.8902375102043152 2814
1751208653333 0.4743669629096985 2815
1751208654281 0.787352979183197 2816
1751208655271 0.7281648516654968 2817
1751208656110 1.8773828744888306 2818
1751208657101 0.45083165168762207 2819
1751208658042 1.3345304727554321 2820
1751208658998 0.941062867641449 2821
1751208659958 1.6142135858535767 2822
1751208660931 1.3463729619979858 2823
1751208661891 0.5391287803649902 2824
1751208662846 0.5510753989219666 2825
1751208663687 1.7730239629745483 2826
1751208664693 0.765384316444397 2827
1751208665664 0.8287115097045898 2828
1751208666643 1.0523121356964111 2829
1751208667903 1.1178621053695679 2830
1751208668882 1.3092533349990845 2831
1751208669840 0.6161953806877136 2832
1751208670805 0.3082568943500519 2833
1751208671761 1.0450091361999512 2834
1751208672721 0.7097877860069275 2835
1751208673672 1.8887370824813843 2836
1751208674484 0.17925047874450684 2837
1751208675305 0.6731114983558655 2838
1751208676271 1.2919683456420898 2839
1751208677215 0.683097779750824 2840
1751208678179 1.032747507095337 2841
1751208679131 0.8319820761680603 2842
1751208680097 0.818755567073822 2843
1751208681099 1.1947647333145142 2844
1751208681919 1.523556113243103 2845
1751208682879 0.8109634518623352 2846
1751208683856 1.367510199546814 2847
1751208684812 0.7644367218017578 2848
1751208685793 0.7716201543807983 2849
1751208686765 0.8056272864341736 2850
1751208687592 2.4313597679138184 2851
1751208688561 1.1477669477462769 2852
1751208689524 1.0866440534591675 2853
1751208690488 0.764458954334259 2854
1751208691482 0.6058939099311829 2855
1751208692442 0.7889620661735535 2856
1751208693401 1.3892383575439453 2857
1751208694303 1.2145652770996094 2858
1751208695263 0.9347044229507446 2859
1751208696287 2.711010456085205 2860
1751208697272 0.4221084713935852 2861
1751208698224 0.53187495470047 2862
1751208699193 0.8248586058616638 2863
1751208700033 1.1259406805038452 2864
1751208701010 1.2880034446716309 2865
1751208701979 0.8434820175170898 2866
1751208702948 1.1933691501617432 2867
1751208703951 0.7372779250144958 2868
1751208704917 1.0812853574752808 2869
1751208705874 0.8566845059394836 2870
1751208706836 0.9733355641365051 2871
1751208707814 0.8245608806610107 2872
1751208708804 0.679607629776001 2873
1751208709760 1.1755545139312744 2874
1751208710738 0.836868166923523 2875
1751208711715 0.7015193700790405 2876
1751208712694 0.9348850250244141 2877
1751208713658 1.2980440855026245 2878
1751208714630 0.5781148076057434 2879
1751208715601 0.9898974299430847 2880
1751208716554 0.6735548973083496 2881
1751208717510 0.6875718832015991 2882
1751208718460 1.0084640979766846 2883
1751208719433 1.1280348300933838 2884
1751208720394 1.0204062461853027 2885
1751208721214 0.9570907354354858 2886
1751208722223 1.1676156520843506 2887
1751208723255 0.9897556304931641 2888
1751208724226 1.1960328817367554 2889
1751208725450 0.7717136144638062 2890
1751208726413 0.3327590823173523 2891
1751208727403 1.3638286590576172 2892
1751208728354 1.053951382637024 2893
1751208729357 0.6872900724411011 2894
1751208730318 1.0948965549468994 2895
1751208731279 0.8855576515197754 2896
1751208732094 0.8098835349082947 2897
1751208733104 1.1059974431991577 2898
1751208734050 0.6463913321495056 2899
1751208735016 1.2110869884490967 2900
1751208736047 1.3187052011489868 2901
1751208737045 0.8183534741401672 2902
1751208738023 0.815313458442688 2903
1751208738971 1.142397165298462 2904
1751208739931 1.6262931823730469 2905
1751208740883 0.928687572479248 2906
1751208741875 0.5162074565887451 2907
1751208742816 0.9719211459159851 2908
1751208743805 1.2556612491607666 2909
1751208744624 1.7337566614151 2910
1751208745591 0.7890521883964539 2911
1751208746556 1.5870964527130127 2912
1751208747534 0.47301575541496277 2913
1751208748508 1.8132362365722656 2914
1751208749472 0.8048062920570374 2915
1751208750434 1.3609975576400757 2916
1751208751411 1.0730491876602173 2917
1751208752397 0.8539600372314453 2918
1751208753378 0.7320501208305359 2919
1751208754346 0.7318523526191711 2920
1751208755185 0.9213622212409973 2921
1751208756152 0.9829128384590149 2922
1751208757108 1.0620343685150146 2923
1751208758074 0.967559814453125 2924
1751208758926 0.5091599225997925 2925
1751208759894 0.928494393825531 2926
1751208760847 0.6743738651275635 2927
1751208761793 0.9067955017089844 2928
1751208762762 0.83796626329422 2929
1751208763725 1.0948004722595215 2930
1751208764704 0.6656522154808044 2931
1751208765697 0.7135327458381653 2932
1751208766633 1.0409988164901733 2933
1751208767597 0.5629119873046875 2934
1751208768587 0.6149687767028809 2935
1751208769552 0.6467885375022888 2936
1751208770569 1.4661568403244019 2937
1751208771575 0.7206427454948425 2938
1751208772561 0.7712016701698303 2939
1751208773526 2.8412961959838867 2940
1751208774507 0.8909428715705872 2941
1751208775510 0.7897762656211853 2942
1751208776461 0.7745476365089417 2943
1751208777417 0.6942427158355713 2944
1751208778387 0.9927085041999817 2945
1751208779429 0.6106740832328796 2946
1751208780403 0.9163187146186829 2947
1751208781359 0.5679683089256287 2948
1751208782318 1.2295904159545898 2949
1751208783539 0.5451993346214294 2950
1751208784588 1.294737696647644 2951
1751208785549 0.7241111397743225 2952
1751208786517 0.6429595947265625 2953
1751208787474 1.0079265832901 2954
1751208788432 0.48564308881759644 2955
1751208789452 0.8937931060791016 2956
1751208790424 0.7996593117713928 2957
1751208791391 1.5247424840927124 2958
1751208792405 0.6761242747306824 2959
1751208793366 0.5880969166755676 2960
1751208794305 1.0498210191726685 2961
1751208795330 0.9312896728515625 2962
1751208796272 1.2612566947937012 2963
1751208797240 0.758366048336029 2964
1751208798209 0.7005072832107544 2965
1751208799181 0.3726370930671692 2966
1751208800160 0.5781331062316895 2967
1751208801058 1.0843638181686401 2968
1751208802020 0.9472882151603699 2969
1751208802987 1.000004768371582 2970
1751208803950 1.4834325313568115 2971
1751208804923 0.9535524249076843 2972
1751208805903 0.9581820368766785 2973
1751208806869 0.1434537172317505 2974
1751208807842 0.717734158039093 2975
1751208808817 0.8181783556938171 2976
1751208809770 0.7320160865783691 2977
1751208810735 0.8986675143241882 2978
1751208811680 0.8444178700447083 2979
1751208812635 0.7311392426490784 2980
1751208813538 2.968245506286621 2981
1751208814490 0.7277853488922119 2982
1751208815435 1.4636201858520508 2983
1751208816437 2.1875786781311035 2984
1751208817420 0.9815607070922852 2985
1751208818376 1.0323246717453003 2986
1751208819368 0.8809881210327148 2987
1751208820185 0.5904560089111328 2988
1751208821146 0.20043908059597015 2989
1751208822121 0.8754898309707642 2990
1751208822949 1.529558777809143 2991
1751208823897 0.9478921890258789 2992
1751208824905 0.8885540962219238 2993
1751208825881 0.9790148735046387 2994
1751208826840 1.1435149908065796 2995
1751208827801 0.8462551236152649 2996
1751208828758 1.013440489768982 2997
1751208829721 0.5314696431159973 2998
1751208830681 1.1786754131317139 2999
1751208831703 0.4080792963504791 3000
1751208832694 0.752306342124939 3001
1751208833669 1.0528297424316406 3002
1751208834600 0.6484319567680359 3003
1751208835579 1.718408465385437 3004
1751208836416 0.956658661365509 3005
1751208837359 1.0345300436019897 3006
1751208838336 1.1123778820037842 3007
1751208839330 0.8124352097511292 3008
1751208840578 0.8623456358909607 3009
1751208841427 0.9333236813545227 3010
1751208842371 1.0642542839050293 3011
1751208843356 1.3070305585861206 3012
1751208844348 0.5670944452285767 3013
1751208845318 0.7844335436820984 3014
1751208846310 1.2166423797607422 3015
1751208847132 2.4804577827453613 3016
1751208848093 1.3784841299057007 3017
1751208849046 0.8997225165367126 3018
1751208850045 1.2671871185302734 3019
1751208850944 0.9227191805839539 3020
1751208851927 0.1757529228925705 3021
1751208852944 1.0860404968261719 3022
1751208853897 0.836586594581604 3023
1751208854885 0.7611213326454163 3024
1751208855866 0.5072046518325806 3025
1751208856842 0.7848032116889954 3026
1751208857841 0.6630392074584961 3027
1751208858806 1.1248387098312378 3028
1751208859785 0.7771086692810059 3029
1751208860741 0.9657709002494812 3030
1751208861748 0.5485676527023315 3031
1751208862757 0.8403326869010925 3032
1751208863700 1.0839508771896362 3033
1751208864521 1.15736985206604 3034
1751208865493 0.34057140350341797 3035
1751208866447 0.6179277300834656 3036
1751208867408 1.2394801378250122 3037
1751208868367 0.9281068444252014 3038
1751208869310 1.2866474390029907 3039
1751208870356 0.5989687442779541 3040
1751208871308 0.7669965028762817 3041
1751208872269 0.7690743803977966 3042
1751208873233 0.5180813670158386 3043
1751208874040 3.021765947341919 3044
1751208874981 1.144223928451538 3045
1751208875945 0.5012837052345276 3046
1751208876770 2.001573324203491 3047
1751208877759 0.7231563925743103 3048
1751208878775 0.7209585309028625 3049
1751208879763 0.9878109097480774 3050
1751208880782 0.6401228308677673 3051
1751208881741 0.8983929753303528 3052
1751208882582 0.9806462526321411 3053
1751208883602 1.1030492782592773 3054
1751208884584 0.7628575563430786 3055
1751208885549 0.6486750245094299 3056
1751208886506 0.8305821418762207 3057
1751208887495 0.6094163060188293 3058
1751208888452 0.5931375622749329 3059
1751208889454 0.9424028396606445 3060
1751208890446 0.5629567503929138 3061
1751208891405 1.2366020679473877 3062
1751208892254 1.4712389707565308 3063
1751208893193 0.9876670837402344 3064
1751208894134 1.3857163190841675 3065
1751208894963 1.4965964555740356 3066
1751208895964 0.6284608244895935 3067
1751208896918 0.6960241198539734 3068
1751208898109 0.5735921859741211 3069
1751208899113 1.0287834405899048 3070
1751208900070 2.2235591411590576 3071
1751208901038 0.5492941737174988 3072
1751208902030 1.3598284721374512 3073
1751208902969 0.7156907320022583 3074
1751208903930 0.6043142676353455 3075
1751208904902 0.9080601930618286 3076
1751208905860 1.0387519598007202 3077
1751208906842 1.1718083620071411 3078
1751208907794 0.5674669742584229 3079
1751208908636 2.530390739440918 3080
1751208909610 0.6031666398048401 3081
1751208910586 0.8478986024856567 3082
1751208911533 0.7176451683044434 3083
1751208912495 1.1313250064849854 3084
1751208913466 1.2989925146102905 3085
1751208914446 0.7307868599891663 3086
1751208915426 0.6406715512275696 3087
1751208916397 0.7057306170463562 3088
1751208917379 1.024946689605713 3089
1751208918372 0.8369428515434265 3090
1751208919367 0.8286418318748474 3091
1751208920383 0.8754674792289734 3092
1751208921332 0.6698065400123596 3093
1751208922319 0.8017652630805969 3094
1751208923286 0.6218127608299255 3095
1751208924255 0.6605276465415955 3096
1751208925306 0.5868189930915833 3097
1751208926271 2.427762746810913 3098
1751208927228 0.838901698589325 3099
1751208928173 0.8584949374198914 3100
1751208929139 0.5793982744216919 3101
1751208930145 1.2638036012649536 3102
1751208931101 0.317195862531662 3103
1751208931914 1.2030272483825684 3104
1751208932888 0.5932741761207581 3105
1751208933835 0.620775043964386 3106
1751208934794 1.1662758588790894 3107
1751208935754 0.8078271746635437 3108
1751208936708 0.7160022854804993 3109
1751208937675 0.9511270523071289 3110
1751208938660 0.6114221215248108 3111
1751208939600 0.6740850806236267 3112
1751208940582 0.7188087701797485 3113
1751208941579 1.2547715902328491 3114
1751208942552 0.9628154635429382 3115
1751208943548 0.8814027905464172 3116
1751208944525 0.697001576423645 3117
1751208945484 0.6676996350288391 3118
1751208946485 0.8740288019180298 3119
1751208947439 1.12033212184906 3120
1751208948429 0.8046992421150208 3121
1751208949451 0.6907299160957336 3122
1751208950436 0.7495693564414978 3123
1751208951420 0.9354612231254578 3124
1751208952394 1.0286438465118408 3125
1751208953349 0.9230017066001892 3126
1751208954529 0.31095337867736816 3127
1751208955547 1.146468997001648 3128
1751208956534 1.1155599355697632 3129
1751208957358 0.07856788486242294 3130
1751208958306 0.9568154811859131 3131
1751208959298 1.0599504709243774 3132
1751208960260 0.5641857981681824 3133
1751208961234 0.8343111276626587 3134
1751208962091 1.2488195896148682 3135
1751208963055 0.7088063359260559 3136
1751208964005 0.7921047210693359 3137
1751208964956 1.213921070098877 3138
1751208965963 0.6803404092788696 3139
1751208966963 0.7477070689201355 3140
1751208967945 0.9091782569885254 3141
1751208968792 1.0297205448150635 3142
1751208969750 0.015340943820774555 3143
1751208970723 1.1305097341537476 3144
1751208971688 0.6499225497245789 3145
1751208972639 1.170573115348816 3146
1751208973614 1.4647296667099 3147
1751208974471 1.3561962842941284 3148
1751208975428 1.1142847537994385 3149
1751208976379 0.8835755586624146 3150
1751208977364 1.178613543510437 3151
1751208978311 0.37265148758888245 3152
1751208979283 0.7265236973762512 3153
1751208980244 0.635600209236145 3154
1751208981201 0.5068621635437012 3155
1751208982127 0.5897824168205261 3156
1751208983076 0.5895745158195496 3157
1751208984056 1.0187978744506836 3158
1751208985040 0.9526260495185852 3159
1751208986016 0.7629444003105164 3160
1751208986971 0.7541288137435913 3161
1751208987935 0.540848433971405 3162
1751208988889 0.26084575057029724 3163
1751208989845 0.7897933721542358 3164
1751208990800 0.604189932346344 3165
1751208991756 0.5850487947463989 3166
1751208992729 0.8263548016548157 3167
1751208993666 0.7323998808860779 3168
1751208994669 1.1584385633468628 3169
1751208995652 0.8272903561592102 3170
1751208996474 1.180704116821289 3171
1751208997454 1.4472233057022095 3172
1751208998496 0.8411226272583008 3173
1751208999445 0.7270109057426453 3174
1751209000407 0.9442310333251953 3175
1751209001405 1.2744314670562744 3176
1751209002427 0.7908182144165039 3177
1751209003381 1.006384253501892 3178
1751209004357 0.03727811947464943 3179
1751209005331 0.6978625059127808 3180
1751209006286 0.6164814829826355 3181
1751209007251 0.8379678726196289 3182
1751209008265 0.5874245762825012 3183
1751209009112 0.9737450480461121 3184
1751209010110 1.3186787366867065 3185
1751209011056 0.671819269657135 3186
1751209012325 0.5040777325630188 3187
1751209013282 0.7483901977539062 3188
1751209014294 0.710575520992279 3189
1751209015249 0.35095807909965515 3190
1751209016222 0.7735465168952942 3191
1751209017179 1.0938866138458252 3192
1751209018145 1.0851653814315796 3193
1751209019105 1.548303484916687 3194
1751209020068 1.4901272058486938 3195
1751209021016 0.8585371375083923 3196
1751209021984 0.7232472896575928 3197
1751209022954 0.8637571334838867 3198
1751209023904 0.8719154596328735 3199
1751209024886 1.4688187837600708 3200
1751209025871 1.342065453529358 3201
1751209026850 0.665442943572998 3202
1751209027894 1.1615532636642456 3203
1751209028867 1.1226301193237305 3204
1751209029711 0.8905825018882751 3205
1751209030672 0.8028826117515564 3206
1751209031666 1.0703951120376587 3207
1751209032466 0.8412546515464783 3208
1751209033465 1.0162626504898071 3209
1751209034422 1.3537625074386597 3210
1751209035444 1.2892653942108154 3211
1751209036278 0.5905082821846008 3212
1751209037280 1.574133276939392 3213
1751209038228 0.7643027901649475 3214
1751209039183 0.7564944624900818 3215
1751209040138 0.8688020706176758 3216
1751209041105 0.8053191304206848 3217
1751209042110 0.7606825232505798 3218
1751209043103 0.08735493570566177 3219
1751209044081 1.583652138710022 3220
1751209045059 0.4158768355846405 3221
1751209046029 1.125008225440979 3222
1751209046994 0.511583149433136 3223
1751209047959 0.8098020553588867 3224
1751209048931 1.001558542251587 3225
1751209049889 1.217935562133789 3226
1751209050859 0.9628059267997742 3227
1751209051826 0.7033796310424805 3228
1751209052774 1.2403162717819214 3229
1751209053756 0.7880294322967529 3230
1751209054958 1.2965158224105835 3231
1751209055934 1.447938084602356 3232
1751209056897 1.0292049646377563 3233
1751209057866 0.927635133266449 3234
1751209058695 0.5424152612686157 3235
1751209059687 1.4044420719146729 3236
1751209060694 0.7937790751457214 3237
1751209061648 0.9518362283706665 3238
1751209062639 0.8021656274795532 3239
1751209063596 0.8553647398948669 3240
1751209064567 1.1447285413742065 3241
1751209065542 0.7072316408157349 3242
1751209066486 0.8905847668647766 3243
1751209067479 1.0640314817428589 3244
1751209068493 0.04035976901650429 3245
1751209069440 1.2237930297851562 3246
1751209070413 2.0476908683776855 3247
1751209071369 0.5612739324569702 3248
1751209072326 0.7224181890487671 3249
1751209073323 0.790562629699707 3250
1751209074273 0.7676933407783508 3251
1751209075302 0.18059416115283966 3252
1751209076310 0.5165786147117615 3253
1751209077246 0.9770450592041016 3254
1751209078227 0.7093843817710876 3255
1751209079186 0.7562112808227539 3256
1751209080046 1.1850969791412354 3257
1751209081021 0.9840906262397766 3258
1751209082046 0.8679879307746887 3259
1751209082992 1.0013457536697388 3260
1751209083968 0.5915610194206238 3261
1751209085005 0.8830258250236511 3262
1751209085973 1.1595779657363892 3263
1751209086937 1.1679627895355225 3264
1751209087913 0.9732136130332947 3265
1751209088915 0.7543113827705383 3266
1751209089890 0.7146111726760864 3267
1751209090896 0.5822165012359619 3268
1751209091856 0.7394759058952332 3269
1751209092873 0.6826006174087524 3270
1751209093834 1.0098202228546143 3271
1751209094668 0.6147705912590027 3272
1751209095615 0.7118349075317383 3273
1751209096590 1.0551989078521729 3274
1751209097783 0.7286882996559143 3275
1751209098779 0.6383656859397888 3276
1751209099729 0.5852697491645813 3277
1751209100712 1.2270065546035767 3278
1751209101698 1.097467064857483 3279
1751209102536 0.1217891052365303 3280
1751209103504 0.5476397275924683 3281
1751209104517 0.5134984850883484 3282
1751209105523 0.815009593963623 3283
1751209106493 5.602709770202637 3284
1751209107469 0.5830475687980652 3285
1751209108435 0.10711969435214996 3286
1751209109406 1.1274746656417847 3287
1751209110385 0.16408772766590118 3288
1751209111368 0.6292080283164978 3289
1751209112328 0.682237446308136 3290
1751209113287 0.8444268107414246 3291
1751209114292 0.7663026452064514 3292
1751209115126 1.723016381263733 3293
1751209116135 1.0080870389938354 3294
1751209117079 0.6649571657180786 3295
1751209118076 0.9769396781921387 3296
1751209119038 1.0483683347702026 3297
1751209120007 1.272769808769226 3298
1751209120838 1.0491986274719238 3299
1751209121779 0.9061317443847656 3300
1751209122735 1.455536961555481 3301
1751209123697 0.6772575378417969 3302
1751209124707 1.1721168756484985 3303
1751209125679 1.0384033918380737 3304
1751209126660 0.96004319190979 3305
1751209127608 0.9756739735603333 3306
1751209128602 0.2104218304157257 3307
1751209129614 1.3715399503707886 3308
1751209130595 1.8097717761993408 3309
1751209131554 0.5703420639038086 3310
1751209132508 0.6275968551635742 3311
1751209133502 0.7952351570129395 3312
1751209134470 1.7259790897369385 3313
1751209135304 0.7740598917007446 3314
1751209136311 0.8931131362915039 3315
1751209137274 1.458925724029541 3316
1751209138229 0.6830245852470398 3317
1751209139219 1.9069536924362183 3318
1751209140434 1.184526801109314 3319
1751209141428 1.2005192041397095 3320
1751209142278 1.7152842283248901 3321
1751209143233 1.1045281887054443 3322
1751209144202 0.7503558397293091 3323
1751209145202 0.8833454847335815 3324
1751209146187 1.2655190229415894 3325
1751209147160 0.20830972492694855 3326
1751209147981 1.2505460977554321 3327
1751209148951 1.0159963369369507 3328
1751209149925 0.7045214176177979 3329
1751209150815 0.6401990652084351 3330
1751209151777 1.052291750907898 3331
1751209152795 1.6877578496932983 3332
1751209153743 0.72916179895401 3333
1751209154752 1.2984274625778198 3334
1751209155721 1.0034366846084595 3335
1751209156706 0.4476805627346039 3336
1751209157648 0.7617471814155579 3337
1751209158608 0.48367080092430115 3338
1751209159562 1.3233989477157593 3339
1751209160535 0.453311026096344 3340
1751209161498 0.8478637933731079 3341
1751209162457 0.6311131715774536 3342
1751209163414 0.869613766670227 3343
1751209164407 0.8030869960784912 3344
1751209165399 1.140043020248413 3345
1751209166348 0.9917983412742615 3346
1751209167329 0.9489266872406006 3347
1751209168358 1.5053237676620483 3348
1751209169339 0.8777698874473572 3349
1751209170313 0.5717230439186096 3350
1751209171309 0.7406324744224548 3351
1751209172278 0.8292805552482605 3352
1751209173249 0.7810881733894348 3353
1751209174225 1.4549379348754883 3354
1751209175186 1.317846417427063 3355
1751209176166 0.5776433348655701 3356
1751209177162 1.4741567373275757 3357
1751209178112 1.0399640798568726 3358
1751209179083 1.1988087892532349 3359
1751209180070 1.283129334449768 3360
1751209181041 0.7453367114067078 3361
1751209182028 0.9582940936088562 3362
1751209183192 0.5736484527587891 3363
1751209184140 1.2136211395263672 3364
1751209185096 0.8267986178398132 3365
1751209185916 0.9802282452583313 3366
1751209186897 1.0147651433944702 3367
1751209187871 1.0881612300872803 3368
1751209188829 0.9491416811943054 3369
1751209189686 1.6198217868804932 3370
1751209190642 0.9875850677490234 3371
1751209191649 0.707798421382904 3372
1751209192671 0.5356859564781189 3373
1751209193499 1.3338229656219482 3374
1751209194457 0.36252665519714355 3375
1751209195428 0.6352540254592896 3376
1751209196464 1.0204063653945923 3377
1751209197443 1.0994683504104614 3378
1751209198428 1.1665359735488892 3379
1751209199434 0.8722116351127625 3380
1751209200432 1.4696455001831055 3381
1751209201392 0.6850435137748718 3382
1751209202376 0.8263236880302429 3383
1751209203309 0.6910703778266907 3384
1751209204276 1.1092504262924194 3385
1751209205254 0.578235924243927 3386
1751209206255 0.6904760599136353 3387
1751209207228 0.6983271241188049 3388
1751209208216 0.09719781577587128 3389
1751209209184 0.860320508480072 3390
1751209210158 1.1007064580917358 3391
1751209211143 0.8583047986030579 3392
1751209212116 0.7974637150764465 3393
1751209213069 0.776453971862793 3394
1751209214051 0.6777775883674622 3395
1751209215032 0.24287962913513184 3396
1751209216037 0.9754125475883484 3397
1751209217036 0.8668411374092102 3398
1751209218048 0.7716933488845825 3399
1751209219046 0.7523754239082336 3400
1751209220026 0.4416770040988922 3401
1751209220865 2.0238494873046875 3402
1751209221862 0.8505550622940063 3403
1751209222845 1.5183658599853516 3404
1751209223817 1.0898351669311523 3405
1751209224789 0.7118346691131592 3406
1751209225840 0.4221910238265991 3407
1751209226825 0.6116794943809509 3408
1751209227827 1.0342787504196167 3409
1751209228830 0.9019216895103455 3410
1751209229797 1.0649044513702393 3411
1751209230796 0.29959338903427124 3412
1751209231654 2.2058262825012207 3413
1751209232612 0.8670892119407654 3414
1751209233559 0.7087976336479187 3415
1751209234544 0.6176673769950867 3416
1751209235513 1.1142114400863647 3417
1751209236542 1.0533584356307983 3418
1751209237522 0.8701772689819336 3419
1751209238478 1.7406704425811768 3420
1751209239452 0.6367878317832947 3421
1751209240343 0.9878391623497009 3422
1751209241307 0.8656280636787415 3423
1751209242130 0.6389797925949097 3424
1751209243100 1.546014666557312 3425
1751209244064 1.5768320560455322 3426
1751209245020 0.9659444689750671 3427
1751209246006 1.0700087547302246 3428
1751209246836 0.8399437069892883 3429
1751209247806 1.299484133720398 3430
1751209248689 1.226911187171936 3431
1751209249648 1.2077293395996094 3432
1751209250660 0.8388962149620056 3433
1751209251653 0.4608742892742157 3434
1751209252608 0.7447986006736755 3435
1751209253556 0.5243447422981262 3436
1751209254594 0.5678254961967468 3437
1751209255596 0.7587809562683105 3438
1751209256488 0.301425039768219 3439
1751209257459 1.4021915197372437 3440
1751209258489 1.0246671438217163 3441
1751209259498 0.6587532162666321 3442
1751209260493 0.7566751837730408 3443
1751209261513 1.0158311128616333 3444
1751209262488 0.6539322137832642 3445
1751209263454 1.2406526803970337 3446
1751209264437 0.3286230266094208 3447
1751209265428 0.8342207670211792 3448
1751209266405 0.8893998265266418 3449
1751209267356 0.8530519604682922 3450
1751209268373 0.9327716827392578 3451
1751209269409 1.0007909536361694 3452
1751209270385 0.6783877611160278 3453
1751209271354 0.9470401406288147 3454
1751209272323 0.7250537276268005 3455
1751209273313 0.802956759929657 3456
1751209274279 0.5829398036003113 3457
1751209275282 0.6976221799850464 3458
1751209276328 0.7052873373031616 3459
1751209277337 0.7822948694229126 3460
1751209278302 0.8186582922935486 3461
1751209279133 1.1114988327026367 3462
1751209280113 0.8108547329902649 3463
1751209281088 0.5502635836601257 3464
1751209282077 1.1811951398849487 3465
1751209283067 0.7344284653663635 3466
1751209284036 0.9442481994628906 3467
1751209284994 0.6798965334892273 3468
1751209285958 0.6441218256950378 3469
1751209286793 1.1228455305099487 3470
1751209287740 1.0386402606964111 3471
1751209288749 0.8362364768981934 3472
1751209289708 0.910564124584198 3473
1751209290644 1.0510926246643066 3474
1751209291644 2.569732427597046 3475
1751209292600 1.10545814037323 3476
1751209293552 0.6888359785079956 3477
1751209294562 0.8241484761238098 3478
1751209295531 1.2498835325241089 3479
1751209296474 1.3527637720108032 3480
1751209297504 0.7763561606407166 3481
1751209298466 0.5223116278648376 3482
1751209299304 0.8392589688301086 3483
1751209300261 0.7682257890701294 3484
1751209301235 0.8719561696052551 3485
1751209302185 0.7796075940132141 3486
1751209303151 0.8111129999160767 3487
1751209304120 0.7073752284049988 3488
1751209305103 0.4465924799442291 3489
1751209306068 0.9048990607261658 3490
1751209307034 0.6689950823783875 3491
1751209307852 1.42822265625 3492
1751209308902 1.1282002925872803 3493
1751209309893 1.176120638847351 3494
1751209310875 1.2769790887832642 3495
1751209312070 0.512587308883667 3496
1751209313052 0.7757625579833984 3497
1751209313886 1.2028396129608154 3498
1751209314842 1.6643623113632202 3499
1751209315796 0.6296393275260925 3500
1751209316806 2.0058021545410156 3501
1751209317665 0.9665387272834778 3502
1751209318634 0.6359367370605469 3503
1751209319595 0.8382176756858826 3504
1751209320548 0.8149030804634094 3505
1751209321505 1.0067838430404663 3506
1751209322481 0.6448702216148376 3507
1751209323455 0.8423711657524109 3508
1751209324432 0.5687821507453918 3509
1751209325419 0.866157054901123 3510
1751209326408 0.9712986350059509 3511
1751209327352 0.7359722256660461 3512
1751209328401 1.3254762887954712 3513
1751209329415 0.9175464510917664 3514
1751209330393 0.8900087475776672 3515
1751209331386 0.6685135960578918 3516
1751209332332 0.6638254523277283 3517
1751209333167 1.2486852407455444 3518
1751209334022 1.0798536539077759 3519
1751209334990 1.0710252523422241 3520
1751209335976 1.3151534795761108 3521
1751209336932 0.9761928915977478 3522
1751209337917 0.7487748861312866 3523
1751209338949 0.8026880621910095 3524
1751209339909 0.6584069132804871 3525
1751209340901 1.1156549453735352 3526
1751209341897 1.4951963424682617 3527
1751209342697 0.9213153123855591 3528
1751209343665 0.5835370421409607 3529
1751209344644 0.7587131857872009 3530
1751209345611 0.9768522381782532 3531
1751209346586 0.8441907167434692 3532
1751209347559 0.8500462174415588 3533
1751209348534 0.9958831667900085 3534
1751209349550 0.7206295132637024 3535
1751209350579 1.0368146896362305 3536
1751209351585 0.9601513147354126 3537
1751209352595 0.8681137561798096 3538
1751209353573 0.5360423922538757 3539
1751209354555 1.3845229148864746 3540
1751209355517 0.9360857009887695 3541
1751209356473 0.7806161046028137 3542
1751209357680 1.1101675033569336 3543
1751209358647 1.5221625566482544 3544
1751209359512 1.0752991437911987 3545
1751209360510 1.017508864402771 3546
1751209361478 1.0243406295776367 3547
1751209362421 1.1538174152374268 3548
1751209363383 1.6833995580673218 3549
1751209364374 0.9492999315261841 3550
1751209365346 0.5120750069618225 3551
1751209366328 1.3186619281768799 3552
1751209367331 0.6608440279960632 3553
1751209368321 0.8639235496520996 3554
1751209369315 0.690556526184082 3555
1751209370285 0.6105369925498962 3556
1751209371229 1.341747522354126 3557
1751209372193 0.7292382717132568 3558
1751209373155 0.7430657744407654 3559
1751209374162 0.8860851526260376 3560
1751209375128 0.8024194836616516 3561
1751209376089 0.7992345094680786 3562
1751209377078 0.8419748544692993 3563
1751209378030 0.6038292646408081 3564
1751209378983 0.8306452035903931 3565
1751209379995 0.21492645144462585 3566
1751209380989 0.7545658946037292 3567
1751209381980 0.6622714400291443 3568
1751209383021 1.8378318548202515 3569
1751209383994 1.1348438262939453 3570
1751209385011 0.6360973715782166 3571
1751209386019 0.9258139729499817 3572
1751209386993 0.718302309513092 3573
1751209387951 0.6491667628288269 3574
1751209388931 0.8104528784751892 3575
1751209389896 0.7653058767318726 3576
1751209390841 0.8942667841911316 3577
1751209391789 1.0448479652404785 3578
1751209392804 0.9114651679992676 3579
1751209393785 0.1551477611064911 3580
1751209394745 0.5363892912864685 3581
1751209395736 0.7939308881759644 3582
1751209396734 1.3207811117172241 3583
1751209397700 1.1624782085418701 3584
1751209398661 1.1018062829971313 3585
1751209399647 0.03989146649837494 3586
1751209400631 0.6629666686058044 3587
1751209401826 0.5196322798728943 3588
1751209402834 2.2078659534454346 3589
1751209403819 0.5951445698738098 3590
1751209404787 0.6308706998825073 3591
1751209405790 0.69499272108078 3592
1751209406746 0.7834714651107788 3593
1751209407695 0.698865532875061 3594
1751209408705 1.1610270738601685 3595
1751209409666 0.5988037586212158 3596
1751209410638 0.4794699251651764 3597
1751209411590 0.4069836735725403 3598
1751209412587 1.4904778003692627 3599
1751209413538 0.6386293768882751 3600
1751209465879 1.4684991836547852 3601
1751209466869 1.4938585758209229 3602
1751209467860 0.45642685890197754 3603
1751209468818 0.7724265456199646 3604
1751209469798 0.7303471565246582 3605
1751209470812 0.7259545922279358 3606
1751209471763 0.7161005735397339 3607
1751209472777 0.8631433844566345 3608
1751209473747 0.8403024673461914 3609
1751209474729 0.9583172798156738 3610
1751209475673 0.9643737077713013 3611
1751209476667 0.8487963080406189 3612
1751209477621 0.8006092309951782 3613
1751209478563 0.6206187605857849 3614
1751209479537 2.4900269508361816 3615
1751209480528 0.9560856223106384 3616
1751209481507 1.2241315841674805 3617
1751209482477 0.8870503306388855 3618
1751209483407 2.3440308570861816 3619
1751209484392 1.3783810138702393 3620
1751209485360 0.655772864818573 3621
1751209486322 0.6359204053878784 3622
1751209487297 1.5548906326293945 3623
1751209488245 1.3052579164505005 3624
1751209489099 1.410853385925293 3625
1751209490069 0.6241865158081055 3626
1751209491022 1.2510496377944946 3627
1751209492029 0.8357812762260437 3628
1751209493038 0.9830399751663208 3629
1751209494265 0.5455182194709778 3630
1751209495241 0.9121244549751282 3631
1751209496218 1.090397834777832 3632
1751209497225 1.7762082815170288 3633
1751209498203 1.2972198724746704 3634
1751209499183 1.7778633832931519 3635
1751209500156 0.45845386385917664 3636
1751209501043 3.0293166637420654 3637
1751209502008 0.7983410954475403 3638
1751209502966 1.0630297660827637 3639
1751209503946 0.40509530901908875 3640
1751209504951 0.8959312438964844 3641
1751209505929 1.1271401643753052 3642
1751209506947 0.8553817272186279 3643
1751209507964 0.8360626101493835 3644
1751209508952 1.2205957174301147 3645
1751209509973 1.517575979232788 3646
1751209510931 1.0179401636123657 3647
1751209511927 1.4301929473876953 3648
1751209512945 0.0732516422867775 3649
1751209513958 0.7885676026344299 3650
1751209514959 0.8583475351333618 3651
1751209515940 0.8231445550918579 3652
1751209516908 0.8104152083396912 3653
1751209517893 0.9889326095581055 3654
1751209518869 0.9027633666992188 3655
1751209519691 0.9696939587593079 3656
1751209520699 0.897805392742157 3657
1751209521663 0.45867806673049927 3658
1751209522623 0.8241583108901978 3659
1751209523604 1.165927767753601 3660
1751209524564 0.9138704538345337 3661
1751209525511 1.3202123641967773 3662
1751209526476 0.723827064037323 3663
1751209527423 0.6603361964225769 3664
1751209528410 0.5099077224731445 3665
1751209529410 1.2498775720596313 3666
1751209530364 0.768639862537384 3667
1751209531357 0.9373027086257935 3668
1751209532335 0.9053289294242859 3669
1751209533301 2.179706573486328 3670
1751209534246 0.5330669283866882 3671
1751209535280 0.7559337615966797 3672
1751209536255 0.13363862037658691 3673
1751209537256 0.5320650935173035 3674
1751209538461 1.019147276878357 3675
1751209539415 1.0864580869674683 3676
1751209540391 0.7507404685020447 3677
1751209541438 0.6825181841850281 3678
1751209542459 0.6810588240623474 3679
1751209543431 0.705589771270752 3680
1751209544368 0.8496767282485962 3681
1751209545380 0.5803899765014648 3682
1751209546361 0.4178738594055176 3683
1751209547410 0.9788098335266113 3684
1751209548398 0.6923640966415405 3685
1751209549346 1.001477599143982 3686
1751209550188 1.2155736684799194 3687
1751209551222 0.8990940451622009 3688
1751209552190 1.3028873205184937 3689
1751209553132 1.073058009147644 3690
1751209554100 1.3991369009017944 3691
1751209555084 1.1177204847335815 3692
1751209556046 0.3511105179786682 3693
1751209557040 0.8573466539382935 3694
1751209558025 0.44832611083984375 3695
1751209559009 1.003758430480957 3696
1751209560000 0.8468595743179321 3697
1751209560828 1.7535918951034546 3698
1751209561799 0.6468615531921387 3699
1751209562798 0.9509127140045166 3700
1751209563828 0.6902137398719788 3701
1751209564642 1.6418756246566772 3702
1751209565601 0.682559609413147 3703
1751209566571 0.7362126111984253 3704
1751209567573 1.0002670288085938 3705
1751209568535 0.9898727536201477 3706
1751209569515 1.3512934446334839 3707
1751209570497 0.6663600206375122 3708
1751209571479 0.7181679606437683 3709
1751209572462 0.5770368576049805 3710
1751209573453 0.8167524337768555 3711
1751209574437 0.6086018681526184 3712
1751209575275 1.7636009454727173 3713
1751209576299 0.5985619425773621 3714
1751209577243 1.2509608268737793 3715
1751209578207 1.0582245588302612 3716
1751209579401 1.0032328367233276 3717
1751209580336 1.2286738157272339 3718
1751209581306 1.3100001811981201 3719
1751209582267 0.8201988339424133 3720
1751209583282 0.5736904144287109 3721
1751209584274 0.9128080606460571 3722
1751209585223 0.8604665994644165 3723
1751209586222 0.7988643646240234 3724
1751209587195 0.8157441020011902 3725
1751209588172 0.6917799711227417 3726
1751209589127 0.5526314377784729 3727
1751209590090 1.050817847251892 3728
1751209591100 0.9177448153495789 3729
1751209592103 1.0445369482040405 3730
1751209593080 1.0854132175445557 3731
1751209593945 0.11084644496440887 3732
1751209594953 0.650990903377533 3733
1751209595926 1.2033098936080933 3734
1751209596932 0.5798401236534119 3735
1751209597928 0.8350741267204285 3736
1751209598907 0.6854860782623291 3737
1751209599899 0.7721983790397644 3738
1751209600887 0.5061326026916504 3739
1751209601746 1.1636476516723633 3740
1751209602566 0.9168791770935059 3741
1751209603590 0.8474299311637878 3742
1751209604565 1.8202056884765625 3743
1751209605549 0.8977548480033875 3744
1751209606525 0.7346336245536804 3745
1751209607484 0.6736983060836792 3746
1751209608439 0.6599380373954773 3747
1751209609435 0.8090060353279114 3748
1751209610378 0.8248134851455688 3749
1751209611337 1.3427715301513672 3750
1751209612333 0.5138534903526306 3751
1751209613299 0.6685659289360046 3752
1751209614293 0.6713576316833496 3753
1751209615293 1.448243498802185 3754
1751209616329 0.5941656827926636 3755
1751209617317 0.6122725605964661 3756
1751209618153 1.2685905694961548 3757
1751209619045 0.7748509645462036 3758
1751209620007 0.9063277244567871 3759
1751209620961 1.3986232280731201 3760
1751209621950 0.6813420653343201 3761
1751209623131 0.6259280443191528 3762
1751209624086 0.6205776929855347 3763
1751209625038 1.117228627204895 3764
1751209626038 1.159426212310791 3765
1751209626994 0.7967410683631897 3766
1751209627798 1.1987203359603882 3767
1751209628842 0.9514464139938354 3768
1751209629824 0.6910654902458191 3769
1751209630780 1.0911765098571777 3770
1751209631738 0.7174590229988098 3771
1751209632746 0.7918240427970886 3772
1751209633715 0.9232926368713379 3773
1751209634685 0.7064968943595886 3774
1751209635558 1.3257441520690918 3775
1751209636510 0.9472959637641907 3776
1751209637505 1.5870689153671265 3777
1751209638507 0.735235869884491 3778
1751209639458 0.1809767633676529 3779
1751209640367 1.0416139364242554 3780
1751209641386 0.3794037699699402 3781
1751209642382 0.23024103045463562 3782
1751209643326 0.8541601300239563 3783
1751209644314 1.3455957174301147 3784
1751209645315 1.1062601804733276 3785
1751209646273 0.72161865234375 3786
1751209647275 0.8159818649291992 3787
1751209648232 0.5440082550048828 3788
1751209649218 0.9556218981742859 3789
1751209650207 0.5487859845161438 3790
1751209651209 0.8959246873855591 3791
1751209652197 0.9744791388511658 3792
1751209653153 0.7510700821876526 3793
1751209654125 1.1241267919540405 3794
1751209655072 0.57136470079422 3795
1751209656093 1.0968252420425415 3796
1751209657072 0.7653355598449707 3797
1751209658044 0.44528552889823914 3798
1751209659006 0.6171299815177917 3799
1751209659984 0.5220744609832764 3800
1751209660935 0.8203369379043579 3801
1751209661751 1.3438607454299927 3802
1751209662735 1.8725156784057617 3803
1751209663757 0.8696162104606628 3804
1751209664974 0.9408084154129028 3805
1751209665939 1.267094612121582 3806
1751209666936 0.6001389026641846 3807
1751209667906 0.9511820077896118 3808
1751209668891 1.1495907306671143 3809
1751209669884 0.31916123628616333 3810
1751209670843 1.3530677556991577 3811
1751209671785 0.8504951596260071 3812
1751209672724 0.9326714277267456 3813
1751209673680 1.5389140844345093 3814
1751209674629 0.7232949137687683 3815
1751209675594 0.940034031867981 3816
1751209676627 1.6144174337387085 3817
1751209677582 1.1732563972473145 3818
1751209678554 1.2779619693756104 3819
1751209679530 0.490980327129364 3820
1751209680515 0.955041229724884 3821
1751209681473 0.7083998918533325 3822
1751209682461 0.661234438419342 3823
1751209683443 0.22261279821395874 3824
1751209684436 0.8590841293334961 3825
1751209685260 1.096877932548523 3826
1751209686092 0.7917675971984863 3827
1751209687084 2.4386842250823975 3828
1751209687992 1.1050949096679688 3829
1751209689002 1.0159399509429932 3830
1751209689972 0.7624468207359314 3831
1751209690929 1.1275562047958374 3832
1751209691885 0.8491806983947754 3833
1751209692815 0.6144864559173584 3834
1751209693797 0.4735625386238098 3835
1751209694795 0.7658540606498718 3836
1751209695778 0.9704562425613403 3837
1751209696756 0.6841793060302734 3838
1751209697702 0.6735396981239319 3839
1751209698683 0.6572769284248352 3840
1751209699647 0.8091913461685181 3841
1751209700593 2.7207679748535156 3842
1751209701577 0.7157166600227356 3843
1751209702552 0.6094465851783752 3844
1751209703385 0.7378466725349426 3845
1751209704359 0.7032567858695984 3846
1751209705334 0.6725722551345825 3847
1751209706567 0.7090401649475098 3848
1751209707575 0.355525940656662 3849
1751209708554 0.8735008239746094 3850
1751209709538 0.8391779065132141 3851
1751209710511 0.8068915605545044 3852
1751209711515 0.5179504156112671 3853
1751209712500 0.8400371670722961 3854
1751209713460 0.96661776304245 3855
1751209714508 0.8109971880912781 3856
1751209715506 0.5832337737083435 3857
1751209716514 0.8462545275688171 3858
1751209717487 1.036950945854187 3859
1751209718433 0.7951874136924744 3860
1751209719455 1.3133471012115479 3861
1751209720457 0.7143787741661072 3862
1751209721443 1.1598573923110962 3863
1751209722477 0.12759891152381897 3864
1751209723455 0.9179539680480957 3865
1751209724277 0.4061121344566345 3866
1751209725125 2.001396894454956 3867
1751209725951 0.9561797380447388 3868
1751209726991 1.272459626197815 3869
1751209727869 1.5709861516952515 3870
1751209728882 1.019195556640625 3871
1751209729885 1.5426207780838013 3872
1751209730904 0.6820561289787292 3873
1751209731874 1.6509846448898315 3874
1751209732868 0.6814019083976746 3875
1751209733837 0.6058595180511475 3876
1751209734804 0.5538086295127869 3877
1751209735806 0.16564953327178955 3878
1751209736829 0.6169211864471436 3879
1751209737785 0.6555086970329285 3880
1751209738825 0.7931804060935974 3881
1751209739844 1.106752634048462 3882
1751209740890 0.8458579182624817 3883
1751209741880 0.621056079864502 3884
1751209742845 0.7886757850646973 3885
1751209743785 0.8924158215522766 3886
1751209744734 0.6725019216537476 3887
1751209745707 1.4879082441329956 3888
1751209746743 0.8594898581504822 3889
1751209747733 1.6003979444503784 3890
1751209748722 0.8631206750869751 3891
1751209749715 0.5769530534744263 3892
1751209750679 0.8495899438858032 3893
1751209751971 0.5379188060760498 3894
1751209752948 2.1164498329162598 3895
1751209753913 0.6865909695625305 3896
1751209754911 0.8797832727432251 3897
1751209755883 0.7919983863830566 3898
1751209756873 0.5819331407546997 3899
1751209757806 0.600750744342804 3900
1751209758782 0.40624338388442993 3901
1751209759729 1.1283937692642212 3902
1751209760687 1.1640398502349854 3903
1751209761648 1.6986817121505737 3904
1751209762464 1.2238556146621704 3905
1751209763448 0.23346926271915436 3906
1751209764272 0.8355846405029297 3907
1751209765299 1.067118525505066 3908
1751209766296 0.9317164421081543 3909
1751209767259 0.9877789616584778 3910
1751209768267 1.5124062299728394 3911
1751209769257 0.9194038510322571 3912
1751209770124 0.9469227194786072 3913
1751209771100 0.6896776556968689 3914
1751209772101 0.688339352607727 3915
1751209773085 0.6965668797492981 3916
1751209774052 0.5980739593505859 3917
1751209775029 0.7388555407524109 3918
1751209775986 1.7167789936065674 3919
1751209776959 0.8443487286567688 3920
1751209777975 1.1663074493408203 3921
1751209778955 1.2265536785125732 3922
1751209779956 1.5975486040115356 3923
1751209780953 0.8084065318107605 3924
1751209781943 1.363373041152954 3925
1751209782935 0.7270881533622742 3926
1751209783911 0.8575690388679504 3927
1751209784969 0.9313980340957642 3928
1751209785953 1.0894088745117188 3929
1751209786930 0.8077251315116882 3930
1751209787917 0.7885217070579529 3931
1751209789126 0.7191915512084961 3932
1751209790066 0.296284019947052 3933
1751209791025 0.6806689500808716 3934
1751209792048 0.9053016901016235 3935
1751209793030 0.6755404472351074 3936
1751209794041 0.6799477934837341 3937
1751209795019 0.8349490165710449 3938
1751209795831 1.5005394220352173 3939
1751209796829 0.9001488089561462 3940
1751209797799 0.7685007452964783 3941
1751209798760 0.966270923614502 3942
1751209799732 0.9475591778755188 3943
1751209800712 1.0024888515472412 3944
1751209801660 0.8205857276916504 3945
1751209802671 0.7138139605522156 3946
1751209803627 0.7162455916404724 3947
1751209804632 0.7784953117370605 3948
1751209805611 1.9409226179122925 3949
1751209806593 0.8434087038040161 3950
1751209807569 0.8207594156265259 3951
1751209808561 1.2092951536178589 3952
1751209809549 0.7844029664993286 3953
1751209810397 1.1550025939941406 3954
1751209811270 0.8430256247520447 3955
1751209812229 0.8360380530357361 3956
1751209813212 1.145304560661316 3957
1751209814182 0.515839695930481 3958
1751209815010 2.9305436611175537 3959
1751209815973 1.0151373147964478 3960
1751209816805 2.7967605590820312 3961
1751209817764 1.02615225315094 3962
1751209818720 0.3410707712173462 3963
1751209819689 1.169921875 3964
1751209820689 1.0477322340011597 3965
1751209821652 0.5099944472312927 3966
1751209822485 1.8351205587387085 3967
1751209823476 0.9409252405166626 3968
1751209824759 0.842137336730957 3969
1751209825720 0.40348806977272034 3970
1751209826535 1.4427485466003418 3971
1751209827498 0.8449365496635437 3972
1751209828500 0.8789433836936951 3973
1751209829475 0.919468343257904 3974
1751209830438 1.1545286178588867 3975
1751209831386 1.1447635889053345 3976
1751209832348 0.7158412933349609 3977
1751209833309 0.8925318121910095 3978
1751209834289 0.6539220213890076 3979
1751209835281 1.5010476112365723 3980
1751209836238 0.7030717134475708 3981
1751209837244 0.9834370017051697 3982
1751209838208 1.1168359518051147 3983
1751209839201 0.5827676653862 3984
1751209840152 0.7446820139884949 3985
1751209841131 0.22034338116645813 3986
1751209842087 0.4142467677593231 3987
1751209843095 1.2490078210830688 3988
1751209844103 0.7141656875610352 3989
1751209845100 0.6690451502799988 3990
1751209846057 0.7824587225914001 3991
1751209847011 0.9960737228393555 3992
1751209848087 0.7338041663169861 3993
1751209849059 1.3260287046432495 3994
1751209849897 1.2491897344589233 3995
1751209850928 1.4304777383804321 3996
1751209851956 0.8858601450920105 3997
1751209852783 1.3411709070205688 3998
1751209853824 0.7586435675621033 3999
1751209854799 0.939551055431366 4000
1751209855792 1.1467370986938477 4001
1751209856775 0.5194226503372192 4002
1751209857775 0.7652134895324707 4003
1751209858744 0.6895617842674255 4004
1751209859735 0.6170384287834167 4005
1751209860728 0.5908341407775879 4006
1751209861687 0.8266136050224304 4007
1751209862934 0.8425149917602539 4008
1751209863910 0.8201661705970764 4009
1751209864870 0.7800695300102234 4010
1751209865700 0.7187281847000122 4011
1751209866653 1.1532329320907593 4012
1751209867693 1.1277707815170288 4013
1751209868647 1.3940268754959106 4014
1751209869617 1.088173508644104 4015
1751209870576 0.6200243234634399 4016
1751209871562 0.6534790992736816 4017
1751209872549 1.1665395498275757 4018
1751209873530 0.8009052872657776 4019
1751209874551 0.4930330216884613 4020
1751209875418 1.0733836889266968 4021
1751209876367 0.7180833220481873 4022
1751209877347 0.5486292243003845 4023
1751209878387 0.8683575987815857 4024
1751209879387 1.4785873889923096 4025
1751209880345 0.8531055450439453 4026
1751209881319 0.8139433264732361 4027
1751209882309 0.5696437954902649 4028
1751209883271 0.6316997408866882 4029
1751209884233 0.8281776309013367 4030
1751209885195 0.7390658855438232 4031
1751209886160 0.8660987019538879 4032
1751209887132 0.8136106729507446 4033
1751209888042 1.064583659172058 4034
1751209889018 0.8212108612060547 4035
1751209889995 0.7296661734580994 4036
1751209891017 0.9324491620063782 4037
1751209892042 0.9418774843215942 4038
1751209893035 0.6508055925369263 4039
1751209894045 0.8532297015190125 4040
1751209895037 0.6446830630302429 4041
1751209896024 0.871025025844574 4042
1751209896988 1.0413848161697388 4043
1751209898005 1.1702297925949097 4044
1751209898999 0.84381103515625 4045
1751209900185 1.0260584354400635 4046
1751209901156 0.6954626441001892 4047
1751209902200 0.9081591963768005 4048
1751209903173 0.6610208749771118 4049
1751209904156 3.5060012340545654 4050
1751209905131 0.8150051236152649 4051
1751209906103 0.7312139272689819 4052
1751209907156 0.8736419081687927 4053
1751209908099 0.948333740234375 4054
1751209909066 1.3263015747070312 4055
1751209910063 1.6882517337799072 4056
1751209911083 0.660925030708313 4057
1751209912054 0.8605371713638306 4058
1751209913020 0.8799221515655518 4059
1751209913993 1.1738126277923584 4060
1751209914972 0.6665423512458801 4061
1751209915956 1.0553730726242065 4062
1751209916908 1.1833606958389282 4063
1751209917897 0.7196365594863892 4064
1751209918885 0.7301339507102966 4065
1751209919836 0.8647697567939758 4066
1751209920804 0.4294358789920807 4067
1751209921819 0.9109779596328735 4068
1751209922818 1.4767450094223022 4069
1751209923818 1.0765808820724487 4070
1751209924789 1.2309192419052124 4071
1751209925645 3.0832924842834473 4072
1751209926472 0.955452561378479 4073
1751209927461 0.6118773818016052 4074
1751209928417 0.5748327970504761 4075
1751209929376 1.2301863431930542 4076
1751209930183 1.0217477083206177 4077
1751209931190 0.7012600898742676 4078
1751209932006 0.29009974002838135 4079
1751209932844 2.102234125137329 4080
1751209933829 0.5499746799468994 4081
1751209934807 0.7729281783103943 4082
1751209936049 0.7282646894454956 4083
1751209937015 1.0460805892944336 4084
1751209937981 0.8179427981376648 4085
1751209938959 0.662507176399231 4086
1751209939945 0.6330835819244385 4087
1751209940899 1.82616126537323 4088
1751209941863 0.7153299450874329 4089
1751209942824 0.8796945810317993 4090
1751209943791 0.6304515600204468 4091
1751209944764 1.2013987302780151 4092
1751209945739 0.5717911720275879 4093
1751209946711 0.828985869884491 4094
1751209947564 3.4360523223876953 4095
1751209948505 0.7719051241874695 4096
1751209949466 1.2786394357681274 4097
1751209950442 0.7724125981330872 4098
1751209951436 0.8547887206077576 4099
1751209952280 0.6368540525436401 4100
1751209953247 1.2354398965835571 4101
1751209954097 0.7669922709465027 4102
1751209955100 0.7770230770111084 4103
1751209956128 1.3243294954299927 4104
1751209957115 1.0261614322662354 4105
1751209958067 0.7661730647087097 4106
1751209959073 0.9243873357772827 4107
1751209960022 1.2386239767074585 4108
1751209960983 0.8930130004882812 4109
1751209961951 0.5562383532524109 4110
1751209962768 1.922310471534729 4111
1751209963600 2.3721206188201904 4112
1751209964577 0.6015787720680237 4113
1751209965554 0.9291955828666687 4114
1751209966553 0.9365534782409668 4115
1751209967545 0.5858155488967896 4116
1751209968535 1.1126188039779663 4117
1751209969537 1.1378955841064453 4118
1751209970496 0.9498257040977478 4119
1751209971471 1.5227700471878052 4120
1751209972701 0.7181779742240906 4121
1751209973681 0.7160749435424805 4122
1751209974642 0.7378301024436951 4123
1751209975603 0.5424826741218567 4124
1751209976560 0.6510246396064758 4125
1751209977371 2.6524596214294434 4126
1751209978327 0.6216511130332947 4127
1751209979300 0.7094647288322449 4128
1751209980274 0.10019315034151077 4129
1751209981363 0.13478872179985046 4130
1751209982358 0.7605248689651489 4131
1751209983324 0.6322745084762573 4132
1751209984318 0.8124768137931824 4133
1751209985296 0.5988779067993164 4134
1751209986366 0.5584012269973755 4135
1751209987325 0.5799359083175659 4136
1751209988305 0.5340535640716553 4137
1751209989272 1.05446457862854 4138
1751209990287 0.2819470465183258 4139
1751209991285 1.150965690612793 4140
1751209992280 0.9465927481651306 4141
1751209993292 1.5062490701675415 4142
1751209994154 1.3064886331558228 4143
1751209995139 1.0099800825119019 4144
1751209995987 1.1008981466293335 4145
1751209996970 0.9654892086982727 4146
1751209997956 0.926461398601532 4147
1751209998971 1.023290991783142 4148
1751209999924 1.261209487915039 4149
1751210000918 0.5034303665161133 4150
1751210001893 0.897190511226654 4151
1751210002840 0.7568440437316895 4152
1751210003669 2.0091187953948975 4153
1751210004653 0.8773697018623352 4154
1751210005619 1.296982765197754 4155
1751210006436 1.0132863521575928 4156
1751210007400 0.7452539205551147 4157
1751210008401 0.7705127000808716 4158
1751210009470 0.12379109114408493 4159
1751210010471 1.3706331253051758 4160
1751210011423 0.7764329314231873 4161
1751210012391 0.8426294326782227 4162
1751210013363 1.0081942081451416 4163
1751210014330 0.6255095601081848 4164
1751210015320 1.0952311754226685 4165
1751210016275 0.8264709711074829 4166
1751210017362 0.6037924885749817 4167
1751210018337 0.5082707405090332 4168
1751210019320 0.8069923520088196 4169
1751210020281 0.7359901666641235 4170
1751210021265 2.0087227821350098 4171
1751210022259 1.0970748662948608 4172
1751210023205 0.4509519040584564 4173
1751210024167 0.6651543974876404 4174
1751210025197 0.8696304559707642 4175
1751210026167 0.8345238566398621 4176
1751210027203 0.7204397320747375 4177
1751210028185 1.1080360412597656 4178
1751210029175 1.1848748922348022 4179
1751210030164 1.0982671976089478 4180
1751210031160 0.7961459755897522 4181
1751210032161 0.7945743799209595 4182
1751210033137 0.8093540072441101 4183
1751210033979 1.2642749547958374 4184
1751210034947 0.8208093643188477 4185
1751210035929 0.9761134386062622 4186
1751210036893 0.847236156463623 4187
1751210037876 0.858752429485321 4188
1751210038882 0.6108443737030029 4189
1751210039860 0.6766330599784851 4190
1751210040826 0.7257620692253113 4191
1751210041812 0.5597631335258484 4192
1751210042814 1.0630937814712524 4193
1751210043799 0.9547726511955261 4194
1751210044821 1.5175501108169556 4195
1751210045784 0.7875308394432068 4196
1751210046846 2.096933126449585 4197
1751210047824 0.9383640289306641 4198
1751210048811 0.6339905261993408 4199
1751210049777 0.49814602732658386 4200
1751210050838 0.9279638528823853 4201
1751210051812 0.7322597503662109 4202
1751210052792 0.8444375991821289 4203
1751210053760 1.2501087188720703 4204
1751210054751 1.212969183921814 4205
1751210055724 0.6342331171035767 4206
1751210056730 0.752255916595459 4207
1751210057687 0.6162557005882263 4208
1751210058502 0.9784454703330994 4209
1751210059466 0.8088961839675903 4210
1751210060447 0.9388359189033508 4211
1751210061419 0.7032638788223267 4212
1751210062427 0.09869072586297989 4213
1751210063398 1.0952953100204468 4214
1751210064425 0.7198899984359741 4215
1751210065429 0.7491549849510193 4216
1751210066425 0.7142521739006042 4217
1751210067408 1.2705845832824707 4218
1751210068421 0.7728227972984314 4219
1751210069442 0.8732959628105164 4220
1751210070447 0.23018252849578857 4221
1751210071413 0.6037347912788391 4222
1751210072391 0.6356469988822937 4223
1751210073364 1.1889207363128662 4224
1751210074369 1.6640417575836182 4225
1751210075353 0.5284283757209778 4226
1751210076310 2.590787649154663 4227
1751210077314 1.1214373111724854 4228
1751210078280 0.9208233952522278 4229
1751210079123 1.69914972782135 4230
1751210080075 0.9371929168701172 4231
1751210081050 0.6591953635215759 4232
1751210082048 2.1617839336395264 4233
1751210083325 0.889007031917572 4234
1751210084334 1.489417552947998 4235
1751210085362 0.8959242105484009 4236
1751210086349 0.7906467318534851 4237
1751210087347 0.5864177346229553 4238
1751210088340 0.7459461092948914 4239
1751210089337 0.6214084029197693 4240
1751210090308 0.37605661153793335 4241
1751210091287 0.9786505103111267 4242
1751210092245 1.1920000314712524 4243
1751210093258 0.7084967494010925 4244
1751210094212 0.6126797795295715 4245
1751210095178 1.668086290359497 4246
1751210096120 0.7653163075447083 4247
1751210097121 1.0170539617538452 4248
1751210098087 0.9414300322532654 4249
1751210099063 0.7230371832847595 4250
1751210099983 1.4735854864120483 4251
1751210100968 1.1882065534591675 4252
1751210101932 1.5107711553573608 4253
1751210102901 0.7778197526931763 4254
1751210103864 1.046399712562561 4255
1751210104903 1.0453630685806274 4256
1751210105886 0.5713423490524292 4257
1751210106903 0.618549644947052 4258
1751210107912 0.4989347457885742 4259
1751210108893 0.9707338213920593 4260
1751210109757 0.8425707221031189 4261
1751210110768 1.29995858669281 4262
1751210111745 0.7711082696914673 4263
1751210112732 0.8838487863540649 4264
1751210113734 0.7467541694641113 4265
1751210114687 0.8691176772117615 4266
1751210115659 1.0396584272384644 4267
1751210116614 0.874735951423645 4268
1751210117576 0.6034323573112488 4269
1751210118549 0.7133365273475647 4270
1751210119501 0.6521139740943909 4271
1751210120499 0.636021614074707 4272
1751210121696 0.5361639261245728 4273
1751210122669 0.9106178283691406 4274
1751210123667 1.152315616607666 4275
1751210124655 1.2522523403167725 4276
1751210125651 1.350828766822815 4277
1751210126640 1.0241631269454956 4278
1751210127617 0.15051569044589996 4279
1751210128608 0.713843584060669 4280
1751210129610 0.5515379309654236 4281
1751210130570 1.6024879217147827 4282
1751210131538 0.7104340195655823 4283
1751210132489 1.134672999382019 4284
1751210133336 0.6869685053825378 4285
1751210134290 1.4342105388641357 4286
1751210135252 1.219822883605957 4287
1751210136233 1.4053598642349243 4288
1751210137217 0.8177189230918884 4289
1751210138193 0.7813732028007507 4290
1751210139214 2.0756287574768066 4291
1751210140210 0.7659276127815247 4292
1751210141234 0.7930750250816345 4293
1751210142203 1.1227362155914307 4294
1751210143195 1.6904300451278687 4295
1751210144203 0.9416765570640564 4296
1751210145214 0.6597955822944641 4297
1751210146184 0.7584372758865356 4298
1751210147172 0.3907991051673889 4299
1751210148065 0.9241182208061218 4300
1751210149041 0.6079038977622986 4301
1751210150255 0.9779750108718872 4302
1751210151240 0.70965176820755 4303
1751210152202 0.6495897173881531 4304
1751210153077 1.6962553262710571 4305
1751210154025 1.2965821027755737 4306
1751210155048 1.8284227848052979 4307
1751210155874 0.991193950176239 4308
1751210156877 0.7706934213638306 4309
1751210157825 0.5215526819229126 4310
1751210158672 1.3222297430038452 4311
1751210159681 0.6015235185623169 4312
1751210160641 0.6407605409622192 4313
1751210161506 0.9571805000305176 4314
1751210162476 0.7536925673484802 4315
1751210163476 0.8125773668289185 4316
1751210164431 1.0297552347183228 4317
1751210165408 0.704470157623291 4318
1751210166385 1.2173280715942383 4319
1751210167393 1.2813200950622559 4320
1751210168382 0.9203473329544067 4321
1751210169340 0.8030373454093933 4322
1751210170366 0.7785685062408447 4323
1751210171356 0.6733300089836121 4324
1751210172214 0.3192809224128723 4325
1751210173220 0.8407956957817078 4326
1751210174209 0.7986613512039185 4327
1751210175177 0.6272342801094055 4328
1751210176177 0.8258588910102844 4329
1751210177229 1.3068151473999023 4330
1751210178225 0.8551166653633118 4331
1751210179211 0.607846736907959 4332
1751210180202 0.8776645064353943 4333
1751210181182 0.865321159362793 4334
1751210182380 1.0568798780441284 4335
1751210183366 0.5230627059936523 4336
1751210184348 0.7514505386352539 4337
1751210185304 1.507297158241272 4338
1751210186282 1.3360992670059204 4339
1751210187241 0.6702659130096436 4340
1751210188216 0.5751367807388306 4341
1751210189189 0.7624291777610779 4342
1751210190150 0.5373029112815857 4343
1751210191113 1.6095619201660156 4344
1751210192087 1.3074580430984497 4345
1751210193075 0.7865470051765442 4346
1751210194030 1.3285582065582275 4347
1751210195002 0.8121964335441589 4348
1751210195970 0.7555736899375916 4349
1751210196961 0.9364457130432129 4350
1751210197801 0.9174119830131531 4351
1751210198761 0.9223238229751587 4352
1751210199802 0.8800056576728821 4353
1751210200793 1.3079181909561157 4354
1751210201763 0.7961851358413696 4355
1751210202605 0.8251566886901855 4356
1751210203629 0.4728309214115143 4357
1751210204581 1.1934515237808228 4358
1751210205654 2.601386785507202 4359
1751210206533 0.7876892685890198 4360
1751210207557 0.6467103362083435 4361
1751210208506 0.893427848815918 4362
1751210209467 0.9026690721511841 4363
1751210210297 1.3186564445495605 4364
1751210211285 0.594167947769165 4365
1751210212268 1.1334161758422852 4366
1751210213279 0.977984607219696 4367
1751210214230 0.7328468561172485 4368
1751210215194 1.025219202041626 4369
1751210216164 1.1997002363204956 4370
1751210217171 0.9529197812080383 4371
1751210218130 0.824905514717102 4372
1751210219138 0.9714690446853638 4373
1751210220354 0.5726512670516968 4374
1751210221367 0.8246704936027527 4375
1751210222337 0.1527482122182846 4376
1751210223322 0.30990663170814514 4377
1751210224318 0.8285881280899048 4378
1751210225305 1.0140024423599243 4379
1751210226333 0.7775179147720337 4380
1751210227307 1.110724925994873 4381
1751210228267 0.7603416442871094 4382
1751210229248 1.0475877523422241 4383
1751210230268 0.8361936807632446 4384
1751210231265 0.8672024011611938 4385
1751210232252 0.4580099880695343 4386
1751210233226 0.6329089999198914 4387
1751210234239 1.068562388420105 4388
1751210235210 0.9141753315925598 4389
1751210236187 0.988305389881134 4390
1751210237154 0.867588996887207 4391
1751210238001 0.4708903431892395 4392
1751210238846 1.2167730331420898 4393
1751210239799 0.9640764594078064 4394
1751210240766 0.6928271651268005 4395
1751210241712 0.5718008875846863 4396
1751210242699 1.080841064453125 4397
1751210243707 0.6865717172622681 4398
1751210244708 0.569264829158783 4399
1751210245685 0.09986836463212967 4400
1751210246676 0.03213090822100639 4401
1751210247653 0.9598466753959656 4402
1751210248904 0.740964949131012 4403
1751210249861 0.8135175704956055 4404
1751210250831 1.003464698791504 4405
1751210251867 0.7476090788841248 4406
1751210252904 1.4846340417861938 4407
1751210253869 0.9428996443748474 4408
1751210254933 0.731230616569519 4409
1751210255935 0.7761721611022949 4410
1751210256927 0.8473807573318481 4411
1751210257791 0.10854531824588776 4412
1751210258745 0.6641803979873657 4413
1751210259561 0.9537186026573181 4414
1751210260566 0.9355658888816833 4415
1751210261527 1.0574654340744019 4416
1751210262578 0.6595260500907898 4417
1751210263540 1.3667782545089722 4418
1751210264571 1.0205892324447632 4419
1751210265512 0.5101149082183838 4420
1751210266506 0.7942882776260376 4421
1751210267498 0.5545008182525635 4422
1751210268476 2.4200079441070557 4423
1751210269432 0.7400900721549988 4424
1751210270422 1.215522050857544 4425
1751210271253 1.8739317655563354 4426
1751210272258 0.6938536763191223 4427
1751210273218 0.8607455492019653 4428
1751210274212 1.1374326944351196 4429
1751210275238 0.7089104652404785 4430
1751210276213 0.5785499215126038 4431
1751210277240 0.597821831703186 4432
1751210278226 0.6350380778312683 4433
1751210279187 0.8741751909255981 4434
1751210280204 0.7350941300392151 4435
1751210281266 0.885246753692627 4436
1751210282253 0.956910252571106 4437
1751210283210 1.036251425743103 4438
1751210284170 0.5392271280288696 4439
1751210285143 1.1985639333724976 4440
1751210286133 0.33491042256355286 4441
1751210287143 0.907131016254425 4442
1751210288176 0.5581504702568054 4443
1751210289152 0.6600616574287415 4444
1751210290156 0.8365824818611145 4445
1751210291158 1.2467310428619385 4446
1751210292154 1.0301469564437866 4447
1751210293169 1.3540464639663696 4448
1751210294141 0.5440301895141602 4449
1751210295101 1.0805851221084595 4450
1751210296086 1.2287930250167847 4451
1751210296926 1.7442598342895508 4452
1751210297754 0.9361419081687927 4453
1751210298761 1.284393548965454 4454
1751210299792 1.6018009185791016 4455
1751210300766 1.102128267288208 4456
1751210301736 1.1936657428741455 4457
1751210302569 1.1299006938934326 4458
1751210303542 0.32216256856918335 4459
1751210304385 0.9313643574714661 4460
1751210305353 1.097831130027771 4461
1751210306317 1.6701191663742065 4462
1751210307305 1.0396158695220947 4463
1751210308305 0.668146550655365 4464
1751210309196 0.7854345440864563 4465
1751210310209 0.5837697386741638 4466
1751210311213 0.5906516313552856 4467
1751210312185 0.44997870922088623 4468
1751210313154 1.4028760194778442 4469
1751210314145 0.9102975726127625 4470
1751210315120 1.079440712928772 4471
1751210316070 0.7746707201004028 4472
1751210317053 1.2500380277633667 4473
1751210318300 0.4013420045375824 4474
1751210319288 0.5129967927932739 4475
1751210320242 3.2418720722198486 4476
1751210321221 0.49321556091308594 4477
1751210322207 0.9863691329956055 4478
1751210323165 1.1107577085494995 4479
1751210324172 0.7686776518821716 4480
1751210325147 0.5698260068893433 4481
1751210326141 0.9522687196731567 4482
1751210327130 0.8788896799087524 4483
1751210328091 0.6024327278137207 4484
1751210329052 0.7500340938568115 4485
1751210330013 0.9290266036987305 4486
1751210330990 1.3755995035171509 4487
1751210331998 0.5501832962036133 4488
1751210333017 0.8675516247749329 4489
1751210333992 0.600496768951416 4490
1751210334988 0.9522823691368103 4491
1751210335985 0.7283441424369812 4492
1751210336835 1.8691940307617188 4493
1751210337814 0.055272456258535385 4494
1751210338781 0.9211656451225281 4495
1751210339765 0.6935421824455261 4496
1751210340782 0.788486897945404 4497
1751210341626 1.021649718284607 4498
1751210342642 1.1115823984146118 4499
1751210343629 1.5164841413497925 4500
1751210344641 0.43089088797569275 4501
1751210345499 0.982827365398407 4502
1751210346551 0.9442867040634155 4503
1751210347768 0.8730770945549011 4504
1751210348744 1.5445497035980225 4505
1751210349697 0.6865095496177673 4506
1751210350713 1.0089887380599976 4507
1751210351710 1.0702699422836304 4508
1751210352680 0.6826134920120239 4509
1751210353705 1.3066507577896118 4510
1751210354707 0.6879699230194092 4511
1751210355679 0.5919904708862305 4512
1751210356659 0.5586395263671875 4513
1751210357631 1.0158244371414185 4514
1751210358635 0.7414411902427673 4515
1751210359632 0.5812367796897888 4516
1751210360670 0.7795612215995789 4517
1751210361511 2.052603244781494 4518
1751210362548 1.863237977027893 4519
1751210363557 0.852261483669281 4520
1751210364534 1.2715643644332886 4521
1751210365500 1.1195911169052124 4522
1751210366475 0.6042726039886475 4523
1751210367333 0.39657020568847656 4524
1751210368289 0.588685154914856 4525
1751210369346 1.105169415473938 4526
1751210370335 0.6155270934104919 4527
1751210371291 0.8934789896011353 4528
1751210372262 1.2102469205856323 4529
1751210373237 0.5873295664787292 4530
1751210374179 2.3527450561523438 4531
1751210375144 0.6842378973960876 4532
1751210375973 1.2199501991271973 4533
1751210376920 1.5165601968765259 4534
1751210377887 0.056829605251550674 4535
1751210378868 0.5031650066375732 4536
1751210379830 0.6940634250640869 4537
1751210380949 0.6599113941192627 4538
1751210381930 0.8184606432914734 4539
1751210382769 1.6215378046035767 4540
1751210383718 0.7646676898002625 4541
1751210384673 1.7023776769638062 4542
1751210385690 0.6355422735214233 4543
1751210386651 0.7060837149620056 4544
1751210387617 0.8954367637634277 4545
1751210388606 0.4663124680519104 4546
1751210389603 0.8462240099906921 4547
1751210390451 1.301750659942627 4548
1751210391285 1.167955756187439 4549
1751210392270 1.1669704914093018 4550
1751210393307 0.6787456274032593 4551
1751210394292 0.3801558315753937 4552
1751210395139 1.4488966464996338 4553
1751210396157 0.8447515368461609 4554
1751210397150 1.2162585258483887 4555
1751210398156 1.5179332494735718 4556
1751210399235 1.9694744348526 4557
1751210400248 0.8100212216377258 4558
1751210401224 0.7107740640640259 4559
1751210402186 0.6267677545547485 4560
1751210403159 0.7123306393623352 4561
1751210404204 0.6909942030906677 4562
1751210405173 0.890359103679657 4563
1751210406169 0.7339422106742859 4564
1751210407145 0.6290094256401062 4565
1751210408123 1.036171793937683 4566
1751210409131 0.20414495468139648 4567
1751210410102 2.0733962059020996 4568
1751210411071 0.8252202272415161 4569
1751210412072 0.14558707177639008 4570
1751210413060 0.566189169883728 4571
1751210414016 0.8823134303092957 4572
1751210414977 0.8969408869743347 4573
1751210415987 1.280876636505127 4574
1751210416982 0.8130836486816406 4575
1751210417977 1.0230633020401 4576
1751210419170 0.9222992062568665 4577
1751210420148 1.126540184020996 4578
1751210421108 1.2579561471939087 4579
1751210422090 0.8468214869499207 4580
1751210423107 0.8842319250106812 4581
1751210424098 0.6625502705574036 4582
1751210425112 1.2626378536224365 4583
1751210426085 0.5265833139419556 4584
1751210427111 1.3913389444351196 4585
1751210428155 0.9831007122993469 4586
1751210429130 0.7304572463035583 4587
1751210430075 0.7122350931167603 4588
1751210431071 1.1300045251846313 4589
1751210432049 0.4937560558319092 4590
1751210433026 0.5576475858688354 4591
1751210434019 0.8558252453804016 4592
1751210435069 0.76582270860672 4593
1751210436071 0.5544742941856384 4594
1751210437052 1.105514407157898 4595
1751210438033 0.5210328698158264 4596
1751210439031 1.4548017978668213 4597
1751210439996 1.1886909008026123 4598
1751210440994 0.5650300979614258 4599
1751210441953 0.6689220666885376 4600
1751210442949 0.562494158744812 4601
1751210443787 0.9271360635757446 4602
1751210444773 1.4334073066711426 4603
1751210445771 0.8497737050056458 4604
1751210446761 1.1063979864120483 4605
1751210447779 0.8222530484199524 4606
1751210448737 0.36833158135414124 4607
1751210449997 0.7604190707206726 4608
1751210450983 0.5001907348632812 4609
1751210451820 1.5408687591552734 4610
1751210452797 1.2761757373809814 4611
1751210453788 0.7409058809280396 4612
1751210454799 0.6518204212188721 4613
1751210455801 0.8848540186882019 4614
1751210456824 0.777486264705658 4615
1751210457790 0.7129949927330017 4616
1751210458603 0.37028664350509644 4617
1751210459624 0.8319843411445618 4618
1751210460638 1.0197263956069946 4619
1751210461633 0.8840427398681641 4620
1751210462604 1.6816104650497437 4621
1751210463619 1.324796438217163 4622
1751210464610 0.6771571040153503 4623
1751210465584 0.9319013953208923 4624
1751210466557 0.5343133807182312 4625
1751210467546 0.6829115152359009 4626
1751210468519 1.3852710723876953 4627
1751210469496 0.43730786442756653 4628
1751210470470 0.6509885787963867 4629
1751210471417 0.8780765533447266 4630
1751210472425 0.2228153944015503 4631
1751210473408 3.535860776901245 4632
1751210474255 1.2533762454986572 4633
1751210475275 0.901361882686615 4634
1751210476302 0.9612665176391602 4635
1751210477254 0.5879138708114624 4636
1751210478527 0.768685519695282 4637
1751210479491 1.1512359380722046 4638
1751210480501 0.7090616226196289 4639
1751210481496 0.6567353010177612 4640
1751210482471 1.7197948694229126 4641
1751210483463 1.418618083000183 4642
1751210484361 0.7788788080215454 4643
1751210485343 0.5166842341423035 4644
1751210486317 0.6719830632209778 4645
1751210487259 0.9212380647659302 4646
1751210488070 0.7111641764640808 4647
1751210489051 0.4973621964454651 4648
1751210490005 1.0098800659179688 4649
1751210490961 1.034244179725647 4650
1751210491971 1.331012487411499 4651
1751210492825 0.6885144710540771 4652
1751210493787 0.800135612487793 4653
1751210494770 0.6386688351631165 4654
1751210495741 0.5694369673728943 4655
1751210496719 0.9182508587837219 4656
1751210497685 1.4530917406082153 4657
1751210498643 0.6201640963554382 4658
1751210499605 1.7129669189453125 4659
1751210500643 0.8571348190307617 4660
1751210501591 0.8305673599243164 4661
1751210502424 0.8511776924133301 4662
1751210503400 1.8938156366348267 4663
1751210504237 0.6516149044036865 4664
1751210505192 0.654599130153656 4665
1751210506039 0.8792852759361267 4666
1751210507257 0.810002326965332 4667
1751210508251 0.5857637524604797 4668
1751210509252 0.8580772280693054 4669
1751210510263 0.7796870470046997 4670
1751210511228 0.5733508467674255 4671
1751210512225 0.602839469909668 4672
1751210513206 0.8605945706367493 4673
1751210514225 0.5376890301704407 4674
1751210515219 1.0663738250732422 4675
1751210516192 0.6882386207580566 4676
1751210517144 0.9644953012466431 4677
1751210517981 1.738122820854187 4678
1751210518977 0.7971689105033875 4679
1751210519941 0.2745211720466614 4680
1751210520913 0.42560550570487976 4681
1751210521776 0.6389979720115662 4682
1751210522735 0.9485945701599121 4683
1751210523732 0.45530539751052856 4684
1751210524752 1.013518214225769 4685
1751210525735 0.300483763217926 4686
1751210526725 0.7347723841667175 4687
1751210527580 1.9253395795822144 4688
1751210528566 1.0520305633544922 4689
1751210529535 0.8165022134780884 4690
1751210530519 0.8415327072143555 4691
1751210531480 0.8354905247688293 4692
1751210532431 0.6790410876274109 4693
1751210533401 0.6717456579208374 4694
1751210534234 0.4917725920677185 4695
1751210535503 0.8623530268669128 4696
1751210536474 0.8470897078514099 4697
1751210537438 0.7745198607444763 4698
1751210538424 0.7216631770133972 4699
1751210539428 0.9736709594726562 4700
1751210540377 0.6636188626289368 4701
1751210541208 1.099179744720459 4702
1751210542184 0.6358823776245117 4703
1751210543157 1.0837887525558472 4704
1751210544145 1.3484176397323608 4705
1751210545145 1.1263599395751953 4706
1751210546015 1.2666696310043335 4707
1751210546986 1.117693543434143 4708
1751210547933 1.1746174097061157 4709
1751210548927 1.3065379858016968 4710
1751210549747 1.3325790166854858 4711
1751210550728 0.44399553537368774 4712
1751210551692 1.0074150562286377 4713
1751210552695 0.5650623440742493 4714
1751210553672 0.5212258696556091 4715
1751210554676 1.450423240661621 4716
1751210555739 1.1271886825561523 4717
1751210556717 0.719900369644165 4718
1751210557709 0.5810858607292175 4719
1751210558741 0.6050500273704529 4720
1751210559594 1.1464687585830688 4721
1751210560566 0.5662760734558105 4722
1751210561550 0.8139282464981079 4723
1751210562384 1.047158122062683 4724
1751210563579 0.7045212388038635 4725
1751210564536 0.7451460361480713 4726
1751210565508 0.690089225769043 4727
1751210566480 0.6182703375816345 4728
1751210567345 1.5166127681732178 4729
1751210568393 0.6948457360267639 4730
1751210569245 1.6374667882919312 4731
1751210570258 0.9363924264907837 4732
1751210571259 0.7372283935546875 4733
1751210572237 0.6253911852836609 4734
1751210573217 1.0328967571258545 4735
1751210574171 0.7518426179885864 4736
1751210575024 1.9776105880737305 4737
1751210576012 0.2652621567249298 4738
1751210576963 0.870975136756897 4739
1751210577968 0.7065600752830505 4740
1751210578918 0.9099516868591309 4741
1751210579916 0.977081298828125 4742
1751210580755 1.916550874710083 4743
1751210581747 0.5102648138999939 4744
1751210582717 0.6425935626029968 4745
1751210583694 0.7371177077293396 4746
1751210584648 0.9540719985961914 4747
1751210585634 1.4116209745407104 4748
1751210586592 0.7126073241233826 4749
1751210587555 0.8421772718429565 4750
1751210588408 1.0475424528121948 4751
1751210589374 0.5553925633430481 4752
1751210590341 0.6309612393379211 4753
1751210591531 1.190858244895935 4754
1751210592505 0.46862325072288513 4755
1751210593455 0.7842605113983154 4756
1751210594457 0.37691760063171387 4757
1751210595431 0.7953771948814392 4758
1751210596388 1.6461600065231323 4759
1751210597372 0.8082464337348938 4760
1751210598385 1.0291972160339355 4761
1751210599375 0.7388652563095093 4762
1751210600328 0.880122184753418 4763
1751210601314 0.8086227774620056 4764
1751210602267 0.7470259666442871 4765
1751210603242 0.8958463668823242 4766
1751210604249 0.6955849528312683 4767
1751210605095 1.1208384037017822 4768
1751210606069 0.9793815612792969 4769
1751210607064 0.9261237978935242 4770
1751210608020 0.7257476449012756 4771
1751210608982 0.6908561587333679 4772
1751210609984 0.6833484768867493 4773
1751210610800 0.5831913352012634 4774
1751210611753 1.442625641822815 4775
1751210612721 0.8455728888511658 4776
1751210613686 0.8807626962661743 4777
1751210614656 0.46670180559158325 4778
1751210615655 0.8705045580863953 4779
1751210616622 0.5038185119628906 4780
1751210617642 0.8806848526000977 4781
1751210618595 1.338394045829773 4782
1751210619642 0.8543184399604797 4783
1751210620936 0.8570110201835632 4784
1751210621919 1.6515477895736694 4785
1751210622893 1.291134238243103 4786
1751210623860 0.8477790951728821 4787
1751210624839 0.7576190829277039 4788
1751210625822 0.9621178507804871 4789
1751210626840 0.8570554852485657 4790
1751210627818 0.9099454879760742 4791
1751210628812 1.0220705270767212 4792
1751210629788 0.5971989631652832 4793
1751210630731 0.9237818121910095 4794
1751210631728 1.1415914297103882 4795
1751210632706 0.9345386624336243 4796
1751210633824 0.8463377356529236 4797
1751210634857 0.6177825331687927 4798
1751210635823 0.6002897620201111 4799
1751210636807 0.11438462138175964 4800
1751210637783 0.8033657073974609 4801
1751210638794 0.6769418716430664 4802
1751210639795 0.6287105679512024 4803
1751210640810 0.27565625309944153 4804
1751210641814 0.5964807271957397 4805
1751210642803 1.0745911598205566 4806
1751210643914 0.7472779154777527 4807
1751210644885 0.75724858045578 4808
1751210645889 0.6802204847335815 4809
1751210646877 1.0199871063232422 4810
1751210647841 0.835523247718811 4811
1751210648843 0.7276231050491333 4812
1751210650082 0.8456201553344727 4813
1751210651064 0.8639459013938904 4814
1751210652023 0.7836639881134033 4815
1751210652982 0.9387291073799133 4816
1751210653983 0.7674469947814941 4817
1751210654953 0.7719457745552063 4818
1751210655899 0.08832760155200958 4819
1751210656886 1.0077675580978394 4820
1751210657877 0.9950929880142212 4821
1751210658881 1.2822985649108887 4822
1751210659908 0.897233784198761 4823
1751210660940 0.9150491952896118 4824
1751210661959 1.264431118965149 4825
1751210663074 0.5495378375053406 4826
1751210664068 0.8410913348197937 4827
1751210665096 0.653744637966156 4828
1751210666103 0.7764368653297424 4829
1751210667172 1.0356746912002563 4830
1751210668211 0.8044619560241699 4831
1751210669215 0.7740916609764099 4832
1751210670177 0.9859299063682556 4833
1751210671191 0.7580060958862305 4834
1751210672175 1.159806251525879 4835
1751210673153 0.8014551401138306 4836
1751210673983 1.0633257627487183 4837
1751210675028 1.0446964502334595 4838
1751210675954 1.188069224357605 4839
1751210676953 0.9905405044555664 4840
1751210677947 0.5222727656364441 4841
1751210679104 0.6179429888725281 4842
1751210680134 0.6583602428436279 4843
1751210681249 1.0564593076705933 4844
1751210682090 0.845113217830658 4845
1751210683424 0.6464828848838806 4846
1751210684402 1.1792387962341309 4847
1751210685368 0.6325691342353821 4848
1751210686372 0.6312745809555054 4849
1751210687338 0.19319568574428558 4850
1751210688333 1.218316912651062 4851
1751210689324 1.4240705966949463 4852
1751210690294 0.8763753771781921 4853
1751210691117 1.3256618976593018 4854
1751210692095 1.5898630619049072 4855
1751210693130 0.8557596206665039 4856
1751210694150 0.9295440912246704 4857
1751210695131 0.6195471286773682 4858
1751210696127 0.5341483950614929 4859
1751210697118 1.0554550886154175 4860
1751210698098 1.4443638324737549 4861
1751210699102 0.8187705874443054 4862
1751210700077 0.8787604570388794 4863
1751210701113 0.8027805685997009 4864
1751210702066 0.6411405205726624 4865
1751210703037 1.6691902875900269 4866
1751210703871 0.5753049254417419 4867
1751210704835 0.7907041311264038 4868
1751210705812 0.8201559782028198 4869
1751210706780 0.6692954897880554 4870
1751210708069 1.4659245014190674 4871
1751210709070 1.0280110836029053 4872
1751210710041 0.04940042644739151 4873
1751210711008 1.0484421253204346 4874
1751210711844 0.7883309721946716 4875
1751210712794 0.7654239535331726 4876
1751210713741 0.5772150158882141 4877
1751210714747 0.8857703804969788 4878
1751210715705 0.8798366785049438 4879
1751210716682 0.6826898455619812 4880
1751210717645 0.3809077739715576 4881
1751210718584 0.7393084168434143 4882
1751210719426 1.0230826139450073 4883
1751210720416 1.1118801832199097 4884
1751210721408 0.9346044659614563 4885
1751210722386 0.5326712727546692 4886
1751210723380 0.9050594568252563 4887
1751210724355 0.7693364024162292 4888
1751210725392 1.0737460851669312 4889
1751210726397 1.1163314580917358 4890
1751210727415 1.0623711347579956 4891
1751210728377 0.6266304850578308 4892
1751210729352 0.4679432511329651 4893
1751210730379 0.9605474472045898 4894
1751210731373 1.2698324918746948 4895
1751210732392 1.0408543348312378 4896
1751210733338 0.9066938757896423 4897
1751210734340 1.1868349313735962 4898
1751210735337 0.44497448205947876 4899
1751210736280 0.6742909550666809 4900
1751210737492 1.3533753156661987 4901
1751210738453 0.8133312463760376 4902
1751210739415 0.6058273911476135 4903
1751210740412 0.9679226875305176 4904
1751210741423 1.1420800685882568 4905
1751210742385 0.7456714510917664 4906
1751210743368 0.6284071207046509 4907
1751210744310 1.1773446798324585 4908
1751210745296 1.2392313480377197 4909
1751210746251 0.6013699769973755 4910
1751210747278 0.880828857421875 4911
1751210748272 1.1305011510849 4912
1751210749260 0.22390267252922058 4913
1751210750262 0.8071867227554321 4914
1751210751210 0.8863181471824646 4915
1751210752206 1.1052896976470947 4916
1751210753226 0.8721343874931335 4917
1751210754177 0.9885293841362 4918
1751210755151 0.5085023641586304 4919
1751210756143 0.5543179512023926 4920
1751210757095 0.6017508506774902 4921
1751210758063 0.7310769557952881 4922
1751210759054 0.6482122540473938 4923
1751210760061 0.5699817538261414 4924
1751210761047 0.7761842608451843 4925
1751210761999 0.6936933398246765 4926
1751210762959 0.6624680757522583 4927
1751210763941 1.5907007455825806 4928
1751210764917 1.0529803037643433 4929
1751210766157 1.064613938331604 4930
1751210767125 1.0301077365875244 4931
1751210768120 1.0467112064361572 4932
1751210769124 0.6270084381103516 4933
1751210770170 0.6490079760551453 4934
1751210771163 0.6596593856811523 4935
1751210772150 1.0883663892745972 4936
1751210773154 1.1170942783355713 4937
1751210773987 0.7971721887588501 4938
1751210774988 1.057952880859375 4939
1751210775966 0.8939644694328308 4940
1751210776969 0.8313753008842468 4941
1751210777947 1.1050060987472534 4942
1751210778923 0.188819020986557 4943
1751210779761 0.7504743337631226 4944
1751210780740 1.3259376287460327 4945
1751210781723 0.8228557705879211 4946
1751210782719 0.8021963238716125 4947
1751210783704 0.7484076023101807 4948
1751210784699 0.6751816868782043 4949
1751210785720 1.0677295923233032 4950
1751210786525 2.2425308227539062 4951
1751210787502 1.9225215911865234 4952
1751210788566 0.8668121695518494 4953
1751210789424 1.0072534084320068 4954
1751210790424 0.7567798495292664 4955
1751210791404 0.8086820840835571 4956
1751210792612 0.5762770771980286 4957
1751210793617 0.6228770017623901 4958
1751210794611 0.8812431693077087 4959
1751210795455 0.9242447018623352 4960
1751210796428 0.707832396030426 4961
1751210797380 0.807133674621582 4962
1751210798339 0.7295789122581482 4963
1751210799305 0.7574133276939392 4964
1751210800294 1.2293561697006226 4965
1751210801282 2.4037158489227295 4966
1751210802285 0.9427492022514343 4967
1751210803240 0.7566761374473572 4968
1751210804217 1.0377705097198486 4969
1751210805220 0.764003336429596 4970
1751210806191 0.6303454637527466 4971
1751210807012 0.8810621500015259 4972
1751210807988 0.5075810551643372 4973
1751210808960 1.1485141515731812 4974
1751210809930 1.4357651472091675 4975
1751210810762 0.8702705502510071 4976
1751210811775 1.2313331365585327 4977
1751210812757 0.5343089699745178 4978
1751210813740 0.6434218287467957 4979
1751210814740 0.6653481125831604 4980
1751210815787 0.6495447158813477 4981
1751210816762 0.9852218627929688 4982
1751210818008 1.1347488164901733 4983
1751210818981 0.8005996942520142 4984
1751210819966 1.0979021787643433 4985
1751210820936 1.5625125169754028 4986
1751210821930 0.5470556020736694 4987
1751210822939 1.5880681276321411 4988
1751210823915 0.37945517897605896 4989
1751210824899 0.5377966165542603 4990
1751210825893 1.047060251235962 4991
1751210826915 0.7656192779541016 4992
1751210827956 0.8775352835655212 4993
1751210828970 0.3036458194255829 4994
1751210829951 0.8081972002983093 4995
1751210830947 0.7492545247077942 4996
1751210831911 1.11880624294281 4997
1751210832883 0.7860095500946045 4998
1751210833859 0.6975696682929993 4999
1751210834853 0.6858948469161987 5000
1751210835837 1.1923309564590454 5001
1751210836794 0.8059278726577759 5002
1751210837783 1.2304476499557495 5003
1751210838818 0.4289424419403076 5004
1751210839799 0.8197359442710876 5005
1751210840795 0.8395161032676697 5006
1751210841779 1.3427627086639404 5007
1751210842757 0.6161116361618042 5008
1751210843728 1.1347397565841675 5009
1751210844812 3.833927869796753 5010
1751210845649 0.6330298781394958 5011
1751210846632 0.5354565978050232 5012
1751210847620 1.1511448621749878 5013
1751210848602 1.217643141746521 5014
1751210849603 1.1601269245147705 5015
1751210850607 0.49636346101760864 5016
1751210851590 0.9499143958091736 5017
1751210852554 0.6005794405937195 5018
1751210853536 1.4710229635238647 5019
1751210854552 0.8997344374656677 5020
1751210855419 1.2129008769989014 5021
1751210856388 3.828939914703369 5022
1751210857388 0.68793123960495 5023
1751210858401 0.7718993425369263 5024
1751210859381 0.7787522673606873 5025
1751210860374 1.1523935794830322 5026
1751210861354 0.8897354006767273 5027
1751210862240 1.0035663843154907 5028
1751210863204 0.690788209438324 5029
1751210864201 0.8436779379844666 5030
1751210865195 0.7097516059875488 5031
1751210866172 1.0308080911636353 5032
1751210867043 1.1383637189865112 5033
1751210868047 0.7996389269828796 5034
1751210869030 0.5450072884559631 5035
1751210870013 0.6694011092185974 5036
1751210871301 0.6156378984451294 5037
1751210872293 1.0405458211898804 5038
1751210873252 0.4842689633369446 5039
1751210874268 0.3819648027420044 5040
1751210875264 0.6868745684623718 5041
1751210876256 0.5582830905914307 5042
1751210877252 0.8028827905654907 5043
1751210878248 0.7421819567680359 5044
1751210879209 0.612187385559082 5045
1751210880195 0.0909767597913742 5046
1751210881241 0.6037685871124268 5047
1751210882277 1.2059838771820068 5048
1751210883258 0.9203701019287109 5049
1751210884251 0.6851121783256531 5050
1751210885217 1.104740858078003 5051
1751210886199 0.9527798891067505 5052
1751210887179 0.5936488509178162 5053
1751210888164 0.6299923062324524 5054
1751210889123 1.654815673828125 5055
1751210890100 0.8995766043663025 5056
1751210891085 0.5428690314292908 5057
1751210892048 1.1052870750427246 5058
1751210893026 0.8142055869102478 5059
1751210894026 0.7555684447288513 5060
1751210894846 1.2847975492477417 5061
1751210895855 1.3454965353012085 5062
1751210897157 0.7648264169692993 5063
1751210898182 0.6823933720588684 5064
1751210899159 1.0044515132904053 5065
1751210900157 0.8698649406433105 5066
1751210901116 0.9380785226821899 5067
1751210902084 0.9537944793701172 5068
1751210903055 1.2474029064178467 5069
1751210904042 1.0396358966827393 5070
1751210905018 0.8142221570014954 5071
1751210905861 1.0382298231124878 5072
1751210906834 0.7194592356681824 5073
1751210907842 0.9893437623977661 5074
1751210908849 0.8421298861503601 5075
1751210909848 0.8184946179389954 5076
1751210910813 1.7801506519317627 5077
1751210911780 0.6628853678703308 5078
1751210912757 0.7963897585868835 5079
1751210913767 0.698456883430481 5080
1751210914797 0.6263407468795776 5081
1751210915788 0.565255343914032 5082
1751210916815 0.6987809538841248 5083
1751210917796 0.7323546409606934 5084
1751210918641 0.9501577615737915 5085
1751210919638 0.7269482612609863 5086
1751210920656 0.5638483166694641 5087
1751210921634 0.706935703754425 5088
1751210922856 0.5402880907058716 5089
1751210923848 1.1699211597442627 5090
1751210924830 1.306514024734497 5091
1751210925818 0.5331322550773621 5092
1751210926803 0.5072229504585266 5093
1751210927868 0.84926837682724 5094
1751210928871 1.020825982093811 5095
1751210929840 1.0136350393295288 5096
1751210930819 1.0034401416778564 5097
1751210931810 0.23707900941371918 5098
1751210932805 1.2969859838485718 5099
1751210933776 0.7166191935539246 5100
1751210934830 0.7152840495109558 5101
1751210935798 0.9500364661216736 5102
1751210936622 0.7992756366729736 5103
1751210937607 0.1891680657863617 5104
1751210938594 1.0535930395126343 5105
1751210939564 0.8755532503128052 5106
1751210940393 1.0499225854873657 5107
1751210941365 0.6536825895309448 5108
1751210942219 0.7452933192253113 5109
1751210943207 1.3815487623214722 5110
1751210944199 0.8182916641235352 5111
1751210945218 0.5110587477684021 5112
1751210946185 0.6641817688941956 5113
1751210947151 0.6751967668533325 5114
1751210948134 0.8414868712425232 5115
1751210949372 1.0378497838974 5116
1751210950346 1.1774072647094727 5117
1751210951321 0.8568936586380005 5118
1751210952342 0.778719425201416 5119
1751210953318 0.7895995378494263 5120
1751210954312 0.9915262460708618 5121
1751210955299 1.6312216520309448 5122
1751210956279 0.5203498601913452 5123
1751210957156 1.1141693592071533 5124
1751210958154 1.4227365255355835 5125
1751210959133 0.8925844430923462 5126
1751210960126 0.8875747919082642 5127
1751210961107 0.6598069071769714 5128
1751210962072 0.6837306618690491 5129
1751210963088 0.8198909163475037 5130
1751210964094 0.8172416687011719 5131
1751210965116 1.1710646152496338 5132
1751210966091 1.6827484369277954 5133
1751210966995 1.025596022605896 5134
1751210967992 0.8616428375244141 5135
1751210968967 0.16433191299438477 5136
1751210969983 0.656756579875946 5137
1751210971002 0.8900949358940125 5138
1751210971986 0.5745519995689392 5139
1751210972956 0.7790049910545349 5140
1751210973931 1.0144234895706177 5141
1751210975002 1.7096580266952515 5142
1751210975993 1.1596084833145142 5143
1751210976993 0.9002094268798828 5144
1751210977961 0.4289172291755676 5145
1751210978948 0.9579929709434509 5146
1751210979968 0.834237277507782 5147
1751210980965 0.8272866606712341 5148
1751210981974 0.9905187487602234 5149
1751210982965 0.5656273365020752 5150
1751210983938 0.49538278579711914 5151
1751210984962 0.7667092084884644 5152
1751210985948 0.7801161408424377 5153
1751210986971 0.5290066003799438 5154
1751210987928 1.2281094789505005 5155
1751210988903 0.6096000671386719 5156
1751210989873 0.7733995318412781 5157
1751210990880 0.36780714988708496 5158
1751210991879 0.87042236328125 5159
1751210992851 1.0012589693069458 5160
1751210993819 1.0280004739761353 5161
1751210994852 0.4905983507633209 5162
1751210995851 1.0060659646987915 5163
1751210996866 0.7703113555908203 5164
1751210997857 0.6456423997879028 5165
1751210998864 0.11100621521472931 5166
1751210999836 1.216499924659729 5167
1751211000809 0.8169786334037781 5168
1751211002058 0.3394930958747864 5169
1751211003021 1.4616628885269165 5170
1751211004011 0.7783195376396179 5171
1751211004991 1.3360761404037476 5172
1751211005990 0.5970255732536316 5173
1751211006977 0.9560645222663879 5174
1751211007992 1.0908764600753784 5175
1751211009049 1.2483667135238647 5176
1751211009897 1.3433318138122559 5177
1751211010884 0.9822952151298523 5178
1751211011901 1.132307529449463 5179
1751211012874 0.7967981696128845 5180
1751211013895 0.754576563835144 5181
1751211014865 0.751466691493988 5182
1751211015863 0.8576555252075195 5183
1751211016853 0.8788049817085266 5184
1751211017837 0.6626725196838379 5185
1751211018807 0.6112150549888611 5186
1751211019819 0.7376989722251892 5187
1751211020782 0.5544840693473816 5188
1751211021807 0.5764819383621216 5189
1751211022766 0.6034621596336365 5190
1751211023732 0.7324930429458618 5191
1751211024726 0.6860948204994202 5192
1751211025725 1.024024248123169 5193
1751211026682 0.7271047830581665 5194
1751211027873 0.6466302275657654 5195
1751211028886 0.46305617690086365 5196
1751211029918 0.799000084400177 5197
1751211030886 0.7338234782218933 5198
1751211031889 0.8073930144309998 5199
1751211032911 0.9541946649551392 5200
1751211033919 0.7115926742553711 5201
1751211034929 0.9359495043754578 5202
1751211035891 1.0806941986083984 5203
1751211036880 0.6111459732055664 5204
1751211037866 0.8907940983772278 5205
1751211038872 1.274721622467041 5206
1751211039703 0.8765807151794434 5207
1751211040673 0.605119526386261 5208
1751211041672 0.9262608885765076 5209
1751211042652 0.8851476907730103 5210
1751211043634 0.5949143767356873 5211
1751211044590 0.5572606921195984 5212
1751211045593 1.1181318759918213 5213
1751211046576 1.0444316864013672 5214
1751211047579 1.9520057439804077 5215
1751211048545 0.8884257674217224 5216
1751211049411 1.4019278287887573 5217
1751211050405 0.8169893622398376 5218
1751211051373 0.4927991032600403 5219
1751211052365 0.35287103056907654 5220
1751211053327 1.0021063089370728 5221
1751211054554 0.8076650500297546 5222
1751211055551 0.9840231537818909 5223
1751211056453 0.41491255164146423 5224
1751211057438 0.7334774136543274 5225
1751211058447 0.8570400476455688 5226
1751211059402 0.6611936688423157 5227
1751211060356 0.4813120365142822 5228
1751211061221 1.253477931022644 5229
1751211062199 0.787036120891571 5230
1751211063180 0.4950014054775238 5231
1751211064208 1.6575241088867188 5232
1751211065168 0.7424464225769043 5233
1751211066135 0.7797131538391113 5234
1751211067133 1.0111457109451294 5235
1751211068111 0.948261022567749 5236
1751211069098 0.9216758608818054 5237
1751211070071 1.054550051689148 5238
1751211071043 0.5539652109146118 5239
1751211072086 1.7133474349975586 5240
1751211073084 0.6478438377380371 5241
1751211074062 0.5781874656677246 5242
1751211075066 0.8652721643447876 5243
1751211076065 1.1793111562728882 5244
1751211076882 1.0492407083511353 5245
1751211077722 0.8470520377159119 5246
1751211078738 0.747746467590332 5247
1751211079705 0.6398459076881409 5248
1751211080908 0.8691280484199524 5249
1751211081917 0.811130702495575 5250
1751211082888 0.6856765151023865 5251
1751211083863 0.9110175967216492 5252
1751211084750 1.2956373691558838 5253
1751211085749 0.496746301651001 5254
1751211086722 1.3805512189865112 5255
1751211087727 0.7021506428718567 5256
1751211088700 0.7761784195899963 5257
1751211089720 0.5368971228599548 5258
1751211090664 0.8647746443748474 5259
1751211091644 0.759640634059906 5260
1751211092635 0.8344244956970215 5261
1751211093623 1.032280445098877 5262
1751211094596 0.8578090667724609 5263
1751211095589 0.7027754187583923 5264
1751211096579 1.049858808517456 5265
1751211097594 0.6188850402832031 5266
1751211098559 1.3062567710876465 5267
1751211099546 0.8703285455703735 5268
1751211100563 1.2468690872192383 5269
1751211101580 0.786885142326355 5270
1751211102580 1.0402144193649292 5271
1751211103564 0.8758706450462341 5272
1751211104562 0.882722020149231 5273
1751211105568 0.7488053441047668 5274
1751211106784 0.9927471280097961 5275
1751211107630 1.1577132940292358 5276
1751211108502 0.9207637906074524 5277
1751211109491 1.0103189945220947 5278
1751211110451 0.3538285791873932 5279
1751211111433 1.4073532819747925 5280
1751211112434 0.8717266321182251 5281
1751211113286 2.348752737045288 5282
1751211114250 0.8089060187339783 5283
1751211115213 0.6800804734230042 5284
1751211116237 0.7492652535438538 5285
1751211117191 0.4448898136615753 5286
1751211118172 0.8543235063552856 5287
1751211119154 0.600510835647583 5288
1751211120145 0.6395196318626404 5289
1751211121125 0.8207699060440063 5290
1751211122095 0.7665671706199646 5291
1751211123072 1.2161580324172974 5292
1751211124071 1.295562744140625 5293
1751211125102 0.7515644431114197 5294
1751211126073 0.6740415692329407 5295
1751211127075 0.6589905619621277 5296
1751211128090 0.8580385446548462 5297
1751211129112 0.6605435013771057 5298
1751211130093 0.3634009063243866 5299
1751211131143 0.7169737815856934 5300
1751211132116 0.663165271282196 5301
1751211133106 0.6362507939338684 5302
1751211134296 0.7762882113456726 5303
1751211135267 0.6834366917610168 5304
1751211136259 0.9815086722373962 5305
1751211137231 0.8462192416191101 5306
1751211138240 0.8033515810966492 5307
1751211139235 0.7818124890327454 5308
1751211140226 0.7449170351028442 5309
1751211141249 0.6514485478401184 5310
1751211142215 0.6180322766304016 5311
1751211143192 1.408794641494751 5312
1751211144160 1.012931227684021 5313
1751211145158 0.5166592001914978 5314
1751211145998 1.1475886106491089 5315
1751211147003 1.1417810916900635 5316
1751211147823 0.9998176693916321 5317
1751211148809 0.570300817489624 5318
1751211149821 1.229613184928894 5319
1751211150806 0.23262828588485718 5320
1751211151661 1.450504183769226 5321
1751211152637 0.5015081763267517 5322
1751211153645 1.2466938495635986 5323
1751211154610 0.6141862273216248 5324
1751211155671 1.036570429801941 5325
1751211156636 1.199233889579773 5326
1751211157654 1.0949898958206177 5327
1751211158618 0.4313586354255676 5328
1751211159599 0.7835627198219299 5329
1751211160611 0.10652025789022446 5330
1751211161567 1.062913417816162 5331
1751211162527 0.2782338857650757 5332
1751211163479 0.9977550506591797 5333
1751211164455 0.06399477273225784 5334
1751211165433 0.8945075273513794 5335
1751211166276 1.8155609369277954 5336
1751211167233 0.8075706362724304 5337
1751211168227 0.8295735716819763 5338
1751211169237 0.3092423677444458 5339
1751211170204 0.6583434343338013 5340
1751211171037 1.0037964582443237 5341
1751211172014 1.0796431303024292 5342
1751211173026 0.6332082748413086 5343
1751211173906 1.6143845319747925 5344
1751211174886 1.0037472248077393 5345
1751211175836 0.9200652241706848 5346
1751211177046 1.3783938884735107 5347
1751211178036 0.6398982405662537 5348
1751211178871 1.5758610963821411 5349
1751211179837 1.130416750907898 5350
1751211180826 0.5923439860343933 5351
1751211181821 0.963118851184845 5352
1751211182806 1.3261866569519043 5353
1751211183803 1.484411358833313 5354
1751211184787 1.8474788665771484 5355
1751211185602 0.8553210496902466 5356
1751211186554 1.0160220861434937 5357
1751211187546 0.9084360003471375 5358
1751211188513 0.4562835097312927 5359
1751211189522 0.6725253462791443 5360
1751211190497 0.8493139147758484 5361
1751211191492 1.2951983213424683 5362
1751211192483 0.7594180107116699 5363
1751211193492 1.5446966886520386 5364
1751211194466 0.8666235208511353 5365
1751211195450 0.8293264508247375 5366
1751211196415 1.2676955461502075 5367
1751211197403 1.110963225364685 5368
1751211198233 0.45590952038764954 5369
1751211199197 0.8832030892372131 5370
1751211200406 1.0799130201339722 5371
1751211201375 0.761601448059082 5372
1751211202340 0.6400997638702393 5373
1751211203345 0.830478310585022 5374
1751211204299 0.6595649719238281 5375
1751211205282 0.67353755235672 5376
1751211206238 0.741897702217102 5377
1751211207182 0.6347543001174927 5378
1751211208142 0.6259027719497681 5379
1751211209102 0.7963796257972717 5380
1751211210071 1.3958815336227417 5381
1751211211097 0.9179396033287048 5382
1751211212061 1.1104190349578857 5383
1751211213040 0.5382944941520691 5384
1751211214031 0.7626535296440125 5385
1751211215058 0.8100549578666687 5386
1751211216062 0.7677304148674011 5387
1751211217027 0.7473143935203552 5388
1751211218021 1.0786899328231812 5389
1751211218991 0.7133715748786926 5390
1751211219988 0.5631958246231079 5391
1751211220962 0.24565982818603516 5392
1751211221929 0.7288969159126282 5393
1751211222897 0.9254785776138306 5394
1751211223898 0.5861803889274597 5395
1751211224724 0.7151234149932861 5396
1751211225694 0.6383221745491028 5397
1751211227013 1.3857351541519165 5398
1751211227976 0.6443621516227722 5399
1751211228958 1.1894073486328125 5400
1751211280245 0.8967113494873047 5401
1751211281083 0.6017986536026001 5402
1751211282040 0.7277639508247375 5403
1751211283015 1.5309768915176392 5404
1751211283997 0.8604216575622559 5405
1751211285008 0.9405420422554016 5406
1751211285990 0.46535277366638184 5407
1751211286978 0.5365567803382874 5408
1751211287961 1.080314040184021 5409
1751211288954 1.8762682676315308 5410
1751211289830 0.7025144100189209 5411
1751211290809 0.8892315030097961 5412
1751211291779 0.6938400268554688 5413
1751211292766 0.5996646285057068 5414
1751211293793 1.051181435585022 5415
1751211294787 1.1290929317474365 5416
1751211295815 0.7437135577201843 5417
1751211296780 0.656893253326416 5418
1751211297753 2.188642740249634 5419
1751211298720 1.1939308643341064 5420
1751211299682 0.7988373637199402 5421
1751211300663 1.046567678451538 5422
1751211301625 0.6307530999183655 5423
1751211302832 0.816291332244873 5424
1751211303716 1.5958486795425415 5425
1751211304646 0.7708167433738708 5426
1751211305648 1.0050123929977417 5427
1751211306634 0.5746071934700012 5428
1751211307604 1.2019058465957642 5429
1751211308569 0.6328975558280945 5430
1751211309562 0.7316804528236389 5431
1751211310413 1.1632075309753418 5432
1751211311276 0.91021728515625 5433
1751211312261 0.990982711315155 5434
1751211313306 0.7850597500801086 5435
1751211314268 0.5131834149360657 5436
1751211315228 1.2347965240478516 5437
1751211316195 0.9329924583435059 5438
1751211317227 0.4471319019794464 5439
1751211318186 0.8093262910842896 5440
1751211319164 0.7813557982444763 5441
1751211320159 0.7175741195678711 5442
1751211321116 0.7077503800392151 5443
1751211322111 1.1042979955673218 5444
1751211323106 0.7272243499755859 5445
1751211324432 0.5059327483177185 5446
1751211325405 1.592461109161377 5447
1751211326383 0.5047444105148315 5448
1751211327404 0.729649543762207 5449
1751211328402 0.518083393573761 5450
1751211329380 0.6350710988044739 5451
1751211330384 1.106652855873108 5452
1751211331367 1.0044357776641846 5453
1751211332343 0.9055631160736084 5454
1751211333310 0.8167033791542053 5455
1751211334265 0.4909215271472931 5456
1751211335228 0.6353005766868591 5457
1751211336202 0.6080223917961121 5458
1751211337186 0.6011238098144531 5459
1751211338022 0.8527868390083313 5460
1751211339038 0.6794214248657227 5461
1751211340003 0.7092415690422058 5462
1751211341001 1.4225239753723145 5463
1751211341832 0.7792119383811951 5464
1751211342812 0.7862257361412048 5465
1751211343810 0.4629347026348114 5466
1751211344786 1.1475756168365479 5467
1751211345767 1.1332027912139893 5468
1751211346719 0.9070479273796082 5469
1751211348002 2.34415602684021 5470
1751211348969 1.083016276359558 5471
1751211349955 0.9782312512397766 5472
1751211350931 1.0306743383407593 5473
1751211351905 1.0807756185531616 5474
1751211352900 0.8473171591758728 5475
1751211353881 0.7022588849067688 5476
1751211354858 0.6990743279457092 5477
1751211355831 0.7342473864555359 5478
1751211356850 0.8779120445251465 5479
1751211357716 1.3662999868392944 5480
1751211358718 0.7035837173461914 5481
1751211359694 0.9941542744636536 5482
1751211360698 0.6718694567680359 5483
1751211361692 0.7717036008834839 5484
1751211362701 0.7503597736358643 5485
1751211363674 0.21181544661521912 5486
1751211364624 0.879123330116272 5487
1751211365606 1.012067437171936 5488
1751211366592 1.0881837606430054 5489
1751211367637 1.048810601234436 5490
1751211368633 1.0868734121322632 5491
1751211369642 0.6453335881233215 5492
1751211370652 0.6666779518127441 5493
1751211371659 0.9872299432754517 5494
1751211372611 0.5542601943016052 5495
1751211373849 0.6335525512695312 5496
1751211374848 0.856202244758606 5497
1751211375850 0.7011629939079285 5498
1751211376820 0.866121768951416 5499
1751211377831 1.0007168054580688 5500
1751211378654 1.3199607133865356 5501
1751211379651 0.6284723877906799 5502
1751211380630 1.087631344795227 5503
1751211381580 0.5692214369773865 5504
1751211382605 1.2366125583648682 5505
1751211383609 0.23274433612823486 5506
1751211384596 0.8784244656562805 5507
1751211385562 0.5088585019111633 5508
1751211386579 0.830903947353363 5509
1751211387560 0.9221217036247253 5510
1751211388535 0.6049777865409851 5511
1751211389385 1.2934114933013916 5512
1751211390358 0.6519104838371277 5513
1751211391344 0.3378244936466217 5514
1751211392183 0.9588284492492676 5515
1751211393188 0.8092241287231445 5516
1751211394175 0.9134885668754578 5517
1751211395338 0.8333775401115417 5518
1751211396297 1.1419843435287476 5519
1751211397233 1.7235517501831055 5520
1751211398208 0.8480591177940369 5521
1751211399198 1.3749067783355713 5522
1751211400210 0.8038076758384705 5523
1751211401192 0.6944233179092407 5524
1751211402165 0.6768834590911865 5525
1751211403129 0.728335440158844 5526
1751211403989 1.4802277088165283 5527
1751211404968 1.0030481815338135 5528
1751211405941 0.9384580850601196 5529
1751211406911 0.9444801211357117 5530
1751211407887 0.31898465752601624 5531
1751211408862 0.39261314272880554 5532
1751211409866 1.1122257709503174 5533
1751211410875 1.4319324493408203 5534
1751211411719 1.1835116147994995 5535
1751211412699 0.9020247459411621 5536
1751211413709 0.6606214642524719 5537
1751211414706 0.8446443676948547 5538
1751211415672 1.2603267431259155 5539
1751211416652 1.195738434791565 5540
1751211417899 1.009467363357544 5541
1751211418770 0.6300530433654785 5542
1751211419597 1.9420166015625 5543
1751211420572 0.7521562576293945 5544
1751211421407 0.9897490739822388 5545
1751211422395 1.1576718091964722 5546
1751211423383 0.6568425893783569 5547
1751211424350 0.8129444718360901 5548
1751211425305 0.7145071625709534 5549
1751211426317 0.595987856388092 5550
1751211427300 0.819378674030304 5551
1751211428252 0.6727768778800964 5552
1751211429222 0.718802273273468 5553
1751211430277 0.728024423122406 5554
1751211431133 0.9063084721565247 5555
1751211432124 1.0982707738876343 5556
1751211433108 0.5897241830825806 5557
1751211434094 0.9591307044029236 5558
1751211435102 1.1889798641204834 5559
1751211435953 1.0215215682983398 5560
1751211436969 0.6568238139152527 5561
1751211437980 0.5035563707351685 5562
1751211439213 1.2618740797042847 5563
1751211440065 2.1924831867218018 5564
1751211441034 0.7090344429016113 5565
1751211442021 0.7440140247344971 5566
1751211442999 0.8930967450141907 5567
1751211444018 0.6191436648368835 5568
1751211445013 0.8018911480903625 5569
1751211446073 1.1520050764083862 5570
1751211447090 1.0629630088806152 5571
1751211448155 0.056474633514881134 5572
1751211449140 0.9364067316055298 5573
1751211450159 0.9182936549186707 5574
1751211451176 0.9197877645492554 5575
1751211452190 1.1722385883331299 5576
1751211453167 0.7313882112503052 5577
1751211454172 1.111567735671997 5578
1751211455182 0.9964138269424438 5579
1751211456161 0.10554908215999603 5580
1751211457184 0.5356602072715759 5581
1751211458142 0.8284494280815125 5582
1751211459212 1.4028569459915161 5583
1751211460186 1.042065143585205 5584
1751211461168 0.5215916037559509 5585
1751211462394 1.0716179609298706 5586
1751211463379 0.9818896651268005 5587
1751211464377 0.4693928062915802 5588
1751211465432 0.9220876693725586 5589
1751211466412 0.14473019540309906 5590
1751211467439 1.139908790588379 5591
1751211468434 0.8380250930786133 5592
1751211469447 0.8126049041748047 5593
1751211470454 1.3466534614562988 5594
1751211471445 0.8834721446037292 5595
1751211472300 0.8501238822937012 5596
1751211473144 0.8666418194770813 5597
1751211474170 1.886078119277954 5598
1751211475161 0.71966153383255 5599
1751211476147 1.1632810831069946 5600
1751211477052 0.7660145163536072 5601
1751211478023 1.4356220960617065 5602
1751211478857 1.0653990507125854 5603
1751211479829 1.7080000638961792 5604
1751211480707 1.0233135223388672 5605
1751211481706 0.24434970319271088 5606
1751211482674 1.0403536558151245 5607
1751211483721 1.3846354484558105 5608
1751211484724 0.6451619267463684 5609
1751211485712 1.2994459867477417 5610
1751211486700 1.154760479927063 5611
1751211487698 0.6997265815734863 5612
1751211488951 1.154061198234558 5613
1751211489932 0.6266127824783325 5614
1751211490922 0.9545336961746216 5615
1751211491903 0.8212130665779114 5616
1751211492896 1.6091200113296509 5617
1751211493794 0.8265643119812012 5618
1751211494756 1.009891390800476 5619
1751211495758 1.2326010465621948 5620
1751211496721 0.7347051501274109 5621
1751211497714 1.3421382904052734 5622
1751211498670 1.0141202211380005 5623
1751211499655 0.8087430000305176 5624
1751211500495 0.8309160470962524 5625
1751211501483 0.5704677700996399 5626
1751211502432 0.7395825982093811 5627
1751211503416 0.9951454401016235 5628
1751211504299 1.6263338327407837 5629
1751211505254 0.6358069777488708 5630
1751211506253 0.785812258720398 5631
1751211507289 0.8509148955345154 5632
1751211508288 1.0497068166732788 5633
1751211509285 0.9038922190666199 5634
1751211510484 0.9476528167724609 5635
1751211511485 0.9944474101066589 5636
1751211512507 0.8781213760375977 5637
1751211513528 0.7290729880332947 5638
1751211514517 0.7887405753135681 5639
1751211515510 0.7787775993347168 5640
1751211516468 0.9342018365859985 5641
1751211517531 1.275338053703308 5642
1751211518499 0.5189630389213562 5643
1751211519342 2.661550283432007 5644
1751211520332 0.9057464003562927 5645
1751211521326 0.6163374781608582 5646
1751211522317 0.8198089599609375 5647
1751211523284 0.8228546977043152 5648
1751211524271 0.5154356956481934 5649
1751211525254 0.7734923362731934 5650
1751211526060 0.1253148764371872 5651
1751211527031 0.7162853479385376 5652
1751211527992 0.5590801239013672 5653
1751211528959 0.6486133933067322 5654
1751211529943 0.6377364993095398 5655
1751211530939 1.4179410934448242 5656
1751211531947 0.6458655595779419 5657
1751211533173 0.873587429523468 5658
1751211534167 0.5140275359153748 5659
1751211535225 1.249354600906372 5660
1751211536208 0.5419129729270935 5661
1751211537279 1.4226694107055664 5662
1751211538237 1.626890778541565 5663
1751211539211 1.268375039100647 5664
1751211540187 0.8763326406478882 5665
1751211541160 0.47398850321769714 5666
1751211541994 0.7370685338973999 5667
1751211542978 0.9679710268974304 5668
1751211543964 1.7389767169952393 5669
1751211544989 1.4115732908248901 5670
1751211545966 0.9560955166816711 5671
1751211546961 0.3867799639701843 5672
1751211547953 0.6530060172080994 5673
1751211548911 1.0843645334243774 5674
1751211549921 0.6351589560508728 5675
1751211550913 0.5642449259757996 5676
1751211551907 0.6415665149688721 5677
1751211552882 0.6371568441390991 5678
1751211553861 0.6836563348770142 5679
1751211555077 0.7894012331962585 5680
1751211556070 1.062085509300232 5681
1751211557060 1.4929522275924683 5682
1751211558053 0.2094135284423828 5683
1751211559032 0.7112433910369873 5684
1751211560012 2.3316664695739746 5685
1751211560864 1.9698460102081299 5686
1751211561856 1.4491026401519775 5687
1751211562879 0.8135035634040833 5688
1751211563860 0.7371266484260559 5689
1751211564812 0.6731559634208679 5690
1751211565815 0.819303572177887 5691
1751211566782 0.7935711741447449 5692
1751211567781 0.5586199760437012 5693
1751211568767 0.6816117167472839 5694
1751211569733 0.7091183066368103 5695
1751211570695 1.2771669626235962 5696
1751211571690 0.35032668709754944 5697
1751211572683 0.9261762499809265 5698
1751211573664 1.44205641746521 5699
1751211574501 0.6819815635681152 5700
1751211575553 0.922337532043457 5701
1751211576794 0.795041561126709 5702
1751211577767 1.0746896266937256 5703
1751211578808 0.6398906707763672 5704
1751211579773 1.3578616380691528 5705
1751211580742 0.8395546078681946 5706
1751211581744 0.864057719707489 5707
1751211582735 1.1982014179229736 5708
1751211583722 1.04633629322052 5709
1751211584702 1.5307949781417847 5710
1751211585693 0.9362918734550476 5711
1751211586669 0.8546844124794006 5712
1751211587684 1.0356134176254272 5713
1751211588655 1.1669634580612183 5714
1751211589698 0.7007629871368408 5715
1751211590528 1.4276224374771118 5716
1751211591529 1.1199607849121094 5717
1751211592384 0.931664764881134 5718
1751211593371 0.7394729852676392 5719
1751211594343 0.702987551689148 5720
1751211595197 1.5897029638290405 5721
1751211596211 0.7228070497512817 5722
1751211597168 0.28168103098869324 5723
1751211598411 0.7286357283592224 5724
1751211599419 0.34805169701576233 5725
1751211600404 1.0496145486831665 5726
1751211601408 0.6214284300804138 5727
1751211602436 0.8337641954421997 5728
1751211603313 0.5641059279441833 5729
1751211604284 1.5063589811325073 5730
1751211605282 0.8927608728408813 5731
1751211606246 0.7070781588554382 5732
1751211607253 0.6638062596321106 5733
1751211608206 0.5942184329032898 5734
1751211609043 0.9832913279533386 5735
1751211610019 0.17998024821281433 5736
1751211611007 0.7614511847496033 5737
1751211612012 0.7132079601287842 5738
1751211612996 0.6569252610206604 5739
1751211613965 1.1379483938217163 5740
1751211614811 0.891234815120697 5741
1751211615846 0.8488580584526062 5742
1751211616869 1.3477466106414795 5743
1751211617846 0.8433780670166016 5744
1751211618833 0.6982384920120239 5745
1751211620089 1.0499223470687866 5746
1751211621063 0.627817690372467 5747
1751211622082 0.9973549246788025 5748
1751211623045 0.5317421555519104 5749
1751211624062 1.0752781629562378 5750
1751211624929 1.2198175191879272 5751
1751211625925 0.821057140827179 5752
1751211626924 1.2883890867233276 5753
1751211627753 0.48971694707870483 5754
1751211628733 0.6097473502159119 5755
1751211629740 0.7404558062553406 5756
1751211630705 2.6084518432617188 5757
1751211631713 0.45112353563308716 5758
1751211632675 0.8206382989883423 5759
1751211633666 1.3973090648651123 5760
1751211634502 1.1090935468673706 5761
1751211635546 1.157776117324829 5762
1751211636503 0.6340166330337524 5763
1751211637315 0.5891534090042114 5764
1751211638308 1.0674993991851807 5765
1751211639287 0.6990309953689575 5766
1751211640264 0.6458210349082947 5767
1751211641503 0.5301961302757263 5768
1751211642506 0.9389461874961853 5769
1751211643493 0.5962532758712769 5770
1751211644470 1.008370280265808 5771
1751211645454 0.40411922335624695 5772
1751211646426 0.8733404278755188 5773
1751211647312 0.9409783482551575 5774
1751211648292 1.9903825521469116 5775
1751211649284 0.6934009194374084 5776
1751211650254 0.9774126410484314 5777
1751211651234 0.6929953098297119 5778
1751211652230 1.5623393058776855 5779
1751211653287 1.201141357421875 5780
1751211654279 0.8816255927085876 5781
1751211655264 0.9737003445625305 5782
1751211656235 0.12531833350658417 5783
1751211657241 0.46949344873428345 5784
1751211658204 0.825762927532196 5785
1751211659189 1.2320640087127686 5786
1751211660215 0.660504937171936 5787
1751211661184 0.789348304271698 5788
1751211662164 1.5492781400680542 5789
1751211663386 0.5530913472175598 5790
1751211664275 1.272826910018921 5791
1751211665257 0.5739613771438599 5792
1751211666243 0.9192455410957336 5793
1751211667262 0.8303475379943848 5794
1751211668217 0.893349289894104 5795
1751211669234 0.5865893363952637 5796
1751211670220 1.2531538009643555 5797
1751211671235 0.599263608455658 5798
1751211672198 0.8107153177261353 5799
1751211673229 0.6548357009887695 5800
1751211674214 1.0715833902359009 5801
1751211675182 0.6186767816543579 5802
1751211676177 1.5654593706130981 5803
1751211677183 1.1624870300292969 5804
1751211678026 1.6180824041366577 5805
1751211679049 0.5562372207641602 5806
1751211680034 1.127054214477539 5807
1751211680924 0.7769842147827148 5808
1751211681909 2.1104238033294678 5809
1751211682900 0.823487401008606 5810
1751211683914 0.7143239378929138 5811
1751211685157 1.9166927337646484 5812
1751211686163 0.7534170150756836 5813
1751211687119 1.2314811944961548 5814
1751211688175 0.7502912878990173 5815
1751211689172 0.3682480454444885 5816
1751211690133 0.9300090074539185 5817
1751211691152 1.1674832105636597 5818
1751211692142 1.5335712432861328 5819
1751211693130 1.5045931339263916 5820
1751211694126 0.8941936492919922 5821
1751211695117 0.9432519674301147 5822
1751211696143 1.0527153015136719 5823
1751211697137 0.08393401652574539 5824
1751211698095 0.6857764720916748 5825
1751211699085 1.187863826751709 5826
1751211699925 1.3482719659805298 5827
1751211700902 0.916066586971283 5828
1751211701880 1.097519874572754 5829
1751211702897 0.5360702872276306 5830
1751211703874 0.8841606378555298 5831
1751211704832 0.5783914923667908 5832
1751211705838 0.3103818893432617 5833
1751211707098 0.9556986093521118 5834
1751211708104 0.793869137763977 5835
1751211709107 0.7868704199790955 5836
1751211710129 0.7516841888427734 5837
1751211711143 0.7866489291191101 5838
1751211712107 0.8744768500328064 5839
1751211713098 0.7976580262184143 5840
1751211714128 2.216831922531128 5841
1751211715091 0.7306296229362488 5842
1751211716064 0.6978707313537598 5843
1751211717025 0.9784857034683228 5844
1751211718003 0.7147504687309265 5845
1751211718980 0.7866067886352539 5846
1751211719983 0.7520408034324646 5847
1751211720822 0.830433189868927 5848
1751211721819 0.8451707363128662 5849
1751211722809 0.9907086491584778 5850
1751211723792 0.7433213591575623 5851
1751211724852 0.6325798034667969 5852
1751211725859 0.8693221211433411 5853
1751211726891 0.8221845626831055 5854
1751211727875 0.8883511424064636 5855
1751211729157 0.7368238568305969 5856
1751211730167 0.6220136880874634 5857
1751211731160 0.5987734794616699 5858
1751211732159 0.9099825024604797 5859
1751211733182 0.7531594634056091 5860
1751211734001 2.808361053466797 5861
1751211735046 1.190067172050476 5862
1751211736025 1.1006956100463867 5863
1751211737000 1.07912278175354 5864
1751211738031 0.7414585947990417 5865
1751211739045 0.09176137298345566 5866
1751211739879 0.7848564982414246 5867
1751211740853 1.545369029045105 5868
1751211741815 0.7988371849060059 5869
1751211742782 0.395969420671463 5870
1751211743752 0.7114754319190979 5871
1751211744737 0.4939456880092621 5872
1751211745693 1.1195068359375 5873
1751211746648 0.9444257616996765 5874
1751211747681 0.5187425017356873 5875
1751211748668 0.6214473843574524 5876
1751211749675 1.0498665571212769 5877
1751211750949 0.6285984516143799 5878
1751211751923 0.9635142683982849 5879
1751211752769 1.0450233221054077 5880
1751211753762 0.8836686015129089 5881
1751211754747 0.7459108233451843 5882
1751211755736 1.0373761653900146 5883
1751211756706 1.195307970046997 5884
1751211757673 0.8839306235313416 5885
1751211758644 0.516840934753418 5886
1751211759640 0.8360441327095032 5887
1751211760608 0.5308607220649719 5888
1751211761620 0.8823761940002441 5889
1751211762611 0.9990253448486328 5890
1751211763580 0.6115912795066833 5891
1751211764598 0.6784645318984985 5892
1751211765577 1.0866731405258179 5893
1751211766569 0.6264495253562927 5894
1751211767583 0.8396272659301758 5895
1751211768577 1.8479970693588257 5896
1751211769582 0.7586550712585449 5897
1751211770541 0.651192307472229 5898
1751211771497 0.9572052359580994 5899
1751211772720 0.8763781785964966 5900
1751211773694 0.36562177538871765 5901
1751211774678 0.7036892175674438 5902
1751211775506 0.7226597666740417 5903
1751211776352 1.1765292882919312 5904
1751211777340 0.8885764479637146 5905
1751211778320 0.6549275517463684 5906
1751211779306 0.49530258774757385 5907
1751211780291 0.7331869006156921 5908
1751211781274 0.8218163847923279 5909
1751211782090 1.096342921257019 5910
1751211783060 0.9508105516433716 5911
1751211784036 0.8765320777893066 5912
1751211785013 0.6254525184631348 5913
1751211785847 1.462414026260376 5914
1751211786822 1.0344499349594116 5915
1751211787830 0.8846254348754883 5916
1751211788801 0.3381122052669525 5917
1751211789826 0.8369535803794861 5918
1751211790784 0.6211161017417908 5919
1751211791772 1.0207027196884155 5920
1751211792731 0.9738897681236267 5921
1751211794045 0.5985745191574097 5922
1751211795028 1.0509265661239624 5923
1751211795996 0.733956515789032 5924
1751211797028 0.6184067726135254 5925
1751211798033 1.182148814201355 5926
1751211799063 0.8614935278892517 5927
1751211800024 0.5536473393440247 5928
1751211801020 0.8556982278823853 5929
1751211801915 0.719136655330658 5930
1751211802884 1.13945472240448 5931
1751211803855 0.6751887202262878 5932
1751211804866 1.0334081649780273 5933
1751211805862 0.6647974848747253 5934
1751211806847 0.7618727684020996 5935
1751211807827 0.5532166361808777 5936
1751211808834 0.8126563429832458 5937
1751211809810 1.005722999572754 5938
1751211810778 1.43418288230896 5939
1751211811768 0.7782568335533142 5940
1751211812718 0.8137872815132141 5941
1751211813581 1.3906123638153076 5942
1751211814564 2.3734912872314453 5943
1751211815787 0.5667092204093933 5944
1751211816798 0.3226923942565918 5945
1751211817765 0.6808975338935852 5946
1751211818605 1.8450599908828735 5947
1751211819575 0.7324023246765137 5948
1751211820550 0.811663806438446 5949
1751211821377 1.8148258924484253 5950
1751211822368 0.6961789131164551 5951
1751211823381 0.7125746607780457 5952
1751211824347 0.7668927311897278 5953
1751211825447 0.488730788230896 5954
1751211826430 0.30605626106262207 5955
1751211827432 0.634514331817627 5956
1751211828438 1.14448881149292 5957
1751211829422 0.5916646718978882 5958
1751211830406 0.7306287884712219 5959
1751211831397 0.6443211436271667 5960
1751211832226 1.0653866529464722 5961
1751211833218 0.8161430358886719 5962
1751211834181 0.622847318649292 5963
1751211835156 0.6103893518447876 5964
1751211836162 0.9705254435539246 5965
1751211837360 1.0790760517120361 5966
1751211838207 1.1942940950393677 5967
1751211839128 1.0701080560684204 5968
1751211840124 0.6028565764427185 5969
1751211841119 0.7979484796524048 5970
1751211842145 0.7734115123748779 5971
1751211843263 0.9147592782974243 5972
1751211844252 0.8883728384971619 5973
1751211845214 0.665206253528595 5974
1751211846208 1.1630178689956665 5975
1751211847232 1.0016570091247559 5976
1751211848234 1.0203125476837158 5977
1751211849226 1.131726622581482 5978
1751211850202 0.7679416537284851 5979
1751211851221 0.7434722781181335 5980
1751211852272 0.5843151211738586 5981
1751211853090 1.4119869470596313 5982
1751211854053 0.743823230266571 5983
1751211855030 0.7131862044334412 5984
1751211856007 0.8112351298332214 5985
1751211857003 0.6829879283905029 5986
1751211858022 0.6685619354248047 5987
1751211859271 1.2944008111953735 5988
1751211860241 0.6758670806884766 5989
1751211861224 0.6165565848350525 5990
1751211862263 0.6175100207328796 5991
1751211863307 0.6094837188720703 5992
1751211864323 1.0246694087982178 5993
1751211865367 0.8458957076072693 5994
1751211866288 0.975114643573761 5995
1751211867274 1.2806893587112427 5996
1751211868295 0.999001681804657 5997
1751211869282 1.0488746166229248 5998
1751211870318 1.0842281579971313 5999
1751211871365 1.1231340169906616 6000
1751211872392 0.6593619585037231 6001
1751211873453 0.644524097442627 6002
1751211874440 0.8460046648979187 6003
1751211875517 0.7701162695884705 6004
1751211876525 1.1543744802474976 6005
1751211877557 1.0025134086608887 6006
1751211878562 1.5077552795410156 6007
1751211879906 0.8509942889213562 6008
1751211880876 0.8336289525032043 6009
1751211881706 2.0318801403045654 6010
1751211882724 1.1245110034942627 6011
1751211883712 0.7650834918022156 6012
1751211884688 0.5083835124969482 6013
1751211885711 0.8067570924758911 6014
1751211886735 0.7956871390342712 6015
1751211887724 0.389319509267807 6016
1751211888677 0.5485923290252686 6017
1751211889692 0.9991741180419922 6018
1751211890575 0.642047643661499 6019
1751211891533 0.4586178958415985 6020
1751211892499 0.659673273563385 6021
1751211893369 2.5701305866241455 6022
1751211894350 1.2558730840682983 6023
1751211895344 1.4278061389923096 6024
1751211896321 0.9391502737998962 6025
1751211897297 0.5772778391838074 6026
1751211898284 0.5000824928283691 6027
1751211899617 0.6827298998832703 6028
1751211900584 1.1196130514144897 6029
1751211901572 0.7316136956214905 6030
1751211902582 0.7296774387359619 6031
1751211903611 1.4395053386688232 6032
1751211904636 1.068175196647644 6033
1751211905608 1.0148378610610962 6034
1751211906560 1.5943341255187988 6035
1751211907549 0.8581046462059021 6036
1751211908549 0.5261243581771851 6037
1751211909573 0.6057531237602234 6038
1751211910576 0.7894572019577026 6039
1751211911554 1.039947748184204 6040
1751211912397 0.7518399953842163 6041
1751211913425 0.7171821594238281 6042
1751211914415 0.7862274050712585 6043
1751211915405 1.0407946109771729 6044
1751211916395 1.0318106412887573 6045
1751211917438 0.5420031547546387 6046
1751211918429 0.7868632674217224 6047
1751211919427 0.5024387240409851 6048
1751211920628 0.8640583157539368 6049
1751211921638 0.6837205290794373 6050
1751211922620 0.860578179359436 6051
1751211923592 0.5670872330665588 6052
1751211924449 0.6206176280975342 6053
1751211925434 0.8338705897331238 6054
1751211926398 1.3085931539535522 6055
1751211927434 1.09958016872406 6056
1751211928421 0.9770936965942383 6057
1751211929430 0.9249451756477356 6058
1751211930492 0.6614118814468384 6059
1751211931473 0.8183208703994751 6060
1751211932294 0.8654133677482605 6061
1751211933263 1.8459713459014893 6062
1751211934228 0.8790491223335266 6063
1751211935072 1.011067271232605 6064
1751211936057 0.7098302245140076 6065
1751211937083 0.6661081314086914 6066
1751211938013 1.0706909894943237 6067
1751211939035 1.0266512632369995 6068
1751211940255 1.141291856765747 6069
1751211941234 0.6202903985977173 6070
1751211942108 1.2376376390457153 6071
1751211943102 0.7384012937545776 6072
1751211944074 1.1818965673446655 6073
1751211944903 0.7756400108337402 6074
1751211945920 0.4918917119503021 6075
1751211946898 0.9560661315917969 6076
1751211947900 1.1507196426391602 6077
1751211948896 0.5771066546440125 6078
1751211949880 1.3348782062530518 6079
1751211950840 0.5799672603607178 6080
1751211951877 0.6719912886619568 6081
1751211952888 1.4867208003997803 6082
1751211953730 1.5684322118759155 6083
1751211954759 0.5990855097770691 6084
1751211955773 0.7074498534202576 6085
1751211956771 0.9245525598526001 6086
1751211957731 0.5436710715293884 6087
1751211958719 0.5084010362625122 6088
1751211959722 1.2143900394439697 6089
1751211960987 0.5402548909187317 6090
1751211961991 0.5025744438171387 6091
1751211962959 0.9145245552062988 6092
1751211963787 0.7260909080505371 6093
1751211964764 0.709941029548645 6094
1751211965592 1.121408462524414 6095
1751211966597 1.5366593599319458 6096
1751211967570 1.1629128456115723 6097
1751211968594 0.8872710466384888 6098
1751211969624 0.6665158867835999 6099
1751211970676 0.25729498267173767 6100
1751211971682 0.6140652298927307 6101
1751211972540 1.4412739276885986 6102
1751211973542 0.14600218832492828 6103
1751211974559 0.8697256445884705 6104
1751211975534 3.1188032627105713 6105
1751211976541 0.8546954989433289 6106
1751211977586 0.7432073354721069 6107
1751211978595 1.1503719091415405 6108
1751211979591 1.2743704319000244 6109
1751211980851 0.9010168313980103 6110
1751211981853 0.8742192387580872 6111
1751211982855 0.7107012867927551 6112
1751211983838 1.1866940259933472 6113
1751211984868 0.9167389273643494 6114
1751211985851 0.1432480663061142 6115
1751211986925 1.090852975845337 6116
1751211987912 1.9758656024932861 6117
1751211988925 1.3083763122558594 6118
1751211989910 0.9835085272789001 6119
1751211990889 1.714248776435852 6120
1751211991954 0.9200795292854309 6121
1751211992961 1.7766364812850952 6122
1751211993781 1.0368956327438354 6123
1751211994783 0.39051857590675354 6124
1751211995756 0.9071763753890991 6125
1751211996731 0.6738311052322388 6126
1751211997714 0.6860820651054382 6127
1751211998685 0.21807076036930084 6128
1751211999661 0.949734628200531 6129
1751212000919 0.5097616314888 6130
1751212002007 0.7588638067245483 6131
1751212003029 1.089194416999817 6132
1751212004007 0.8113264441490173 6133
1751212005125 0.996934711933136 6134
1751212005980 0.73751300573349 6135
1751212006967 1.9441105127334595 6136
1751212007990 0.8297002911567688 6137
1751212008952 0.9527620673179626 6138
1751212009933 0.803371250629425 6139
1751212010910 1.0179213285446167 6140
1751212011922 0.6551553606987 6141
1751212012922 0.8656017184257507 6142
1751212013912 1.0034278631210327 6143
1751212014942 0.6751279830932617 6144
1751212015789 0.8297308087348938 6145
1751212016772 1.3857065439224243 6146
1751212017880 0.6425285339355469 6147
1751212018872 0.8401678204536438 6148
1751212019858 0.9938293695449829 6149
1751212020897 0.8295571208000183 6150
1751212022183 0.9369000792503357 6151
1751212023018 0.9495357871055603 6152
1751212024045 1.292899489402771 6153
1751212025029 0.5226954817771912 6154
1751212026026 1.2228130102157593 6155
1751212027059 0.9123104214668274 6156
1751212028189 0.7157884836196899 6157
1751212029295 0.927492618560791 6158
1751212030291 0.7949185967445374 6159
1751212031299 1.347058892250061 6160
1751212032260 1.7639999389648438 6161
1751212033272 0.9035852551460266 6162
1751212034332 0.9057226181030273 6163
1751212035361 1.2888331413269043 6164
1751212036534 0.5992738604545593 6165
1751212037646 1.1004806756973267 6166
1751212038693 1.1696642637252808 6167
1751212039654 0.9491093754768372 6168
1751212040646 0.854415237903595 6169
1751212041749 0.9142921566963196 6170
1751212042807 0.9902855753898621 6171
1751212044057 1.09725821018219 6172
1751212045063 0.9304409027099609 6173
1751212046142 0.9366289377212524 6174
1751212047134 0.7030304670333862 6175
1751212048099 0.468440443277359 6176
1751212049109 0.5360684394836426 6177
1751212050045 0.7868982553482056 6178
1751212050895 1.7910808324813843 6179
1751212051772 3.554565191268921 6180
1751212052726 1.0169657468795776 6181
1751212053695 2.532320737838745 6182
1751212054648 1.0934730768203735 6183
1751212055634 0.6482222676277161 6184
1751212056590 0.7314052581787109 6185
1751212057622 0.8664957284927368 6186
1751212058458 0.9553539156913757 6187
1751212059316 1.5329922437667847 6188
1751212060289 0.6841463446617126 6189
1751212061357 1.0909157991409302 6190
1751212062363 1.1838020086288452 6191
1751212063567 1.23415207862854 6192
1751212064626 0.9798634648323059 6193
1751212065626 0.5680578351020813 6194
1751212066611 0.8647312521934509 6195
1751212067585 0.7539450526237488 6196
1751212068564 1.6015205383300781 6197
1751212069575 0.8554582595825195 6198
1751212070588 0.6486116647720337 6199
1751212071457 0.6874991655349731 6200
1751212072441 0.8545987010002136 6201
1751212073450 1.6084152460098267 6202
1751212074431 0.6152393221855164 6203
1751212075458 1.1710389852523804 6204
1751212076422 0.9399577379226685 6205
1751212077449 0.6086186766624451 6206
1751212078320 1.3462011814117432 6207
1751212079302 0.7433900833129883 6208
1751212080298 0.685025691986084 6209
1751212081265 0.8603608012199402 6210
1751212082239 0.7155970931053162 6211
1751212083453 0.7942897081375122 6212
1751212084454 1.3359583616256714 6213
1751212085440 0.577172577381134 6214
1751212086430 0.6747369766235352 6215
1751212087446 1.7053416967391968 6216
1751212088428 0.793524444103241 6217
1751212089433 0.9343797564506531 6218
1751212090417 0.6567339897155762 6219
1751212091403 0.6626471877098083 6220
1751212092413 0.9679822325706482 6221
1751212093440 0.7015186548233032 6222
1751212094439 0.8370478749275208 6223
1751212095446 0.9053794741630554 6224
1751212096459 0.554375946521759 6225
1751212097443 1.2776693105697632 6226
1751212098443 0.627133846282959 6227
1751212099450 0.6353603601455688 6228
1751212100468 1.042481541633606 6229
1751212101427 0.5688669681549072 6230
1751212102269 1.4585412740707397 6231
1751212103107 2.7703652381896973 6232
1751212104414 0.6783973574638367 6233
1751212105367 0.7525965571403503 6234
1751212106313 0.6637455821037292 6235
1751212107152 1.299235224723816 6236
1751212108171 0.45810994505882263 6237
1751212109168 0.7681769132614136 6238
1751212110023 0.7495531439781189 6239
1751212111008 0.6337780356407166 6240
1751212112039 0.7062554359436035 6241
1751212113009 0.8292344212532043 6242
1751212113974 1.1092557907104492 6243
1751212114981 0.8577362298965454 6244
1751212115988 0.7599726915359497 6245
1751212117005 0.786504864692688 6246
1751212117997 0.5268479585647583 6247
1751212118848 1.0695596933364868 6248
1751212119830 0.8944894075393677 6249
1751212120813 0.3551901578903198 6250
1751212121695 1.411302089691162 6251
1751212122714 0.7514011263847351 6252
1751212123731 0.7596379518508911 6253
1751212124980 0.6971294283866882 6254
1751212125972 1.2994434833526611 6255
1751212126948 1.3407407999038696 6256
1751212127939 0.12349533289670944 6257
1751212128906 0.8793107867240906 6258
1751212129889 0.8408470153808594 6259
1751212130940 1.0375515222549438 6260
1751212131919 0.6407876014709473 6261
1751212132929 1.469294786453247 6262
1751212133895 1.3254841566085815 6263
1751212134893 0.9316515326499939 6264
1751212135926 1.3988393545150757 6265
1751212136898 0.9313150644302368 6266
1751212137871 2.3055903911590576 6267
1751212138896 1.2417980432510376 6268
1751212139890 1.1544287204742432 6269
1751212140880 0.6583794951438904 6270
1751212141869 0.9422172904014587 6271
1751212142875 1.0356048345565796 6272
1751212143871 1.048383116722107 6273
1751212145131 1.1839845180511475 6274
1751212146088 1.1380475759506226 6275
1751212147072 0.5502346158027649 6276
1751212148088 1.0874756574630737 6277
1751212149132 0.8513059020042419 6278
1751212150126 1.0310982465744019 6279
1751212151012 0.87081378698349 6280
1751212151986 0.8454424142837524 6281
1751212153004 0.4196709096431732 6282
1751212153985 0.5411033034324646 6283
1751212154951 1.0071709156036377 6284
1751212155786 1.3579038381576538 6285
1751212156813 0.6430832147598267 6286
1751212157665 1.049086093902588 6287
1751212158737 0.4487524628639221 6288
1751212159561 0.5965295433998108 6289
1751212160554 0.6779953241348267 6290
1751212161549 0.7245084047317505 6291
1751212162547 0.5967055559158325 6292
1751212163511 0.7383171319961548 6293
1751212164706 0.5445176959037781 6294
1751212165723 0.9570444226264954 6295
1751212166736 0.9838059544563293 6296
1751212167744 2.1514992713928223 6297
1751212168721 0.8856121897697449 6298
1751212169719 0.6662392616271973 6299
1751212170747 0.5666817426681519 6300
1751212171718 0.6915614008903503 6301
1751212172706 0.7214083075523376 6302
1751212173663 1.136343240737915 6303
1751212174633 1.1155322790145874 6304
1751212175513 2.236063003540039 6305
1751212176525 0.8880084156990051 6306
1751212177502 0.6970980763435364 6307
1751212178495 1.2047361135482788 6308
1751212179463 1.2838242053985596 6309
1751212180442 0.7053541541099548 6310
1751212181502 0.9748634696006775 6311
1751212182503 0.5701414942741394 6312
1751212183474 0.6834172606468201 6313
1751212184744 1.5559176206588745 6314
1751212185707 1.3272926807403564 6315
1751212186694 0.7014806270599365 6316
1751212187680 0.5303967595100403 6317
1751212188669 0.6924468874931335 6318
1751212189734 0.6920778155326843 6319
1751212190718 0.5857840776443481 6320
1751212191716 0.6078901290893555 6321
1751212192718 1.164772868156433 6322
1751212193728 1.4000039100646973 6323
1751212194754 0.7861573100090027 6324
1751212195747 0.6139111518859863 6325
1751212196751 0.8295051455497742 6326
1751212197756 1.2613071203231812 6327
1751212198739 0.7096262574195862 6328
1751212199601 1.1109164953231812 6329
1751212200579 1.017397403717041 6330
1751212201564 0.6294657588005066 6331
1751212202530 0.8864356875419617 6332
1751212203501 0.6619133949279785 6333
1751212204531 0.8131517171859741 6334
1751212205745 0.8806611895561218 6335
1751212206722 1.2748641967773438 6336
1751212207718 1.0816224813461304 6337
1751212208777 0.5759769678115845 6338
1751212209801 0.7676141858100891 6339
1751212210784 0.1766815036535263 6340
1751212211750 0.7074155211448669 6341
1751212212731 0.5947833061218262 6342
1751212213770 0.7199081778526306 6343
1751212214799 0.7182582020759583 6344
1751212215641 1.8101876974105835 6345
1751212216632 0.6462734937667847 6346
1751212217630 1.2307592630386353 6347
1751212218602 0.6195171475410461 6348
1751212219579 0.4199739098548889 6349
1751212220545 0.8766204714775085 6350
1751212221535 0.7541102766990662 6351
1751212222507 0.9860329031944275 6352
1751212223731 0.9765406847000122 6353
1751212224699 1.133039116859436 6354
1751212225553 1.058130145072937 6355
1751212226528 0.6013655066490173 6356
1751212227420 1.5516995191574097 6357
1751212228431 0.8504471182823181 6358
1751212229425 1.2539161443710327 6359
1751212230399 0.5258269309997559 6360
1751212231391 1.0404354333877563 6361
1751212232380 1.106947660446167 6362
1751212233360 1.0706473588943481 6363
1751212234196 1.2435230016708374 6364
1751212235182 1.2599278688430786 6365
1751212236161 0.507972002029419 6366
1751212237188 1.0273147821426392 6367
1751212238150 0.9890831112861633 6368
1751212239113 1.4086939096450806 6369
1751212240100 0.7855664491653442 6370
1751212241072 0.6411207914352417 6371
1751212242071 0.7645810842514038 6372
1751212243058 0.6940881013870239 6373
1751212244335 1.1013950109481812 6374
1751212245301 0.8604704141616821 6375
1751212246277 0.558456540107727 6376
1751212247289 0.7555665969848633 6377
1751212248330 0.131059929728508 6378
1751212249314 1.1654486656188965 6379
1751212250295 0.24424956738948822 6380
1751212251292 0.9848393797874451 6381
1751212252284 0.6169942021369934 6382
1751212253298 0.5911550521850586 6383
1751212254280 0.34497392177581787 6384
1751212255255 0.8345285654067993 6385
1751212256207 0.6605403423309326 6386
1751212257198 0.8980108499526978 6387
1751212258171 0.8032994270324707 6388
1751212259135 1.1135854721069336 6389
1751212260092 0.5281102657318115 6390
1751212261345 0.5360205769538879 6391
1751212262344 2.108760118484497 6392
1751212263343 0.9976213574409485 6393
1751212264341 1.2364437580108643 6394
1751212265308 1.1108506917953491 6395
1751212266317 1.3122320175170898 6396
1751212267316 0.6430752873420715 6397
1751212268330 1.4477839469909668 6398
1751212269314 0.582040011882782 6399
1751212270322 0.41619858145713806 6400
1751212271293 0.7690886855125427 6401
1751212272278 0.7395108342170715 6402
1751212273243 0.611294686794281 6403
1751212274101 1.6512800455093384 6404
1751212275104 0.0506158210337162 6405
1751212276103 1.374855637550354 6406
1751212277131 0.9131516814231873 6407
1751212278138 1.2783887386322021 6408
1751212279181 0.7916826605796814 6409
1751212280417 0.884831428527832 6410
1751212281398 0.9633069038391113 6411
1751212282384 0.6557771563529968 6412
1751212283395 0.6106738448143005 6413
1751212284381 1.0534982681274414 6414
1751212285351 0.6744908690452576 6415
1751212286349 0.9697062373161316 6416
1751212287309 0.8673391342163086 6417
1751212288341 0.8735138177871704 6418
1751212289353 0.9130045175552368 6419
1751212290368 0.6515793800354004 6420
1751212291346 0.6212811470031738 6421
1751212292378 0.6819354891777039 6422
1751212293366 1.0757814645767212 6423
1751212294336 0.5757138133049011 6424
1751212295314 1.0644361972808838 6425
1751212296193 1.568440556526184 6426
1751212297179 1.1958645582199097 6427
1751212298201 0.6100224852561951 6428
1751212299198 0.9814165234565735 6429
1751212300212 1.3116302490234375 6430
1751212301491 0.6589620113372803 6431
1751212302466 0.46967506408691406 6432
1751212303435 0.614169716835022 6433
1751212304414 0.7315371632575989 6434
1751212305375 0.46371880173683167 6435
1751212306206 1.129766583442688 6436
1751212307238 0.663817286491394 6437
1751212308240 0.60566246509552 6438
1751212309208 1.1307376623153687 6439
1751212310159 0.6390738487243652 6440
1751212311213 0.7180339097976685 6441
1751212312203 1.0129350423812866 6442
1751212313184 0.369676411151886 6443
1751212314171 0.6131702661514282 6444
1751212315148 0.4221016466617584 6445
1751212316138 0.5368888974189758 6446
1751212317174 0.8971834182739258 6447
1751212318359 0.7845678925514221 6448
1751212319345 1.6288238763809204 6449
1751212320331 0.8822059631347656 6450
1751212321306 1.6084041595458984 6451
1751212322312 1.0673856735229492 6452
1751212323299 1.3771737813949585 6453
1751212324218 0.9049703478813171 6454
1751212325066 0.747753381729126 6455
1751212326038 0.6719071269035339 6456
1751212326992 1.137939453125 6457
1751212327982 1.2478713989257812 6458
1751212328957 1.1928447484970093 6459
1751212329928 1.2388381958007812 6460
1751212330926 0.7315327525138855 6461
1751212331924 1.2275744676589966 6462
1751212332750 2.9794206619262695 6463
1751212333765 0.375820130109787 6464
1751212334825 0.8787155747413635 6465
1751212336051 1.245705008506775 6466
1751212337063 0.9499098658561707 6467
1751212338055 0.4685235023498535 6468
1751212339025 0.8707897067070007 6469
1751212340072 1.4153575897216797 6470
1751212341056 1.030135154724121 6471
1751212342056 0.8624863028526306 6472
1751212343032 0.8015308380126953 6473
1751212344027 0.6577845215797424 6474
1751212345066 0.8309955596923828 6475
1751212346044 1.1761049032211304 6476
1751212347040 0.9871622920036316 6477
1751212348019 0.5788846015930176 6478
1751212348976 1.168404459953308 6479
1751212349987 0.741999089717865 6480
1751212350980 0.48281025886535645 6481
1751212351969 0.43203964829444885 6482
1751212352945 0.7994610667228699 6483
1751212353913 0.6427227854728699 6484
1751212355156 0.6556013226509094 6485
1751212356146 0.6055046916007996 6486
1751212357141 0.488780677318573 6487
1751212358109 1.2221418619155884 6488
1751212359072 0.4140089154243469 6489
1751212360041 0.7087060213088989 6490
1751212361052 0.7474115490913391 6491
1751212362048 0.6980793476104736 6492
1751212363059 1.17623770236969 6493
1751212364051 0.7240067720413208 6494
1751212365051 2.2457478046417236 6495
1751212366081 0.7505432367324829 6496
1751212367070 0.9981583952903748 6497
1751212367923 0.6567095518112183 6498
1751212368914 0.22461628913879395 6499
1751212369894 1.05912184715271 6500
1751212370868 0.677173912525177 6501
1751212371858 1.2254551649093628 6502
1751212372848 0.7667925953865051 6503
1751212373821 1.9140160083770752 6504
1751212375119 0.8138613700866699 6505
1751212376092 0.5606954097747803 6506
1751212377069 0.5861548781394958 6507
1751212378090 0.5532723665237427 6508
1751212379082 0.1758037507534027 6509
1751212380087 0.989193856716156 6510
1751212381091 0.8028503656387329 6511
1751212382087 1.4485105276107788 6512
1751212383090 1.0563918352127075 6513
1751212384098 0.9575649499893188 6514
1751212385068 0.646965742111206 6515
1751212386037 1.0944355726242065 6516
1751212387011 2.0522212982177734 6517
1751212388018 0.9024894833564758 6518
1751212389023 0.741131067276001 6519
1751212390036 0.8760499358177185 6520
1751212391020 0.9892696738243103 6521
1751212391993 0.7029119729995728 6522
1751212393219 1.5547022819519043 6523
1751212394195 2.112048387527466 6524
1751212395182 0.5487334132194519 6525
1751212396190 0.5483681559562683 6526
1751212397174 1.0330755710601807 6527
1751212398163 0.4774928092956543 6528
1751212399139 0.5765852332115173 6529
1751212400009 1.1221917867660522 6530
1751212401020 0.8302092552185059 6531
1751212402021 0.6848464012145996 6532
1751212403011 0.7339124083518982 6533
1751212404003 1.1144245862960815 6534
1751212405007 1.1641769409179688 6535
1751212406000 0.7584946751594543 6536
1751212406991 0.732857346534729 6537
1751212407990 0.6866905093193054 6538
1751212408852 0.4998394250869751 6539
1751212409692 1.37747323513031 6540
1751212410713 0.7319239974021912 6541
1751212411933 1.2500468492507935 6542
1751212412926 0.9183838963508606 6543
1751212413911 0.6224050521850586 6544
1751212414917 0.954427182674408 6545
1751212415903 0.7891923785209656 6546
1751212416883 0.9439188241958618 6547
1751212417884 0.8992481231689453 6548
1751212418764 1.2697960138320923 6549
1751212419753 0.8788904547691345 6550
1751212420751 1.120133399963379 6551
1751212421733 0.6683240532875061 6552
1751212422727 1.2897120714187622 6553
1751212423749 0.743403434753418 6554
1751212424831 0.9367427825927734 6555
1751212425783 1.3989006280899048 6556
1751212426769 0.8308122754096985 6557
1751212427783 0.8423317670822144 6558
1751212428785 0.6028509140014648 6559
1751212429776 1.0561271905899048 6560
1751212430745 0.6217536330223083 6561
1751212431703 0.9632501006126404 6562
1751212432957 0.770619809627533 6563
1751212433947 0.8734174966812134 6564
1751212434957 0.410468190908432 6565
1751212435950 0.9554263949394226 6566
1751212436848 1.1459472179412842 6567
1751212437829 0.6961557865142822 6568
1751212438796 0.9084076285362244 6569
1751212439782 0.5970443487167358 6570
1751212440778 0.7226630449295044 6571
1751212441789 0.6253580451011658 6572
1751212442773 0.7017043232917786 6573
1751212443801 1.3248980045318604 6574
1751212444761 1.0240134000778198 6575
1751212445791 1.715387225151062 6576
1751212446773 0.7912160158157349 6577
1751212447771 1.099853754043579 6578
1751212448742 1.1957451105117798 6579
1751212449991 1.269355058670044 6580
1751212450976 1.0822687149047852 6581
1751212451978 0.630329966545105 6582
1751212452968 1.0525668859481812 6583
1751212453943 0.6948060989379883 6584
1751212454953 0.6528245210647583 6585
1751212455938 1.0578924417495728 6586
1751212456788 0.5564075112342834 6587
1751212457851 1.083670973777771 6588
1751212458891 0.5059838891029358 6589
1751212459759 0.8871049880981445 6590
1751212460733 0.7005504965782166 6591
1751212461751 0.8923782706260681 6592
1751212462718 0.7160176634788513 6593
1751212463721 0.9743682742118835 6594
1751212464713 1.1308125257492065 6595
1751212465561 1.2853795289993286 6596
1751212466616 0.6547657251358032 6597
1751212467607 1.573917031288147 6598
1751212468911 0.915810227394104 6599
1751212469972 1.0406732559204102 6600
1751212470949 0.8401891589164734 6601
1751212471917 1.8606895208358765 6602
1751212472895 1.0791832208633423 6603
1751212473795 1.1280053853988647 6604
1751212474770 0.6198686957359314 6605
1751212475745 0.6610586047172546 6606
1751212476747 0.7311453223228455 6607
1751212477776 0.6395584344863892 6608
1751212478760 0.5190579295158386 6609
1751212479751 0.8103473782539368 6610
1751212480736 1.0187433958053589 6611
1751212481705 1.069165825843811 6612
1751212482679 0.7455158233642578 6613
1751212483658 1.1240795850753784 6614
1751212484652 0.5919538736343384 6615
1751212485612 1.3155421018600464 6616
1751212486438 1.705573320388794 6617
1751212487416 1.5342004299163818 6618
1751212488376 0.7158952951431274 6619
1751212489771 0.7556895613670349 6620
1751212490627 1.3002742528915405 6621
1751212491634 0.9672846794128418 6622
1751212492615 0.7513944506645203 6623
1751212493635 0.8954300284385681 6624
1751212494654 0.7782960534095764 6625
1751212495649 0.5878530144691467 6626
1751212496677 1.226422667503357 6627
1751212497671 0.7055726051330566 6628
1751212498551 1.5495624542236328 6629
1751212499556 0.8539072275161743 6630
1751212500627 1.5515238046646118 6631
1751212501668 0.9519467353820801 6632
1751212502670 0.836172878742218 6633
1751212503678 1.0151392221450806 6634
1751212504521 1.1557978391647339 6635
1751212505501 0.7777696251869202 6636
1751212506517 0.5113030076026917 6637
1751212507731 0.9268032908439636 6638
1751212508702 0.7295100092887878 6639
1751212509708 1.0855740308761597 6640
1751212510704 0.9568771719932556 6641
1751212511719 0.7346633672714233 6642
1751212512709 0.9756413698196411 6643
1751212513726 1.1302262544631958 6644
1751212514608 1.031371831893921 6645
1751212515635 0.9399430155754089 6646
1751212516637 0.9741403460502625 6647
1751212517481 1.4178024530410767 6648
1751212518354 1.0322933197021484 6649
1751212519379 1.1221765279769897 6650
1751212520383 0.6853135228157043 6651
1751212521366 1.1114493608474731 6652
1751212522336 1.1493409872055054 6653
1751212523369 0.6324305534362793 6654
1751212524377 0.5788908004760742 6655
1751212525291 1.3114372491836548 6656
1751212526507 0.5485000014305115 6657
1751212527531 1.407340407371521 6658
1751212528521 0.6199315190315247 6659
1751212529490 0.8535003662109375 6660
1751212530486 0.8630427718162537 6661
1751212531499 0.7255823016166687 6662
1751212532549 0.944097638130188 6663
1751212533529 1.411705732345581 6664
1751212534527 0.8324168920516968 6665
1751212535486 1.2746282815933228 6666
1751212536457 0.671669602394104 6667
1751212537457 0.7027615308761597 6668
1751212538431 2.6339035034179688 6669
1751212539394 1.1336346864700317 6670
1751212540497 1.0294644832611084 6671
1751212541524 0.8890922665596008 6672
1751212542532 0.7921510934829712 6673
1751212543510 0.755490243434906 6674
1751212544523 0.9311800003051758 6675
1751212545532 0.12933124601840973 6676
1751212546732 0.6136500239372253 6677
1751212547733 0.8206557631492615 6678
1751212548745 0.4960860311985016 6679
1751212549754 0.4791927933692932 6680
1751212550751 0.9299774169921875 6681
1751212551712 1.0286253690719604 6682
1751212552600 1.0898642539978027 6683
1751212553598 0.9101705551147461 6684
1751212554581 1.8742278814315796 6685
1751212555583 1.1226850748062134 6686
1751212556570 1.1803479194641113 6687
1751212557540 0.944949746131897 6688
1751212558535 0.5880967378616333 6689
1751212559551 1.051313042640686 6690
1751212560574 0.517935037612915 6691
1751212561584 0.8496835827827454 6692
1751212562610 0.801802933216095 6693
1751212563617 0.8114190101623535 6694
1751212564824 0.8080282211303711 6695
1751212565791 1.2858483791351318 6696
1751212566750 1.0131195783615112 6697
1751212567740 0.7498649954795837 6698
1751212568719 1.1436913013458252 6699
1751212569703 0.9956901669502258 6700
1751212570687 0.6829107403755188 6701
1751212571526 1.1738954782485962 6702
1751212572354 1.057908058166504 6703
1751212573189 0.982754647731781 6704
1751212574159 1.0270382165908813 6705
1751212575153 0.5374287962913513 6706
1751212575991 1.0924838781356812 6707
1751212576976 1.003204345703125 6708
1751212577983 0.9245630502700806 6709
1751212578946 0.9085204005241394 6710
1751212579951 1.0904182195663452 6711
1751212580782 0.8587651252746582 6712
1751212581974 0.8439674377441406 6713
1751212582940 1.6258442401885986 6714
1751212583952 0.9663090109825134 6715
1751212584944 0.9566057324409485 6716
1751212585940 0.6985518336296082 6717
1751212586907 0.8415122032165527 6718
1751212587733 0.9130679368972778 6719
1751212588719 0.8835451006889343 6720
1751212589697 1.1841022968292236 6721
1751212590681 1.4362515211105347 6722
1751212591654 1.4349311590194702 6723
1751212592652 1.3477905988693237 6724
1751212593628 0.8639712333679199 6725
1751212594620 1.2515782117843628 6726
1751212595603 0.7275100946426392 6727
1751212596584 0.5062426328659058 6728
1751212597557 0.6745874285697937 6729
1751212598531 1.1834989786148071 6730
1751212599881 0.7934848666191101 6731
1751212600847 3.19301438331604 6732
1751212601833 0.5925368070602417 6733
1751212602804 0.8658403754234314 6734
1751212603804 0.5292601585388184 6735
1751212604639 1.5335193872451782 6736
1751212605652 0.6057420969009399 6737
1751212606676 0.6259816288948059 6738
1751212607663 0.7783235907554626 6739
1751212608651 0.5550035834312439 6740
1751212609699 1.1170364618301392 6741
1751212610678 1.0253732204437256 6742
1751212611689 1.295551061630249 6743
1751212612698 0.8479737639427185 6744
1751212613749 0.8858880996704102 6745
1751212614791 0.5164229273796082 6746
1751212615765 0.9934326410293579 6747
1751212616762 1.3575412034988403 6748
1751212618069 0.4230055809020996 6749
1751212619047 0.700334370136261 6750
1751212620015 1.013903021812439 6751
1751212621011 0.929599940776825 6752
1751212621871 0.7745235562324524 6753
1751212622869 0.44654759764671326 6754
1751212623717 0.9712954759597778 6755
1751212624694 1.6767669916152954 6756
1751212625743 0.946593701839447 6757
1751212626745 0.8083467483520508 6758
1751212627746 0.716432511806488 6759
1751212628728 1.1515494585037231 6760
1751212629722 0.8964206576347351 6761
1751212630720 0.8356924057006836 6762
1751212631736 0.6377286911010742 6763
1751212632747 0.8010388612747192 6764
1751212633777 1.598319411277771 6765
1751212635078 0.3939976394176483 6766
1751212636071 0.7864416241645813 6767
1751212636915 1.4011610746383667 6768
1751212637893 0.9738138318061829 6769
1751212638890 0.7282286286354065 6770
1751212639873 0.8568376302719116 6771
1751212640882 0.8684496283531189 6772
1751212641897 0.14393313229084015 6773
1751212642920 0.9006673693656921 6774
1751212643883 0.6846623420715332 6775
1751212644875 0.19343803822994232 6776
1751212645830 0.8691871762275696 6777
1751212646842 0.9212797284126282 6778
1751212647688 0.6965529322624207 6779
1751212648547 2.2112371921539307 6780
1751212649573 0.5658990144729614 6781
1751212650546 0.9040214419364929 6782
1751212651548 0.24941419064998627 6783
1751212652800 0.9319202303886414 6784
1751212653806 0.7178706526756287 6785
1751212654781 0.6681880950927734 6786
1751212655794 1.3701622486114502 6787
1751212656771 0.6198578476905823 6788
1751212657753 0.8701105117797852 6789
1751212658755 0.8235822916030884 6790
1751212659750 1.1456400156021118 6791
1751212660782 0.7739238142967224 6792
1751212661742 0.989822268486023 6793
1751212662726 1.1940735578536987 6794
1751212663720 1.1119270324707031 6795
1751212664754 1.1897789239883423 6796
1751212665721 0.6952286958694458 6797
1751212666709 1.0284830331802368 6798
1751212667704 0.3875850439071655 6799
1751212668540 1.5811288356781006 6800
1751212669530 0.7787488698959351 6801
1751212670792 0.7137296199798584 6802
1751212671798 1.1235765218734741 6803
1751212672810 1.64022958278656 6804
1751212673780 0.7567822337150574 6805
1751212674761 1.1983188390731812 6806
1751212675769 0.6468907594680786 6807
1751212676616 0.8769657015800476 6808
1751212677612 0.730981171131134 6809
1751212678654 0.8238450288772583 6810
1751212679657 0.9454723596572876 6811
1751212680631 0.3969035744667053 6812
1751212681599 0.7683390974998474 6813
1751212682587 1.4467092752456665 6814
1751212683587 0.6232070922851562 6815
1751212684571 0.7831568121910095 6816
1751212685543 0.6439875364303589 6817
1751212686509 0.6643763184547424 6818
1751212687722 0.7618420124053955 6819
1751212688745 1.0217053890228271 6820
1751212689745 1.0149234533309937 6821
1751212690800 1.127557635307312 6822
1751212691828 0.9606809020042419 6823
1751212692789 0.5959720611572266 6824
1751212693789 0.7698912620544434 6825
1751212694772 0.9450465440750122 6826
1751212695790 0.6966966986656189 6827
1751212696779 0.49774447083473206 6828
1751212697746 0.9451608657836914 6829
1751212698731 0.9031238555908203 6830
1751212699707 0.920343816280365 6831
1751212700676 0.833888053894043 6832
1751212701696 0.32281965017318726 6833
1751212702738 1.9795725345611572 6834
1751212703757 0.7977541089057922 6835
1751212704770 0.7210661172866821 6836
1751212706021 0.6763044595718384 6837
1751212707036 0.7667145729064941 6838
1751212708019 0.7804605960845947 6839
1751212709035 0.9323815703392029 6840
1751212709873 1.0910707712173462 6841
1751212710723 1.2839206457138062 6842
1751212711710 0.8161689043045044 6843
1751212712710 0.6240590214729309 6844
1751212713704 0.9394769072532654 6845
1751212714721 0.712577760219574 6846
1751212715692 0.6412677764892578 6847
1751212716558 1.310998797416687 6848
1751212717407 0.8136144876480103 6849
1751212718420 0.9527298808097839 6850
1751212719391 0.5978646278381348 6851
1751212720367 1.1902189254760742 6852
1751212721379 0.8667964339256287 6853
1751212722605 0.8760590553283691 6854
1751212723579 0.9654674530029297 6855
1751212724606 1.9574812650680542 6856
1751212725463 1.486188292503357 6857
1751212726497 0.8015286326408386 6858
1751212727469 0.9420176148414612 6859
1751212728458 0.6441323161125183 6860
1751212729495 0.8239014148712158 6861
1751212730481 0.8571853041648865 6862
1751212731451 0.4501361846923828 6863
1751212732428 0.5179779529571533 6864
1751212733418 1.0864418745040894 6865
1751212734438 0.9464554190635681 6866
1751212735415 1.2535432577133179 6867
1751212736475 0.7913855910301208 6868
1751212737484 0.06084757298231125 6869
1751212738520 0.5654805302619934 6870
1751212739515 1.153885006904602 6871
1751212740736 0.36513879895210266 6872
1751212741721 0.5194926261901855 6873
1751212742707 0.8895838856697083 6874
1751212743582 1.123605728149414 6875
1751212744599 0.9040441513061523 6876
1751212745617 1.4379090070724487 6877
1751212746624 1.039918303489685 6878
1751212747617 0.9042201042175293 6879
1751212748607 0.694835364818573 6880
1751212749583 0.7314296960830688 6881
1751212750593 0.801984965801239 6882
1751212751612 0.7108711004257202 6883
1751212752600 0.7369489073753357 6884
1751212753448 0.24869666993618011 6885
1751212754500 0.8550077676773071 6886
1751212755481 0.6597157716751099 6887
1751212756472 0.6793487668037415 6888
1751212757468 0.7948217391967773 6889
1751212758727 0.6488833427429199 6890
1751212759689 1.0122592449188232 6891
1751212760680 0.9474127888679504 6892
1751212761654 0.6125217080116272 6893
1751212762624 1.0638878345489502 6894
1751212763668 0.9528436660766602 6895
1751212764617 0.4793289303779602 6896
1751212765448 1.19456148147583 6897
1751212766443 0.8023538589477539 6898
1751212767423 1.0825235843658447 6899
1751212768447 0.5698133707046509 6900
1751212769446 0.8748005032539368 6901
1751212770418 0.8410936594009399 6902
1751212771416 0.8109226822853088 6903
1751212772420 0.7011606097221375 6904
1751212773400 0.8620533347129822 6905
1751212774388 0.8479371070861816 6906
1751212775668 0.4635252058506012 6907
1751212776668 0.9787381291389465 6908
1751212777697 1.535169243812561 6909
1751212778739 0.832218587398529 6910
1751212779735 0.8272754549980164 6911
1751212780722 0.8469963073730469 6912
1751212781594 1.4102957248687744 6913
1751212782585 1.1871732473373413 6914
1751212783416 1.1648083925247192 6915
1751212784444 0.46698713302612305 6916
1751212785447 0.9670407176017761 6917
1751212786344 0.6874434351921082 6918
1751212787345 0.9814572334289551 6919
1751212788369 1.5457384586334229 6920
1751212789354 0.6971518397331238 6921
1751212790208 0.47283273935317993 6922
1751212791187 0.9783146977424622 6923
1751212792183 0.8588728308677673 6924
1751212793481 0.46659108996391296 6925
1751212794464 0.5912637114524841 6926
1751212795314 2.018141269683838 6927
1751212796306 1.0536813735961914 6928
1751212797295 0.9194680452346802 6929
1751212798319 0.8839399218559265 6930
1751212799379 0.4726370573043823 6931
1751212800369 0.8880442976951599 6932
1751212801374 1.1333417892456055 6933
1751212802365 0.7795528769493103 6934
1751212803357 0.7558104395866394 6935
1751212804335 2.0285375118255615 6936
1751212805323 0.4365687072277069 6937
1751212806302 0.7629690766334534 6938
1751212807150 1.0870331525802612 6939
1751212808143 0.6979318261146545 6940
1751212809130 0.9877789616584778 6941
1751212810314 0.4053625762462616 6942
1751212811349 0.7029945254325867 6943
1751212812339 0.5153560042381287 6944
1751212813317 0.6501235365867615 6945
1751212814315 0.7970763444900513 6946
1751212815325 1.0373467206954956 6947
1751212816369 0.7107227444648743 6948
1751212817402 0.9408544898033142 6949
1751212818421 0.6289710402488708 6950
1751212819407 0.7367486953735352 6951
1751212820459 0.9719548225402832 6952
1751212821459 0.623234748840332 6953
1751212822438 0.7381355166435242 6954
1751212823279 2.3323111534118652 6955
1751212824250 1.3801158666610718 6956
1751212825239 0.7125819325447083 6957
1751212826231 0.5895243287086487 6958
1751212827248 0.9922725558280945 6959
1751212828569 0.8555687069892883 6960
1751212829553 0.5560161471366882 6961
1751212830408 0.7847567796707153 6962
1751212831383 1.4305455684661865 6963
1751212832345 1.6908409595489502 6964
1751212833336 0.7945529222488403 6965
1751212834327 0.9522783160209656 6966
1751212835229 1.4486510753631592 6967
1751212836223 0.7523924708366394 6968
1751212837222 0.8047880530357361 6969
1751212838202 1.0993895530700684 6970
1751212839189 0.8883900046348572 6971
1751212840150 0.691053569316864 6972
1751212841140 0.5640679597854614 6973
1751212842138 0.5505685210227966 6974
1751212842986 1.5324926376342773 6975
1751212843963 0.2388322949409485 6976
1751212844998 0.7277551889419556 6977
1751212846217 1.0079981088638306 6978
1751212847085 1.0937708616256714 6979
1751212848108 0.30391719937324524 6980
1751212849098 0.6770987510681152 6981
1751212850089 0.7969138026237488 6982
1751212851056 0.48978325724601746 6983
1751212852055 0.6775394678115845 6984
1751212853043 0.8271876573562622 6985
1751212854050 1.1361576318740845 6986
1751212855037 0.5741204619407654 6987
1751212856038 0.846652626991272 6988
1751212857055 0.42296603322029114 6989
1751212858120 0.6721067428588867 6990
1751212859101 0.5193091034889221 6991
1751212860096 0.7935752272605896 6992
1751212861070 1.2392524480819702 6993
1751212862057 1.0340672731399536 6994
1751212863291 0.6266962289810181 6995
1751212864282 0.8333727717399597 6996
1751212865329 0.843837559223175 6997
1751212866360 0.8325682878494263 6998
1751212867353 2.0336663722991943 6999
1751212868384 0.6733986139297485 7000
1751212869369 0.8366573452949524 7001
1751212870371 0.6441453099250793 7002
1751212871380 0.5287550687789917 7003
1751212872403 0.9576875567436218 7004
1751212873276 0.8176144957542419 7005
1751212874288 0.9933555722236633 7006
1751212875283 0.8086345791816711 7007
1751212876134 1.0214130878448486 7008
1751212876964 2.6475751399993896 7009
1751212877953 0.9225630164146423 7010
1751212878927 0.6258993148803711 7011
1751212880126 1.1372528076171875 7012
1751212881126 0.3773861825466156 7013
1751212882174 0.8657860159873962 7014
1751212883181 0.9198617935180664 7015
1751212884162 0.9744565486907959 7016
1751212885172 1.0672633647918701 7017
1751212886163 1.3496646881103516 7018
1751212887201 0.7344202399253845 7019
1751212888199 0.934919536113739 7020
1751212889182 0.8032256960868835 7021
1751212890154 0.6389036774635315 7022
1751212891192 1.11370849609375 7023
1751212892180 0.7320960164070129 7024
1751212893181 0.7451078295707703 7025
1751212894185 0.7098909616470337 7026
1751212895162 1.8495491743087769 7027
1751212896130 1.051857352256775 7028
1751212897123 1.1038910150527954 7029
1751212898379 0.6224810481071472 7030
1751212899370 1.2821518182754517 7031
1751212900351 0.927257776260376 7032
1751212901370 0.3782555162906647 7033
1751212902379 1.0343378782272339 7034
1751212903394 0.5419310331344604 7035
1751212904422 1.0239622592926025 7036
1751212905385 0.5443087816238403 7037
1751212906337 0.43952521681785583 7038
1751212907430 0.6848098635673523 7039
1751212908448 1.2852312326431274 7040
1751212909466 0.8095241785049438 7041
1751212910469 0.9813526272773743 7042
1751212911321 0.995081901550293 7043
1751212912385 0.524817168712616 7044
1751212913422 0.8805656433105469 7045
1751212914422 0.4718039631843567 7046
1751212915676 0.3476271629333496 7047
1751212916675 0.6807398200035095 7048
1751212917746 0.7755942344665527 7049
1751212918751 0.4649125337600708 7050
1751212919787 0.6890663504600525 7051
1751212920672 1.0704032182693481 7052
1751212921670 0.6166777014732361 7053
1751212922645 1.148139238357544 7054
1751212923618 0.7216163873672485 7055
1751212924589 1.0520442724227905 7056
1751212925583 0.392762690782547 7057
1751212926567 0.509319007396698 7058
1751212927566 0.8969683051109314 7059
1751212928554 0.9236041903495789 7060
1751212929582 0.9192415475845337 7061
1751212930590 0.6569101810455322 7062
1751212931603 0.6127246618270874 7063
1751212932862 1.0509059429168701 7064
1751212933842 1.006071925163269 7065
1751212934825 0.9170461893081665 7066
1751212935794 0.5682916045188904 7067
1751212936794 1.0835031270980835 7068
1751212937776 0.77392578125 7069
1751212938734 0.917127251625061 7070
1751212939742 0.7116281390190125 7071
1751212940740 0.08107087016105652 7072
1751212941749 0.890081524848938 7073
1751212942772 1.251464605331421 7074
1751212943766 0.7233272790908813 7075
1751212944753 0.7737482190132141 7076
1751212945715 1.0320444107055664 7077
1751212946733 1.2899357080459595 7078
1751212947716 0.7551738619804382 7079
1751212948941 0.6414704322814941 7080
1751212949920 1.447431206703186 7081
1751212950944 0.5052424669265747 7082
1751212951928 1.4719218015670776 7083
1751212952940 0.7949511408805847 7084
1751212953910 1.4168071746826172 7085
1751212954901 0.7411388754844666 7086
1751212955888 0.5829606056213379 7087
1751212956942 1.3218474388122559 7088
1751212957908 0.9354141354560852 7089
1751212958905 0.7186208367347717 7090
1751212959865 0.5159096121788025 7091
1751212960865 0.9702226519584656 7092
1751212961882 0.6203779578208923 7093
1751212962876 1.6978899240493774 7094
1751212963853 0.18337583541870117 7095
1751212964877 0.5722357034683228 7096
1751212966096 0.33753702044487 7097
1751212967058 1.0187759399414062 7098
1751212968044 0.8953927159309387 7099
1751212969065 0.2993300259113312 7100
1751212970066 1.066943883895874 7101
1751212971024 1.1743770837783813 7102
1751212972031 0.6568285226821899 7103
1751212973014 0.6549032330513 7104
1751212973892 0.868382453918457 7105
1751212974895 0.9557305574417114 7106
1751212975859 0.7939203977584839 7107
1751212976846 0.7310543060302734 7108
1751212977813 1.304985523223877 7109
1751212978793 0.6959200501441956 7110
1751212979771 0.6671075820922852 7111
1751212980734 0.5817853808403015 7112
1751212981746 0.8626856207847595 7113
1751212982891 1.1732618808746338 7114
1751212983881 1.4899839162826538 7115
1751212984775 1.1043916940689087 7116
1751212985781 0.8528419733047485 7117
1751212986797 0.9594467282295227 7118
1751212987822 0.6672935485839844 7119
1751212988863 0.9957056045532227 7120
1751212989852 1.0099942684173584 7121
1751212990859 0.9579848647117615 7122
1751212991738 2.1530606746673584 7123
1751212992767 1.545066237449646 7124
1751212993752 0.7123006582260132 7125
1751212994754 0.8753502368927002 7126
1751212995614 0.6617992520332336 7127
1751212996614 0.8698348999023438 7128
1751212997584 0.7232803702354431 7129
1751212998836 0.6771420836448669 7130
1751212999871 0.9702010154724121 7131
1751213000869 1.195738673210144 7132
1751213001701 1.0610723495483398 7133
1751213002536 0.6980976462364197 7134
1751213003577 1.111501693725586 7135
1751213004580 0.08003827929496765 7136
1751213005614 0.9727945327758789 7137
1751213006613 0.8116148114204407 7138
1751213007602 0.8032819628715515 7139
1751213008572 0.4675939679145813 7140
1751213009530 0.7946802377700806 7141
1751213010550 1.4457378387451172 7142
1751213011551 0.5853895545005798 7143
1751213012537 0.940788745880127 7144
1751213013531 1.29219651222229 7145
1751213014502 1.0740785598754883 7146
1751213015784 1.2339051961898804 7147
1751213016779 0.8662189841270447 7148
1751213017629 1.2313508987426758 7149
1751213018651 0.8011907935142517 7150
1751213019609 0.43693965673446655 7151
1751213020619 1.0101344585418701 7152
1751213021635 1.695910096168518 7153
1751213022697 0.9094921350479126 7154
1751213023739 0.8243305087089539 7155
1751213024709 1.4056123495101929 7156
1751213025723 0.7946276664733887 7157
1751213026735 1.3452379703521729 7158
1751213027763 0.19379614293575287 7159
1751213028835 0.5947600603103638 7160
1751213029897 0.9121258854866028 7161
1751213030919 0.6481103301048279 7162
1751213031979 0.6850501894950867 7163
1751213033075 1.935174584388733 7164
1751213034079 0.19355830550193787 7165
1751213035084 0.8741286396980286 7166
1751213036096 1.4682631492614746 7167
1751213037099 0.7813190817832947 7168
1751213038089 0.7421185374259949 7169
1751213039105 1.084707260131836 7170
1751213040078 1.1606569290161133 7171
1751213041095 0.5657262206077576 7172
1751213042083 1.112700343132019 7173
1751213043084 0.8024603128433228 7174
1751213043946 0.8190528750419617 7175
1751213044971 0.09617265313863754 7176
1751213045939 0.7197675108909607 7177
1751213046945 0.9545654654502869 7178
1751213047939 1.0775609016418457 7179
1751213049068 0.9120413064956665 7180
1751213050061 0.7168562412261963 7181
1751213051069 0.884722888469696 7182
1751213052095 0.7216714024543762 7183
1751213053094 0.8520672917366028 7184
1751213054091 1.1909446716308594 7185
1751213055053 0.8580951690673828 7186
1751213056069 1.4212441444396973 7187
1751213057102 1.0336589813232422 7188
1751213058121 0.5322190523147583 7189
1751213058938 1.0258753299713135 7190
1751213059918 0.6540127992630005 7191
1751213060927 1.0509650707244873 7192
1751213061919 0.828758180141449 7193
1751213062923 0.9361464381217957 7194
1751213063945 0.9019322991371155 7195
1751213065170 0.580181896686554 7196
1751213066222 0.6124262809753418 7197
1751213067197 0.4868825078010559 7198
1751213068176 0.6915353536605835 7199
1751213069145 1.1969934701919556 7200
1751213120317 0.7277900576591492 7201
1751213121392 0.954132080078125 7202
1751213122371 0.895502507686615 7203
1751213123370 0.4779185354709625 7204
1751213124347 1.2217403650283813 7205
1751213125367 1.1317943334579468 7206
1751213126338 0.8142059445381165 7207
1751213127316 0.75034099817276 7208
1751213128311 0.7263704538345337 7209
1751213129318 1.6422039270401 7210
1751213130376 0.5482004880905151 7211
1751213131413 0.374881386756897 7212
1751213132516 0.6971949338912964 7213
1751213133514 0.7325400710105896 7214
1751213134525 0.6307217478752136 7215
1751213135397 1.3508491516113281 7216
1751213136369 1.7323578596115112 7217
1751213137400 0.7902768850326538 7218
1751213138381 1.3304662704467773 7219
1751213139385 0.7214683890342712 7220
1751213140415 0.9931044578552246 7221
1751213141397 0.6634855270385742 7222
1751213142386 0.9474210739135742 7223
1751213143393 1.0476821660995483 7224
1751213144380 0.9246661067008972 7225
1751213145391 0.9949517846107483 7226
1751213146253 0.6172870993614197 7227
1751213147112 1.1427615880966187 7228
1751213148388 0.679242730140686 7229
1751213149391 0.650547206401825 7230
1751213150371 0.8317684531211853 7231
1751213151348 0.6774229407310486 7232
1751213152375 0.6301640868186951 7233
1751213153393 0.8101205825805664 7234
1751213154374 0.794185221195221 7235
1751213155385 0.8282896280288696 7236
1751213156430 0.7805137038230896 7237
1751213157404 0.8947564959526062 7238
1751213158237 1.642920732498169 7239
1751213159221 1.9599469900131226 7240
1751213160251 0.6752001047134399 7241
1751213161253 1.1938667297363281 7242
1751213162273 0.7722383737564087 7243
1751213163143 1.1505059003829956 7244
1751213164136 0.9361059665679932 7245
1751213165375 0.7648609280586243 7246
1751213166361 0.9421850442886353 7247
1751213167220 1.0974454879760742 7248
1751213168238 0.9401044249534607 7249
1751213169240 0.7776322364807129 7250
1751213170224 0.49189266562461853 7251
1751213171206 0.9446120858192444 7252
1751213172229 1.016006350517273 7253
1751213173248 0.6763302683830261 7254
1751213174250 1.1771103143692017 7255
1751213175284 0.8578516244888306 7256
1751213176289 0.872266948223114 7257
1751213177281 0.7944996953010559 7258
1751213178265 0.6335152387619019 7259
1751213179236 0.3470558822154999 7260
1751213180218 0.8023964762687683 7261
1751213181478 0.802276611328125 7262
1751213182461 0.8243304491043091 7263
1751213183465 0.8859195113182068 7264
1751213184525 0.5757104158401489 7265
1751213185543 0.803831934928894 7266
1751213186552 0.5271388292312622 7267
1751213187575 0.6003662347793579 7268
1751213188539 0.846957802772522 7269
1751213189493 0.8141065835952759 7270
1751213190484 0.8519216775894165 7271
1751213191344 1.1376510858535767 7272
1751213192352 0.9855800867080688 7273
1751213193319 0.8955395817756653 7274
1751213194297 0.7028040885925293 7275
1751213195297 0.900800347328186 7276
1751213196287 1.1355173587799072 7277
1751213197285 0.8367652893066406 7278
1751213198550 0.8820673227310181 7279
1751213199555 1.35966956615448 7280
1751213200614 0.6461495757102966 7281
1751213201600 1.0011372566223145 7282
1751213202576 0.5585074424743652 7283
1751213203610 1.2869585752487183 7284
1751213204645 0.855769157409668 7285
1751213205637 0.8697319626808167 7286
1751213206679 1.3399015665054321 7287
1751213207672 1.215943694114685 7288
1751213208500 1.378788948059082 7289
1751213209469 0.7114285826683044 7290
1751213210507 0.6871243119239807 7291
1751213211555 0.7148818373680115 7292
1751213212550 0.6824649572372437 7293
1751213213532 0.8874333500862122 7294
1751213214507 0.7302629351615906 7295
1751213215762 1.1407872438430786 7296
1751213216755 0.7236637473106384 7297
1751213217749 0.021157238632440567 7298
1751213218727 0.7127323746681213 7299
1751213219732 0.71512371301651 7300
1751213220739 1.55868399143219 7301
1751213221776 0.836294412612915 7302
1751213222655 1.1498005390167236 7303
1751213223674 0.6401557922363281 7304
1751213224581 0.21248792111873627 7305
1751213225550 0.9078196883201599 7306
1751213226404 1.250048041343689 7307
1751213227404 1.1159456968307495 7308
1751213228418 0.7838134169578552 7309
1751213229405 0.6372165679931641 7310
1751213230237 2.157456636428833 7311
1751213231447 1.128782868385315 7312
1751213232455 1.085886001586914 7313
1751213233455 1.1306097507476807 7314
1751213234421 0.6954054236412048 7315
1751213235265 1.035580039024353 7316
1751213236236 0.6877583861351013 7317
1751213237216 1.587499976158142 7318
1751213238219 1.0910606384277344 7319
1751213239196 0.7916749119758606 7320
1751213240220 0.3858518600463867 7321
1751213241188 0.7078614234924316 7322
1751213242164 1.2845886945724487 7323
1751213243177 0.7914415597915649 7324
1751213244200 1.1029119491577148 7325
1751213245050 0.7288708686828613 7326
1751213246026 0.7908065319061279 7327
1751213247063 0.5943721532821655 7328
1751213248276 0.5673717856407166 7329
1751213249239 1.0274581909179688 7330
1751213250211 0.41149958968162537 7331
1751213251176 0.7785810232162476 7332
1751213252200 1.0276498794555664 7333
1751213253186 0.7154920697212219 7334
1751213254035 1.2823480367660522 7335
1751213254870 0.38813289999961853 7336
1751213255703 0.8477799296379089 7337
1751213256679 0.6306471824645996 7338
1751213257708 0.8291773796081543 7339
1751213258563 0.5784804224967957 7340
1751213259536 0.7592174410820007 7341
1751213260545 1.0976526737213135 7342
1751213261555 0.7097151875495911 7343
1751213262567 0.7387438416481018 7344
1751213263538 0.7237783670425415 7345
1751213264620 0.976017415523529 7346
1751213265644 0.5514597296714783 7347
1751213266656 1.3099331855773926 7348
1751213267663 1.1686121225357056 7349
1751213268637 0.8271632194519043 7350
1751213269503 1.044235110282898 7351
1751213270494 1.4311443567276 7352
1751213271479 0.5699788928031921 7353
1751213272461 0.9856048822402954 7354
1751213273427 0.7822195291519165 7355
1751213274328 1.146801233291626 7356
1751213275312 0.6191027760505676 7357
1751213276276 0.32459819316864014 7358
1751213277267 0.3484738767147064 7359
1751213278295 0.8077241778373718 7360
1751213279283 0.6707653999328613 7361
1751213280525 1.2812694311141968 7362
1751213281496 0.6879472136497498 7363
1751213282532 0.7285509705543518 7364
1751213283589 1.2508753538131714 7365
1751213284617 0.6712786555290222 7366
1751213285607 0.5919238924980164 7367
1751213286562 0.14733746647834778 7368
1751213287453 0.9094766974449158 7369
1751213288454 1.258876085281372 7370
1751213289451 0.7699012756347656 7371
1751213290464 0.7695508599281311 7372
1751213291537 0.5574636459350586 7373
1751213292522 1.3639497756958008 7374
1751213293567 0.792807400226593 7375
1751213294585 0.6081365942955017 7376
1751213295596 0.4850479066371918 7377
1751213296611 1.985726237297058 7378
1751213297825 1.393225073814392 7379
1751213298714 1.1420427560806274 7380
1751213299732 0.8242033123970032 7381
1751213300697 1.4587949514389038 7382
1751213301719 1.2366191148757935 7383
1751213302771 0.5817664265632629 7384
1751213303770 0.669200599193573 7385
1751213304772 1.4641555547714233 7386
1751213305778 0.6076313257217407 7387
1751213306834 0.7605531811714172 7388
1751213307857 0.9067432284355164 7389
1751213308850 0.90322345495224 7390
1751213309872 0.5890377759933472 7391
1751213310796 1.5635160207748413 7392
1751213311838 0.645051896572113 7393
1751213312820 0.911017894744873 7394
1751213313675 1.3087106943130493 7395
1751213314965 0.8743916749954224 7396
1751213315982 1.0149837732315063 7397
1751213316981 1.0106284618377686 7398
1751213317959 0.5395017266273499 7399
1751213319014 0.42464953660964966 7400
1751213319998 0.771037757396698 7401
1751213320992 0.7155641913414001 7402
1751213321993 1.1742007732391357 7403
1751213322973 0.4933566153049469 7404
1751213323991 0.6140039563179016 7405
1751213325029 1.2336490154266357 7406
1751213326053 0.8411447405815125 7407
1751213327079 1.6592930555343628 7408
1751213328053 0.8564454913139343 7409
1751213329262 0.6172814965248108 7410
1751213330308 0.6668395400047302 7411
1751213331292 1.2956346273422241 7412
1751213332304 0.6621431708335876 7413
1751213333302 0.6681352853775024 7414
1751213334264 2.0704715251922607 7415
1751213335289 0.7557016015052795 7416
1751213336115 0.9278817176818848 7417
1751213337117 0.618652880191803 7418
1751213337978 0.6539559960365295 7419
1751213338994 0.7006239891052246 7420
1751213339979 0.6094849109649658 7421
1751213340948 0.8695902228355408 7422
1751213341945 1.062240719795227 7423
1751213342929 1.1579397916793823 7424
1751213343924 0.8243347406387329 7425
1751213344929 0.885802686214447 7426
1751213346175 0.5024260878562927 7427
1751213347164 0.6507293581962585 7428
1751213348178 0.5010104179382324 7429
1751213349182 0.8445698618888855 7430
1751213350176 0.9472525715827942 7431
1751213351001 0.745697021484375 7432
1751213351831 1.043586254119873 7433
1751213352864 1.0539442300796509 7434
1751213353873 0.68082594871521 7435
1751213354869 0.554591715335846 7436
1751213355896 1.2224355936050415 7437
1751213356888 0.5924060940742493 7438
1751213357724 1.4338454008102417 7439
1751213358550 0.7526970505714417 7440
1751213359530 0.6632688045501709 7441
1751213360733 1.0429788827896118 7442
1751213361743 0.6886658072471619 7443
1751213362779 1.4774280786514282 7444
1751213363800 0.6382202506065369 7445
1751213364838 0.6696853637695312 7446
1751213365822 0.8741464614868164 7447
1751213366674 1.3882476091384888 7448
1751213367643 0.6253688931465149 7449
1751213368657 1.05520761013031 7450
1751213369517 1.1754560470581055 7451
1751213370484 0.903608500957489 7452
1751213371512 0.6425491571426392 7453
1751213372483 0.8074145317077637 7454
1751213373459 0.7454742789268494 7455
1751213374488 0.5445806384086609 7456
1751213375731 0.7651541829109192 7457
1751213376723 0.2001981884241104 7458
1751213377679 0.8988534212112427 7459
1751213378720 2.3333652019500732 7460
1751213379720 1.5179500579833984 7461
1751213380765 0.9111523032188416 7462
1751213381747 1.7660669088363647 7463
1751213382751 0.3822854161262512 7464
1751213383769 0.9038082957267761 7465
1751213384648 1.8301407098770142 7466
1751213385633 0.9996656775474548 7467
1751213386655 0.7236990928649902 7468
1751213387642 0.8333635330200195 7469
1751213388652 1.1590021848678589 7470
1751213389635 0.9182533621788025 7471
1751213390613 0.5039846301078796 7472
1751213391622 0.6313775181770325 7473
1751213392886 0.9098522067070007 7474
1751213393852 0.6716278791427612 7475
1751213394758 0.7675979733467102 7476
1751213395746 0.4048905670642853 7477
1751213396736 0.5968257784843445 7478
1751213397742 0.5191089510917664 7479
1751213398772 0.896323025226593 7480
1751213399780 0.6260544657707214 7481
1751213400613 0.8207707405090332 7482
1751213401619 0.7514058947563171 7483
1751213402627 0.45977139472961426 7484
1751213403638 0.7714077234268188 7485
1751213404623 0.6695992946624756 7486
1751213405593 1.1467221975326538 7487
1751213406619 0.5791487097740173 7488
1751213407706 2.8467109203338623 7489
1751213408675 0.842073917388916 7490
1751213409696 1.046096682548523 7491
1751213410566 0.9288323521614075 7492
1751213411560 0.6890493035316467 7493
1751213412538 0.8640276193618774 7494
1751213413528 0.8212676048278809 7495
1751213414526 0.9759442210197449 7496
1751213415502 0.8519075512886047 7497
1751213416508 1.0948264598846436 7498
1751213417526 0.6596896052360535 7499
1751213418481 1.0559593439102173 7500
1751213419498 0.8392347693443298 7501
1751213420530 0.7067898511886597 7502
1751213421827 0.9881153106689453 7503
1751213422807 0.6964992880821228 7504
1751213423797 0.7884450554847717 7505
1751213424809 0.5566411018371582 7506
1751213425843 0.47461366653442383 7507
1751213426697 2.002354145050049 7508
1751213427715 0.667522132396698 7509
1751213428689 0.7053641676902771 7510
1751213429695 0.66285640001297 7511
1751213430704 0.7044472694396973 7512
1751213431690 0.9722170233726501 7513
1751213432684 0.6234304308891296 7514
1751213433658 0.765365481376648 7515
1751213434673 0.764737606048584 7516
1751213435682 2.482495069503784 7517
1751213436680 0.8209916949272156 7518
1751213437908 0.8787506222724915 7519
1751213438782 1.1159498691558838 7520
1751213439796 1.179213285446167 7521
1751213440799 1.0479271411895752 7522
1751213441776 0.8666934967041016 7523
1751213442763 0.8913694620132446 7524
1751213443760 0.8870234489440918 7525
1751213444778 0.6148387789726257 7526
1751213445752 1.4405180215835571 7527
1751213446762 0.5377292633056641 7528
1751213447781 0.681663990020752 7529
1751213448771 0.7420796751976013 7530
1751213449753 0.9931568503379822 7531
1751213450774 0.23434190452098846 7532
1751213451779 1.1942646503448486 7533
1751213452794 0.595947802066803 7534
1751213453776 0.8058342337608337 7535
1751213454851 1.1049926280975342 7536
1751213455818 0.687622606754303 7537
1751213456787 0.4044152796268463 7538
1751213457870 0.560189425945282 7539
1751213458880 2.5369601249694824 7540
1751213459927 0.7346539497375488 7541
1751213460851 0.9828082919120789 7542
1751213461719 0.7702744603157043 7543
1751213462598 2.7106773853302 7544
1751213463581 0.6312853097915649 7545
1751213464586 0.6739029288291931 7546
1751213465557 0.5277242660522461 7547
1751213466525 1.0787527561187744 7548
1751213467482 0.6047025918960571 7549
1751213468492 0.4725414216518402 7550
1751213469470 1.1538349390029907 7551
1751213470442 0.6067102551460266 7552
1751213471698 0.6343191862106323 7553
1751213472720 0.9731901288032532 7554
1751213473705 0.3194900155067444 7555
1751213474728 0.6662908792495728 7556
1751213475758 0.8290664553642273 7557
1751213476633 1.6386107206344604 7558
1751213477630 0.7863094210624695 7559
1751213478637 0.7187580466270447 7560
1751213479625 1.2287975549697876 7561
1751213480627 0.5303365588188171 7562
1751213481627 0.5117244124412537 7563
1751213482700 0.6277454495429993 7564
1751213483705 0.5304145216941833 7565
1751213484691 0.6062143445014954 7566
1751213485983 0.8037479519844055 7567
1751213486968 1.0375425815582275 7568
1751213488025 1.1126917600631714 7569
1751213489030 0.7906212210655212 7570
1751213490014 0.491851270198822 7571
1751213491007 0.7878258228302002 7572
1751213492024 0.4290377199649811 7573
1751213493039 0.48902755975723267 7574
1751213494052 0.8337058424949646 7575
1751213495065 0.9293153882026672 7576
1751213496051 0.7417986989021301 7577
1751213497093 1.9544891119003296 7578
1751213498076 0.8310958743095398 7579
1751213499082 0.44878458976745605 7580
1751213500131 0.48408761620521545 7581
1751213501391 0.9366207122802734 7582
1751213502452 1.0602315664291382 7583
1751213503506 1.0462568998336792 7584
1751213504511 0.5973878502845764 7585
1751213505513 0.9230289459228516 7586
1751213506527 0.5892668962478638 7587
1751213507499 0.5613736510276794 7588
1751213508560 0.5844644904136658 7589
1751213509567 0.6572023034095764 7590
1751213510422 0.947871208190918 7591
1751213511421 0.9079474806785583 7592
1751213512443 0.517082691192627 7593
1751213513421 1.0997060537338257 7594
1751213514414 0.9539195895195007 7595
1751213515403 0.7463303804397583 7596
1751213516672 1.1516543626785278 7597
1751213517665 0.5392686724662781 7598
1751213518696 0.6008656620979309 7599
1751213519675 0.6844431757926941 7600
1751213520540 0.821118950843811 7601
1751213521632 0.4329553544521332 7602
1751213522640 0.8135232925415039 7603
1751213523622 0.6196318864822388 7604
1751213524650 0.7572066187858582 7605
1751213525717 1.0469576120376587 7606
1751213526747 0.7961282730102539 7607
1751213527720 0.921414852142334 7608
1751213528721 0.14420241117477417 7609
1751213529729 1.1003925800323486 7610
1751213530744 0.8350272178649902 7611
1751213531742 0.5178160667419434 7612
1751213532732 1.0148500204086304 7613
1751213533955 0.9023635983467102 7614
1751213534953 0.4254542291164398 7615
1751213535951 0.12242873013019562 7616
1751213536943 0.7438361048698425 7617
1751213537946 0.8027717471122742 7618
1751213538936 0.7454476356506348 7619
1751213539764 1.190222144126892 7620
1751213540789 0.8236563801765442 7621
1751213541788 0.39896371960639954 7622
1751213542668 3.0821590423583984 7623
1751213543671 1.256826400756836 7624
1751213544692 0.23050780594348907 7625
1751213545666 0.7803826332092285 7626
1751213546543 0.9821972846984863 7627
1751213547536 1.5259172916412354 7628
1751213548786 0.6826059222221375 7629
1751213549838 1.3362480401992798 7630
1751213550875 0.8133856654167175 7631
1751213551700 1.163350224494934 7632
1751213552569 1.0415678024291992 7633
1751213553559 0.8830117583274841 7634
1751213554534 1.090212106704712 7635
1751213555520 0.6706622242927551 7636
1751213556547 0.6953446865081787 7637
1751213557572 0.7447184920310974 7638
1751213558558 0.45791932940483093 7639
1751213559520 0.6772540211677551 7640
1751213560542 0.9334036707878113 7641
1751213561411 1.2336610555648804 7642
1751213562407 0.8252378702163696 7643
1751213563670 0.8940609097480774 7644
1751213564661 0.5819956660270691 7645
1751213565640 0.6718007326126099 7646
1751213566665 0.4492647647857666 7647
1751213567670 0.017019927501678467 7648
1751213568681 1.2741893529891968 7649
1751213569703 0.7227306962013245 7650
1751213570685 0.672464907169342 7651
1751213571751 0.9799670577049255 7652
1751213572751 0.9873307347297668 7653
1751213573760 1.1897286176681519 7654
1751213574748 1.0102077722549438 7655
1751213575646 0.8079358339309692 7656
1751213576660 0.2965204417705536 7657
1751213577599 0.8853248953819275 7658
1751213578572 1.1053965091705322 7659
1751213579555 0.7178029417991638 7660
1751213580818 0.20468103885650635 7661
1751213581872 0.23659659922122955 7662
1751213582937 0.6361218690872192 7663
1751213583953 0.8384283185005188 7664
1751213585017 0.8025994896888733 7665
1751213586074 0.6270114779472351 7666
1751213587067 0.6585361361503601 7667
1751213588064 0.9212660193443298 7668
1751213589091 0.7900087833404541 7669
1751213590153 0.8700027465820312 7670
1751213591159 0.7382431030273438 7671
1751213592129 1.1057016849517822 7672
1751213593120 0.8388843536376953 7673
1751213594136 0.7837416529655457 7674
1751213595150 0.6504533886909485 7675
1751213596157 0.9492053985595703 7676
1751213597176 1.0098100900650024 7677
1751213598409 0.4367920160293579 7678
1751213599428 0.7337616086006165 7679
1751213600396 0.7947582602500916 7680
1751213601382 1.0334892272949219 7681
1751213602412 0.8010628819465637 7682
1751213603377 1.4693231582641602 7683
1751213604365 0.9157735705375671 7684
1751213605397 1.9065849781036377 7685
1751213606421 1.5088542699813843 7686
1751213607454 0.8899773955345154 7687
1751213608463 0.6111036539077759 7688
1751213609468 0.4421766400337219 7689
1751213610457 0.6591100692749023 7690
1751213611442 1.9967151880264282 7691
1751213612469 2.187530755996704 7692
1751213613684 0.5192304849624634 7693
1751213614690 0.9344816207885742 7694
1751213615686 0.6880011558532715 7695
1751213616668 0.6377162337303162 7696
1751213617700 1.4028961658477783 7697
1751213618562 0.9002378582954407 7698
1751213619635 0.46729663014411926 7699
1751213620668 0.7887439727783203 7700
1751213621668 1.0499422550201416 7701
1751213622660 0.5489583015441895 7702
1751213623711 0.7970593571662903 7703
1751213624707 0.5495209693908691 7704
1751213625720 0.7350390553474426 7705
1751213626568 0.7692263722419739 7706
1751213627674 0.7485044598579407 7707
1751213628665 1.104217767715454 7708
1751213629865 0.6122623682022095 7709
1751213630860 0.8206653594970703 7710
1751213631838 0.8306360244750977 7711
1751213632847 0.8747143745422363 7712
1751213633718 0.9570134282112122 7713
1751213634776 0.9675092101097107 7714
1751213635766 0.3809124231338501 7715
1751213636780 0.4505394995212555 7716
1751213637749 1.380838394165039 7717
1751213638738 0.6128382682800293 7718
1751213639584 2.517603635787964 7719
1751213640588 1.2547590732574463 7720
1751213641584 1.0263736248016357 7721
1751213642560 0.5598335266113281 7722
1751213643548 0.532376229763031 7723
1751213644593 0.7091379761695862 7724
1751213645852 1.0673421621322632 7725
1751213646837 0.7173932194709778 7726
1751213647695 1.395232081413269 7727
1751213648704 0.5388639569282532 7728
1751213649720 1.4551668167114258 7729
1751213650692 0.4781370759010315 7730
1751213651658 1.037738561630249 7731
1751213652522 0.7577078342437744 7732
1751213653500 1.0044500827789307 7733
1751213654513 0.8554970026016235 7734
1751213655524 0.9376134276390076 7735
1751213656514 1.698008418083191 7736
1751213657580 1.188364863395691 7737
1751213658433 0.7643795013427734 7738
1751213659433 0.8092312216758728 7739
1751213660694 0.7692071795463562 7740
1751213661694 1.026068091392517 7741
1751213662731 0.5149592161178589 7742
1751213663739 0.8629881143569946 7743
1751213664720 1.003684639930725 7744
1751213665732 0.7161130905151367 7745
1751213666725 2.152137041091919 7746
1751213667692 0.8823207020759583 7747
1751213668717 0.644335150718689 7748
1751213669574 0.9821695685386658 7749
1751213670448 1.8033602237701416 7750
1751213671458 0.7940106391906738 7751
1751213672444 0.8723865747451782 7752
1751213673507 0.7233778834342957 7753
1751213674492 2.707401990890503 7754
1751213675725 0.62150639295578 7755
1751213676557 1.3232290744781494 7756
1751213677562 0.44122257828712463 7757
1751213678599 1.6000845432281494 7758
1751213679592 0.47911742329597473 7759
1751213680617 0.7569219470024109 7760
1751213681623 0.5953935980796814 7761
1751213682645 0.3143085539340973 7762
1751213683655 0.7037009596824646 7763
1751213684661 0.8689531683921814 7764
1751213685718 0.5910977721214294 7765
1751213686700 1.0909007787704468 7766
1751213687719 0.7247179746627808 7767
1751213688685 0.9982620477676392 7768
1751213689698 1.0028027296066284 7769
1751213690982 0.6016563773155212 7770
1751213691975 1.097643494606018 7771
1751213692947 0.5138053297996521 7772
1751213693954 0.7198527455329895 7773
1751213694951 0.8015426993370056 7774
1751213695942 0.8592814803123474 7775
1751213696968 0.6606867909431458 7776
1751213697966 0.8778151869773865 7777
1751213698963 1.4382611513137817 7778
1751213699939 1.1175919771194458 7779
1751213700921 0.7915992736816406 7780
1751213701915 0.7203873991966248 7781
1751213702954 1.1830142736434937 7782
1751213703933 0.9529253840446472 7783
1751213704772 0.9496269226074219 7784
1751213706006 1.0069897174835205 7785
1751213706988 1.326992392539978 7786
1751213708014 1.5207258462905884 7787
1751213708853 0.8388916850090027 7788
1751213709903 0.6727510690689087 7789
1751213710878 0.8470455408096313 7790
1751213711860 1.113138198852539 7791
1751213712905 0.755141019821167 7792
1751213713888 0.6579673886299133 7793
1751213714919 0.628140389919281 7794
1751213715931 1.0050318241119385 7795
1751213716933 1.444166898727417 7796
1751213717921 1.0569511651992798 7797
1751213718912 0.8763906359672546 7798
1751213719932 0.6607751250267029 7799
1751213721177 0.3061506748199463 7800
1751213722194 0.6150598526000977 7801
1751213723238 0.44539913535118103 7802
1751213724247 0.9744784832000732 7803
1751213725240 0.9376772046089172 7804
1751213726276 0.6813126802444458 7805
1751213727279 0.7249853014945984 7806
1751213728286 0.8705924153327942 7807
1751213729311 0.6655665636062622 7808
1751213730323 0.7976180911064148 7809
1751213731346 1.1257927417755127 7810
1751213732378 0.5049442648887634 7811
1751213733439 1.4267288446426392 7812
1751213734437 0.6473320126533508 7813
1751213735646 0.6315946578979492 7814
1751213736638 0.674115002155304 7815
1751213737643 0.5518001914024353 7816
1751213738671 0.9434431195259094 7817
1751213739701 0.7807186245918274 7818
1751213740701 0.9278841018676758 7819
1751213741732 0.5442184805870056 7820
1751213742729 0.6981387138366699 7821
1751213743720 0.6567214131355286 7822
1751213744721 0.3301059901714325 7823
1751213745716 0.8044420480728149 7824
1751213746706 0.9920009970664978 7825
1751213747627 0.5876197218894958 7826
1751213748635 0.7314465045928955 7827
1751213749620 1.0309656858444214 7828
1751213750845 1.289939284324646 7829
1751213751857 0.4318051338195801 7830
1751213752735 1.078697919845581 7831
1751213753719 0.5112985968589783 7832
1751213754698 1.367322325706482 7833
1751213755695 0.6924616098403931 7834
1751213756684 1.2146427631378174 7835
1751213757741 0.7244340777397156 7836
1751213758812 0.8405711054801941 7837
1751213759860 1.08135986328125 7838
1751213760846 0.7957099080085754 7839
1751213761878 1.0099955797195435 7840
1751213762862 0.9868068695068359 7841
1751213763879 0.989621102809906 7842
1751213764879 1.030281901359558 7843
1751213766033 1.2672823667526245 7844
1751213767031 0.6008451581001282 7845
1751213768015 1.023585557937622 7846
1751213768988 0.8564974069595337 7847
1751213770066 0.8647987246513367 7848
1751213771074 1.1362322568893433 7849
1751213772061 0.6118354797363281 7850
1751213773091 1.3801325559616089 7851
1751213774083 0.9651541709899902 7852
1751213775109 0.6356583833694458 7853
1751213776198 0.9774765372276306 7854
1751213777193 0.34486958384513855 7855
1751213778192 0.6832081079483032 7856
1751213779224 1.6138633489608765 7857
1751213780177 1.0142427682876587 7858
1751213781453 0.6691878437995911 7859
1751213782303 0.8584619760513306 7860
1751213783329 0.7678564190864563 7861
1751213784332 0.6683904528617859 7862
1751213785376 0.740677535533905 7863
1751213786365 0.8512981534004211 7864
1751213787227 0.7408650517463684 7865
1751213788214 1.072912335395813 7866
1751213789223 0.6437655687332153 7867
1751213790222 1.2559174299240112 7868
1751213791236 0.8362643122673035 7869
1751213792097 0.7139261364936829 7870
1751213793160 0.7790359854698181 7871
1751213794152 1.25016450881958 7872
1751213795167 0.23819001019001007 7873
1751213796477 0.8417431116104126 7874
1751213797496 0.6562051773071289 7875
1751213798474 1.3227386474609375 7876
1751213799501 0.5090700387954712 7877
1751213800515 0.7324382662773132 7878
1751213801567 0.7822785377502441 7879
1751213802564 1.009423851966858 7880
1751213803587 1.2437019348144531 7881
1751213804452 0.6271809935569763 7882
1751213805457 0.7867459654808044 7883
1751213806536 1.2462677955627441 7884
1751213807535 0.9521448016166687 7885
1751213808548 1.2678956985473633 7886
1751213809560 0.12164271622896194 7887
1751213810916 0.6395082473754883 7888
1751213811945 0.913395881652832 7889
1751213812955 0.7384998202323914 7890
1751213813935 1.0366333723068237 7891
1751213814760 0.9031431078910828 7892
1751213815789 0.7551839351654053 7893
1751213816799 0.6369695067405701 7894
1751213817791 0.6663593649864197 7895
1751213818811 0.9792792797088623 7896
1751213819846 0.424597829580307 7897
1751213820848 0.9797639846801758 7898
1751213821834 1.0563639402389526 7899
1751213822837 0.5901662111282349 7900
1751213823860 0.09013649076223373 7901
1751213825112 0.7992380261421204 7902
1751213826113 0.9274805784225464 7903
1751213827093 0.8124198913574219 7904
1751213827964 1.5375107526779175 7905
1751213828947 0.9695484042167664 7906
1751213829943 0.9357903599739075 7907
1751213831006 1.1575676202774048 7908
1751213831991 0.9807153940200806 7909
1751213832823 1.4891541004180908 7910
1751213833831 0.7845284342765808 7911
1751213834787 1.9346710443496704 7912
1751213835759 1.596933364868164 7913
1751213836761 0.9445066452026367 7914
1751213837750 0.8200730681419373 7915
1751213838800 0.7035695910453796 7916
1751213840031 0.8018255233764648 7917
1751213841028 0.8150559663772583 7918
1751213842052 0.5491619110107422 7919
1751213843044 0.703120768070221 7920
1751213844079 1.0312689542770386 7921
1751213844966 0.9042715430259705 7922
1751213845986 0.8238466382026672 7923
1751213847029 0.7348465919494629 7924
1751213847987 1.0930957794189453 7925
1751213849047 0.6489754915237427 7926
1751213850054 1.6551927328109741 7927
1751213851029 0.5927485823631287 7928
1751213852024 1.158332109451294 7929
1751213853003 0.6085600852966309 7930
1751213854270 0.6905717253684998 7931
1751213855241 1.9318965673446655 7932
1751213856239 0.6534426808357239 7933
1751213857211 0.8878973126411438 7934
1751213858213 1.1880086660385132 7935
1751213859193 0.581680953502655 7936
1751213860227 0.6891303062438965 7937
1751213861315 0.055906761437654495 7938
1751213862182 1.439987063407898 7939
1751213863164 0.5695942044258118 7940
1751213864197 1.7091269493103027 7941
1751213865223 0.7324832677841187 7942
1751213866220 0.6671096086502075 7943
1751213867186 0.8224806785583496 7944
1751213868219 0.5442888736724854 7945
1751213869436 0.9056398272514343 7946
1751213870433 0.711985170841217 7947
1751213871408 0.542940616607666 7948
1751213872439 1.082170844078064 7949
1751213873520 0.9558117985725403 7950
1751213874517 1.0822503566741943 7951
1751213875438 1.110620141029358 7952
1751213876416 0.8857424855232239 7953
1751213877429 0.9396675229072571 7954
1751213878463 0.11109411716461182 7955
1751213879465 0.8798999190330505 7956
1751213880455 0.9988331198692322 7957
1751213881440 0.9452153444290161 7958
1751213882434 0.776797354221344 7959
1751213883446 0.9847462773323059 7960
1751213884518 1.0374844074249268 7961
1751213885733 0.5093691945075989 7962
1751213886711 0.7419873476028442 7963
1751213887697 1.4451254606246948 7964
1751213888715 0.7274932861328125 7965
1751213889691 0.9143170714378357 7966
1751213890753 0.9809069633483887 7967
1751213891743 1.0198198556900024 7968
1751213892766 1.2190310955047607 7969
1751213893737 0.8086730241775513 7970
1751213894732 0.8340744376182556 7971
1751213895690 0.793126106262207 7972
1751213896661 0.7506676912307739 7973
1751213897697 1.4721990823745728 7974
1751213898718 0.5666565895080566 7975
1751213899949 0.4597286283969879 7976
1751213900954 0.701417863368988 7977
1751213901931 1.2480759620666504 7978
1751213902937 0.8281556367874146 7979
1751213903993 0.478214293718338 7980
1751213905004 0.9090539216995239 7981
1751213905999 1.0002893209457397 7982
1751213906885 0.9251182675361633 7983
1751213907765 1.6520330905914307 7984
1751213908757 0.9975387454032898 7985
1751213909762 0.8081724047660828 7986
1751213910744 0.8571451306343079 7987
1751213911746 0.593204915523529 7988
1751213912796 1.6121734380722046 7989
1751213913791 0.9728813171386719 7990
1751213915077 1.6507749557495117 7991
1751213916143 1.0888972282409668 7992
1751213917140 1.0388354063034058 7993
1751213918188 1.0359809398651123 7994
1751213919170 0.6169710159301758 7995
1751213920169 1.0949170589447021 7996
1751213921169 0.881604015827179 7997
1751213922028 0.7768852114677429 7998
1751213923067 1.1585458517074585 7999
1751213924074 0.7413812279701233 8000
1751213925111 0.6260051131248474 8001
1751213926111 0.7991892099380493 8002
1751213927127 0.5947138071060181 8003
1751213928136 0.9240937232971191 8004
1751213929350 0.8744127154350281 8005
1751213930306 0.5557552576065063 8006
1751213931303 0.966474711894989 8007
1751213932333 0.6662389636039734 8008
1751213933355 0.7916867733001709 8009
1751213934427 1.0983762741088867 8010
1751213935422 0.8069196939468384 8011
1751213936434 1.0762790441513062 8012
1751213937476 0.8238584399223328 8013
1751213938449 0.7917314767837524 8014
1751213939439 0.44632306694984436 8015
1751213940274 2.707714796066284 8016
1751213941281 0.6509679555892944 8017
1751213942129 1.4250928163528442 8018
1751213943132 0.8776890635490417 8019
1751213944470 0.9771592020988464 8020
1751213945312 0.7485775351524353 8021
1751213946316 0.7782213687896729 8022
1751213947164 0.6462277770042419 8023
1751213948165 0.8110537528991699 8024
1751213949160 0.842151939868927 8025
1751213950166 0.771434485912323 8026
1751213951139 0.8149289488792419 8027
1751213952153 0.7263616919517517 8028
1751213953166 1.0376495122909546 8029
1751213954163 0.6539928913116455 8030
1751213955132 1.0007048845291138 8031
1751213956124 0.6720091104507446 8032
1751213957149 0.7489544153213501 8033
1751213958357 0.7357732653617859 8034
1751213959338 0.8485533595085144 8035
1751213960341 0.472322940826416 8036
1751213961439 0.9207606315612793 8037
1751213962303 2.760564088821411 8038
1751213963270 0.6616348624229431 8039
1751213964273 0.6253437995910645 8040
1751213965256 0.6827714443206787 8041
1751213966276 0.6661040782928467 8042
1751213967253 0.5697304606437683 8043
1751213968248 0.7213415503501892 8044
1751213969258 0.7137905359268188 8045
1751213970286 0.7653629779815674 8046
1751213971265 0.6520147323608398 8047
1751213972301 1.231758713722229 8048
1751213973533 1.5479243993759155 8049
1751213974536 1.0787937641143799 8050
1751213975530 0.7032332420349121 8051
1751213976623 0.6935727000236511 8052
1751213977651 0.5592575073242188 8053
1751213978646 1.2177122831344604 8054
1751213979640 0.43562808632850647 8055
1751213980660 0.8800816535949707 8056
1751213981695 0.585477352142334 8057
1751213982689 0.7930002808570862 8058
1751213983709 0.8658906817436218 8059
1751213984740 0.7802498936653137 8060
1751213985597 1.0947016477584839 8061
1751213986648 0.9303610324859619 8062
1751213987491 1.6588106155395508 8063
1751213988483 1.5519129037857056 8064
1751213989720 0.8843912482261658 8065
1751213990722 0.7608968019485474 8066
1751213991760 1.2991065979003906 8067
1751213992812 1.7798465490341187 8068
1751213993809 0.6429538130760193 8069
1751213994666 2.981797695159912 8070
1751213995657 0.8221948742866516 8071
1751213996644 0.3762742877006531 8072
1751213997638 0.7492973804473877 8073
1751213998630 0.7931480407714844 8074
1751213999641 0.2756710946559906 8075
1751214000629 1.0335161685943604 8076
1751214001644 0.6663967370986938 8077
1751214002666 1.3284415006637573 8078
1751214003924 1.107759952545166 8079
1751214004915 0.57720547914505 8080
1751214005895 0.9574966430664062 8081
1751214006928 0.5209233164787292 8082
1751214007920 0.7114199995994568 8083
1751214008945 1.56801176071167 8084
1751214009929 1.3319791555404663 8085
1751214010923 0.7654444575309753 8086
1751214011920 0.7396964430809021 8087
1751214012920 1.1773064136505127 8088
1751214013924 0.7930997610092163 8089
1751214014960 0.9530027508735657 8090
1751214015977 0.6334814429283142 8091
1751214017014 1.0120030641555786 8092
1751214018325 0.4868268072605133 8093
1751214019330 0.7102475166320801 8094
1751214020362 0.9522604942321777 8095
1751214021377 1.635408639907837 8096
1751214022379 1.0591665506362915 8097
1751214023435 0.8477628827095032 8098
1751214024285 0.6343231201171875 8099
1751214025290 0.917524516582489 8100
1751214026283 0.4160304069519043 8101
1751214027271 1.1055827140808105 8102
1751214028273 1.3057606220245361 8103
1751214029293 0.9638044238090515 8104
1751214030279 0.7594358921051025 8105
1751214031293 0.9279448390007019 8106
1751214032641 1.0315064191818237 8107
1751214033671 0.9117282032966614 8108
1751214034666 0.9589975476264954 8109
1751214035654 0.7662917971611023 8110
1751214036641 0.7201451063156128 8111
1751214037650 1.2425273656845093 8112
1751214038663 1.5452228784561157 8113
1751214039542 1.1962660551071167 8114
1751214040564 0.9589253664016724 8115
1751214041582 0.6173109412193298 8116
1751214042573 1.0477403402328491 8117
1751214043553 0.406965047121048 8118
1751214044552 1.230642318725586 8119
1751214045816 0.740144670009613 8120
1751214046810 1.0514096021652222 8121
1751214047834 0.9328001141548157 8122
1751214048846 0.864743709564209 8123
1751214049868 0.3818318247795105 8124
1751214050849 0.8907812237739563 8125
1751214051950 0.671360433101654 8126
1751214053001 0.7821311950683594 8127
1751214054006 0.4626680910587311 8128
1751214055073 2.2678425312042236 8129
1751214056143 0.8382172584533691 8130
1751214057071 0.7432976365089417 8131
1751214057938 1.5708876848220825 8132
1751214058922 0.7381998300552368 8133
1751214059920 1.316684603691101 8134
1751214061138 0.8113698959350586 8135
1751214062118 0.49802884459495544 8136
1751214063133 0.5996453762054443 8137
1751214064130 0.5087348222732544 8138
1751214065141 1.506255865097046 8139
1751214066206 0.12303110957145691 8140
1751214067102 0.9945394396781921 8141
1751214067961 0.8846713900566101 8142
1751214069002 0.09573141485452652 8143
1751214069998 0.526519775390625 8144
1751214071016 0.7186475992202759 8145
1751214071983 0.7935264110565186 8146
1751214072976 0.6783401966094971 8147
1751214074057 0.5520548224449158 8148
1751214075307 0.5610188841819763 8149
1751214076278 0.5661722421646118 8150
1751214077262 0.5547672510147095 8151
1751214078342 1.3385518789291382 8152
1751214079349 1.33912992477417 8153
1751214080367 1.2034329175949097 8154
1751214081472 0.9117364883422852 8155
1751214082499 0.7913894653320312 8156
1751214083506 0.5897588133811951 8157
1751214084500 0.710899293422699 8158
1751214085463 0.8060207366943359 8159
1751214086492 1.2822917699813843 8160
1751214087483 0.968094527721405 8161
1751214088463 0.5027943849563599 8162
1751214089762 1.1112910509109497 8163
1751214090741 0.8857979774475098 8164
1751214091717 0.6346023678779602 8165
1751214092730 0.732998251914978 8166
1751214093694 0.8372803926467896 8167
1751214094668 0.6879528164863586 8168
1751214095640 0.7853670120239258 8169
1751214096631 0.7058898210525513 8170
1751214097606 0.5802817344665527 8171
1751214098585 1.0960264205932617 8172
1751214099594 1.0206483602523804 8173
1751214100629 0.4625434875488281 8174
1751214101596 0.6978862881660461 8175
1751214102823 1.2360976934432983 8176
1751214103834 0.4959518611431122 8177
1751214104868 1.1562241315841675 8178
1751214105862 0.7215187549591064 8179
1751214106847 0.7661194205284119 8180
1751214107830 0.9571169018745422 8181
1751214108831 0.64605712890625 8182
1751214109844 0.7043299078941345 8183
1751214110694 1.1516799926757812 8184
1751214111675 0.6791476011276245 8185
1751214112661 1.0410739183425903 8186
1751214113691 1.4559756517410278 8187
1751214114721 0.7201765775680542 8188
1751214115748 0.6973269581794739 8189
1751214116721 1.0760562419891357 8190
1751214117911 0.839177131652832 8191
1751214118890 0.8402066230773926 8192
1751214119876 0.575401782989502 8193
1751214120895 1.2058050632476807 8194
1751214121881 0.8425313830375671 8195
1751214122955 0.9357830882072449 8196
1751214123950 1.7430380582809448 8197
1751214124940 0.6675578951835632 8198
1751214125934 0.7117965221405029 8199
1751214126937 0.9416797757148743 8200
1751214127931 1.010657787322998 8201
1751214128915 0.6928464770317078 8202
1751214129901 0.6346397399902344 8203
1751214130981 1.02597177028656 8204
1751214132195 0.7200582027435303 8205
1751214133167 1.2501516342163086 8206
1751214134137 0.6158491373062134 8207
1751214135143 0.8704437613487244 8208
1751214136140 0.2717703580856323 8209
1751214137135 0.9947847127914429 8210
1751214138166 0.6361415982246399 8211
1751214139175 0.7081654667854309 8212
1751214140197 0.7049540281295776 8213
1751214141217 0.7031006217002869 8214
1751214142240 0.7263439893722534 8215
1751214143247 0.7944510579109192 8216
1751214144247 1.1455308198928833 8217
1751214145227 0.7197820544242859 8218
1751214146483 0.6429974436759949 8219
1751214147348 0.5468518733978271 8220
1751214148351 0.6305856704711914 8221
1751214149349 0.6087496876716614 8222
1751214150342 0.7774495482444763 8223
1751214151362 0.19164888560771942 8224
1751214152362 1.2722034454345703 8225
1751214153401 0.6051826477050781 8226
1751214154384 0.5381628274917603 8227
1751214155388 0.5582160353660583 8228
1751214156399 0.7453188300132751 8229
1751214157298 1.0323580503463745 8230
1751214158303 1.1534031629562378 8231
1751214159566 0.9231882095336914 8232
1751214160450 1.4491862058639526 8233
1751214161450 1.385867953300476 8234
1751214162438 0.8105987906455994 8235
1751214163432 0.572991132736206 8236
1751214164431 0.8145967721939087 8237
1751214165493 0.7360531091690063 8238
1751214166487 0.5546982884407043 8239
1751214167374 1.3367912769317627 8240
1751214168349 1.0467722415924072 8241
1751214169371 0.7385958433151245 8242
1751214170360 1.8421825170516968 8243
1751214171389 0.9042869806289673 8244
1751214172376 0.7813932299613953 8245
1751214173350 1.2465261220932007 8246
1751214174672 0.7927831411361694 8247
1751214175655 1.7473324537277222 8248
1751214176646 0.819218099117279 8249
1751214177618 0.9454985857009888 8250
1751214178646 1.0505989789962769 8251
1751214179612 1.351943850517273 8252
1751214180584 0.5671343803405762 8253
1751214181537 0.8029777407646179 8254
1751214182550 0.667199432849884 8255
1751214183521 0.4089479446411133 8256
1751214184377 2.067688465118408 8257
1751214185371 0.6049301028251648 8258
1751214186375 0.7251946330070496 8259
1751214187365 1.1734697818756104 8260
1751214188464 1.2422109842300415 8261
1751214189480 1.0387619733810425 8262
1751214190506 1.4883031845092773 8263
1751214191502 0.9150749444961548 8264
1751214192477 0.8603273630142212 8265
1751214193517 0.5472862124443054 8266
1751214194498 0.9284842610359192 8267
1751214195478 1.2868421077728271 8268
1751214196470 0.9085366129875183 8269
1751214197443 0.9212697148323059 8270
1751214198427 0.693355917930603 8271
1751214199279 1.2789673805236816 8272
1751214200117 0.988772451877594 8273
1751214201173 0.608778178691864 8274
1751214202407 1.0570939779281616 8275
1751214203409 0.6067609190940857 8276
1751214204374 0.5207138657569885 8277
1751214205225 1.7090500593185425 8278
1751214206199 0.7959755659103394 8279
1751214207187 0.9391863942146301 8280
1751214208183 0.9983978271484375 8281
1751214209221 0.9174697995185852 8282
1751214210218 0.7722656726837158 8283
1751214211230 0.5952574014663696 8284
1751214212215 0.771793782711029 8285
1751214213189 0.8355616927146912 8286
1751214214209 0.5794185996055603 8287
1751214215442 2.713778257369995 8288
1751214216404 1.2776415348052979 8289
1751214217450 0.681753396987915 8290
1751214218449 0.9140715003013611 8291
1751214219447 0.8665840029716492 8292
1751214220436 0.7883468270301819 8293
1751214221487 0.889988899230957 8294
1751214222490 0.7880392670631409 8295
1751214223514 0.7597286701202393 8296
1751214224538 0.6973485946655273 8297
1751214225545 1.464593529701233 8298
1751214226581 1.8135656118392944 8299
1751214227588 1.4102182388305664 8300
1751214228598 1.3380844593048096 8301
1751214229685 0.912636935710907 8302
1751214230708 0.963892936706543 8303
1751214231690 0.81093829870224 8304
1751214232675 0.7609245777130127 8305
1751214233668 1.0032196044921875 8306
1751214234666 0.8866449594497681 8307
1751214235651 0.7086779475212097 8308
1751214236533 0.7686136364936829 8309
1751214237511 1.382467269897461 8310
1751214238518 1.1223682165145874 8311
1751214239531 0.871817409992218 8312
1751214240504 1.0033928155899048 8313
1751214241552 0.7590078711509705 8314
1751214242566 0.8095304369926453 8315
1751214243566 0.8473016023635864 8316
1751214244785 0.07785055041313171 8317
1751214245770 1.4145294427871704 8318
1751214246746 1.2285157442092896 8319
1751214247725 0.44813093543052673 8320
1751214248760 0.5703703165054321 8321
1751214249797 0.8457167744636536 8322
1751214250667 0.617578387260437 8323
1751214251658 0.9170835614204407 8324
1751214252685 0.6011900901794434 8325
1751214253703 2.403071641921997 8326
1751214254682 1.041510820388794 8327
1751214255681 0.8837486505508423 8328
1751214256677 0.6733123660087585 8329
1751214257701 1.9735485315322876 8330
1751214258942 0.6979211568832397 8331
1751214259962 0.8519443869590759 8332
1751214260968 0.7281741499900818 8333
1751214261991 0.6519603133201599 8334
1751214262834 1.4328168630599976 8335
1751214263809 0.49771949648857117 8336
1751214264782 0.6919233202934265 8337
1751214265801 1.262420654296875 8338
1751214266799 0.7849529385566711 8339
1751214267651 0.7854924201965332 8340
1751214268685 0.4659631848335266 8341
1751214269670 0.8722493052482605 8342
1751214270694 0.5249585509300232 8343
1751214271679 1.0036780834197998 8344
1751214272751 0.356937438249588 8345
1751214273774 0.9023557305335999 8346
1751214274767 0.7192513346672058 8347
1751214275769 1.195817470550537 8348
1751214276814 0.6768563389778137 8349
1751214277844 0.6424598097801208 8350
1751214278820 0.35197576880455017 8351
1751214279822 1.031467318534851 8352
1751214280869 0.650151252746582 8353
1751214281907 0.6418455243110657 8354
1751214282944 0.6322270631790161 8355
1751214283925 0.878517746925354 8356
1751214284947 0.9119121432304382 8357
1751214286161 1.147878885269165 8358
1751214287156 0.8362365961074829 8359
1751214287999 0.9909272193908691 8360
1751214288998 0.8046814799308777 8361
1751214289985 0.8999027609825134 8362
1751214290946 0.6698398590087891 8363
1751214291810 0.8412778973579407 8364
1751214292775 1.0352457761764526 8365
1751214293742 0.8335192203521729 8366
1751214294722 0.8536340594291687 8367
1751214295704 1.0125715732574463 8368
1751214296697 0.5806531310081482 8369
1751214297669 1.0366123914718628 8370
1751214298541 1.0672533512115479 8371
1751214299554 0.630486011505127 8372
1751214300879 0.16388565301895142 8373
1751214301898 0.97793048620224 8374
1751214302879 0.7674972414970398 8375
1751214303864 0.9305736422538757 8376
1751214304888 0.3667583763599396 8377
1751214305887 0.7227944731712341 8378
1751214306894 0.8260836601257324 8379
1751214307880 0.8957895636558533 8380
1751214308888 1.182899832725525 8381
1751214309911 0.6062487959861755 8382
1751214310922 0.8012745976448059 8383
1751214311963 0.7836118340492249 8384
1751214312988 0.1440579742193222 8385
1751214314042 1.0581986904144287 8386
1751214315300 0.7450197339057922 8387
1751214316327 0.7092984914779663 8388
1751214317323 1.2527683973312378 8389
1751214318321 0.8474764823913574 8390
1751214319338 0.863438606262207 8391
1751214320362 1.1585708856582642 8392
1751214321384 0.667811393737793 8393
1751214322388 0.824234664440155 8394
1751214323395 0.8007040023803711 8395
1751214324426 0.11879926174879074 8396
1751214325418 0.5511072278022766 8397
1751214326438 0.9443442225456238 8398
1751214327347 1.0545217990875244 8399
1751214328342 1.0114091634750366 8400
1751214329669 0.7707837820053101 8401
1751214330700 1.6764310598373413 8402
1751214331689 0.8563359379768372 8403
1751214332686 1.0841162204742432 8404
1751214333545 0.7538755536079407 8405
1751214334560 0.8253030776977539 8406
1751214335549 0.5301958918571472 8407
1751214336530 0.46171316504478455 8408
1751214337546 0.6052851676940918 8409
1751214338579 0.8065178990364075 8410
1751214339609 0.6571478247642517 8411
1751214340615 0.9337906241416931 8412
1751214341671 0.9666122794151306 8413
1751214342905 1.2481454610824585 8414
1751214343921 0.790714681148529 8415
1751214344963 0.676712691783905 8416
1751214345978 0.5024742484092712 8417
1751214347020 0.5154111385345459 8418
1751214348055 0.5679119229316711 8419
1751214349103 1.5435984134674072 8420
1751214350081 0.7697534561157227 8421
1751214351124 0.7514285445213318 8422
1751214352150 0.5158807635307312 8423
1751214353174 2.1200051307678223 8424
1751214354215 0.8000280261039734 8425
1751214355101 0.739088237285614 8426
1751214355936 1.6918423175811768 8427
1751214357219 0.67967689037323 8428
1751214358207 0.4683760106563568 8429
1751214359230 0.9835165143013 8430
1751214360121 0.25756752490997314 8431
1751214361183 0.6878097057342529 8432
1751214362192 0.5414152145385742 8433
1751214363173 0.6651615500450134 8434
1751214364173 0.7923595309257507 8435
1751214365206 0.8153108954429626 8436
1751214366202 0.7451295852661133 8437
1751214367235 0.8329426050186157 8438
1751214368259 1.0592739582061768 8439
1751214369285 0.6034877896308899 8440
1751214370350 0.5318247675895691 8441
1751214371608 0.8151589632034302 8442
1751214372607 0.8211769461631775 8443
1751214373641 0.6458821296691895 8444
1751214374679 0.9305049180984497 8445
1751214375646 0.18641674518585205 8446
1751214376661 0.9313983917236328 8447
1751214377649 1.013874888420105 8448
1751214378628 0.85230553150177 8449
1751214379648 1.267907977104187 8450
1751214380685 0.8173397183418274 8451
1751214381685 0.5759393572807312 8452
1751214382679 1.0659126043319702 8453
1751214383716 0.9734188318252563 8454
1751214384740 0.8252748847007751 8455
1751214385788 0.8088764548301697 8456
1751214387050 0.9633089303970337 8457
1751214388047 0.8103057742118835 8458
1751214389054 2.9900803565979004 8459
1751214390033 0.585846483707428 8460
1751214391030 0.8778409361839294 8461
1751214392037 0.5347065925598145 8462
1751214393023 0.866306722164154 8463
1751214394009 0.889334499835968 8464
1751214394900 0.775190532207489 8465
1751214396006 0.23983736336231232 8466
1751214397014 0.6637136340141296 8467
1751214398032 0.7226881384849548 8468
1751214399251 0.9146324396133423 8469
1751214400231 0.854902446269989 8470
1751214401214 0.43013593554496765 8471
1751214402195 0.880458652973175 8472
1751214403217 0.6257481575012207 8473
1751214404323 0.7973741888999939 8474
1751214405318 0.841943085193634 8475
1751214406331 1.3992786407470703 8476
1751214407335 0.9762235879898071 8477
1751214408322 0.5339057445526123 8478
1751214409330 0.3754497468471527 8479
1751214410345 1.0237934589385986 8480
1751214411363 1.0445314645767212 8481
1751214412614 1.076525330543518 8482
1751214413626 0.07128879427909851 8483
1751214414671 1.1343144178390503 8484
1751214415750 0.6325355768203735 8485
1751214416755 0.19741345942020416 8486
1751214417840 1.426373839378357 8487
1751214418699 1.2124876976013184 8488
1751214419767 0.6702254414558411 8489
1751214420754 0.8687052726745605 8490
1751214421744 0.8194839358329773 8491
1751214422744 1.0496567487716675 8492
1751214423760 1.2246078252792358 8493
1751214424833 0.8614762425422668 8494
1751214426053 0.5937274694442749 8495
1751214426898 0.6569133996963501 8496
1751214427904 0.8380218744277954 8497
1751214428957 0.8571464419364929 8498
1751214429975 0.9621370434761047 8499
1751214430987 0.8267583847045898 8500
1751214431985 0.6132668852806091 8501
1751214432828 2.7049026489257812 8502
1751214433833 0.6140522956848145 8503
1751214434837 0.49362969398498535 8504
1751214435822 1.0049303770065308 8505
1751214436816 0.8023662567138672 8506
1751214437865 1.0684971809387207 8507
1751214438946 0.6825031638145447 8508
1751214440247 1.3885003328323364 8509
1751214441267 1.2472206354141235 8510
1751214442271 0.6236594319343567 8511
1751214443271 0.957701563835144 8512
1751214444239 0.42251843214035034 8513
1751214445243 1.011715292930603 8514
1751214446263 1.1489970684051514 8515
1751214447241 0.8020269274711609 8516
1751214448260 1.3064676523208618 8517
1751214449273 0.9930428862571716 8518
1751214450300 0.544603168964386 8519
1751214451283 0.8032940030097961 8520
1751214452275 0.860879123210907 8521
1751214453535 1.0335363149642944 8522
1751214454510 0.8196181654930115 8523
1751214455485 0.6795169711112976 8524
1751214456374 1.2565056085586548 8525
1751214457346 0.8988504409790039 8526
1751214458353 0.4512563645839691 8527
1751214459373 1.1857856512069702 8528
1751214460403 0.6195107698440552 8529
1751214461438 0.23706607520580292 8530
1751214462426 0.6814066767692566 8531
1751214463460 1.0742253065109253 8532
1751214464453 0.6252409815788269 8533
1751214465483 0.7735636234283447 8534
1751214466771 0.8392977714538574 8535
1751214467808 0.9997677206993103 8536
1751214468811 1.5165601968765259 8537
1751214469813 1.1316035985946655 8538
1751214470789 0.6535429954528809 8539
1751214471774 1.1010595560073853 8540
1751214472776 0.6418513059616089 8541
1751214473763 0.7932564616203308 8542
1751214474738 0.7915217876434326 8543
1751214475759 0.555357038974762 8544
1751214476739 0.9738180041313171 8545
1751214477754 0.8137090802192688 8546
1751214478596 1.3354787826538086 8547
1751214479574 0.7162988781929016 8548
1751214480904 0.8971186876296997 8549
1751214481883 0.8977759480476379 8550
1751214482859 0.33646857738494873 8551
1751214483849 0.5832089781761169 8552
1751214484823 1.008150339126587 8553
1751214485823 0.7019221186637878 8554
1751214486800 1.0391496419906616 8555
1751214487811 0.5693747401237488 8556
1751214488811 0.03512165695428848 8557
1751214489791 0.917100727558136 8558
1751214490784 1.4096239805221558 8559
1751214491775 0.7661885619163513 8560
1751214493003 0.8603437542915344 8561
1751214493995 0.6464194655418396 8562
1751214495008 0.9608966708183289 8563
1751214496035 0.9495386481285095 8564
1751214497054 0.651507556438446 8565
1751214498090 0.6877892017364502 8566
1751214499110 0.49549397826194763 8567
1751214500132 1.1407525539398193 8568
1751214501108 0.6496057510375977 8569
1751214502107 0.8445736169815063 8570
1751214503094 0.8741239905357361 8571
1751214504077 1.025750756263733 8572
1751214505060 0.8050541281700134 8573
1751214506397 0.14339637756347656 8574
1751214507444 0.38394564390182495 8575
1751214508527 0.6692355275154114 8576
1751214509554 0.9809500575065613 8577
1751214510631 0.7762417197227478 8578
1751214511662 0.8119902610778809 8579
1751214512548 1.0569709539413452 8580
1751214513586 0.14244885742664337 8581
1751214514599 1.1081904172897339 8582
1751214515647 1.0247681140899658 8583
1751214516691 1.1087230443954468 8584
1751214517589 1.0414674282073975 8585
1751214518483 1.2889255285263062 8586
1751214519766 0.6040276885032654 8587
1751214520770 0.5891563296318054 8588
1751214521793 1.0225406885147095 8589
1751214522798 1.0258903503417969 8590
1751214523788 0.8284873366355896 8591
1751214524786 1.059836506843567 8592
1751214525790 0.5494260787963867 8593
1751214526761 1.0106147527694702 8594
1751214527764 0.8244150280952454 8595
1751214528777 1.0305122137069702 8596
1751214529820 1.2116507291793823 8597
1751214530854 0.7535096406936646 8598
1751214531871 0.877189040184021 8599
1751214532860 1.3426923751831055 8600
1751214533986 1.06125009059906 8601
1751214534857 1.8105427026748657 8602
1751214535683 1.7084468603134155 8603
1751214536720 1.2542704343795776 8604
1751214537765 0.5941640734672546 8605
1751214538734 2.035694122314453 8606
1751214539738 1.4523125886917114 8607
1751214540799 0.8591722846031189 8608
1751214541785 1.1128488779067993 8609
1751214542781 0.849857747554779 8610
1751214543819 1.4300860166549683 8611
1751214544827 0.9631693959236145 8612
1751214545690 0.866446316242218 8613
1751214546553 1.1204341650009155 8614
1751214547792 0.8946114778518677 8615
1751214548769 0.5934181809425354 8616
1751214549750 0.4859504699707031 8617
1751214550733 0.6676556468009949 8618
1751214551751 0.6568106412887573 8619
1751214552766 1.4972565174102783 8620
1751214553791 0.7679034471511841 8621
1751214554820 0.9911091923713684 8622
1751214555818 0.6121732592582703 8623
1751214556873 0.7620308995246887 8624
1751214557928 1.2717722654342651 8625
1751214558905 0.7890298962593079 8626
1751214559948 0.5600840449333191 8627
1751214561190 1.0249842405319214 8628
1751214562180 1.0637069940567017 8629
1751214563199 0.6998287439346313 8630
1751214564228 0.6076204776763916 8631
1751214565275 0.8831689953804016 8632
1751214566290 0.6383668780326843 8633
1751214567262 0.6353117823600769 8634
1751214568266 0.7906261682510376 8635
1751214569123 0.8405967950820923 8636
1751214570195 0.7238419651985168 8637
1751214571229 0.708972156047821 8638
1751214572201 0.6666675209999084 8639
1751214573214 0.7002922892570496 8640
1751214574518 0.6688854098320007 8641
1751214575534 0.8867336511611938 8642
1751214576452 1.420410394668579 8643
1751214577437 0.5739421248435974 8644
1751214578543 1.0927480459213257 8645
1751214579528 0.8403164744377136 8646
1751214580553 0.4190777838230133 8647
1751214581532 0.7569064497947693 8648
1751214582535 0.7332391142845154 8649
1751214583528 0.6147946715354919 8650
1751214584538 0.4600600302219391 8651
1751214585527 0.5403632521629333 8652
1751214586539 0.6055769324302673 8653
1751214587781 1.04552161693573 8654
1751214588609 1.0148472785949707 8655
1751214589643 0.7224903106689453 8656
1751214590628 0.5517272353172302 8657
1751214591614 0.06987935304641724 8658
1751214592463 0.7033446431159973 8659
1751214593495 0.20336276292800903 8660
1751214594459 0.6113961935043335 8661
1751214595433 0.7878289818763733 8662
1751214596279 1.443147897720337 8663
1751214597268 0.5954556465148926 8664
1751214598251 0.70425945520401 8665
1751214599242 1.3391973972320557 8666
1751214600260 0.48269474506378174 8667
1751214601523 0.7025824785232544 8668
1751214602517 1.1127355098724365 8669
1751214603527 1.0241280794143677 8670
1751214604526 1.0529565811157227 8671
1751214605549 0.8816248178482056 8672
1751214606537 0.6259914636611938 8673
1751214607544 0.07505184412002563 8674
1751214608559 0.7169412970542908 8675
1751214609584 0.5215646624565125 8676
1751214610581 0.9856135249137878 8677
1751214611590 0.913478672504425 8678
1751214612612 0.9121212363243103 8679
1751214613637 0.869172990322113 8680
1751214614857 0.33260637521743774 8681
1751214615893 0.5519793629646301 8682
1751214616906 1.4257196187973022 8683
1751214617874 0.6494434475898743 8684
1751214618876 0.8590705990791321 8685
1751214619851 0.8511931300163269 8686
1751214620822 1.0550755262374878 8687
1751214621804 1.160465955734253 8688
1751214622872 0.386827290058136 8689
1751214623873 0.32404017448425293 8690
1751214624867 0.2691015601158142 8691
1751214625721 0.7804096937179565 8692
1751214626906 1.0838725566864014 8693
1751214627737 0.7516850829124451 8694
1751214628746 2.8920865058898926 8695
1751214629813 0.8277698755264282 8696
1751214630800 0.8174111247062683 8697
1751214631789 0.5764779448509216 8698
1751214632755 0.8756090402603149 8699
1751214633788 0.772444486618042 8700
1751214634790 0.7330288290977478 8701
1751214635785 0.8128206133842468 8702
1751214636776 0.7442830204963684 8703
1751214637626 0.7282145023345947 8704
1751214638591 0.9234339594841003 8705
1751214639803 0.8702369928359985 8706
1751214640834 0.733964741230011 8707
1751214641726 1.0551906824111938 8708
1751214642723 1.382646918296814 8709
1751214643723 0.02256409451365471 8710
1751214644756 0.8555954098701477 8711
1751214645787 0.969596803188324 8712
1751214646771 1.10091233253479 8713
1751214647787 1.1120357513427734 8714
1751214648606 1.2480337619781494 8715
1751214649628 0.8990220427513123 8716
1751214650634 0.567250669002533 8717
1751214651642 1.5996959209442139 8718
1751214652870 0.6997701525688171 8719
1751214653860 1.8571525812149048 8720
1751214654817 0.8641870617866516 8721
1751214655828 0.8308815360069275 8722
1751214656842 0.8340794444084167 8723
1751214657895 0.9830232858657837 8724
1751214658874 0.7390405535697937 8725
1751214659866 0.7360336780548096 8726
1751214660859 1.083329200744629 8727
1751214661848 0.7556607127189636 8728
1751214662884 0.7700068354606628 8729
1751214663898 1.6017159223556519 8730
1751214664965 0.6568366289138794 8731
1751214665962 0.7169427275657654 8732
1751214667221 0.9025405049324036 8733
1751214668261 0.9676971435546875 8734
1751214669278 0.41873010993003845 8735
1751214670364 0.6321172118186951 8736
1751214671349 1.1078544855117798 8737
1751214672341 0.6421991586685181 8738
1751214673340 0.7953785061836243 8739
1751214674372 1.0297726392745972 8740
1751214675357 0.7517463564872742 8741
1751214676388 0.935183048248291 8742
1751214677429 0.8588876128196716 8743
1751214678279 0.9167137145996094 8744
1751214679325 0.6471239328384399 8745
1751214680549 0.9200273156166077 8746
1751214681535 0.8315662741661072 8747
1751214682534 0.9105202555656433 8748
1751214683591 1.0632890462875366 8749
1751214684571 1.3518928289413452 8750
1751214685580 0.6068653464317322 8751
1751214686440 0.20290111005306244 8752
1751214687423 1.4427995681762695 8753
1751214688436 0.5482667088508606 8754
1751214689534 1.1095231771469116 8755
1751214690520 0.5462581515312195 8756
1751214691411 0.5602855682373047 8757
1751214692328 0.838487446308136 8758
1751214693592 0.8374132513999939 8759
1751214694573 1.66597580909729 8760
1751214695572 1.2518303394317627 8761
1751214696564 0.8256864547729492 8762
1751214697582 0.5972577333450317 8763
1751214698585 0.9671478271484375 8764
1751214699583 0.8253132104873657 8765
1751214700560 1.2642316818237305 8766
1751214701579 1.1139482259750366 8767
1751214702421 0.5465155839920044 8768
1751214703500 0.7055670619010925 8769
1751214704536 1.0472021102905273 8770
1751214705516 0.8517000079154968 8771
1751214706422 2.5682308673858643 8772
1751214707768 2.187730550765991 8773
1751214708626 1.1780117750167847 8774
1751214709660 0.7246268391609192 8775
1751214710638 0.7244042754173279 8776
1751214711619 0.8649143576622009 8777
1751214712756 0.7710806131362915 8778
1751214713952 0.7562405467033386 8779
1751214714963 0.6424479484558105 8780
1751214715963 0.6442130208015442 8781
1751214716964 1.0062464475631714 8782
1751214717976 0.8516346216201782 8783
1751214719116 1.5119142532348633 8784
1751214720111 0.5379915237426758 8785
1751214721372 0.6017847657203674 8786
1751214722562 0.38212910294532776 8787
1751214723574 0.6699913144111633 8788
1751214724600 1.240870475769043 8789
1751214725592 1.0497311353683472 8790
1751214726486 1.1392678022384644 8791
1751214727513 0.9642398953437805 8792
1751214728500 1.2242947816848755 8793
1751214729505 1.2407888174057007 8794
1751214730478 0.9784702658653259 8795
1751214731456 0.8083504438400269 8796
1751214732497 0.6976977586746216 8797
1751214733555 0.608241856098175 8798
1751214734847 0.944295346736908 8799
1751214735839 0.6155379414558411 8800
1751214736833 0.8840283751487732 8801
1751214737697 5.512538909912109 8802
1751214738728 0.615091860294342 8803
1751214739745 0.9662356376647949 8804
1751214740720 0.796360433101654 8805
1751214741709 0.783758819103241 8806
1751214742770 0.9209713935852051 8807
1751214743782 0.9533254504203796 8808
1751214744768 0.5812272429466248 8809
1751214745740 1.1416281461715698 8810
1751214746745 0.7390832304954529 8811
1751214747955 1.077653169631958 8812
1751214748961 0.7427840828895569 8813
1751214749926 0.9107515215873718 8814
1751214750900 0.593153178691864 8815
1751214751997 0.9410716891288757 8816
1751214752995 0.6871721148490906 8817
1751214753996 0.5447773933410645 8818
1751214754996 0.8445364236831665 8819
1751214756021 0.650840163230896 8820
1751214757050 0.5186646580696106 8821
1751214758068 0.725584864616394 8822
1751214759096 1.0770485401153564 8823
1751214760340 0.7437842488288879 8824
1751214761388 1.6094658374786377 8825
1751214762387 0.691023051738739 8826
1751214763442 0.8976812362670898 8827
1751214764502 1.041826844215393 8828
1751214765486 1.5153882503509521 8829
1751214766499 0.8775299191474915 8830
1751214767526 0.7806925177574158 8831
1751214768573 0.9914976358413696 8832
1751214769643 1.0963850021362305 8833
1751214770671 0.8832178115844727 8834
1751214771650 0.902742326259613 8835
1751214772671 0.6060889363288879 8836
1751214773886 0.8580374121665955 8837
1751214774769 1.463665246963501 8838
1751214775648 0.8765680193901062 8839
1751214776680 2.0222644805908203 8840
1751214777667 0.8417954444885254 8841
1751214778643 0.9247758984565735 8842
1751214779651 0.7883849143981934 8843
1751214780657 0.6018468141555786 8844
1751214781700 0.27237555384635925 8845
1751214782666 0.9100738763809204 8846
1751214783649 0.8713753819465637 8847
1751214784494 0.8600942492485046 8848
1751214785518 0.9006279110908508 8849
1751214786730 0.9196109771728516 8850
1751214787743 0.9397255182266235 8851
1751214788626 1.3685556650161743 8852
1751214789674 0.8443652391433716 8853
1751214790708 1.5459383726119995 8854
1751214791743 0.9968492388725281 8855
1751214792751 0.9196583032608032 8856
1751214793763 0.7857908606529236 8857
1751214794769 1.7386783361434937 8858
1751214795763 0.7442171573638916 8859
1751214796786 0.6951616406440735 8860
1751214797769 0.4602081775665283 8861
1751214799005 0.881356418132782 8862
1751214799986 1.0609846115112305 8863
1751214800960 0.946980357170105 8864
1751214801980 0.7183820605278015 8865
1751214802994 0.5137006044387817 8866
1751214804033 0.6271220445632935 8867
1751214805019 0.9393298029899597 8868
1751214805998 1.6405636072158813 8869
1751214806991 0.7081472873687744 8870
1751214808000 0.5864735245704651 8871
1751214809030 1.048725962638855 8872
1751214810051 0.9502634406089783 8873
1751214811031 0.8197990655899048 8874
1751214812256 1.0702135562896729 8875
1751214813242 1.1449360847473145 8876
1751214814233 1.0982569456100464 8877
1751214815144 3.0427422523498535 8878
1751214816159 0.968380868434906 8879
1751214817029 0.8059629797935486 8880
1751214818041 0.6605364084243774 8881
1751214819053 0.36070874333381653 8882
1751214820025 0.45235496759414673 8883
1751214820904 0.7982432842254639 8884
1751214821905 0.982250452041626 8885
1751214822870 0.9562283754348755 8886
1751214823885 1.1878913640975952 8887
1751214825084 1.165015697479248 8888
1751214826113 0.7331632971763611 8889
1751214827118 0.5705733299255371 8890
1751214828135 1.3157567977905273 8891
1751214829136 0.5824783444404602 8892
1751214830167 0.9119879603385925 8893
1751214831174 1.187070608139038 8894
1751214832159 0.7150882482528687 8895
1751214833025 0.49671435356140137 8896
1751214834018 0.6054814457893372 8897
1751214835035 1.1503403186798096 8898
1751214836018 0.9087199568748474 8899
1751214837273 0.6419674158096313 8900
1751214838137 1.6245291233062744 8901
1751214839159 0.7629136443138123 8902
1751214840178 0.6120635867118835 8903
1751214841206 0.5815537571907043 8904
1751214842245 0.6092060208320618 8905
1751214843141 1.198323369026184 8906
1751214844148 1.0519895553588867 8907
1751214845190 1.0303372144699097 8908
1751214846038 1.150120496749878 8909
1751214847003 0.8817943930625916 8910
1751214847853 1.3123763799667358 8911
1751214848714 0.6444768905639648 8912
1751214850025 1.4914108514785767 8913
1751214851033 0.6154434084892273 8914
1751214852028 1.182504653930664 8915
1751214853017 0.18845950067043304 8916
1751214854101 0.7504743337631226 8917
1751214855090 0.7086476683616638 8918
1751214856083 0.9061522483825684 8919
1751214857091 0.7817274928092957 8920
1751214858115 0.6132088303565979 8921
1751214859156 0.7438948750495911 8922
1751214860145 0.7080338597297668 8923
1751214861135 0.8074974417686462 8924
1751214862153 1.126824975013733 8925
1751214863424 1.0113840103149414 8926
1751214864427 0.8287631869316101 8927
1751214865265 1.0392481088638306 8928
1751214866303 0.6600223183631897 8929
1751214867281 0.43990305066108704 8930
1751214868100 1.26402747631073 8931
1751214869070 0.6286543011665344 8932
1751214870044 1.1710537672042847 8933
1751214871053 0.8671855330467224 8934
1751214872044 0.46911582350730896 8935
1751214873046 0.8254443407058716 8936
1751214874083 1.112256646156311 8937
1751214875314 0.5503856539726257 8938
1751214876328 0.8116413354873657 8939
1751214877347 2.1229476928710938 8940
1751214878372 0.9212508201599121 8941
1751214879392 0.574134349822998 8942
1751214880386 0.7396077513694763 8943
1751214881399 0.9995272755622864 8944
1751214882358 0.9618082046508789 8945
1751214883373 0.7984611392021179 8946
1751214884363 1.4397236108779907 8947
1751214885326 0.9966557621955872 8948
1751214886295 0.30857619643211365 8949
1751214887287 0.606582760810852 8950
1751214888524 0.5626974105834961 8951
1751214889509 0.6473116874694824 8952
1751214890478 0.7508570551872253 8953
1751214891476 0.733816385269165 8954
1751214892508 0.8952146768569946 8955
1751214893511 0.6402304172515869 8956
1751214894585 1.4158719778060913 8957
1751214895612 0.27909475564956665 8958
1751214896578 0.2984747290611267 8959
1751214897578 0.6106129884719849 8960
1751214898571 0.6744939684867859 8961
1751214899587 0.725794792175293 8962
1751214900450 0.9413299560546875 8963
1751214901683 1.4638152122497559 8964
1751214902666 0.37105512619018555 8965
1751214903508 0.9621624946594238 8966
1751214904511 0.676149845123291 8967
1751214905511 0.8689782023429871 8968
1751214906397 0.7082269787788391 8969
1751214907404 1.9617340564727783 8970
1751214908379 0.864486038684845 8971
1751214909387 0.6592435240745544 8972
1751214910411 1.331173300743103 8973
1751214911443 0.6697713732719421 8974
1751214912278 6.103047847747803 8975
1751214913302 0.9822500348091125 8976
1751214914536 1.1649845838546753 8977
1751214915594 0.6467759013175964 8978
1751214916610 0.6437841653823853 8979
1751214917638 1.3679755926132202 8980
1751214918513 0.9564323425292969 8981
1751214919500 0.6140084862709045 8982
1751214920505 0.5480707287788391 8983
1751214921331 0.9648947715759277 8984
1751214922329 0.6605719327926636 8985
1751214923364 0.7047528624534607 8986
1751214924395 0.4529530704021454 8987
1751214925394 1.0300219058990479 8988
1751214926405 0.8914915323257446 8989
1751214927638 1.376331090927124 8990
1751214928691 0.8855910897254944 8991
1751214929703 1.2997418642044067 8992
1751214930572 0.891077995300293 8993
1751214931590 1.6964292526245117 8994
1751214932651 0.5822283029556274 8995
1751214933754 0.904575526714325 8996
1751214934736 1.148945689201355 8997
1751214935755 1.5642296075820923 8998
1751214936774 0.5799574851989746 8999
1751214937767 0.6463426947593689 9000
1751214989144 0.8427198529243469 9001
1751214990393 0.7532687783241272 9002
1751214991426 0.822003960609436 9003
1751214992409 1.4851300716400146 9004
1751214993409 0.4180499017238617 9005
1751214994419 0.9467983245849609 9006
1751214995279 0.7850672602653503 9007
1751214996316 0.7246270775794983 9008
1751214997326 1.0358617305755615 9009
1751214998383 0.5887255668640137 9010
1751214999398 0.6089677214622498 9011
1751215000376 1.0532158613204956 9012
1751215001372 1.2600973844528198 9013
1751215002364 0.0739191472530365 9014
1751215003593 1.4168294668197632 9015
1751215004669 0.9865788817405701 9016
1751215005704 0.4890282154083252 9017
1751215006721 0.806570827960968 9018
1751215007730 1.0788555145263672 9019
1751215008728 1.0186556577682495 9020
1751215009740 1.0065803527832031 9021
1751215010741 0.6616492867469788 9022
1751215011768 1.4866334199905396 9023
1751215012791 0.7043860554695129 9024
1751215013801 0.7355168461799622 9025
1751215014803 0.04131558537483215 9026
1751215016112 0.7604606747627258 9027
1751215017125 0.658973753452301 9028
1751215018101 0.915640652179718 9029
1751215018974 0.9574374556541443 9030
1751215019953 0.7373499274253845 9031
1751215020958 0.48225727677345276 9032
1751215021927 1.0562080144882202 9033
1751215022958 2.313539981842041 9034
1751215023992 0.8412663340568542 9035
1751215024987 0.7443141341209412 9036
1751215025958 1.6299675703048706 9037
1751215026940 0.7631848454475403 9038
1751215027933 0.5583100318908691 9039
1751215029134 0.8005610704421997 9040
1751215030028 3.0318386554718018 9041
1751215031044 0.9614220857620239 9042
1751215032059 0.6441652774810791 9043
1751215033064 1.0711486339569092 9044
1751215034042 0.7596272826194763 9045
1751215035062 0.9372667670249939 9046
1751215035938 1.301388144493103 9047
1751215036937 1.0734432935714722 9048
1751215037957 0.6316968202590942 9049
1751215038991 0.10132362693548203 9050
1751215040001 0.5860337615013123 9051
1751215041041 0.2995741665363312 9052
1751215042287 1.2051066160202026 9053
1751215043298 1.827328085899353 9054
1751215044333 0.5535905361175537 9055
1751215045356 0.4418862462043762 9056
1751215046358 1.1267834901809692 9057
1751215047244 1.4031709432601929 9058
1751215048222 0.9241766929626465 9059
1751215049195 0.620196521282196 9060
1751215050278 0.7771772742271423 9061
1751215051258 1.0409506559371948 9062
1751215052278 1.1014591455459595 9063
1751215053295 0.5974611639976501 9064
1751215054518 1.1067421436309814 9065
1751215055506 0.7313299775123596 9066
1751215056508 1.832391381263733 9067
1751215057520 0.616738498210907 9068
1751215058531 0.30315637588500977 9069
1751215059531 1.245400071144104 9070
1751215060533 0.9790917634963989 9071
1751215061525 0.8816815614700317 9072
1751215062517 0.9717587828636169 9073
1751215063528 1.3114955425262451 9074
1751215064546 1.5515012741088867 9075
1751215065614 0.6883238554000854 9076
1751215066700 0.8454540371894836 9077
1751215067907 0.7132049798965454 9078
1751215068883 1.2418407201766968 9079
1751215069933 0.6494669318199158 9080
1751215070991 0.12904441356658936 9081
1751215072021 0.9213531613349915 9082
1751215072904 0.4654744863510132 9083
1751215073881 0.9702760577201843 9084
1751215074885 0.48532962799072266 9085
1751215075777 1.4732708930969238 9086
1751215076788 0.7973767518997192 9087
1751215077797 0.78117436170578 9088
1751215078807 0.5952734351158142 9089
1751215079858 0.949577271938324 9090
1751215080992 0.5491985082626343 9091
1751215081980 0.524027943611145 9092
1751215082971 0.702774167060852 9093
1751215083970 0.8798618316650391 9094
1751215084967 1.2040469646453857 9095
1751215085955 0.3693021535873413 9096
1751215086995 0.6531853675842285 9097
1751215087978 0.8376612067222595 9098
1751215088969 1.3610914945602417 9099
1751215089997 1.012129545211792 9100
1751215091026 0.5808805823326111 9101
1751215092021 1.4590284824371338 9102
1751215093411 1.12721848487854 9103
1751215094272 0.937704861164093 9104
1751215095318 1.171701431274414 9105
1751215096299 0.8368070125579834 9106
1751215097316 0.9153172373771667 9107
1751215098299 0.7230575680732727 9108
1751215099207 2.297581672668457 9109
1751215100205 0.5839942097663879 9110
1751215101200 0.7910444140434265 9111
1751215102217 0.6436876654624939 9112
1751215103218 0.6033967733383179 9113
1751215104235 0.770115077495575 9114
1751215105236 0.6417117118835449 9115
1751215106326 0.8062593340873718 9116
1751215107335 0.48287153244018555 9117
1751215108362 0.7142449617385864 9118
1751215109351 0.7535748481750488 9119
1751215110327 0.54110187292099 9120
1751215111327 0.863118052482605 9121
1751215112179 2.39068341255188 9122
1751215113057 0.6230964064598083 9123
1751215114086 0.9139806628227234 9124
1751215115101 0.6892676949501038 9125
1751215116133 0.883344292640686 9126
1751215117122 0.696409285068512 9127
1751215118110 0.839756429195404 9128
1751215119425 1.5935709476470947 9129
1751215120392 0.9288455843925476 9130
1751215121411 0.8976499438285828 9131
1751215122308 1.1991255283355713 9132
1751215123286 0.4855433702468872 9133
1751215124295 1.7807152271270752 9134
1751215125293 0.1865273118019104 9135
1751215126290 0.8351739048957825 9136
1751215127322 1.046034812927246 9137
1751215128341 0.8316751718521118 9138
1751215129328 0.8241797685623169 9139
1751215130340 0.735914409160614 9140
1751215131564 0.7043167948722839 9141
1751215132566 1.2095574140548706 9142
1751215133557 0.7570163607597351 9143
1751215134552 0.6848081350326538 9144
1751215135548 0.627463161945343 9145
1751215136399 0.9512300491333008 9146
1751215137454 0.9348687529563904 9147
1751215138472 1.100697636604309 9148
1751215139351 0.8711271286010742 9149
1751215140377 0.8114734888076782 9150
1751215141370 0.8718118667602539 9151
1751215142352 0.9117509126663208 9152
1751215143345 0.574196457862854 9153
1751215144554 0.7315757870674133 9154
1751215145555 0.6722025871276855 9155
1751215146572 0.9750868082046509 9156
1751215147615 0.7010931968688965 9157
1751215148628 0.9433380365371704 9158
1751215149660 1.0261629819869995 9159
1751215150682 0.8499464392662048 9160
1751215151730 0.746659517288208 9161
1751215152719 0.7084082961082458 9162
1751215153747 0.9561755061149597 9163
1751215154709 0.7084843516349792 9164
1751215156054 0.3713911771774292 9165
1751215156895 1.0051863193511963 9166
1751215157870 1.0672622919082642 9167
1751215158931 1.2314656972885132 9168
1751215159926 0.8314800262451172 9169
1751215160944 1.025705099105835 9170
1751215161981 1.1804230213165283 9171
1751215162865 1.7413824796676636 9172
1751215163880 1.082186222076416 9173
1751215164876 0.651603639125824 9174
1751215165836 0.14649491012096405 9175
1751215166859 0.7410646677017212 9176
1751215168162 0.2627429664134979 9177
1751215169178 1.0650888681411743 9178
1751215170157 0.6905818581581116 9179
1751215171179 0.9055227637290955 9180
1751215172176 1.1995294094085693 9181
1751215173160 1.4396249055862427 9182
1751215174021 1.4997369050979614 9183
1751215175016 1.2454160451889038 9184
1751215175906 1.2509136199951172 9185
1751215176985 1.1113157272338867 9186
1751215178000 0.5021095275878906 9187
1751215178984 0.9112479090690613 9188
1751215180216 0.33512744307518005 9189
1751215181236 0.7877650260925293 9190
1751215182246 1.0779805183410645 9191
1751215183225 0.8416091799736023 9192
1751215184272 0.7430434226989746 9193
1751215185340 1.175548791885376 9194
1751215186335 0.850860059261322 9195
1751215187323 0.9544050097465515 9196
1751215188323 0.7936400771141052 9197
1751215189315 0.8625761270523071 9198
1751215190314 0.7479009032249451 9199
1751215191313 0.6667351126670837 9200
1751215192548 0.7243601679801941 9201
1751215193569 0.8478986620903015 9202
1751215194584 0.888759434223175 9203
1751215195631 0.5306304097175598 9204
1751215196624 0.8411210179328918 9205
1751215197651 1.7425861358642578 9206
1751215198674 0.7277399301528931 9207
1751215199701 0.8695701956748962 9208
1751215200687 1.166451334953308 9209
1751215201667 0.7740775942802429 9210
1751215202668 0.9854116439819336 9211
1751215203676 1.3119111061096191 9212
1751215204874 1.2228580713272095 9213
1751215205902 0.5794381499290466 9214
1751215206908 1.084427833557129 9215
1751215207895 0.77256840467453 9216
1751215208940 0.6684972643852234 9217
1751215209993 0.7451988458633423 9218
1751215210994 1.0690537691116333 9219
1751215211830 0.996341347694397 9220
1751215212832 0.48179492354393005 9221
1751215213834 1.2572096586227417 9222
1751215214699 1.01984441280365 9223
1751215215697 0.6920868158340454 9224
1751215216896 0.6917389035224915 9225
1751215217892 0.8920619487762451 9226
1751215218878 0.4130552411079407 9227
1751215219873 0.8669335842132568 9228
1751215220948 0.674346923828125 9229
1751215221978 0.8173213005065918 9230
1751215223018 0.613449215888977 9231
1751215224023 0.6816613078117371 9232
1751215225022 0.9012184143066406 9233
1751215226028 0.9610723853111267 9234
1751215227039 0.6686761975288391 9235
1751215228062 0.8398949503898621 9236
1751215229320 0.7164139747619629 9237
1751215230225 0.6067049503326416 9238
1751215231220 0.8845440745353699 9239
1751215232243 0.7768358588218689 9240
1751215233279 1.8971866369247437 9241
1751215234312 0.5582385659217834 9242
1751215235377 0.653020977973938 9243
1751215236344 0.7327591180801392 9244
1751215237453 0.6596202254295349 9245
1751215238457 1.1662062406539917 9246
1751215239474 0.8363629579544067 9247
1751215240470 0.8433082699775696 9248
1751215241676 0.7417539954185486 9249
1751215242528 1.1941975355148315 9250
1751215243515 0.5372917056083679 9251
1751215244517 0.8815382122993469 9252
1751215245546 0.917292058467865 9253
1751215246567 0.814430832862854 9254
1751215247597 0.598829984664917 9255
1751215248621 0.9619261026382446 9256
1751215249612 0.9580671191215515 9257
1751215250586 0.4956187307834625 9258
1751215251630 0.9443966150283813 9259
1751215252637 1.038110375404358 9260
1751215253862 0.7853478789329529 9261
1751215254883 1.0855845212936401 9262
1751215255889 0.7483725547790527 9263
1751215256871 0.659071147441864 9264
1751215257856 0.5449556112289429 9265
1751215258932 0.05254482105374336 9266
1751215259925 0.8789674639701843 9267
1751215260966 0.6136589050292969 9268
1751215261981 1.0895814895629883 9269
1751215263034 0.3794633150100708 9270
1751215264055 0.9978446960449219 9271
1751215265115 1.1582788228988647 9272
1751215266177 0.5217437148094177 9273
1751215267201 0.6704575419425964 9274
1751215268225 0.5197010636329651 9275
1751215269224 0.8632831573486328 9276
1751215270210 0.8802156448364258 9277
1751215271196 0.6743541955947876 9278
1751215272175 0.8162478804588318 9279
1751215273201 0.6667643785476685 9280
1751215274237 0.8822603225708008 9281
1751215275226 0.3682454526424408 9282
1751215276214 0.7265529036521912 9283
1751215277103 0.7761145830154419 9284
1751215278293 1.336753487586975 9285
1751215279349 1.0306971073150635 9286
1751215280344 0.7459820508956909 9287
1751215281240 0.5455589294433594 9288
1751215282211 0.9686786532402039 9289
1751215283269 2.4341511726379395 9290
1751215284130 0.495124489068985 9291
1751215285096 0.7678506374359131 9292
1751215286092 3.07136869430542 9293
1751215287066 0.880281925201416 9294
1751215288077 0.8846422433853149 9295
1751215289131 0.5560446977615356 9296
1751215290112 0.6571508646011353 9297
1751215291402 0.6676492094993591 9298
1751215292399 1.187464714050293 9299
1751215293424 0.5677234530448914 9300
1751215294482 0.6322324872016907 9301
1751215295488 1.3899186849594116 9302
1751215296480 0.43722283840179443 9303
1751215297510 0.8734129071235657 9304
1751215298527 1.254102110862732 9305
1751215299526 0.537956178188324 9306
1751215300540 1.0422163009643555 9307
1751215301527 0.650611400604248 9308
1751215302559 0.8101258277893066 9309
1751215303856 0.6512026190757751 9310
1751215304884 0.5066152215003967 9311
1751215305907 1.3448240756988525 9312
1751215306924 0.9339980483055115 9313
1751215307925 0.8459720611572266 9314
1751215308928 0.8165189027786255 9315
1751215309940 1.0511811971664429 9316
1751215310980 0.7868332862854004 9317
1751215311878 1.2569471597671509 9318
1751215312949 1.026076078414917 9319
1751215313949 0.714447021484375 9320
1751215315004 1.0234631299972534 9321
1751215316219 0.8370947241783142 9322
1751215317220 0.7779287099838257 9323
1751215318102 0.7759565711021423 9324
1751215318973 1.0403193235397339 9325
1751215320013 1.229222297668457 9326
1751215320849 1.1244817972183228 9327
1751215321843 0.815707802772522 9328
1751215322861 0.6136718988418579 9329
1751215323878 0.9765945672988892 9330
1751215324858 0.7103830575942993 9331
1751215325872 0.6090535521507263 9332
1751215326936 0.771019458770752 9333
1751215328025 0.937615692615509 9334
1751215329023 0.7549688220024109 9335
1751215330048 1.4660159349441528 9336
1751215331064 0.785301148891449 9337
1751215331971 1.3118377923965454 9338
1751215332977 1.2793962955474854 9339
1751215334019 1.1964768171310425 9340
1751215335029 0.5403540730476379 9341
1751215336006 0.5348417162895203 9342
1751215337024 0.7487437725067139 9343
1751215338004 0.6291203498840332 9344
1751215339009 0.5048007965087891 9345
1751215340255 0.9835556149482727 9346
1751215341223 0.7631575465202332 9347
1751215342070 1.180087924003601 9348
1751215342969 1.06590735912323 9349
1751215343988 0.7424573302268982 9350
1751215345033 1.1686748266220093 9351
1751215346032 0.7613349556922913 9352
1751215347055 1.0600422620773315 9353
1751215348064 0.6508172750473022 9354
1751215349099 1.0036900043487549 9355
1751215350074 1.369331955909729 9356
1751215351098 0.7048572897911072 9357
1751215352343 0.023293593898415565 9358
1751215353353 0.5872004628181458 9359
1751215354371 0.884758472442627 9360
1751215355417 0.5859390497207642 9361
1751215356413 0.66685551404953 9362
1751215357411 1.0286905765533447 9363
1751215358433 1.1528280973434448 9364
1751215359407 0.7642697095870972 9365
1751215360411 0.9020978808403015 9366
1751215361402 0.7123321890830994 9367
1751215362412 0.7633797526359558 9368
1751215363393 0.699807345867157 9369
1751215364619 0.5654903650283813 9370
1751215365616 1.1361764669418335 9371
1751215366654 0.20815622806549072 9372
1751215367670 0.3792276382446289 9373
1751215368682 0.8261201977729797 9374
1751215369701 0.7534959316253662 9375
1751215370776 0.8864969611167908 9376
1751215371775 0.7355291843414307 9377
1751215372855 1.4474906921386719 9378
1751215373860 0.6437709927558899 9379
1751215374848 0.8409075140953064 9380
1751215376090 0.5032651424407959 9381
1751215377139 0.29941463470458984 9382
1751215378120 1.4430515766143799 9383
1751215379174 0.6544439196586609 9384
1751215380171 0.7567877769470215 9385
1751215381174 0.3554482161998749 9386
1751215382156 0.7288784980773926 9387
1751215383156 0.6844444274902344 9388
1751215384179 0.6878992915153503 9389
1751215385199 1.3252524137496948 9390
1751215386077 0.6276936531066895 9391
1751215387064 0.7057387232780457 9392
1751215387932 1.9507774114608765 9393
1751215389141 0.2723631262779236 9394
1751215390139 0.755058765411377 9395
1751215391124 0.6144801378250122 9396
1751215392142 0.660610020160675 9397
1751215393171 1.070168375968933 9398
1751215394167 0.7613062262535095 9399
1751215395178 1.093196988105774 9400
1751215396044 1.1147842407226562 9401
1751215397049 0.8983203768730164 9402
1751215398027 0.67106032371521 9403
1751215399060 0.7353811860084534 9404
1751215400116 0.8315823674201965 9405
1751215401231 0.942875862121582 9406
1751215402234 0.8124211430549622 9407
1751215403207 1.1231378316879272 9408
1751215404264 0.744993269443512 9409
1751215405283 1.2342880964279175 9410
1751215406333 0.9322738647460938 9411
1751215407222 1.1034001111984253 9412
1751215408211 0.5560733675956726 9413
1751215409217 0.5473368763923645 9414
1751215410219 0.7909271121025085 9415
1751215411203 0.6038655638694763 9416
1751215412223 0.9941758513450623 9417
1751215413501 0.8970745801925659 9418
1751215414544 0.6124042272567749 9419
1751215415654 0.7423465847969055 9420
1751215416732 0.69979327917099 9421
1751215417771 1.3789056539535522 9422
1751215418800 0.8559627532958984 9423
1751215419831 0.5385881662368774 9424
1751215420871 0.7752410769462585 9425
1751215421787 1.1741983890533447 9426
1751215422770 0.5159410834312439 9427
1751215423753 1.1283096075057983 9428
1751215424787 0.6082107424736023 9429
1751215426074 0.5118825435638428 9430
1751215427080 0.6650283932685852 9431
1751215428109 0.9039018750190735 9432
1751215429144 0.6934206485748291 9433
1751215430147 0.7569619417190552 9434
1751215431174 0.5806822776794434 9435
1751215432234 0.42324531078338623 9436
1751215433231 0.6226296424865723 9437
1751215434242 1.583150029182434 9438
1751215435248 0.74430912733078 9439
1751215436263 0.7047975659370422 9440
1751215437269 1.4205211400985718 9441
1751215438268 1.0559148788452148 9442
1751215439504 0.7640544176101685 9443
1751215440480 0.8361255526542664 9444
1751215441476 0.5632538199424744 9445
1751215442514 0.4449729323387146 9446
1751215443518 0.44755592942237854 9447
1751215444548 0.8580569624900818 9448
1751215445541 1.028408169746399 9449
1751215446600 0.6329116821289062 9450
1751215447595 0.8198704123497009 9451
1751215448497 1.5877138376235962 9452
1751215449546 0.6909765601158142 9453
1751215450428 1.1547657251358032 9454
1751215451493 1.122543215751648 9455
1751215452473 0.8884024024009705 9456
1751215453484 0.942375123500824 9457
1751215454527 0.8686963319778442 9458
1751215455522 0.625374972820282 9459
1751215456563 0.8271613121032715 9460
1751215457574 0.48066145181655884 9461
1751215458562 0.9096233248710632 9462
1751215459574 0.7765311002731323 9463
1751215460603 0.8424715399742126 9464
1751215461610 0.6348455548286438 9465
1751215462595 0.32076379656791687 9466
1751215463841 1.2959626913070679 9467
1751215464864 0.7688047289848328 9468
1751215465860 0.951873779296875 9469
1751215466909 0.9924454689025879 9470
1751215467932 0.927128255367279 9471
1751215468850 0.9669970273971558 9472
1751215469700 1.1213221549987793 9473
1751215470582 1.4597663879394531 9474
1751215471585 0.5974768400192261 9475
1751215472600 0.5285338759422302 9476
1751215473581 0.7016931772232056 9477
1751215474572 0.7816487550735474 9478
1751215475801 0.6435345411300659 9479
1751215476778 1.1852139234542847 9480
1751215477795 0.3327465057373047 9481
1751215478836 0.5839839577674866 9482
1751215479817 0.35886284708976746 9483
1751215480802 0.6587074398994446 9484
1751215481784 0.5456072688102722 9485
1751215482787 0.858725368976593 9486
1751215483814 0.7689471244812012 9487
1751215484826 0.8438982367515564 9488
1751215485839 0.9011991620063782 9489
1751215486834 1.9358805418014526 9490
1751215487972 0.8609666228294373 9491
1751215488971 0.5746180415153503 9492
1751215489973 1.1763479709625244 9493
1751215490994 0.3033367395401001 9494
1751215492012 0.5651854872703552 9495
1751215493032 0.859192967414856 9496
1751215494011 0.9190247654914856 9497
1751215495016 0.6973617672920227 9498
1751215496047 0.762186586856842 9499
1751215497022 0.7248446345329285 9500
1751215498028 0.5778982043266296 9501
1751215499293 0.7292901277542114 9502
1751215500316 0.9183496832847595 9503
1751215501318 0.9432368278503418 9504
1751215502320 1.0095133781433105 9505
1751215503368 1.1874278783798218 9506
1751215504355 0.08009947091341019 9507
1751215505356 1.0121099948883057 9508
1751215506366 0.6650773882865906 9509
1751215507367 1.5211938619613647 9510
1751215508387 0.6521437764167786 9511
1751215509414 0.684879720211029 9512
1751215510712 0.07763313502073288 9513
1751215511742 0.8629478812217712 9514
1751215512764 0.7840344905853271 9515
1751215513649 0.7611223459243774 9516
1751215514738 0.6278998255729675 9517
1751215515765 1.0378332138061523 9518
1751215516786 0.4647310674190521 9519
1751215517785 1.159304141998291 9520
1751215518798 0.8479681015014648 9521
1751215519655 1.6593436002731323 9522
1751215520633 0.8510248064994812 9523
1751215521477 1.364925742149353 9524
1751215522398 0.9985570311546326 9525
1751215523705 0.7435871362686157 9526
1751215524720 0.8275399208068848 9527
1751215525725 0.6541962027549744 9528
1751215526703 1.0438346862792969 9529
1751215527715 0.5606333017349243 9530
1751215528726 0.5586814880371094 9531
1751215529704 0.4543024003505707 9532
1751215530724 0.6740671992301941 9533
1751215531717 0.6698742508888245 9534
1751215532766 0.5125482678413391 9535
1751215533769 0.6256347298622131 9536
1751215535006 1.039374589920044 9537
1751215535994 0.9027664065361023 9538
1751215536981 0.8486751914024353 9539
1751215538034 0.8777250647544861 9540
1751215539049 0.5192186236381531 9541
1751215540048 1.0589516162872314 9542
1751215541023 1.0141741037368774 9543
1751215541995 0.7403530478477478 9544
1751215542991 0.6324033141136169 9545
1751215543986 0.9374229311943054 9546
1751215544965 1.3090356588363647 9547
1751215546202 1.1886543035507202 9548
1751215547184 0.7402753233909607 9549
1751215548212 1.035983681678772 9550
1751215549216 0.6009107232093811 9551
1751215550264 0.24039921164512634 9552
1751215551260 0.7690355777740479 9553
1751215552248 0.727984607219696 9554
1751215553228 0.3195687532424927 9555
1751215554202 1.4791135787963867 9556
1751215555215 1.073536992073059 9557
1751215556140 1.1933931112289429 9558
1751215557115 0.4872037470340729 9559
1751215558331 0.6966022849082947 9560
1751215559320 0.5263247489929199 9561
1751215560347 0.8004376292228699 9562
1751215561265 0.9954326748847961 9563
1751215562269 0.9613038897514343 9564
1751215563291 0.4657720625400543 9565
1751215564338 1.0471419095993042 9566
1751215565393 1.010761022567749 9567
1751215566312 3.3044841289520264 9568
1751215567354 0.955943763256073 9569
1751215568254 1.3757251501083374 9570
1751215569258 1.1272623538970947 9571
1751215570519 1.5757861137390137 9572
1751215571509 0.7533701062202454 9573
1751215572537 0.6500717997550964 9574
1751215573526 0.8344959616661072 9575
1751215574555 1.1907739639282227 9576
1751215575605 0.5909842848777771 9577
1751215576590 0.7062360048294067 9578
1751215577575 0.855842649936676 9579
1751215578556 1.3143390417099 9580
1751215579572 0.5075111389160156 9581
1751215580602 0.19730006158351898 9582
1751215581860 0.4440526068210602 9583
1751215582767 1.3589186668395996 9584
1751215583617 1.104650616645813 9585
1751215584607 1.0399377346038818 9586
1751215585477 1.2808805704116821 9587
1751215586493 0.8842721581459045 9588
1751215587485 0.8326390385627747 9589
1751215588467 0.4654091000556946 9590
1751215589470 0.8114212155342102 9591
1751215590481 0.7872806787490845 9592
1751215591478 0.588642418384552 9593
1751215592495 0.22006911039352417 9594
1751215593470 1.3821452856063843 9595
1751215594762 0.6059800386428833 9596
1751215595775 0.9286573529243469 9597
1751215596786 0.9646148681640625 9598
1751215597862 0.7926785945892334 9599
1751215598868 0.908880352973938 9600
1751215599893 0.648447573184967 9601
1751215600894 1.6887203454971313 9602
1751215601813 0.8374621272087097 9603
1751215602867 0.5909519195556641 9604
1751215603898 0.8068817257881165 9605
1751215604897 1.4914966821670532 9606
1751215606132 0.6620436906814575 9607
1751215607123 0.45755109190940857 9608
1751215608154 0.9238592386245728 9609
1751215609152 0.18472738564014435 9610
1751215610013 1.9626251459121704 9611
1751215611053 0.7681345343589783 9612
1751215612075 0.5454056859016418 9613
1751215613148 1.6103092432022095 9614
1751215614037 1.2020820379257202 9615
1751215615071 0.9430040717124939 9616
1751215616089 0.48984193801879883 9617
1751215617346 1.2198272943496704 9618
1751215618360 0.6129220128059387 9619
1751215619268 1.1017661094665527 9620
1751215620262 0.7280907034873962 9621
1751215621295 1.1721659898757935 9622
1751215622295 0.5700005888938904 9623
1751215623314 0.806527316570282 9624
1751215624418 1.1914743185043335 9625
1751215625481 0.6460575461387634 9626
1751215626457 0.794113278388977 9627
1751215627435 1.504252552986145 9628
1751215628460 1.0724941492080688 9629
1751215629734 0.955441951751709 9630
1751215630737 1.3565044403076172 9631
1751215631744 0.7433039546012878 9632
1751215632715 0.5915716290473938 9633
1751215633721 0.5449060797691345 9634
1751215634755 0.9086036682128906 9635
1751215635630 0.95050448179245 9636
1751215636615 0.3728834092617035 9637
1751215637668 0.6891953945159912 9638
1751215638667 0.6291003227233887 9639
1751215639682 0.8979859352111816 9640
1751215640729 2.4912586212158203 9641
1751215642042 1.053841233253479 9642
1751215643048 0.6776174306869507 9643
1751215644140 1.059032917022705 9644
1751215645008 0.6768620610237122 9645
1751215646003 0.39569324254989624 9646
1751215647057 0.7413410544395447 9647
1751215648060 0.5787109732627869 9648
1751215649086 0.8382346034049988 9649
1751215650093 0.7220861911773682 9650
1751215651077 0.524971604347229 9651
1751215652081 0.6543398499488831 9652
1751215653327 0.7392474412918091 9653
1751215654323 0.4378174841403961 9654
1751215655335 0.6566905975341797 9655
1751215656172 1.8569449186325073 9656
1751215657210 0.9962581992149353 9657
1751215658222 0.7094753384590149 9658
1751215659212 0.5568305253982544 9659
1751215660249 1.1587047576904297 9660
1751215661281 0.72883540391922 9661
1751215662280 0.5753459930419922 9662
1751215663359 0.8533380627632141 9663
1751215664333 0.5952153205871582 9664
1751215665321 0.849430501461029 9665
1751215666631 0.9322429895401001 9666
1751215667627 0.9332044720649719 9667
1751215668618 0.5791136026382446 9668
1751215669595 0.8486189246177673 9669
1751215670576 0.9302754402160645 9670
1751215671608 0.762177050113678 9671
1751215672593 0.37495923042297363 9672
1751215673614 0.8522836565971375 9673
1751215674621 0.7696760296821594 9674
1751215675637 0.9118761420249939 9675
1751215676892 1.3734922409057617 9676
1751215677958 0.9040474891662598 9677
1751215678935 0.878238320350647 9678
1751215679929 1.0220966339111328 9679
1751215680970 0.7375475764274597 9680
1751215681963 1.3104939460754395 9681
1751215682969 1.7338417768478394 9682
1751215683968 2.1478793621063232 9683
1751215684853 1.1273910999298096 9684
1751215685871 0.8049167990684509 9685
1751215686875 0.6582386493682861 9686
1751215688214 1.1150226593017578 9687
1751215689200 0.802903950214386 9688
1751215690228 0.9025449752807617 9689
1751215691246 0.5233145356178284 9690
1751215692276 0.46362921595573425 9691
1751215693295 0.7047504186630249 9692
1751215694272 0.8149998784065247 9693
1751215695346 2.4781291484832764 9694
1751215696344 0.5503937602043152 9695
1751215697399 0.8478886485099792 9696
1751215698419 1.169254183769226 9697
1751215699435 1.6957918405532837 9698
1751215700778 0.5322698950767517 9699
1751215701757 0.7090385556221008 9700
1751215702769 2.4414477348327637 9701
1751215703785 1.256602168083191 9702
1751215704803 0.9554254412651062 9703
1751215705682 1.3256093263626099 9704
1751215706547 0.7437074184417725 9705
1751215707580 0.6654375195503235 9706
1751215708567 1.0541408061981201 9707
1751215709461 0.9088823199272156 9708
1751215710445 0.7474738359451294 9709
1751215711450 1.0468353033065796 9710
1751215712737 1.194413185119629 9711
1751215713612 0.8480231165885925 9712
1751215714617 1.1335594654083252 9713
1751215715635 0.6241408586502075 9714
1751215716685 0.6553569436073303 9715
1751215717700 1.0200976133346558 9716
1751215718771 1.1545653343200684 9717
1751215719809 0.7029216289520264 9718
1751215720813 0.6245904564857483 9719
1751215721659 1.2871744632720947 9720
1751215722678 1.2865803241729736 9721
1751215723991 0.8991783261299133 9722
1751215725008 0.9689741134643555 9723
1751215726046 0.43294557929039 9724
1751215727010 1.2866405248641968 9725
1751215728034 1.673972725868225 9726
1751215729060 0.7214844822883606 9727
1751215730088 0.5496701598167419 9728
1751215731074 1.7953147888183594 9729
1751215732134 0.8170902132987976 9730
1751215733150 2.23266863822937 9731
1751215734169 0.7381978631019592 9732
1751215735235 0.8647215962409973 9733
1751215736221 0.6609565615653992 9734
1751215737240 0.9309007525444031 9735
1751215738228 0.5763198137283325 9736
1751215739203 0.4096769392490387 9737
1751215740209 0.7680990099906921 9738
1751215741237 1.2189732789993286 9739
1751215742224 1.1678320169448853 9740
1751215743212 0.7962411642074585 9741
1751215744240 0.6663943529129028 9742
1751215745245 1.1492656469345093 9743
1751215746280 1.3819254636764526 9744
1751215747577 0.5679847598075867 9745
1751215748470 1.8214054107666016 9746
1751215749465 1.2645553350448608 9747
1751215750479 0.40360337495803833 9748
1751215751473 1.1628631353378296 9749
1751215752468 0.7919754385948181 9750
1751215753474 0.5482048392295837 9751
1751215754499 0.7448381781578064 9752
1751215755534 0.9738845229148865 9753
1751215756532 0.5249020457267761 9754
1751215757551 1.0308458805084229 9755
1751215758573 0.8159902691841125 9756
1751215759790 0.6013177037239075 9757
1751215760827 0.6799384951591492 9758
1751215761808 0.9093534350395203 9759
1751215762818 0.93470299243927 9760
1751215763842 0.9082685708999634 9761
1751215764685 0.16042877733707428 9762
1751215765671 0.6530336737632751 9763
1751215766681 0.9715215563774109 9764
1751215767701 0.7932344675064087 9765
1751215768689 0.5792044401168823 9766
1751215769690 0.6451970338821411 9767
1751215770921 0.5792911648750305 9768
1751215771940 1.17011296749115 9769
1751215772945 1.6565487384796143 9770
1751215773941 0.18621747195720673 9771
1751215774930 1.6423126459121704 9772
1751215775916 0.8068017959594727 9773
1751215776963 0.9876488447189331 9774
1751215777962 0.534147322177887 9775
1751215778956 0.629898726940155 9776
1751215779962 0.66157466173172 9777
1751215780828 1.3550938367843628 9778
1751215782054 0.8424198031425476 9779
1751215783108 0.8210600018501282 9780
1751215784189 0.0439782477915287 9781
1751215785064 1.5096763372421265 9782
1751215785978 7.690253734588623 9783
1751215787011 1.0558890104293823 9784
1751215788051 0.7122289538383484 9785
1751215789054 0.7620895504951477 9786
1751215789919 1.701424241065979 9787
1751215790957 1.3449442386627197 9788
1751215792010 1.02128267288208 9789
1751215793005 0.7552251219749451 9790
1751215794134 0.9236650466918945 9791
1751215795162 0.7245897650718689 9792
1751215796162 0.6640402674674988 9793
1751215797157 0.6662466526031494 9794
1751215798017 1.1562445163726807 9795
1751215799032 0.9280735850334167 9796
1751215800055 0.8392716646194458 9797
1751215801129 0.7015874981880188 9798
1751215802154 0.853454053401947 9799
1751215803146 0.46718406677246094 9800
1751215804198 0.6989040970802307 9801
1751215805176 0.4457647502422333 9802
1751215806400 1.047243356704712 9803
1751215807411 0.849692165851593 9804
1751215808436 1.0706524848937988 9805
1751215809307 1.7549611330032349 9806
1751215810338 0.6305243968963623 9807
1751215811354 0.9442415237426758 9808
1751215812380 1.550622582435608 9809
1751215813292 0.7815790176391602 9810
1751215814303 1.4760738611221313 9811
1751215815308 0.8797321319580078 9812
1751215816176 1.92205011844635 9813
1751215817209 0.6630398035049438 9814
1751215818476 1.0173794031143188 9815
1751215819483 0.9710432887077332 9816
1751215820455 0.47536927461624146 9817
1751215821348 0.666894257068634 9818
1751215822357 1.0182530879974365 9819
1751215823377 0.7135903239250183 9820
1751215824424 1.2509733438491821 9821
1751215825424 0.7860276103019714 9822
1751215826509 0.3112771511077881 9823
1751215827514 1.1126289367675781 9824
1751215828528 0.975852906703949 9825
1751215829541 1.1596208810806274 9826
1751215830895 0.799109160900116 9827
1751215831886 0.4216560125350952 9828
1751215832871 0.9178236126899719 9829
1751215833851 0.5201444029808044 9830
1751215834832 0.05093119293451309 9831
1751215835848 0.9076911807060242 9832
1751215836841 0.29654747247695923 9833
1751215837837 0.4813867211341858 9834
1751215838828 0.5345127582550049 9835
1751215839817 0.9743172526359558 9836
1751215840840 0.9640215039253235 9837
1751215842168 1.3257389068603516 9838
1751215843242 0.6571993827819824 9839
1751215844259 0.9482933282852173 9840
1751215845297 0.8513429760932922 9841
1751215846339 0.727354884147644 9842
1751215847347 0.4343227446079254 9843
1751215848337 0.9316322207450867 9844
1751215849331 1.0902290344238281 9845
1751215850416 0.7901520729064941 9846
1751215851459 1.1213455200195312 9847
1751215852300 1.876391053199768 9848
1751215853552 0.6938746571540833 9849
1751215854617 1.5037301778793335 9850
1751215855571 0.40648961067199707 9851
1751215856667 1.3820894956588745 9852
1751215857703 0.9614853858947754 9853
1751215858723 0.7145521640777588 9854
1751215859747 0.48489898443222046 9855
1751215860610 1.1251357793807983 9856
1751215861590 0.837776780128479 9857
1751215862571 0.7288516759872437 9858
1751215863553 0.7251293063163757 9859
1751215864886 0.8376955389976501 9860
1751215865883 0.5968028903007507 9861
1751215866876 0.5591349005699158 9862
1751215867848 0.8112789988517761 9863
1751215868835 1.7523193359375 9864
1751215869826 0.7328318953514099 9865
1751215870816 0.9500688910484314 9866
1751215871801 0.7043635249137878 9867
1751215872783 0.8481966257095337 9868
1751215873692 0.640531063079834 9869
1751215874696 0.7195579409599304 9870
1751215875968 1.1973307132720947 9871
1751215876966 1.1473737955093384 9872
1751215877961 0.6027289628982544 9873
1751215878935 0.9996142387390137 9874
1751215879915 0.80217045545578 9875
1751215880985 0.2509373128414154 9876
1751215881999 0.7198145389556885 9877
1751215883041 0.5013457536697388 9878
1751215884067 0.5172566771507263 9879
1751215885074 1.0438703298568726 9880
1751215886081 0.9408754706382751 9881
1751215887407 1.0142375230789185 9882
1751215888429 0.6428384184837341 9883
1751215889407 0.8425572514533997 9884
1751215890444 1.509622573852539 9885
1751215891470 0.5769878625869751 9886
1751215892506 1.0920089483261108 9887
1751215893508 0.6714549660682678 9888
1751215894604 0.7039647102355957 9889
1751215895630 1.5197384357452393 9890
1751215896631 0.8438650369644165 9891
1751215897679 0.8561975359916687 9892
1751215898952 0.671501636505127 9893
1751215899963 0.7272445559501648 9894
1751215900845 1.1768617630004883 9895
1751215901854 1.1572157144546509 9896
1751215902905 0.3546752631664276 9897
1751215903753 0.976540744304657 9898
1751215904756 0.8907955288887024 9899
1751215905768 0.7143014073371887 9900
1751215906770 1.3356348276138306 9901
1751215907812 1.5309809446334839 9902
1751215908832 1.247373342514038 9903
1751215910113 0.6699531674385071 9904
1751215911109 1.7925041913986206 9905
1751215912138 1.0212234258651733 9906
1751215913184 0.7150285840034485 9907
1751215914187 0.9344343543052673 9908
1751215915217 0.9400531649589539 9909
1751215916273 0.513542115688324 9910
1751215917295 1.22586190700531 9911
1751215918190 1.306154489517212 9912
1751215919188 0.8071750998497009 9913
1751215920230 0.7796770930290222 9914
1751215921467 0.6752434968948364 9915
1751215922309 0.7195777893066406 9916
1751215923311 0.9044002890586853 9917
1751215924336 0.3564549386501312 9918
1751215925347 0.8842695355415344 9919
1751215926339 0.5730807185173035 9920
1751215927334 0.8316537141799927 9921
1751215928340 0.8480613827705383 9922
1751215929357 0.6969172954559326 9923
1751215930396 1.1779597997665405 9924
1751215931430 1.2441171407699585 9925
1751215932696 0.9289966821670532 9926
1751215933705 1.1256409883499146 9927
1751215934696 0.8653625845909119 9928
1751215935691 0.5315119028091431 9929
1751215936709 0.849377453327179 9930
1751215937722 0.7620987892150879 9931
1751215938720 0.6312441229820251 9932
1751215939768 0.55678790807724 9933
1751215940848 0.7090309262275696 9934
1751215941860 0.8971157073974609 9935
1751215942892 1.0495821237564087 9936
1751215943908 0.6957792639732361 9937
1751215945177 1.1550140380859375 9938
1751215946205 0.805371105670929 9939
1751215947208 0.8847637176513672 9940
1751215948229 0.6643385291099548 9941
1751215949222 0.7299933433532715 9942
1751215950220 0.7912182807922363 9943
1751215951108 0.6695327162742615 9944
1751215952132 0.681030809879303 9945
1751215953120 0.3307429850101471 9946
1751215954116 0.8756107687950134 9947
1751215955419 0.9469730257987976 9948
1751215956430 0.6893926858901978 9949
1751215957462 1.1026180982589722 9950
1751215958473 0.8164768218994141 9951
1751215959459 0.842694878578186 9952
1751215960473 0.8654576539993286 9953
1751215961456 1.2294120788574219 9954
1751215962439 0.7864565253257751 9955
1751215963473 0.8615943789482117 9956
1751215964361 0.9314220547676086 9957
1751215965492 0.737541139125824 9958
1751215966722 0.8855528235435486 9959
1751215967597 2.8686535358428955 9960
1751215968502 1.7452945709228516 9961
1751215969547 1.0148109197616577 9962
1751215970550 0.9594732522964478 9963
1751215971566 0.718349814414978 9964
1751215972604 1.1686005592346191 9965
1751215973627 0.6335662603378296 9966
1751215974634 1.7812511920928955 9967
1751215975620 1.0409294366836548 9968
1751215976610 0.7611010670661926 9969
1751215977618 0.737915575504303 9970
1751215978915 0.09094884246587753 9971
1751215979898 0.8549567461013794 9972
1751215980738 0.32410457730293274 9973
1751215981785 1.4935444593429565 9974
1751215982866 1.3756831884384155 9975
1751215983797 0.9683547019958496 9976
1751215984859 0.6266624331474304 9977
1751215985869 0.13660754263401031 9978
1751215986860 0.22193194925785065 9979
1751215987908 0.18211837112903595 9980
1751215988891 0.6409739851951599 9981
1751215989992 0.7112523913383484 9982
1751215990969 0.47230204939842224 9983
1751215991978 0.7003019452095032 9984
1751215992983 1.0726526975631714 9985
1751215994004 0.6171703338623047 9986
1751215995059 0.5441395044326782 9987
1751215995932 0.7130913138389587 9988
1751215996948 0.7082463502883911 9989
1751215997982 0.7872952818870544 9990
1751215998994 0.6857332587242126 9991
1751215999994 0.49486419558525085 9992
1751216001282 0.5564208626747131 9993
1751216002419 0.8624071478843689 9994
1751216003439 0.9466949105262756 9995
1751216004466 0.7918328046798706 9996
1751216005477 0.7109638452529907 9997
1751216006506 0.6327477693557739 9998
1751216007539 0.8245858550071716 9999
1751216008454 1.2289131879806519 10000
1751216009472 0.6038808226585388 10001
1751216010491 0.8473911285400391 10002
1751216011514 0.7821833491325378 10003
1751216012781 0.38810500502586365 10004
1751216013624 1.0274502038955688 10005
1751216014659 0.5082901120185852 10006
1751216015682 0.5913996696472168 10007
1751216016719 1.097659707069397 10008
1751216017712 0.8400409817695618 10009
1751216018587 1.3054412603378296 10010
1751216019569 0.5257789492607117 10011
1751216020606 0.5436467528343201 10012
1751216021643 0.9809204339981079 10013
1751216022520 2.262909412384033 10014
1751216023674 0.7757625579833984 10015
1751216024684 0.9194065928459167 10016
1751216025725 0.9906946420669556 10017
1751216026754 2.0244102478027344 10018
1751216027856 0.9881200790405273 10019
1751216028898 0.699318528175354 10020
1751216029881 1.0367358922958374 10021
1751216030752 0.9083688855171204 10022
1751216031642 0.40290147066116333 10023
1751216032628 0.8693041801452637 10024
1751216033633 0.5980530977249146 10025
1751216034603 0.7338330149650574 10026
1751216035814 0.7737969756126404 10027
1751216036818 1.0222595930099487 10028
1751216037852 0.8065143823623657 10029
1751216038851 0.7950917482376099 10030
1751216039728 0.9766204953193665 10031
1751216040715 1.1647891998291016 10032
1751216041701 0.8492000699043274 10033
1751216042730 0.5464659929275513 10034
1751216043750 0.8442617654800415 10035
1751216044775 0.5681669116020203 10036
1751216045992 0.956691563129425 10037
1751216046988 0.9637777209281921 10038
1751216047989 0.352768212556839 10039
1751216048965 0.838282585144043 10040
1751216049983 1.2230684757232666 10041
1751216051005 0.8657094836235046 10042
1751216051874 0.34373655915260315 10043
1751216052856 0.6746880412101746 10044
1751216053851 0.7887583374977112 10045
1751216054837 0.5815958380699158 10046
1751216055823 0.8919084668159485 10047
1751216057059 0.5935212969779968 10048
1751216058079 0.6382876038551331 10049
1751216059096 1.0784473419189453 10050
1751216060119 0.5681470036506653 10051
1751216060966 1.3873950242996216 10052
1751216061970 0.8693214654922485 10053
1751216062975 0.9827856421470642 10054
1751216063862 0.4147947132587433 10055
1751216064862 1.7025222778320312 10056
1751216065849 0.8191116452217102 10057
1751216066694 1.0825525522232056 10058
1751216067924 0.9933153390884399 10059
1751216068959 0.8340345621109009 10060
1751216069944 0.6448819637298584 10061
1751216070920 1.0339469909667969 10062
1751216071995 1.0260218381881714 10063
1751216072984 0.42431554198265076 10064
1751216073996 0.6558058857917786 10065
1751216074871 0.756557047367096 10066
1751216075895 1.0885893106460571 10067
1751216076974 0.8151773810386658 10068
1751216077962 1.0859659910202026 10069
1751216079206 0.7004544734954834 10070
1751216080280 1.4978128671646118 10071
1751216081293 1.4082814455032349 10072
1751216082330 0.6998961567878723 10073
1751216083347 0.6249508857727051 10074
1751216084350 0.9984112977981567 10075
1751216085368 0.7033942937850952 10076
1751216086412 0.8742175102233887 10077
1751216087470 0.8227481842041016 10078
1751216088491 0.8674287796020508 10079
1751216089535 0.7029256224632263 10080
1751216090527 1.4386171102523804 10081
1751216091796 0.7515276670455933 10082
1751216092701 1.0199365615844727 10083
1751216093690 0.6710001826286316 10084
1751216094710 1.0413694381713867 10085
1751216095731 0.6807819604873657 10086
1751216096734 0.5328609943389893 10087
1751216097750 0.7664324641227722 10088
1751216098754 1.3908697366714478 10089
1751216099761 0.7581950426101685 10090
1751216100774 0.6718263030052185 10091
1751216101762 1.5537540912628174 10092
1751216103061 0.5355148911476135 10093
1751216104068 0.7758394479751587 10094
1751216105088 1.2576855421066284 10095
1751216106157 0.7787684798240662 10096
1751216107142 0.7679139375686646 10097
1751216108144 0.7230949401855469 10098
1751216109134 0.8305015563964844 10099
1751216110134 0.6359238624572754 10100
1751216111113 0.4245702922344208 10101
1751216112109 0.7389547228813171 10102
1751216112957 0.8569741249084473 10103
1751216114157 0.8592143058776855 10104
1751216115232 0.8897326588630676 10105
1751216116250 0.5583047270774841 10106
1751216117141 0.9681093096733093 10107
1751216118130 0.5626037120819092 10108
1751216119118 1.1322057247161865 10109
1751216120095 0.7262709140777588 10110
1751216121100 0.5460330247879028 10111
1751216122097 0.5945072770118713 10112
1751216122940 1.3575056791305542 10113
1751216123967 0.3927600383758545 10114
1751216125303 0.5304455161094666 10115
1751216126352 0.43698951601982117 10116
1751216127253 0.963036060333252 10117
1751216128228 1.3443228006362915 10118
1751216129266 0.6401999592781067 10119
1751216130324 0.9664955139160156 10120
1751216131267 1.3830560445785522 10121
1751216132270 0.7613205909729004 10122
1751216133281 0.8783859610557556 10123
1751216134446 0.5434274673461914 10124
1751216135552 0.7164109945297241 10125
1751216136838 0.3169786036014557 10126
1751216137869 0.7054688334465027 10127
1751216138867 0.6962270140647888 10128
1751216139913 0.7856505513191223 10129
1751216140904 0.970302402973175 10130
1751216141915 1.3642326593399048 10131
1751216142922 0.8102224469184875 10132
1751216143937 0.5016285181045532 10133
1751216144968 0.46960094571113586 10134
1751216145929 1.1307642459869385 10135
1751216147067 0.8675379753112793 10136
1751216148382 0.6567794680595398 10137
1751216149424 0.6201340556144714 10138
1751216150446 0.719596266746521 10139
1751216151589 0.7391491532325745 10140
1751216152652 0.25772085785865784 10141
1751216153670 0.6337400078773499 10142
1751216154744 0.7638254165649414 10143
1751216155987 0.8061531186103821 10144
1751216157032 0.8709442019462585 10145
1751216158083 0.8179516196250916 10146
1751216159072 0.26217377185821533 10147
1751216160363 1.2896159887313843 10148
1751216161433 0.9623951315879822 10149
1751216162422 0.6757299304008484 10150
1751216163287 1.9115879535675049 10151
1751216164314 0.733494222164154 10152
1751216165330 0.5929402709007263 10153
1751216166259 0.9947773218154907 10154
1751216167285 0.44677335023880005 10155
1751216168295 0.7092215418815613 10156
1751216169276 1.1099122762680054 10157
1751216170298 0.6801627278327942 10158
1751216171568 0.5588539838790894 10159
1751216172564 0.7848114371299744 10160
1751216173598 1.5919040441513062 10161
1751216174647 0.7682934999465942 10162
1751216175652 1.3108352422714233 10163
1751216176663 1.0245420932769775 10164
1751216177686 1.215248942375183 10165
1751216178753 0.5670121312141418 10166
1751216179798 0.9299888014793396 10167
1751216180816 0.9291830062866211 10168
1751216181833 0.9717867970466614 10169
1751216183111 0.5439991354942322 10170
1751216184117 1.278448462486267 10171
1751216185144 0.845669686794281 10172
1751216186140 0.8676709532737732 10173
1751216187123 2.351353406906128 10174
1751216188139 0.5546139478683472 10175
1751216189193 0.9940954446792603 10176
1751216190043 2.161792278289795 10177
1751216191059 0.9823600649833679 10178
1751216192123 1.1727919578552246 10179
1751216193173 0.7755442261695862 10180
1751216194399 1.0346786975860596 10181
1751216195275 1.245364785194397 10182
1751216196262 0.4765280783176422 10183
1751216197267 0.8086466193199158 10184
1751216198247 1.3517907857894897 10185
1751216199296 0.9202395677566528 10186
1751216200297 0.6033974885940552 10187
1751216201323 0.8901875615119934 10188
1751216202331 1.446675419807434 10189
1751216203335 0.47284042835235596 10190
1751216204184 1.9770578145980835 10191
1751216205457 1.0115481615066528 10192
1751216206316 1.3572975397109985 10193
1751216207311 1.4928661584854126 10194
1751216208343 1.1935687065124512 10195
1751216209361 0.7768071293830872 10196
1751216210214 1.3328214883804321 10197
1751216211300 1.2039235830307007 10198
1751216212168 0.9536475539207458 10199
1751216213264 0.7869788408279419 10200
1751216214289 0.9409999847412109 10201
1751216215288 0.7298216819763184 10202
1751216216547 1.0758776664733887 10203
1751216217573 0.6359378099441528 10204
1751216218601 1.1886682510375977 10205
1751216219592 0.6253384947776794 10206
1751216220580 0.7852014899253845 10207
1751216221598 1.9922767877578735 10208
1751216222491 1.3089512586593628 10209
1751216223534 0.5926788449287415 10210
1751216224515 0.9761223793029785 10211
1751216225542 0.6089964509010315 10212
1751216226533 0.9715870022773743 10213
1751216227854 1.5552079677581787 10214
1751216228887 0.8193364143371582 10215
1751216229914 0.7497941851615906 10216
1751216230921 0.6879632472991943 10217
1751216232018 0.6896278262138367 10218
1751216233032 0.4318770170211792 10219
1751216234077 0.7650936841964722 10220
1751216235076 0.8172922134399414 10221
1751216236103 1.4035860300064087 10222
1751216237115 1.1069633960723877 10223
1751216238109 0.41174450516700745 10224
1751216239351 0.7378765344619751 10225
1751216240370 0.8805554509162903 10226
1751216241353 0.6520378589630127 10227
1751216242428 0.49872732162475586 10228
1751216243296 0.5548311471939087 10229
1751216244361 0.44529929757118225 10230
1751216245408 1.2304868698120117 10231
1751216246355 0.5021302103996277 10232
1751216247387 1.0166723728179932 10233
1751216248421 1.092466115951538 10234
1751216249691 0.9625614285469055 10235
1751216250700 1.0330705642700195 10236
1751216251687 0.6845104098320007 10237
1751216252676 0.7551026344299316 10238
1751216253681 0.5054314136505127 10239
1751216254663 0.6778640151023865 10240
1751216255717 0.7189748883247375 10241
1751216256597 0.8583669662475586 10242
1751216257682 1.3718379735946655 10243
1751216258693 0.2959803640842438 10244
1751216259687 0.5483728647232056 10245
1751216260790 0.9838913083076477 10246
1751216261654 1.0350033044815063 10247
1751216262636 0.908056914806366 10248
1751216263621 0.7429828643798828 10249
1751216264639 0.8672223091125488 10250
1751216265635 0.6826460957527161 10251
1751216266625 1.0144236087799072 10252
1751216267668 0.7800472974777222 10253
1751216268668 0.6982285380363464 10254
1751216269741 0.9051171541213989 10255
1751216271026 0.8894981145858765 10256
1751216271914 3.3436639308929443 10257
1751216272953 0.6302050948143005 10258
1751216273973 0.5717554688453674 10259
1751216274993 0.6944127678871155 10260
1751216275984 0.5490266680717468 10261
1751216276996 0.8313459753990173 10262
1751216278064 1.3973716497421265 10263
1751216279106 0.9506531953811646 10264
1751216280145 0.8614358901977539 10265
1751216281150 0.9055194854736328 10266
1751216282406 1.215827465057373 10267
1751216283424 0.6675967574119568 10268
1751216284455 0.8198482394218445 10269
1751216285431 1.2805031538009644 10270
1751216286447 0.37489667534828186 10271
1751216287445 0.5596789121627808 10272
1751216288493 0.5991118550300598 10273
1751216289520 0.8037978410720825 10274
1751216290506 0.5708910226821899 10275
1751216291538 1.0867315530776978 10276
1751216292780 0.8976088166236877 10277
1751216293766 0.7387517690658569 10278
1751216294750 0.617083728313446 10279
1751216295775 0.42879730463027954 10280
1751216296773 1.1667463779449463 10281
1751216297775 0.6791368722915649 10282
1751216298769 1.1297541856765747 10283
1751216299768 1.0360547304153442 10284
1751216300813 0.8813095092773438 10285
1751216301843 0.795087993144989 10286
1751216302873 0.736519992351532 10287
1751216304126 0.03650275990366936 10288
1751216305145 0.5486951470375061 10289
1751216306126 0.7839846611022949 10290
1751216307154 0.6968579292297363 10291
1751216308190 0.7363584041595459 10292
1751216309047 0.9903400540351868 10293
1751216310079 0.7628434300422668 10294
1751216311193 0.35137277841567993 10295
1751216312218 1.1569597721099854 10296
1751216313213 0.9366852045059204 10297
1751216314212 0.48015913367271423 10298
1751216315442 0.5056376457214355 10299
1751216316461 0.8807719349861145 10300
1751216317336 1.2795108556747437 10301
1751216318334 0.8709071278572083 10302
1751216319381 0.3426505923271179 10303
1751216320376 1.8053638935089111 10304
1751216321383 0.9629848599433899 10305
1751216322381 0.49144792556762695 10306
1751216323457 1.1940786838531494 10307
1751216324311 0.8466357588768005 10308
1751216325559 0.6892470121383667 10309
1751216326578 3.458660125732422 10310
1751216327600 1.0389801263809204 10311
1751216328734 1.5824365615844727 10312
1751216329723 0.5985938906669617 10313
1751216330762 0.8036618232727051 10314
1751216331781 0.7421476244926453 10315
1751216332868 0.6933766007423401 10316
1751216333911 0.8076818585395813 10317
1751216334956 1.0415998697280884 10318
1751216335939 0.6473658680915833 10319
1751216337179 1.032631278038025 10320
1751216338197 1.3478533029556274 10321
1751216339301 0.9268127679824829 10322
1751216340328 1.0739152431488037 10323
1751216341389 1.0529474020004272 10324
1751216342382 0.30851131677627563 10325
1751216343253 1.1993374824523926 10326
1751216344270 0.6144928336143494 10327
1751216345304 0.9507452845573425 10328
1751216346336 0.5759214758872986 10329
1751216347362 0.9353821873664856 10330
1751216348657 0.44234469532966614 10331
1751216349642 1.3528287410736084 10332
1751216350702 1.7702430486679077 10333
1751216351716 0.845160186290741 10334
1751216352730 0.7631921768188477 10335
1751216353731 0.6649044752120972 10336
1751216354736 0.9229345321655273 10337
1751216355753 1.4314943552017212 10338
1751216356770 1.1599886417388916 10339
1751216357618 0.7549123764038086 10340
1751216358623 0.5675768256187439 10341
1751216359891 1.3208664655685425 10342
1751216360884 0.6867634654045105 10343
1751216361937 0.635421633720398 10344
1751216362934 0.5442364811897278 10345
1751216363910 0.7517105937004089 10346
1751216364889 0.606717050075531 10347
1751216365956 0.5812765955924988 10348
1751216366955 0.804689884185791 10349
1751216367843 1.3195751905441284 10350
1751216368875 1.1806836128234863 10351
1751216369918 1.0834885835647583 10352
1751216371170 1.079113483428955 10353
1751216372198 0.6118083000183105 10354
1751216373198 0.9614391326904297 10355
1751216374227 0.8941516876220703 10356
1751216375217 0.8156278729438782 10357
1751216376227 1.0936235189437866 10358
1751216377251 1.898199439048767 10359
1751216378280 0.9442785382270813 10360
1751216379345 0.6436921954154968 10361
1751216380384 1.0899289846420288 10362
1751216381456 0.8134042620658875 10363
1751216382728 0.8196240663528442 10364
1751216383888 0.43423008918762207 10365
1751216384932 0.7975918650627136 10366
1751216385957 0.9220647215843201 10367
1751216386969 0.7583791017532349 10368
1751216387857 1.149147629737854 10369
1751216388860 0.667952299118042 10370
1751216389865 0.2375355064868927 10371
1751216390869 1.2015786170959473 10372
1751216391856 0.7176228165626526 10373
1751216392892 0.6280103921890259 10374
1751216394114 1.3445332050323486 10375
1751216395087 0.5587469339370728 10376
1751216396110 0.7990854978561401 10377
1751216397126 0.5266255736351013 10378
1751216398140 0.615868330001831 10379
1751216399142 1.354390025138855 10380
1751216400195 0.5752579569816589 10381
1751216401217 1.0871859788894653 10382
1751216402274 1.2021154165267944 10383
1751216403266 0.7671257853507996 10384
1751216404167 1.5047674179077148 10385
1751216405390 0.6251823902130127 10386
1751216406437 0.7719396948814392 10387
1751216407462 0.6598113179206848 10388
1751216408485 0.7246061563491821 10389
1751216409334 1.324466347694397 10390
1751216410359 0.7571455240249634 10391
1751216411227 1.213072657585144 10392
1751216412226 0.8614577651023865 10393
1751216413226 0.9376062750816345 10394
1751216414190 2.1613776683807373 10395
1751216415208 0.9197662472724915 10396
1751216416478 0.5021095275878906 10397
1751216417459 1.0140354633331299 10398
1751216418461 0.7342961430549622 10399
1751216419508 0.402233362197876 10400
1751216420518 0.8226556181907654 10401
1751216421491 0.5797734260559082 10402
1751216422543 1.0393747091293335 10403
1751216423576 0.7721220850944519 10404
1751216424569 1.1579455137252808 10405
1751216425589 0.47313055396080017 10406
1751216426829 0.6606802344322205 10407
1751216427807 0.6516621112823486 10408
1751216428797 1.2410141229629517 10409
1751216429837 0.718699038028717 10410
1751216430684 1.6297531127929688 10411
1751216431702 0.9283096194267273 10412
1751216432758 0.7152906656265259 10413
1751216433762 1.198622465133667 10414
1751216434734 1.114578127861023 10415
1751216435732 1.0836931467056274 10416
1751216436758 0.7701005935668945 10417
1751216437946 0.9938868880271912 10418
1751216438955 0.7767603993415833 10419
1751216439994 1.05141282081604 10420
1751216441002 0.6793921589851379 10421
1751216442016 0.5035958290100098 10422
1751216443059 0.7406204342842102 10423
1751216444067 1.7521514892578125 10424
1751216445131 0.6289741396903992 10425
1751216446161 0.5484698414802551 10426
1751216447170 0.8172396421432495 10427
1751216448467 0.6235255599021912 10428
1751216449491 0.2894867956638336 10429
1751216450419 0.7387567162513733 10430
1751216451419 0.6959906816482544 10431
1751216452249 1.2272868156433105 10432
1751216453295 0.8293588757514954 10433
1751216454355 0.4981657564640045 10434
1751216455355 1.1889429092407227 10435
1751216456336 0.8191725015640259 10436
1751216457379 0.657081127166748 10437
1751216458431 0.8663121461868286 10438
1751216459655 1.102447509765625 10439
1751216460673 0.7615100741386414 10440
1751216461672 1.683253526687622 10441
1751216462722 1.2316570281982422 10442
1751216463739 0.611659586429596 10443
1751216464801 0.9706180095672607 10444
1751216465827 0.7291901707649231 10445
1751216466911 1.0934927463531494 10446
1751216467794 1.364707589149475 10447
1751216468651 2.530045509338379 10448
1751216469641 1.2884973287582397 10449
1751216470901 0.8881378173828125 10450
1751216471905 0.6096281409263611 10451
1751216472912 0.3843899667263031 10452
1751216473897 0.9195963144302368 10453
1751216474883 0.8326015472412109 10454
1751216475890 0.301181823015213 10455
1751216476902 1.1364867687225342 10456
1751216477924 0.9804034233093262 10457
1751216478949 0.7348014712333679 10458
1751216479958 0.7721852660179138 10459
1751216481179 0.5047346353530884 10460
1751216482229 0.7681750655174255 10461
1751216483252 0.6337441802024841 10462
1751216484294 0.5895622372627258 10463
1751216485332 1.0119086503982544 10464
1751216486317 0.9893644452095032 10465
1751216487360 0.31165575981140137 10466
1751216488365 0.6894079446792603 10467
1751216489241 2.1834475994110107 10468
1751216490221 0.10465742647647858 10469
1751216491270 0.49625691771507263 10470
1751216492517 0.8391300439834595 10471
1751216493521 1.3181092739105225 10472
1751216494549 0.573948860168457 10473
1751216495563 0.5769266486167908 10474
1751216496620 0.4790681004524231 10475
1751216497599 0.8582051396369934 10476
1751216498595 0.3287149965763092 10477
1751216499605 0.4493640959262848 10478
1751216500597 0.7662057280540466 10479
1751216501596 0.9234451651573181 10480
1751216502649 0.7529138922691345 10481
1751216503976 0.7443373203277588 10482
1751216505007 0.8448171615600586 10483
1751216505996 0.6279757618904114 10484
1751216507068 0.7521518468856812 10485
1751216508012 2.26707124710083 10486
1751216509034 1.1505181789398193 10487
1751216510023 0.914972722530365 10488
1751216511051 0.9649736285209656 10489
1751216512094 0.6523991823196411 10490
1751216513103 0.6885318160057068 10491
1751216514260 0.8827945590019226 10492
1751216515272 0.6080795526504517 10493
1751216516282 0.5341270565986633 10494
1751216517300 1.3589208126068115 10495
1751216518313 0.618722140789032 10496
1751216519343 0.7172686457633972 10497
1751216520319 0.6962623000144958 10498
1751216521338 0.7592253088951111 10499
1751216522360 1.5763229131698608 10500
1751216523365 0.49808216094970703 10501
1751216524404 0.5758020281791687 10502
1751216525646 0.8365741968154907 10503
1751216526686 0.9955551028251648 10504
1751216527738 0.7801438570022583 10505
1751216528748 0.9292023777961731 10506
1751216529749 1.1781972646713257 10507
1751216530763 1.0794652700424194 10508
1751216531759 0.6339561939239502 10509
1751216532781 0.524446964263916 10510
1751216533847 1.1829683780670166 10511
1751216534862 0.6432198882102966 10512
1751216535899 0.6044177412986755 10513
1751216536998 0.7664278149604797 10514
1751216538008 0.5688425302505493 10515
1751216538994 0.6127749085426331 10516
1751216539875 1.495429515838623 10517
1751216540892 0.4913240075111389 10518
1751216541919 1.175326943397522 10519
1751216542906 0.570436954498291 10520
1751216543889 0.42852506041526794 10521
1751216544911 0.6012660264968872 10522
1751216545947 0.7846680879592896 10523
1751216547167 0.733333945274353 10524
1751216548189 0.6354364156723022 10525
1751216549256 0.5134887099266052 10526
1751216550293 0.6551035046577454 10527
1751216551335 0.3894709348678589 10528
1751216552349 1.2748908996582031 10529
1751216553362 0.7604590654373169 10530
1751216554350 0.5921110510826111 10531
1751216555389 1.1613073348999023 10532
1751216556368 0.9506020545959473 10533
1751216557447 0.36912351846694946 10534
1751216558686 0.7375902533531189 10535
1751216559587 1.3750475645065308 10536
1751216560468 1.1192748546600342 10537
1751216561525 0.5566695332527161 10538
1751216562505 1.0433920621871948 10539
1751216563560 0.9215493202209473 10540
1751216564614 1.0961878299713135 10541
1751216565653 1.003912091255188 10542
1751216566721 0.6174829602241516 10543
1751216567771 0.9031891226768494 10544
1751216568811 0.9241571426391602 10545
1751216570114 0.7467482686042786 10546
1751216571166 0.6070370674133301 10547
1751216572270 0.9914509057998657 10548
1751216573298 0.8967548608779907 10549
1751216574314 2.001405715942383 10550
1751216575349 0.7691351771354675 10551
1751216576344 1.2236160039901733 10552
1751216577387 0.891915500164032 10553
1751216578259 1.1576284170150757 10554
1751216579161 0.6949131488800049 10555
1751216580477 1.1129169464111328 10556
1751216581476 0.3901289105415344 10557
1751216582482 0.5790535807609558 10558
1751216583401 1.1077994108200073 10559
1751216584395 0.6924720406532288 10560
1751216585415 0.553753674030304 10561
1751216586453 0.8041009902954102 10562
1751216587425 0.9958974719047546 10563
1751216588471 1.0118943452835083 10564
1751216589457 1.490136742591858 10565
1751216590728 1.0923415422439575 10566
1751216591721 1.4145981073379517 10567
1751216592734 0.709166944026947 10568
1751216593714 0.6516087651252747 10569
1751216594608 1.0450066328048706 10570
1751216595632 2.3365285396575928 10571
1751216596697 1.0575510263442993 10572
1751216597723 0.05320441722869873 10573
1751216598731 0.965382993221283 10574
1751216599725 0.723411500453949 10575
1751216601038 0.9316871762275696 10576
1751216601944 0.8849018216133118 10577
1751216602963 0.8803268671035767 10578
1751216604038 0.7111849188804626 10579
1751216605066 0.7445951104164124 10580
1751216606155 1.0525003671646118 10581
1751216607152 0.8458229899406433 10582
1751216608170 0.7725290060043335 10583
1751216609093 0.9475761651992798 10584
1751216610112 0.7113918662071228 10585
1751216611164 0.49462977051734924 10586
1751216612395 1.0546989440917969 10587
1751216613484 0.740232527256012 10588
1751216614505 0.6882352232933044 10589
1751216615538 0.7157124876976013 10590
1751216616565 2.3988595008850098 10591
1751216617619 0.5924442410469055 10592
1751216618637 0.6670280694961548 10593
1751216619644 0.5552153587341309 10594
1751216620676 1.3422629833221436 10595
1751216621926 0.7990801930427551 10596
1751216622953 0.9356452822685242 10597
1751216623970 2.7826650142669678 10598
1751216624990 0.655086874961853 10599
1751216625874 0.8595892190933228 10600
1751216626871 0.8751867413520813 10601
1751216627871 0.49947214126586914 10602
1751216628904 0.8029499053955078 10603
1751216629888 0.9822279810905457 10604
1751216630914 0.831791341304779 10605
1751216632221 0.6766886115074158 10606
1751216633265 1.1417468786239624 10607
1751216634271 0.6865437030792236 10608
1751216635328 0.8688620924949646 10609
1751216636362 1.1866157054901123 10610
1751216637361 1.0712145566940308 10611
1751216638350 0.4835365116596222 10612
1751216639356 0.5278066396713257 10613
1751216640359 0.6209492683410645 10614
1751216641362 0.7464800477027893 10615
1751216642650 0.6252538561820984 10616
1751216643719 0.38026830554008484 10617
1751216644734 0.7467705607414246 10618
1751216645610 0.7197505831718445 10619
1751216646667 0.949727475643158 10620
1751216647669 0.8895139098167419 10621
1751216648674 0.9208124279975891 10622
1751216649722 0.8433079123497009 10623
1751216650760 0.7006438970565796 10624
1751216651798 0.6952010989189148 10625
1751216652803 1.196481704711914 10626
1751216654097 0.8848761916160583 10627
1751216655121 0.6576992869377136 10628
1751216656171 1.2239665985107422 10629
1751216657208 0.8069036602973938 10630
1751216658088 1.0901130437850952 10631
1751216659098 0.6794719099998474 10632
1751216660077 0.8694831728935242 10633
1751216661110 0.8991910815238953 10634
1751216662105 0.792095959186554 10635
1751216663192 0.5484782457351685 10636
1751216664430 0.883736252784729 10637
1751216665467 0.8621540069580078 10638
1751216666520 0.7861000299453735 10639
1751216667543 0.7851516604423523 10640
1751216668401 1.4109033346176147 10641
1751216669448 0.6773451566696167 10642
1751216670436 0.8837575912475586 10643
1751216671478 0.997418999671936 10644
1751216672501 0.8009772300720215 10645
1751216673527 0.3929802477359772 10646
1751216674821 0.8262428641319275 10647
1751216675829 0.5798212289810181 10648
1751216676840 0.6714550256729126 10649
1751216677870 0.5932602286338806 10650
1751216678873 0.7010787129402161 10651
1751216679874 0.9266819357872009 10652
1751216680884 0.8622867465019226 10653
1751216681913 0.6003879904747009 10654
1751216682936 1.0122398138046265 10655
1751216683964 0.5856208205223083 10656
1751216684993 0.5891254544258118 10657
1751216686233 0.8876861929893494 10658
1751216687235 1.0308340787887573 10659
1751216688260 0.7897601127624512 10660
1751216689291 0.5732900500297546 10661
1751216690327 0.8401085138320923 10662
1751216691381 0.6343140006065369 10663
1751216692368 0.7014925479888916 10664
1751216693389 0.5668264031410217 10665
1751216694404 0.6812114119529724 10666
1751216695647 0.5285963416099548 10667
1751216696774 0.886319637298584 10668
1751216697777 0.6917544603347778 10669
1751216698790 0.8590895533561707 10670
1751216699840 1.0301471948623657 10671
1751216700896 0.5587671399116516 10672
1751216701817 1.1379388570785522 10673
1751216702861 1.849375605583191 10674
1751216703887 0.7188352942466736 10675
1751216704772 0.7710795402526855 10676
1751216705754 0.4923856854438782 10677
1751216707091 0.7877252697944641 10678
1751216708131 0.8257827758789062 10679
1751216709180 1.2097450494766235 10680
1751216710176 0.5709871649742126 10681
1751216711204 0.7625924944877625 10682
1751216712100 1.1057549715042114 10683
1751216713089 0.7184741497039795 10684
1751216714112 0.7709394693374634 10685
1751216715094 0.6923724412918091 10686
1751216716121 0.34385424852371216 10687
1751216717473 0.7082463502883911 10688
1751216718514 1.5193456411361694 10689
1751216719520 0.5479822754859924 10690
1751216720551 0.6765480637550354 10691
1751216721584 0.9189546704292297 10692
1751216722615 0.7681673169136047 10693
1751216723647 0.9178044199943542 10694
1751216724689 1.0485845804214478 10695
1751216725675 0.8510593771934509 10696
1751216726659 0.8907804489135742 10697
1751216727903 0.87014240026474 10698
1751216728887 0.7854546308517456 10699
1751216729893 0.7132717967033386 10700
1751216730774 0.8949468731880188 10701
1751216731770 0.4943942725658417 10702
1751216732783 0.7032946348190308 10703
1751216733817 1.3452472686767578 10704
1751216734806 0.6418830752372742 10705
1751216735805 0.5332646369934082 10706
1751216736821 0.6791481971740723 10707
1751216738188 0.6112256050109863 10708
1751216739253 0.6866106390953064 10709
1751216740254 0.3571794629096985 10710
1751216741335 0.46998417377471924 10711
1751216742368 0.7461034655570984 10712
1751216743379 0.6746143698692322 10713
1751216744407 0.5368591547012329 10714
1751216745441 1.0661334991455078 10715
1751216746476 0.7916459441184998 10716
1751216747510 0.7939455509185791 10717
1751216748525 0.6469904184341431 10718
1751216749752 0.540564239025116 10719
1751216750779 0.6528438925743103 10720
1751216751667 1.79389226436615 10721
1751216752716 0.863973081111908 10722
1751216753722 1.2987356185913086 10723
1751216754769 0.6842154860496521 10724
1751216755776 0.541986882686615 10725
1751216756814 1.2437477111816406 10726
1751216757874 1.1000920534133911 10727
1751216758787 0.6418105959892273 10728
1751216760006 0.8554016351699829 10729
1751216760987 0.9767996072769165 10730
1751216762006 0.872100830078125 10731
1751216763032 0.816967785358429 10732
1751216764062 0.8288956880569458 10733
1751216765041 1.207580804824829 10734
1751216766034 0.6979781985282898 10735
1751216767021 0.8785455822944641 10736
1751216768103 0.7634829878807068 10737
1751216769106 0.7443410754203796 10738
1751216770360 0.6774372458457947 10739
1751216771374 0.7902677059173584 10740
1751216772375 0.5706487894058228 10741
1751216773386 0.5686990022659302 10742
1751216774411 1.3423992395401 10743
1751216775458 1.0559179782867432 10744
1751216776482 0.5613017678260803 10745
1751216777494 0.6809881329536438 10746
1751216778504 0.905295193195343 10747
1751216779561 0.6806644797325134 10748
1751216780850 0.9993563890457153 10749
1751216781863 0.7867711782455444 10750
1751216782887 0.8223797678947449 10751
1751216783919 2.2675905227661133 10752
1751216784946 0.6366963386535645 10753
1751216785949 0.6308825016021729 10754
1751216786983 0.6422298550605774 10755
1751216787866 0.9848957061767578 10756
1751216788869 0.9024822115898132 10757
1751216789914 0.8909355401992798 10758
1751216791182 0.6426071524620056 10759
1751216792208 0.9247037172317505 10760
1751216793221 0.6586036682128906 10761
1751216794276 0.6437551379203796 10762
1751216795287 0.9659562110900879 10763
1751216796288 0.9535530209541321 10764
1751216797327 0.5972647070884705 10765
1751216798365 0.717810869216919 10766
1751216799377 1.290414810180664 10767
1751216800255 1.2176867723464966 10768
1751216801291 0.8731525540351868 10769
1751216802545 1.344347596168518 10770
1751216803403 1.3961222171783447 10771
1751216804409 0.8344484567642212 10772
1751216805299 1.067548155784607 10773
1751216806270 0.5462445616722107 10774
1751216807283 0.5133328437805176 10775
1751216808299 0.7200281023979187 10776
1751216809286 0.35190045833587646 10777
1751216810193 0.8858343362808228 10778
1751216811192 0.575888991355896 10779
1751216812449 0.6410902142524719 10780
1751216813382 0.8866578936576843 10781
1751216814389 0.6868354082107544 10782
1751216815443 1.4771836996078491 10783
1751216816465 0.47845396399497986 10784
1751216817460 0.46822524070739746 10785
1751216818453 0.6764006018638611 10786
1751216819440 0.9885204434394836 10787
1751216820450 0.3755350708961487 10788
1751216821474 0.44590434432029724 10789
1751216822758 1.1127032041549683 10790
1751216823838 0.8378370404243469 10791
1751216824871 0.7621884346008301 10792
1751216825859 1.103667140007019 10793
1751216826876 1.1035189628601074 10794
1751216827882 0.7377626299858093 10795
1751216828765 0.8877870440483093 10796
1751216829699 1.1196527481079102 10797
1751216830714 0.47866296768188477 10798
1751216831755 0.6543592810630798 10799
1751216832829 1.0880628824234009 10800
1751216884422 0.7465426325798035 10801
1751216885422 0.8400049209594727 10802
1751216886424 1.2985484600067139 10803
1751216887412 0.6012347340583801 10804
1751216888272 0.6395738124847412 10805
1751216889265 0.6864425539970398 10806
1751216890113 0.8380762934684753 10807
1751216890945 1.0908056497573853 10808
1751216891941 0.6653813123703003 10809
1751216892927 0.7725426554679871 10810
1751216894269 0.8596677780151367 10811
1751216895298 0.7241739630699158 10812
1751216896167 0.8480383157730103 10813
1751216897196 0.6067085266113281 10814
1751216898185 0.9026703238487244 10815
1751216899207 0.4442521631717682 10816
1751216900225 0.891762375831604 10817
1751216901268 1.3634508848190308 10818
1751216902266 0.8877143859863281 10819
1751216903323 0.6936487555503845 10820
1751216904549 0.6073715090751648 10821
1751216905576 0.9568883776664734 10822
1751216906606 0.5765592455863953 10823
1751216907675 0.8878655433654785 10824
1751216908677 0.6226984262466431 10825
1751216909540 2.8473918437957764 10826
1751216910526 0.7212058901786804 10827
1751216911599 1.0850518941879272 10828
1751216912641 1.059453010559082 10829
1751216913492 1.0990322828292847 10830
1751216914754 1.445415735244751 10831
1751216915845 0.7426256537437439 10832
1751216916900 0.8380411267280579 10833
1751216917906 0.6962991952896118 10834
1751216918927 0.9092637896537781 10835
1751216919960 0.516559898853302 10836
1751216920962 0.7218462824821472 10837
1751216921794 1.4176523685455322 10838
1751216922788 0.18482562899589539 10839
1751216923799 0.9211509823799133 10840
1751216925058 0.7598826289176941 10841
1751216926050 1.4075384140014648 10842
1751216927051 0.6961292624473572 10843
1751216928061 0.9212202429771423 10844
1751216929072 0.67228764295578 10845
1751216930108 1.7191269397735596 10846
1751216930990 1.2236233949661255 10847
1751216932025 1.2206754684448242 10848
1751216933081 0.5709981918334961 10849
1751216934080 0.8381032347679138 10850
1751216935086 1.5008939504623413 10851
1751216936374 0.6059615612030029 10852
1751216937392 0.9711984992027283 10853
1751216938420 0.9096393585205078 10854
1751216939406 0.36827126145362854 10855
1751216940350 0.7912932634353638 10856
1751216941393 1.1174907684326172 10857
1751216942391 0.668971061706543 10858
1751216943437 0.3818637728691101 10859
1751216944489 0.7692012190818787 10860
1751216945526 0.8794696927070618 10861
1751216946809 0.7100759148597717 10862
1751216947845 1.160422921180725 10863
1751216948868 0.8248400092124939 10864
1751216949752 1.3903993368148804 10865
1751216950833 1.0393668413162231 10866
1751216951878 0.5369567275047302 10867
1751216952958 0.5236682891845703 10868
1751216954042 1.0855531692504883 10869
1751216955073 1.4651128053665161 10870
1751216956110 0.674731433391571 10871
1751216957361 0.08335889875888824 10872
1751216958437 0.9047331213951111 10873
1751216959497 0.17925702035427094 10874
1751216960532 1.6264950037002563 10875
1751216961549 0.8077916502952576 10876
1751216962553 0.44764336943626404 10877
1751216963565 0.8315090537071228 10878
1751216964547 0.8520868420600891 10879
1751216965643 1.4202756881713867 10880
1751216966689 0.8430975079536438 10881
1751216967971 0.7494234442710876 10882
1751216968958 0.8454458117485046 10883
1751216969804 0.9803862571716309 10884
1751216970805 1.398551344871521 10885
1751216971781 0.9459474682807922 10886
1751216972812 0.6071653366088867 10887
1751216973820 0.6579123735427856 10888
1751216974830 0.44979438185691833 10889
1751216975837 1.1887315511703491 10890
1751216976890 0.5287753343582153 10891
1751216977899 0.274898886680603 10892
1751216979163 0.6948925852775574 10893
1751216980200 1.5167028903961182 10894
1751216981205 0.6875382661819458 10895
1751216982237 0.6082488298416138 10896
1751216983251 0.738680899143219 10897
1751216984258 0.8181816935539246 10898
1751216985339 0.37189385294914246 10899
1751216986411 0.7597255110740662 10900
1751216987419 1.0197322368621826 10901
1751216988280 0.7221188545227051 10902
1751216989505 0.7357527613639832 10903
1751216990558 0.5016768574714661 10904
1751216991558 1.0801622867584229 10905
1751216992574 1.1093124151229858 10906
1751216993588 0.5757531523704529 10907
1751216994620 0.6130070090293884 10908
1751216995672 1.0176500082015991 10909
1751216996711 1.3317785263061523 10910
1751216997584 0.9381765723228455 10911
1751216998604 0.30172571539878845 10912
1751216999997 0.424373596906662 10913
1751217000982 1.0637449026107788 10914
1751217001878 1.3691061735153198 10915
1751217002902 0.9455752968788147 10916
1751217003932 0.964158833026886 10917
1751217004929 0.3750268220901489 10918
1751217005958 0.6076235175132751 10919
1751217006994 0.41370534896850586 10920
1751217008023 0.9816907048225403 10921
1751217009378 0.7902225255966187 10922
1751217010387 0.9815172553062439 10923
1751217011241 1.66277277469635 10924
1751217012268 0.7091609239578247 10925
1751217013303 0.7802306413650513 10926
1751217014312 0.8089480400085449 10927
1751217015340 0.9329892992973328 10928
1751217016342 1.114945411682129 10929
1751217017364 0.47456130385398865 10930
1751217018368 0.9317039847373962 10931
1751217019632 0.6791002154350281 10932
1751217020659 0.705769419670105 10933
1751217021666 0.6577259302139282 10934
1751217022694 0.5540074706077576 10935
1751217023675 1.4009828567504883 10936
1751217024696 0.4902517795562744 10937
1751217025709 0.6668950319290161 10938
1751217026684 1.088518500328064 10939
1751217027662 0.61271071434021 10940
1751217028704 1.1914881467819214 10941
1751217030006 0.7952430248260498 10942
1751217031027 0.9476704001426697 10943
1751217032031 0.8870523571968079 10944
1751217032890 1.0768483877182007 10945
1751217033876 0.7314715385437012 10946
1751217034884 1.3415452241897583 10947
1751217035881 0.8760361075401306 10948
1751217036916 0.8874840140342712 10949
1751217037945 0.5560601353645325 10950
1751217038960 0.9093285799026489 10951
1751217040216 0.46108540892601013 10952
1751217041230 0.747804582118988 10953
1751217042214 0.8499665260314941 10954
1751217043203 0.8164048194885254 10955
1751217044247 0.82806795835495 10956
1751217045243 1.4272549152374268 10957
1751217046249 0.8352459073066711 10958
1751217047268 0.7477195858955383 10959
1751217048265 0.4798993170261383 10960
1751217049275 0.9173043370246887 10961
1751217050517 1.1834872961044312 10962
1751217051403 1.6155741214752197 10963
1751217052432 0.7832887768745422 10964
1751217053447 0.650844156742096 10965
1751217054488 0.8717067837715149 10966
1751217055344 1.1614826917648315 10967
1751217056359 0.49243995547294617 10968
1751217057388 1.5252478122711182 10969
1751217058253 1.0053423643112183 10970
1751217059267 2.6261050701141357 10971
1751217060507 0.5389109253883362 10972
1751217061541 0.6160481572151184 10973
1751217062575 0.5413988828659058 10974
1751217063629 0.3717402219772339 10975
1751217064645 0.8489088416099548 10976
1751217065670 0.87423175573349 10977
1751217066660 0.8310033679008484 10978
1751217067753 0.5465031862258911 10979
1751217068780 0.7216166853904724 10980
1751217069818 1.3084447383880615 10981
1751217071095 0.7765423059463501 10982
1751217072116 0.7330740094184875 10983
1751217073159 1.0668944120407104 10984
1751217074046 0.7143906950950623 10985
1751217075101 1.165061116218567 10986
1751217076105 2.1571526527404785 10987
1751217077172 2.284881114959717 10988
1751217078229 0.766627311706543 10989
1751217079267 0.6762544512748718 10990
1751217080530 1.216851830482483 10991
1751217081567 0.8398594856262207 10992
1751217082583 0.7816943526268005 10993
1751217083588 0.11388751119375229 10994
1751217084506 1.066017746925354 10995
1751217085574 0.7836252450942993 10996
1751217086571 1.0948117971420288 10997
1751217087608 0.7681947946548462 10998
1751217088639 0.831298291683197 10999
1751217089696 0.7281011939048767 11000
1751217090914 0.7881873250007629 11001
1751217091928 0.7247404456138611 11002
1751217092951 0.8631841540336609 11003
1751217093942 0.6981217265129089 11004
1751217094979 1.0058211088180542 11005
1751217095989 0.647435188293457 11006
1751217096959 0.6912822127342224 11007
1751217097956 1.7588051557540894 11008
1751217098951 0.5145002603530884 11009
1751217099961 0.657749354839325 11010
1751217101269 1.1597117185592651 11011
1751217102259 0.490651935338974 11012
1751217103260 0.873706042766571 11013
1751217104272 0.8285990953445435 11014
1751217105267 0.5663766860961914 11015
1751217106241 0.8298208117485046 11016
1751217107231 0.5454529523849487 11017
1751217108243 0.8217887878417969 11018
1751217109205 0.9853625297546387 11019
1751217110234 0.5640318393707275 11020
1751217111579 0.7651371955871582 11021
1751217112624 0.7112361192703247 11022
1751217113625 1.0875228643417358 11023
1751217114662 0.48200565576553345 11024
1751217115678 1.068061113357544 11025
1751217116568 1.108554482460022 11026
1751217117613 0.9511970281600952 11027
1751217118657 1.0374971628189087 11028
1751217119679 1.2176827192306519 11029
1751217120677 0.9975792169570923 11030
1751217121774 1.1372833251953125 11031
1751217122816 0.6082099080085754 11032
1751217123802 0.7042171359062195 11033
1751217124795 0.7884783744812012 11034
1751217125857 0.5226374864578247 11035
1751217126929 1.3439825773239136 11036
1751217127927 0.6167809367179871 11037
1751217129032 1.5088248252868652 11038
1751217130087 0.688167929649353 11039
1751217131117 0.650601327419281 11040
1751217132359 0.9636638760566711 11041
1751217133371 0.46688389778137207 11042
1751217134375 0.8518430590629578 11043
1751217135410 0.06693100184202194 11044
1751217136410 0.5928124785423279 11045
1751217137403 0.9801385998725891 11046
1751217138467 0.9231517910957336 11047
1751217139517 1.148685097694397 11048
1751217140560 1.2201523780822754 11049
1751217141559 0.6613327860832214 11050
1751217142822 0.976940929889679 11051
1751217143839 0.6564067006111145 11052
1751217144930 0.9777837991714478 11053
1751217145938 0.7158094644546509 11054
1751217146931 0.6634117364883423 11055
1751217147906 0.7252894639968872 11056
1751217148906 1.1540318727493286 11057
1751217149929 0.990578293800354 11058
1751217150920 1.4061495065689087 11059
1751217152260 0.5636358261108398 11060
1751217153266 0.653747022151947 11061
1751217154260 0.7102369070053101 11062
1751217155272 1.1342655420303345 11063
1751217156135 0.9543766379356384 11064
1751217157130 1.1140528917312622 11065
1751217158135 0.7277540564537048 11066
1751217159139 0.6474409699440002 11067
1751217160135 0.871905505657196 11068
1751217161138 1.5563195943832397 11069
1751217162477 0.7272583246231079 11070
1751217163481 1.0704967975616455 11071
1751217164474 1.1888115406036377 11072
1751217165476 1.0301522016525269 11073
1751217166471 1.281358003616333 11074
1751217167456 1.1723209619522095 11075
1751217168507 1.4528098106384277 11076
1751217169548 0.6996970176696777 11077
1751217170457 1.3143064975738525 11078
1751217171463 0.9228652715682983 11079
1751217172679 0.37083250284194946 11080
1751217173684 0.7100508809089661 11081
1751217174710 0.8220105171203613 11082
1751217175565 1.0615211725234985 11083
1751217176617 0.8622078895568848 11084
1751217177638 0.7397408485412598 11085
1751217178547 0.9258294105529785 11086
1751217179405 0.81982421875 11087
1751217180393 0.6070595383644104 11088
1751217181667 0.40793249011039734 11089
1751217182690 1.1653863191604614 11090
1751217183692 0.557607889175415 11091
1751217184757 0.7675915360450745 11092
1751217185743 0.48134106397628784 11093
1751217186764 0.6231714487075806 11094
1751217187809 0.9010023474693298 11095
1751217188858 1.47731614112854 11096
1751217189864 1.2671563625335693 11097
1751217190889 0.7581726908683777 11098
1751217192172 0.5316653251647949 11099
1751217193077 1.3154677152633667 11100
1751217194114 0.6746676564216614 11101
1751217195158 0.916005551815033 11102
1751217196199 0.5711396336555481 11103
1751217197254 1.3019708395004272 11104
1751217198269 0.6537678837776184 11105
1751217199265 0.5384892821311951 11106
1751217200290 0.9562413096427917 11107
1751217201204 0.7641507983207703 11108
1751217202488 1.0705455541610718 11109
1751217203516 0.6865074038505554 11110
1751217204490 2.2688844203948975 11111
1751217205376 0.6704058647155762 11112
1751217206394 1.0432132482528687 11113
1751217207424 0.8352693915367126 11114
1751217208454 1.5796458721160889 11115
1751217209449 0.7297140955924988 11116
1751217210482 0.8424045443534851 11117
1751217211498 0.4664953649044037 11118
1751217212833 1.031413197517395 11119
1751217213899 0.8916333317756653 11120
1751217214882 0.980934202671051 11121
1751217215870 0.8862190246582031 11122
1751217216893 0.6502701044082642 11123
1751217217947 0.8601035475730896 11124
1751217218944 0.7657303810119629 11125
1751217219954 0.7077382206916809 11126
1751217220991 0.5146824717521667 11127
1751217222059 0.40795576572418213 11128
1751217223343 0.18549932539463043 11129
1751217224380 1.6261615753173828 11130
1751217225434 0.8093188405036926 11131
1751217226461 0.4376673698425293 11132
1751217227443 0.9470717310905457 11133
1751217228436 1.4432899951934814 11134
1751217229470 0.9977208971977234 11135
1751217230480 0.18779674172401428 11136
1751217231539 0.5086883306503296 11137
1751217232630 0.6913906335830688 11138
1751217233927 0.7067405581474304 11139
1751217234807 1.535662055015564 11140
1751217235826 0.9121075868606567 11141
1751217236809 0.5923120379447937 11142
1751217237862 0.7691822052001953 11143
1751217238883 0.6406048536300659 11144
1751217239903 1.9383960962295532 11145
1751217240956 0.9912916421890259 11146
1751217241998 0.7199401259422302 11147
1751217242850 1.0483866930007935 11148
1751217244224 0.7260580658912659 11149
1751217245088 0.7103530168533325 11150
1751217246091 0.2202756404876709 11151
1751217247131 0.6573660969734192 11152
1751217248141 1.25558602809906 11153
1751217249138 0.6943350434303284 11154
1751217250132 0.31226739287376404 11155
1751217251123 0.7669573426246643 11156
1751217252123 0.8264255523681641 11157
1751217253444 0.15019527077674866 11158
1751217254346 1.3590831756591797 11159
1751217255376 1.098340392112732 11160
1751217256367 0.5915793776512146 11161
1751217257353 0.9556496739387512 11162
1751217258336 1.1829241514205933 11163
1751217259371 0.9446892142295837 11164
1751217260399 0.6999626755714417 11165
1751217261391 1.0066312551498413 11166
1751217262434 0.7261434197425842 11167
1751217263737 1.0351892709732056 11168
1751217264590 0.8028298616409302 11169
1751217265577 0.5388579368591309 11170
1751217266546 0.9012979865074158 11171
1751217267566 0.9920077919960022 11172
1751217268539 0.9124425053596497 11173
1751217269571 1.048688530921936 11174
1751217270569 0.9158477783203125 11175
1751217271583 0.7213777899742126 11176
1751217272627 1.2954915761947632 11177
1751217273944 0.9106427431106567 11178
1751217275015 0.7610495090484619 11179
1751217276010 0.9220365881919861 11180
1751217276919 1.8159774541854858 11181
1751217277923 0.6128026843070984 11182
1751217278994 0.42773085832595825 11183
1751217280023 0.5890873074531555 11184
1751217281059 0.6700730919837952 11185
1751217282137 0.7095859050750732 11186
1751217282988 0.9694072008132935 11187
1751217284280 0.6881133317947388 11188
1751217285294 1.1040124893188477 11189
1751217286364 0.8531948328018188 11190
1751217287399 0.648088276386261 11191
1751217288394 0.456220418214798 11192
1751217289435 1.129776954650879 11193
1751217290433 0.9705113768577576 11194
1751217291435 0.8753196597099304 11195
1751217292339 0.79669588804245 11196
1751217293344 1.0140827894210815 11197
1751217294636 0.07113476097583771 11198
1751217295650 0.5632824301719666 11199
1751217296655 0.7378591299057007 11200
1751217297647 0.7755207419395447 11201
1751217298685 0.6223947405815125 11202
1751217299727 1.0395234823226929 11203
1751217300804 1.2139984369277954 11204
1751217301896 0.6241873502731323 11205
1751217302899 0.5966790914535522 11206
1751217303942 0.9695860147476196 11207
1751217305219 0.016890335828065872 11208
1751217306265 1.1617339849472046 11209
1751217307302 1.2654834985733032 11210
1751217308332 0.5955020189285278 11211
1751217309389 0.6652035117149353 11212
1751217310399 0.9807964563369751 11213
1751217311432 0.6863476634025574 11214
1751217312423 0.15716613829135895 11215
1751217313434 0.9222908020019531 11216
1751217314443 1.0676298141479492 11217
1751217315681 1.1499664783477783 11218
1751217316701 1.068623423576355 11219
1751217317698 0.7180995345115662 11220
1751217318683 1.2820080518722534 11221
1751217319755 0.9048774838447571 11222
1751217320809 1.5917035341262817 11223
1751217321844 0.9751543998718262 11224
1751217322926 0.5525029301643372 11225
1751217323977 0.5791890621185303 11226
1751217325231 1.9149788618087769 11227
1751217326274 1.2229474782943726 11228
1751217327318 0.48503947257995605 11229
1751217328363 0.9045084118843079 11230
1751217329353 0.6411983370780945 11231
1751217330363 0.5188849568367004 11232
1751217331400 0.10661378502845764 11233
1751217332457 0.6765427589416504 11234
1751217333451 1.2877439260482788 11235
1751217334449 0.6375282406806946 11236
1751217335694 0.8561561703681946 11237
1751217336734 0.7693164944648743 11238
1751217337755 1.3648009300231934 11239
1751217338790 0.947734534740448 11240
1751217339817 0.827990710735321 11241
1751217340825 0.8496530652046204 11242
1751217341833 0.6051254272460938 11243
1751217342833 0.9376163482666016 11244
1751217343843 0.6313126683235168 11245
1751217344862 0.8007100820541382 11246
1751217345991 1.7118635177612305 11247
1751217347029 0.9446867108345032 11248
1751217348120 1.0533002614974976 11249
1751217349147 0.8638731837272644 11250
1751217350177 0.9883573651313782 11251
1751217351216 1.0010885000228882 11252
1751217352228 0.9128967523574829 11253
1751217353248 0.6495880484580994 11254
1751217354284 0.7131034731864929 11255
1751217355524 0.7162319421768188 11256
1751217356532 0.9528374075889587 11257
1751217357524 0.5878711342811584 11258
1751217358601 0.022633608430624008 11259
1751217359623 0.8356310129165649 11260
1751217360662 0.7510668635368347 11261
1751217361729 0.943769097328186 11262
1751217362769 0.6660338640213013 11263
1751217363767 1.1744798421859741 11264
1751217364747 0.5947438478469849 11265
1751217366080 0.46374407410621643 11266
1751217367107 0.9993654489517212 11267
1751217368159 0.6564554572105408 11268
1751217369197 0.6048671007156372 11269
1751217370241 1.042823076248169 11270
1751217371321 0.3425620496273041 11271
1751217372303 0.7747199535369873 11272
1751217373293 0.88725346326828 11273
1751217374282 1.1385771036148071 11274
1751217375534 0.9569174647331238 11275
1751217376544 0.8800985217094421 11276
1751217377604 0.5372993350028992 11277
1751217378594 0.7784451246261597 11278
1751217379463 1.0677412748336792 11279
1751217380337 1.4054306745529175 11280
1751217381361 0.9742448925971985 11281
1751217382356 0.6930590867996216 11282
1751217383343 0.6074098944664001 11283
1751217384379 0.7149366736412048 11284
1751217385470 0.8830516934394836 11285
1751217386503 1.2157114744186401 11286
1751217387501 1.1923235654830933 11287
1751217388544 0.48385366797447205 11288
1751217389594 0.7280905246734619 11289
1751217390580 0.7542650103569031 11290
1751217391641 0.6709479689598083 11291
1751217392648 0.8901613354682922 11292
1751217393505 2.3296287059783936 11293
1751217394557 0.7827356457710266 11294
1751217395821 0.6430553197860718 11295
1751217396886 0.6423443555831909 11296
1751217397891 0.31434157490730286 11297
1751217398923 0.583544909954071 11298
1751217399956 0.7089974284172058 11299
1751217401013 0.7934452891349792 11300
1751217402002 0.9425217509269714 11301
1751217402991 1.2395914793014526 11302
1751217404040 0.5702349543571472 11303
1751217405297 1.014957308769226 11304
1751217406397 0.5366314053535461 11305
1751217407487 0.6371383666992188 11306
1751217408523 0.52399080991745 11307
1751217409596 0.8007599115371704 11308
1751217410600 0.253481924533844 11309
1751217411632 0.7742530107498169 11310
1751217412643 0.7257741689682007 11311
1751217413692 0.4338514506816864 11312
1751217414968 0.563393771648407 11313
1751217416049 1.0228232145309448 11314
1751217417057 1.1949280500411987 11315
1751217418040 0.8966274261474609 11316
1751217418950 1.8790695667266846 11317
1751217419982 0.8105430006980896 11318
1751217420910 1.0392335653305054 11319
1751217421908 0.9217125177383423 11320
1751217422909 0.8571348786354065 11321
1751217423955 0.7802807092666626 11322
1751217425253 0.9237344861030579 11323
1751217426316 1.369004249572754 11324
1751217427321 1.024336814880371 11325
1751217428307 1.188963532447815 11326
1751217429314 0.7041940093040466 11327
1751217430370 0.7055371999740601 11328
1751217431368 1.309752106666565 11329
1751217432371 1.2627053260803223 11330
1751217433473 0.5582090020179749 11331
1751217434737 0.7675315737724304 11332
1751217435738 0.3913894593715668 11333
1751217436782 0.4008747339248657 11334
1751217437850 0.8546985983848572 11335
1751217438854 1.237099528312683 11336
1751217439853 0.8401261568069458 11337
1751217440881 0.09090401232242584 11338
1751217441886 1.188650131225586 11339
1751217442909 0.5837924480438232 11340
1751217443901 0.4956679344177246 11341
1751217445129 0.7351377606391907 11342
1751217446130 1.0679508447647095 11343
1751217447152 0.6655459403991699 11344
1751217448175 0.9073593020439148 11345
1751217449231 0.7750561833381653 11346
1751217450285 0.8480950593948364 11347
1751217451340 0.763332188129425 11348
1751217452202 1.1585581302642822 11349
1751217453283 1.1007463932037354 11350
1751217454546 0.8360846638679504 11351
1751217455613 1.1308166980743408 11352
1751217456687 0.9692104458808899 11353
1751217457727 0.9336097836494446 11354
1751217458711 1.0588988065719604 11355
1751217459746 0.9918172955513 11356
1751217460795 0.8310360312461853 11357
1751217461837 1.6087363958358765 11358
1751217462846 0.5267707109451294 11359
1751217463879 0.8624821901321411 11360
1751217465116 0.9467951655387878 11361
1751217466126 0.545369029045105 11362
1751217467120 0.5593709349632263 11363
1751217468110 0.9022249579429626 11364
1751217469123 1.1199616193771362 11365
1751217470116 0.7717577815055847 11366
1751217471128 0.8379303216934204 11367
1751217472136 0.5921940207481384 11368
1751217473119 0.7903668284416199 11369
1751217474450 0.49613410234451294 11370
1751217475308 1.0032058954238892 11371
1751217476299 0.7489408850669861 11372
1751217477296 0.8278961181640625 11373
1751217478373 1.5350052118301392 11374
1751217479409 0.9473264813423157 11375
1751217480423 1.8942537307739258 11376
1751217481515 0.493876576423645 11377
1751217482518 0.7920698523521423 11378
1751217483545 0.7135252952575684 11379
1751217484769 0.7241111993789673 11380
1751217485773 1.977054476737976 11381
1751217486757 0.9181357622146606 11382
1751217487740 0.8434702157974243 11383
1751217488732 1.1189674139022827 11384
1751217489758 0.527819037437439 11385
1751217490770 1.0690029859542847 11386
1751217491805 1.0538452863693237 11387
1751217492824 1.0188990831375122 11388
1751217494098 0.9841211438179016 11389
1751217495131 0.7191256284713745 11390
1751217496194 1.425194263458252 11391
1751217497063 0.7539724707603455 11392
1751217498120 0.7956931591033936 11393
1751217499055 1.1245189905166626 11394
1751217500061 0.6601499915122986 11395
1751217501116 0.8792423605918884 11396
1751217502098 0.4669327735900879 11397
1751217503108 0.6438698172569275 11398
1751217504370 0.18494266271591187 11399
1751217505242 0.7776054739952087 11400
1751217506322 0.6018942594528198 11401
1751217507347 1.1798313856124878 11402
1751217508344 1.0469776391983032 11403
1751217509382 0.14482277631759644 11404
1751217510398 0.6370601058006287 11405
1751217511381 1.0164587497711182 11406
1751217512378 0.8249814510345459 11407
1751217513367 0.5136330723762512 11408
1751217514602 0.7458453178405762 11409
1751217515503 1.4146339893341064 11410
1751217516512 0.6063002347946167 11411
1751217517484 0.5545069575309753 11412
1751217518385 1.1080397367477417 11413
1751217519421 0.6338021159172058 11414
1751217520416 0.7102107405662537 11415
1751217521295 1.1686456203460693 11416
1751217522328 0.5258950591087341 11417
1751217523720 1.1343220472335815 11418
1751217524605 0.9672660231590271 11419
1751217525600 0.8245405554771423 11420
1751217526616 2.3025307655334473 11421
1751217527668 0.6910492181777954 11422
1751217528703 0.8900938034057617 11423
1751217529768 0.3888024389743805 11424
1751217530752 0.9839263558387756 11425
1751217531768 1.0775715112686157 11426
1751217532806 0.5254315733909607 11427
1751217534072 0.5983850359916687 11428
1751217535138 0.6615113615989685 11429
1751217536016 1.1009334325790405 11430
1751217537080 1.2421153783798218 11431
1751217538108 0.6825861930847168 11432
1751217539126 0.8439164161682129 11433
1751217540118 0.8083694577217102 11434
1751217541192 0.8330616354942322 11435
1751217542212 0.5896111726760864 11436
1751217543454 0.4594387114048004 11437
1751217544478 0.9984058737754822 11438
1751217545457 0.8639794588088989 11439
1751217546444 0.3071841895580292 11440
1751217547485 0.8665151596069336 11441
1751217548485 0.6252560019493103 11442
1751217549536 1.0622756481170654 11443
1751217550538 1.3766999244689941 11444
1751217551390 0.818450927734375 11445
1751217552415 0.6088697910308838 11446
1751217553660 1.6438575983047485 11447
1751217554647 0.7498828768730164 11448
1751217555692 1.081215262413025 11449
1751217556721 0.7042889595031738 11450
1751217557725 0.7886968851089478 11451
1751217558881 0.6857178211212158 11452
1751217559938 0.601008415222168 11453
1751217560969 1.1286309957504272 11454
1751217561984 0.3846500813961029 11455
1751217562964 0.7752743363380432 11456
1751217564195 0.6995676159858704 11457
1751217565221 0.9567834734916687 11458
1751217566257 0.8204470872879028 11459
1751217567255 0.6559625864028931 11460
1751217568294 0.6369402408599854 11461
1751217569289 0.6606081128120422 11462
1751217570302 0.7565306425094604 11463
1751217571339 0.42602115869522095 11464
1751217572392 1.995756983757019 11465
1751217573641 0.5632637143135071 11466
1751217574499 0.8872906565666199 11467
1751217575521 0.8099496960639954 11468
1751217576544 0.9820365309715271 11469
1751217577581 0.658585250377655 11470
1751217578635 1.164068579673767 11471
1751217579657 0.8619821667671204 11472
1751217580688 1.1265472173690796 11473
1751217581745 0.8023577928543091 11474
1751217582819 0.780915379524231 11475
1751217584076 0.7772040963172913 11476
1751217585081 1.0720250606536865 11477
1751217586123 1.5814323425292969 11478
1751217587180 1.0221445560455322 11479
1751217588182 0.9339274764060974 11480
1751217589208 0.7103778123855591 11481
1751217590228 0.846453845500946 11482
1751217591235 0.8265407681465149 11483
1751217592254 0.7157017588615417 11484
1751217593516 0.6476017832756042 11485
1751217594513 0.47683125734329224 11486
1751217595513 0.8562841415405273 11487
1751217596497 0.8228983283042908 11488
1751217597523 1.0740909576416016 11489
1751217598532 0.9704056978225708 11490
1751217599547 0.9155953526496887 11491
1751217600569 0.6093078851699829 11492
1751217601658 0.714872419834137 11493
1751217602882 0.7617358565330505 11494
1751217603891 0.31189924478530884 11495
1751217604958 0.5308852195739746 11496
1751217605968 0.9514398574829102 11497
1751217606995 0.9049540758132935 11498
1751217608013 0.7238646149635315 11499
1751217609025 0.5731029510498047 11500
1751217610054 0.6349034905433655 11501
1751217611112 0.5449292659759521 11502
1751217612169 0.7078762054443359 11503
1751217613428 0.7557013034820557 11504
1751217614413 0.6980697512626648 11505
1751217615443 0.7283092141151428 11506
1751217616479 0.6430805325508118 11507
1751217617454 0.09052031487226486 11508
1751217618505 0.781980037689209 11509
1751217619499 1.1893199682235718 11510
1751217620528 0.5870286226272583 11511
1751217621603 0.8661061525344849 11512
1751217622840 0.8530628085136414 11513
1751217623917 0.2079487442970276 11514
1751217625003 1.009779453277588 11515
1751217626022 0.794530987739563 11516
1751217626868 0.5846254825592041 11517
1751217627932 1.2120558023452759 11518
1751217628900 2.5366110801696777 11519
1751217629884 0.6602133512496948 11520
1751217630905 0.7052184343338013 11521
1751217631908 0.9670463800430298 11522
1751217633172 0.6914148330688477 11523
1751217634218 0.9417325854301453 11524
1751217635249 0.7613359689712524 11525
1751217636266 1.9937082529067993 11526
1751217637350 0.8996778726577759 11527
1751217638383 0.6173405051231384 11528
1751217639424 0.48780521750450134 11529
1751217640420 0.7648548483848572 11530
1751217641458 1.227988600730896 11531
1751217642460 0.8525553345680237 11532
1751217643714 0.15592016279697418 11533
1751217644729 1.009360432624817 11534
1751217645744 0.4859270751476288 11535
1751217646822 0.5030470490455627 11536
1751217647851 0.5598347783088684 11537
1751217648706 0.6244676113128662 11538
1751217649709 1.1669124364852905 11539
1751217650789 0.9338326454162598 11540
1751217651821 0.7233802676200867 11541
1751217653057 1.0130964517593384 11542
1751217654041 1.0497523546218872 11543
1751217655031 0.7849211692810059 11544
1751217656042 0.837231457233429 11545
1751217657079 0.40593549609184265 11546
1751217658116 0.7989726662635803 11547
1751217659139 0.9457791447639465 11548
1751217660159 0.8840088248252869 11549
1751217661162 0.8610435724258423 11550
1751217662183 0.9116775393486023 11551
1751217663436 1.0410677194595337 11552
1751217664446 0.9003093838691711 11553
1751217665454 1.1848732233047485 11554
1751217666463 0.8177047967910767 11555
1751217667455 0.6441184878349304 11556
1751217668451 0.7293053865432739 11557
1751217669507 0.684460461139679 11558
1751217670524 0.6478830575942993 11559
1751217671524 0.7321352958679199 11560
1751217672625 0.8667739033699036 11561
1751217673613 1.1331685781478882 11562
1751217674655 0.6243149042129517 11563
1751217675653 1.2207437753677368 11564
1751217676711 1.57964026927948 11565
1751217677774 0.6571663022041321 11566
1751217678796 1.7489557266235352 11567
1751217679698 1.273943543434143 11568
1751217680714 0.450118750333786 11569
1751217681615 1.4005839824676514 11570
1751217682915 0.9144808053970337 11571
1751217684088 0.826307475566864 11572
1751217685345 1.0428742170333862 11573
1751217686405 0.7742445468902588 11574
1751217687511 1.179046869277954 11575
1751217688522 0.5004079937934875 11576
1751217689621 0.9068917632102966 11577
1751217690855 0.728676438331604 11578
1751217694156 0.20118115842342377 11579
1751217695450 0.5953679084777832 11580
1751217696437 2.006462574005127 11581
1751217697415 0.7734595537185669 11582
1751217698447 0.6065954566001892 11583
1751217701759 1.029469609260559 11584
1751217703150 1.0336802005767822 11585
1751217704042 1.5322468280792236 11586
1751217705063 1.6290069818496704 11587
1751217706072 0.8958815932273865 11588
1751217709130 2.0310885906219482 11589
1751217710495 1.0081825256347656 11590
1751217711343 1.1151666641235352 11591
1751217713768 0.9327059984207153 11592
1751217714947 0.75312739610672 11593
1751217716285 0.6528621912002563 11594
1751217717658 0.6657066941261292 11595
1751217718682 0.8756942749023438 11596
1751217719559 0.7209460139274597 11597
1751217720545 0.9271880388259888 11598
1751217721523 1.2623876333236694 11599
1751217722733 1.0937565565109253 11600
1751217723824 0.2973516285419464 11601
1751217724824 0.7000476121902466 11602
1751217725796 0.7916738390922546 11603
1751217726817 0.7594756484031677 11604
1751217727827 0.6133548617362976 11605
1751217728838 0.7404056191444397 11606
1751217729862 0.5003891587257385 11607
1751217730842 0.15954624116420746 11608
1751217732164 1.1203941106796265 11609
1751217733166 1.1926389932632446 11610
1751217734066 1.1556860208511353 11611
1751217735049 0.8296111226081848 11612
1751217736060 0.8250014185905457 11613
1751217737086 0.9424826502799988 11614
1751217738113 0.8534846305847168 11615
1751217739157 0.4534110426902771 11616
1751217740171 0.5428125262260437 11617
1751217741514 0.5718116760253906 11618
1751217742506 1.137870192527771 11619
1751217743535 0.9137007594108582 11620
1751217744568 0.9171069264411926 11621
1751217745552 0.7907214164733887 11622
1751217746453 1.6902515888214111 11623
1751217747426 0.6081528663635254 11624
1751217748408 0.5965600609779358 11625
1751217749399 0.8952771425247192 11626
1751217750618 1.0023683309555054 11627
1751217751591 1.070914626121521 11628
1751217752610 0.8640421032905579 11629
1751217753499 1.4749733209609985 11630
1751217754484 0.9015604257583618 11631
1751217755321 1.048993706703186 11632
1751217756320 1.2437059879302979 11633
1751217757234 1.4118810892105103 11634
1751217758237 0.6793197393417358 11635
1751217759250 0.37153932452201843 11636
1751217760484 1.7587913274765015 11637
1751217761505 0.6090103983879089 11638
1751217762496 1.0120993852615356 11639
1751217763486 0.762380063533783 11640
1751217764555 1.2453383207321167 11641
1751217765589 0.8759599924087524 11642
1751217766625 0.9524738192558289 11643
1751217767628 0.8380151987075806 11644
1751217768978 0.5551444888114929 11645
1751217769985 1.0946502685546875 11646
1751217770981 0.6972042918205261 11647
1751217771972 1.1113041639328003 11648
1751217772992 1.1267805099487305 11649
1751217773990 0.464633584022522 11650
1751217775036 0.6815502047538757 11651
1751217775942 1.778799057006836 11652
1751217776940 1.2080507278442383 11653
1751217778203 0.5952887535095215 11654
1751217779292 0.6928676962852478 11655
1751217780313 1.1043667793273926 11656
1751217781346 0.6070495843887329 11657
1751217782396 1.058860182762146 11658
1751217783387 1.0963985919952393 11659
1751217787719 0.763566792011261 11660
1751217788696 0.6732170581817627 11661
1751217789703 0.8616077303886414 11662
1751217790700 0.90926593542099 11663
1751217791962 0.619977593421936 11664
1751217793150 0.5571735501289368 11665
1751217797241 0.5615148544311523 11666
1751217798205 0.8431477546691895 11667
1751217799229 0.7112065553665161 11668
1751217800245 0.8366753458976746 11669
1751217803034 0.5736657381057739 11670
1751217804846 0.7440244555473328 11671
1751217805881 0.6428901553153992 11672
1751217808278 0.23933126032352448 11673
1751217809394 0.5589560866355896 11674
1751217810703 0.6630203127861023 11675
1751217812382 0.5721191763877869 11676
1751217813415 0.5709092020988464 11677
1751217814409 1.3440723419189453 11678
1751217815428 1.0288649797439575 11679
1751217816406 0.7431085705757141 11680
1751217817530 0.8589653372764587 11681
1751217818622 0.7604422569274902 11682
1751217819641 0.589516818523407 11683
1751217820644 0.26287463307380676 11684
1751217821673 0.8715400099754333 11685
1751217822696 0.7527738809585571 11686
1751217823693 0.8062891364097595 11687
1751217824679 0.8550297021865845 11688
1751217825746 0.8597878813743591 11689
1751217826725 1.089060664176941 11690
1751217828021 1.1466573476791382 11691
1751217828999 0.8329351544380188 11692
1751217829987 1.2812608480453491 11693
1751217831060 0.6061129570007324 11694
1751217832064 0.3699739873409271 11695
1751217833071 0.6062178611755371 11696
1751217834145 0.8113605380058289 11697
1751217835191 0.5520261526107788 11698
1751217836183 0.7050365805625916 11699
1751217837307 1.8794403076171875 11700
1751217838361 1.0451138019561768 11701
1751217839349 0.6162050366401672 11702
1751217840335 0.6594018936157227 11703
1751217841336 1.0262131690979004 11704
1751217842348 0.6334242224693298 11705
1751217843350 1.0722278356552124 11706
1751217844373 0.47105345129966736 11707
1751217845444 0.6236483454704285 11708
1751217846466 1.7264385223388672 11709
1751217847724 1.1744650602340698 11710
1751217848630 1.1016814708709717 11711
1751217849627 0.6657207012176514 11712
1751217850651 0.9123620390892029 11713
1751217851631 0.5766139626502991 11714
1751217852660 1.2636445760726929 11715
1751217853657 0.6587905287742615 11716
1751217854678 1.139494776725769 11717
1751217855739 0.5941576361656189 11718
1751217856977 0.5004695057868958 11719
1751217857975 0.6036565899848938 11720
1751217859082 0.9812211394309998 11721
1751217860137 0.7664420008659363 11722
1751217861245 0.6040658950805664 11723
1751217862288 0.6146794557571411 11724
1751217863392 1.4277145862579346 11725
1751217864254 1.418440818786621 11726
1751217865259 0.5651773810386658 11727
1751217866523 0.47652870416641235 11728
1751217867530 0.7228326201438904 11729
1751217868563 0.6858760714530945 11730
1751217869616 0.5279328227043152 11731
1751217870628 1.87347412109375 11732
1751217871662 0.5614984631538391 11733
1751217872691 1.0095412731170654 11734
1751217873736 0.9648747444152832 11735
1751217874809 1.6145223379135132 11736
1751217876053 0.9363784790039062 11737
1751217877078 0.5825549960136414 11738
1751217878081 1.0696611404418945 11739
1751217879129 1.0809310674667358 11740
1751217880102 0.9053927659988403 11741
1751217881167 0.7254095077514648 11742
1751217882156 1.4199789762496948 11743
1751217883206 0.8179067969322205 11744
1751217884219 0.5824358463287354 11745
1751217885443 1.3324803113937378 11746
1751217886450 0.4048624038696289 11747
1751217887466 1.000445008277893 11748
1751217888573 0.5265024304389954 11749
1751217889627 0.6192126870155334 11750
1751217890541 1.4192603826522827 11751
1751217891544 0.9246918559074402 11752
1751217892578 0.9005246162414551 11753
1751217893466 0.6175711750984192 11754
1751217894676 0.8220328092575073 11755
1751217895666 1.1210209131240845 11756
1751217896683 0.7286303043365479 11757
1751217897709 0.5774003863334656 11758
1751217898608 0.42601579427719116 11759
1751217899610 1.5598872900009155 11760
1751217900465 2.126568555831909 11761
1751217901457 0.5716131329536438 11762
1751217902441 0.5755826830863953 11763
1751217903432 0.9050108790397644 11764
1751217904661 1.0091791152954102 11765
1751217905666 0.5636565089225769 11766
1751217906691 0.8637887835502625 11767
1751217907670 0.8886842727661133 11768
1751217908658 1.995981216430664 11769
1751217909735 0.7029388546943665 11770
1751217910721 0.7001415491104126 11771
1751217911755 0.8469652533531189 11772
1751217912756 0.649575412273407 11773
1751217914083 0.8350805640220642 11774
1751217915131 0.06542830914258957 11775
1751217916141 0.9885454177856445 11776
1751217917252 0.6078352928161621 11777
1751217918283 0.6733638644218445 11778
1751217919303 1.1998684406280518 11779
1751217920370 1.586311936378479 11780
1751217921377 0.5470719337463379 11781
1751217922476 0.7523122429847717 11782
1751217923742 0.8892636895179749 11783
1751217924768 0.6210594177246094 11784
1751217925787 1.2979358434677124 11785
1751217926798 1.0351961851119995 11786
1751217927668 1.2236878871917725 11787
1751217928545 1.155551552772522 11788
1751217929537 0.5035868883132935 11789
1751217930530 1.001947045326233 11790
1751217931540 0.46395549178123474 11791
1751217932540 0.5774204730987549 11792
1751217933865 1.0373436212539673 11793
1751217934870 2.0794942378997803 11794
1751217935879 0.8268653750419617 11795
1751217936891 0.7069599032402039 11796
1751217937929 0.802627682685852 11797
1751217938910 1.5923309326171875 11798
1751217939930 0.782080888748169 11799
1751217940938 0.3234897255897522 11800
1751217941938 0.7956225275993347 11801
1751217943307 1.126702070236206 11802
1751217944310 0.6164531707763672 11803
1751217945306 1.0474385023117065 11804
1751217946338 0.8971193432807922 11805
1751217947343 1.4925240278244019 11806
1751217948240 1.870373010635376 11807
1751217949247 0.7830996513366699 11808
1751217950270 0.8540409207344055 11809
1751217951136 0.8927246332168579 11810
1751217952407 0.6706782579421997 11811
1751217953445 0.7758030295372009 11812
1751217954460 0.6941480040550232 11813
1751217955422 2.900805950164795 11814
1751217956419 0.6959459185600281 11815
1751217957393 0.7363930344581604 11816
1751217958390 0.6632195711135864 11817
1751217959375 0.5155448913574219 11818
1751217960390 0.7060362696647644 11819
1751217961665 0.8118106126785278 11820
1751217962648 0.48664388060569763 11821
1751217963660 1.0001569986343384 11822
1751217964746 0.7652186751365662 11823
1751217965756 0.5651323795318604 11824
1751217966781 0.6311357021331787 11825
1751217967847 0.7376734018325806 11826
1751217968859 0.8384451270103455 11827
1751217969900 0.6018419861793518 11828
1751217971177 1.4426058530807495 11829
1751217972205 0.6711140275001526 11830
1751217973200 1.628729224205017 11831
1751217974195 0.7482818961143494 11832
1751217975197 1.108339548110962 11833
1751217976217 0.8714147806167603 11834
1751217977270 1.36274254322052 11835
1751217978300 0.7043358087539673 11836
1751217979393 0.724262535572052 11837
1751217980654 0.3609338700771332 11838
1751217981684 0.36057931184768677 11839
1751217982701 0.622425377368927 11840
1751217983705 0.9170212149620056 11841
1751217984570 1.9432194232940674 11842
1751217985609 0.10130123049020767 11843
1751217986611 0.5899667143821716 11844
1751217987659 0.5500247478485107 11845
1751217988663 0.8329108357429504 11846
1751217989942 1.147131323814392 11847
1751217990954 0.5310592651367188 11848
1751217991956 0.5807316303253174 11849
1751217993034 1.003143548965454 11850
1751217994018 0.5702029466629028 11851
1751217995013 0.43071773648262024 11852
1751217996044 0.6007853150367737 11853
1751217997059 0.40703481435775757 11854
1751217998043 0.045316074043512344 11855
1751217999228 1.1478906869888306 11856
1751218000227 0.8137120604515076 11857
1751218001223 0.6375681161880493 11858
1751218002222 0.7828596234321594 11859
1751218003204 1.0256880521774292 11860
1751218004301 0.5154659152030945 11861
1751218005343 0.7804343104362488 11862
1751218006406 0.6422601342201233 11863
1751218007415 1.1515804529190063 11864
1751218008535 0.7124728560447693 11865
1751218009529 1.1862448453903198 11866
1751218010547 0.5604507327079773 11867
1751218011603 0.7311148047447205 11868
1751218012582 0.6972771286964417 11869
1751218013600 0.8091975450515747 11870
1751218014595 0.937934398651123 11871
1751218015641 1.1693311929702759 11872
1751218016698 0.5772574543952942 11873
1751218017923 0.7982357144355774 11874
1751218018913 0.9127952456474304 11875
1751218019888 1.0970555543899536 11876
1751218020885 0.6414338946342468 11877
1751218021934 0.3579767644405365 11878
1751218023052 0.7594053149223328 11879
1751218024056 0.6079608798027039 11880
1751218025059 0.5264946818351746 11881
1751218026052 1.2145322561264038 11882
1751218027331 0.6120232343673706 11883
1751218028336 0.8701946139335632 11884
1751218029338 0.6626321077346802 11885
1751218030364 0.8493205904960632 11886
1751218031361 0.6030993461608887 11887
1751218032359 0.924534022808075 11888
1751218033349 0.6803393959999084 11889
1751218034364 0.8321101069450378 11890
1751218035369 0.7676460146903992 11891
1751218036373 0.7230654954910278 11892
1751218037700 0.9595999121665955 11893
1751218038693 0.6206332445144653 11894
1751218039717 1.0566494464874268 11895
1751218040709 0.8996466994285583 11896
1751218041737 0.5077927708625793 11897
1751218042637 2.1932661533355713 11898
1751218043651 0.7424443364143372 11899
1751218044669 1.13813054561615 11900
1751218045673 1.264260172843933 11901
1751218046901 0.6929028630256653 11902
1751218047922 0.9347580075263977 11903
1751218048952 0.6108378767967224 11904
1751218049918 1.6959075927734375 11905
1751218050904 0.5073898434638977 11906
1751218051894 0.7821832299232483 11907
1751218052923 0.7068106532096863 11908
1751218053920 0.7292135953903198 11909
1751218054939 0.9268323183059692 11910
1751218056170 0.6004010438919067 11911
1751218057216 0.5191184282302856 11912
1751218058270 0.6240999698638916 11913
1751218059285 0.7541623115539551 11914
1751218060343 1.0502663850784302 11915
1751218061431 0.10364692658185959 11916
1751218062435 0.8273674845695496 11917
1751218063334 0.6232202649116516 11918
1751218064424 0.5237789154052734 11919
1751218065456 0.529610812664032 11920
1751218066686 1.8250904083251953 11921
1751218067669 1.1238106489181519 11922
1751218068654 0.5071889758110046 11923
1751218069691 0.021218834444880486 11924
1751218070778 1.0785516500473022 11925
1751218071813 0.5872449278831482 11926
1751218072852 0.988825261592865 11927
1751218073888 1.0565769672393799 11928
1751218074793 0.7349146604537964 11929
1751218076021 0.6704186797142029 11930
1751218077024 0.23152059316635132 11931
1751218078046 0.8904141783714294 11932
1751218079051 0.9969226717948914 11933
1751218080060 0.5483552813529968 11934
1751218081060 2.1968295574188232 11935
1751218082104 1.1518210172653198 11936
1751218083113 2.0381181240081787 11937
1751218084167 0.6115732789039612 11938
1751218085386 1.1571422815322876 11939
1751218086262 0.7263248562812805 11940
1751218087267 0.7579544186592102 11941
1751218088257 0.662791907787323 11942
1751218089304 1.0745519399642944 11943
1751218090294 0.7672924399375916 11944
1751218091348 0.9049221277236938 11945
1751218092435 1.2193619012832642 11946
1751218093464 0.8864101767539978 11947
1751218094694 0.8504154086112976 11948
1751218095735 0.8148168921470642 11949
1751218096826 1.105797290802002 11950
1751218097842 0.7325760722160339 11951
1751218098880 1.2684224843978882 11952
1751218099857 0.8836721777915955 11953
1751218100883 2.4779834747314453 11954
1751218101865 0.5953237414360046 11955
1751218102900 0.9870659112930298 11956
1751218104182 0.5788993239402771 11957
1751218105164 1.1390107870101929 11958
1751218106193 0.9022617340087891 11959
1751218107258 0.5877775549888611 11960
1751218108261 1.335508108139038 11961
1751218109309 0.9205412268638611 11962
1751218110324 1.0763206481933594 11963
1751218111318 0.7006447315216064 11964
1751218112364 0.7700404524803162 11965
1751218113611 0.7599901556968689 11966
1751218114660 0.6823828816413879 11967
1751218115699 1.0302082300186157 11968
1751218116692 0.7543546557426453 11969
1751218117695 0.7125877737998962 11970
1751218118741 0.7499343156814575 11971
1751218119783 1.2208095788955688 11972
1751218120826 0.607356607913971 11973
1751218121850 0.2946349084377289 11974
1751218123091 0.8580688834190369 11975
1751218123919 0.8435978293418884 11976
1751218124924 0.7603029608726501 11977
1751218125927 0.6217387318611145 11978
1751218126915 0.7950546741485596 11979
1751218127948 0.856937825679779 11980
1751218128932 1.3377388715744019 11981
1751218129981 0.8180736899375916 11982
1751218130974 0.24447348713874817 11983
1751218132343 0.1181332990527153 11984
1751218133362 0.700275719165802 11985
1751218134387 1.0955133438110352 11986
1751218135406 0.5124536156654358 11987
1751218136468 0.7461467981338501 11988
1751218137493 1.382584571838379 11989
1751218138518 0.6225004196166992 11990
1751218139514 0.7707134485244751 11991
1751218140515 1.2526744604110718 11992
1751218141725 0.6198636889457703 11993
1751218142760 0.6448830366134644 11994
1751218143777 0.7157394289970398 11995
1751218144824 0.8463987708091736 11996
1751218145816 0.8915967345237732 11997
1751218146890 0.7054453492164612 11998
1751218148015 0.7219080328941345 11999
1751218149022 0.7670340538024902 12000
1751218150028 0.6814058423042297 12001
1751218151282 0.6733184456825256 12002
1751218152268 0.7355437874794006 12003
1751218153251 1.1774400472640991 12004
1751218154272 0.7553476691246033 12005
1751218155259 1.430127501487732 12006
1751218156244 1.4601287841796875 12007
1751218157262 0.7221674919128418 12008
1751218158332 0.8187130093574524 12009
1751218159602 1.6359872817993164 12010
1751218160658 1.091813325881958 12011
1751218161636 0.6682024002075195 12012
1751218162622 1.0499671697616577 12013
1751218163658 0.8507314920425415 12014
1751218164587 1.39382004737854 12015
1751218165630 0.7567055225372314 12016
1751218166549 2.056795358657837 12017
1751218167592 0.8423542380332947 12018
1751218168738 0.7703063488006592 12019
1751218169774 0.8007581233978271 12020
1751218170820 0.4552081227302551 12021
1751218171894 1.2744004726409912 12022
1751218172933 0.7111214995384216 12023
1751218173983 1.3414595127105713 12024
1751218175019 0.5835599899291992 12025
1751218176033 0.9609588980674744 12026
1751218177033 0.9433082938194275 12027
1751218178276 0.8226209878921509 12028
1751218179285 0.6532669067382812 12029
1751218180147 0.6059669852256775 12030
1751218181173 0.8471142649650574 12031
1751218182221 0.7421355843544006 12032
1751218183211 0.8409356474876404 12033
1751218184276 1.1374831199645996 12034
1751218185286 0.6889087557792664 12035
1751218186286 0.4534890651702881 12036
1751218187578 0.608615517616272 12037
1751218188642 0.6778244376182556 12038
1751218189611 0.7890138626098633 12039
1751218190662 0.6085042357444763 12040
1751218191702 1.2834270000457764 12041
1751218192739 0.789644181728363 12042
1751218193747 0.7900665998458862 12043
1751218194727 0.6535423994064331 12044
1751218195746 0.7938228845596313 12045
1751218197026 1.2094887495040894 12046
1751218198080 0.6020479202270508 12047
1751218199138 0.8978363275527954 12048
1751218200168 1.0032099485397339 12049
1751218201219 1.000435709953308 12050
1751218202234 0.6772443652153015 12051
1751218203220 0.16979825496673584 12052
1751218204241 0.8385512232780457 12053
1751218205252 1.056692361831665 12054
1751218206497 1.3654605150222778 12055
1751218207586 1.3909724950790405 12056
1751218208654 0.6251015067100525 12057
1751218209693 0.5206648111343384 12058
1751218210698 1.5252915620803833 12059
1751218211761 0.5877442955970764 12060
1751218212752 0.9368267059326172 12061
1751218213807 0.8185524344444275 12062
1751218214859 0.841480553150177 12063
1751218216094 0.8360018730163574 12064
1751218217100 0.3539724051952362 12065
1751218218128 0.6610720753669739 12066
1751218219143 0.934588611125946 12067
1751218220172 1.0157356262207031 12068
1751218221213 0.7695717215538025 12069
1751218222250 0.46544352173805237 12070
1751218223289 1.1883662939071655 12071
1751218224298 1.9091501235961914 12072
1751218225645 0.9991276860237122 12073
1751218226661 1.695257544517517 12074
1751218227532 0.7143794298171997 12075
1751218228508 1.0761363506317139 12076
1751218229494 0.5356088280677795 12077
1751218230480 1.53020179271698 12078
1751218231615 0.771605908870697 12079
1751218232653 0.9249952435493469 12080
1751218233635 0.7684719562530518 12081
1751218234873 0.6913394927978516 12082
1751218235869 0.7727245688438416 12083
1751218236906 0.6693742871284485 12084
1751218237920 0.9226178526878357 12085
1751218238964 0.760513961315155 12086
1751218240005 0.6782366633415222 12087
1751218241002 0.5230390429496765 12088
1751218242060 0.6932989358901978 12089
1751218243202 0.9719318747520447 12090
1751218244228 0.7390017509460449 12091
1751218245257 0.9885095953941345 12092
1751218246152 0.7695090770721436 12093
1751218247165 0.7189149856567383 12094
1751218248239 0.8736535906791687 12095
1751218249290 0.6802088022232056 12096
1751218250383 1.0897661447525024 12097
1751218251378 0.8713138699531555 12098
1751218252686 0.8319588899612427 12099
1751218253679 1.0958281755447388 12100
1751218254763 0.9399185180664062 12101
1751218255779 1.0639896392822266 12102
1751218256778 0.6276818513870239 12103
1751218257670 1.1277413368225098 12104
1751218258664 1.0220154523849487 12105
1751218259549 0.9568598866462708 12106
1751218260575 0.16519014537334442 12107
1751218261804 0.5172131657600403 12108
1751218262850 0.8751900792121887 12109
1751218263916 1.0400367975234985 12110
1751218264933 0.5802417993545532 12111
1751218265954 0.788304328918457 12112
1751218267029 0.018167683854699135 12113
1751218268017 0.7799806594848633 12114
1751218269049 0.9831109046936035 12115
1751218270115 0.6978644728660583 12116
1751218271380 0.6709972620010376 12117
1751218272444 0.8248296976089478 12118
1751218273462 0.5961993336677551 12119
1751218274480 0.4925502836704254 12120
1751218275496 0.7002250552177429 12121
1751218276482 1.0255104303359985 12122
1751218277459 1.574033498764038 12123
1751218278496 0.8274278044700623 12124
1751218279517 0.8363162279129028 12125
1751218280822 0.5882477760314941 12126
1751218281808 0.706503689289093 12127
1751218282871 0.6922230124473572 12128
1751218283870 1.4933420419692993 12129
1751218284920 0.8639047741889954 12130
1751218285929 1.2890281677246094 12131
1751218286925 0.6781802177429199 12132
1751218287966 0.5992806553840637 12133
1751218288968 0.9612372517585754 12134
1751218290197 0.5543848872184753 12135
1751218291268 1.0898401737213135 12136
1751218292314 0.6613385081291199 12137
1751218293347 0.7510069012641907 12138
1751218294368 0.6454184055328369 12139
1751218295365 0.9096674919128418 12140
1751218296397 1.0901384353637695 12141
1751218297376 0.8284352421760559 12142
1751218298417 0.34426483511924744 12143
1751218299665 0.6989994645118713 12144
1751218300682 1.0587502717971802 12145
1751218301695 0.6052843928337097 12146
1751218302714 0.7579678297042847 12147
1751218303771 0.827877938747406 12148
1751218304673 0.369962215423584 12149
1751218305666 1.6547287702560425 12150
1751218306657 0.8154603838920593 12151
1751218307684 1.1373252868652344 12152
1751218308962 0.9143695831298828 12153
1751218309985 0.907484233379364 12154
1751218310986 0.7497003674507141 12155
1751218312012 0.9140278100967407 12156
1751218312923 1.05034339427948 12157
1751218313958 0.7672054171562195 12158
1751218314971 1.1822435855865479 12159
1751218315972 0.6567566990852356 12160
1751218317028 0.7715899348258972 12161
1751218318108 1.070464849472046 12162
1751218319073 0.13070103526115417 12163
1751218320099 1.502083659172058 12164
1751218321103 1.1123144626617432 12165
1751218322112 1.2723404169082642 12166
1751218323139 0.7680427432060242 12167
1751218324248 0.7900763154029846 12168
1751218325247 0.9479263424873352 12169
1751218326507 0.7875336408615112 12170
1751218327544 0.6161248683929443 12171
1751218328564 0.8041680455207825 12172
1751218329613 1.0176271200180054 12173
1751218330683 0.7876657247543335 12174
1751218331671 0.8992795944213867 12175
1751218332718 0.633118748664856 12176
1751218333752 1.2923191785812378 12177
1751218334763 0.7019796371459961 12178
1751218335991 1.0376033782958984 12179
1751218336973 0.625189483165741 12180
1751218337964 1.0288019180297852 12181
1751218338975 1.0094751119613647 12182
1751218339968 0.34437093138694763 12183
1751218340824 1.8326727151870728 12184
1751218341813 0.9841682314872742 12185
1751218342868 0.7158190608024597 12186
1751218343877 0.7750641703605652 12187
1751218345122 0.7286862730979919 12188
1751218346136 0.9152402877807617 12189
1751218347147 1.1544837951660156 12190
1751218348169 0.554267406463623 12191
1751218349219 0.8891083598136902 12192
1751218350245 1.119174599647522 12193
1751218351273 0.6324921250343323 12194
1751218352268 0.6964302062988281 12195
1751218353276 0.7678810954093933 12196
1751218354484 0.8297966122627258 12197
1751218355512 0.5294932126998901 12198
1751218356535 0.9489893913269043 12199
1751218357531 1.0355888605117798 12200
1751218358526 0.7855769395828247 12201
1751218359485 0.9400812983512878 12202
1751218360505 1.2138015031814575 12203
1751218361503 0.5832171440124512 12204
1751218362534 0.7187598347663879 12205
1751218363843 0.6426820158958435 12206
1751218364840 0.8842394948005676 12207
1751218365876 0.5591714978218079 12208
1751218366877 0.8901195526123047 12209
1751218367892 0.43354326486587524 12210
1751218368751 1.3391830921173096 12211
1751218369739 0.4912358820438385 12212
1751218370753 0.8150345087051392 12213
1751218371756 0.9311668276786804 12214
1751218373082 0.5002972483634949 12215
1751218374094 0.49300700426101685 12216
1751218375100 0.7977137565612793 12217
1751218376100 0.9224152565002441 12218
1751218377117 0.9182553291320801 12219
1751218378120 0.6778306365013123 12220
1751218379118 0.7605038285255432 12221
1751218380159 0.6504224538803101 12222
1751218381144 0.845794141292572 12223
1751218382331 0.7337498664855957 12224
1751218383393 0.6771401762962341 12225
1751218384432 0.945030689239502 12226
1751218385316 1.1110204458236694 12227
1751218386367 1.665989875793457 12228
1751218387409 0.6528123021125793 12229
1751218388465 0.5747277736663818 12230
1751218389476 0.457669734954834 12231
1751218390370 0.9624801874160767 12232
1751218391621 0.8733211755752563 12233
1751218392533 2.0928432941436768 12234
1751218393573 0.9304272532463074 12235
1751218394562 0.8156468272209167 12236
1751218395584 0.6073006987571716 12237
1751218396604 0.7254175543785095 12238
1751218397660 1.1352535486221313 12239
1751218398678 1.1220762729644775 12240
1751218399686 0.6219968199729919 12241
1751218400965 1.2117222547531128 12242
1751218402020 1.3782100677490234 12243
1751218403038 1.0567270517349243 12244
1751218404070 0.07981156557798386 12245
1751218405148 0.9085842370986938 12246
1751218406199 0.385120153427124 12247
1751218407274 0.7637543678283691 12248
1751218408267 0.5610726475715637 12249
1751218409576 1.1506465673446655 12250
1751218410598 0.9676815867424011 12251
1751218411608 0.2982291877269745 12252
1751218412692 1.1224229335784912 12253
1751218413557 0.722648024559021 12254
1751218414459 2.0883584022521973 12255
1751218415555 0.969369113445282 12256
1751218416557 0.7837960720062256 12257
1751218417644 0.5074298977851868 12258
1751218418741 1.0086320638656616 12259
1751218420012 0.7204282283782959 12260
1751218421036 0.9476756453514099 12261
1751218422047 0.8807730078697205 12262
1751218423103 0.8537063598632812 12263
1751218424117 0.640087902545929 12264
1751218425114 1.7028449773788452 12265
1751218426136 0.6625344157218933 12266
1751218427166 0.45053577423095703 12267
1751218428415 0.13917915523052216 12268
1751218429440 0.2912738621234894 12269
1751218430453 0.6655941009521484 12270
1751218431508 0.6814674735069275 12271
1751218432494 0.7671059966087341 12272
1751218433501 0.8961206674575806 12273
1751218434537 1.4294294118881226 12274
1751218435621 0.6712109446525574 12275
1751218436682 0.9648170471191406 12276
1751218437940 0.532259464263916 12277
1751218438943 0.6911769509315491 12278
1751218439947 0.7166743874549866 12279
1751218440968 1.4645640850067139 12280
1751218442002 1.1884806156158447 12281
1751218443108 1.119121789932251 12282
1751218444106 1.2745064496994019 12283
1751218445128 0.48255300521850586 12284
1751218446196 1.0328048467636108 12285
1751218447562 1.4221457242965698 12286
1751218448584 0.8595127463340759 12287
1751218449659 0.4542458653450012 12288
1751218450682 0.8650612831115723 12289
1751218451569 0.3335276246070862 12290
1751218452586 0.7302218675613403 12291
1751218453579 1.117356538772583 12292
1751218454618 1.4420894384384155 12293
1751218455723 1.0889254808425903 12294
1751218456978 0.7939947247505188 12295
1751218458027 1.4378818273544312 12296
1751218459010 0.7597589492797852 12297
1751218460011 2.6633403301239014 12298
1751218461034 0.941792905330658 12299
1751218462077 0.6701006889343262 12300
1751218463122 0.8845996856689453 12301
1751218464186 1.1944806575775146 12302
1751218465406 1.0443423986434937 12303
1751218466411 1.0173211097717285 12304
1751218467415 1.2631698846817017 12305
1751218468304 1.0145152807235718 12306
1751218469217 1.344024419784546 12307
1751218470224 1.0766172409057617 12308
1751218471217 0.5206339955329895 12309
1751218472278 0.5959755778312683 12310
1751218473330 0.6167141795158386 12311
1751218474634 0.8519739508628845 12312
1751218475658 0.8653736114501953 12313
1751218476688 0.5420944094657898 12314
1751218477716 1.3246253728866577 12315
1751218478695 0.5976131558418274 12316
1751218479564 1.8101192712783813 12317
1751218480592 0.7304682731628418 12318
1751218481625 0.3568592965602875 12319
1751218482602 0.6505993008613586 12320
1751218483927 0.7393442988395691 12321
1751218484939 0.920263409614563 12322
1751218485958 0.7402932643890381 12323
1751218486986 0.6001521944999695 12324
1751218487999 0.8321396112442017 12325
1751218488920 0.8071359992027283 12326
1751218490016 0.896608829498291 12327
1751218491052 0.08812598139047623 12328
1751218492319 1.0340150594711304 12329
1751218493245 1.8937851190567017 12330
1751218494286 0.7305077910423279 12331
1751218495286 0.8203460574150085 12332
1751218496300 0.7331100106239319 12333
1751218497333 1.143111228942871 12334
1751218498382 0.6603612899780273 12335
1751218499412 0.9287295341491699 12336
1751218500459 0.9291538596153259 12337
1751218501727 0.9139318466186523 12338
1751218502647 0.9938181042671204 12339
1751218503635 0.7179598212242126 12340
1751218504674 0.8021554946899414 12341
1751218505683 0.6985366344451904 12342
1751218506583 1.1229890584945679 12343
1751218507621 1.1421736478805542 12344
1751218508618 0.9525949358940125 12345
1751218509971 0.7203748822212219 12346
1751218510919 0.656333863735199 12347
1751218511956 0.4630165100097656 12348
1751218512959 0.8849693536758423 12349
1751218513985 0.7337700128555298 12350
1751218515014 0.8915275931358337 12351
1751218515854 0.05576210096478462 12352
1751218516909 0.8868357539176941 12353
1751218517917 0.8377361297607422 12354
1751218519187 1.5729197263717651 12355
1751218520219 0.5813705325126648 12356
1751218521289 0.7061306834220886 12357
1751218522366 1.324357509613037 12358
1751218523365 0.6355344653129578 12359
1751218524402 1.9024372100830078 12360
1751218525251 1.470639944076538 12361
1751218526279 0.6806820631027222 12362
1751218527301 1.0870285034179688 12363
1751218528556 0.8059242367744446 12364
1751218529633 0.642067015171051 12365
1751218530634 0.7009018063545227 12366
1751218531690 1.9230852127075195 12367
1751218532709 0.7131904363632202 12368
1751218533805 1.2330701351165771 12369
1751218534851 0.7226250171661377 12370
1751218535868 1.3561867475509644 12371
1751218537232 0.9795465469360352 12372
1751218538300 1.4668244123458862 12373
1751218539375 0.5764567255973816 12374
1751218540461 1.2631263732910156 12375
1751218541455 0.5738927721977234 12376
1751218542483 1.2554298639297485 12377
1751218543500 1.2008726596832275 12378
1751218544555 0.5814672708511353 12379
1751218545557 1.039422631263733 12380
1751218546756 0.7941377758979797 12381
1751218547779 0.8259194493293762 12382
1751218548803 0.7232731580734253 12383
1751218549810 0.6498167514801025 12384
1751218550811 0.6162443161010742 12385
1751218551790 1.0728248357772827 12386
1751218552801 0.5086063146591187 12387
1751218553814 0.7130752801895142 12388
1751218555082 0.6580027937889099 12389
1751218556082 0.5171357989311218 12390
1751218557143 0.807187020778656 12391
1751218558195 1.0359793901443481 12392
1751218559275 0.7959964871406555 12393
1751218560268 0.6415207982063293 12394
1751218561299 0.6882383227348328 12395
1751218562350 0.6339109539985657 12396
1751218563359 0.6808105707168579 12397
1751218564636 0.9175316095352173 12398
1751218565636 1.9788856506347656 12399
1751218566635 0.7269908785820007 12400
1751218567778 0.9558194279670715 12401
1751218568825 0.9411730170249939 12402
1751218569874 1.0582383871078491 12403
1751218570887 0.7096945643424988 12404
1751218571938 0.6275463700294495 12405
1751218573240 0.6821638941764832 12406
1751218574310 0.6522445678710938 12407
1751218575310 1.0369223356246948 12408
1751218576350 0.7094764113426208 12409
1751218577440 0.5331605076789856 12410
1751218578508 0.8342453241348267 12411
1751218579522 0.725974977016449 12412
1751218580569 0.08970929682254791 12413
1751218581584 1.1717714071273804 12414
1751218582861 1.0248336791992188 12415
1751218583879 0.709284782409668 12416
1751218584876 0.5961043238639832 12417
1751218585936 0.7476071715354919 12418
1751218586975 0.6761337518692017 12419
1751218587986 0.6533217430114746 12420
1751218589030 0.9055793881416321 12421
1751218590090 0.7389369010925293 12422
1751218591191 1.4101641178131104 12423
1751218592181 1.0687397718429565 12424
1751218593237 0.8973345160484314 12425
1751218594271 0.1668335497379303 12426
1751218595266 0.4956618845462799 12427
1751218596391 0.04883160814642906 12428
1751218597417 0.8313676714897156 12429
1751218598500 1.3209900856018066 12430
1751218599531 0.6029910445213318 12431
1751218600813 1.1384156942367554 12432
1751218601896 0.5181530117988586 12433
1751218602979 0.891990602016449 12434
1751218604003 2.631334066390991 12435
1751218605002 1.0030046701431274 12436
1751218606095 0.4569219648838043 12437
1751218607131 0.6443790793418884 12438
1751218608224 0.5078127384185791 12439
1751218609140 0.6256861090660095 12440
1751218610374 0.9722797274589539 12441
1751218611390 0.6697290539741516 12442
1751218612392 1.4007991552352905 12443
1751218613418 0.5367670059204102 12444
1751218614399 1.1647793054580688 12445
1751218615350 1.1601654291152954 12446
1751218616395 0.654813826084137 12447
1751218617382 0.7646659016609192 12448
1751218618709 0.9778496026992798 12449
1751218619718 1.1399811506271362 12450
1751218620728 0.7958983182907104 12451
1751218621605 1.1808713674545288 12452
1751218622631 0.7500328421592712 12453
1751218623653 0.9093506932258606 12454
1751218624659 1.0949329137802124 12455
1751218625681 1.118219256401062 12456
1751218626694 1.372735857963562 12457
1751218627970 1.1158713102340698 12458
1751218629027 0.7218376398086548 12459
1751218630084 0.690580427646637 12460
1751218631110 0.703461766242981 12461
1751218632172 0.5755681395530701 12462
1751218633200 0.6160166263580322 12463
1751218634192 0.6909276843070984 12464
1751218635211 0.9238771796226501 12465
1751218636196 0.8753606677055359 12466
1751218637415 0.8816725015640259 12467
1751218638429 0.48443108797073364 12468
1751218639411 1.0218137502670288 12469
1751218640413 0.8161473274230957 12470
1751218641297 2.866020917892456 12471
1751218642313 0.8011207580566406 12472
1751218643295 0.7325014472007751 12473
1751218644326 1.010489583015442 12474
1751218645624 0.7404044270515442 12475
1751218646657 0.6703783273696899 12476
1751218647667 0.727927029132843 12477
1751218648645 0.5924031734466553 12478
1751218649687 0.9878624081611633 12479
1751218650688 0.801881730556488 12480
1751218651724 0.6025331616401672 12481
1751218652702 0.6219940781593323 12482
1751218653739 0.7121127843856812 12483
1751218655060 0.7685449719429016 12484
1751218656081 0.9570355415344238 12485
1751218657096 0.5403634309768677 12486
1751218658130 0.9992112517356873 12487
1751218659160 0.6186404824256897 12488
1751218660174 0.8885858654975891 12489
1751218661181 0.5936067700386047 12490
1751218662161 0.7946610450744629 12491
1751218663432 0.7163757681846619 12492
1751218664416 0.6060923337936401 12493
1751218665444 0.5523788928985596 12494
1751218666520 0.6499520540237427 12495
1751218667433 0.9059423208236694 12496
1751218668449 0.6227098703384399 12497
1751218669498 0.6293665170669556 12498
1751218670513 0.4934827983379364 12499
1751218671574 1.0000931024551392 12500
1751218672876 0.682938277721405 12501
1751218673885 0.611711323261261 12502
1751218674952 1.0932954549789429 12503
1751218675964 0.9800369143486023 12504
1751218676970 1.2512038946151733 12505
1751218677965 1.1357507705688477 12506
1751218678972 0.9414028525352478 12507
1751218680021 0.6280204653739929 12508
1751218681036 0.49475404620170593 12509
1751218682330 0.757206916809082 12510
1751218683381 1.0567142963409424 12511
1751218684372 1.0735706090927124 12512
1751218685411 0.4654550850391388 12513
1751218686438 0.48941096663475037 12514
1751218687468 0.39441388845443726 12515
1751218688520 0.5985547304153442 12516
1751218689519 0.8985674977302551 12517
1751218690746 1.210858941078186 12518
1751218691738 0.6247938871383667 12519
1751218692735 0.7640480399131775 12520
1751218693728 1.153381109237671 12521
1751218694800 0.7963182330131531 12522
1751218695877 1.2959455251693726 12523
1751218696879 0.7722079753875732 12524
1751218697924 0.759961724281311 12525
1751218699165 1.1315160989761353 12526
1751218700169 0.7316267490386963 12527
1751218701206 1.615233302116394 12528
1751218702236 0.6193835139274597 12529
1751218703247 0.6594364047050476 12530
1751218704248 0.8303806185722351 12531
1751218705310 0.7610785365104675 12532
1751218706304 0.4081655442714691 12533
1751218707408 0.8222455978393555 12534
1751218708640 1.3059179782867432 12535
1751218709539 1.6248432397842407 12536
1751218710506 0.9354292154312134 12537
1751218711509 1.2286373376846313 12538
1751218712517 1.0250475406646729 12539
1751218713537 1.0583847761154175 12540
1751218714622 0.8025026917457581 12541
1751218715609 0.4647878110408783 12542
1751218716680 0.8212006688117981 12543
1751218717908 0.7672199606895447 12544
1751218718915 1.1545149087905884 12545
1751218719981 0.9210988283157349 12546
1751218720990 0.6548649668693542 12547
1751218722065 0.7816552519798279 12548
1751218723164 0.8430615663528442 12549
1751218724200 0.5211044549942017 12550
1751218725214 0.9539371728897095 12551
1751218726246 0.5790882110595703 12552
1751218727503 0.6747527718544006 12553
1751218728540 0.8761423230171204 12554
1751218729514 0.7258141040802002 12555
1751218730511 0.4556969106197357 12556
1751218731499 0.8049020767211914 12557
1751218732535 0.8216398358345032 12558
1751218733573 0.8804330825805664 12559
1751218734572 1.1865588426589966 12560
1751218735866 1.150029182434082 12561
1751218736900 0.7958418130874634 12562
1751218737910 0.8102609515190125 12563
1751218738928 0.4905097484588623 12564
1751218739940 0.6961514353752136 12565
1751218740848 0.6823917031288147 12566
1751218741768 0.9012438654899597 12567
1751218742838 0.9162940979003906 12568
1751218743706 1.879467248916626 12569
1751218744939 1.0318893194198608 12570
1751218745925 0.6358789801597595 12571
1751218746971 0.4988502562046051 12572
1751218747981 0.6984371542930603 12573
1751218748974 0.7736672759056091 12574
1751218750065 1.1091898679733276 12575
1751218751138 1.057878851890564 12576
1751218752205 0.5642010569572449 12577
1751218753446 0.7680872678756714 12578
1751218754448 0.2539069354534149 12579
1751218755438 0.6464777588844299 12580
1751218756426 0.9879593253135681 12581
1751218757479 0.8013537526130676 12582
1751218758488 0.7888274192810059 12583
1751218759575 0.7538440823554993 12584
1751218760600 0.7019734382629395 12585
1751218761650 0.31860560178756714 12586
1751218762893 1.0721737146377563 12587
1751218763968 0.6288833618164062 12588
1751218764996 0.8402295708656311 12589
1751218765996 0.8073770403862 12590
1751218767040 0.6296939849853516 12591
1751218768068 0.6523330211639404 12592
1751218769221 0.678623378276825 12593
1751218770266 0.5547069907188416 12594
1751218771419 1.0562289953231812 12595
1751218772701 1.0037657022476196 12596
1751218773967 0.9282039999961853 12597
1751218775068 0.459881067276001 12598
1751218776147 0.7763150334358215 12599
1751218777152 0.7742794752120972 12600
1751218830367 0.6343275904655457 12601
1751218831399 0.6756860613822937 12602
1751218832404 0.6168217658996582 12603
1751218833649 0.5454205870628357 12604
1751218834676 0.45141148567199707 12605
1751218835537 1.0385164022445679 12606
1751218836597 1.8231462240219116 12607
1751218837633 0.6434561610221863 12608
1751218838671 0.8072063326835632 12609
1751218839739 0.6342020630836487 12610
1751218840792 0.5794857144355774 12611
1751218841780 0.8333210945129395 12612
1751218842998 0.766247034072876 12613
1751218844071 0.825319230556488 12614
1751218845072 0.63573157787323 12615
1751218846084 0.7886338233947754 12616
1751218847087 0.7279226779937744 12617
1751218848097 1.0382914543151855 12618
1751218848956 1.0859508514404297 12619
1751218850036 0.6248449087142944 12620
1751218851062 0.5925223231315613 12621
1751218852294 1.020216703414917 12622
1751218853340 0.6093288660049438 12623
1751218854365 0.5459796786308289 12624
1751218855361 1.0410584211349487 12625
1751218856368 1.007340669631958 12626
1751218857374 0.9996782541275024 12627
1751218858513 0.5673702955245972 12628
1751218859551 0.38844186067581177 12629
1751218860809 0.7925580143928528 12630
1751218861674 0.38778814673423767 12631
1751218862731 0.8492199182510376 12632
1751218863784 0.7373248934745789 12633
1751218864637 0.5580984950065613 12634
1751218865651 1.0353225469589233 12635
1751218866642 0.8483148217201233 12636
1751218867674 0.8491184115409851 12637
1751218868717 0.6396512985229492 12638
1751218869949 0.5888451933860779 12639
1751218870937 0.8158589601516724 12640
1751218871984 0.8237415552139282 12641
1751218872981 0.9792829751968384 12642
1751218874003 0.66871577501297 12643
1751218875075 0.21350599825382233 12644
1751218875966 1.4264549016952515 12645
1751218876955 0.7132067680358887 12646
1751218878186 1.5132076740264893 12647
1751218879214 0.5059989094734192 12648
1751218880230 0.5161088109016418 12649
1751218881095 1.194869041442871 12650
1751218882097 0.7216938734054565 12651
1751218883164 0.7263267040252686 12652
1751218884184 1.2963714599609375 12653
1751218885048 1.099092721939087 12654
1751218886269 0.8181650042533875 12655
1751218887294 0.7552425265312195 12656
1751218888270 0.7208988070487976 12657
1751218889272 0.8823246359825134 12658
1751218890348 1.384879469871521 12659
1751218891187 2.5309979915618896 12660
1751218892158 1.0162783861160278 12661
1751218893197 0.6981843113899231 12662
1751218894218 1.108761191368103 12663
1751218895340 1.209875226020813 12664
1751218896332 1.2382615804672241 12665
1751218897350 0.9432994723320007 12666
1751218898350 0.9709597826004028 12667
1751218899378 0.9985231757164001 12668
1751218900398 0.590584397315979 12669
1751218901395 0.626175045967102 12670
1751218902398 0.7986297011375427 12671
1751218903756 0.864933431148529 12672
1751218904790 0.5147343873977661 12673
1751218905786 0.8950924277305603 12674
1751218906815 1.0568822622299194 12675
1751218907834 0.7021664977073669 12676
1751218908822 0.8031883239746094 12677
1751218909800 1.0628913640975952 12678
1751218910796 1.1607295274734497 12679
1751218911983 0.9182842373847961 12680
1751218912991 0.17484037578105927 12681
1751218913987 0.7603926658630371 12682
1751218914994 0.6070343852043152 12683
1751218916025 0.8302909731864929 12684
1751218917045 0.8661859631538391 12685
1751218918084 0.8171274065971375 12686
1751218919111 0.4662524163722992 12687
1751218920073 0.929632306098938 12688
1751218921336 0.44994983077049255 12689
1751218922359 0.7698444724082947 12690
1751218923387 0.8381794095039368 12691
1751218924397 0.493944376707077 12692
1751218925397 0.18928216397762299 12693
1751218926303 1.0466654300689697 12694
1751218927214 0.7741652131080627 12695
1751218928275 0.5932549238204956 12696
1751218929522 1.1441776752471924 12697
1751218930541 0.449881374835968 12698
1751218931542 0.7359878420829773 12699
1751218932551 0.5474808216094971 12700
1751218933535 0.4587407112121582 12701
1751218934540 1.0890394449234009 12702
1751218935562 0.8908023834228516 12703
1751218936606 0.6453856825828552 12704
1751218937884 0.7421199679374695 12705
1751218938913 0.9873350262641907 12706
1751218939969 1.0981687307357788 12707
1751218940990 0.794377863407135 12708
1751218942037 1.1772809028625488 12709
1751218942932 1.1739994287490845 12710
1751218943807 0.9076577425003052 12711
1751218944842 1.9734245538711548 12712
1751218945715 1.0369343757629395 12713
1751218946972 0.9207636713981628 12714
1751218947937 0.8619261980056763 12715
1751218948856 0.6684648394584656 12716
1751218949757 0.9395446181297302 12717
1751218950785 0.6333650946617126 12718
1751218951860 0.8298155665397644 12719
1751218952887 0.622844934463501 12720
1751218953914 1.102869987487793 12721
1751218955237 1.0128144025802612 12722
1751218956276 0.7478119730949402 12723
1751218957358 1.2217986583709717 12724
1751218958358 0.5156593918800354 12725
1751218959360 0.8247955441474915 12726
1751218960444 1.4559326171875 12727
1751218961340 1.146064043045044 12728
1751218962415 0.5171360969543457 12729
1751218963541 0.8179267048835754 12730
1751218964579 0.5627211928367615 12731
1751218965597 0.8289100527763367 12732
1751218966613 0.8869653940200806 12733
1751218967610 0.6356446146965027 12734
1751218968640 0.6355725526809692 12735
1751218969711 0.6482468843460083 12736
1751218970741 0.5188958048820496 12737
1751218971667 1.2280004024505615 12738
1751218972943 0.25392115116119385 12739
1751218973952 0.939265251159668 12740
1751218975040 0.729536771774292 12741
1751218976079 0.7279863953590393 12742
1751218977119 0.8615545630455017 12743
1751218978146 1.1383498907089233 12744
1751218979181 0.7683643698692322 12745
1751218980193 1.8732643127441406 12746
1751218981538 0.8056899309158325 12747
1751218982555 1.1070526838302612 12748
1751218983594 0.7297604084014893 12749
1751218984591 0.9287019968032837 12750
1751218985612 0.6943050026893616 12751
1751218986627 1.4106996059417725 12752
1751218987662 2.239941358566284 12753
1751218988752 0.7711597681045532 12754
1751218990150 0.8947234153747559 12755
1751218991051 0.6906898617744446 12756
1751218991895 0.8527206778526306 12757
1751218992904 1.4845579862594604 12758
1751218993950 0.9070958495140076 12759
1751218995005 0.697198212146759 12760
1751218996012 0.8310595750808716 12761
1751218996919 1.4999903440475464 12762
1751218997951 1.1862397193908691 12763
1751218999263 0.9750253558158875 12764
1751219000159 1.44160795211792 12765
1751219001178 0.5902432799339294 12766
1751219002066 0.27900463342666626 12767
1751219003086 1.0124454498291016 12768
1751219004133 0.95757657289505 12769
1751219005135 0.8705263137817383 12770
1751219006158 0.6478669047355652 12771
1751219007398 1.0022553205490112 12772
1751219008246 1.001266360282898 12773
1751219009312 1.1643339395523071 12774
1751219010363 0.7686566710472107 12775
1751219011379 0.7641362547874451 12776
1751219012487 0.8700175285339355 12777
1751219013489 0.7749748229980469 12778
1751219014500 0.6226357817649841 12779
1751219015765 0.6396190524101257 12780
1751219016784 0.9100732207298279 12781
1751219017822 0.35709330439567566 12782
1751219018808 1.8738689422607422 12783
1751219019805 0.8549976348876953 12784
1751219020694 0.8132566809654236 12785
1751219021701 0.44003283977508545 12786
1751219022683 1.1698904037475586 12787
1751219023692 0.796039879322052 12788
1751219024916 0.6543371677398682 12789
1751219025919 1.0506712198257446 12790
1751219026911 1.117475152015686 12791
1751219027967 0.4966370761394501 12792
1751219029028 1.0140098333358765 12793
1751219030036 1.8112725019454956 12794
1751219031077 0.6005711555480957 12795
1751219032109 0.5589345693588257 12796
1751219033389 1.1704155206680298 12797
1751219034299 1.3142726421356201 12798
1751219035299 1.223267912864685 12799
1751219036296 0.3144065737724304 12800
1751219037373 1.7626034021377563 12801
1751219038395 0.7296332716941833 12802
1751219039387 1.1269959211349487 12803
1751219040325 1.6487411260604858 12804
1751219041548 1.0241901874542236 12805
1751219042577 1.052689790725708 12806
1751219043616 0.840802013874054 12807
1751219044639 0.6989004015922546 12808
1751219045651 1.0802303552627563 12809
1751219046583 0.9107780456542969 12810
1751219047643 1.9495638608932495 12811
1751219048698 1.350763201713562 12812
1751219049726 0.6622175574302673 12813
1751219050947 0.6873871684074402 12814
1751219051935 1.123216986656189 12815
1751219053009 0.5332701802253723 12816
1751219054011 1.6761772632598877 12817
1751219055041 1.1939704418182373 12818
1751219056076 0.5913166403770447 12819
1751219057097 0.7761379480361938 12820
1751219058097 0.9261664748191833 12821
1751219059391 0.8544151186943054 12822
1751219060447 0.7950661778450012 12823
1751219061450 1.0438867807388306 12824
1751219062460 0.9055663347244263 12825
1751219063357 1.0645251274108887 12826
1751219064360 1.0753310918807983 12827
1751219065239 1.657650351524353 12828
1751219066283 0.6299394369125366 12829
1751219067492 0.8130682110786438 12830
1751219068476 0.608395516872406 12831
1751219069533 1.0589016675949097 12832
1751219070604 0.7460805773735046 12833
1751219071621 0.7179343700408936 12834
1751219072602 0.6084201335906982 12835
1751219073537 0.9014801979064941 12836
1751219074560 0.9320995211601257 12837
1751219075764 1.309433937072754 12838
1751219076826 1.308282494544983 12839
1751219077809 0.798923909664154 12840
1751219078859 0.615251898765564 12841
1751219079879 0.9060606360435486 12842
1751219080959 1.2875791788101196 12843
1751219081987 0.9300723075866699 12844
1751219083027 0.8919774889945984 12845
1751219084265 0.2553771734237671 12846
1751219085279 0.8246095776557922 12847
1751219086298 0.7192478179931641 12848
1751219087293 0.9268417358398438 12849
1751219088173 1.777682900428772 12850
1751219089209 0.6698933839797974 12851
1751219090224 0.24799318611621857 12852
1751219091314 0.8791167140007019 12853
1751219092583 1.0166717767715454 12854
1751219093613 0.8149675726890564 12855
1751219094667 1.2554099559783936 12856
1751219095711 0.4818905293941498 12857
1751219096721 0.6491829752922058 12858
1751219097768 0.9856457114219666 12859
1751219098762 0.6673984527587891 12860
1751219099849 1.1123946905136108 12861
1751219101123 1.0092428922653198 12862
1751219102137 0.9852958917617798 12863
1751219103174 0.6748985052108765 12864
1751219104192 0.5298039317131042 12865
1751219105217 0.6884369254112244 12866
1751219106253 1.1663826704025269 12867
1751219107288 0.6681817173957825 12868
1751219108307 1.0840263366699219 12869
1751219109629 0.8951700329780579 12870
1751219110661 0.5483523607254028 12871
1751219111695 0.8814817667007446 12872
1751219112675 0.9514326453208923 12873
1751219113681 0.5258625149726868 12874
1751219114565 0.6363658308982849 12875
1751219115558 0.1842026263475418 12876
1751219116395 0.69325190782547 12877
1751219117643 0.6290596723556519 12878
1751219118664 0.6731173396110535 12879
1751219119553 0.8703185319900513 12880
1751219120592 0.913930356502533 12881
1751219121607 0.7292255759239197 12882
1751219122708 0.5728033185005188 12883
1751219123733 0.3923189342021942 12884
1751219124743 1.249110221862793 12885
1751219125969 1.5440311431884766 12886
1751219126994 0.907131552696228 12887
1751219127995 1.103619933128357 12888
1751219129007 0.9014308452606201 12889
1751219130023 1.0426139831542969 12890
1751219131067 0.4015868306159973 12891
1751219131967 1.691992163658142 12892
1751219133010 0.516211211681366 12893
1751219134286 0.7855609059333801 12894
1751219135333 0.45384469628334045 12895
1751219136332 1.1103730201721191 12896
1751219137378 0.7492333650588989 12897
1751219138371 0.8316506743431091 12898
1751219139402 0.9719247817993164 12899
1751219140430 1.0835522413253784 12900
1751219141514 0.6614259481430054 12901
1751219142778 0.6754316687583923 12902
1751219143888 1.607245683670044 12903
1751219144941 1.1317112445831299 12904
1751219145966 0.6540777087211609 12905
1751219147030 0.5730717778205872 12906
1751219148048 0.7882811427116394 12907
1751219149052 1.2565547227859497 12908
1751219150045 0.8183607459068298 12909
1751219151323 0.7527089715003967 12910
1751219152318 0.5359179973602295 12911
1751219153390 0.6092507839202881 12912
1751219154443 0.8866378664970398 12913
1751219155479 0.8767847418785095 12914
1751219156503 0.5209536552429199 12915
1751219157553 0.9794654250144958 12916
1751219158466 1.973587989807129 12917
1751219159711 1.6228364706039429 12918
1751219160774 0.6102529764175415 12919
1751219161675 1.068308711051941 12920
1751219162755 0.7156981825828552 12921
1751219163760 1.3525044918060303 12922
1751219164650 2.0226471424102783 12923
1751219165743 0.7340812683105469 12924
1751219166766 0.9220962524414062 12925
1751219168080 1.5434534549713135 12926
1751219169109 1.0446882247924805 12927
1751219170123 0.5394476056098938 12928
1751219171143 0.08927053213119507 12929
1751219172160 0.5209214091300964 12930
1751219173190 0.5363119840621948 12931
1751219174261 0.8579463958740234 12932
1751219175242 0.5977429747581482 12933
1751219176440 0.922427773475647 12934
1751219177460 0.32230430841445923 12935
1751219178459 0.6656649112701416 12936
1751219179508 0.25856953859329224 12937
1751219180542 1.0670578479766846 12938
1751219181590 1.256354570388794 12939
1751219182614 0.860913097858429 12940
1751219183640 0.6287053227424622 12941
1751219184952 0.8110710382461548 12942
1751219185969 0.9698039889335632 12943
1751219186951 0.6276894807815552 12944
1751219188111 0.5295217037200928 12945
1751219189150 0.8287504315376282 12946
1751219190170 0.77178555727005 12947
1751219191196 0.4907835125923157 12948
1751219192238 0.5144582390785217 12949
1751219193448 0.8327664732933044 12950
1751219194325 0.6881654262542725 12951
1751219195404 0.8532100915908813 12952
1751219196465 1.3425787687301636 12953
1751219197517 0.6326766610145569 12954
1751219198539 0.7809500098228455 12955
1751219199461 0.659225583076477 12956
1751219200492 1.2529127597808838 12957
1751219201799 0.03542877733707428 12958
1751219202677 0.702065646648407 12959
1751219203590 0.9622188806533813 12960
1751219204635 1.0034204721450806 12961
1751219205663 1.301146388053894 12962
1751219206662 0.6934390664100647 12963
1751219207700 0.7562767267227173 12964
1751219208770 0.990267276763916 12965
1751219210017 0.7741934657096863 12966
1751219211049 0.9416640400886536 12967
1751219212094 0.6663769483566284 12968
1751219213127 0.9119555354118347 12969
1751219214199 1.1361626386642456 12970
1751219215225 0.9635539054870605 12971
1751219216262 0.5780466794967651 12972
1751219217308 0.7161351442337036 12973
1751219218561 1.6485649347305298 12974
1751219219556 0.6946628093719482 12975
1751219220596 1.0002411603927612 12976
1751219221620 0.9290165901184082 12977
1751219222645 0.8444534540176392 12978
1751219223678 0.8849218487739563 12979
1751219224671 0.8985191583633423 12980
1751219225747 0.8957950472831726 12981
1751219227015 0.9268394708633423 12982
1751219228041 0.9265004992485046 12983
1751219229125 0.6392701268196106 12984
1751219229983 1.0910310745239258 12985
1751219230999 0.5179988741874695 12986
1751219232031 0.45557838678359985 12987
1751219232896 1.0466805696487427 12988
1751219233979 0.7557074427604675 12989
1751219235241 0.8134477734565735 12990
1751219236277 1.3765699863433838 12991
1751219237272 0.6245079040527344 12992
1751219238269 0.16556869447231293 12993
1751219239334 1.2101835012435913 12994
1751219240358 0.6850340366363525 12995
1751219241347 0.9457546472549438 12996
1751219242226 0.18119557201862335 12997
1751219243489 0.8078863024711609 12998
1751219244516 0.4161542057991028 12999
1751219245512 1.1695102453231812 13000
1751219246547 1.3777612447738647 13001
1751219247562 0.7140459418296814 13002
1751219248473 0.609988808631897 13003
1751219249469 0.7938064336776733 13004
1751219250512 0.7781979441642761 13005
1751219251506 0.46035128831863403 13006
1751219252600 0.8969718813896179 13007
1751219253638 0.6394032835960388 13008
1751219254625 0.7721462845802307 13009
1751219255625 0.7685763239860535 13010
1751219256677 0.5527682304382324 13011
1751219257747 0.6538362503051758 13012
1751219258778 0.8619439005851746 13013
1751219259812 1.2395492792129517 13014
1751219261092 1.1225366592407227 13015
1751219262101 0.5463801026344299 13016
1751219263171 0.6621444225311279 13017
1751219264197 0.8708200454711914 13018
1751219265276 0.9725539088249207 13019
1751219266330 0.7929430603981018 13020
1751219267397 1.3851521015167236 13021
1751219268403 1.0804589986801147 13022
1751219269721 0.5484763979911804 13023
1751219270790 1.2441949844360352 13024
1751219271838 1.1087895631790161 13025
1751219272832 0.8707405924797058 13026
1751219273840 1.3743098974227905 13027
1751219274726 1.144426703453064 13028
1751219275787 0.4930412471294403 13029
1751219276814 0.6552859544754028 13030
1751219278091 1.072023630142212 13031
1751219279140 1.0802892446517944 13032
1751219280182 0.5944326519966125 13033
1751219281122 0.8788583874702454 13034
1751219282139 0.7455542683601379 13035
1751219283271 0.6740440726280212 13036
1751219284340 0.49550196528434753 13037
1751219285366 0.8505660891532898 13038
1751219286629 0.8538526892662048 13039
1751219287657 0.7753438353538513 13040
1751219288739 1.0361980199813843 13041
1751219289769 1.1588807106018066 13042
1751219290809 0.9469699859619141 13043
1751219291855 0.6622594594955444 13044
1751219292872 0.8894924521446228 13045
1751219293797 0.9804291725158691 13046
1751219295073 0.4912533760070801 13047
1751219296105 0.4274159371852875 13048
1751219297159 0.5117465257644653 13049
1751219298174 0.14994461834430695 13050
1751219299258 0.7102155685424805 13051
1751219300248 0.6967615485191345 13052
1751219301295 0.5428591966629028 13053
1751219302301 0.8771668672561646 13054
1751219303615 0.6908336877822876 13055
1751219304634 0.8562908172607422 13056
1751219305696 0.6345216631889343 13057
1751219306871 0.19590312242507935 13058
1751219307895 0.6766743659973145 13059
1751219308935 0.8681671023368835 13060
1751219309982 0.7166141867637634 13061
1751219311010 0.9266816973686218 13062
1751219312304 0.7346128821372986 13063
1751219313370 0.8317834734916687 13064
1751219314443 1.0369958877563477 13065
1751219315472 0.6162850260734558 13066
1751219316536 0.6938614249229431 13067
1751219317445 1.5595999956130981 13068
1751219318481 1.1681371927261353 13069
1751219319344 0.6374333500862122 13070
1751219320488 0.9948372840881348 13071
1751219321363 1.8023197650909424 13072
1751219322280 0.9246935248374939 13073
1751219323317 1.1033698320388794 13074
1751219324223 1.618180274963379 13075
1751219325273 0.9379802942276001 13076
1751219326296 0.7078205347061157 13077
1751219327332 0.8657546043395996 13078
1751219328431 1.373914361000061 13079
1751219329488 0.9739150404930115 13080
1751219330514 0.7033397555351257 13081
1751219331594 0.8126310706138611 13082
1751219332629 0.420015424489975 13083
1751219333695 0.937954843044281 13084
1751219334723 0.8351712226867676 13085
1751219335750 0.5419081449508667 13086
1751219337006 0.6488440036773682 13087
1751219337932 1.13227117061615 13088
1751219338975 0.5175503492355347 13089
1751219339993 0.8411617279052734 13090
1751219341053 0.6302428245544434 13091
1751219342133 0.659413754940033 13092
1751219343165 1.3401033878326416 13093
1751219344166 0.5683254599571228 13094
1751219345498 0.9707836508750916 13095
1751219346528 0.5161182284355164 13096
1751219347590 0.6692954897880554 13097
1751219348647 0.425447553396225 13098
1751219349713 1.7522311210632324 13099
1751219350765 0.911881148815155 13100
1751219351798 1.0445475578308105 13101
1751219352840 0.5374078750610352 13102
1751219353871 1.16385018825531 13103
1751219355120 0.601148784160614 13104
1751219356130 0.8566185832023621 13105
1751219357217 0.07205738872289658 13106
1751219358275 0.9209057688713074 13107
1751219359133 1.8001606464385986 13108
1751219360181 0.959028422832489 13109
1751219361086 1.3561819791793823 13110
1751219362132 0.5746209025382996 13111
1751219363412 0.8985654711723328 13112
1751219364416 0.8005737662315369 13113
1751219365466 0.7378602027893066 13114
1751219366311 1.0601507425308228 13115
1751219367340 1.4131611585617065 13116
1751219368390 1.1377100944519043 13117
1751219369500 1.0416077375411987 13118
1751219370388 1.8052313327789307 13119
1751219371654 0.7101916670799255 13120
1751219372735 1.235984444618225 13121
1751219373757 1.1577657461166382 13122
1751219374783 0.6275298595428467 13123
1751219375875 0.728203296661377 13124
1751219376909 1.6471885442733765 13125
1751219377952 0.7148306965827942 13126
1751219379008 0.5510506629943848 13127
1751219380285 0.8202173113822937 13128
1751219381315 0.6420521140098572 13129
1751219382330 0.8159896731376648 13130
1751219383364 1.2261203527450562 13131
1751219384404 0.2803003489971161 13132
1751219385427 0.6144728064537048 13133
1751219386353 2.014193058013916 13134
1751219387391 0.9710845947265625 13135
1751219388619 0.5897301435470581 13136
1751219389668 0.6864544749259949 13137
1751219390742 0.8081579804420471 13138
1751219391797 1.9249136447906494 13139
1751219392797 0.6527294516563416 13140
1751219393840 0.7191985845565796 13141
1751219394854 0.8481549620628357 13142
1751219395741 0.6280156970024109 13143
1751219397034 0.5857633948326111 13144
1751219398021 0.04550928249955177 13145
1751219399053 1.155077576637268 13146
1751219400047 1.1863534450531006 13147
1751219401046 0.9540354013442993 13148
1751219402081 0.6319476366043091 13149
1751219403148 0.8184871077537537 13150
1751219404195 0.48935624957084656 13151
1751219405466 0.6222417950630188 13152
1751219406459 0.45916301012039185 13153
1751219407496 0.5799503326416016 13154
1751219408529 1.4083913564682007 13155
1751219409600 1.0071004629135132 13156
1751219410606 0.7858725190162659 13157
1751219411669 0.4895903170108795 13158
1751219412758 0.9894486665725708 13159
1751219414001 0.9540376663208008 13160
1751219415096 0.6195594668388367 13161
1751219416116 0.994280993938446 13162
1751219417176 1.093471884727478 13163
1751219418073 1.587080955505371 13164
1751219419134 0.6305723190307617 13165
1751219420222 1.584107518196106 13166
1751219421281 0.7539302706718445 13167
1751219422538 1.51775062084198 13168
1751219423721 0.9005396962165833 13169
1751219424729 0.3046487867832184 13170
1751219426153 0.602135419845581 13171
1751219427194 0.7306001782417297 13172
1751219430000 0.9806085824966431 13173
1751219431076 0.6283842921257019 13174
1751219432106 0.9990530014038086 13175
1751219433394 0.7798404693603516 13176
1751219434451 0.9427897334098816 13177
1751219435500 1.0287270545959473 13178
1751219438370 0.6702795624732971 13179
1751219440036 0.665260374546051 13180
1751219441050 1.3156318664550781 13181
1751219442079 1.15117347240448 13182
1751219443113 0.4753247797489166 13183
1751219444392 0.3911888599395752 13184
1751219447459 0.564102292060852 13185
1751219448818 0.8233957290649414 13186
1751219449829 0.4667433798313141 13187
1751219450870 1.6970059871673584 13188
1751219453655 1.041980266571045 13189
1751219455421 1.0553051233291626 13190
1751219456668 0.546301543712616 13191
1751219457919 1.3531900644302368 13192
1751219458917 0.06362322717905045 13193
1751219459915 0.5552435517311096 13194
1751219460939 1.6742767095565796 13195
1751219461963 1.3302639722824097 13196
1751219462988 0.6365365386009216 13197
1751219464000 1.0613170862197876 13198
1751219464986 0.840087890625 13199
1751219466236 0.5192704200744629 13200
1751219467269 0.7873198390007019 13201
1751219468388 0.6101904511451721 13202
1751219469436 0.8648306727409363 13203
1751219470451 1.0353893041610718 13204
1751219471474 0.9694118499755859 13205
1751219472477 1.0971639156341553 13206
1751219473511 0.8105890154838562 13207
1751219474932 0.8514817357063293 13208
1751219475948 0.5869203805923462 13209
1751219476957 0.5182463526725769 13210
1751219477974 0.7484109401702881 13211
1751219478988 0.7994350790977478 13212
1751219480057 0.687683641910553 13213
1751219481112 0.9606925845146179 13214
1751219481996 1.0889275074005127 13215
1751219483264 1.2109140157699585 13216
1751219484279 0.7131568193435669 13217
1751219485303 1.0108381509780884 13218
1751219486336 0.6861473321914673 13219
1751219487240 0.8829736709594727 13220
1751219488244 0.8232449889183044 13221
1751219489295 0.8470263481140137 13222
1751219490347 0.6308423280715942 13223
1751219491613 0.9844359159469604 13224
1751219492688 0.812049388885498 13225
1751219493584 1.275698184967041 13226
1751219494607 0.9846506118774414 13227
1751219495461 1.434008002281189 13228
1751219496347 0.7311221361160278 13229
1751219497401 0.9468583464622498 13230
1751219498402 0.8749526143074036 13231
1751219499427 1.134376883506775 13232
1751219500662 0.6166208386421204 13233
1751219501692 2.4540915489196777 13234
1751219502738 1.302088975906372 13235
1751219503780 0.6151952743530273 13236
1751219504856 0.8336154818534851 13237
1751219505876 0.7342384457588196 13238
1751219506880 0.6600435972213745 13239
1751219507941 0.6504803895950317 13240
1751219509197 0.536453366279602 13241
1751219510206 0.7154392600059509 13242
1751219511217 1.335218071937561 13243
1751219512296 0.595476508140564 13244
1751219513316 0.37479281425476074 13245
1751219514385 0.6094852685928345 13246
1751219515286 1.1661700010299683 13247
1751219516311 0.9317347407341003 13248
1751219517602 1.0905202627182007 13249
1751219518629 0.9294925928115845 13250
1751219519532 0.9866346716880798 13251
1751219520560 0.980449378490448 13252
1751219521566 0.520958423614502 13253
1751219522602 1.072068452835083 13254
1751219523674 1.0583242177963257 13255
1751219524551 0.7371674180030823 13256
1751219525979 0.816727340221405 13257
1751219530005 1.223649024963379 13258
1751219531052 0.9819187521934509 13259
1751219532148 0.1764029562473297 13260
1751219533178 0.623893678188324 13261
1751219534040 1.0199532508850098 13262
1751219534947 0.976108729839325 13263
1751219538488 0.40341195464134216 13264
1751219539925 0.9033357501029968 13265
1751219540935 1.381317138671875 13266
1751219542003 0.6957361698150635 13267
1751219542874 2.0940513610839844 13268
1751219546067 0.7151697278022766 13269
1751219547243 0.6840893626213074 13270
1751219548698 0.7245491743087769 13271
1751219549812 0.6829298138618469 13272
1751219551524 0.8984121680259705 13273
1751219552553 0.7473659515380859 13274
1751219554258 0.6730116605758667 13275
1751219555198 1.0906349420547485 13276
1751219556231 0.7409295439720154 13277
1751219557229 0.8610421419143677 13278
1751219558296 1.12259840965271 13279
1751219559356 0.7383736968040466 13280
1751219560620 0.8635280728340149 13281
1751219561491 1.0536961555480957 13282
1751219562510 0.5307431817054749 13283
1751219563556 0.5579138398170471 13284
1751219564626 0.653568685054779 13285
1751219565649 0.5620395541191101 13286
1751219566662 0.6261320114135742 13287
1751219567725 1.0697832107543945 13288
1751219568984 0.6972916722297668 13289
1751219570061 0.8555355072021484 13290
1751219571071 0.5543123483657837 13291
1751219572090 1.2945955991744995 13292
1751219573112 0.9963786005973816 13293
1751219574011 1.440950632095337 13294
1751219575034 0.8036602139472961 13295
1751219576103 0.891141414642334 13296
1751219577373 0.6305752992630005 13297
1751219578408 0.9465494155883789 13298
1751219579485 1.6243488788604736 13299
1751219580512 0.7512301802635193 13300
1751219581601 0.596262514591217 13301
1751219582590 0.8139068484306335 13302
1751219583624 0.8690563440322876 13303
1751219584648 0.8108835220336914 13304
1751219585886 1.0761497020721436 13305
1751219586896 1.375015139579773 13306
1751219587935 0.7387992143630981 13307
1751219588872 1.042307734489441 13308
1751219589941 0.6233142018318176 13309
1751219590984 0.9738674163818359 13310
1751219592047 0.7597838044166565 13311
1751219593086 1.6949948072433472 13312
1751219594265 0.9780045747756958 13313
1751219595258 0.7428047060966492 13314
1751219596361 3.7287652492523193 13315
1751219597377 0.7676653265953064 13316
1751219598368 0.6463755965232849 13317
1751219599381 0.5167128443717957 13318
1751219600396 0.7815762758255005 13319
1751219601461 0.34754353761672974 13320
1751219602840 0.8124209642410278 13321
1751219603914 0.6082372665405273 13322
1751219604916 0.7322770357131958 13323
1751219605936 0.7623626589775085 13324
1751219606987 0.4591841399669647 13325
1751219607991 0.7912474870681763 13326
1751219609015 0.9425823092460632 13327
1751219610027 1.3986977338790894 13328
1751219611272 0.8541175723075867 13329
1751219612174 1.6200429201126099 13330
1751219613218 0.8712301254272461 13331
1751219614219 0.8511541485786438 13332
1751219615265 1.0923844575881958 13333
1751219616314 0.5133988261222839 13334
1751219617381 0.9826304316520691 13335
1751219618394 0.9989382028579712 13336
1751219619730 0.8816654086112976 13337
1751219620746 0.910128116607666 13338
1751219621610 1.0422282218933105 13339
1751219622655 0.855647087097168 13340
1751219623670 0.570910632610321 13341
1751219624730 0.6065922975540161 13342
1751219625753 1.6799942255020142 13343
1751219626761 0.6825467944145203 13344
1751219628047 1.2767553329467773 13345
1751219629097 1.0705126523971558 13346
1751219630086 0.7052266001701355 13347
1751219631155 2.2705159187316895 13348
1751219632181 0.7193465232849121 13349
1751219633227 0.8318686485290527 13350
1751219634222 0.8770813345909119 13351
1751219635251 0.9017203450202942 13352
1751219636507 0.6129761934280396 13353
1751219637549 0.888185441493988 13354
1751219638445 0.9504179358482361 13355
1751219639481 0.5926283001899719 13356
1751219640478 2.4113473892211914 13357
1751219641513 0.8703022003173828 13358
1751219642534 0.586253821849823 13359
1751219643547 0.6485965251922607 13360
1751219644824 0.6816040277481079 13361
1751219645872 0.4978535771369934 13362
1751219646886 0.6472348570823669 13363
1751219647746 0.761350154876709 13364
1751219648626 1.7265064716339111 13365
1751219649677 0.6649648547172546 13366
1751219650791 1.1160080432891846 13367
1751219651781 0.7205483317375183 13368
1751219653045 0.7879937291145325 13369
1751219653936 1.0905154943466187 13370
1751219654942 2.616244316101074 13371
1751219655971 0.8680725693702698 13372
1751219657001 0.6882990002632141 13373
1751219658031 0.8074547052383423 13374
1751219659046 1.5267143249511719 13375
1751219660055 0.9955906271934509 13376
1751219661408 0.8572235107421875 13377
1751219662416 0.968824028968811 13378
1751219663273 1.2712876796722412 13379
1751219664291 0.9876995086669922 13380
1751219665296 1.0323612689971924 13381
1751219666310 1.1143138408660889 13382
1751219667349 0.823810875415802 13383
1751219668351 0.6776601672172546 13384
1751219669660 0.5162686109542847 13385
1751219670659 1.0904263257980347 13386
1751219671713 0.6827509999275208 13387
1751219672645 2.046588659286499 13388
1751219673680 0.6089385151863098 13389
1751219674728 0.5587558746337891 13390
1751219675769 0.9944199919700623 13391
1751219676852 0.6159762144088745 13392
1751219678189 0.48296600580215454 13393
1751219679209 0.6548119783401489 13394
1751219680216 0.6111131906509399 13395
1751219681246 0.6859791874885559 13396
1751219682266 1.2248820066452026 13397
1751219683157 0.5702776908874512 13398
1751219684237 0.7679623961448669 13399
1751219685542 0.7656531929969788 13400
1751219686628 0.850099503993988 13401
1751219687569 1.1993427276611328 13402
1751219688593 0.9911981821060181 13403
1751219689623 0.764072060585022 13404
1751219690663 0.6588432192802429 13405
1751219691690 0.5735195875167847 13406
1751219692722 0.7765489816665649 13407
1751219694044 0.5491068959236145 13408
1751219695078 1.2525677680969238 13409
1751219696069 0.743344247341156 13410
1751219697124 0.8234192728996277 13411
1751219698169 0.9880666732788086 13412
1751219699173 0.5849565863609314 13413
1751219700208 0.8780378699302673 13414
1751219701277 0.5323305130004883 13415
1751219702569 0.7449278235435486 13416
1751219703565 0.7273557782173157 13417
1751219704662 0.8895952105522156 13418
1751219705660 1.0073864459991455 13419
1751219706511 1.0648307800292969 13420
1751219707368 1.4789766073226929 13421
1751219708235 0.5819316506385803 13422
1751219709235 0.480745792388916 13423
1751219710586 0.7047096490859985 13424
1751219711642 0.7306461334228516 13425
1751219712684 0.6398617029190063 13426
1751219713737 0.7898275256156921 13427
1751219714760 0.560041069984436 13428
1751219715795 1.126900315284729 13429
1751219716851 0.6773518323898315 13430
1751219717885 0.9725451469421387 13431
1751219719198 0.7752569317817688 13432
1751219720234 1.3174834251403809 13433
1751219721346 0.7463732957839966 13434
1751219722353 0.6948151588439941 13435
1751219723387 0.5721226930618286 13436
1751219724468 0.923380970954895 13437
1751219725509 1.3665282726287842 13438
1751219726570 0.7418493628501892 13439
1751219727881 1.2128676176071167 13440
1751219728897 0.7485899329185486 13441
1751219729888 0.923369824886322 13442
1751219730934 0.718863308429718 13443
1751219731958 0.7550188899040222 13444
1751219732966 0.7610228657722473 13445
1751219734312 0.9133550524711609 13446
1751219735587 0.6315122842788696 13447
1751219736627 0.8473934531211853 13448
1751219737664 1.7431598901748657 13449
1751219738716 0.9663397073745728 13450
1751219739786 0.838183581829071 13451
1751219740800 1.717665672302246 13452
1751219741869 0.506530225276947 13453
1751219742897 0.9780630469322205 13454
1751219744164 1.1946334838867188 13455
1751219745211 1.5118333101272583 13456
1751219746233 1.165361762046814 13457
1751219747305 1.069043755531311 13458
1751219748302 0.5721392035484314 13459
1751219749324 1.613463044166565 13460
1751219750335 0.5688832402229309 13461
1751219751351 0.8432790040969849 13462
1751219752621 0.6458186507225037 13463
1751219753628 1.1830933094024658 13464
1751219754680 0.5732309222221375 13465
1751219755733 0.5503138303756714 13466
1751219756797 0.7961341738700867 13467
1751219757807 0.8019420504570007 13468
1751219758816 0.8993198275566101 13469
1751219759852 0.866269052028656 13470
1751219761149 0.7634637951850891 13471
1751219762234 1.0693848133087158 13472
1751219763268 0.5256328582763672 13473
1751219764338 0.6427689790725708 13474
1751219765392 0.5253199934959412 13475
1751219766416 0.6646230220794678 13476
1751219767430 1.4424558877944946 13477
1751219768488 1.7051035165786743 13478
1751219769797 1.2072275876998901 13479
1751219770831 1.0943071842193604 13480
1751219771856 1.0365009307861328 13481
1751219772889 0.661446750164032 13482
1751219773965 0.6768964529037476 13483
1751219774999 1.2519149780273438 13484
1751219776073 0.9664539694786072 13485
1751219777130 0.7235924005508423 13486
1751219778402 1.050443410873413 13487
1751219779439 1.9555517435073853 13488
1751219780465 1.3096195459365845 13489
1751219781561 0.6769620776176453 13490
1751219782589 0.2941707968711853 13491
1751219783631 0.48676902055740356 13492
1751219784668 0.8029356002807617 13493
1751219785973 1.0960031747817993 13494
1751219786992 0.6498268246650696 13495
1751219788056 1.2968533039093018 13496
1751219789185 0.483189195394516 13497
1751219790201 0.6273567080497742 13498
1751219791221 0.8615374565124512 13499
1751219792106 1.0504502058029175 13500
1751219793104 0.9214922189712524 13501
1751219794463 0.842939555644989 13502
1751219795531 0.894001305103302 13503
1751219796575 0.8005682229995728 13504
1751219797619 0.8448764681816101 13505
1751219798673 0.5416119694709778 13506
1751219799690 0.5560933947563171 13507
1751219800756 0.5494462251663208 13508
1751219801770 0.5899494290351868 13509
1751219802898 1.3661807775497437 13510
1751219803945 0.6704923510551453 13511
1751219804997 0.5469136238098145 13512
1751219806086 0.3849889934062958 13513
1751219807143 0.6322129368782043 13514
1751219808189 2.5002360343933105 13515
1751219809210 0.710829496383667 13516
1751219810464 0.6480210423469543 13517
1751219811503 0.6765155792236328 13518
1751219812501 1.0195468664169312 13519
1751219813379 1.3501074314117432 13520
1751219814437 1.40278160572052 13521
1751219815490 0.8279051184654236 13522
1751219816492 1.040327787399292 13523
1751219817521 0.7956461310386658 13524
1751219818764 0.7237885594367981 13525
1751219819782 0.816383957862854 13526
1751219820787 0.5987483859062195 13527
1751219821868 0.9131712317466736 13528
1751219822925 0.6140435338020325 13529
1751219823991 1.0360815525054932 13530
1751219824895 1.0211126804351807 13531
1751219825957 0.5624362826347351 13532
1751219827229 1.0478419065475464 13533
1751219828221 1.6547497510910034 13534
1751219829231 0.7257973551750183 13535
1751219830253 0.8448072671890259 13536
1751219831274 0.6674352884292603 13537
1751219832335 1.3819174766540527 13538
1751219833366 0.5110028386116028 13539
1751219834417 0.5819361805915833 13540
1751219835691 0.7560654878616333 13541
1751219836693 0.7747859954833984 13542
1751219837702 0.2392646223306656 13543
1751219838735 1.1825388669967651 13544
1751219839742 0.4900871813297272 13545
1751219840774 0.6431556344032288 13546
1751219841816 0.9196683168411255 13547
1751219842870 1.0024670362472534 13548
1751219844164 0.9810459017753601 13549
1751219845192 1.4180078506469727 13550
1751219846068 2.2963216304779053 13551
1751219847126 0.7163127660751343 13552
1751219848153 0.702851414680481 13553
1751219849207 0.5588461756706238 13554
1751219850204 1.2026275396347046 13555
1751219851082 0.987847626209259 13556
1751219852369 0.7295080423355103 13557
1751219853381 0.6950192451477051 13558
1751219854422 1.016129493713379 13559
1751219855437 0.8907339572906494 13560
1751219856554 1.0838145017623901 13561
1751219857585 0.8866678476333618 13562
1751219858618 0.9787281155586243 13563
1751219859637 0.585119903087616 13564
1751219861005 0.8392732739448547 13565
1751219862007 0.7991027235984802 13566
1751219863042 1.0993479490280151 13567
1751219864092 1.161676287651062 13568
1751219865150 1.016653299331665 13569
1751219866184 0.7832262516021729 13570
1751219867094 2.603633165359497 13571
1751219868377 0.9192383885383606 13572
1751219869374 1.4911209344863892 13573
1751219870436 0.8030765652656555 13574
1751219871490 0.8694056868553162 13575
1751219872536 0.697961688041687 13576
1751219873574 0.6655036807060242 13577
1751219874614 0.605617344379425 13578
1751219875625 0.953549325466156 13579
1751219876970 0.9664827585220337 13580
1751219878029 0.6886672377586365 13581
1751219879049 0.7273538708686829 13582
1751219880104 0.871222972869873 13583
1751219881155 0.8542717099189758 13584
1751219882178 0.44737622141838074 13585
1751219883234 0.6380237936973572 13586
1751219884306 1.4553356170654297 13587
1751219885561 0.8240957260131836 13588
1751219886574 0.7146874666213989 13589
1751219887583 0.602104902267456 13590
1751219888590 0.7473868727684021 13591
1751219889605 0.6246430277824402 13592
1751219890666 0.7088255882263184 13593
1751219891705 0.8848975896835327 13594
1751219892749 0.4903237521648407 13595
1751219894111 0.6252431273460388 13596
1751219895159 1.0631557703018188 13597
1751219896231 0.6437315344810486 13598
1751219897257 0.4963541030883789 13599
1751219898286 0.7489179968833923 13600
1751219899342 0.842779815196991 13601
1751219900354 0.6743615865707397 13602
1751219901283 0.8715815544128418 13603
1751219902528 0.2846008539199829 13604
1751219903606 0.41000139713287354 13605
1751219904660 0.7195186614990234 13606
1751219905707 1.1460394859313965 13607
1751219906755 1.0099509954452515 13608
1751219907804 1.25026535987854 13609
1751219908833 0.8276316523551941 13610
1751219909865 0.759910523891449 13611
1751219911147 0.5717825293540955 13612
1751219912229 1.3300808668136597 13613
1751219913232 1.1057380437850952 13614
1751219914133 0.891818642616272 13615
1751219915179 1.2898333072662354 13616
1751219916210 0.4996635615825653 13617
1751219917302 0.8958948254585266 13618
1751219918587 0.5725744366645813 13619
1751219919613 1.0028265714645386 13620
1751219920645 0.9356972575187683 13621
1751219921703 0.9145070910453796 13622
1751219922743 0.7963754534721375 13623
1751219923760 0.6480090022087097 13624
1751219924815 0.9384036064147949 13625
1751219925881 0.9025824069976807 13626
1751219927176 0.6431841850280762 13627
1751219928195 0.5351992845535278 13628
1751219929198 0.6795868277549744 13629
1751219930073 0.9144482016563416 13630
1751219931082 0.7971089482307434 13631
1751219932039 0.8292185068130493 13632
1751219933095 0.4918060302734375 13633
1751219934007 0.9809848666191101 13634
1751219935214 0.8586289286613464 13635
1751219936277 0.536638081073761 13636
1751219937306 0.8127614855766296 13637
1751219938354 0.8799954652786255 13638
1751219939370 0.3647248446941376 13639
1751219940451 0.9459312558174133 13640
1751219941518 1.1355942487716675 13641
1751219942534 0.8041383624076843 13642
1751219943790 1.0913528203964233 13643
1751219944859 0.6910508275032043 13644
1751219945904 0.6064551472663879 13645
1751219946820 1.008021593093872 13646
1751219947770 1.0156058073043823 13647
1751219948883 0.6783475279808044 13648
1751219949926 0.03726893663406372 13649
1751219950958 1.39801025390625 13650
1751219952280 1.1318162679672241 13651
1751219953330 1.2663711309432983 13652
1751219954388 0.8287531137466431 13653
1751219955441 0.633995532989502 13654
1751219956485 0.7120577692985535 13655
1751219957505 1.0581684112548828 13656
1751219958548 0.08509493619203568 13657
1751219959601 0.735785961151123 13658
1751219960886 0.6513152718544006 13659
1751219961794 0.3886197805404663 13660
1751219962808 0.7868046760559082 13661
1751219963863 1.2007813453674316 13662
1751219964891 0.7692269682884216 13663
1751219965945 1.2535159587860107 13664
1751219966979 0.8230400085449219 13665
1751219968385 1.9505192041397095 13666
1751219969404 1.7062667608261108 13667
1751219970533 0.8492356538772583 13668
1751219971590 0.6544724702835083 13669
1751219972678 1.1963995695114136 13670
1751219973613 1.4714252948760986 13671
1751219974610 0.7387072443962097 13672
1751219975646 0.5657042860984802 13673
1751219976957 0.6189085841178894 13674
1751219977877 0.8373283743858337 13675
1751219978923 1.265323281288147 13676
1751219979814 0.8941192626953125 13677
1751219980850 1.0193136930465698 13678
1751219981753 1.1067613363265991 13679
1751219982769 0.9557153582572937 13680
1751219983779 1.0589046478271484 13681
1751219985071 0.751882016658783 13682
1751219986157 0.6557499766349792 13683
1751219987175 0.9489757418632507 13684
1751219988214 0.7587864398956299 13685
1751219989243 0.9303158521652222 13686
1751219990376 1.1109936237335205 13687
1751219991509 0.7318241596221924 13688
1751219992564 0.4906482696533203 13689
1751219993909 1.9964735507965088 13690
1751219995105 0.6316977739334106 13691
1751219996057 1.0361251831054688 13692
1751219998890 0.5964638590812683 13693
1751220000009 1.319205641746521 13694
1751220001009 0.37519481778144836 13695
1751220002087 0.4912576377391815 13696
1751220003097 0.6287820935249329 13697
1751220004424 1.0314472913742065 13698
1751220006567 0.7343484163284302 13699
1751220009088 1.1900064945220947 13700
1751220010166 0.7720848917961121 13701
1751220011190 0.7147763967514038 13702
1751220012219 0.9043709635734558 13703
1751220013274 0.6383199691772461 13704
1751220014634 0.8603561520576477 13705
1751220018047 1.4710066318511963 13706
1751220019089 0.38103577494621277 13707
1751220020587 0.5147197842597961 13708
1751220022901 0.9068750739097595 13709
1751220023922 1.1187725067138672 13710
1751220025788 0.6412711143493652 13711
1751220026835 0.7022788524627686 13712
1751220028107 0.7094008326530457 13713
1751220029157 0.7462672591209412 13714
1751220030203 1.8315670490264893 13715
1751220031235 1.3833541870117188 13716
1751220032259 1.0248589515686035 13717
1751220033272 0.5540913939476013 13718
1751220034286 0.7442076802253723 13719
1751220035320 0.40584027767181396 13720
1751220036728 0.4636393189430237 13721
1751220037765 0.7553771138191223 13722
1751220038853 0.7188862562179565 13723
1751220039743 0.9327585101127625 13724
1751220040758 0.9359129071235657 13725
1751220041824 0.7477898597717285 13726
1751220042860 0.7395760416984558 13727
1751220043899 0.8395997285842896 13728
1751220045199 0.8291595578193665 13729
1751220046191 0.5860806703567505 13730
1751220047205 1.1114357709884644 13731
1751220048226 1.4144524335861206 13732
1751220049298 0.12080691754817963 13733
1751220050168 0.9648653268814087 13734
1751220051194 1.3303807973861694 13735
1751220052468 1.694270372390747 13736
1751220053486 0.18855562806129456 13737
1751220054552 1.0482454299926758 13738
1751220055578 0.7877632975578308 13739
1751220056618 0.8044411540031433 13740
1751220057670 0.638927161693573 13741
1751220058718 0.5400945544242859 13742
1751220059893 0.47568410634994507 13743
1751220060896 0.04772840067744255 13744
1751220061907 0.5810803771018982 13745
1751220063032 0.9217104315757751 13746
1751220064110 1.1184748411178589 13747
1751220064984 2.138479232788086 13748
1751220066119 0.8824127316474915 13749
1751220067182 1.1774870157241821 13750
1751220068487 0.7168984413146973 13751
1751220069518 1.3117090463638306 13752
1751220070593 0.685302197933197 13753
1751220071620 0.6724881529808044 13754
1751220072674 0.8382129669189453 13755
1751220073690 0.6960985064506531 13756
1751220074723 0.21692727506160736 13757
1751220075786 0.8784705996513367 13758
1751220077081 0.6717333197593689 13759
1751220078136 0.6079358458518982 13760
1751220079148 0.6526414752006531 13761
1751220080215 0.5734262466430664 13762
1751220081263 0.6378712058067322 13763
1751220082272 0.7492855191230774 13764
1751220083313 0.7216768264770508 13765
1751220084570 0.38018813729286194 13766
1751220085599 1.0498141050338745 13767
1751220086502 0.8201456069946289 13768
1751220087541 0.5967881679534912 13769
1751220088576 0.6580255031585693 13770
1751220089468 1.0481287240982056 13771
1751220090502 0.7782460451126099 13772
1751220091511 0.7457762360572815 13773
1751220092874 0.9732379913330078 13774
1751220093920 1.0615695714950562 13775
1751220095003 0.6449407935142517 13776
1751220095998 0.36660662293434143 13777
1751220097028 0.34320002794265747 13778
1751220098487 0.5046037435531616 13779
1751220101981 0.650596022605896 13780
1751220103045 0.5134684443473816 13781
1751220104339 1.2715399265289307 13782
1751220105202 3.3729419708251953 13783
1751220106239 0.29727834463119507 13784
1751220109717 0.6404432058334351 13785
1751220110970 1.3105900287628174 13786
1751220111870 1.1570777893066406 13787
1751220112909 0.4794517457485199 13788
1751220114193 0.9835142493247986 13789
1751220115234 0.7305382490158081 13790
1751220118090 1.244486689567566 13791
1751220119327 0.8135347366333008 13792
1751220120387 0.8637529015541077 13793
1751220121533 0.8060049414634705 13794
1751220124316 0.5458412170410156 13795
1751220125352 0.539236307144165 13796
1751220127476 0.9251230359077454 13797
1751220128512 0.5121353268623352 13798
1751220129575 1.013258934020996 13799
1751220130474 1.0428520441055298 13800
1751220131539 0.5786424875259399 13801
1751220132596 1.613337755203247 13802
1751220133606 0.8029584884643555 13803
1751220134902 0.5449730753898621 13804
1751220135945 1.2751177549362183 13805
1751220136953 1.7808754444122314 13806
1751220137977 0.6669180989265442 13807
1751220139060 0.5907995104789734 13808
1751220140095 0.7222597599029541 13809
1751220141144 0.6761622428894043 13810
1751220142053 1.737025499343872 13811
1751220143169 0.7144024968147278 13812
1751220144245 1.1926335096359253 13813
1751220145248 0.5869098901748657 13814
1751220146278 1.717170000076294 13815
1751220147165 0.9611385464668274 13816
1751220148209 0.9608879089355469 13817
1751220149232 0.7471122741699219 13818
1751220150275 1.162994623184204 13819
1751220151665 0.985511302947998 13820
1751220152582 0.2083672136068344 13821
1751220153655 1.0394220352172852 13822
1751220154644 0.7714082598686218 13823
1751220155667 0.7646940350532532 13824
1751220156671 0.8594463467597961 13825
1751220157693 0.5647532939910889 13826
1751220158911 2.9152653217315674 13827
1751220159912 1.6601508855819702 13828
1751220160913 0.5983167290687561 13829
1751220162087 0.7391023635864258 13830
1751220163086 0.6572636961936951 13831
1751220164117 0.722531795501709 13832
1751220165170 1.2123322486877441 13833
1751220166196 0.5132269263267517 13834
1751220167456 0.9870420694351196 13835
1751220168524 1.1919668912887573 13836
1751220169748 0.8631120920181274 13837
1751220170807 0.6244310736656189 13838
1751220171850 0.8930357098579407 13839
1751220172925 0.7925854921340942 13840
1751220173990 1.217296838760376 13841
1751220175297 1.0743567943572998 13842
1751220176360 0.861332893371582 13843
1751220177466 0.8859855532646179 13844
1751220178542 0.8232428431510925 13845
1751220179553 0.8082150816917419 13846
1751220181316 0.696907639503479 13847
1751220182443 0.8324223756790161 13848
1751220186741 0.8079892992973328 13849
1751220188033 0.8828240633010864 13850
1751220189039 0.8130937814712524 13851
1751220190077 0.45159587264060974 13852
1751220191159 0.4988413453102112 13853
1751220194789 0.9318599104881287 13854
1751220195988 0.4391619563102722 13855
1751220197048 1.0873171091079712 13856
1751220198064 0.552625834941864 13857
1751220199303 1.0571168661117554 13858
1751220200403 0.7306931018829346 13859
1751220203474 0.9158951044082642 13860
1751220204977 0.9283123016357422 13861
1751220205965 0.9609056711196899 13862
1751220207013 0.7777954936027527 13863
1751220210000 1.0032175779342651 13864
1751220212032 0.8015758395195007 13865
1751220212985 1.126527190208435 13866
1751220214012 0.2610819637775421 13867
1751220215064 1.4116857051849365 13868
1751220216093 0.1524040400981903 13869
1751220216986 2.1546337604522705 13870
1751220218009 0.9091694355010986 13871
1751220219007 0.5773579478263855 13872
1751220220328 0.7039569020271301 13873
1751220221377 0.6466256380081177 13874
1751220222497 0.7894663214683533 13875
1751220223534 1.2581979036331177 13876
1751220224413 0.7145301699638367 13877
1751220225432 0.5290719866752625 13878
1751220226561 0.7240616679191589 13879
1751220227839 1.0302670001983643 13880
1751220228847 0.8673667907714844 13881
1751220229869 1.0826483964920044 13882
1751220230962 0.8234912157058716 13883
1751220232054 1.0881760120391846 13884
1751220233095 1.5405043363571167 13885
1751220234171 0.8409643173217773 13886
1751220235172 0.838675320148468 13887
1751220236493 0.6717559695243835 13888
1751220237507 0.3231465518474579 13889
1751220238522 0.5030558705329895 13890
1751220239566 0.1486906260251999 13891
1751220240632 0.2326221466064453 13892
1751220241502 1.239874243736267 13893
1751220242394 0.8543282747268677 13894
1751220243695 0.6577481627464294 13895
1751220244590 1.1090502738952637 13896
1751220245615 1.1103109121322632 13897
1751220246642 0.7345438003540039 13898
1751220247522 0.41799288988113403 13899
1751220248557 0.8401474356651306 13900
1751220249569 0.9010510444641113 13901
1751220250612 0.5912043452262878 13902
1751220251910 0.6471331715583801 13903
1751220252797 0.7513193488121033 13904
1751220253823 0.8157058954238892 13905
1751220254817 0.8444747924804688 13906
1751220255813 0.7896933555603027 13907
1751220256827 0.679822564125061 13908
1751220257859 1.2922136783599854 13909
1751220258902 0.9200773239135742 13910
1751220260464 0.7264787554740906 13911
1751220261659 1.1710541248321533 13912
1751220262573 1.0799974203109741 13913
1751220263615 1.320926308631897 13914
1751220264667 0.4876198172569275 13915
1751220265563 0.5933108925819397 13916
1751220266556 0.6510446071624756 13917
1751220267937 1.1168797016143799 13918
1751220269035 0.627835214138031 13919
1751220270075 0.8335073590278625 13920
1751220271089 1.0798691511154175 13921
1751220272116 0.6927634477615356 13922
1751220273151 0.7275013327598572 13923
1751220274183 0.9626960158348083 13924
1751220275219 1.0646129846572876 13925
1751220276447 0.7920231819152832 13926
1751220277453 1.0940302610397339 13927
1751220278476 0.8999704718589783 13928
1751220279536 0.8329927325248718 13929
1751220280921 0.6625155210494995 13930
1751220281936 0.8129727244377136 13931
1751220282993 0.6417846083641052 13932
1751220283998 0.4525315761566162 13933
1751220285299 1.4233640432357788 13934
1751220286414 0.5907577872276306 13935
1751220287300 0.6542374491691589 13936
1751220288335 0.9229838252067566 13937
1751220289384 0.937207818031311 13938
1751220290256 0.9077345132827759 13939
1751220291313 0.6402904391288757 13940
1751220292595 0.7467517256736755 13941
1751220293684 2.817251682281494 13942
1751220294684 0.7845855951309204 13943
1751220295709 1.6061252355575562 13944
1751220296983 0.7994751334190369 13945
1751220298037 1.0944663286209106 13946
1751220299022 0.9247603416442871 13947
1751220300047 0.68647301197052 13948
1751220301457 0.8398788571357727 13949
1751220302559 1.323679804801941 13950
1751220303580 0.6578271389007568 13951
1751220304685 1.0988034009933472 13952
1751220305706 0.7647230625152588 13953
1751220306720 1.078734040260315 13954
1751220307751 0.7350037097930908 13955
1751220308764 0.7964251637458801 13956
1751220309947 0.9964346289634705 13957
1751220310975 0.6299905776977539 13958
1751220312056 0.6420317888259888 13959
1751220313081 0.7205888628959656 13960
1751220314102 0.981109082698822 13961
1751220315177 0.677848756313324 13962
1751220316012 4.9613518714904785 13963
1751220317053 0.6966060400009155 13964
1751220318346 0.5525351166725159 13965
1751220319414 0.8194780349731445 13966
1751220320424 1.0825477838516235 13967
1751220321449 0.6278287172317505 13968
1751220322486 0.6118535399436951 13969
1751220323539 0.8414881229400635 13970
1751220324625 0.48173531889915466 13971
1751220325711 0.8613725900650024 13972
1751220326948 0.7649025321006775 13973
1751220327991 1.059856653213501 13974
1751220329067 0.6880211234092712 13975
1751220330095 1.0797139406204224 13976
1751220330960 1.0514949560165405 13977
1751220331983 0.6474341750144958 13978
1751220333016 0.8873689770698547 13979
1751220334198 1.0887153148651123 13980
1751220335142 1.1385380029678345 13981
1751220336189 0.845973789691925 13982
1751220337249 0.7872228026390076 13983
1751220338252 0.7167044878005981 13984
1751220339270 0.5763852596282959 13985
1751220340306 0.698428213596344 13986
1751220341360 0.8079141974449158 13987
1751220342659 0.7225064635276794 13988
1751220343670 1.2198946475982666 13989
1751220344684 0.5245445370674133 13990
1751220345711 0.948627769947052 13991
1751220346748 1.0833219289779663 13992
1751220347788 1.1686015129089355 13993
1751220348799 0.6862685084342957 13994
1751220349845 0.6026696562767029 13995
1751220351107 0.923236072063446 13996
1751220352102 0.7719592452049255 13997
1751220352992 0.880797803401947 13998
1751220354000 2.401860475540161 13999
1751220354998 1.0292266607284546 14000
1751220356020 0.8931002616882324 14001
1751220357030 0.9268941879272461 14002
1751220358318 1.4354685544967651 14003
1751220359340 1.2165082693099976 14004
1751220360340 0.7463328838348389 14005
1751220361326 0.7455530166625977 14006
1751220362329 0.890538215637207 14007
1751220363345 0.6973034143447876 14008
1751220364392 1.1617945432662964 14009
1751220365418 0.655745804309845 14010
1751220366702 0.6598507165908813 14011
1751220367694 1.053257942199707 14012
1751220368744 0.5802106261253357 14013
1751220369816 1.299208402633667 14014
1751220370846 0.8650040626525879 14015
1751220371858 0.7216847538948059 14016
1751220372712 1.025647521018982 14017
1751220373754 0.5556092858314514 14018
1751220375159 0.5503431558609009 14019
1751220376160 0.8886745572090149 14020
1751220377203 1.0084383487701416 14021
1751220378237 0.5623180270195007 14022
1751220379232 0.8670048713684082 14023
1751220380308 0.9719877243041992 14024
1751220381305 0.6870855689048767 14025
1751220382583 0.6278226375579834 14026
1751220383588 1.3029917478561401 14027
1751220384604 0.9880401492118835 14028
1751220385650 0.4196815490722656 14029
1751220386653 0.6183343529701233 14030
1751220387662 0.9919061064720154 14031
1751220388701 0.6205215454101562 14032
1751220389730 0.9537763595581055 14033
1751220391015 0.5528493523597717 14034
1751220392023 2.8436858654022217 14035
1751220393049 0.6447902917861938 14036
1751220394101 0.8839214444160461 14037
1751220395102 0.6351082921028137 14038
1751220396034 1.3351712226867676 14039
1751220397055 0.9639965295791626 14040
1751220398395 0.3365898132324219 14041
1751220399410 0.6123432517051697 14042
1751220400430 0.8304484486579895 14043
1751220401521 0.6053246855735779 14044
1751220402549 1.1605254411697388 14045
1751220403601 1.2306151390075684 14046
1751220404646 0.7136312127113342 14047
1751220405680 0.8142587542533875 14048
1751220406990 0.37772607803344727 14049
1751220407993 0.7512068748474121 14050
1751220409029 0.8377568125724792 14051
1751220410057 0.8927534222602844 14052
1751220411137 0.5665056109428406 14053
1751220412205 0.49065452814102173 14054
1751220413091 1.82253897190094 14055
1751220414354 0.6665403246879578 14056
1751220415413 0.6932525038719177 14057
1751220416441 0.8210598230361938 14058
1751220417493 0.7249839901924133 14059
1751220418518 0.9581527709960938 14060
1751220419409 0.766834557056427 14061
1751220420440 1.256842017173767 14062
1751220421527 0.5429005026817322 14063
1751220422817 0.7393513917922974 14064
1751220423863 0.4726671278476715 14065
1751220424896 1.0048917531967163 14066
1751220425945 0.7442001700401306 14067
1751220427058 0.677975594997406 14068
1751220428044 0.828671395778656 14069
1751220429087 0.8767762184143066 14070
1751220430383 0.8087001442909241 14071
1751220431416 1.1883569955825806 14072
1751220432442 0.7468035221099854 14073
1751220433455 0.7857853174209595 14074
1751220434507 0.4851587414741516 14075
1751220435563 1.1696703433990479 14076
1751220436583 1.0885876417160034 14077
1751220437794 2.9451026916503906 14078
1751220438834 0.879528820514679 14079
1751220439893 0.9904071688652039 14080
1751220440946 0.5778295993804932 14081
1751220441982 0.6169958114624023 14082
1751220443021 0.8174551129341125 14083
1751220444033 0.75935298204422 14084
1751220445084 0.768501341342926 14085
1751220446334 0.6920791864395142 14086
1751220447344 1.3125280141830444 14087
1751220448409 0.6091772317886353 14088
1751220449437 0.6252411603927612 14089
1751220450489 1.4093984365463257 14090
1751220451387 1.2947216033935547 14091
1751220452398 1.586769938468933 14092
1751220453663 0.9161182045936584 14093
1751220454552 0.9117769598960876 14094
1751220455585 0.7154268622398376 14095
1751220456613 0.8449230194091797 14096
1751220457658 0.7446037530899048 14097
1751220458720 0.5764280557632446 14098
1751220459762 0.5954050421714783 14099
1751220460781 0.836507260799408 14100
1751220462016 0.9561389088630676 14101
1751220463078 0.7271556258201599 14102
1751220464152 0.5628826022148132 14103
1751220465018 1.139775276184082 14104
1751220466027 0.7389531135559082 14105
1751220467094 0.34547388553619385 14106
1751220468152 0.49569979310035706 14107
1751220469509 0.6073912382125854 14108
1751220470369 1.3789498805999756 14109
1751220471401 0.8903970122337341 14110
1751220472429 0.7889092564582825 14111
1751220473436 1.253898024559021 14112
1751220474349 0.8021261096000671 14113
1751220475381 1.006272315979004 14114
1751220476479 0.7082346081733704 14115
1751220477876 0.8424054384231567 14116
1751220478990 0.8363571763038635 14117
1751220480042 0.6716861724853516 14118
1751220481136 0.6593252420425415 14119
1751220482173 0.6695302128791809 14120
1751220483209 0.7925330400466919 14121
1751220484285 0.8864537477493286 14122
1751220485651 0.6709674596786499 14123
1751220486664 0.6538349986076355 14124
1751220487694 0.5033450126647949 14125
1751220488693 0.46876654028892517 14126
1751220489722 0.7357897758483887 14127
1751220490596 0.5387029051780701 14128
1751220491687 0.7841407060623169 14129
1751220492684 0.5344590544700623 14130
1751220494061 0.8034868240356445 14131
1751220495083 0.7914543747901917 14132
1751220496142 0.5917755961418152 14133
1751220497217 1.0423721075057983 14134
1751220498241 0.8731069564819336 14135
1751220499297 0.6402791142463684 14136
1751220500335 0.83834308385849 14137
1751220501634 0.5736393928527832 14138
1751220502684 0.9870506525039673 14139
1751220503748 0.8942322134971619 14140
1751220504821 0.5549657344818115 14141
1751220505853 0.15023300051689148 14142
1751220506876 0.9220010638237 14143
1751220507948 0.6946771144866943 14144
1751220509232 0.7198954820632935 14145
1751220510297 0.8066350221633911 14146
1751220511323 0.9285981059074402 14147
1751220512337 0.6149263381958008 14148
1751220513354 0.9027702212333679 14149
1751220514373 0.73240065574646 14150
1751220515439 0.851181149482727 14151
1751220516459 0.6429168581962585 14152
1751220517705 0.7479836344718933 14153
1751220518728 1.1370668411254883 14154
1751220519764 0.5405070185661316 14155
1751220520782 0.851080596446991 14156
1751220521853 0.6711944341659546 14157
1751220522860 0.8425304293632507 14158
1751220523744 2.3995025157928467 14159
1751220524986 0.6371221542358398 14160
1751220526049 0.6379880905151367 14161
1751220527047 0.7016176581382751 14162
1751220528066 0.992152214050293 14163
1751220529124 0.519228458404541 14164
1751220530159 0.9246638417243958 14165
1751220531177 0.45573052763938904 14166
1751220532199 0.9289262890815735 14167
1751220533498 1.064056634902954 14168
1751220534387 2.268969774246216 14169
1751220535492 0.7988001704216003 14170
1751220536401 0.8025762438774109 14171
1751220537432 0.8638896942138672 14172
1751220538461 1.6256202459335327 14173
1751220539481 0.6093433499336243 14174
1751220540819 0.7099615335464478 14175
1751220541809 0.6851813793182373 14176
1751220542805 0.693243682384491 14177
1751220543871 0.803475022315979 14178
1751220544969 0.6374586224555969 14179
1751220545856 1.566604495048523 14180
1751220546857 0.6835967898368835 14181
1751220548210 0.9151440858840942 14182
1751220549275 0.9270671010017395 14183
1751220550333 1.014860987663269 14184
1751220551421 0.7990102767944336 14185
1751220552443 0.22116003930568695 14186
1751220553479 0.4881778657436371 14187
1751220554495 0.6812304854393005 14188
1751220555595 0.9212625622749329 14189
1751220556871 0.33433595299720764 14190
1751220557751 0.8438126444816589 14191
1751220558752 0.7280526757240295 14192
1751220559791 0.5618056654930115 14193
1751220560817 0.7082500457763672 14194
1751220561880 0.8945304751396179 14195
1751220562906 0.675541341304779 14196
1751220564159 0.8495106101036072 14197
1751220565097 1.0346729755401611 14198
1751220566186 0.5385650992393494 14199
1751220567232 1.6458631753921509 14200
1751220568301 0.6241965293884277 14201
1751220569400 1.56955087184906 14202
1751220570414 0.6421875357627869 14203
1751220571467 0.7147335410118103 14204
1751220572717 1.09622323513031 14205
1751220573788 0.36232656240463257 14206
1751220574724 1.400598168373108 14207
1751220575811 0.7358117699623108 14208
1751220576730 1.2988492250442505 14209
1751220577802 0.8944172859191895 14210
1751220578819 0.5431665778160095 14211
1751220579986 2.5972774028778076 14212
1751220581011 1.1014598608016968 14213
1751220582072 0.8131877183914185 14214
1751220583122 0.5408835411071777 14215
1751220584166 0.6208335161209106 14216
1751220585238 0.8635197877883911 14217
1751220586316 0.7296198010444641 14218
1751220587380 0.818075954914093 14219
1751220588825 0.7378519773483276 14220
1751220589704 1.1099238395690918 14221
1751220590722 0.792191207408905 14222
1751220591776 0.7975630164146423 14223
1751220592861 1.1355751752853394 14224
1751220593888 0.705518901348114 14225
1751220594939 0.9421852231025696 14226
1751220596303 0.7599848508834839 14227
1751220597346 0.8969886898994446 14228
1751220598383 0.8720299601554871 14229
1751220599407 1.4179805517196655 14230
1751220600424 0.8180370330810547 14231
1751220601438 0.6152185201644897 14232
1751220602449 0.7307783961296082 14233
1751220603459 0.535478413105011 14234
1751220604746 0.5882641673088074 14235
1751220605838 0.8397491574287415 14236
1751220606914 0.6141409873962402 14237
1751220608112 0.929804265499115 14238
1751220609167 0.5169001817703247 14239
1751220610186 0.7234795689582825 14240
1751220611242 0.8061395883560181 14241
1751220612517 1.539670467376709 14242
1751220613453 1.0048434734344482 14243
1751220614488 1.722127914428711 14244
1751220615541 1.224793791770935 14245
1751220616582 0.7336978912353516 14246
1751220617616 0.8371052145957947 14247
1751220618520 1.1615400314331055 14248
1751220619659 1.3086214065551758 14249
1751220620817 0.5998231768608093 14250
1751220621893 0.5128729939460754 14251
1751220622915 0.8415608406066895 14252
1751220623999 0.6907157301902771 14253
1751220625082 0.7831053733825684 14254
1751220626120 1.0716208219528198 14255
1751220627169 0.46371909976005554 14256
1751220628456 0.6868340373039246 14257
1751220629491 1.1552990674972534 14258
1751220630521 0.8454009890556335 14259
1751220631561 0.6042200922966003 14260
1751220632490 1.069369912147522 14261
1751220633619 1.0081735849380493 14262
1751220634675 1.08148992061615 14263
1751220635958 0.8913019299507141 14264
1751220637003 0.9412180185317993 14265
1751220638046 1.1606851816177368 14266
1751220638998 1.4239490032196045 14267
1751220640118 0.6759378910064697 14268
1751220641131 0.8773514032363892 14269
1751220642173 0.9861311912536621 14270
1751220643322 0.057656437158584595 14271
1751220644669 0.9618521928787231 14272
1751220645704 0.7559149265289307 14273
1751220646762 0.5159212946891785 14274
1751220647682 0.9173036813735962 14275
1751220648759 0.7497305870056152 14276
1751220649821 0.7145464420318604 14277
1751220650865 0.5370042324066162 14278
1751220652185 0.9961696863174438 14279
1751220653299 0.7276695966720581 14280
1751220654379 1.0841474533081055 14281
1751220655339 1.328404426574707 14282
1751220656400 0.5749645829200745 14283
1751220657500 0.8716232180595398 14284
1751220658643 0.8630402684211731 14285
1751220659859 1.0980342626571655 14286
1751220661201 0.9540258646011353 14287
1751220662368 1.2679094076156616 14288
1751220663507 0.755237877368927 14289
1751220664613 0.6397151350975037 14290
1751220665709 0.6587012410163879 14291
1751220666842 1.0410701036453247 14292
1751220667891 0.7984630465507507 14293
1751220669304 0.6763043403625488 14294
1751220670340 0.8100513815879822 14295
1751220671356 1.1059492826461792 14296
1751220672400 0.6717593669891357 14297
1751220673490 0.8065080642700195 14298
1751220674551 0.7149291634559631 14299
1751220675612 0.7612698674201965 14300
1751220676959 0.4735824167728424 14301
1751220678038 0.9016651511192322 14302
1751220679104 0.8118287920951843 14303
1751220680183 1.0749850273132324 14304
1751220681235 0.5016322731971741 14305
1751220682357 0.7823259234428406 14306
1751220683436 1.0057754516601562 14307
1751220684380 2.482475519180298 14308
1751220685784 0.5529298186302185 14309
1751220686858 1.1800748109817505 14310
1751220687942 1.4681849479675293 14311
1751220688989 1.435211420059204 14312
1751220690078 1.0139435529708862 14313
1751220691144 1.0551573038101196 14314
1751220692226 0.7937009930610657 14315
1751220693526 1.1003583669662476 14316
1751220694623 2.381760358810425 14317
1751220695709 0.7508899569511414 14318
1751220696850 0.5540558695793152 14319
1751220697826 0.7942649126052856 14320
1751220698909 0.6682766675949097 14321
1751220700003 0.34779122471809387 14322
1751220701047 0.752731442451477 14323
1751220702334 0.8204675912857056 14324
1751220703460 0.5104246735572815 14325
1751220704542 0.6582968831062317 14326
1751220705611 1.2523306608200073 14327
1751220706667 1.6147578954696655 14328
1751220707726 0.8298406600952148 14329
1751220708814 1.0276942253112793 14330
1751220710130 0.34049850702285767 14331
1751220711228 0.7418040633201599 14332
1751220712352 0.44381624460220337 14333
1751220713459 0.5549986362457275 14334
1751220714567 0.9622905850410461 14335
1751220715632 0.5513015985488892 14336
1751220716722 0.6957039833068848 14337
1751220718132 0.7583174109458923 14338
1751220719252 0.8363521695137024 14339
1751220720298 0.7527775764465332 14340
1751220721390 0.6339868903160095 14341
1751220722476 1.0849552154541016 14342
1751220723609 1.3091565370559692 14343
1751220724684 0.9149380922317505 14344
1751220725803 0.5849595069885254 14345
1751220727186 0.5989281535148621 14346
1751220728260 0.7588045001029968 14347
1751220729330 0.7467836737632751 14348
1751220730413 1.423021674156189 14349
1751220731525 0.5258488059043884 14350
1751220732585 0.5648836493492126 14351
1751220733701 0.7938311100006104 14352
1751220734992 0.7408131957054138 14353
1751220736090 0.7846221923828125 14354
1751220737263 0.8636633157730103 14355
1751220738403 0.5447171926498413 14356
1751220739384 1.4726979732513428 14357
1751220740500 1.0929089784622192 14358
1751220741578 0.8294920325279236 14359
1751220742619 0.8925870656967163 14360
1751220743965 0.8006496429443359 14361
1751220744999 0.6086211204528809 14362
1751220746090 0.8116483092308044 14363
1751220747233 0.720748782157898 14364
1751220748348 0.8689948320388794 14365
1751220749472 0.6423206925392151 14366
1751220750603 1.1189625263214111 14367
1751220751958 0.5573188662528992 14368
1751220752997 0.4190492630004883 14369
1751220754073 0.4073682427406311 14370
1751220755165 0.9580274820327759 14371
1751220756302 1.3178342580795288 14372
1751220757374 0.9085392951965332 14373
1751220758485 0.9586195945739746 14374
1751220759915 0.4930720031261444 14375
1751220760963 0.6557850241661072 14376
1751220762018 1.0841357707977295 14377
1751220763114 1.18268883228302 14378
1751220764045 0.8876789212226868 14379
1751220765123 0.7606776356697083 14380
1751220766150 1.014583706855774 14381
1751220767211 0.37054935097694397 14382
1751220768554 0.5897926688194275 14383
1751220769495 0.9460704922676086 14384
1751220770581 1.0225337743759155 14385
1751220771643 0.677071750164032 14386
1751220772676 0.893811047077179 14387
1751220773783 1.0792068243026733 14388
1751220774787 0.9085313081741333 14389
1751220776161 0.4829508364200592 14390
1751220777162 0.6183000206947327 14391
1751220778198 0.6825074553489685 14392
1751220779221 0.609687328338623 14393
1751220780325 0.6520859003067017 14394
1751220781409 0.39837703108787537 14395
1751220782481 0.49559199810028076 14396
1751220783557 0.5825676321983337 14397
1751220784780 1.1554020643234253 14398
1751220785834 0.8075054287910461 14399
1751220787285 0.09333300590515137 14400
1751220889946 0.5431787371635437 14401
1751220936407 0.6750100255012512 14402
1751220937745 1.2787469625473022 14403
1751220938638 1.0430001020431519 14404
1751220939667 1.0794291496276855 14405
1751220940723 0.5205491781234741 14406
1751220941788 0.5470592379570007 14407
1751220942852 0.5600256323814392 14408
1751220943967 0.9924545288085938 14409
1751220945258 0.6555444598197937 14410
1751220946279 0.6211140751838684 14411
1751220947265 0.8305274844169617 14412
1751220948329 0.6791331171989441 14413
1751220949373 0.9801939129829407 14414
1751220950431 1.0495684146881104 14415
1751220951538 0.5474466681480408 14416
1751220952823 0.8727409243583679 14417
1751220953867 1.1903002262115479 14418
1751220954969 1.0338581800460815 14419
1751220956081 0.6767544746398926 14420
1751220957153 0.16390472650527954 14421
1751220958211 0.8219336271286011 14422
1751220959318 0.7239972352981567 14423
1751220960684 0.5663592219352722 14424
1751220961763 0.7803822755813599 14425
1751220962788 0.43346452713012695 14426
1751220963848 0.907463550567627 14427
1751220964912 0.7152431011199951 14428
1751220966006 0.8406556248664856 14429
1751220967126 0.7332106232643127 14430
1751220968531 1.465254545211792 14431
1751220969586 1.1442899703979492 14432
1751220970699 0.7542844414710999 14433
1751220971751 1.118491768836975 14434
1751220972898 0.9282688498497009 14435
1751220973820 2.001788377761841 14436
1751220974866 0.9802942276000977 14437
1751220975902 0.6976866126060486 14438
1751220977209 1.322440266609192 14439
1751220978290 1.5220739841461182 14440
1751220979353 1.2442827224731445 14441
1751220980472 0.5913276672363281 14442
1751220981392 2.01163911819458 14443
1751220982501 0.30481791496276855 14444
1751220983583 1.0526260137557983 14445
1751220985010 0.9003708958625793 14446
1751220986145 1.2237077951431274 14447
1751220987204 2.174156904220581 14448
1751220988289 1.228309988975525 14449
1751220989424 0.977956235408783 14450
1751220990349 1.0218861103057861 14451
1751220991426 0.8612074255943298 14452
1751220992822 1.15449857711792 14453
1751220993744 0.7947820425033569 14454
1751220994805 1.0998896360397339 14455
1751220995856 0.39751115441322327 14456
1751220997005 0.24900992214679718 14457
1751220998075 0.9873951077461243 14458
1751220999106 0.6909977793693542 14459
1751221000404 1.4906622171401978 14460
1751221001469 1.239855170249939 14461
1751221002509 1.069984793663025 14462
1751221003540 0.8933938145637512 14463
1751221004623 0.9402727484703064 14464
1751221005755 0.6876127123832703 14465
1751221006901 0.9412662386894226 14466
1751221008218 1.0316956043243408 14467
1751221009263 0.7686737775802612 14468
1751221010297 1.023119330406189 14469
1751221011332 1.0899014472961426 14470
1751221012363 0.4583085775375366 14471
1751221013367 1.6962244510650635 14472
1751221014377 1.7276252508163452 14473
1751221015663 0.7980827689170837 14474
1751221016745 0.6923430562019348 14475
1751221017896 0.9269505739212036 14476
1751221019050 0.6051946878433228 14477
1751221020161 0.6558628678321838 14478
1751221021266 1.1563678979873657 14479
1751221022361 0.21719491481781006 14480
1751221023456 0.962946891784668 14481
1751221024749 0.5694372057914734 14482
1751221025797 0.8755647540092468 14483
1751221026844 1.0619943141937256 14484
1751221027962 1.0234534740447998 14485
1751221029056 0.2673092484474182 14486
1751221029986 1.262985110282898 14487
1751221031011 0.7615479826927185 14488
1751221032413 0.7515853643417358 14489
1751221033463 0.626293957233429 14490
1751221034524 1.1251600980758667 14491
1751221035408 0.8983923196792603 14492
1751221036438 0.10562346130609512 14493
1751221037523 0.7050318717956543 14494
1751221038453 0.7399534583091736 14495
1751221039729 0.4789782166481018 14496
1751221040761 0.6791032552719116 14497
1751221041787 0.829928994178772 14498
1751221042821 1.3863880634307861 14499
1751221043920 0.5534915924072266 14500
1751221044964 0.7608651518821716 14501
1751221045983 0.9092751741409302 14502
1751221047306 0.5340437889099121 14503
1751221048380 0.8273462653160095 14504
1751221049408 0.7545792460441589 14505
1751221050428 1.0538203716278076 14506
1751221051494 0.14842426776885986 14507
1751221052388 1.5196266174316406 14508
1751221053460 0.8758621215820312 14509
1751221054736 0.27823299169540405 14510
1751221055855 0.6841574907302856 14511
1751221056738 0.8946518898010254 14512
1751221057743 1.1363379955291748 14513
1751221058616 1.0714069604873657 14514
1751221059701 0.8516077399253845 14515
1751221060728 0.6535546183586121 14516
1751221061811 0.6871981024742126 14517
1751221063114 0.7750311493873596 14518
1751221064162 0.7660535573959351 14519
1751221065267 0.5118793845176697 14520
1751221066315 0.6561154723167419 14521
1751221067340 1.077040672302246 14522
1751221068384 1.4940255880355835 14523
1751221069501 0.8108081221580505 14524
1751221070810 1.2831941843032837 14525
1751221071834 0.8847578167915344 14526
1751221072926 0.7022418975830078 14527
1751221074051 0.35291343927383423 14528
1751221075183 0.5548767447471619 14529
1751221076249 0.1557592898607254 14530
1751221077348 0.680269181728363 14531
1751221078684 0.6089392304420471 14532
1751221079696 0.7757481932640076 14533
1751221080770 1.0596494674682617 14534
1751221081779 0.8304950594902039 14535
1751221082840 0.6593959331512451 14536
1751221083856 0.7912318110466003 14537
1751221084909 0.6820530891418457 14538
1751221086201 0.5525158047676086 14539
1751221087231 0.7149524092674255 14540
1751221088298 0.6480890512466431 14541
1751221089334 0.6367539763450623 14542
1751221090357 0.44057556986808777 14543
1751221091398 0.4731455147266388 14544
1751221092468 0.7724965810775757 14545
1751221093478 1.100779414176941 14546
1751221094767 1.088987946510315 14547
1751221095887 0.9035472869873047 14548
1751221096901 0.613768994808197 14549
1751221097842 0.7506003975868225 14550
1751221098933 0.8025223016738892 14551
1751221100032 0.8659546971321106 14552
1751221101092 0.7061745524406433 14553
1751221102459 0.9369341135025024 14554
1751221103533 0.8090075254440308 14555
1751221104641 0.6889033913612366 14556
1751221105664 0.5181770324707031 14557
1751221106720 0.9992039799690247 14558
1751221107669 1.2612556219100952 14559
1751221108742 0.9509748816490173 14560
1751221110042 0.5126830339431763 14561
1751221111085 2.688129186630249 14562
1751221112116 1.7609318494796753 14563
1751221113015 1.1671321392059326 14564
1751221114054 0.9852455258369446 14565
1751221115085 0.652495801448822 14566
1751221115997 1.1196306943893433 14567
1751221117027 1.0066616535186768 14568
1751221118256 0.8006759881973267 14569
1751221119301 0.5050455331802368 14570
1751221120222 1.530033826828003 14571
1751221121267 0.8198849558830261 14572
1751221122282 0.4463971257209778 14573
1751221123289 0.45018529891967773 14574
1751221124254 0.813977062702179 14575
1751221125551 0.6592497229576111 14576
1751221126605 1.2621405124664307 14577
1751221127687 0.7885031700134277 14578
1751221128763 0.42268285155296326 14579
1751221129786 0.8135679364204407 14580
1751221130688 0.8432945609092712 14581
1751221131756 0.5150906443595886 14582
1751221133081 0.5604085922241211 14583
1751221134185 0.7752028703689575 14584
1751221135257 0.7444174289703369 14585
1751221136188 0.9020633101463318 14586
1751221137292 0.9201046824455261 14587
1751221138327 0.5795451402664185 14588
1751221139364 0.6564671397209167 14589
1751221140386 0.6300005912780762 14590
1751221141910 0.7721502780914307 14591
1751221142918 0.8246445059776306 14592
1751221143959 0.1320282220840454 14593
1751221144962 0.17569497227668762 14594
1751221146022 1.2879308462142944 14595
1751221146890 1.122231364250183 14596
1751221147945 0.6552132964134216 14597
1751221149067 0.728069007396698 14598
1751221150137 1.22073233127594 14599
1751221151164 1.0513406991958618 14600
1751221152249 0.8931498527526855 14601
1751221153373 1.1449345350265503 14602
1751221154391 0.6704972386360168 14603
1751221155453 0.9038189053535461 14604
1751221156762 0.4936011731624603 14605
1751221157673 1.0692752599716187 14606
1751221158775 0.8821308016777039 14607
1751221159812 0.7871934175491333 14608
1751221160848 0.9225608706474304 14609
1751221161889 1.643866777420044 14610
1751221162975 1.201783537864685 14611
1751221164013 0.9458099603652954 14612
1751221165299 1.5562165975570679 14613
1751221166342 0.8443636298179626 14614
1751221167396 0.7728527784347534 14615
1751221168471 0.6675958633422852 14616
1751221169518 1.4415115118026733 14617
1751221170628 0.6633110046386719 14618
1751221171682 0.6489263772964478 14619
1751221172959 0.8775913119316101 14620
1751221174033 0.8599019050598145 14621
1751221175125 0.3915087580680847 14622
1751221176237 0.5346135497093201 14623
1751221177288 0.9727312326431274 14624
1751221178342 0.5189387202262878 14625
1751221179425 0.6709201335906982 14626
1751221180808 0.03965182974934578 14627
1751221181883 0.7760998606681824 14628
1751221182920 0.985813319683075 14629
1751221183926 0.22008460760116577 14630
1751221185000 0.9968804717063904 14631
1751221186036 1.8057342767715454 14632
1751221186925 0.9162797331809998 14633
1751221188210 0.5219500660896301 14634
1751221189102 1.3684608936309814 14635
1751221190134 1.4770822525024414 14636
1751221191076 1.1876758337020874 14637
1751221192121 0.9523537755012512 14638
1751221193009 1.4811948537826538 14639
1751221194031 0.9483116269111633 14640
1751221195067 1.22989022731781 14641
1751221196486 0.7323716282844543 14642
1751221197545 0.7465905547142029 14643
1751221198641 1.0197480916976929 14644
1751221199730 0.840703010559082 14645
1751221200759 0.8823380470275879 14646
1751221201829 0.8501197099685669 14647
1751221202899 0.5153371095657349 14648
1751221204177 0.3055669963359833 14649
1751221205233 1.393480896949768 14650
1751221206337 0.7755749821662903 14651
1751221207423 0.7846817374229431 14652
1751221208493 0.8235856890678406 14653
1751221209606 0.5673779249191284 14654
1751221210662 0.6537387371063232 14655
1751221211998 1.1833685636520386 14656
1751221213058 0.3538244962692261 14657
1751221214119 0.33214208483695984 14658
1751221215030 1.096983790397644 14659
1751221216126 0.7544779777526855 14660
1751221217216 0.6661654710769653 14661
1751221218114 1.1162704229354858 14662
1751221219519 2.2077343463897705 14663
1751221220582 0.7618934512138367 14664
1751221221666 0.7305833101272583 14665
1751221222770 0.8084802031517029 14666
1751221223839 1.7242271900177002 14667
1751221224887 0.8262948989868164 14668
1751221225811 1.3721675872802734 14669
1751221227164 0.6703456044197083 14670
1751221228243 0.9469291567802429 14671
1751221229259 0.7579492926597595 14672
1751221230325 0.9178978204727173 14673
1751221231386 1.0168999433517456 14674
1751221232292 0.5231279730796814 14675
1751221233349 0.7253206372261047 14676
1751221234310 0.7226741313934326 14677
1751221235648 0.7953771352767944 14678
1751221236722 0.6877361536026001 14679
1751221237787 0.7683674097061157 14680
1751221238912 1.8784512281417847 14681
1751221240013 1.124597430229187 14682
1751221241032 0.5902563333511353 14683
1751221241940 1.1684837341308594 14684
1751221243244 0.6735658049583435 14685
1751221244252 0.7398923635482788 14686
1751221245349 0.9545365571975708 14687
1751221246374 0.6283305287361145 14688
1751221247460 1.3936614990234375 14689
1751221248580 0.5943777561187744 14690
1751221249619 0.6904038190841675 14691
1751221250971 0.8265346884727478 14692
1751221252019 0.49369725584983826 14693
1751221253116 0.7848802804946899 14694
1751221254163 0.907343327999115 14695
1751221255056 1.3464207649230957 14696
1751221256084 0.8157979846000671 14697
1751221257178 0.6829209327697754 14698
1751221258299 4.278585910797119 14699
1751221259313 1.3851503133773804 14700
1751221260457 0.972981870174408 14701
1751221261525 0.7598979473114014 14702
1751221262573 0.6583216190338135 14703
1751221263613 2.157383680343628 14704
1751221264679 1.2741520404815674 14705
1751221265979 1.906723976135254 14706
1751221267048 0.5376358032226562 14707
1751221268109 0.8968364596366882 14708
1751221269164 0.7761854529380798 14709
1751221270260 0.7482790946960449 14710
1751221271298 0.7184788584709167 14711
1751221272392 0.7382133603096008 14712
1751221273726 0.6832171082496643 14713
1751221274783 0.7260647416114807 14714
1751221275823 0.5956043601036072 14715
1751221276903 1.0821322202682495 14716
1751221278012 0.8904709219932556 14717
1751221278932 0.782604455947876 14718
1751221280003 0.7136146426200867 14719
1751221281072 1.2508810758590698 14720
1751221282421 1.063616394996643 14721
1751221283459 0.6763062477111816 14722
1751221284480 0.8616042137145996 14723
1751221285521 0.6472907662391663 14724
1751221286657 0.6062261462211609 14725
1751221287694 0.6904968619346619 14726
1751221288735 0.5191360116004944 14727
1751221289916 0.7664453387260437 14728
1751221290961 1.2547956705093384 14729
1751221291970 0.591582715511322 14730
1751221293028 1.0350993871688843 14731
1751221294111 1.8612974882125854 14732
1751221295194 0.8523379564285278 14733
1751221296271 0.6696493029594421 14734
1751221297574 0.8776124119758606 14735
1751221298629 0.0795942172408104 14736
1751221299648 1.0341894626617432 14737
1751221300656 1.1089239120483398 14738
1751221301687 0.5867390036582947 14739
1751221302736 0.5822607278823853 14740
1751221303744 0.9338787198066711 14741
1751221305109 1.3371530771255493 14742
1751221306142 0.6305031776428223 14743
1751221307169 1.550555944442749 14744
1751221308181 0.7660410404205322 14745
1751221309214 0.9080647826194763 14746
1751221310280 0.6548083424568176 14747
1751221311318 0.8305681347846985 14748
1751221312613 0.8039596676826477 14749
1751221313641 0.8807215094566345 14750
1751221314666 0.8625982999801636 14751
1751221315737 0.8054779171943665 14752
1751221316778 0.5868739485740662 14753
1751221317812 0.705253541469574 14754
1751221318866 0.07688161730766296 14755
1751221320252 0.6985849738121033 14756
1751221321345 0.8071414828300476 14757
1751221322245 0.7890686988830566 14758
1751221323248 0.6706201434135437 14759
1751221324118 1.297533392906189 14760
1751221325164 0.8407368659973145 14761
1751221326109 1.3444576263427734 14762
1751221327483 0.7816029191017151 14763
1751221328509 0.6723122596740723 14764
1751221329543 1.0035039186477661 14765
1751221330604 1.9697331190109253 14766
1751221331663 0.7201151251792908 14767
1751221332782 1.103643536567688 14768
1751221333811 0.49038758873939514 14769
1751221335134 0.8477814793586731 14770
1751221336192 1.1147654056549072 14771
1751221337305 0.6337769031524658 14772
1751221338406 1.0725644826889038 14773
1751221339495 0.8171419501304626 14774
1751221340495 1.0694462060928345 14775
1751221341519 0.9537496566772461 14776
1751221342484 2.1629579067230225 14777
1751221343760 0.9312466979026794 14778
1751221344854 1.1172600984573364 14779
1751221345930 0.6223338842391968 14780
1751221346962 0.648327648639679 14781
1751221348059 0.5756937265396118 14782
1751221349108 0.6919766664505005 14783
1751221350513 0.6702331900596619 14784
1751221351539 1.4451459646224976 14785
1751221352558 0.4735246002674103 14786
1751221353606 0.8932681083679199 14787
1751221354658 1.0776870250701904 14788
1751221355792 0.9841333627700806 14789
1751221356868 0.996645450592041 14790
1751221358196 0.8811375498771667 14791
1751221359247 0.5382897257804871 14792
1751221360304 0.9251089096069336 14793
1751221361356 0.8680478930473328 14794
1751221362463 1.1295257806777954 14795
1751221363536 0.8452438712120056 14796
1751221364565 0.4568425714969635 14797
1751221365584 0.6684950590133667 14798
1751221366886 0.14131547510623932 14799
1751221367973 0.7162901163101196 14800
1751221369003 1.0982586145401 14801
1751221370072 0.700004518032074 14802
1751221371110 0.3369828760623932 14803
1751221372164 1.1523774862289429 14804
1751221373439 0.8021662831306458 14805
1751221374525 0.4983592927455902 14806
1751221375617 0.4653589427471161 14807
1751221376528 1.13966965675354 14808
1751221377566 0.6579872965812683 14809
1751221378602 0.5246471762657166 14810
1751221379674 0.3993564546108246 14811
1751221380877 1.0441211462020874 14812
1751221381939 0.6201345324516296 14813
1751221383003 0.5792219042778015 14814
1751221384088 1.1379005908966064 14815
1751221385112 0.7833788990974426 14816
1751221386227 0.8795956969261169 14817
1751221387345 0.6222348213195801 14818
1751221388386 0.8145461082458496 14819
1751221389667 1.0528806447982788 14820
1751221390748 1.171000361442566 14821
1751221391773 0.4378505051136017 14822
1751221392821 0.5618202686309814 14823
1751221393877 3.1962828636169434 14824
1751221394912 0.8272212147712708 14825
1751221395965 0.8795658349990845 14826
1751221397271 0.5756292343139648 14827
1751221398319 0.910157322883606 14828
1751221399198 0.9252154231071472 14829
1751221400262 0.5061213970184326 14830
1751221401294 1.290234923362732 14831
1751221402324 0.8989958763122559 14832
1751221403671 0.6805773377418518 14833
1751221404751 0.8897256851196289 14834
1751221405651 0.35545614361763 14835
1751221406722 0.6352428197860718 14836
1751221407593 0.7245559692382812 14837
1751221408630 0.8110697269439697 14838
1751221409725 1.176114559173584 14839
1751221411055 0.06998026371002197 14840
1751221412122 0.6506897807121277 14841
1751221413186 1.823696494102478 14842
1751221414288 0.5794844031333923 14843
1751221415401 0.9431235194206238 14844
1751221416419 0.7976692318916321 14845
1751221417493 0.20736123621463776 14846
1751221418805 0.5164961218833923 14847
1751221419862 0.8314251899719238 14848
1751221420931 0.6433963179588318 14849
1751221422002 0.6145602464675903 14850
1751221423095 1.1580008268356323 14851
1751221424126 0.8992933630943298 14852
1751221425176 0.8225478529930115 14853
1751221426216 1.6746233701705933 14854
1751221427391 1.9854633808135986 14855
1751221428456 0.9665462374687195 14856
1751221429528 1.018143892288208 14857
1751221430661 0.7351269125938416 14858
1751221431522 1.8116782903671265 14859
1751221432587 1.5729515552520752 14860
1751221433615 0.6539897322654724 14861
1751221434983 0.8600254058837891 14862
1751221436093 0.5355386137962341 14863
1751221437183 0.8484110236167908 14864
1751221438216 0.9177080988883972 14865
1751221439284 0.9515897631645203 14866
1751221440333 0.6562821269035339 14867
1751221441478 0.6089184880256653 14868
1751221442789 0.6192349791526794 14869
1751221443863 0.5293726921081543 14870
1751221444915 0.6287735104560852 14871
1751221445981 0.7435919642448425 14872
1751221447068 0.8139877319335938 14873
1751221448116 0.8028103709220886 14874
1751221449082 3.4935672283172607 14875
1751221450355 0.7629868984222412 14876
1751221451428 0.9118027091026306 14877
1751221452515 0.6312252283096313 14878
1751221453562 0.6862884759902954 14879
1751221454460 0.57863450050354 14880
1751221455396 2.905895948410034 14881
1751221456447 0.443225234746933 14882
1751221457761 0.5287790298461914 14883
1751221458803 0.036815207451581955 14884
1751221459947 0.8659001588821411 14885
1751221461048 0.5787160992622375 14886
1751221462078 0.6404321193695068 14887
1751221463078 2.2910711765289307 14888
1751221464163 0.7027110457420349 14889
1751221465383 1.011558175086975 14890
1751221466427 0.5798468589782715 14891
1751221467503 0.6196977496147156 14892
1751221468576 0.6088306307792664 14893
1751221469626 0.6849338412284851 14894
1751221470538 0.9841398596763611 14895
1751221471863 0.6297287344932556 14896
1751221472935 1.1632863283157349 14897
1751221474038 0.5806737542152405 14898
1751221475062 0.6743060350418091 14899
1751221476100 0.8576780557632446 14900
1751221477193 1.088826298713684 14901
1751221478267 0.7644750475883484 14902
1751221479574 0.49981889128685 14903
1751221480680 0.827467143535614 14904
1751221481722 0.6171164512634277 14905
1751221482820 0.6407254338264465 14906
1751221483870 0.8145869374275208 14907
1751221484904 0.8163418173789978 14908
1751221486053 0.7051103711128235 14909
1751221487092 0.9079136252403259 14910
1751221488389 1.0882115364074707 14911
1751221489442 0.5363763570785522 14912
1751221490503 0.43886080384254456 14913
1751221491530 0.600333034992218 14914
1751221492585 0.641240119934082 14915
1751221493662 1.518231987953186 14916
1751221494691 0.46073833107948303 14917
1751221496141 0.658618152141571 14918
1751221497198 0.5852752327919006 14919
1751221498245 0.7199861407279968 14920
1751221499313 0.9192442893981934 14921
1751221500475 1.0489304065704346 14922
1751221501499 0.7235721349716187 14923
1751221502539 0.48891448974609375 14924
1751221503808 0.8358983993530273 14925
1751221504860 0.5696096420288086 14926
1751221505928 0.8589628338813782 14927
1751221506936 0.5112200379371643 14928
1751221507962 0.6599127650260925 14929
1751221508978 0.5807143449783325 14930
1751221510001 0.6357952356338501 14931
1751221511355 0.7587265372276306 14932
1751221512381 0.8579322695732117 14933
1751221513285 2.0534889698028564 14934
1751221514347 0.399964302778244 14935
1751221515415 0.9228811264038086 14936
1751221516477 1.3010168075561523 14937
1751221517600 0.29256629943847656 14938
1751221518748 0.9768223762512207 14939
1751221519777 0.7395333647727966 14940
1751221520835 0.7757887840270996 14941
1751221521841 0.6563025712966919 14942
1751221522909 1.2145110368728638 14943
1751221524046 0.858018696308136 14944
1751221525056 1.2995712757110596 14945
1751221526414 0.6380427479743958 14946
1751221527511 1.0108367204666138 14947
1751221528525 0.8779101371765137 14948
1751221529570 0.9326978921890259 14949
1751221530619 0.7236725687980652 14950
1751221531696 1.361266016960144 14951
1751221532988 0.6924602389335632 14952
1751221534022 0.9310844540596008 14953
1751221535102 1.942651629447937 14954
1751221536166 0.29118549823760986 14955
1751221537193 0.8487817645072937 14956
1751221538224 0.9228923916816711 14957
1751221539260 0.6340939402580261 14958
1751221540337 0.944520890712738 14959
1751221541659 0.49912306666374207 14960
1751221542745 0.8091019988059998 14961
1751221543772 0.6118939518928528 14962
1751221544690 1.6004219055175781 14963
1751221545774 0.692466676235199 14964
1751221546854 0.538460910320282 14965
1751221548153 0.5687835812568665 14966
1751221549202 0.609127938747406 14967
1751221550256 1.1769994497299194 14968
1751221551284 0.8188482522964478 14969
1751221552373 0.6784465909004211 14970
1751221553410 0.6935634016990662 14971
1751221554518 1.1742850542068481 14972
1751221555865 0.5607137680053711 14973
1751221556899 1.2400907278060913 14974
1751221557939 0.7901362180709839 14975
1751221558955 0.8312749266624451 14976
1751221560056 0.8336514830589294 14977
1751221561087 1.3752264976501465 14978
1751221562146 0.6926844716072083 14979
1751221563432 1.1964737176895142 14980
1751221564496 0.95204758644104 14981
1751221565551 0.7224728465080261 14982
1751221566594 0.31424376368522644 14983
1751221567680 0.9587472081184387 14984
1751221568754 1.0234066247940063 14985
1751221569828 0.9700126647949219 14986
1751221571118 0.7584452629089355 14987
1751221572181 1.3921531438827515 14988
1751221573077 0.9066099524497986 14989
1751221574116 0.15801650285720825 14990
1751221575014 0.9346160888671875 14991
1751221576009 1.5631507635116577 14992
1751221577074 0.6487624049186707 14993
1751221578127 0.5254752039909363 14994
1751221579437 0.5498806238174438 14995
1751221580486 0.4458610415458679 14996
1751221581531 0.8043298721313477 14997
1751221582535 0.5998571515083313 14998
1751221583580 0.15336574614048004 14999
1751221584641 0.8665353655815125 15000
1751221585704 0.8516858220100403 15001
1751221587010 0.5695847868919373 15002
1751221588064 0.56777423620224 15003
1751221589138 0.7629966139793396 15004
1751221590194 0.8236309289932251 15005
1751221591246 0.9023808836936951 15006
1751221592316 0.8550193905830383 15007
1751221593707 0.5621399879455566 15008
1751221594714 0.5844950675964355 15009
1751221595752 0.5054919719696045 15010
1751221596801 0.5422405004501343 15011
1751221597879 0.6696649193763733 15012
1751221598777 1.3051022291183472 15013
1751221599824 0.9644320607185364 15014
1751221600875 1.0433311462402344 15015
1751221602020 0.6213480830192566 15016
1751221603044 0.7789678573608398 15017
1751221604100 0.5103670358657837 15018
1751221605207 0.9665636420249939 15019
1751221606295 0.5404420495033264 15020
1751221607363 0.7435641288757324 15021
1751221608447 0.6565410494804382 15022
1751221609839 1.3344112634658813 15023
1751221610709 0.9763857126235962 15024
1751221611767 0.8510774970054626 15025
1751221612837 0.7374773621559143 15026
1751221613892 1.1136592626571655 15027
1751221614916 1.0164437294006348 15028
1751221615970 0.5708398818969727 15029
1751221617347 0.4926981031894684 15030
1751221618391 0.8927225470542908 15031
1751221619308 0.9439806342124939 15032
1751221620316 0.7370208501815796 15033
1751221621343 0.6880999803543091 15034
1751221622430 1.1305283308029175 15035
1751221623540 0.820152223110199 15036
1751221624855 0.7996752858161926 15037
1751221625935 0.6505789756774902 15038
1751221627023 0.7822770476341248 15039
1751221628053 0.8230199217796326 15040
1751221628956 0.977623701095581 15041
1751221630044 0.6005565524101257 15042
1751221631138 0.5266299247741699 15043
1751221632433 0.9648286700248718 15044
1751221633452 0.914794921875 15045
1751221634521 0.6711729764938354 15046
1751221635626 1.0815958976745605 15047
1751221636687 0.9032317996025085 15048
1751221637757 0.7429233193397522 15049
1751221638815 1.1637382507324219 15050
1751221640074 1.2486209869384766 15051
1751221641120 1.2403090000152588 15052
1751221642206 0.8140125274658203 15053
1751221643235 0.8054097294807434 15054
1751221644225 0.8489448428153992 15055
1751221645215 0.15137381851673126 15056
1751221646293 1.1433380842208862 15057
1751221647565 0.7384110689163208 15058
1751221648582 0.6489490866661072 15059
1751221649665 0.4416762888431549 15060
1751221650680 1.0092178583145142 15061
1751221651727 0.9556795358657837 15062
1751221652633 1.5735037326812744 15063
1751221653700 2.3217055797576904 15064
1751221654971 0.6982327103614807 15065
1751221656031 0.7701604962348938 15066
1751221657073 0.719872772693634 15067
1751221658132 1.2743967771530151 15068
1751221659175 0.8391119837760925 15069
1751221660238 0.7377992868423462 15070
1751221661267 0.7038175463676453 15071
1751221662495 1.6305732727050781 15072
1751221663560 0.6502751708030701 15073
1751221664439 1.2620559930801392 15074
1751221665498 0.5723913311958313 15075
1751221666541 0.8896331787109375 15076
1751221667616 1.3713550567626953 15077
1751221668702 0.7898792624473572 15078
1751221669911 0.7034117579460144 15079
1751221670972 1.181411623954773 15080
1751221671992 0.9008766412734985 15081
1751221672866 1.1001228094100952 15082
1751221673867 0.6545443534851074 15083
1751221674775 1.170319676399231 15084
1751221675819 0.9606065154075623 15085
1751221676965 0.029215799644589424 15086
1751221677997 0.5911918878555298 15087
1751221678950 1.0516780614852905 15088
1751221680017 1.3148558139801025 15089
1751221681063 0.7470147013664246 15090
1751221682142 0.8264335989952087 15091
1751221683124 1.9496233463287354 15092
1751221684415 0.9331510663032532 15093
1751221685419 0.8463961482048035 15094
1751221686523 0.8223825693130493 15095
1751221687529 0.8664922118186951 15096
1751221688604 1.1216650009155273 15097
1751221689676 0.736745297908783 15098
1751221690781 1.3740495443344116 15099
1751221691899 0.6888541579246521 15100
1751221692947 0.25472891330718994 15101
1751221694073 1.4370087385177612 15102
1751221695090 0.7809381484985352 15103
1751221696125 1.429789423942566 15104
1751221697173 0.5893852114677429 15105
1751221698256 1.6166836023330688 15106
1751221699575 0.7651265263557434 15107
1751221700661 0.5649853348731995 15108
1751221701697 0.5610439777374268 15109
1751221702728 0.9809240698814392 15110
1751221703787 0.13822206854820251 15111
1751221704837 0.5913843512535095 15112
1751221705893 0.6322799324989319 15113
1751221707064 2.816739320755005 15114
1751221708126 1.0138412714004517 15115
1751221709180 0.9134065508842468 15116
1751221710229 0.8778005838394165 15117
1751221711326 0.5719265341758728 15118
1751221712393 0.5871487855911255 15119
1751221713493 0.5652263760566711 15120
1751221714807 0.8313590288162231 15121
1751221715894 0.767522931098938 15122
1751221716812 0.2857455313205719 15123
1751221717858 1.2063696384429932 15124
1751221718815 2.036848783493042 15125
1751221719856 0.6652408838272095 15126
1751221720905 1.106890082359314 15127
1751221722255 0.5900207757949829 15128
1751221723290 1.2197446823120117 15129
1751221724361 0.9567564129829407 15130
1751221725434 0.4934055507183075 15131
1751221726355 0.8738391995429993 15132
1751221727400 0.7063900828361511 15133
1751221728436 0.5460706949234009 15134
1751221729753 0.547622561454773 15135
1751221730780 0.9870001077651978 15136
1751221731830 1.1072959899902344 15137
1751221732896 0.4656408727169037 15138
1751221733942 0.5310855507850647 15139
1751221734985 0.9059976935386658 15140
1751221736252 0.6066707372665405 15141
1751221737365 0.7077323794364929 15142
1751221738361 0.8789022564888 15143
1751221739434 1.2277034521102905 15144
1751221740527 0.7123876214027405 15145
1751221741609 1.04022216796875 15146
1751221742502 0.5985191464424133 15147
1751221743808 0.5754556059837341 15148
1751221744850 0.8905168771743774 15149
1751221745907 0.7445380091667175 15150
1751221746925 0.7331547141075134 15151
1751221747946 1.1065422296524048 15152
1751221748993 0.6315598487854004 15153
1751221750036 0.9928819537162781 15154
1751221751291 0.6567105650901794 15155
1751221752313 0.9324980974197388 15156
1751221753410 0.7802595496177673 15157
1751221754422 1.4258711338043213 15158
1751221755492 0.9893718957901001 15159
1751221756554 0.5778231024742126 15160
1751221757608 0.9507472515106201 15161
1751221758926 0.5385860800743103 15162
1751221760023 2.097113847732544 15163
1751221761105 0.7395085692405701 15164
1751221762141 0.9913312792778015 15165
1751221763205 0.784122884273529 15166
1751221764224 1.1965856552124023 15167
1751221765157 1.2079018354415894 15168
1751221766448 0.6405538320541382 15169
1751221767529 0.7011372447013855 15170
1751221768442 1.1472402811050415 15171
1751221769547 0.8443793654441833 15172
1751221770638 0.8006395697593689 15173
1751221771660 0.8586223721504211 15174
1751221772514 0.6880379915237427 15175
1751221773761 0.5336592793464661 15176
1751221774791 0.9799492955207825 15177
1751221775834 0.06284933537244797 15178
1751221776889 0.5864609479904175 15179
1751221777932 0.5892012119293213 15180
1751221779010 3.420454502105713 15181
1751221780044 1.0021567344665527 15182
1751221781352 0.4209762215614319 15183
1751221782409 0.6203462481498718 15184
1751221783467 0.6403700709342957 15185
1751221784509 0.555751621723175 15186
1751221785390 1.2417372465133667 15187
1751221786446 0.5308566093444824 15188
1751221787479 0.5261077284812927 15189
1751221788795 0.6416179537773132 15190
1751221789817 0.6664162278175354 15191
1751221790844 0.3780386447906494 15192
1751221791883 1.318784236907959 15193
1751221792883 0.6963830590248108 15194
1751221793971 0.7161468863487244 15195
1751221794994 0.7612126469612122 15196
1751221796269 1.1933679580688477 15197
1751221797339 0.7045011520385742 15198
1751221798374 0.915778398513794 15199
1751221799449 0.8345619440078735 15200
1751221800498 0.6915785670280457 15201
1751221801543 1.0615770816802979 15202
1751221802563 0.6506908535957336 15203
1751221803989 0.7131868004798889 15204
1751221805041 1.0445953607559204 15205
1751221806054 0.7880200743675232 15206
1751221807076 1.145589828491211 15207
1751221808091 0.16978636384010315 15208
1751221809135 0.6736461520195007 15209
1751221810180 1.3196688890457153 15210
1751221811472 0.6858789324760437 15211
1751221812497 0.8089632391929626 15212
1751221813524 0.24088631570339203 15213
1751221814404 0.3864462971687317 15214
1751221815424 0.6361693739891052 15215
1751221816494 0.7296847701072693 15216
1751221817532 0.4714685380458832 15217
1751221818732 1.903089165687561 15218
1751221819789 0.34946712851524353 15219
1751221820925 0.5096607804298401 15220
1751221821928 1.876994013786316 15221
1751221822965 0.6677519679069519 15222
1751221823993 0.9569253325462341 15223
1751221825067 0.6106055974960327 15224
1751221826413 0.7444297075271606 15225
1751221827476 0.6257987022399902 15226
1751221828515 1.0131202936172485 15227
1751221829640 0.20162630081176758 15228
1751221830784 1.3854396343231201 15229
1751221831847 0.3500625193119049 15230
1751221832874 0.8562502264976501 15231
1751221834157 1.0483440160751343 15232
1751221835180 1.1241533756256104 15233
1751221836275 0.8674217462539673 15234
1751221837170 0.8409513831138611 15235
1751221838263 0.8787261843681335 15236
1751221839206 0.5689554810523987 15237
1751221840297 0.9394552707672119 15238
1751221841604 1.430797815322876 15239
1751221842696 0.5577893257141113 15240
1751221843722 0.8752304315567017 15241
1751221844774 0.8799266815185547 15242
1751221845818 0.5440497398376465 15243
1751221846870 1.152600646018982 15244
1751221848300 0.8060302734375 15245
1751221849213 0.6081799864768982 15246
1751221850285 0.7944931387901306 15247
1751221851387 0.9229328036308289 15248
1751221852476 1.3369388580322266 15249
1751221853504 1.240067720413208 15250
1751221854521 0.6108307242393494 15251
1751221855911 0.9814613461494446 15252
1751221856854 1.4615908861160278 15253
1751221857888 0.751046895980835 15254
1751221858989 0.696791410446167 15255
1751221859964 1.817667841911316 15256
1751221861017 0.714460015296936 15257
1751221862081 0.7279524207115173 15258
1751221863358 0.8214756846427917 15259
1751221864412 0.673920750617981 15260
1751221865482 0.724445641040802 15261
1751221866444 1.6050747632980347 15262
1751221867563 1.092275857925415 15263
1751221868622 0.7490059733390808 15264
1751221869703 0.7871114015579224 15265
1751221871019 0.8413000106811523 15266
1751221872043 1.0147860050201416 15267
1751221873096 1.1472175121307373 15268
1751221874146 0.5926930904388428 15269
1751221875076 2.2423291206359863 15270
1751221876164 1.4184499979019165 15271
1751221877491 0.5774364471435547 15272
1751221878405 1.0062952041625977 15273
1751221879478 0.5071598887443542 15274
1751221880437 0.916810154914856 15275
1751221881506 0.6531680822372437 15276
1751221882543 0.6045089364051819 15277
1751221883682 0.6102213263511658 15278
1751221885002 0.7909388542175293 15279
1751221886095 1.765810251235962 15280
1751221887151 0.8201757669448853 15281
1751221888260 0.9341821074485779 15282
1751221889346 1.4413461685180664 15283
1751221890447 1.166664958000183 15284
1751221891490 0.937919557094574 15285
1751221892874 0.911451518535614 15286
1751221893889 0.9947683215141296 15287
1751221895028 0.728173553943634 15288
1751221896056 1.365530252456665 15289
1751221897137 0.9443077445030212 15290
1751221898215 0.939731776714325 15291
1751221899266 1.3553600311279297 15292
1751221900555 0.370869904756546 15293
1751221901595 1.0248959064483643 15294
1751221902675 0.6597022414207458 15295
1751221903794 0.6361608505249023 15296
1751221904819 0.6365198493003845 15297
1751221905899 0.7306795716285706 15298
1751221906951 0.5479242205619812 15299
1751221908226 0.679996907711029 15300
1751221909240 0.6591062545776367 15301
1751221910330 0.716277539730072 15302
1751221911367 0.6989691257476807 15303
1751221912451 1.0320936441421509 15304
1751221913515 0.775610089302063 15305
1751221914611 0.8758306503295898 15306
1751221915890 1.1352332830429077 15307
1751221916837 1.2087713479995728 15308
1751221917924 0.556704044342041 15309
1751221918957 0.5807483792304993 15310
1751221920095 0.1764853149652481 15311
1751221921136 0.6857607960700989 15312
1751221922299 1.0436301231384277 15313
1751221923332 1.0150774717330933 15314
1751221924422 0.5805028080940247 15315
1751221925477 0.7236945629119873 15316
1751221926561 1.2302402257919312 15317
1751221927690 0.38828805088996887 15318
1751221928735 0.8631065487861633 15319
1751221930081 1.4197958707809448 15320
1751221931170 0.6898853182792664 15321
1751221932242 0.9404310584068298 15322
1751221933295 0.6237155795097351 15323
1751221934393 0.29739147424697876 15324
1751221935446 0.5012668967247009 15325
1751221936504 1.180662989616394 15326
1751221937763 0.9706780314445496 15327
1751221938836 0.44150224328041077 15328
1751221939892 0.7321395874023438 15329
1751221940973 0.9015352129936218 15330
1751221942059 0.682422399520874 15331
1751221943173 0.5179363489151001 15332
1751221944084 0.18309471011161804 15333
1751221945403 1.1117982864379883 15334
1751221946441 0.6301641464233398 15335
1751221947472 1.1685587167739868 15336
1751221948491 0.9210245013237 15337
1751221949590 1.3765283823013306 15338
1751221950670 0.6050240397453308 15339
1751221951732 0.5899319052696228 15340
1751221953001 1.2732495069503784 15341
1751221954055 0.6133589148521423 15342
1751221955122 0.8601865768432617 15343
1751221956163 0.4408349096775055 15344
1751221957259 0.7821061611175537 15345
1751221958298 0.4879727363586426 15346
1751221959214 0.8893987536430359 15347
1751221960503 0.5881263613700867 15348
1751221961579 0.8015745282173157 15349
1751221962641 1.1744489669799805 15350
1751221963676 1.148415207862854 15351
1751221964710 0.4433242380619049 15352
1751221965739 2.384840726852417 15353
1751221966783 1.2984942197799683 15354
1751221968108 1.1183340549468994 15355
1751221969157 0.9403254389762878 15356
1751221970230 0.8377122282981873 15357
1751221971340 0.9350301027297974 15358
1751221972427 0.7297399640083313 15359
1751221973479 0.6531448364257812 15360
1751221974547 0.9118989109992981 15361
1751221975877 1.123629093170166 15362
1751221977001 0.49798741936683655 15363
1751221977990 3.6362743377685547 15364
1751221979060 0.18218401074409485 15365
1751221980160 1.1094449758529663 15366
1751221981242 0.496555894613266 15367
1751221982354 0.9476737976074219 15368
1751221983654 0.866611123085022 15369
1751221984738 0.774335503578186 15370
1751221985807 0.80625981092453 15371
1751221986817 0.07671891897916794 15372
1751221987853 1.2038888931274414 15373
1751221988912 0.6398086547851562 15374
1751221990346 1.4797319173812866 15375
1751221991439 0.6971375942230225 15376
1751221992508 1.0262683629989624 15377
1751221993605 0.9240652322769165 15378
1751221994686 0.6441353559494019 15379
1751221995747 0.8721031546592712 15380
1751221996784 1.0207736492156982 15381
1751221998204 0.7956470847129822 15382
1751221999246 0.9309817552566528 15383
1751222000313 0.6622541546821594 15384
1751222001389 0.711439311504364 15385
1751222002473 0.3520267903804779 15386
1751222003545 1.0815871953964233 15387
1751222004621 0.7745406031608582 15388
1751222005995 0.5416332483291626 15389
1751222007057 0.4728357493877411 15390
1751222008093 0.8863008618354797 15391
1751222009188 0.7366234660148621 15392
1751222010213 0.7386047840118408 15393
1751222011315 0.9764600992202759 15394
1751222012418 0.6892843246459961 15395
1751222013677 0.6993935704231262 15396
1751222014722 1.121514081954956 15397
1751222015771 0.816041111946106 15398
1751222016832 1.306119441986084 15399
1751222017894 1.169926643371582 15400
1751222018798 0.7016124725341797 15401
1751222020145 0.6561091542243958 15402
1751222021217 1.1634137630462646 15403
1751222022259 0.7320380806922913 15404
1751222023345 1.100901484489441 15405
1751222024354 1.646877646446228 15406
1751222025328 0.6458503603935242 15407
1751222026419 0.08542369306087494 15408
1751222027758 0.9753624200820923 15409
1751222028782 1.359606146812439 15410
1751222029852 0.7225217819213867 15411
1751222030913 0.9641915559768677 15412
1751222032005 1.117734670639038 15413
1751222033071 0.6817988157272339 15414
1751222034154 2.2504029273986816 15415
1751222035514 0.805014431476593 15416
1751222036566 0.9522785544395447 15417
1751222037597 0.9245589375495911 15418
1751222038629 0.6275726556777954 15419
1751222039671 0.6138790249824524 15420
1751222040676 0.6872733235359192 15421
1751222041724 0.2460794299840927 15422
1751222042926 0.5272490382194519 15423
1751222044019 0.7715961337089539 15424
1751222045096 1.158267617225647 15425
1751222046138 0.9368700385093689 15426
1751222047272 0.40581122040748596 15427
1751222048285 1.053303837776184 15428
1751222049339 0.4490533769130707 15429
1751222050651 0.18973061442375183 15430
1751222051766 1.4314556121826172 15431
1751222052837 0.6905445456504822 15432
1751222053950 0.7453145980834961 15433
1751222055004 0.696546733379364 15434
1751222056046 0.8862172961235046 15435
1751222057360 0.9131494760513306 15436
1751222058387 1.0646358728408813 15437
1751222059484 1.5149285793304443 15438
1751222060525 1.0579760074615479 15439
1751222061596 0.9072350859642029 15440
1751222062658 0.9756327867507935 15441
1751222063699 0.692293643951416 15442
1751222065041 0.7278849482536316 15443
1751222066156 0.6545437574386597 15444
1751222067206 0.6138246655464172 15445
1751222068311 1.2653834819793701 15446
1751222069222 0.7615628242492676 15447
1751222070345 0.4917829632759094 15448
1751222071434 0.669402539730072 15449
1751222072691 0.7425056099891663 15450
1751222073767 0.7248730063438416 15451
1751222074801 0.4399764835834503 15452
1751222075918 1.034324288368225 15453
1751222077002 1.1916608810424805 15454
1751222078068 0.516200840473175 15455
1751222078972 0.5935431122779846 15456
1751222080322 1.0817289352416992 15457
1751222081367 0.17735283076763153 15458
1751222082424 0.9401557445526123 15459
1751222083487 0.7460135221481323 15460
1751222084525 0.7256070971488953 15461
1751222085597 0.4510088860988617 15462
1751222086944 0.6238873600959778 15463
1751222087864 2.36407732963562 15464
1751222088879 0.7070320248603821 15465
1751222089972 1.1282449960708618 15466
1751222091035 1.138479232788086 15467
1751222092048 0.7346261143684387 15468
1751222093099 0.9242761731147766 15469
1751222094489 0.7993564009666443 15470
1751222095537 1.674660325050354 15471
1751222096662 1.3547706604003906 15472
1751222097726 0.5112602114677429 15473
1751222098794 0.7912766337394714 15474
1751222099822 1.1118961572647095 15475
1751222100870 0.8827295303344727 15476
1751222102200 0.7427363991737366 15477
1751222103227 0.8259530067443848 15478
1751222104404 0.9748873114585876 15479
1751222105326 0.7340142130851746 15480
1751222106376 1.2764843702316284 15481
1751222107510 0.6600916385650635 15482
1751222108834 0.6451138854026794 15483
1751222109860 0.501010537147522 15484
1751222110894 0.12734022736549377 15485
1751222111940 1.0011228322982788 15486
1751222112995 0.5070560574531555 15487
1751222114031 1.0063661336898804 15488
1751222115128 0.786348819732666 15489
1751222116551 0.8390668630599976 15490
1751222117602 1.4367468357086182 15491
1751222118633 0.8198230862617493 15492
1751222119727 0.7341790199279785 15493
1751222120765 1.8807090520858765 15494
1751222121790 0.6600412130355835 15495
1751222122812 0.6627935767173767 15496
1751222124216 1.0101139545440674 15497
1751222125287 0.3260563015937805 15498
1751222126361 0.520041286945343 15499
1751222127428 1.1592172384262085 15500
1751222128516 0.6128888726234436 15501
1751222129576 1.9577432870864868 15502
1751222130839 0.600853681564331 15503
1751222131882 0.7874321937561035 15504
1751222132942 0.8031237721443176 15505
1751222134024 0.514374315738678 15506
1751222135097 0.6898253560066223 15507
1751222136158 1.2879348993301392 15508
1751222137236 0.4376283884048462 15509
1751222138506 1.1580089330673218 15510
1751222139540 0.7728286385536194 15511
1751222140648 1.1448997259140015 15512
1751222141598 0.8410437703132629 15513
1751222142715 1.0358567237854004 15514
1751222143763 1.2467676401138306 15515
1751222144857 0.588654100894928 15516
1751222146181 0.8765937685966492 15517
1751222147253 0.7628597617149353 15518
1751222148331 0.8548336029052734 15519
1751222149473 0.6185552477836609 15520
1751222150557 0.742813766002655 15521
1751222151602 0.5537817478179932 15522
1751222152848 1.0258762836456299 15523
1751222153925 1.3669828176498413 15524
1751222154978 0.5359112620353699 15525
1751222155945 0.9081009030342102 15526
1751222156846 1.0980888605117798 15527
1751222157938 0.8152639269828796 15528
1751222158887 1.2839373350143433 15529
1751222160166 0.628616213798523 15530
1751222161210 1.1733604669570923 15531
1751222162355 0.7999621033668518 15532
1751222163407 1.1179049015045166 15533
1751222164474 0.6038857102394104 15534
1751222165548 0.6612066626548767 15535
1751222166653 1.0221245288848877 15536
1751222167921 0.8330795168876648 15537
1751222169009 0.7040197253227234 15538
1751222170028 0.594730794429779 15539
1751222171137 0.7813891768455505 15540
1751222172212 0.825194239616394 15541
1751222173337 0.8657415509223938 15542
1751222174436 0.7539703845977783 15543
1751222175772 0.6109325289726257 15544
1751222176802 0.8450892567634583 15545
1751222177868 0.3728315830230713 15546
1751222178922 1.0644482374191284 15547
1751222180053 0.6314774751663208 15548
1751222181117 0.7035402655601501 15549
1751222182479 0.8819950222969055 15550
1751222183551 0.5770362019538879 15551
1751222184502 0.8846403360366821 15552
1751222185539 0.4558754861354828 15553
1751222186618 0.71480792760849 15554
1751222187636 0.785724401473999 15555
1751222188722 1.0328810214996338 15556
1751222190037 0.7908068895339966 15557
1751222191096 0.6304931044578552 15558
1751222192140 1.026745080947876 15559
1751222193208 0.7985041737556458 15560
1751222194239 0.8044697642326355 15561
1751222195293 0.9855015873908997 15562
1751222196320 0.3492155373096466 15563
1751222197674 0.5055845379829407 15564
1751222198709 0.686141848564148 15565
1751222199840 0.9530229568481445 15566
1751222200732 0.9894536137580872 15567
1751222201761 0.25573989748954773 15568
1751222202812 0.5778300762176514 15569
1751222204216 0.7165297865867615 15570
1751222205147 0.6907389163970947 15571
1751222206166 0.6133936643600464 15572
1751222207071 1.064294457435608 15573
1751222208113 0.06550553441047668 15574
1751222209088 1.1674546003341675 15575
1751222209975 1.2896254062652588 15576
1751222211257 0.7002310752868652 15577
1751222212313 0.9428380131721497 15578
1751222213385 0.7435620427131653 15579
1751222214497 1.0265657901763916 15580
1751222215635 0.6423894166946411 15581
1751222216526 0.6271405816078186 15582
1751222217569 1.025444507598877 15583
1751222218970 1.0519933700561523 15584
1751222220092 0.7187914252281189 15585
1751222221156 1.0393133163452148 15586
1751222222237 1.3463577032089233 15587
1751222223328 0.5850271582603455 15588
1751222224379 0.6318669319152832 15589
1751222225701 0.8142609596252441 15590
1751222226736 0.7026392221450806 15591
1751222227813 0.9778834581375122 15592
1751222228920 0.7982681393623352 15593
1751222229955 0.6719832420349121 15594
1751222231030 0.8231182098388672 15595
1751222232125 0.6395126581192017 15596
1751222233440 1.1940292119979858 15597
1751222234480 0.6944478154182434 15598
1751222235579 0.8803407549858093 15599
1751222236655 0.6267354488372803 15600
1751222237722 1.1704580783843994 15601
1751222238792 0.9984921216964722 15602
1751222239910 1.3137613534927368 15603
1751222241209 0.6738940477371216 15604
1751222242326 0.5772767663002014 15605
1751222243368 0.3218725621700287 15606
1751222244421 0.7006641030311584 15607
1751222245464 1.2883113622665405 15608
1751222246543 0.7902798056602478 15609
1751222247836 0.8468637466430664 15610
1751222248885 0.7586919665336609 15611
1751222249951 0.6861163377761841 15612
1751222251002 0.7228990793228149 15613
1751222251947 0.9522836804389954 15614
1751222253021 0.5736119151115417 15615
1751222254052 1.2332843542099 15616
1751222255371 0.9192551970481873 15617
1751222256470 0.7143014669418335 15618
1751222257530 0.519989013671875 15619
1751222258618 1.5856622457504272 15620
1751222259702 0.7247514724731445 15621
1751222260805 0.9136554002761841 15622
1751222261880 0.8288235068321228 15623
1751222263258 0.5955179929733276 15624
1751222264297 0.7769033312797546 15625
1751222265367 1.1518679857254028 15626
1751222266415 0.7273353934288025 15627
1751222267562 1.0611450672149658 15628
1751222268637 1.043813705444336 15629
1751222269729 0.5497939586639404 15630
1751222271074 0.5892748832702637 15631
1751222272180 0.825090765953064 15632
1751222273266 1.230566382408142 15633
1751222274324 1.0158967971801758 15634
1751222275433 1.3878271579742432 15635
1751222276486 0.74325031042099 15636
1751222277824 0.8054033517837524 15637
1751222278869 0.1154661551117897 15638
1751222279931 0.7285086512565613 15639
1751222280964 1.0006173849105835 15640
1751222282028 0.9015175700187683 15641
1751222283069 0.54075688123703 15642
1751222284121 0.6962609887123108 15643
1751222285406 0.5702541470527649 15644
1751222286489 0.6577742695808411 15645
1751222287574 1.223413109779358 15646
1751222288619 1.2769215106964111 15647
1751222289711 0.5753195881843567 15648
1751222290737 0.7154529690742493 15649
1751222291765 0.030052805319428444 15650
1751222293162 0.6385558247566223 15651
1751222294188 0.8074459433555603 15652
1751222295304 0.41825607419013977 15653
1751222296414 1.3002227544784546 15654
1751222297532 1.0827263593673706 15655
1751222298562 0.9517008066177368 15656
1751222299936 1.1552724838256836 15657
1751222300987 0.9421579241752625 15658
1751222302019 0.5342828035354614 15659
1751222303081 0.8476201891899109 15660
1751222304157 0.6074093580245972 15661
1751222305210 0.9043529629707336 15662
1751222306304 1.0743879079818726 15663
1751222307736 0.42573127150535583 15664
1751222308784 1.3645603656768799 15665
1751222309869 0.9310672879219055 15666
1751222310917 0.8688036203384399 15667
1751222312007 0.3636193871498108 15668
1751222313069 0.801886260509491 15669
1751222314144 0.9787718057632446 15670
1751222315544 0.5908213257789612 15671
1751222316446 1.3035119771957397 15672
1751222317363 0.9556908011436462 15673
1751222318446 0.759164571762085 15674
1751222319502 0.9831039309501648 15675
1751222320576 0.9454469680786133 15676
1751222321669 0.5713720917701721 15677
1751222322935 0.5367037653923035 15678
1751222324018 0.23832473158836365 15679
1751222325110 0.7122576236724854 15680
1751222326206 0.8288751840591431 15681
1751222327321 1.120203971862793 15682
1751222328436 0.6515052318572998 15683
1751222329846 0.5532675981521606 15684
1751222330921 0.43152499198913574 15685
1751222332010 0.7015742659568787 15686
1751222333093 0.8305355906486511 15687
1751222334156 0.6890864968299866 15688
1751222335253 0.9150677919387817 15689
1751222336182 0.8076332211494446 15690
1751222337551 0.5369347929954529 15691
1751222338670 0.6742596626281738 15692
1751222339769 0.6268734335899353 15693
1751222340802 0.46720948815345764 15694
1751222341896 0.7975203394889832 15695
1751222342982 1.660675048828125 15696
1751222344063 1.3602396249771118 15697
1751222345444 0.7720087766647339 15698
1751222346532 0.4279564619064331 15699
1751222347656 0.7577000856399536 15700
1751222348703 0.728942334651947 15701
1751222349777 0.9589899182319641 15702
1751222350895 0.9396567344665527 15703
1751222352249 1.1541101932525635 15704
1751222353280 1.615566611289978 15705
1751222354318 0.8427641987800598 15706
1751222355384 0.7200548052787781 15707
1751222356435 0.7124536037445068 15708
1751222357477 1.0113095045089722 15709
1751222358545 0.6880099177360535 15710
1751222359878 0.9124860763549805 15711
1751222360900 0.5753061175346375 15712
1751222361946 0.2568645179271698 15713
1751222362964 0.8764588236808777 15714
1751222363868 0.19989262521266937 15715
1751222364905 0.6295991539955139 15716
1751222365960 0.5778030753135681 15717
1751222367406 0.8211519122123718 15718
1751222368424 0.9288168549537659 15719
1751222369449 0.8238939642906189 15720
1751222370485 0.7850239872932434 15721
1751222371556 0.632003903388977 15722
1751222372640 2.0377824306488037 15723
1751222373685 0.9862224459648132 15724
1751222375011 0.7150691151618958 15725
1751222376073 0.5588124990463257 15726
1751222377212 0.6754790544509888 15727
1751222378265 5.594966888427734 15728
1751222379137 1.3505480289459229 15729
1751222380236 0.8070378303527832 15730
1751222381577 1.5060522556304932 15731
1751222382640 0.7917620539665222 15732
1751222383729 0.6655353903770447 15733
1751222384806 1.2355607748031616 15734
1751222385857 1.1085357666015625 15735
1751222386752 0.9370136260986328 15736
1751222387805 1.0312776565551758 15737
1751222389134 0.8481218218803406 15738
1751222390204 1.3925416469573975 15739
1751222391247 0.7710012793540955 15740
1751222392310 0.42220211029052734 15741
1751222393347 0.5739504098892212 15742
1751222394260 0.7054869532585144 15743
1751222395347 0.693278431892395 15744
1751222396676 0.9119715690612793 15745
1751222397828 0.6587659120559692 15746
1751222398924 0.8794804811477661 15747
1751222399948 1.038536548614502 15748
1751222400981 0.7315067052841187 15749
1751222402040 1.410701036453247 15750
1751222403299 0.975943386554718 15751
1751222404330 0.5788167119026184 15752
1751222405400 0.6803392767906189 15753
1751222406437 0.6832993030548096 15754
1751222407574 0.6869234442710876 15755
1751222408468 0.9379864931106567 15756
1751222409571 0.9997987747192383 15757
1751222410939 0.924389660358429 15758
1751222411869 1.4053367376327515 15759
1751222412883 0.7844284176826477 15760
1751222413914 0.7040363550186157 15761
1751222414952 0.4013926386833191 15762
1751222416006 1.1951794624328613 15763
1751222417072 0.6995749473571777 15764
1751222418374 1.0334757566452026 15765
1751222419394 1.010032296180725 15766
1751222420492 0.8804585337638855 15767
1751222421523 0.6054393649101257 15768
1751222422493 3.03509783744812 15769
1751222423581 0.5351260900497437 15770
1751222424612 0.8087258338928223 15771
1751222425787 1.6601930856704712 15772
1751222426844 0.7083181738853455 15773
1751222427883 1.008278489112854 15774
1751222428992 0.5601332783699036 15775
1751222430048 0.8508076071739197 15776
1751222431108 0.5460050702095032 15777
1751222432562 1.1755691766738892 15778
1751222433598 0.704852283000946 15779
1751222434703 0.3876248598098755 15780
1751222435796 1.0750871896743774 15781
1751222436907 0.7487215399742126 15782
1751222437954 1.1720657348632812 15783
1751222438997 1.7744606733322144 15784
1751222440241 0.8492097854614258 15785
1751222441279 0.486100971698761 15786
1751222442348 1.0904654264450073 15787
1751222443244 1.2398617267608643 15788
1751222444315 0.9284182786941528 15789
1751222445354 0.5262336134910583 15790
1751222446708 0.9202985763549805 15791
1751222447778 0.37553390860557556 15792
1751222448818 0.7390511631965637 15793
1751222449876 1.4020575284957886 15794
1751222450881 0.9208875894546509 15795
1751222451906 0.10737942159175873 15796
1751222452948 0.4323420226573944 15797
1751222454255 1.2461975812911987 15798
1751222455272 0.7699877619743347 15799
1751222456393 2.3218045234680176 15800
1751222457440 0.34042978286743164 15801
1751222458488 0.8280290961265564 15802
1751222459572 0.6851349472999573 15803
1751222460906 0.5213203430175781 15804
1751222461950 0.7912339568138123 15805
1751222463022 0.9984089136123657 15806
1751222464144 0.7826382517814636 15807
1751222465060 0.7486512064933777 15808
1751222466128 0.7980335354804993 15809
1751222467200 0.6852187514305115 15810
1751222468535 0.4748872220516205 15811
1751222469637 0.9622580409049988 15812
1751222470717 0.9625967144966125 15813
1751222471808 0.6358103156089783 15814
1751222472882 0.5592917799949646 15815
1751222473965 0.7808260321617126 15816
1751222475323 0.8880905508995056 15817
1751222476410 1.3421581983566284 15818
1751222477486 0.694671094417572 15819
1751222478508 0.4752373695373535 15820
1751222479370 0.89480060338974 15821
1751222480432 0.7827137112617493 15822
1751222481510 0.7760764956474304 15823
1751222482846 0.7190503478050232 15824
1751222483881 1.4716475009918213 15825
1751222484924 0.4476110637187958 15826
1751222485970 0.9563100934028625 15827
1751222487031 0.9275450110435486 15828
1751222488093 0.9681119322776794 15829
1751222489445 1.7195446491241455 15830
1751222490412 1.3585385084152222 15831
1751222491350 2.5213940143585205 15832
1751222492401 0.7372123599052429 15833
1751222493441 0.6226669549942017 15834
1751222494509 1.336946725845337 15835
1751222495886 0.08399493992328644 15836
1751222496951 0.6273130774497986 15837
1751222498004 1.940757155418396 15838
1751222499046 0.8651836514472961 15839
1751222500091 0.46481773257255554 15840
1751222501106 0.8387789130210876 15841
1751222502147 0.46903344988822937 15842
1751222503358 1.0658241510391235 15843
1751222504399 0.5343126654624939 15844
1751222505464 0.25487688183784485 15845
1751222506557 0.5308493375778198 15846
1751222507506 1.3567063808441162 15847
1751222508542 1.4751242399215698 15848
1751222509593 0.8107773661613464 15849
1751222511086 1.5015686750411987 15850
1751222512164 0.7450484037399292 15851
1751222513240 0.5284081697463989 15852
1751222514274 1.0833724737167358 15853
1751222515407 0.47492390871047974 15854
1751222516321 2.1108288764953613 15855
1751222517597 0.9659458994865417 15856
1751222518548 1.8276017904281616 15857
1751222519613 0.6694459319114685 15858
1751222520742 0.9786613583564758 15859
1751222521849 1.2069510221481323 15860
1751222522901 0.8954510688781738 15861
1751222523855 1.006182074546814 15862
1751222525144 0.49772748351097107 15863
1751222526166 0.7745922803878784 15864
1751222527195 0.8918056488037109 15865
1751222528231 1.0860856771469116 15866
1751222529279 1.043103575706482 15867
1751222530358 1.5522903203964233 15868
1751222531640 1.3024345636367798 15869
1751222532755 0.7061001658439636 15870
1751222533827 0.9896222352981567 15871
1751222534873 0.9884869456291199 15872
1751222535892 0.2851090729236603 15873
1751222536941 0.6635882258415222 15874
1751222537963 1.2661350965499878 15875
1751222539306 0.7193781733512878 15876
1751222540402 0.6850435137748718 15877
1751222541454 1.6400593519210815 15878
1751222542501 1.3851929903030396 15879
1751222543560 0.7134597897529602 15880
1751222544651 2.092259645462036 15881
1751222545956 1.1326391696929932 15882
1751222547071 1.128322720527649 15883
1751222548169 0.731986403465271 15884
1751222549198 0.5626616477966309 15885
1751222550228 0.8126220703125 15886
1751222551316 0.8756654858589172 15887
1751222552190 0.7384433746337891 15888
1751222553446 1.7226310968399048 15889
1751222554537 0.7580463290214539 15890
1751222555653 0.9825656414031982 15891
1751222556719 0.8377546668052673 15892
1751222557793 0.9282245635986328 15893
1751222558830 0.7758292555809021 15894
1751222560132 0.7132065892219543 15895
1751222561176 0.6906946301460266 15896
1751222562254 0.7861528992652893 15897
1751222563304 0.963326096534729 15898
1751222564384 0.836866557598114 15899
1751222565434 0.5446716547012329 15900
1751222566465 0.9231260418891907 15901
1751222567761 1.5601800680160522 15902
1751222568828 0.9140130877494812 15903
1751222569899 0.849872887134552 15904
1751222570944 0.9126644134521484 15905
1751222571925 1.673431634902954 15906
1751222572856 0.9510582089424133 15907
1751222574253 0.6959030032157898 15908
1751222575279 1.3765751123428345 15909
1751222576351 0.6001065373420715 15910
1751222577423 0.6873823404312134 15911
1751222578498 1.3801307678222656 15912
1751222579581 0.9984092712402344 15913
1751222580514 2.234578847885132 15914
1751222581842 0.7714925408363342 15915
1751222582889 0.8950567245483398 15916
1751222583968 0.9666263461112976 15917
1751222585035 0.7696955800056458 15918
1751222586119 0.04605705663561821 15919
1751222587188 0.5622097849845886 15920
1751222588500 0.7940199971199036 15921
1751222589527 0.7200132012367249 15922
1751222590492 1.9824743270874023 15923
1751222591564 0.08355294913053513 15924
1751222592662 0.7247653603553772 15925
1751222594132 0.7511681318283081 15926
1751222595191 1.003142237663269 15927
1751222596680 0.999110221862793 15928
1751222598197 1.6344025135040283 15929
1751222601062 0.7926310300827026 15930
1751222602092 0.9276218414306641 15931
1751222603140 0.7522510886192322 15932
1751222604198 0.7668831944465637 15933
1751222605100 3.117319345474243 15934
1751222606281 0.7742239236831665 15935
1751222608892 0.920367419719696 15936
1751222609963 0.5103086233139038 15937
1751222611074 0.8485156893730164 15938
1751222612114 0.28181612491607666 15939
1751222613181 0.7511711120605469 15940
1751222615134 1.1886683702468872 15941
1751222617024 0.7576196193695068 15942
1751222618460 0.6715657114982605 15943
1751222619881 1.2580041885375977 15944
1751222621208 0.8148253560066223 15945
1751222622701 0.6741929054260254 15946
1751222623909 0.7820392847061157 15947
1751222625221 0.9128705263137817 15948
1751222626323 0.4685423970222473 15949
1751222627385 1.0360898971557617 15950
1751222628469 0.6995203495025635 15951
1751222629513 0.7899491190910339 15952
1751222630445 0.7183927893638611 15953
1751222631734 1.1834602355957031 15954
1751222632620 0.7230674624443054 15955
1751222633674 0.8745216727256775 15956
1751222634717 0.7481284141540527 15957
1751222635748 0.5697210431098938 15958
1751222636852 0.46528950333595276 15959
1751222637922 1.3082836866378784 15960
1751222639272 0.9819319844245911 15961
1751222640341 1.6600900888442993 15962
1751222641427 0.4920521378517151 15963
1751222642489 0.554597795009613 15964
1751222643588 0.6318029761314392 15965
1751222644639 0.7779697775840759 15966
1751222646035 0.7439777255058289 15967
1751222646971 0.6052419543266296 15968
1751222648016 0.6170763373374939 15969
1751222649039 0.47590452432632446 15970
1751222650113 0.8067367672920227 15971
1751222651169 0.7582240104675293 15972
1751222652216 0.9351937174797058 15973
1751222653368 1.0644582509994507 15974
1751222654433 0.9294589161872864 15975
1751222655509 1.0174099206924438 15976
1751222656589 0.25074532628059387 15977
1751222657649 0.5434218645095825 15978
1751222658692 0.6961686611175537 15979
1751222659992 1.410502314567566 15980
1751222661050 0.9323280453681946 15981
1751222662087 0.6842018365859985 15982
1751222662975 1.1008143424987793 15983
1751222663979 0.8161647915840149 15984
1751222665096 1.3902777433395386 15985
1751222666131 1.125059962272644 15986
1751222667457 0.5896940231323242 15987
1751222668383 0.9138925671577454 15988
1751222669431 0.826755940914154 15989
1751222670508 2.2551610469818115 15990
1751222671571 0.8488502502441406 15991
1751222672648 0.7426945567131042 15992
1751222673973 2.4857051372528076 15993
1751222675013 1.058068871498108 15994
1751222676106 0.7587124705314636 15995
1751222677251 1.404046654701233 15996
1751222678270 1.2377763986587524 15997
1751222679327 1.1152100563049316 15998
1751222680482 1.2335857152938843 15999
1751222681533 1.5598596334457397 16000
1751222682606 0.7526106834411621 16001
1751222683520 2.3410394191741943 16002
1751222684594 0.917529284954071 16003
1751222685519 1.3337913751602173 16004
1751222686575 0.961850643157959 16005
1751222687949 0.41119498014450073 16006
1751222689035 0.803104043006897 16007
1751222690446 0.5034003257751465 16008
1751222691758 0.6950721740722656 16009
1751222695294 0.7092893719673157 16010
1751222696365 1.189158320426941 16011
1751222697688 0.6860817074775696 16012
1751222698750 0.8548141717910767 16013
1751222699828 0.636518657207489 16014
1751222702174 0.7343277931213379 16015
1751222704664 0.10095386952161789 16016
1751222705774 0.6117006540298462 16017
1751222706846 0.5719646215438843 16018
1751222708199 1.069473147392273 16019
1751222711147 0.9682691693305969 16020
1751222712519 0.8886260986328125 16021
1751222713607 0.781091034412384 16022
1751222715699 0.6553632616996765 16023
1751222717060 0.918005108833313 16024
1751222718527 1.02196204662323 16025
1751222719695 1.4170958995819092 16026
1751222720769 0.6201063990592957 16027
1751222721817 0.9356991052627563 16028
1751222722749 1.2679635286331177 16029
1751222723802 0.9261953234672546 16030
1751222725085 1.4454913139343262 16031
1751222726143 1.6754473447799683 16032
1751222727169 0.287061870098114 16033
1751222728215 0.266265332698822 16034
1751222729283 0.521308183670044 16035
1751222730323 0.8155617117881775 16036
1751222731399 0.9990608096122742 16037
1751222732637 0.7894299030303955 16038
1751222733653 0.6064231395721436 16039
1751222734701 0.9367924928665161 16040
1751222735826 1.4028385877609253 16041
1751222736885 0.8146557211875916 16042
1751222737914 0.6363064646720886 16043
1751222738808 5.434804916381836 16044
1751222740214 0.8302675485610962 16045
1751222741272 0.7203724980354309 16046
1751222742283 0.6531885862350464 16047
1751222743341 0.7874016165733337 16048
1751222744402 0.9580524563789368 16049
1751222745468 0.4973866939544678 16050
1751222746590 0.9235662817955017 16051
1751222747647 0.8660263419151306 16052
1751222748727 0.9719541668891907 16053
1751222749818 0.789323627948761 16054
1751222750833 0.8277389407157898 16055
1751222751887 1.1825026273727417 16056
1751222753088 2.8259522914886475 16057
1751222753945 1.4034613370895386 16058
1751222754958 0.44969940185546875 16059
1751222756001 0.9054113626480103 16060
1751222756916 1.405434012413025 16061
1751222757949 0.9924888610839844 16062
1751222759022 0.8669775128364563 16063
1751222760193 1.0327621698379517 16064
1751222761254 0.4278223216533661 16065
1751222762285 0.8674063086509705 16066
1751222763357 0.9906126260757446 16067
1751222764393 0.6438819169998169 16068
1751222765501 1.0205873250961304 16069
1751222766546 0.5123801827430725 16070
1751222767916 0.4805928170681 16071
1751222768995 0.5554254651069641 16072
1751222770028 1.1171029806137085 16073
1751222771145 1.0184004306793213 16074
1751222772175 0.430722713470459 16075
1751222773294 0.8731271028518677 16076
1751222774644 1.0194849967956543 16077
1751222775735 0.532562255859375 16078
1751222776798 0.4062921702861786 16079
1751222777938 0.47903597354888916 16080
1751222778996 0.8597213625907898 16081
1751222780064 0.18450258672237396 16082
1751222781147 0.5642014145851135 16083
1751222782523 1.1504539251327515 16084
1751222783606 1.3631422519683838 16085
1751222784689 0.49611687660217285 16086
1751222785796 0.9908949136734009 16087
1751222786848 1.7193893194198608 16088
1751222787865 0.8747488260269165 16089
1751222789152 0.588590681552887 16090
1751222790232 0.7334892153739929 16091
1751222791289 0.8370394706726074 16092
1751222792359 0.3853936791419983 16093
1751222793366 0.7564563751220703 16094
1751222794374 1.2044525146484375 16095
1751222795502 0.7404025793075562 16096
1751222796795 0.5211588740348816 16097
1751222797814 0.6994504928588867 16098
1751222798842 0.4705830514431 16099
1751222799928 1.352662444114685 16100
1751222800972 0.4592249095439911 16101
1751222802028 1.061215877532959 16102
1751222803302 2.2440311908721924 16103
1751222804228 1.1810741424560547 16104
1751222805349 0.5889906287193298 16105
1751222806371 1.00839102268219 16106
1751222807430 0.5380874276161194 16107
1751222808347 1.3205394744873047 16108
1751222809418 0.721698522567749 16109
1751222810696 0.7776069045066833 16110
1751222811631 0.6465654969215393 16111
1751222812690 0.6744416952133179 16112
1751222813731 0.7336587309837341 16113
1751222814749 0.5461230874061584 16114
1751222815652 4.055224895477295 16115
1751222816956 0.6443892121315002 16116
1751222817850 1.6170434951782227 16117
1751222818888 0.576465904712677 16118
1751222819772 0.04024903103709221 16119
1751222820842 1.301681399345398 16120
1751222821876 0.698685348033905 16121
1751222822904 0.6009127497673035 16122
1751222824183 0.5877072215080261 16123
1751222825235 1.6180275678634644 16124
1751222826297 0.7169973254203796 16125
1751222827322 1.9910122156143188 16126
1751222828314 0.8326428532600403 16127
1751222829392 0.8778689503669739 16128
1751222830829 0.6830146312713623 16129
1751222831904 0.5624751448631287 16130
1751222833025 1.4769998788833618 16131
1751222834086 0.6799898147583008 16132
1751222835155 0.3538927137851715 16133
1751222836194 0.5710400342941284 16134
1751222837053 0.44966086745262146 16135
1751222838292 0.3392057716846466 16136
1751222839361 1.371972918510437 16137
1751222840381 0.9642912745475769 16138
1751222841478 0.9304404854774475 16139
1751222842498 0.708217978477478 16140
1751222843605 0.9821619391441345 16141
1751222844956 0.8393095135688782 16142
1751222846067 0.42968106269836426 16143
1751222847027 0.7740675210952759 16144
1751222848054 0.5003402233123779 16145
1751222849071 1.2123818397521973 16146
1751222850143 0.8291527032852173 16147
1751222851207 1.130408525466919 16148
1751222852535 0.827078640460968 16149
1751222853643 1.015651822090149 16150
1751222854675 0.6767829656600952 16151
1751222855736 0.36348992586135864 16152
1751222856923 0.8889374136924744 16153
1751222857968 0.8039044141769409 16154
1751222859323 0.6077377796173096 16155
1751222860414 0.8179329037666321 16156
1751222861460 0.7108930349349976 16157
1751222862518 0.8949578404426575 16158
1751222863647 1.6350576877593994 16159
1751222864763 0.5702502131462097 16160
1751222865839 0.966763973236084 16161
1751222867157 0.3110220730304718 16162
1751222868171 1.1349118947982788 16163
1751222869150 2.756956100463867 16164
1751222870246 0.6994983553886414 16165
1751222871312 0.5238715410232544 16166
1751222872380 1.0007286071777344 16167
1751222873700 1.0554447174072266 16168
1751222874784 0.794892430305481 16169
1751222875854 1.2882639169692993 16170
1751222876781 0.7893587350845337 16171
1751222877822 0.7139918208122253 16172
1751222878981 0.9111776351928711 16173
1751222880153 1.1392662525177002 16174
1751222881216 1.357958436012268 16175
1751222882284 0.7530086636543274 16176
1751222883417 1.2423723936080933 16177
1751222884633 0.35641127824783325 16178
1751222885693 0.8510051965713501 16179
1751222886745 0.3006516396999359 16180
1751222888080 0.8554754257202148 16181
1751222889158 0.7699102759361267 16182
1751222890239 0.8823733329772949 16183
1751222891249 0.7057730555534363 16184
1751222892305 0.5555170178413391 16185
1751222893383 0.7269842028617859 16186
1751222894669 0.9237689971923828 16187
1751222895723 0.7485446333885193 16188
1751222896803 0.6145535707473755 16189
1751222897867 1.5233792066574097 16190
1751222898912 0.5979436039924622 16191
1751222899953 0.2776789665222168 16192
1751222901297 0.946172833442688 16193
1751222902364 0.722642719745636 16194
1751222903481 1.2490036487579346 16195
1751222904610 0.7797088027000427 16196
1751222905793 0.8438606262207031 16197
1751222906920 0.6486445665359497 16198
1751222908271 0.45776626467704773 16199
1751222909577 1.3128992319107056 16200
1751222962638 0.8076037764549255 16201
1751222963685 0.5176993608474731 16202
1751222964751 0.3911822736263275 16203
1751222965680 0.927865207195282 16204
1751222966773 1.1078524589538574 16205
1751222968072 0.8652750253677368 16206
1751222969088 0.6477152109146118 16207
1751222970187 1.0017623901367188 16208
1751222971268 0.9614875912666321 16209
1751222972300 0.8739237785339355 16210
1751222973410 0.02909986674785614 16211
1751222974830 0.9502040147781372 16212
1751222975887 0.6337034106254578 16213
1751222976940 0.862731397151947 16214
1751222978013 0.6305939555168152 16215
1751222979099 0.6889570355415344 16216
1751222980200 0.599725067615509 16217
1751222981255 0.8369417190551758 16218
1751222982593 0.9649917483329773 16219
1751222983629 1.3242981433868408 16220
1751222984683 0.5784584283828735 16221
1751222985725 0.721365749835968 16222
1751222986787 0.8788742423057556 16223
1751222987730 1.2160545587539673 16224
1751222988989 0.8979849219322205 16225
1751222990071 1.1281569004058838 16226
1751222990996 0.8408129811286926 16227
1751222992031 0.6624984741210938 16228
1751222993104 0.8127414584159851 16229
1751222993991 1.1709771156311035 16230
1751222995384 0.6612260937690735 16231
1751222996404 1.0230704545974731 16232
1751222997502 0.6664696931838989 16233
1751222998547 0.815276563167572 16234
1751222999586 0.8088574409484863 16235
1751223000686 0.5941564440727234 16236
1751223001568 0.16770687699317932 16237
1751223002852 1.2572497129440308 16238
1751223003785 0.3440629839897156 16239
1751223004839 0.42813706398010254 16240
1751223005899 0.7148064970970154 16241
1751223006817 1.5260168313980103 16242
1751223007905 0.3198506832122803 16243
1751223009201 0.2885901629924774 16244
1751223010116 1.5449758768081665 16245
1751223011245 0.5659313201904297 16246
1751223012287 0.3031379282474518 16247
1751223013368 0.7542034983634949 16248
1751223014400 0.7472139596939087 16249
1751223015750 0.5020957589149475 16250
1751223016880 0.7630950808525085 16251
1751223017898 1.9234046936035156 16252
1751223018898 0.5828858017921448 16253
1751223019972 0.7294418215751648 16254
1751223021000 0.900495171546936 16255
1751223022033 0.7497286200523376 16256
1751223023335 0.9499093890190125 16257
1751223024356 1.0321929454803467 16258
1751223025411 0.9740253686904907 16259
1751223026467 0.7780789136886597 16260
1751223027509 1.30735445022583 16261
1751223028382 0.6306807398796082 16262
1751223029554 1.9666213989257812 16263
1751223030565 0.8289289474487305 16264
1751223031570 0.559786319732666 16265
1751223032627 0.7007766366004944 16266
1751223033690 0.8905839920043945 16267
1751223034723 0.6118399500846863 16268
1751223035992 0.8424680829048157 16269
1751223037069 0.7035948634147644 16270
1751223038078 0.9506321549415588 16271
1751223039082 0.49474239349365234 16272
1751223040118 0.8476194739341736 16273
1751223041227 0.932372510433197 16274
1751223042341 1.1976755857467651 16275
1751223043593 0.5185402035713196 16276
1751223044626 1.0605356693267822 16277
1751223045702 0.9213827252388 16278
1751223046732 0.92950838804245 16279
1751223047771 0.46844184398651123 16280
1751223048933 0.7979980111122131 16281
1751223050201 0.9571443796157837 16282
1751223051219 1.0853978395462036 16283
1751223052262 0.6012369394302368 16284
1751223053278 0.4323801100254059 16285
1751223054167 0.24406540393829346 16286
1751223055175 0.8000048995018005 16287
1751223056210 0.5591873526573181 16288
1751223057544 0.613490641117096 16289
1751223058619 0.835353672504425 16290
1751223059654 0.02098236419260502 16291
1751223060668 0.6847862601280212 16292
1751223061683 1.444710612297058 16293
1751223062767 0.6548047065734863 16294
1751223063961 1.1847219467163086 16295
1751223064995 0.7408259510993958 16296
1751223066057 0.17598018050193787 16297
1751223067181 0.4476754069328308 16298
1751223068201 0.7122024893760681 16299
1751223069217 0.8733004927635193 16300
1751223070550 1.3473271131515503 16301
1751223071573 1.1616345643997192 16302
1751223072462 0.6924013495445251 16303
1751223073401 1.4492052793502808 16304
1751223074419 0.8461979031562805 16305
1751223075382 1.9741255044937134 16306
1751223076441 2.316307783126831 16307
1751223077823 0.6278107166290283 16308
1751223078853 0.7204267382621765 16309
1751223079930 0.9082836508750916 16310
1751223081000 0.5198283195495605 16311
1751223082120 0.7807205319404602 16312
1751223083135 0.9266809821128845 16313
1751223084435 0.9075238704681396 16314
1751223085453 0.8463732600212097 16315
1751223086519 0.6937745809555054 16316
1751223087548 0.6548838019371033 16317
1751223088632 0.8273801803588867 16318
1751223089533 0.8911809325218201 16319
1751223090845 1.120080590248108 16320
1751223091728 0.9756869077682495 16321
1751223092804 1.084030032157898 16322
1751223093910 0.7581763863563538 16323
1751223094978 0.4950898587703705 16324
1751223096043 0.7795317769050598 16325
1751223097091 0.748796820640564 16326
1751223098420 0.44476714730262756 16327
1751223099433 0.6454622149467468 16328
1751223100473 0.9071685671806335 16329
1751223101496 0.7912525534629822 16330
1751223102517 0.4397250711917877 16331
1751223103571 1.0144912004470825 16332
1751223104891 1.5651311874389648 16333
1751223105915 0.6684038043022156 16334
1751223107013 1.2839957475662231 16335
1751223108067 0.8603927493095398 16336
1751223109156 0.5666915774345398 16337
1751223110096 0.8227085471153259 16338
1751223111110 0.8320199251174927 16339
1751223112416 0.661339521408081 16340
1751223113392 0.6736862063407898 16341
1751223114418 0.4990499019622803 16342
1751223115499 0.7975829839706421 16343
1751223116578 0.4555736184120178 16344
1751223117616 0.8461613655090332 16345
1751223118901 0.7672136425971985 16346
1751223119956 0.49272796511650085 16347
1751223120994 0.5691989064216614 16348
1751223122048 0.43439939618110657 16349
1751223123089 0.4897758662700653 16350
1751223124131 0.6116675734519958 16351
1751223125196 0.8964681625366211 16352
1751223126454 0.7399704456329346 16353
1751223127516 1.2164503335952759 16354
1751223128566 1.3727515935897827 16355
1751223129464 1.066467523574829 16356
1751223130499 0.5820402503013611 16357
1751223131556 0.7473218441009521 16358
1751223132895 0.8483505249023438 16359
1751223133972 0.9094878435134888 16360
1751223135021 1.1250253915786743 16361
1751223136039 0.7403582334518433 16362
1751223137122 0.6880533695220947 16363
1751223138208 1.474137783050537 16364
1751223139511 0.7059053778648376 16365
1751223140556 1.42717444896698 16366
1751223141469 0.7020041346549988 16367
1751223142561 1.2071465253829956 16368
1751223143567 0.45773234963417053 16369
1751223144659 0.4781118929386139 16370
1751223145724 0.6033785939216614 16371
1751223146882 0.7586300373077393 16372
1751223147931 1.0564391613006592 16373
1751223148985 0.47198066115379333 16374
1751223150051 0.7227603793144226 16375
1751223151113 0.8252832293510437 16376
1751223152140 1.869042992591858 16377
1751223153521 0.555074155330658 16378
1751223154549 0.8614597320556641 16379
1751223155564 0.5288142561912537 16380
1751223156622 0.7937511801719666 16381
1751223157665 0.8723780512809753 16382
1751223158703 1.6938072443008423 16383
1751223160089 0.7986390590667725 16384
1751223161208 1.1610959768295288 16385
1751223162265 0.8340162038803101 16386
1751223163311 0.786213755607605 16387
1751223164376 2.412498950958252 16388
1751223165449 0.5451425909996033 16389
1751223166514 1.4741877317428589 16390
1751223167877 1.0631545782089233 16391
1751223168802 0.7827961444854736 16392
1751223169831 1.4945087432861328 16393
1751223170858 1.2359552383422852 16394
1751223171891 0.6510907411575317 16395
1751223172939 0.7320466041564941 16396
1751223174231 0.94696444272995 16397
1751223175334 1.0234965085983276 16398
1751223176355 0.3221697509288788 16399
1751223177272 0.7536090016365051 16400
1751223178303 0.8785492181777954 16401
1751223179366 0.7841286659240723 16402
1751223180496 1.589411735534668 16403
1751223181506 0.8379093408584595 16404
1751223182516 0.7834710478782654 16405
1751223183576 1.944501280784607 16406
1751223184607 0.8446364402770996 16407
1751223185704 2.1490440368652344 16408
1751223186724 0.8961040377616882 16409
1751223188060 0.8320488333702087 16410
1751223189089 0.7792657017707825 16411
1751223190099 0.8904717564582825 16412
1751223191107 1.2275183200836182 16413
1751223192154 1.0805224180221558 16414
1751223193224 0.7749446034431458 16415
1751223194521 1.0928457975387573 16416
1751223195538 0.6651338934898376 16417
1751223196589 0.6740859150886536 16418
1751223197619 0.6126635074615479 16419
1751223198706 1.2105698585510254 16420
1751223199728 0.9661652445793152 16421
1751223200738 0.558771550655365 16422
1751223202056 0.6241264343261719 16423
1751223202941 4.170638561248779 16424
1751223204087 0.8568211793899536 16425
1751223205089 0.8917938470840454 16426
1751223206007 0.22581849992275238 16427
1751223207058 1.6208171844482422 16428
1751223208371 0.6748991012573242 16429
1751223209395 0.5679171085357666 16430
1751223210476 0.7124220728874207 16431
1751223211548 0.5785025954246521 16432
1751223212590 0.6632480025291443 16433
1751223213647 0.7024387121200562 16434
1751223214764 0.979510486125946 16435
1751223216084 0.6086053848266602 16436
1751223216994 0.49692440032958984 16437
1751223218015 0.6681553721427917 16438
1751223219041 0.6662125587463379 16439
1751223220121 0.9254663586616516 16440
1751223221188 0.8306754231452942 16441
1751223222452 1.092367172241211 16442
1751223223515 0.6411210894584656 16443
1751223224553 0.9952986836433411 16444
1751223225616 0.8219408392906189 16445
1751223226661 1.1521967649459839 16446
1751223227707 0.7513104677200317 16447
1751223229024 0.8927025198936462 16448
1751223230050 1.176517367362976 16449
1751223231127 0.7698185443878174 16450
1751223232209 0.8004387021064758 16451
1751223233282 0.5807478427886963 16452
1751223234216 0.8900163769721985 16453
1751223235302 0.3829231262207031 16454
1751223236575 0.14082485437393188 16455
1751223237663 0.5985064506530762 16456
1751223238774 0.604340136051178 16457
1751223239845 0.9512815475463867 16458
1751223240905 1.810407042503357 16459
1751223241967 0.8782658576965332 16460
1751223243299 0.8233168721199036 16461
1751223244343 0.592185914516449 16462
1751223245363 1.6187419891357422 16463
1751223246486 1.519907832145691 16464
1751223247525 1.2364555597305298 16465
1751223248559 0.9488296508789062 16466
1751223249602 0.9250322580337524 16467
1751223250921 0.8934972286224365 16468
1751223251952 0.6578278541564941 16469
1751223253005 0.8961331248283386 16470
1751223254087 0.8625669479370117 16471
1751223255104 0.6685678362846375 16472
1751223256472 0.7948733568191528 16473
1751223257582 0.5598152875900269 16474
1751223258508 0.5754042267799377 16475
1751223259550 1.2022417783737183 16476
1751223260782 0.9878374338150024 16477
1751223261871 1.6154499053955078 16478
1751223262882 1.2949882745742798 16479
1751223264163 0.5231388807296753 16480
1751223265237 1.1809916496276855 16481
1751223266289 1.0634403228759766 16482
1751223267314 0.6340295672416687 16483
1751223268257 1.3985947370529175 16484
1751223269298 0.6003326773643494 16485
1751223270611 0.9094770550727844 16486
1751223271642 0.8389960527420044 16487
1751223272648 0.798401951789856 16488
1751223273527 0.2684323489665985 16489
1751223274534 0.6667916178703308 16490
1751223275564 0.7449861764907837 16491
1751223276604 1.5822994709014893 16492
1751223277718 0.9118120074272156 16493
1751223278737 0.6903104782104492 16494
1751223279774 0.652539849281311 16495
1751223280837 0.7769603729248047 16496
1751223281881 1.106064796447754 16497
1751223282772 1.03341543674469 16498
1751223284086 1.5264374017715454 16499
1751223285126 0.7045888304710388 16500
1751223286013 1.9987579584121704 16501
1751223287056 1.3246744871139526 16502
1751223288121 0.7298855781555176 16503
1751223289176 0.518682599067688 16504
1751223290421 0.5553483366966248 16505
1751223291442 0.5258125066757202 16506
1751223292543 0.6026883721351624 16507
1751223293637 0.6738677024841309 16508
1751223294691 0.8519995808601379 16509
1751223295813 1.5573866367340088 16510
1751223296846 2.066267490386963 16511
1751223297974 1.0350950956344604 16512
1751223299035 0.9038298726081848 16513
1751223300064 0.708817183971405 16514
1751223301078 0.8303763270378113 16515
1751223302135 0.9088678359985352 16516
1751223303195 0.5218523144721985 16517
1751223304488 1.1000585556030273 16518
1751223305513 0.47666144371032715 16519
1751223306593 1.169944167137146 16520
1751223307649 1.1823211908340454 16521
1751223308713 1.296904444694519 16522
1751223309784 0.6998502016067505 16523
1751223311114 1.1825119256973267 16524
1751223312147 0.45806819200515747 16525
1751223313237 0.6496254205703735 16526
1751223314243 0.7171497941017151 16527
1751223315293 1.2954258918762207 16528
1751223316343 0.8865688443183899 16529
1751223317361 0.6264770030975342 16530
1751223318663 0.8735834956169128 16531
1751223319663 0.6228750348091125 16532
1751223320704 1.4599651098251343 16533
1751223321725 0.9225444793701172 16534
1751223322633 1.1384562253952026 16535
1751223323693 1.1683286428451538 16536
1751223324983 0.8421623110771179 16537
1751223326039 0.6086700558662415 16538
1751223327099 0.6912633180618286 16539
1751223327988 0.6118116974830627 16540
1751223329034 1.255714774131775 16541
1751223330133 0.656066358089447 16542
1751223331390 0.6322054266929626 16543
1751223332496 0.676270604133606 16544
1751223333511 0.47454962134361267 16545
1751223334558 0.5648938417434692 16546
1751223335605 1.4149197340011597 16547
1751223336631 0.8212236762046814 16548
1751223337922 0.6909838914871216 16549
1751223338974 0.704897403717041 16550
1751223340024 0.7518047094345093 16551
1751223341076 0.6020112037658691 16552
1751223342139 0.5618670582771301 16553
1751223343186 0.9530314803123474 16554
1751223344519 1.0986711978912354 16555
1751223345631 0.6111829876899719 16556
1751223346670 0.9858474731445312 16557
1751223347701 0.9245305061340332 16558
1751223348711 0.23832561075687408 16559
1751223349721 0.6205306053161621 16560
1751223350644 0.8750314116477966 16561
1751223351955 0.7053527235984802 16562
1751223353024 1.8305034637451172 16563
1751223354052 0.4807560443878174 16564
1751223355207 0.43023499846458435 16565
1751223356237 0.5159076452255249 16566
1751223357322 0.2742723822593689 16567
1751223358634 1.033922553062439 16568
1751223359670 0.5583446025848389 16569
1751223360727 1.50043523311615 16570
1751223361674 0.7991466522216797 16571
1751223362555 1.380376935005188 16572
1751223363587 0.7145692706108093 16573
1751223364938 0.5804077386856079 16574
1751223365961 0.781001091003418 16575
1751223366992 0.7570915222167969 16576
1751223368088 0.7087799906730652 16577
1751223369104 1.2736214399337769 16578
1751223370204 1.1224285364151 16579
1751223371500 0.5370374917984009 16580
1751223372563 1.0986168384552002 16581
1751223373639 0.7275378704071045 16582
1751223374665 1.3362149000167847 16583
1751223375680 0.7308153510093689 16584
1751223376743 1.156237244606018 16585
1751223378122 1.0677270889282227 16586
1751223379139 1.1486986875534058 16587
1751223380165 1.4459308385849 16588
1751223381236 0.9007943272590637 16589
1751223382254 0.41080722212791443 16590
1751223383270 0.8170410394668579 16591
1751223384298 0.7919883131980896 16592
1751223385583 0.5520849227905273 16593
1751223386610 0.6298806071281433 16594
1751223387654 0.6521472334861755 16595
1751223388730 0.6493696570396423 16596
1751223389867 0.854353129863739 16597
1751223390781 1.0744431018829346 16598
1751223392071 0.6092709302902222 16599
1751223393117 0.628361701965332 16600
1751223394118 0.998904824256897 16601
1751223395141 0.7283170819282532 16602
1751223396191 0.42255899310112 16603
1751223397134 0.6028245687484741 16604
1751223398495 0.8065109252929688 16605
1751223399517 0.6902660727500916 16606
1751223400439 1.697296380996704 16607
1751223401519 0.744475781917572 16608
1751223402597 0.623429000377655 16609
1751223403634 0.7407659292221069 16610
1751223405002 1.1187797784805298 16611
1751223406029 1.200345754623413 16612
1751223407034 0.8450698256492615 16613
1751223408052 0.5876844525337219 16614
1751223409101 0.9797295928001404 16615
1751223410128 0.7551820874214172 16616
1751223411458 0.7232038378715515 16617
1751223412474 0.9004473090171814 16618
1751223413506 0.7276384234428406 16619
1751223414450 1.4032974243164062 16620
1751223415350 0.807709813117981 16621
1751223416359 0.9639482498168945 16622
1751223417427 0.8413950204849243 16623
1751223418758 0.8107768297195435 16624
1751223419933 0.645425021648407 16625
1751223420995 0.8448004126548767 16626
1751223422048 0.6388083100318909 16627
1751223423129 0.9807742238044739 16628
1751223424195 0.7948339581489563 16629
1751223425461 0.7988970279693604 16630
1751223426485 0.619219958782196 16631
1751223427391 1.5202890634536743 16632
1751223428431 1.3435167074203491 16633
1751223429325 1.087109923362732 16634
1751223430371 0.5942974090576172 16635
1751223431637 0.5497951507568359 16636
1751223432686 0.705464780330658 16637
1751223433726 0.8787958025932312 16638
1751223434754 0.5052475333213806 16639
1751223435817 0.7371196150779724 16640
1751223436892 0.5892506241798401 16641
1751223438171 0.88721764087677 16642
1751223439191 1.1190189123153687 16643
1751223440257 0.8106361627578735 16644
1751223441306 1.0189279317855835 16645
1751223442249 1.3966035842895508 16646
1751223443272 0.7122120261192322 16647
1751223444613 0.5656996965408325 16648
1751223445500 1.9900909662246704 16649
1751223446561 0.6786080598831177 16650
1751223447622 0.6227291226387024 16651
1751223448686 0.7933652997016907 16652
1751223449742 0.6900474429130554 16653
1751223450760 0.731536865234375 16654
1751223452041 0.9947671890258789 16655
1751223453072 1.5311678647994995 16656
1751223454110 0.9985833168029785 16657
1751223455145 0.8350450396537781 16658
1751223456025 0.8347135782241821 16659
1751223456914 0.8609387278556824 16660
1751223458292 1.4363192319869995 16661
1751223459338 0.7195298075675964 16662
1751223460374 0.7050908207893372 16663
1751223461462 0.5731147527694702 16664
1751223462479 1.3047904968261719 16665
1751223463372 0.5579403638839722 16666
1751223464608 1.4388679265975952 16667
1751223465648 0.7400709986686707 16668
1751223466706 0.8640996217727661 16669
1751223467798 0.8655359148979187 16670
1751223468732 1.4141508340835571 16671
1751223469665 1.0917333364486694 16672
1751223470922 0.553584098815918 16673
1751223471998 0.8459411859512329 16674
1751223473063 0.7301997542381287 16675
1751223474090 0.5539597868919373 16676
1751223475133 0.490971177816391 16677
1751223476163 1.0299155712127686 16678
1751223477439 0.715363621711731 16679
1751223478477 0.6328142881393433 16680
1751223479500 1.1706557273864746 16681
1751223480531 1.02696692943573 16682
1751223481553 0.749366283416748 16683
1751223482551 0.5869481563568115 16684
1751223483565 0.8812538385391235 16685
1751223484732 0.955800473690033 16686
1751223485747 0.4678410589694977 16687
1751223486836 0.6489325761795044 16688
1751223487854 0.6259245872497559 16689
1751223488885 1.2410610914230347 16690
1751223489915 0.8153296709060669 16691
1751223491177 0.8751444220542908 16692
1751223492216 0.5769319534301758 16693
1751223493291 0.7721757292747498 16694
1751223494373 0.7833380699157715 16695
1751223495430 0.7705525159835815 16696
1751223496525 0.9839405417442322 16697
1751223497796 0.742782711982727 16698
1751223498818 0.7921132445335388 16699
1751223499883 1.0634980201721191 16700
1751223500918 0.47498562932014465 16701
1751223501948 0.7481724619865417 16702
1751223503035 0.5478505492210388 16703
1751223504286 1.6388581991195679 16704
1751223505391 0.8828179240226746 16705
1751223506482 0.7078360915184021 16706
1751223507545 1.1549221277236938 16707
1751223508557 0.848939836025238 16708
1751223509451 0.7027547955513 16709
1751223510646 0.6335662603378296 16710
1751223511671 0.8176256418228149 16711
1751223512683 0.6672595739364624 16712
1751223513722 0.44064807891845703 16713
1751223514750 0.8329384922981262 16714
1751223515803 0.7893310785293579 16715
1751223516853 0.4861816167831421 16716
1751223518035 0.5108661651611328 16717
1751223519061 0.5607357025146484 16718
1751223520113 0.6551999449729919 16719
1751223521184 0.7550309300422668 16720
1751223522239 0.47443315386772156 16721
1751223523251 2.2115871906280518 16722
1751223524594 0.5321090221405029 16723
1751223525623 0.14240805804729462 16724
1751223526669 1.465156078338623 16725
1751223527720 0.6291100382804871 16726
1751223528740 1.210875153541565 16727
1751223529789 0.7657206654548645 16728
1751223531078 0.654198944568634 16729
1751223532013 0.6474502086639404 16730
1751223533072 0.9509534239768982 16731
1751223534115 0.6315156817436218 16732
1751223535044 1.1650148630142212 16733
1751223536091 1.009272813796997 16734
1751223537422 0.5688791275024414 16735
1751223538556 1.6499847173690796 16736
1751223539659 0.6111693382263184 16737
1751223540597 0.020771507173776627 16738
1751223541613 0.8391492366790771 16739
1751223542663 0.6595432162284851 16740
1751223543721 0.7246420383453369 16741
1751223545146 0.6406993269920349 16742
1751223546185 1.1233230829238892 16743
1751223547235 1.2924304008483887 16744
1751223548312 0.5469273924827576 16745
1751223549410 0.5277442932128906 16746
1751223550482 0.854256808757782 16747
1751223551869 1.2981102466583252 16748
1751223552945 0.3724925220012665 16749
1751223553995 0.8247413635253906 16750
1751223554865 1.156365990638733 16751
1751223555903 0.9647742509841919 16752
1751223556972 0.4945901930332184 16753
1751223558224 0.913765549659729 16754
1751223559294 0.9195119738578796 16755
1751223560371 0.5631110668182373 16756
1751223561413 0.5841609239578247 16757
1751223562470 1.0043165683746338 16758
1751223563491 0.5545278787612915 16759
1751223564866 0.723331868648529 16760
1751223565893 0.27044060826301575 16761
1751223566969 0.6962877511978149 16762
1751223568004 0.7011013031005859 16763
1751223569049 0.9613634347915649 16764
1751223570129 0.5815843343734741 16765
1751223571160 0.47833698987960815 16766
1751223572429 0.8467540740966797 16767
1751223573442 1.0750292539596558 16768
1751223574469 0.8904377818107605 16769
1751223575593 0.8394749760627747 16770
1751223576636 0.44922274351119995 16771
1751223577688 0.6742264032363892 16772
1751223579102 0.4439483880996704 16773
1751223580129 0.7635466456413269 16774
1751223581131 0.5105937123298645 16775
1751223582174 0.4138772487640381 16776
1751223583173 0.5175561308860779 16777
1751223584188 0.8975214958190918 16778
1751223585510 0.8668546676635742 16779
1751223586541 1.2226016521453857 16780
1751223587554 0.7829087376594543 16781
1751223588607 0.5959886908531189 16782
1751223589697 0.6537320017814636 16783
1751223590749 1.1205719709396362 16784
1751223592055 0.9257065057754517 16785
1751223593052 0.9149365425109863 16786
1751223593944 0.7442155480384827 16787
1751223594954 0.7529961466789246 16788
1751223595815 0.6916430592536926 16789
1751223596814 1.0932531356811523 16790
1751223598194 0.8584136962890625 16791
1751223599310 0.5075740814208984 16792
1751223600360 0.6007404327392578 16793
1751223601411 0.7582640647888184 16794
1751223602562 0.8243770599365234 16795
1751223603622 0.8794565200805664 16796
1751223604727 1.0209096670150757 16797
1751223606029 1.1448127031326294 16798
1751223607106 0.675281822681427 16799
1751223608110 0.8433133363723755 16800
1751223609218 0.8686486482620239 16801
1751223610242 0.6186954379081726 16802
1751223611283 0.7251222729682922 16803
1751223612539 0.5802291631698608 16804
1751223613597 1.1986645460128784 16805
1751223614487 1.193198800086975 16806
1751223615380 1.3266174793243408 16807
1751223616444 0.9319759607315063 16808
1751223617480 1.3888062238693237 16809
1751223618854 0.7091919779777527 16810
1751223619920 0.7304152250289917 16811
1751223620954 0.6233206391334534 16812
1751223621974 0.5799643397331238 16813
1751223622981 0.9118942618370056 16814
1751223624002 0.901742160320282 16815
1751223625261 1.004713535308838 16816
1751223626316 1.028074026107788 16817
1751223627404 0.7427106499671936 16818
1751223628449 1.2378498315811157 16819
1751223629501 0.8545517921447754 16820
1751223630549 0.4976312220096588 16821
1751223631877 0.8832300305366516 16822
1751223632813 3.801546573638916 16823
1751223633854 0.7785040736198425 16824
1751223634866 0.4158798158168793 16825
1751223635903 0.9828500747680664 16826
1751223636991 0.5374108552932739 16827
1751223638140 0.6662634611129761 16828
1751223639173 0.7584253549575806 16829
1751223640210 0.6669803857803345 16830
1751223641255 1.0153754949569702 16831
1751223642345 0.6946345567703247 16832
1751223643409 0.4736963212490082 16833
1751223644451 0.3825095593929291 16834
1751223645784 0.7823761701583862 16835
1751223646672 0.761722207069397 16836
1751223647733 0.763328492641449 16837
1751223648608 1.599689245223999 16838
1751223649687 0.6103680729866028 16839
1751223650763 1.0690988302230835 16840
1751223652016 0.3120184540748596 16841
1751223653030 0.9247660636901855 16842
1751223654050 0.9612268805503845 16843
1751223654924 1.2874479293823242 16844
1751223655962 0.5777374505996704 16845
1751223656965 0.5254932641983032 16846
1751223658196 1.0969070196151733 16847
1751223659174 1.8054548501968384 16848
1751223660305 1.3812217712402344 16849
1751223661402 0.907794177532196 16850
1751223662334 0.9932533502578735 16851
1751223663371 0.9808298349380493 16852
1751223664679 0.27202489972114563 16853
1751223665760 0.9088423848152161 16854
1751223666809 1.0672177076339722 16855
1751223667749 1.0672352313995361 16856
1751223668784 0.6018053889274597 16857
1751223669839 0.6110884547233582 16858
1751223671204 0.5938122868537903 16859
1751223672254 0.773166835308075 16860
1751223673339 0.9917144179344177 16861
1751223674365 1.3894795179367065 16862
1751223675358 0.8363770842552185 16863
1751223676412 0.695531964302063 16864
1751223677755 1.5891624689102173 16865
1751223678836 0.6609600186347961 16866
1751223679874 0.7056763172149658 16867
1751223680912 0.9257326126098633 16868
1751223681986 0.567132294178009 16869
1751223683059 1.0004539489746094 16870
1751223684445 0.8711184859275818 16871
1751223685584 1.113260269165039 16872
1751223686645 0.5510136485099792 16873
1751223687761 0.5349245667457581 16874
1751223688813 1.6463940143585205 16875
1751223689883 1.16666579246521 16876
1751223691149 1.1101983785629272 16877
1751223692211 0.6908397078514099 16878
1751223693291 0.6679387092590332 16879
1751223694370 1.2331116199493408 16880
1751223695405 0.4650433659553528 16881
1751223696452 0.7898607850074768 16882
1751223697651 1.0293782949447632 16883
1751223698724 0.6314345598220825 16884
1751223699743 0.934703528881073 16885
1751223700763 0.7633240818977356 16886
1751223701850 0.42415913939476013 16887
1751223702734 1.025473952293396 16888
1751223703750 0.8403841257095337 16889
1751223705028 0.44636020064353943 16890
1751223706100 0.7799403071403503 16891
1751223707141 0.8160309195518494 16892
1751223708193 0.35983705520629883 16893
1751223709221 1.3022797107696533 16894
1751223710311 0.10720723122358322 16895
1751223711641 1.1995905637741089 16896
1751223712720 0.8545786142349243 16897
1751223713771 0.7573645710945129 16898
1751223714819 0.5362731218338013 16899
1751223715901 0.6357640624046326 16900
1751223716966 0.644495964050293 16901
1751223718229 0.7787518501281738 16902
1751223719285 0.5173931121826172 16903
1751223720338 0.6342813372612 16904
1751223721435 0.8836135864257812 16905
1751223722514 0.347440242767334 16906
1751223723603 0.706778883934021 16907
1751223724861 0.8590855002403259 16908
1751223725858 0.6396967768669128 16909
1751223726899 0.9190360903739929 16910
1751223727963 0.7986237406730652 16911
1751223729024 0.41797685623168945 16912
1751223730073 0.6110361814498901 16913
1751223731391 0.8841960430145264 16914
1751223732417 0.9364396929740906 16915
1751223733449 0.7772371172904968 16916
1751223734482 0.8805020451545715 16917
1751223735584 0.7248286008834839 16918
1751223736622 0.5650825500488281 16919
1751223737869 1.245591163635254 16920
1751223738928 1.3633755445480347 16921
1751223739928 1.0135087966918945 16922
1751223740931 0.588132917881012 16923
1751223741977 0.6726254820823669 16924
1751223743003 0.7561613917350769 16925
1751223744342 0.6684440970420837 16926
1751223745352 1.2609180212020874 16927
1751223746250 1.0629947185516357 16928
1751223747256 0.4968303143978119 16929
1751223748276 0.44707250595092773 16930
1751223749321 0.4073704779148102 16931
1751223750617 0.9148046374320984 16932
1751223751527 1.440921664237976 16933
1751223752538 0.6727481484413147 16934
1751223753587 0.5631548166275024 16935
1751223754638 0.5192710757255554 16936
1751223755694 0.28302234411239624 16937
1751223756949 0.9380633234977722 16938
1751223757974 0.6503855586051941 16939
1751223759033 0.44817110896110535 16940
1751223760110 1.3926069736480713 16941
1751223761142 0.888478696346283 16942
1751223762211 0.6583095788955688 16943
1751223763490 0.5965254902839661 16944
1751223764512 0.7462965250015259 16945
1751223765573 0.7209512591362 16946
1751223766592 0.7306835651397705 16947
1751223767637 0.7608658671379089 16948
1751223768682 0.8407567143440247 16949
1751223770014 0.5006329417228699 16950
1751223771067 0.5723208785057068 16951
1751223772093 0.05416281893849373 16952
1751223772978 0.9909418225288391 16953
1751223773866 1.6721521615982056 16954
1751223774972 0.5871350169181824 16955
1751223776300 1.0058537721633911 16956
1751223777315 0.8773710131645203 16957
1751223778177 0.962499737739563 16958
1751223779211 0.776291012763977 16959
1751223780077 0.1882442981004715 16960
1751223781137 0.9539758563041687 16961
1751223782445 0.901164174079895 16962
1751223783455 0.47220689058303833 16963
1751223784467 0.5903100967407227 16964
1751223785361 0.7292290925979614 16965
1751223786462 0.4777008891105652 16966
1751223787560 0.7304729223251343 16967
1751223788452 1.2925008535385132 16968
1751223789713 0.7793659567832947 16969
1751223790733 1.4219766855239868 16970
1751223791739 0.9153082966804504 16971
1751223792798 0.6701105833053589 16972
1751223793810 0.5367236137390137 16973
1751223794871 0.4484809935092926 16974
1751223796024 0.9024991393089294 16975
1751223797092 0.6300593614578247 16976
1751223797973 0.7753195762634277 16977
1751223798885 0.6485986113548279 16978
1751223799967 0.8466280102729797 16979
1751223801011 0.6842610239982605 16980
1751223802288 1.5191385746002197 16981
1751223803353 0.5616210103034973 16982
1751223804428 0.34481415152549744 16983
1751223805565 0.780396044254303 16984
1751223806487 2.4773731231689453 16985
1751223807517 0.8600339889526367 16986
1751223808839 0.4148447513580322 16987
1751223809951 1.0541142225265503 16988
1751223811005 0.9814027547836304 16989
1751223811964 0.874885082244873 16990
1751223812995 0.6922149062156677 16991
1751223814065 0.6919878125190735 16992
1751223815372 0.6615599989891052 16993
1751223816419 0.22411073744297028 16994
1751223817448 0.6453822255134583 16995
1751223818515 1.7021976709365845 16996
1751223819560 0.8860234618186951 16997
1751223820639 0.7349321842193604 16998
1751223821929 0.7553128600120544 16999
1751223822967 0.9336158633232117 17000
1751223824046 0.7814070582389832 17001
1751223824926 1.4471739530563354 17002
1751223825990 0.263225257396698 17003
1751223827005 0.7382252216339111 17004
1751223828352 0.7868080735206604 17005
1751223829409 0.5745996832847595 17006
1751223830414 1.0296739339828491 17007
1751223831469 0.6089590191841125 17008
1751223832475 0.7546719908714294 17009
1751223833542 0.78614741563797 17010
1751223834901 0.9290865063667297 17011
1751223835923 0.8542627692222595 17012
1751223836966 0.5727065205574036 17013
1751223838017 0.699039876461029 17014
1751223838897 1.8388426303863525 17015
1751223839928 0.8145084381103516 17016
1751223841447 0.8322941064834595 17017
1751223842390 1.6101934909820557 17018
1751223843351 1.598536729812622 17019
1751223844461 0.762472927570343 17020
1751223845477 1.0063529014587402 17021
1751223846499 0.7963830232620239 17022
1751223847898 0.6849693655967712 17023
1751223848958 0.4404378831386566 17024
1751223849931 0.7874905467033386 17025
1751223850949 0.8619343638420105 17026
1751223851988 0.7533468008041382 17027
1751223852915 1.0681718587875366 17028
1751223853966 0.6554123163223267 17029
1751223855272 0.9124130606651306 17030
1751223856325 0.9014692306518555 17031
1751223857326 0.21850800514221191 17032
1751223858453 0.615739643573761 17033
1751223859461 0.5895201563835144 17034
1751223860511 0.6337141990661621 17035
1751223861662 1.008762001991272 17036
1751223862723 1.6651813983917236 17037
1751223863775 1.125831961631775 17038
1751223864871 0.5359307527542114 17039
1751223865903 0.8081760406494141 17040
1751223867076 0.6883625388145447 17041
1751223868351 0.7029566168785095 17042
1751223869404 0.6882598996162415 17043
1751223870470 0.4915373921394348 17044
1751223871520 1.314801812171936 17045
1751223872583 0.7380790710449219 17046
1751223873688 0.7110306620597839 17047
1751223875043 1.0948127508163452 17048
1751223876080 0.49986588954925537 17049
1751223877149 0.13280770182609558 17050
1751223878176 0.74306321144104 17051
1751223879203 0.7084888815879822 17052
1751223880101 1.0972977876663208 17053
1751223881313 1.0063530206680298 17054
1751223882377 0.13823261857032776 17055
1751223883430 0.21457989513874054 17056
1751223884482 0.5099441409111023 17057
1751223885532 0.8369085192680359 17058
1751223886545 0.7743516564369202 17059
1751223887585 0.8798848390579224 17060
1751223888927 0.5002148747444153 17061
1751223889992 0.8338040709495544 17062
1751223890915 1.6069549322128296 17063
1751223891980 1.323363184928894 17064
1751223892996 0.6318454742431641 17065
1751223894050 0.4858055114746094 17066
1751223895208 0.8839999437332153 17067
1751223896302 0.8838623762130737 17068
1751223897352 0.5908254981040955 17069
1751223898387 0.7220112085342407 17070
1751223899440 0.8635363578796387 17071
1751223900470 1.256608009338379 17072
1751223901793 0.704455554485321 17073
1751223902864 1.1802552938461304 17074
1751223903910 0.914742112159729 17075
1751223904963 0.8956034183502197 17076
1751223906007 0.39913463592529297 17077
1751223907048 0.5848080515861511 17078
1751223908347 1.265994668006897 17079
1751223909409 1.1941653490066528 17080
1751223910449 0.5627159476280212 17081
1751223911357 1.975313425064087 17082
1751223912376 1.1317328214645386 17083
1751223913400 1.253566861152649 17084
1751223914732 1.108267068862915 17085
1751223915774 0.5761911273002625 17086
1751223916785 0.6793919801712036 17087
1751223917828 0.5488211512565613 17088
1751223918868 0.604555070400238 17089
1751223919895 0.7462124228477478 17090
1751223921128 1.2530092000961304 17091
1751223922167 0.47894787788391113 17092
1751223923205 1.3621628284454346 17093
1751223924271 0.836779773235321 17094
1751223925297 1.364952802658081 17095
1751223926368 0.6989486813545227 17096
1751223927682 1.4376697540283203 17097
1751223928785 1.0749086141586304 17098
1751223929835 0.7598589062690735 17099
1751223930853 1.5147898197174072 17100
1751223931887 1.2640389204025269 17101
1751223932952 0.8169811367988586 17102
1751223934248 0.939797580242157 17103
1751223935342 0.5968281626701355 17104
1751223936405 0.9624700546264648 17105
1751223937512 1.4420568943023682 17106
1751223938585 1.028082251548767 17107
1751223939526 4.226251125335693 17108
1751223940801 1.090142011642456 17109
1751223941740 0.9520255923271179 17110
1751223942646 0.7378405928611755 17111
1751223943689 0.9770235419273376 17112
1751223944749 0.816728413105011 17113
1751223945771 0.6313943862915039 17114
1751223946804 0.9113322496414185 17115
1751223947960 1.8129901885986328 17116
1751223948993 1.311563491821289 17117
1751223950060 0.7622374892234802 17118
1751223951065 1.104426622390747 17119
1751223952082 0.7583907246589661 17120
1751223953172 0.7260966897010803 17121
1751223954569 0.9308856129646301 17122
1751223955562 0.6212490200996399 17123
1751223956430 0.6099086999893188 17124
1751223957516 1.2000137567520142 17125
1751223958604 0.5932392477989197 17126
1751223959639 1.0187897682189941 17127
1751223960945 0.504540741443634 17128
1751223961983 0.6115168929100037 17129
1751223963035 0.8201133012771606 17130
1751223964085 0.2769160866737366 17131
1751223965175 1.1256788969039917 17132
1751223966181 0.680654764175415 17133
1751223967462 0.6022369265556335 17134
1751223968506 1.4146093130111694 17135
1751223969631 0.525053858757019 17136
1751223970668 0.7705947756767273 17137
1751223971713 1.485974907875061 17138
1751223972774 0.6628820300102234 17139
1751223974063 1.0857702493667603 17140
1751223975006 0.20231366157531738 17141
1751223976080 0.5829514265060425 17142
1751223977105 0.556473433971405 17143
1751223978130 0.7144539952278137 17144
1751223979202 0.499171644449234 17145
1751223980350 1.7344497442245483 17146
1751223981434 0.739576518535614 17147
1751223982528 0.1213047206401825 17148
1751223983582 1.0617340803146362 17149
1751223984656 0.9045077562332153 17150
1751223985708 0.7069706320762634 17151
1751223987083 1.228124737739563 17152
1751223988129 1.197213053703308 17153
1751223989182 0.5152994990348816 17154
1751223990224 0.9615188837051392 17155
1751223991175 1.010111927986145 17156
1751223992209 1.17343008518219 17157
1751223993518 0.3979599177837372 17158
1751223994448 0.9654397964477539 17159
1751223995515 1.2238266468048096 17160
1751223996412 1.0257428884506226 17161
1751223997473 0.9874951243400574 17162
1751223998348 2.1405320167541504 17163
1751223999727 0.7859506607055664 17164
1751224000800 0.8741469383239746 17165
1751224001849 1.3390085697174072 17166
1751224002886 0.6585544347763062 17167
1751224003945 0.7051010131835938 17168
1751224005040 0.5808504223823547 17169
1751224006326 0.9268653988838196 17170
1751224007251 1.0965465307235718 17171
1751224008314 0.6532225012779236 17172
1751224009361 0.8318352103233337 17173
1751224010410 0.07152526080608368 17174
1751224011518 0.7341942191123962 17175
1751224012815 0.8055693507194519 17176
1751224013888 0.7099501490592957 17177
1751224014921 1.3876973390579224 17178
1751224015984 1.0306929349899292 17179
1751224017010 0.5446369051933289 17180
1751224018017 0.5365791320800781 17181
1751224019318 0.8569698333740234 17182
1751224020363 1.0876070261001587 17183
1751224021408 0.836458146572113 17184
1751224022450 0.6110715866088867 17185
1751224023482 0.6297937631607056 17186
1751224024568 1.2868443727493286 17187
1751224025893 0.8591238260269165 17188
1751224026832 0.9137925505638123 17189
1751224027933 1.129972219467163 17190
1751224028980 0.7588464617729187 17191
1751224030035 1.1199592351913452 17192
1751224031056 1.2986773252487183 17193
1751224032378 0.500729501247406 17194
1751224033424 0.6610221266746521 17195
1751224034430 0.20646175742149353 17196
1751224035476 0.687240719795227 17197
1751224036353 1.2249222993850708 17198
1751224037281 0.8041530847549438 17199
1751224038559 0.6677178740501404 17200
1751224039593 0.6758732795715332 17201
1751224040613 1.0167816877365112 17202
1751224041669 0.9355778694152832 17203
1751224042761 0.978118896484375 17204
1751224043780 0.6119719743728638 17205
1751224045044 1.8891416788101196 17206
1751224046097 0.8505980372428894 17207
1751224047142 0.7782385349273682 17208
1751224048167 0.6831392645835876 17209
1751224049247 0.738344132900238 17210
1751224050274 0.5726501941680908 17211
1751224051557 0.8357961773872375 17212
1751224052646 1.4384740591049194 17213
1751224053768 1.1928261518478394 17214
1751224054805 0.8154996037483215 17215
1751224055846 0.7304644584655762 17216
1751224056780 1.1992626190185547 17217
1751224057901 2.206773519515991 17218
1751224058913 0.6383167505264282 17219
1751224059986 0.8250370025634766 17220
1751224060996 1.1651172637939453 17221
1751224062019 0.5674924254417419 17222
1751224062952 0.7427396178245544 17223
1751224064221 0.7752528190612793 17224
1751224065268 1.0799144506454468 17225
1751224066307 0.9141892790794373 17226
1751224067340 0.9511666297912598 17227
1751224068409 0.5791094899177551 17228
1751224069439 0.07477810233831406 17229
1751224070770 1.1279884576797485 17230
1751224071853 1.0404049158096313 17231
1751224072891 0.5695931315422058 17232
1751224073944 0.9658159613609314 17233
1751224074994 0.8535488247871399 17234
1751224076016 0.5575580596923828 17235
1751224077308 0.8607097864151001 17236
1751224078362 0.7275777459144592 17237
1751224079456 0.8725439310073853 17238
1751224080480 0.9791557192802429 17239
1751224081561 1.196837067604065 17240
1751224082611 0.545936644077301 17241
1751224083927 0.5942227244377136 17242
1751224084986 0.5448795557022095 17243
1751224086082 0.38743874430656433 17244
1751224087166 0.7547317743301392 17245
1751224088088 0.9070812463760376 17246
1751224089173 1.0789226293563843 17247
1751224090513 0.803301215171814 17248
1751224091487 1.8870247602462769 17249
1751224092415 1.026479721069336 17250
1751224093442 0.9650619626045227 17251
1751224094369 0.9680213332176208 17252
1751224095421 0.7602019309997559 17253
1751224096840 0.6927043795585632 17254
1751224097925 0.7228444814682007 17255
1751224098999 0.7560526728630066 17256
1751224100057 1.1604729890823364 17257
1751224101113 0.6140884757041931 17258
1751224102129 1.5418199300765991 17259
1751224103495 1.1573086977005005 17260
1751224104538 0.41697168350219727 17261
1751224105593 0.16438902914524078 17262
1751224106672 0.8351569175720215 17263
1751224107642 0.9786869287490845 17264
1751224108677 1.4007028341293335 17265
1751224110038 0.8634445071220398 17266
1751224110940 1.0478744506835938 17267
1751224112004 0.8976182341575623 17268
1751224112929 0.4829447269439697 17269
1751224113953 0.9393189549446106 17270
1751224114989 0.8094183206558228 17271
1751224116308 0.8351649641990662 17272
1751224117320 0.9282304644584656 17273
1751224118360 0.7316601276397705 17274
1751224119404 0.5551313757896423 17275
1751224120470 1.2682980298995972 17276
1751224121501 0.6832244992256165 17277
1751224122867 1.0772721767425537 17278
1751224123897 0.9466204047203064 17279
1751224124913 0.4024629592895508 17280
1751224125885 0.1641531139612198 17281
1751224126986 1.4672201871871948 17282
1751224128061 0.6967955827713013 17283
1751224129277 0.42340797185897827 17284
1751224130177 2.9891300201416016 17285
1751224131207 0.7964929938316345 17286
1751224132301 1.1551440954208374 17287
1751224133374 1.2686834335327148 17288
1751224134414 0.9507210850715637 17289
1751224135862 0.6327134966850281 17290
1751224136890 0.7409432530403137 17291
1751224137922 0.6946525573730469 17292
1751224138996 0.7781527042388916 17293
1751224140067 0.8759199380874634 17294
1751224141146 0.7702940106391907 17295
1751224142445 0.6139237284660339 17296
1751224143539 0.9656824469566345 17297
1751224144582 0.9238852858543396 17298
1751224145639 0.6842101812362671 17299
1751224146678 0.46216171979904175 17300
1751224147702 0.7866554260253906 17301
1751224149031 1.758622407913208 17302
1751224150069 0.35351964831352234 17303
1751224151185 0.6605910658836365 17304
1751224152106 1.9861023426055908 17305
1751224153177 1.0537023544311523 17306
1751224154228 0.8045194745063782 17307
1751224155604 0.6979035139083862 17308
1751224156657 0.6979894042015076 17309
1751224157743 0.7230843901634216 17310
1751224158808 0.8246974945068359 17311
1751224159873 1.0724966526031494 17312
1751224160951 0.8826398849487305 17313
1751224162359 0.8167291879653931 17314
1751224163472 0.5189566612243652 17315
1751224164556 0.7161237597465515 17316
1751224165585 1.0149115324020386 17317
1751224166621 0.5387434363365173 17318
1751224167717 0.9434608817100525 17319
1751224168976 0.46606162190437317 17320
1751224170039 0.7083697319030762 17321
1751224171108 0.959955632686615 17322
1751224172184 0.5211795568466187 17323
1751224173274 0.34277454018592834 17324
1751224174335 0.46363067626953125 17325
1751224175564 1.4039008617401123 17326
1751224176631 1.032254934310913 17327
1751224177705 0.8289745450019836 17328
1751224178773 0.5746702551841736 17329
1751224179831 0.8763425946235657 17330
1751224180937 0.6267470121383667 17331
1751224182328 0.6015331149101257 17332
1751224183353 0.7170210480690002 17333
1751224184382 0.5564627647399902 17334
1751224185439 0.8859643936157227 17335
1751224186470 0.6622728109359741 17336
1751224187523 0.8245229125022888 17337
1751224188930 0.6241196990013123 17338
1751224189987 1.1769520044326782 17339
1751224191064 0.7152364253997803 17340
1751224192106 0.7552042007446289 17341
1751224193158 0.5227371454238892 17342
1751224194093 1.0741413831710815 17343
1751224195409 0.8225690722465515 17344
1751224196450 0.7412248849868774 17345
1751224197499 0.8761054277420044 17346
1751224198615 0.9893507361412048 17347
1751224199654 0.7557865381240845 17348
1751224200694 1.0014420747756958 17349
1751224201993 0.5577828884124756 17350
1751224203050 1.1312698125839233 17351
1751224204120 0.8575592041015625 17352
1751224205163 0.7739449143409729 17353
1751224206261 0.6434062123298645 17354
1751224207301 0.4726749062538147 17355
1751224208609 0.4538869261741638 17356
1751224209635 0.6758180856704712 17357
1751224210671 0.6332855224609375 17358
1751224211702 1.1057666540145874 17359
1751224212745 0.7059136629104614 17360
1751224213879 0.20309515297412872 17361
1751224215188 0.5260304808616638 17362
1751224216228 1.6449267864227295 17363
1751224217345 0.5742129683494568 17364
1751224218434 1.7977627515792847 17365
1751224219489 0.7689960598945618 17366
1751224220547 0.4437514543533325 17367
1751224221896 0.6215839385986328 17368
1751224222962 0.7355973124504089 17369
1751224224027 1.2605394124984741 17370
1751224225084 0.8634354472160339 17371
1751224226108 0.7281442880630493 17372
1751224227168 0.8655625581741333 17373
1751224228458 0.9907631874084473 17374
1751224229496 1.149410605430603 17375
1751224230536 0.9446539282798767 17376
1751224231596 0.6279142498970032 17377
1751224232555 0.9824169278144836 17378
1751224233654 0.7028449177742004 17379
1751224234991 0.71491539478302 17380
1751224236058 0.5979586243629456 17381
1751224237139 1.6273306608200073 17382
1751224238154 0.8047609329223633 17383
1751224239183 0.6793590784072876 17384
1751224240290 0.8126869201660156 17385
1751224241596 1.1110432147979736 17386
1751224242671 0.6733031272888184 17387
1751224243701 0.6519736647605896 17388
1751224244732 1.0446645021438599 17389
1751224245777 1.891243815422058 17390
1751224246886 0.6913875341415405 17391
1751224248068 1.1194514036178589 17392
1751224249099 0.6500756144523621 17393
1751224250200 0.7325254678726196 17394
1751224251324 0.9962061047554016 17395
1751224252401 0.45370984077453613 17396
1751224253521 0.8668947219848633 17397
1751224254889 0.6062915921211243 17398
1751224255914 0.5621350407600403 17399
1751224256799 1.4578173160552979 17400
1751224257863 0.6860355138778687 17401
1751224258962 0.13385087251663208 17402
1751224260009 0.5417069792747498 17403
1751224261432 1.4029152393341064 17404
1751224262493 1.2369070053100586 17405
1751224263589 1.354232668876648 17406
1751224264646 0.8255810141563416 17407
1751224265680 0.9559947848320007 17408
1751224266983 0.6078018546104431 17409
1751224268002 1.030474305152893 17410
1751224269049 0.8179707527160645 17411
1751224270138 0.7364158630371094 17412
1751224271231 1.0440200567245483 17413
1751224272307 0.8376355171203613 17414
1751224273581 0.7948229908943176 17415
1751224274652 0.8406738638877869 17416
1751224275708 1.0572197437286377 17417
1751224276828 0.7380038499832153 17418
1751224277878 0.7112111449241638 17419
1751224278907 0.5976459383964539 17420
1751224280238 0.6556400060653687 17421
1751224281336 1.0113683938980103 17422
1751224282435 1.0273070335388184 17423
1751224283546 0.4907558858394623 17424
1751224284644 0.6711365580558777 17425
1751224285731 0.652342677116394 17426
1751224287068 0.776380717754364 17427
1751224288147 0.7136912941932678 17428
1751224289230 0.9132103323936462 17429
1751224290276 0.513305127620697 17430
1751224291345 0.7050014138221741 17431
1751224292369 0.44739094376564026 17432
1751224293553 0.5587834715843201 17433
1751224294596 0.5468207001686096 17434
1751224295664 0.8472889065742493 17435
1751224296533 0.7730165719985962 17436
1751224297595 0.49342137575149536 17437
1751224298603 0.6208211779594421 17438
1751224299996 0.6319722533226013 17439
1751224301046 0.5944222807884216 17440
1751224302124 0.6767405867576599 17441
1751224303197 0.9827371835708618 17442
1751224304215 1.1591614484786987 17443
1751224305325 2.0458297729492188 17444
1751224306607 0.7074176669120789 17445
1751224307501 1.5267033576965332 17446
1751224308576 2.1865041255950928 17447
1751224309632 0.8138797879219055 17448
1751224310656 0.6268863677978516 17449
1751224311665 0.5857152342796326 17450
1751224312989 0.8625947833061218 17451
1751224314044 0.11457429081201553 17452
1751224315135 0.8059296607971191 17453
1751224316174 0.3373245596885681 17454
1751224317220 0.6649442911148071 17455
1751224318281 0.5201227068901062 17456
1751224319663 0.6671313643455505 17457
1751224320713 0.7137753963470459 17458
1751224321767 1.1794370412826538 17459
1751224322872 0.5642140507698059 17460
1751224323948 0.934573769569397 17461
1751224325024 1.0027779340744019 17462
1751224326273 0.7337412238121033 17463
1751224327335 0.8748589158058167 17464
1751224328380 0.6651515364646912 17465
1751224329422 0.9090650677680969 17466
1751224330470 0.7109100222587585 17467
1751224331517 1.4259562492370605 17468
1751224332818 0.7545512914657593 17469
1751224333874 0.5677008032798767 17470
1751224334937 0.5264801383018494 17471
1751224336001 0.9039265513420105 17472
1751224337083 1.208336591720581 17473
1751224338224 0.4896828830242157 17474
1751224339515 0.3242335021495819 17475
1751224340585 0.6457711458206177 17476
1751224341668 0.6905433535575867 17477
1751224342751 1.092254638671875 17478
1751224343757 1.1614646911621094 17479
1751224344749 1.2323426008224487 17480
1751224346034 0.6723278760910034 17481
1751224347086 0.8799850344657898 17482
1751224348174 0.8655210733413696 17483
1751224349285 0.6685753464698792 17484
1751224350351 0.4997098445892334 17485
1751224351365 0.9470540881156921 17486
1751224352506 2.049875020980835 17487
1751224353545 0.5379077792167664 17488
1751224354609 0.8946563601493835 17489
1751224355653 1.5801266431808472 17490
1751224356721 0.8191534280776978 17491
1751224357762 0.5156130194664001 17492
1751224359163 1.7779816389083862 17493
1751224360224 2.326399803161621 17494
1751224361316 0.6062054634094238 17495
1751224362448 0.7604221701622009 17496
1751224363535 1.1667166948318481 17497
1751224364490 1.0094469785690308 17498
1751224365820 0.4912834167480469 17499
1751224367008 0.649836003780365 17500
1751224368021 0.5516242980957031 17501
1751224369059 1.0870634317398071 17502
1751224370157 0.7591726183891296 17503
1751224371212 0.695322573184967 17504
1751224372464 0.9850026369094849 17505
1751224373527 1.2376497983932495 17506
1751224374621 0.6000756621360779 17507
1751224375742 0.8267387747764587 17508
1751224376829 0.6725483536720276 17509
1751224377918 0.28787466883659363 17510
1751224379259 1.5561927556991577 17511
1751224380300 2.3386600017547607 17512
1751224381189 1.1324127912521362 17513
1751224382270 0.9626022577285767 17514
1751224383311 0.7773319482803345 17515
1751224384428 1.1632150411605835 17516
1751224385718 1.7277721166610718 17517
1751224386738 0.736329972743988 17518
1751224387639 0.8991838693618774 17519
1751224388676 1.5482796430587769 17520
1751224389716 0.7245563864707947 17521
1751224390798 0.548434853553772 17522
1751224392159 0.6136437058448792 17523
1751224393213 0.5976483821868896 17524
1751224394291 0.8347848057746887 17525
1751224395368 0.8205649256706238 17526
1751224396450 0.4189554750919342 17527
1751224397487 1.0678038597106934 17528
1751224398742 0.5307371020317078 17529
1751224399784 0.8501612544059753 17530
1751224400840 0.6273984313011169 17531
1751224401915 0.8777965903282166 17532
1751224402999 1.3391361236572266 17533
1751224404265 0.6265674829483032 17534
1751224405188 0.740276038646698 17535
1751224406269 0.6183819770812988 17536
1751224407369 0.8188067674636841 17537
1751224408410 0.8262953162193298 17538
1751224409437 0.9342795610427856 17539
1751224410723 0.9217458963394165 17540
1751224411665 1.459905982017517 17541
1751224412706 1.0844062566757202 17542
1751224413738 0.7164539694786072 17543
1751224414793 0.8757488131523132 17544
1751224415831 0.9837169051170349 17545
1751224417136 1.2550491094589233 17546
1751224418113 2.317257881164551 17547
1751224419177 0.4853435456752777 17548
1751224420281 0.8477383852005005 17549
1751224421337 0.11822646111249924 17550
1751224422409 1.5103695392608643 17551
1751224423705 0.47082242369651794 17552
1751224424828 0.6935071349143982 17553
1751224425911 1.1034259796142578 17554
1751224427031 0.6512538194656372 17555
1751224428069 1.0784258842468262 17556
1751224429027 0.8749408721923828 17557
1751224430370 0.8216553330421448 17558
1751224431440 0.8694526553153992 17559
1751224432517 0.6805922389030457 17560
1751224433554 1.7335609197616577 17561
1751224434575 1.349452018737793 17562
1751224435658 0.572884738445282 17563
1751224436949 0.8788242340087891 17564
1751224438038 0.8886460661888123 17565
1751224438935 1.3872677087783813 17566
1751224439995 1.1273542642593384 17567
1751224441073 0.7274746298789978 17568
1751224442105 0.8861047625541687 17569
1751224443408 0.9499498605728149 17570
1751224444487 0.27875542640686035 17571
1751224445526 0.39434829354286194 17572
1751224446569 0.8633062243461609 17573
1751224447651 1.867991328239441 17574
1751224448943 0.29888054728507996 17575
1751224449978 0.45516449213027954 17576
1751224451027 0.7612848877906799 17577
1751224452091 1.1187849044799805 17578
1751224453110 0.7875258922576904 17579
1751224454193 0.35873085260391235 17580
1751224455453 0.6965376138687134 17581
1751224456495 0.7851277589797974 17582
1751224457526 0.8017458915710449 17583
1751224458622 1.0015515089035034 17584
1751224459699 0.7800084352493286 17585
1751224460744 0.7381944060325623 17586
1751224462046 0.8171874284744263 17587
1751224463078 0.7760961055755615 17588
1751224464104 0.8118805885314941 17589
1751224465133 1.0552555322647095 17590
1751224466170 0.44886359572410583 17591
1751224467201 0.9723898768424988 17592
1751224468538 0.6335222125053406 17593
1751224469599 0.48572078347206116 17594
1751224470684 0.635562539100647 17595
1751224471758 0.7215787172317505 17596
1751224472811 0.6105462908744812 17597
1751224473701 1.610365867614746 17598
1751224475012 0.6827292442321777 17599
1751224476031 0.9635942578315735 17600
1751224477097 1.218381404876709 17601
1751224478130 0.5018429160118103 17602
1751224479152 0.3574239909648895 17603
1751224480515 0.9263876080513 17604
1751224481575 0.703357994556427 17605
1751224482787 0.518257200717926 17606
1751224483829 0.7985730767250061 17607
1751224484905 0.7247002124786377 17608
1751224485949 0.9199548959732056 17609
1751224487268 1.4630379676818848 17610
1751224488210 0.9485551118850708 17611
1751224489139 2.5157454013824463 17612
1751224490293 1.1759233474731445 17613
1751224491182 0.5787276029586792 17614
1751224492223 1.0679184198379517 17615
1751224493641 0.7504967451095581 17616
1751224494687 0.7634379863739014 17617
1751224495758 0.8149137496948242 17618
1751224496808 1.1289368867874146 17619
1751224497851 0.5712074637413025 17620
1751224498941 1.2506678104400635 17621
1751224500365 0.42837169766426086 17622
1751224501244 0.9022641181945801 17623
1751224502312 0.7920379042625427 17624
1751224503377 0.793653666973114 17625
1751224504386 1.0099495649337769 17626
1751224505751 0.8074370622634888 17627
1751224506770 1.858110785484314 17628
1751224507937 0.7178284525871277 17629
1751224508949 0.7270841002464294 17630
1751224509978 0.6998158693313599 17631
1751224511000 1.1355310678482056 17632
1751224512379 0.8780251145362854 17633
1751224513495 0.9236394762992859 17634
1751224514426 1.1323566436767578 17635
1751224515484 0.7476746439933777 17636
1751224516577 0.8263911604881287 17637
1751224517594 2.551948070526123 17638
1751224519001 0.7761352062225342 17639
1751224520091 1.0469646453857422 17640
1751224521107 0.7519990801811218 17641
1751224522135 1.5711981058120728 17642
1751224523216 0.694606602191925 17643
1751224524291 0.7383545637130737 17644
1751224525589 0.5720643997192383 17645
1751224526633 0.8026302456855774 17646
1751224527665 0.976340115070343 17647
1751224528726 1.2428228855133057 17648
1751224529788 0.594492495059967 17649
1751224531096 0.5760226845741272 17650
1751224532133 0.7525650262832642 17651
1751224533161 0.1267705112695694 17652
1751224534228 0.697477400302887 17653
1751224535315 1.1683441400527954 17654
1751224536412 0.6527530550956726 17655
1751224537845 0.8747217059135437 17656
1751224538890 1.3192089796066284 17657
1751224539969 0.7375203967094421 17658
1751224540999 0.6152364611625671 17659
1751224542026 1.272273063659668 17660
1751224543092 0.6890031099319458 17661
1751224544519 0.6451684832572937 17662
1751224545561 0.808741569519043 17663
1751224546692 1.2748148441314697 17664
1751224547809 1.0269999504089355 17665
1751224548857 1.2938525676727295 17666
1751224549926 1.0251659154891968 17667
1751224551246 0.5056045651435852 17668
1751224552287 1.0927833318710327 17669
1751224553327 0.6574727892875671 17670
1751224554436 0.5695700645446777 17671
1751224555546 0.6947755217552185 17672
1751224556583 0.6825282573699951 17673
1751224557885 0.693329930305481 17674
1751224558970 0.6724780797958374 17675
1751224560045 0.4997823238372803 17676
1751224561107 0.7768047451972961 17677
1751224562221 0.8683561682701111 17678
1751224563283 0.7693169713020325 17679
1751224564567 0.44712916016578674 17680
1751224565637 0.05706920474767685 17681
1751224566697 1.111210584640503 17682
1751224567657 1.0756419897079468 17683
1751224568726 0.5548723340034485 17684
1751224569835 0.8063479661941528 17685
1751224571090 0.37662532925605774 17686
1751224572118 0.43582436442375183 17687
1751224573197 0.8032137155532837 17688
1751224574282 0.7414624094963074 17689
1751224575451 0.6448951959609985 17690
1751224576766 0.6138297915458679 17691
1751224577861 0.77182936668396 17692
1751224578889 0.7266302108764648 17693
1751224579924 1.037674903869629 17694
1751224580992 1.3443244695663452 17695
1751224582098 0.9805253148078918 17696
1751224583396 0.8937456011772156 17697
1751224584306 0.8647714853286743 17698
1751224585416 0.35074448585510254 17699
1751224586483 1.9459266662597656 17700
1751224587527 0.7520664930343628 17701
1751224588581 0.3589463531970978 17702
1751224589737 0.6824818849563599 17703
1751224590771 0.5887595415115356 17704
1751224591809 1.0152727365493774 17705
1751224592849 0.6734775900840759 17706
1751224593876 0.9664945602416992 17707
1751224594917 0.5098283886909485 17708
1751224596155 0.7419527769088745 17709
1751224597115 2.9204835891723633 17710
1751224598236 1.050125002861023 17711
1751224599302 0.8612051010131836 17712
1751224600183 1.6786174774169922 17713
1751224601198 0.5107643008232117 17714
1751224602484 0.2865576148033142 17715
1751224603486 0.7423304915428162 17716
1751224604515 0.6168672442436218 17717
1751224605583 0.6181849837303162 17718
1751224606587 0.6704946160316467 17719
1751224607926 0.3200112581253052 17720
1751224609018 0.918797492980957 17721
1751224609958 1.0374153852462769 17722
1751224610996 0.8104421496391296 17723
1751224612052 1.5192376375198364 17724
1751224613136 0.8879430890083313 17725
1751224614465 0.7752230167388916 17726
1751224615425 1.5383573770523071 17727
1751224616496 0.6472687721252441 17728
1751224617413 0.5926830768585205 17729
1751224618483 0.8602194786071777 17730
1751224619550 1.670283317565918 17731
1751224620842 0.6212623715400696 17732
1751224621926 0.8243295550346375 17733
1751224623000 1.1302236318588257 17734
1751224624038 0.7482197880744934 17735
1751224625059 0.703521728515625 17736
1751224626177 0.988682210445404 17737
1751224627415 1.1322320699691772 17738
1751224628465 0.7803434133529663 17739
1751224629454 1.0277645587921143 17740
1751224630496 0.7128943800926208 17741
1751224631501 0.8158758282661438 17742
1751224632724 1.6983836889266968 17743
1751224633771 0.7360373735427856 17744
1751224634876 0.5126425623893738 17745
1751224635809 1.3090555667877197 17746
1751224636900 0.7643389105796814 17747
1751224637868 3.8369216918945312 17748
1751224639177 1.1812154054641724 17749
1751224640218 0.6584529280662537 17750
1751224641333 0.6108522415161133 17751
1751224642344 0.6512457132339478 17752
1751224643372 0.930419921875 17753
1751224644440 0.7562546133995056 17754
1751224645797 0.5244881510734558 17755
1751224646919 0.8320826888084412 17756
1751224647953 0.6386739015579224 17757
1751224648973 0.5935995578765869 17758
1751224650028 0.7038775086402893 17759
1751224651128 0.6228755116462708 17760
1751224652439 0.8649626970291138 17761
1751224653476 0.7459792494773865 17762
1751224654557 0.4773503243923187 17763
1751224655614 0.8200706839561462 17764
1751224656648 1.3126024007797241 17765
1751224657666 0.6344043016433716 17766
1751224658940 0.7632759809494019 17767
1751224660035 0.5218709111213684 17768
1751224661120 0.677932858467102 17769
1751224662174 0.5838143825531006 17770
1751224663131 1.870706558227539 17771
1751224664409 0.6496864557266235 17772
1751224665464 0.7514702081680298 17773
1751224666563 0.561989963054657 17774
1751224667598 0.8090406656265259 17775
1751224668656 0.505102813243866 17776
1751224669748 0.605976939201355 17777
1751224671036 0.2904714345932007 17778
1751224672098 0.9937774538993835 17779
1751224673168 0.5729326605796814 17780
1751224674206 0.5451089143753052 17781
1751224675260 0.7383519411087036 17782
1751224676319 0.6390877962112427 17783
1751224677676 0.4811091125011444 17784
1751224678730 0.7850830554962158 17785
1751224679781 0.8813841938972473 17786
1751224680723 3.505070209503174 17787
1751224681847 0.7535601854324341 17788
1751224682913 0.7188970446586609 17789
1751224684189 0.8642781376838684 17790
1751224685308 1.162933588027954 17791
1751224686416 0.7627579569816589 17792
1751224687491 1.023722529411316 17793
1751224688561 0.8910155296325684 17794
1751224689808 0.5070136785507202 17795
1751224690915 0.6525236964225769 17796
1751224691892 0.7876755595207214 17797
1751224692966 0.9325000643730164 17798
1751224693862 2.3769943714141846 17799
1751224694893 0.6041213870048523 17800
1751224696252 1.2648619413375854 17801
1751224697319 1.174103856086731 17802
1751224698373 0.5043691992759705 17803
1751224699462 0.6769184470176697 17804
1751224700520 0.25455716252326965 17805
1751224701603 0.9864091873168945 17806
1751224702969 0.7191230654716492 17807
1751224703992 0.7203963994979858 17808
1751224705012 0.6071600914001465 17809
1751224705925 0.565952718257904 17810
1751224706955 0.9669438600540161 17811
1751224708016 0.8195160031318665 17812
1751224709385 1.062731146812439 17813
1751224710439 0.5731289386749268 17814
1751224711562 0.7535142302513123 17815
1751224712560 0.6446337103843689 17816
1751224713608 0.15257427096366882 17817
1751224714699 0.7361083030700684 17818
1751224716089 0.0270120557397604 17819
1751224717150 0.5906262993812561 17820
1751224718251 0.32075023651123047 17821
1751224719200 1.568605661392212 17822
1751224720236 0.654210090637207 17823
1751224721543 0.12706591188907623 17824
1751224722599 0.8851092457771301 17825
1751224723661 0.6254335641860962 17826
1751224724578 1.405360460281372 17827
1751224725641 1.879372000694275 17828
1751224726591 0.8027617335319519 17829
1751224727900 1.0148568153381348 17830
1751224728952 0.6325200200080872 17831
1751224729962 0.6321598887443542 17832
1751224731024 1.0396538972854614 17833
1751224731944 1.4989203214645386 17834
1751224733012 0.927293598651886 17835
1751224734325 1.3239792585372925 17836
1751224735411 0.7416178584098816 17837
1751224736495 0.614426851272583 17838
1751224737535 0.5751010179519653 17839
1751224738549 2.668051242828369 17840
1751224739630 0.7171958684921265 17841
1751224740948 0.7174966931343079 17842
1751224742006 0.7463385462760925 17843
1751224743058 0.8685731291770935 17844
1751224744160 0.9291122555732727 17845
1751224745225 1.289794921875 17846
1751224746571 0.932638943195343 17847
1751224747644 0.8737789392471313 17848
1751224748678 0.5327538847923279 17849
1751224749709 0.8748070001602173 17850
1751224750833 0.8181568384170532 17851
1751224751852 1.4873676300048828 17852
1751224753147 0.5748957991600037 17853
1751224754172 0.7200789451599121 17854
1751224755238 0.8192779421806335 17855
1751224756284 1.3206090927124023 17856
1751224757302 1.6308094263076782 17857
1751224758324 0.9825604557991028 17858
1751224759620 0.6369346976280212 17859
1751224760653 1.1374882459640503 17860
1751224761683 0.6362504363059998 17861
1751224762730 1.713787317276001 17862
1751224763759 0.12258906662464142 17863
1751224764823 1.0529711246490479 17864
1751224766110 0.4284312427043915 17865
1751224767197 0.7198988795280457 17866
1751224768263 0.9715072512626648 17867
1751224769280 1.339963436126709 17868
1751224770297 0.38801881670951843 17869
1751224771640 0.788149356842041 17870
1751224772759 0.9306026101112366 17871
1751224773813 0.6947416663169861 17872
1751224774827 0.6436800360679626 17873
1751224775891 0.765079140663147 17874
1751224776908 0.7857152223587036 17875
1751224778256 0.8301412463188171 17876
1751224779316 0.6222714185714722 17877
1751224780305 1.085258960723877 17878
1751224781394 0.6363943219184875 17879
1751224782497 0.8607070446014404 17880
1751224783540 0.5889739394187927 17881
1751224784847 0.48671552538871765 17882
1751224785892 0.4769221842288971 17883
1751224786936 0.5490546226501465 17884
1751224788033 0.7828388810157776 17885
1751224789090 0.5168689489364624 17886
1751224790150 0.5068370699882507 17887
1751224791434 0.7142125368118286 17888
1751224792490 0.6271337866783142 17889
1751224793543 1.0214519500732422 17890
1751224794611 1.1479040384292603 17891
1751224795655 0.8424607515335083 17892
1751224796740 0.762541651725769 17893
1751224798112 1.3483072519302368 17894
1751224799201 0.8615431189537048 17895
1751224800280 0.09797222912311554 17896
1751224801456 1.0779314041137695 17897
1751224802492 1.0728435516357422 17898
1751224803441 0.7756887674331665 17899
1751224804744 0.9732393622398376 17900
1751224805779 1.0275884866714478 17901
1751224806839 0.5315540432929993 17902
1751224807898 0.32370424270629883 17903
1751224809008 0.6543048024177551 17904
1751224810045 1.4437288045883179 17905
1751224811425 1.4431673288345337 17906
1751224812542 0.3990699052810669 17907
1751224813682 0.9529222846031189 17908
1751224814747 0.547781765460968 17909
1751224815845 0.702422559261322 17910
1751224817177 0.5680144429206848 17911
1751224818218 0.8812762498855591 17912
1751224819237 0.5118603706359863 17913
1751224820150 3.643160343170166 17914
1751224821242 0.8679443597793579 17915
1751224822306 0.7895090579986572 17916
1751224823708 0.4839950501918793 17917
1751224824755 0.7805089950561523 17918
1751224825828 0.7113699913024902 17919
1751224826865 0.9051333665847778 17920
1751224827839 1.120377779006958 17921
1751224828905 1.0139896869659424 17922
1751224830194 0.6066705584526062 17923
1751224831235 0.4467831552028656 17924
1751224832316 0.8037003874778748 17925
1751224833353 0.34139737486839294 17926
1751224834421 0.9410305023193359 17927
1751224835795 0.03146236017346382 17928
1751224836825 0.5459498763084412 17929
1751224837886 0.8332837224006653 17930
1751224838975 0.7743010520935059 17931
1751224840029 0.681455135345459 17932
1751224841064 0.7234553098678589 17933
1751224842226 0.7904292941093445 17934
1751224843316 0.8971878886222839 17935
1751224844401 0.42529812455177307 17936
1751224845441 0.822196900844574 17937
1751224846508 0.865887463092804 17938
1751224847600 0.5848940014839172 17939
1751224848839 0.8665472269058228 17940
1751224849870 1.446773886680603 17941
1751224850907 0.965805172920227 17942
1751224851959 1.0320993661880493 17943
1751224852996 0.9858884811401367 17944
1751224854091 0.6991984248161316 17945
1751224855436 0.30883386731147766 17946
1751224856508 0.6602625846862793 17947
1751224857586 0.8484308123588562 17948
1751224858620 0.660649299621582 17949
1751224859628 0.8764482736587524 17950
1751224860974 0.9927335977554321 17951
1751224862018 0.5202898383140564 17952
1751224863073 1.0313915014266968 17953
1751224864176 0.5646269917488098 17954
1751224865284 0.9113045930862427 17955
1751224866402 0.7636274695396423 17956
1751224867707 0.27428489923477173 17957
1751224868772 0.7454790472984314 17958
1751224869822 0.8046427369117737 17959
1751224870884 0.9137668609619141 17960
1751224871949 0.953420102596283 17961
1751224873029 0.630323052406311 17962
1751224874322 1.099979281425476 17963
1751224875365 0.820019543170929 17964
1751224876399 0.5618745684623718 17965
1751224877513 0.6432073712348938 17966
1751224878550 0.8229240775108337 17967
1751224879849 0.5233145952224731 17968
1751224880931 0.7444897890090942 17969
1751224882050 0.37276095151901245 17970
1751224882971 0.4230327308177948 17971
1751224884092 1.6291035413742065 17972
1751224885186 0.6635347604751587 17973
1751224886499 0.628661572933197 17974
1751224887517 1.0590901374816895 17975
1751224888585 0.5088486075401306 17976
1751224889618 0.9790863394737244 17977
1751224890711 0.7909845113754272 17978
1751224891740 0.9435267448425293 17979
1751224893072 0.8355873227119446 17980
1751224894157 1.1466807126998901 17981
1751224895181 1.1721363067626953 17982
1751224896248 0.5935724973678589 17983
1751224897316 0.7754901051521301 17984
1751224898649 0.823509156703949 17985
1751224899678 0.8012515902519226 17986
1751224900777 0.8111850619316101 17987
1751224901692 0.7323829531669617 17988
1751224902771 0.7175915241241455 17989
1751224903850 0.8309112787246704 17990
1751224905219 0.7489575743675232 17991
1751224906292 0.5956166386604309 17992
1751224907395 0.9481049180030823 17993
1751224908467 0.5270565748214722 17994
1751224909511 1.3320276737213135 17995
1751224910547 0.9840105175971985 17996
1751224911884 0.7487217783927917 17997
1751224912804 0.532131016254425 17998
1751224913827 1.1479923725128174 17999
1751224914866 1.5084507465362549 18000
1751224966525 0.6579440832138062 18001
1751224967845 0.7531496286392212 18002
1751224968912 0.8569579124450684 18003
1751224970027 0.7222376465797424 18004
1751224971053 0.7083348035812378 18005
1751224972139 0.527622640132904 18006
1751224973245 0.7873541116714478 18007
1751224974571 0.9204513430595398 18008
1751224975614 0.5530955791473389 18009
1751224976578 0.8371120095252991 18010
1751224977709 0.7035583257675171 18011
1751224978779 0.9597951769828796 18012
1751224979861 0.8752450942993164 18013
1751224981042 0.6466970443725586 18014
1751224982116 0.9014359712600708 18015
1751224983163 0.6480976939201355 18016
1751224984243 0.7666379809379578 18017
1751224985314 0.7394877672195435 18018
1751224986478 0.9529872536659241 18019
1751224987561 0.46424880623817444 18020
1751224988614 0.8203126788139343 18021
1751224989647 0.9259650707244873 18022
1751224990718 1.5498361587524414 18023
1751224991776 0.6442461609840393 18024
1751224993082 0.9345974326133728 18025
1751224994136 0.7995271682739258 18026
1751224995233 1.359070062637329 18027
1751224996300 0.8320431113243103 18028
1751224997348 0.6763381361961365 18029
1751224998412 0.885598361492157 18030
1751224999752 0.7095247507095337 18031
1751225000790 0.9669041633605957 18032
1751225001862 0.8990680575370789 18033
1751225002921 0.5726520419120789 18034
1751225003994 0.7466237545013428 18035
1751225005002 0.8314148187637329 18036
1751225006378 0.7338067889213562 18037
1751225007556 0.9290534853935242 18038
1751225008589 0.7328904867172241 18039
1751225009658 1.142173409461975 18040
1751225010675 0.4841242730617523 18041
1751225012071 0.7991948127746582 18042
1751225013108 1.055651307106018 18043
1751225014176 0.7284215092658997 18044
1751225015206 0.7604438662528992 18045
1751225016268 0.5363649725914001 18046
1751225017336 1.0886974334716797 18047
1751225018729 1.2565374374389648 18048
1751225019666 0.9468210339546204 18049
1751225020737 0.6360200047492981 18050
1751225021821 1.397554636001587 18051
1751225022836 0.8018139004707336 18052
1751225023829 0.451713502407074 18053
1751225025182 0.9127025604248047 18054
1751225026038 1.3645092248916626 18055
1751225027102 0.8039945960044861 18056
1751225028177 1.3334416151046753 18057
1751225029253 0.960347592830658 18058
1751225030295 0.6520258784294128 18059
1751225031585 0.8539535403251648 18060
1751225032661 0.18972675502300262 18061
1751225033704 1.0754629373550415 18062
1751225034655 2.3259124755859375 18063
1751225035777 0.612849235534668 18064
1751225037068 1.2471613883972168 18065
1751225037942 0.1893521100282669 18066
1751225038974 0.8853092193603516 18067
1751225039978 0.669106125831604 18068
1751225041054 0.577491283416748 18069
1751225042084 1.1146323680877686 18070
1751225043438 0.6991153359413147 18071
1751225044460 0.8691183924674988 18072
1751225045526 0.21731415390968323 18073
1751225046376 1.2717260122299194 18074
1751225047421 0.6716338396072388 18075
1751225048878 0.6668410301208496 18076
1751225049972 1.110382080078125 18077
1751225050868 0.8808216452598572 18078
1751225051933 0.854184627532959 18079
1751225052961 0.6278601288795471 18080
1751225054026 0.6629409790039062 18081
1751225055332 0.7960947751998901 18082
1751225056463 0.6884745359420776 18083
1751225057537 0.741403341293335 18084
1751225058581 0.7221972346305847 18085
1751225059492 1.5291366577148438 18086
1751225060533 1.2434422969818115 18087
1751225061887 0.5468938946723938 18088
1751225062916 0.9557026028633118 18089
1751225063978 1.0487034320831299 18090
1751225065070 0.9468062520027161 18091
1751225066178 0.5355697870254517 18092
1751225067584 1.0563186407089233 18093
1751225068639 0.716993510723114 18094
1751225069674 1.146369218826294 18095
1751225070800 0.9455673098564148 18096
1751225071835 0.7177841067314148 18097
1751225072882 1.0388102531433105 18098
1751225074161 0.739422619342804 18099
1751225075191 0.6132961511611938 18100
1751225076223 1.524692416191101 18101
1751225077234 0.9562227129936218 18102
1751225078260 0.5801868438720703 18103
1751225079361 1.0607327222824097 18104
1751225080660 0.6943206191062927 18105
1751225081760 0.7401313185691833 18106
1751225082876 0.690351665019989 18107
1751225083905 0.8465563058853149 18108
1751225084921 0.6738168001174927 18109
1751225086089 0.701985239982605 18110
1751225087390 0.7416064143180847 18111
1751225088304 1.4441815614700317 18112
1751225089383 0.818813145160675 18113
1751225090410 0.5977768898010254 18114
1751225091486 0.21234574913978577 18115
1751225092800 0.11524064838886261 18116
1751225093841 0.7374560236930847 18117
1751225094879 0.6434010863304138 18118
1751225095931 1.1822189092636108 18119
1751225096953 0.14487746357917786 18120
1751225098029 0.4892255365848541 18121
1751225099257 0.9663944244384766 18122
1751225100349 0.6903533339500427 18123
1751225101421 0.4758439064025879 18124
1751225102442 0.9831299781799316 18125
1751225103511 0.6064152717590332 18126
1751225104627 0.6198000311851501 18127
1751225105908 0.5322560667991638 18128
1751225106967 0.6897347569465637 18129
1751225107996 0.9410767555236816 18130
1751225109099 0.9388139843940735 18131
1751225110201 0.33701568841934204 18132
1751225111493 0.5030977725982666 18133
1751225112589 1.5705746412277222 18134
1751225113622 0.8016183972358704 18135
1751225114710 0.4967116415500641 18136
1751225115744 0.9219909906387329 18137
1751225116811 0.6831788420677185 18138
1751225117990 1.8754562139511108 18139
1751225119092 0.840542733669281 18140
1751225120175 1.1037521362304688 18141
1751225121094 1.857293725013733 18142
1751225121996 4.1314263343811035 18143
1751225123072 0.5374914407730103 18144
1751225124388 0.7333236932754517 18145
1751225125280 1.0176725387573242 18146
1751225126304 0.8858403563499451 18147
1751225127435 0.7418371438980103 18148
1751225128485 0.6930007338523865 18149
1751225129554 1.0718201398849487 18150
1751225130827 0.82989901304245 18151
1751225131704 0.7785804867744446 18152
1751225132703 0.6735216975212097 18153
1751225133773 0.9458408355712891 18154
1751225134661 0.9266144633293152 18155
1751225136017 0.6985388994216919 18156
1751225137067 0.41914674639701843 18157
1751225138141 0.6050340533256531 18158
1751225139221 0.790541410446167 18159
1751225140321 0.7741102576255798 18160
1751225141364 0.7440483570098877 18161
1751225142703 0.9548660516738892 18162
1751225143721 1.2498942613601685 18163
1751225144761 0.4941692352294922 18164
1751225145813 0.7201052904129028 18165
1751225146914 0.5379433631896973 18166
1751225148124 0.7260259985923767 18167
1751225149441 0.8171390891075134 18168
1751225150462 1.045967936515808 18169
1751225151525 0.5182420611381531 18170
1751225152576 0.7807909846305847 18171
1751225153596 0.9487846493721008 18172
1751225154964 0.6209582686424255 18173
1751225155999 2.6853654384613037 18174
1751225157128 0.9211899042129517 18175
1751225158216 0.8308421969413757 18176
1751225159281 0.9185501337051392 18177
1751225160302 0.8908287882804871 18178
1751225161655 0.6818578839302063 18179
1751225162532 0.830782413482666 18180
1751225163650 0.5920783877372742 18181
1751225164689 0.838971734046936 18182
1751225165739 0.7831196188926697 18183
1751225166797 1.0681047439575195 18184
1751225168159 0.6368477940559387 18185
1751225169230 0.6464104652404785 18186
1751225170321 0.8330965042114258 18187
1751225171332 1.702186942100525 18188
1751225172332 0.5538219809532166 18189
1751225173634 1.1582216024398804 18190
1751225174696 1.013959288597107 18191
1751225175824 0.8952351808547974 18192
1751225176737 1.1159676313400269 18193
1751225177819 0.08904936164617538 18194
1751225178860 1.4908512830734253 18195
1751225180147 0.6630480885505676 18196
1751225181179 1.4621788263320923 18197
1751225182220 0.9720449447631836 18198
1751225183309 0.6132401823997498 18199
1751225184230 1.2156740427017212 18200
1751225185259 0.4988977611064911 18201
1751225186539 0.4101913571357727 18202
1751225187632 0.8921731114387512 18203
1751225188670 1.074918508529663 18204
1751225189703 1.4502259492874146 18205
1751225190718 0.8108498454093933 18206
1751225191996 0.9139812588691711 18207
1751225193040 1.0030955076217651 18208
1751225194139 0.9758739471435547 18209
1751225195173 1.1673638820648193 18210
1751225196227 0.45514628291130066 18211
1751225197256 0.8002859950065613 18212
1751225198551 1.3215116262435913 18213
1751225199653 1.1642602682113647 18214
1751225200742 0.9822482466697693 18215
1751225201799 0.7697393298149109 18216
1751225202860 0.9597946405410767 18217
1751225203925 0.6030932664871216 18218
1751225205247 0.7680394649505615 18219
1751225206276 0.555117130279541 18220
1751225207438 0.7899925112724304 18221
1751225208502 0.5664990544319153 18222
1751225209572 0.01875125803053379 18223
1751225210871 0.7844606041908264 18224
1751225211918 0.7748574018478394 18225
1751225212974 0.8749996423721313 18226
1751225214016 1.1679188013076782 18227
1751225215081 0.60328608751297 18228
1751225216127 0.16443194448947906 18229
1751225217406 0.3999154269695282 18230
1751225218445 0.8682085275650024 18231
1751225219489 0.629348874092102 18232
1751225220667 0.733195960521698 18233
1751225221726 0.96010822057724 18234
1751225222748 0.7213872075080872 18235
1751225224161 0.5085174441337585 18236
1751225225188 0.7977349162101746 18237
1751225226080 0.6923693418502808 18238
1751225227125 0.7010745406150818 18239
1751225228234 0.7567123770713806 18240
1751225229606 0.9125518798828125 18241
1751225230700 0.5969031453132629 18242
1751225231825 0.746898353099823 18243
1751225232865 0.7313812971115112 18244
1751225233951 0.9243594408035278 18245
1751225234868 0.8262972235679626 18246
1751225236161 0.9898093342781067 18247
1751225237195 0.5767125487327576 18248
1751225238240 0.6246197819709778 18249
1751225239293 0.6986586451530457 18250
1751225240426 0.5798776745796204 18251
1751225241496 0.5646001696586609 18252
1751225242823 0.8578176498413086 18253
1751225243915 1.0977916717529297 18254
1751225245021 0.86005038022995 18255
1751225246107 0.6034991145133972 18256
1751225247170 0.6822896599769592 18257
1751225248252 0.9103905558586121 18258
1751225249581 0.5882664918899536 18259
1751225250648 0.7784854173660278 18260
1751225251752 1.0698813199996948 18261
1751225252825 0.9934439659118652 18262
1751225253925 1.0264471769332886 18263
1751225255229 0.6584674119949341 18264
1751225256168 1.0592161417007446 18265
1751225257218 0.7040324211120605 18266
1751225258284 0.9940767288208008 18267
1751225259378 0.537835955619812 18268
1751225260422 0.7134203314781189 18269
1751225261738 0.8589680790901184 18270
1751225262828 0.6740586161613464 18271
1751225263810 0.8670562505722046 18272
1751225264888 0.19587822258472443 18273
1751225265932 1.0645517110824585 18274
1751225267261 0.8898496627807617 18275
1751225268372 1.178131341934204 18276
1751225269276 1.1866847276687622 18277
1751225270387 0.8604966998100281 18278
1751225271505 0.6699784398078918 18279
1751225272573 0.7999111413955688 18280
1751225273925 1.7224540710449219 18281
1751225274980 0.7853139638900757 18282
1751225276090 0.7059376835823059 18283
1751225277049 1.141127586364746 18284
1751225278098 1.1824220418930054 18285
1751225279247 0.6591288447380066 18286
1751225280387 0.7243298888206482 18287
1751225281489 0.4037448465824127 18288
1751225282609 0.7197193503379822 18289
1751225283624 0.5254992842674255 18290
1751225284675 0.9857322573661804 18291
1751225286060 0.8124544024467468 18292
1751225287139 1.2157328128814697 18293
1751225288272 0.9067209362983704 18294
1751225289367 0.9772650003433228 18295
1751225290463 0.6904003024101257 18296
1751225291535 0.6982023119926453 18297
1751225292825 0.8254680633544922 18298
1751225293911 0.8127937316894531 18299
1751225294836 1.1572246551513672 18300
1751225295868 0.7018884420394897 18301
1751225296904 0.7829258441925049 18302
1751225298178 0.746668815612793 18303
1751225299265 0.7996839880943298 18304
1751225300179 0.8828058242797852 18305
1751225301287 0.5638728141784668 18306
1751225302366 0.5280736088752747 18307
1751225303457 0.46601152420043945 18308
1751225304776 0.7627286314964294 18309
1751225305704 1.1293892860412598 18310
1751225306832 0.5742682814598083 18311
1751225307940 1.802773356437683 18312
1751225308988 0.8432469367980957 18313
1751225310326 1.0562100410461426 18314
1751225311377 0.42612725496292114 18315
1751225312480 0.9298380017280579 18316
1751225313561 0.6438984870910645 18317
1751225314680 0.5259012579917908 18318
1751225315795 0.05192365497350693 18319
1751225317241 0.6477083563804626 18320
1751225318342 1.3567166328430176 18321
1751225319416 0.7516099214553833 18322
1751225320487 1.2791938781738281 18323
1751225321527 0.5153741240501404 18324
1751225322613 0.6757714152336121 18325
1751225323943 0.8737501502037048 18326
1751225324988 0.7202848792076111 18327
1751225326071 0.6789513230323792 18328
1751225327173 0.6184054613113403 18329
1751225328302 0.6149359941482544 18330
1751225329589 0.6562747359275818 18331
1751225330687 0.7456688284873962 18332
1751225331840 0.7853936553001404 18333
1751225332932 0.6716046929359436 18334
1751225334040 1.0863980054855347 18335
1751225334997 0.36945226788520813 18336
1751225336382 0.39278584718704224 18337
1751225337519 1.0040310621261597 18338
1751225338466 1.1427221298217773 18339
1751225339532 0.8902618288993835 18340
1751225340643 1.131902813911438 18341
1751225342039 0.8635914921760559 18342
1751225343142 0.8517048954963684 18343
1751225344197 0.8029736876487732 18344
1751225345320 0.09306401759386063 18345
1751225346400 0.9213361144065857 18346
1751225347526 0.8437067270278931 18347
1751225348924 0.6865941882133484 18348
1751225349972 0.4779389500617981 18349
1751225351089 0.9263931512832642 18350
1751225352079 0.4735150635242462 18351
1751225353177 0.6730560064315796 18352
1751225354573 1.0147931575775146 18353
1751225355658 0.9254847764968872 18354
1751225356736 0.6097905039787292 18355
1751225357924 0.6861103773117065 18356
1751225359047 0.4774863123893738 18357
1751225360145 0.9898115396499634 18358
1751225361493 0.7163811922073364 18359
1751225362450 1.2397068738937378 18360
1751225363573 0.6478646397590637 18361
1751225364734 0.7539946436882019 18362
1751225365856 0.8441916704177856 18363
1751225367007 0.625957190990448 18364
1751225368220 1.253678321838379 18365
1751225369321 0.8355564475059509 18366
1751225370448 1.5471440553665161 18367
1751225371418 0.9081817865371704 18368
1751225372597 0.628966212272644 18369
1751225373921 0.5769063234329224 18370
1751225374861 3.003448963165283 18371
1751225375828 0.21786558628082275 18372
1751225376964 0.8868336081504822 18373
1751225378034 0.7175115942955017 18374
1751225379372 0.9644594192504883 18375
1751225380465 1.0947011709213257 18376
1751225381566 0.6691181063652039 18377
1751225382622 0.6374117732048035 18378
1751225383650 1.0155010223388672 18379
1751225384738 0.6148070693016052 18380
1751225386124 1.0303267240524292 18381
1751225387208 0.9075860381126404 18382
1751225388320 0.3794660270214081 18383
1751225389411 0.12838561832904816 18384
1751225390571 0.5386378169059753 18385
1751225391708 0.8124355673789978 18386
1751225393056 0.8499820828437805 18387
1751225394205 0.7699095606803894 18388
1751225395275 0.7503877878189087 18389
1751225396359 1.0589138269424438 18390
1751225397404 0.740333080291748 18391
1751225398758 0.6374831199645996 18392
1751225399826 1.1827837228775024 18393
1751225400993 0.7631878852844238 18394
1751225401955 0.7082198262214661 18395
1751225403071 0.3708422780036926 18396
1751225404178 0.7380326986312866 18397
1751225405655 0.6361420750617981 18398
1751225406871 1.091292142868042 18399
1751225407962 0.7354421019554138 18400
1751225409065 1.486838936805725 18401
1751225410296 0.6163730621337891 18402
1751225411661 0.6524144411087036 18403
1751225412894 0.6797577738761902 18404
1751225413991 1.076793909072876 18405
1751225415150 0.7223545908927917 18406
1751225416319 0.08422911912202835 18407
1751225417513 1.5375157594680786 18408
1751225419036 0.5044970512390137 18409
1751225420124 0.7042618989944458 18410
1751225421251 1.1604222059249878 18411
1751225422362 0.6116042733192444 18412
1751225423540 0.6204854249954224 18413
1751225424999 0.8684108853340149 18414
1751225426146 0.920855700969696 18415
1751225427296 0.8985506296157837 18416
1751225428423 1.2968541383743286 18417
1751225429525 0.8004984259605408 18418
1751225430714 0.6056855916976929 18419
1751225432055 1.1790302991867065 18420
1751225433168 0.2067359834909439 18421
1751225434265 0.6588591933250427 18422
1751225435383 0.13944442570209503 18423
1751225436528 0.8533723950386047 18424
1751225437629 1.0109269618988037 18425
1751225439044 0.4155954420566559 18426
1751225440165 0.6139048933982849 18427
1751225441241 0.7722610831260681 18428
1751225442364 0.575273334980011 18429
1751225443397 0.6653774380683899 18430
1751225444818 0.5103812217712402 18431
1751225445942 0.7788624167442322 18432
1751225447099 0.8911510705947876 18433
1751225448236 0.23201225697994232 18434
1751225449211 1.3039207458496094 18435
1751225450352 0.8699798583984375 18436
1751225451761 0.7043224573135376 18437
1751225452866 1.343682885169983 18438
1751225453980 1.6542576551437378 18439
1751225455075 1.5324196815490723 18440
1751225456225 0.8112618327140808 18441
1751225457628 0.7472390532493591 18442
1751225458606 0.8245331048965454 18443
1751225459733 0.7136293649673462 18444
1751225460838 0.591567873954773 18445
1751225461927 0.5388694405555725 18446
1751225463082 0.29964953660964966 18447
1751225464388 0.9936882257461548 18448
1751225465509 0.481294184923172 18449
1751225466618 0.6027082204818726 18450
1751225467710 1.0555675029754639 18451
1751225468810 0.7283805012702942 18452
1751225469931 0.9023813605308533 18453
1751225471262 1.322217583656311 18454
1751225472322 1.445580005645752 18455
1751225473472 0.7053208947181702 18456
1751225474409 0.8671872019767761 18457
1751225475457 0.3321935832500458 18458
1751225476762 0.814997136592865 18459
1751225477825 0.884605348110199 18460
1751225478892 0.6233455538749695 18461
1751225479990 1.1985752582550049 18462
1751225481060 0.6648423671722412 18463
1751225482234 0.7108470797538757 18464
1751225483561 0.3910306692123413 18465
1751225484688 1.0499290227890015 18466
1751225485815 0.7413763403892517 18467
1751225486917 1.4821757078170776 18468
1751225488056 2.3198084831237793 18469
1751225489354 0.41616490483283997 18470
1751225490445 2.3639438152313232 18471
1751225491531 0.9737305641174316 18472
1751225492692 0.3588230609893799 18473
1751225493835 0.8373590707778931 18474
1751225494918 1.4896745681762695 18475
1751225496230 0.7414997816085815 18476
1751225497322 0.6093848347663879 18477
1751225498361 0.7495928406715393 18478
1751225499444 0.451844185590744 18479
1751225500531 0.5986734628677368 18480
1751225501644 0.6005369424819946 18481
1751225503035 0.5783025622367859 18482
1751225504102 0.900790810585022 18483
1751225505204 1.1531003713607788 18484
1751225506399 0.7705204486846924 18485
1751225507535 0.408679723739624 18486
1751225508886 0.47788554430007935 18487
1751225509944 0.8244158625602722 18488
1751225511009 0.7441434264183044 18489
1751225512136 0.618465781211853 18490
1751225513134 1.1712937355041504 18491
1751225514215 0.7915551066398621 18492
1751225515596 0.5948072671890259 18493
1751225516730 1.7228935956954956 18494
1751225517833 0.6996413469314575 18495
1751225518909 0.8680462837219238 18496
1751225520016 0.9290696382522583 18497
1751225521518 0.6502060890197754 18498
1751225522587 0.6539066433906555 18499
1751225523734 0.9984306693077087 18500
1751225524861 0.47484341263771057 18501
1751225525790 1.3715887069702148 18502
1751225526918 0.22219541668891907 18503
1751225528263 0.7999009490013123 18504
1751225529399 0.47669345140457153 18505
1751225530460 0.7975175976753235 18506
1751225531401 1.9880884885787964 18507
1751225532481 0.7794090509414673 18508
1751225533573 0.4659115672111511 18509
1751225534909 0.5454968810081482 18510
1751225535988 1.2245277166366577 18511
1751225537024 0.7988241314888 18512
1751225538127 0.13258734345436096 18513
1751225539107 0.6246965527534485 18514
1751225540486 2.4950339794158936 18515
1751225541542 0.6372891068458557 18516
1751225542646 0.4272518754005432 18517
1751225543707 1.0388164520263672 18518
1751225544806 0.9143856167793274 18519
1751225545893 0.7351247668266296 18520
1751225547203 0.6916117072105408 18521
1751225548290 0.8054084777832031 18522
1751225549319 0.6184751391410828 18523
1751225550373 0.11894910037517548 18524
1751225551434 0.8422835469245911 18525
1751225552910 0.8897245526313782 18526
1751225554018 0.7209319472312927 18527
1751225554928 0.17136305570602417 18528
1751225556042 1.0736923217773438 18529
1751225557195 0.5434033870697021 18530
1751225558307 0.26328083872795105 18531
1751225559762 0.7185131907463074 18532
1751225560875 0.8767759203910828 18533
1751225561996 1.0211111307144165 18534
1751225563085 0.9308149814605713 18535
1751225564159 0.562176525592804 18536
1751225565577 1.0090941190719604 18537
1751225566680 0.3088702857494354 18538
1751225567838 1.234657883644104 18539
1751225568995 0.724288821220398 18540
1751225570113 0.8067641258239746 18541
1751225571200 0.482780396938324 18542
1751225572537 0.796881914138794 18543
1751225573686 1.2608121633529663 18544
1751225574826 0.7497537732124329 18545
1751225575989 0.7276099324226379 18546
1751225577042 0.6264944076538086 18547
1751225578153 0.6890374422073364 18548
1751225579434 0.7325366735458374 18549
1751225580509 0.7292736172676086 18550
1751225581608 0.7985601425170898 18551
1751225582709 0.6067124605178833 18552
1751225583790 0.7646577954292297 18553
1751225585171 0.812797486782074 18554
1751225586246 0.2980273962020874 18555
1751225587280 1.0088326930999756 18556
1751225588404 0.9757175445556641 18557
1751225589494 1.1309623718261719 18558
1751225590557 1.187643051147461 18559
1751225591871 0.7651386260986328 18560
1751225592959 0.8023853302001953 18561
1751225594004 0.48586612939834595 18562
1751225594949 2.629560708999634 18563
1751225595986 0.7897692322731018 18564
1751225597346 1.1056727170944214 18565
1751225598464 1.6105197668075562 18566
1751225599558 0.6886329054832458 18567
1751225600653 1.1332414150238037 18568
1751225601729 0.5771098136901855 18569
1751225602750 1.4148765802383423 18570
1751225604118 0.5776586532592773 18571
1751225605242 0.5962010622024536 18572
1751225606343 0.6649931073188782 18573
1751225607429 0.9000667929649353 18574
1751225608407 0.6192545294761658 18575
1751225609724 0.5893245935440063 18576
1751225610786 0.6836657524108887 18577
1751225611933 0.7500115633010864 18578
1751225612990 0.20113317668437958 18579
1751225614042 0.8698081374168396 18580
1751225615100 0.8054846525192261 18581
1751225616526 0.7615216374397278 18582
1751225617568 0.7191256284713745 18583
1751225618648 0.872857391834259 18584
1751225619817 0.38438209891319275 18585
1751225620896 0.6762723326683044 18586
1751225621996 0.9027454257011414 18587
1751225623300 0.4751504063606262 18588
1751225624393 0.9028703570365906 18589
1751225625513 1.5774357318878174 18590
1751225626595 0.688513457775116 18591
1751225627545 0.6530987620353699 18592
1751225628854 0.6356795430183411 18593
1751225629911 1.1242401599884033 18594
1751225630942 0.6848577260971069 18595
1751225632016 1.0342785120010376 18596
1751225633066 0.6513530611991882 18597
1751225634127 1.007073998451233 18598
1751225635683 0.9223621487617493 18599
1751225636781 0.5519191026687622 18600
1751225637875 0.7283602356910706 18601
1751225638825 3.062744140625 18602
1751225639897 0.41225874423980713 18603
1751225641271 1.3990572690963745 18604
1751225642401 0.580687403678894 18605
1751225643463 0.5382561087608337 18606
1751225644517 0.9572033882141113 18607
1751225645581 0.2734287977218628 18608
1751225646878 0.7170975804328918 18609
1751225647933 0.6526858806610107 18610
1751225649023 0.5994886159896851 18611
1751225650086 1.580797791481018 18612
1751225651194 0.3760784864425659 18613
1751225652289 0.7108157873153687 18614
1751225653646 1.2688223123550415 18615
1751225654799 0.8159658312797546 18616
1751225655879 0.6860262751579285 18617
1751225656808 0.947361409664154 18618
1751225657901 1.3485487699508667 18619
1751225659219 0.5930696725845337 18620
1751225660247 0.960108757019043 18621
1751225661349 0.6080884337425232 18622
1751225662251 0.8369032144546509 18623
1751225663322 1.055086612701416 18624
1751225664424 0.9462109804153442 18625
1751225665776 0.8781456351280212 18626
1751225666858 0.6822378039360046 18627
1751225667993 0.7480106353759766 18628
1751225669049 0.6873965263366699 18629
1751225670127 0.3585261106491089 18630
1751225671455 0.5193998217582703 18631
1751225672498 0.6757544875144958 18632
1751225673577 0.797620415687561 18633
1751225674662 0.7874330282211304 18634
1751225675576 0.02783050388097763 18635
1751225676924 1.0758455991744995 18636
1751225678004 1.052204966545105 18637
1751225679066 0.09958509355783463 18638
1751225680189 0.06570839881896973 18639
1751225681241 1.0566980838775635 18640
1751225682339 0.6301447153091431 18641
1751225683649 0.992386519908905 18642
1751225684706 0.48399239778518677 18643
1751225685603 1.8114604949951172 18644
1751225686655 0.7994691729545593 18645
1751225687708 0.3584858179092407 18646
1751225689074 0.8442888259887695 18647
1751225690111 0.7301566004753113 18648
1751225691165 0.7498243451118469 18649
1751225692206 0.8601250648498535 18650
1751225693289 0.43670031428337097 18651
1751225694353 0.9984979033470154 18652
1751225695689 0.9534538388252258 18653
1751225696728 0.6120356917381287 18654
1751225697826 0.8211483359336853 18655
1751225698848 0.8873346447944641 18656
1751225699918 0.8747968673706055 18657
1751225701285 1.8951891660690308 18658
1751225702308 1.1120245456695557 18659
1751225703420 0.6204802393913269 18660
1751225704471 0.8838643431663513 18661
1751225705644 0.9176308512687683 18662
1751225706618 1.0592340230941772 18663
1751225707986 0.8415837287902832 18664
1751225709110 0.8820317387580872 18665
1751225710180 0.4905985891819 18666
1751225711219 0.5821762084960938 18667
1751225712312 0.7394768595695496 18668
1751225713667 0.7349070310592651 18669
1751225714747 0.6471189856529236 18670
1751225715858 1.2354884147644043 18671
1751225716908 0.7595044374465942 18672
1751225717809 0.9554851651191711 18673
1751225718876 0.7242639660835266 18674
1751225720259 0.6666179299354553 18675
1751225721275 0.4172806739807129 18676
1751225722196 1.0207613706588745 18677
1751225723262 0.7243230938911438 18678
1751225724330 0.42116817831993103 18679
1751225725713 0.6705310940742493 18680
1751225726829 0.7878475189208984 18681
1751225727933 0.7272633910179138 18682
1751225729078 0.5005998611450195 18683
1751225730187 0.1830679029226303 18684
1751225731315 0.8482145667076111 18685
1751225732435 0.5585024356842041 18686
1751225733553 0.7907952070236206 18687
1751225734620 0.733428418636322 18688
1751225735701 1.0555881261825562 18689
1751225736799 0.5807037353515625 18690
1751225738106 0.9455677270889282 18691
1751225739026 1.27397882938385 18692
1751225740128 1.2070121765136719 18693
1751225741255 0.8383129239082336 18694
1751225742306 0.9568544626235962 18695
1751225743368 1.1689205169677734 18696
1751225744698 1.105682611465454 18697
1751225745795 0.2511037588119507 18698
1751225746860 1.1662200689315796 18699
1751225747972 2.16827654838562 18700
1751225749027 1.9202755689620972 18701
1751225750343 0.8834244012832642 18702
1751225751409 1.668577790260315 18703
1751225752468 0.7297053337097168 18704
1751225753543 0.9203983545303345 18705
1751225754588 1.0774447917938232 18706
1751225755945 1.1966243982315063 18707
1751225757041 0.5696783065795898 18708
1751225758151 1.2672085762023926 18709
1751225759225 1.0782326459884644 18710
1751225760329 0.40879011154174805 18711
1751225761401 0.6559260487556458 18712
1751225762689 0.5995686054229736 18713
1751225763858 1.126633882522583 18714
1751225764936 1.1419109106063843 18715
1751225766026 0.3106846809387207 18716
1751225767067 0.5097965598106384 18717
1751225768415 0.9531717300415039 18718
1751225769388 0.9962904453277588 18719
1751225770308 0.9971548318862915 18720
1751225771399 0.5515697002410889 18721
1751225772326 1.9549429416656494 18722
1751225773400 1.3321703672409058 18723
1751225774549 1.18414306640625 18724
1751225775628 0.5037381052970886 18725
1751225776600 0.6503557562828064 18726
1751225777646 1.0224674940109253 18727
1751225778752 1.1362899541854858 18728
1751225780044 1.0399045944213867 18729
1751225781172 0.752048134803772 18730
1751225782230 0.7315286993980408 18731
1751225783285 0.781059741973877 18732
1751225784309 0.5952291488647461 18733
1751225785665 0.7688468098640442 18734
1751225786730 0.7458688616752625 18735
1751225787824 0.5638306736946106 18736
1751225788901 1.0035008192062378 18737
1751225789999 0.6470240950584412 18738
1751225791072 0.7362210154533386 18739
1751225792394 0.9356269836425781 18740
1751225793459 0.9157938361167908 18741
1751225794520 0.9449819922447205 18742
1751225795602 1.1593173742294312 18743
1751225796679 0.7250942587852478 18744
1751225797981 0.5959846377372742 18745
1751225799090 0.5495075583457947 18746
1751225800162 0.5759256482124329 18747
1751225801223 0.7411214113235474 18748
1751225802282 1.3604744672775269 18749
1751225803476 1.2111785411834717 18750
1751225804888 0.6587211489677429 18751
1751225805943 0.7414211630821228 18752
1751225807051 0.578177273273468 18753
1751225808104 1.7123817205429077 18754
1751225809089 0.694465160369873 18755
1751225810515 0.6908899545669556 18756
1751225811594 1.2796306610107422 18757
1751225812807 0.6247720718383789 18758
1751225813899 0.8206601142883301 18759
1751225814979 0.7746537327766418 18760
1751225816092 0.9442275166511536 18761
1751225817463 0.7085391283035278 18762
1751225818380 1.3339260816574097 18763
1751225819449 0.577934980392456 18764
1751225820591 1.0096502304077148 18765
1751225821728 0.9942811131477356 18766
1751225823056 0.4745761454105377 18767
1751225824047 1.2493746280670166 18768
1751225825170 1.1790727376937866 18769
1751225826331 0.6102547645568848 18770
1751225827411 0.6351940035820007 18771
1751225828347 1.1477781534194946 18772
1751225829690 0.5429145693778992 18773
1751225830810 0.8025438189506531 18774
1751225831904 0.6999697685241699 18775
1751225832903 0.9087409973144531 18776
1751225834064 0.5324447751045227 18777
1751225835396 1.2699732780456543 18778
1751225836553 0.514723539352417 18779
1751225837634 1.2005592584609985 18780
1751225838758 1.4813110828399658 18781
1751225839903 0.7318140864372253 18782
1751225841058 0.44376516342163086 18783
1751225842437 1.132725715637207 18784
1751225843537 1.0016273260116577 18785
1751225844646 0.8222789168357849 18786
1751225845767 0.9314863085746765 18787
1751225846888 0.7816067934036255 18788
1751225848297 0.2628037631511688 18789
1751225849471 0.5214568972587585 18790
1751225850534 0.728114902973175 18791
1751225851621 0.7448062300682068 18792
1751225852715 1.1674484014511108 18793
1751225853818 1.1124292612075806 18794
1751225855127 0.653494119644165 18795
1751225856234 0.5405442118644714 18796
1751225857304 0.8783237338066101 18797
1751225858393 0.5497608184814453 18798
1751225859511 0.6840759515762329 18799
1751225860871 0.7455360293388367 18800
1751225861753 0.9089767336845398 18801
1751225862866 0.7997233271598816 18802
1751225863969 0.7171145677566528 18803
1751225865080 1.0737804174423218 18804
1751225866416 1.1910630464553833 18805
1751225867492 1.1688504219055176 18806
1751225868544 0.6307573318481445 18807
1751225869673 0.5923768281936646 18808
1751225870764 1.2854044437408447 18809
1751225871852 1.0000017881393433 18810
1751225873271 0.2070423811674118 18811
1751225874321 1.033839464187622 18812
1751225875402 1.2131993770599365 18813
1751225876458 0.7642611861228943 18814
1751225877503 0.48989343643188477 18815
1751225878772 0.4485575258731842 18816
1751225879907 0.8877534866333008 18817
1751225880981 0.48745954036712646 18818
1751225882152 0.7048602104187012 18819
1751225883243 0.7644346356391907 18820
1751225884408 0.5474185943603516 18821
1751225885851 0.746856153011322 18822
1751225886999 0.8018156290054321 18823
1751225888124 0.49172574281692505 18824
1751225889274 0.6843791007995605 18825
1751225890402 0.9087516665458679 18826
1751225891766 0.9845203757286072 18827
1751225892935 0.9145118594169617 18828
1751225894051 1.2045897245407104 18829
1751225895153 0.8732486963272095 18830
1751225896252 0.9260805249214172 18831
1751225897311 0.6544901728630066 18832
1751225898788 0.9303593635559082 18833
1751225899840 0.3850930333137512 18834
1751225900959 0.7689424157142639 18835
1751225902007 0.7097522616386414 18836
1751225903058 1.5996356010437012 18837
1751225904404 0.6070131659507751 18838
1751225905528 0.8346657156944275 18839
1751225906609 0.8474851846694946 18840
1751225907774 0.5496450066566467 18841
1751225908886 2.8970916271209717 18842
1751225910061 0.6577268838882446 18843
1751225911443 0.6460275053977966 18844
1751225912540 1.207611322402954 18845
1751225913686 0.6932350993156433 18846
1751225914794 1.026201844215393 18847
1751225915902 2.7584338188171387 18848
1751225917301 0.600796639919281 18849
1751225918525 0.5142062902450562 18850
1751225919661 1.6296799182891846 18851
1751225920771 0.9203354716300964 18852
1751225921801 0.8012838363647461 18853
1751225922704 0.8840599060058594 18854
1751225924229 0.2852731943130493 18855
1751225925348 0.8363489508628845 18856
1751225926422 1.1113601922988892 18857
1751225927532 1.6950711011886597 18858
1751225928672 0.6734253168106079 18859
1751225930018 0.432563841342926 18860
1751225931158 1.1473143100738525 18861
1751225932305 0.2880396246910095 18862
1751225933378 0.9604208469390869 18863
1751225934498 0.7267827391624451 18864
1751225935577 0.6212285757064819 18865
1751225936933 0.6794683337211609 18866
1751225938021 0.8252173662185669 18867
1751225939146 0.9244974255561829 18868
1751225940152 1.5592159032821655 18869
1751225941109 2.3030548095703125 18870
1751225942523 1.005825400352478 18871
1751225943648 1.4497116804122925 18872
1751225944737 1.1334199905395508 18873
1751225945803 0.9468033909797668 18874
1751225947018 0.9205061197280884 18875
1751225948119 0.7439054846763611 18876
1751225949444 0.34813621640205383 18877
1751225950502 0.8577291369438171 18878
1751225951580 0.638377845287323 18879
1751225952804 0.4659472405910492 18880
1751225954000 1.0621157884597778 18881
1751225955383 1.444597601890564 18882
1751225956521 0.7412334084510803 18883
1751225957619 1.6095008850097656 18884
1751225958550 1.2079921960830688 18885
1751225959658 0.6946558952331543 18886
1751225960850 0.28367725014686584 18887
1751225962297 0.6961001753807068 18888
1751225963502 1.4350372552871704 18889
1751225964616 0.7221543192863464 18890
1751225965719 0.9599050879478455 18891
1751225966784 1.047826886177063 18892
1751225968061 0.9538084268569946 18893
1751225969170 1.572792887687683 18894
1751225970379 1.2529594898223877 18895
1751225971471 0.5826649069786072 18896
1751225972541 0.7822420001029968 18897
1751225973658 1.2446342706680298 18898
1751225975034 0.87673419713974 18899
1751225976069 0.7136210799217224 18900
1751225977173 1.8196535110473633 18901
1751225978142 1.5069416761398315 18902
1751225979308 0.5020052790641785 18903
1751225980744 0.6686531901359558 18904
1751225981848 0.098402239382267 18905
1751225983024 1.048187494277954 18906
1751225984097 0.9530375599861145 18907
1751225985159 0.614987313747406 18908
1751225986303 0.8560189604759216 18909
1751225987631 1.4779813289642334 18910
1751225988740 0.8996183276176453 18911
1751225989878 1.0686925649642944 18912
1751225990999 0.4906747043132782 18913
1751225992073 0.8165140151977539 18914
1751225993504 0.6280576586723328 18915
1751225994604 0.5202280282974243 18916
1751225995713 0.6500590443611145 18917
1751225996889 0.6353936791419983 18918
1751225997940 1.3220653533935547 18919
1751225999479 0.8101730346679688 18920
1751226000573 0.7592388391494751 18921
1751226001664 0.5985229015350342 18922
1751226002811 1.3500901460647583 18923
1751226003910 0.7821966409683228 18924
1751226005014 0.8784729242324829 18925
1751226006334 0.6975712776184082 18926
1751226007492 0.7532752156257629 18927
1751226008650 1.141147494316101 18928
1751226009748 0.6892180442810059 18929
1751226010873 0.47265681624412537 18930
1751226012076 1.2945407629013062 18931
1751226013155 0.8352280855178833 18932
1751226014251 0.5489864349365234 18933
1751226015340 0.8619890213012695 18934
1751226016403 0.6981002688407898 18935
1751226017342 0.8157984018325806 18936
1751226018740 1.044339656829834 18937
1751226019811 0.8463963866233826 18938
1751226020921 0.9225355386734009 18939
1751226021982 0.24394142627716064 18940
1751226023073 0.6905016899108887 18941
1751226024529 1.906825065612793 18942
1751226025637 0.8704493641853333 18943
1751226026694 0.8395180106163025 18944
1751226027772 0.6767131686210632 18945
1751226028733 1.3087743520736694 18946
1751226029677 2.163912534713745 18947
1751226031133 0.6344565153121948 18948
1751226032201 0.7171363234519958 18949
1751226033281 1.8739084005355835 18950
1751226034342 1.1643834114074707 18951
1751226035510 0.8820099234580994 18952
1751226036700 0.7155061960220337 18953
1751226037848 0.5647994875907898 18954
1751226038980 0.8844351172447205 18955
1751226040089 0.8234809041023254 18956
1751226041303 0.5952574014663696 18957
1751226042663 1.7597370147705078 18958
1751226043611 0.7867857813835144 18959
1751226044697 0.6061117649078369 18960
1751226045767 0.2967936098575592 18961
1751226046856 0.5568156838417053 18962
1751226047966 1.1812552213668823 18963
1751226049282 1.1381415128707886 18964
1751226050388 0.9028138518333435 18965
1751226051556 0.7963061928749084 18966
1751226052495 0.6726023554801941 18967
1751226053570 0.643493115901947 18968
1751226055074 0.46099817752838135 18969
1751226056163 1.1126893758773804 18970
1751226057222 1.3153761625289917 18971
1751226058338 0.7992655634880066 18972
1751226059481 0.8827055096626282 18973
1751226060602 0.744360625743866 18974
1751226061878 1.0612438917160034 18975
1751226062962 1.084903359413147 18976
1751226064008 0.6722458600997925 18977
1751226065059 0.8559926152229309 18978
1751226066117 0.8051797747612 18979
1751226067594 0.6487040519714355 18980
1751226068653 1.0047773122787476 18981
1751226069735 1.4451947212219238 18982
1751226070854 0.7691560983657837 18983
1751226071916 0.7482085227966309 18984
1751226073319 1.0786669254302979 18985
1751226074466 0.20803990960121155 18986
1751226075561 1.000760793685913 18987
1751226076626 1.0702669620513916 18988
1751226077698 0.889941930770874 18989
1751226078748 0.5522218942642212 18990
1751226080202 0.6099005937576294 18991
1751226081273 0.8211600184440613 18992
1751226082391 0.9414905905723572 18993
1751226083522 0.9372787475585938 18994
1751226084588 0.564606785774231 18995
1751226085941 0.9186270833015442 18996
1751226087001 1.0576308965682983 18997
1751226087946 1.3844224214553833 18998
1751226089023 0.6952281594276428 18999
1751226090081 1.0643831491470337 19000
1751226091394 1.0123118162155151 19001
1751226092465 1.024908185005188 19002
1751226093515 1.165547251701355 19003
1751226094571 0.8198989033699036 19004
1751226095721 0.660761296749115 19005
1751226096806 0.673362135887146 19006
1751226098246 0.6864547729492188 19007
1751226099303 0.4120785892009735 19008
1751226100235 0.5230366587638855 19009
1751226101324 0.14842958748340607 19010
1751226102398 1.253796935081482 19011
1751226103755 0.5889126658439636 19012
1751226104856 0.844304084777832 19013
1751226105974 0.6845957040786743 19014
1751226106923 1.0712614059448242 19015
1751226108052 2.9074275493621826 19016
1751226109146 0.5572276711463928 19017
1751226110399 0.9562163352966309 19018
1751226111476 0.7139288783073425 19019
1751226112568 0.8157486915588379 19020
1751226113717 1.0997389554977417 19021
1751226114792 1.5055068731307983 19022
1751226116131 0.5979753732681274 19023
1751226117222 0.6284002065658569 19024
1751226118267 0.7074899673461914 19025
1751226119315 0.7049753069877625 19026
1751226120416 0.5405247211456299 19027
1751226121530 0.8931745886802673 19028
1751226122912 0.612430214881897 19029
1751226123990 0.9898800253868103 19030
1751226125075 1.2787798643112183 19031
1751226126051 0.9122248888015747 19032
1751226127169 0.6375486850738525 19033
1751226128533 0.8098967671394348 19034
1751226129658 0.6868867874145508 19035
1751226130743 0.7545508146286011 19036
1751226131784 1.0965811014175415 19037
1751226132890 0.8148009181022644 19038
1751226134162 1.4054272174835205 19039
1751226135190 0.6338784694671631 19040
1751226136241 0.5286809802055359 19041
1751226137314 1.1269396543502808 19042
1751226138380 0.7208067774772644 19043
1751226139726 0.6608921885490417 19044
1751226140813 0.6463829874992371 19045
1751226141873 0.7137832045555115 19046
1751226143013 0.651483416557312 19047
1751226144100 1.0951120853424072 19048
1751226145168 0.7659754753112793 19049
1751226146512 0.9412178993225098 19050
1751226147586 0.5637112855911255 19051
1751226148636 1.3340619802474976 19052
1751226149709 0.5684041380882263 19053
1751226150629 1.6580666303634644 19054
1751226151939 0.8696690797805786 19055
1751226153050 0.7357889413833618 19056
1751226154140 0.7912610173225403 19057
1751226155231 1.2939045429229736 19058
1751226156366 0.7354450225830078 19059
1751226157723 0.5930355191230774 19060
1751226158836 0.7464490532875061 19061
1751226159808 1.5415118932724 19062
1751226160917 0.8513126373291016 19063
1751226162031 1.1241803169250488 19064
1751226163101 0.818017303943634 19065
1751226164397 1.0200202465057373 19066
1751226165536 0.47602716088294983 19067
1751226166579 0.7131361365318298 19068
1751226167623 0.6819663643836975 19069
1751226168682 0.7878106236457825 19070
1751226170018 0.7117847800254822 19071
1751226171092 0.815626323223114 19072
1751226172154 0.20156057178974152 19073
1751226173184 1.0941548347473145 19074
1751226174213 1.1489416360855103 19075
1751226175613 0.36128440499305725 19076
1751226176652 0.7008695602416992 19077
1751226177676 0.7603384256362915 19078
1751226178756 0.9985157251358032 19079
1751226179806 0.675235390663147 19080
1751226180925 0.6964702606201172 19081
1751226182109 1.947731614112854 19082
1751226183212 0.4337598979473114 19083
1751226184326 0.5644173622131348 19084
1751226185401 0.5175589919090271 19085
1751226186445 0.7132638096809387 19086
1751226187780 1.1110849380493164 19087
1751226188971 0.7295071482658386 19088
1751226190020 1.3716274499893188 19089
1751226191116 0.6809881925582886 19090
1751226192173 0.6187836527824402 19091
1751226193214 0.6464585661888123 19092
1751226194482 1.2344189882278442 19093
1751226195529 0.4530116021633148 19094
1751226196601 0.6902627348899841 19095
1751226197738 0.6647475957870483 19096
1751226198882 0.4554409384727478 19097
1751226200106 0.6662287712097168 19098
1751226201157 0.4932619035243988 19099
1751226202239 1.0587266683578491 19100
1751226203283 0.30771079659461975 19101
1751226204325 0.7495749592781067 19102
1751226205705 0.622734785079956 19103
1751226206856 0.38767385482788086 19104
1751226207963 1.4365379810333252 19105
1751226209052 0.6893267035484314 19106
1751226210154 0.7047446370124817 19107
1751226211238 0.3726460635662079 19108
1751226212589 0.5289264917373657 19109
1751226213527 0.1595034897327423 19110
1751226214575 0.8840448260307312 19111
1751226215724 0.9328209161758423 19112
1751226216801 0.9681536555290222 19113
1751226218148 0.4448802173137665 19114
1751226219223 0.9275509715080261 19115
1751226220295 1.1486766338348389 19116
1751226221356 2.1511380672454834 19117
1751226222485 0.07535786926746368 19118
1751226223820 0.60467129945755 19119
1751226224901 0.6033976674079895 19120
1751226225979 0.4364689290523529 19121
1751226227076 1.0037583112716675 19122
1751226228142 1.2696839570999146 19123
1751226229200 0.8698809742927551 19124
1751226230440 1.6454594135284424 19125
1751226231487 2.128643751144409 19126
1751226232579 1.5361407995224 19127
1751226233671 0.22641313076019287 19128
1751226234773 0.6626564264297485 19129
1751226236140 1.1507445573806763 19130
1751226237251 0.33253857493400574 19131
1751226238318 0.7561658024787903 19132
1751226239434 1.3741202354431152 19133
1751226240535 0.5772547721862793 19134
1751226241499 0.9422968029975891 19135
1751226242875 0.621924877166748 19136
1751226243843 1.140337347984314 19137
1751226244784 0.9134904742240906 19138
1751226245905 0.6819698214530945 19139
1751226246964 0.6649397015571594 19140
1751226248351 0.8178264498710632 19141
1751226249405 0.8126459121704102 19142
1751226250488 0.9688398241996765 19143
1751226251527 0.6847658157348633 19144
1751226252596 0.6121681332588196 19145
1751226253937 0.4638702869415283 19146
1751226255032 0.7860569953918457 19147
1751226256085 1.019324541091919 19148
1751226257034 1.3311307430267334 19149
1751226258140 0.8806445002555847 19150
1751226259430 0.5541324615478516 19151
1751226260343 0.7628637552261353 19152
1751226261444 0.6057953834533691 19153
1751226262524 0.6454323530197144 19154
1751226263608 0.8738728761672974 19155
1751226264655 0.7178921699523926 19156
1751226265982 0.742891252040863 19157
1751226267045 0.843100368976593 19158
1751226268129 0.5236900448799133 19159
1751226269184 0.6953316330909729 19160
1751226270215 0.6813473105430603 19161
1751226271493 0.20872752368450165 19162
1751226272628 1.0272197723388672 19163
1751226273678 2.7794034481048584 19164
1751226274779 1.6239149570465088 19165
1751226275901 0.9814996719360352 19166
1751226277114 1.9046865701675415 19167
1751226278213 0.7870946526527405 19168
1751226279324 0.8743638396263123 19169
1751226280407 0.6558877825737 19170
1751226281440 0.7710320353507996 19171
1751226282496 0.8081383109092712 19172
1751226283774 0.6959985494613647 19173
1751226284884 0.5547002553939819 19174
1751226285948 1.1704987287521362 19175
1751226286998 0.6419070363044739 19176
1751226288122 1.271658182144165 19177
1751226289431 0.5615987777709961 19178
1751226290347 0.650486946105957 19179
1751226291411 0.5948957204818726 19180
1751226292479 0.7435735464096069 19181
1751226293567 0.433353990316391 19182
1751226294658 0.5075385570526123 19183
1751226296006 1.470932960510254 19184
1751226297105 0.7697484493255615 19185
1751226298160 0.9422046542167664 19186
1751226299264 0.11677485704421997 19187
1751226300332 0.7228487133979797 19188
1751226301694 0.6611756682395935 19189
1751226302733 0.6567692160606384 19190
1751226303851 0.925020158290863 19191
1751226304768 1.1678533554077148 19192
1751226305832 0.6350428462028503 19193
1751226307165 0.65509432554245 19194
1751226308231 0.6575655341148376 19195
1751226309339 1.0789765119552612 19196
1751226310362 0.6336974501609802 19197
1751226311391 1.1156409978866577 19198
1751226312578 0.6970904469490051 19199
1751226313910 0.2716807425022125 19200
1751226314976 0.9536808133125305 19201
1751226316049 0.5927239656448364 19202
1751226317061 1.3813960552215576 19203
1751226318134 0.7368068695068359 19204
1751226319548 0.4603368937969208 19205
1751226320466 0.7585875988006592 19206
1751226321414 0.9999047517776489 19207
1751226322451 0.8081569075584412 19208
1751226323519 0.9907374382019043 19209
1751226324831 0.9669780135154724 19210
1751226326006 0.3725118041038513 19211
1751226326982 0.9985553622245789 19212
1751226328039 0.8392297029495239 19213
1751226329103 1.1825687885284424 19214
1751226330054 0.9875215888023376 19215
1751226331461 0.8271042108535767 19216
1751226332450 0.8337398767471313 19217
1751226333567 1.6291126012802124 19218
1751226334614 0.4289405047893524 19219
1751226335656 0.5396814346313477 19220
1751226336991 1.5203866958618164 19221
1751226338019 1.18743097782135 19222
1751226338912 0.7928681373596191 19223
1751226339951 0.6949242353439331 19224
1751226341008 0.6357967257499695 19225
1751226342023 0.17915138602256775 19226
1751226343376 0.8429943919181824 19227
1751226344485 0.6950327157974243 19228
1751226345403 0.8048495650291443 19229
1751226346465 0.8993388414382935 19230
1751226347505 0.8926774263381958 19231
1751226348929 0.8555615544319153 19232
1751226350026 0.6641244888305664 19233
1751226351119 0.50032639503479 19234
1751226352267 0.42318764328956604 19235
1751226353341 0.689497172832489 19236
1751226354659 0.7270445823669434 19237
1751226355687 0.5675254464149475 19238
1751226356788 4.078704357147217 19239
1751226357884 0.859174370765686 19240
1751226358994 0.5907288789749146 19241
1751226359976 1.2246880531311035 19242
1751226361359 0.9173352122306824 19243
1751226362506 0.8450378775596619 19244
1751226363522 0.8257608413696289 19245
1751226364601 0.8178214430809021 19246
1751226365666 1.6388847827911377 19247
1751226367054 0.4483884871006012 19248
1751226368135 0.8042198419570923 19249
1751226369163 1.0171093940734863 19250
1751226370236 0.6553924083709717 19251
1751226371363 0.6422271132469177 19252
1751226372459 0.9504541754722595 19253
1751226373763 1.0056544542312622 19254
1751226374759 0.8233484625816345 19255
1751226375783 0.6602113246917725 19256
1751226376903 0.8826061487197876 19257
1751226378107 0.68946373462677 19258
1751226379478 0.7526201009750366 19259
1751226380621 0.7834102511405945 19260
1751226381669 0.6304882168769836 19261
1751226382743 1.3137644529342651 19262
1751226383851 0.41248655319213867 19263
1751226385266 0.6542075276374817 19264
1751226386357 0.814123272895813 19265
1751226387394 0.5917271375656128 19266
1751226388471 0.6346189379692078 19267
1751226389544 1.1008187532424927 19268
1751226390641 0.7866613864898682 19269
1751226392061 0.6660236716270447 19270
1751226393151 0.7962650656700134 19271
1751226394330 0.8884761929512024 19272
1751226395394 0.9242740869522095 19273
1751226396565 0.17335206270217896 19274
1751226397705 1.9153820276260376 19275
1751226398754 0.7269317507743835 19276
1751226399815 0.6840726137161255 19277
1751226400776 1.051557183265686 19278
1751226401858 1.5346752405166626 19279
1751226403144 0.9210389256477356 19280
1751226404285 0.8400834202766418 19281
1751226405187 2.6179661750793457 19282
1751226406290 0.45845159888267517 19283
1751226407326 0.5558598041534424 19284
1751226408358 0.7733568549156189 19285
1751226409639 0.8722758293151855 19286
1751226410702 0.6472606062889099 19287
1751226411753 0.41643595695495605 19288
1751226412866 0.1607729196548462 19289
1751226413822 0.11931300908327103 19290
1751226415123 0.6988441348075867 19291
1751226416308 0.7874064445495605 19292
1751226417381 0.9813513159751892 19293
1751226418539 0.8403801321983337 19294
1751226419639 0.5821623206138611 19295
1751226420907 0.7132577300071716 19296
1751226421819 0.6743890047073364 19297
1751226422903 0.57915860414505 19298
1751226424032 0.9057545065879822 19299
1751226425436 0.6056182980537415 19300
1751226426514 0.9225713610649109 19301
1751226427812 0.14866888523101807 19302
1751226428887 0.7825583815574646 19303
1751226429977 0.570800244808197 19304
1751226431084 1.1373907327651978 19305
1751226432241 0.7009350061416626 19306
1751226433621 0.7808279991149902 19307
1751226434674 0.4600861668586731 19308
1751226435788 1.0873095989227295 19309
1751226436808 0.6679136753082275 19310
1751226438067 1.0404515266418457 19311
1751226439372 0.49909791350364685 19312
1751226440426 0.5581218004226685 19313
1751226441531 0.5885631442070007 19314
1751226442609 0.38906896114349365 19315
1751226443692 1.343146562576294 19316
1751226445004 0.6317089200019836 19317
1751226445934 1.4286879301071167 19318
1751226446989 0.9634912610054016 19319
1751226448073 2.0887839794158936 19320
1751226449176 0.8307773470878601 19321
1751226450319 0.7041816115379333 19322
1751226451633 0.8136931657791138 19323
1751226452729 1.2957524061203003 19324
1751226453702 2.7653043270111084 19325
1751226454777 0.48081380128860474 19326
1751226455864 0.8879391551017761 19327
1751226457196 0.4746270179748535 19328
1751226458289 1.5666972398757935 19329
1751226459280 0.9615301489830017 19330
1751226460398 0.8376274108886719 19331
1751226461483 0.5080329775810242 19332
1751226462804 0.7053689956665039 19333
1751226463875 0.3798929452896118 19334
1751226464934 1.0057681798934937 19335
1751226466053 1.1299363374710083 19336
1751226467127 0.7584081888198853 19337
1751226468210 0.6532725095748901 19338
1751226469516 1.0344103574752808 19339
1751226470607 0.7627949118614197 19340
1751226471716 0.6900119185447693 19341
1751226472826 1.5692274570465088 19342
1751226473885 0.7783069610595703 19343
1751226475273 0.9916850328445435 19344
1751226476335 0.809436559677124 19345
1751226477449 0.8574337363243103 19346
1751226478508 0.9649428725242615 19347
1751226479420 0.41006940603256226 19348
1751226480811 0.6468035578727722 19349
1751226481858 0.6821441054344177 19350
1751226482927 0.6382508277893066 19351
1751226484026 0.6709206104278564 19352
1751226485086 0.6184695363044739 19353
1751226486444 1.5815156698226929 19354
1751226487541 0.6378422975540161 19355
1751226488432 0.3462052643299103 19356
1751226489330 2.1116244792938232 19357
1751226490363 0.7785575985908508 19358
1751226491769 0.7931662797927856 19359
1751226492807 0.6201038360595703 19360
1751226493823 0.29964616894721985 19361
1751226494894 0.49639415740966797 19362
1751226495886 1.2993699312210083 19363
1751226496938 0.7187559604644775 19364
1751226498257 0.645697295665741 19365
1751226499288 0.6696038246154785 19366
1751226500316 1.6278632879257202 19367
1751226501269 0.8805063366889954 19368
1751226502229 0.07072610408067703 19369
1751226503477 0.6622979044914246 19370
1751226504567 0.7841745615005493 19371
1751226505628 0.6815499663352966 19372
1751226506690 0.8543437123298645 19373
1751226507752 1.0347563028335571 19374
1751226509200 0.6366998553276062 19375
1751226510219 0.6416571736335754 19376
1751226511116 0.5288932919502258 19377
1751226512210 0.5810339450836182 19378
1751226513296 0.5969886779785156 19379
1751226514613 0.7606305480003357 19380
1751226515680 0.49985194206237793 19381
1751226516777 0.41021808981895447 19382
1751226517841 1.2802971601486206 19383
1751226518902 0.49714332818984985 19384
1751226519825 1.198054552078247 19385
1751226521187 0.6742505431175232 19386
1751226522220 1.009267807006836 19387
1751226523282 0.841221034526825 19388
1751226524329 1.186385154724121 19389
1751226525399 1.0978405475616455 19390
1751226526672 0.6178351044654846 19391
1751226527727 1.5243091583251953 19392
1751226528789 0.7307388782501221 19393
1751226529914 1.1360582113265991 19394
1751226530966 0.32121503353118896 19395
1751226532310 0.5815733075141907 19396
1751226533354 0.7521173357963562 19397
1751226534445 0.8044304251670837 19398
1751226535614 0.6811174750328064 19399
1751226536784 0.5837132334709167 19400
1751226538095 0.7201409339904785 19401
1751226539163 0.6342523694038391 19402
1751226540249 1.267853021621704 19403
1751226541348 0.7048534750938416 19404
1751226542400 0.7693236470222473 19405
1751226543484 0.5072693228721619 19406
1751226544786 0.2992934286594391 19407
1751226545893 1.2620667219161987 19408
1751226546942 0.6417483687400818 19409
1751226548013 0.8237801790237427 19410
1751226549082 0.8556214570999146 19411
1751226550517 0.6435619592666626 19412
1751226551552 0.39518365263938904 19413
1751226552463 0.608015239238739 19414
1751226553509 0.6000018119812012 19415
1751226554641 1.0745571851730347 19416
1751226556003 0.8790220618247986 19417
1751226557021 0.9782883524894714 19418
1751226558039 1.1826450824737549 19419
1751226559050 0.34768053889274597 19420
1751226560068 0.7284529805183411 19421
1751226560980 1.2481157779693604 19422
1751226562360 0.5344823598861694 19423
1751226563426 0.7429575324058533 19424
1751226564310 1.8496025800704956 19425
1751226565234 1.2013273239135742 19426
1751226566246 0.9382025003433228 19427
1751226567585 0.628154993057251 19428
1751226568656 0.3659572899341583 19429
1751226569663 1.3172911405563354 19430
1751226570716 1.109832763671875 19431
1751226571829 1.3244574069976807 19432
1751226573246 0.9471490979194641 19433
1751226574296 0.259275883436203 19434
1751226575399 0.46389850974082947 19435
1751226576444 0.6799915432929993 19436
1751226577536 0.9997593760490417 19437
1751226578912 0.6398062109947205 19438
1751226579994 0.4984631836414337 19439
1751226581063 0.7132694125175476 19440
1751226581972 1.2998433113098145 19441
1751226583005 0.5389074683189392 19442
1751226584319 0.7267094850540161 19443
1751226585424 0.8544327616691589 19444
1751226586454 0.5943856239318848 19445
1751226587440 1.488847255706787 19446
1751226588494 0.3885670006275177 19447
1751226589549 1.0865576267242432 19448
1751226590892 0.7881986498832703 19449
1751226591986 0.830802857875824 19450
1751226593153 0.9275069236755371 19451
1751226594233 1.2048970460891724 19452
1751226595361 0.5610204935073853 19453
1751226596731 0.7700743079185486 19454
1751226597886 0.8915133476257324 19455
1751226598872 1.1831172704696655 19456
1751226599781 0.925885021686554 19457
1751226600820 0.6741890907287598 19458
1751226602190 0.763839840888977 19459
1751226603256 0.29227447509765625 19460
1751226604372 0.18391644954681396 19461
1751226605584 0.7037991881370544 19462
1751226606769 0.5997918844223022 19463
1751226607991 0.9646410346031189 19464
1751226609042 0.6863794922828674 19465
1751226610156 0.6200020909309387 19466
1751226611388 0.4472641050815582 19467
1751226612453 0.7646636962890625 19468
1751226613548 0.501914918422699 19469
1751226614914 0.7296997904777527 19470
1751226615942 0.7062553763389587 19471
1751226617014 0.237013041973114 19472
1751226618089 0.3227936029434204 19473
1751226619155 0.8568384051322937 19474
1751226620438 0.49422550201416016 19475
1751226621553 0.9698862433433533 19476
1751226622478 1.032335877418518 19477
1751226623520 0.8968996405601501 19478
1751226624596 0.6764070391654968 19479
1751226625914 1.8925341367721558 19480
1751226626977 0.8565830588340759 19481
1751226628014 0.5228567123413086 19482
1751226629132 0.8192425966262817 19483
1751226630197 0.4200008809566498 19484
1751226631558 0.6160838007926941 19485
1751226632606 1.04389488697052 19486
1751226633722 1.043040156364441 19487
1751226634802 0.8624069094657898 19488
1751226635723 0.8850087523460388 19489
1751226636814 0.9316150546073914 19490
1751226638214 2.047713041305542 19491
1751226639126 1.081078052520752 19492
1751226640186 0.6449222564697266 19493
1751226641295 1.0641851425170898 19494
1751226642369 1.2755478620529175 19495
1751226643701 0.7126474380493164 19496
1751226644759 0.6386664509773254 19497
1751226645849 1.1366790533065796 19498
1751226646951 0.581816554069519 19499
1751226648006 0.9288328289985657 19500
1751226649302 0.574741780757904 19501
1751226650349 1.6655914783477783 19502
1751226651370 0.9900962710380554 19503
1751226652295 0.582438051700592 19504
1751226653360 0.5143073201179504 19505
1751226654667 0.7954167127609253 19506
1751226655708 0.6198502779006958 19507
1751226656653 0.8413368463516235 19508
1751226657731 0.8510127067565918 19509
1751226658817 0.9978849291801453 19510
1751226659779 2.237029790878296 19511
1751226661052 0.2347773164510727 19512
1751226661962 0.8137147426605225 19513
1751226662887 1.470653772354126 19514
1751226663972 0.34316378831863403 19515
1751226665072 0.8259904980659485 19516
1751226666407 0.5016446113586426 19517
1751226667366 0.9951767325401306 19518
1751226668385 0.670475423336029 19519
1751226669425 0.6772898435592651 19520
1751226670465 1.3095449209213257 19521
1751226671867 0.6149855852127075 19522
1751226672909 0.5487856268882751 19523
1751226673972 0.7408470511436462 19524
1751226675062 0.7224008440971375 19525
1751226676174 0.7885733842849731 19526
1751226677481 0.09745122492313385 19527
1751226678537 0.7074844241142273 19528
1751226679593 0.7833901643753052 19529
1751226680739 1.1155239343643188 19530
1751226681818 0.5875700116157532 19531
1751226682938 0.9825462698936462 19532
1751226684357 0.9421831369400024 19533
1751226685419 0.3790958821773529 19534
1751226686485 0.7059558629989624 19535
1751226687549 1.2243458032608032 19536
1751226688648 0.4733861982822418 19537
1751226689963 0.5543875694274902 19538
1751226691107 1.7565675973892212 19539
1751226692188 1.0947515964508057 19540
1751226693292 0.9367243647575378 19541
1751226694477 0.8237425684928894 19542
1751226695805 0.5937204360961914 19543
1751226696859 0.6999526023864746 19544
1751226697906 0.8173871040344238 19545
1751226698989 1.346129298210144 19546
1751226700079 0.9099516272544861 19547
1751226701154 0.9637436270713806 19548
1751226702467 0.5004501938819885 19549
1751226703532 0.9239864349365234 19550
1751226704588 0.5594454407691956 19551
1751226705585 0.9870249629020691 19552
1751226706669 0.3699380159378052 19553
1751226708019 0.4655482769012451 19554
1751226708927 0.8395500183105469 19555
1751226710030 0.7150707244873047 19556
1751226711142 0.6630526781082153 19557
1751226712199 0.6808217763900757 19558
1751226713610 0.8773722052574158 19559
1751226714737 0.808549702167511 19560
1751226715879 0.6404359936714172 19561
1751226716925 0.9889822006225586 19562
1751226718022 0.5749420523643494 19563
1751226719316 0.7594768404960632 19564
1751226720376 0.656954288482666 19565
1751226721469 1.1528253555297852 19566
1751226722516 1.385285496711731 19567
1751226723631 0.6101951003074646 19568
1751226724791 0.7088165283203125 19569
1751226726079 0.5255837440490723 19570
1751226727214 0.6242071986198425 19571
1751226728301 0.8294368982315063 19572
1751226729394 0.577006459236145 19573
1751226730454 0.5652939677238464 19574
1751226731747 0.6633879542350769 19575
1751226732838 0.7376952171325684 19576
1751226733911 0.7979831099510193 19577
1751226735012 0.8922702670097351 19578
1751226736073 0.7619860172271729 19579
1751226737454 0.6831228137016296 19580
1751226738526 1.0041007995605469 19581
1751226739579 1.0410406589508057 19582
1751226740645 0.5450018644332886 19583
1751226741724 0.6932129859924316 19584
1751226742814 0.11795485019683838 19585
1751226744147 1.4035484790802002 19586
1751226745295 1.0810679197311401 19587
1751226746378 0.988774299621582 19588
1751226747461 1.103313684463501 19589
1751226748640 0.8104768991470337 19590
1751226749932 0.5453193187713623 19591
1751226751000 0.6314412951469421 19592
1751226752072 0.8023395538330078 19593
1751226753200 0.5358707308769226 19594
1751226754292 0.7364347577095032 19595
1751226755696 0.29751554131507874 19596
1751226756778 1.1729412078857422 19597
1751226757908 0.958867073059082 19598
1751226758967 0.9290559887886047 19599
1751226760121 0.841876208782196 19600
1751226761443 0.46214190125465393 19601
1751226762351 1.1965906620025635 19602
1751226763434 1.6062496900558472 19603
1751226764496 0.8454168438911438 19604
1751226765650 1.0787239074707031 19605
1751226766752 0.7064182162284851 19606
1751226768124 0.7378416657447815 19607
1751226769260 1.1976571083068848 19608
1751226770360 0.7236234545707703 19609
1751226771510 0.547773540019989 19610
1751226772654 0.47484657168388367 19611
1751226774067 1.038519263267517 19612
1751226775094 1.223724365234375 19613
1751226776160 0.836264431476593 19614
1751226777242 0.8501049876213074 19615
1751226778304 0.9783049821853638 19616
1751226779622 0.37665706872940063 19617
1751226780706 0.4948061406612396 19618
1751226781769 0.21558156609535217 19619
1751226782707 1.006399154663086 19620
1751226783792 0.8368985056877136 19621
1751226785175 1.0483307838439941 19622
1751226786283 0.4885197579860687 19623
1751226787392 0.5548743009567261 19624
1751226788443 1.3561590909957886 19625
1751226789520 0.0954539105296135 19626
1751226790656 0.2658264636993408 19627
1751226791946 0.7349621653556824 19628
1751226793023 0.6755236983299255 19629
1751226794072 1.2330913543701172 19630
1751226795126 0.9267725944519043 19631
1751226796215 0.8222429156303406 19632
1751226797566 1.5115150213241577 19633
1751226798648 0.8738847970962524 19634
1751226799720 0.8266716003417969 19635
1751226800837 0.7267342805862427 19636
1751226801911 1.5501816272735596 19637
1751226803367 0.2272270917892456 19638
1751226804499 0.9713067412376404 19639
1751226805573 0.9798704385757446 19640
1751226806698 0.86825031042099 19641
1751226807629 0.6059837341308594 19642
1751226808995 1.0523370504379272 19643
1751226810056 0.7426310777664185 19644
1751226811162 0.5892173051834106 19645
1751226812234 0.6896433234214783 19646
1751226813359 0.08979488909244537 19647
1751226814433 1.0517714023590088 19648
1751226815834 0.6830713748931885 19649
1751226816935 0.903286874294281 19650
1751226818019 0.5027303099632263 19651
1751226819104 0.5407451391220093 19652
1751226820221 0.6915707588195801 19653
1751226821526 0.9347962737083435 19654
1751226822703 0.5281649231910706 19655
1751226823864 1.3156598806381226 19656
1751226825018 0.7153440713882446 19657
1751226826133 0.7390491366386414 19658
1751226827325 0.8910111784934998 19659
1751226828403 0.8403204083442688 19660
1751226829484 1.33648681640625 19661
1751226830580 0.7607706785202026 19662
1751226831665 0.364641398191452 19663
1751226833043 1.117966890335083 19664
1751226834157 0.41122063994407654 19665
1751226835273 0.841000497341156 19666
1751226836360 0.5633211135864258 19667
1751226837455 0.8307902216911316 19668
1751226838786 0.6672612428665161 19669
1751226839950 0.8559660911560059 19670
1751226841048 0.7220125198364258 19671
1751226842204 1.2311382293701172 19672
1751226843269 0.6840642690658569 19673
1751226844549 1.0139535665512085 19674
1751226845676 1.0919734239578247 19675
1751226846759 0.7601240873336792 19676
1751226847687 0.7533935308456421 19677
1751226848720 0.5158034563064575 19678
1751226849804 0.8775808215141296 19679
1751226851277 0.7680514454841614 19680
1751226852360 0.927216649055481 19681
1751226853474 0.7488903403282166 19682
1751226854545 0.9266263842582703 19683
1751226855568 0.8558948636054993 19684
1751226856906 0.849407970905304 19685
1751226857878 1.7028216123580933 19686
1751226858918 0.9042396545410156 19687
1751226860016 0.7260562181472778 19688
1751226861111 0.6449973583221436 19689
1751226862461 0.9414653182029724 19690
1751226863584 0.5243855714797974 19691
1751226864673 0.7837561964988708 19692
1751226865574 1.397471308708191 19693
1751226866547 0.9167242050170898 19694
1751226867950 0.6820123791694641 19695
1751226869072 0.5169441103935242 19696
1751226870129 1.1029093265533447 19697
1751226871201 0.6870473027229309 19698
1751226872285 0.7532861232757568 19699
1751226873659 0.8175007104873657 19700
1751226874681 0.9569534659385681 19701
1751226875761 0.8227118849754333 19702
1751226876805 1.0214686393737793 19703
1751226877902 0.5053538680076599 19704
1751226879315 0.09971697628498077 19705
1751226880476 0.8646889925003052 19706
1751226881521 1.0640829801559448 19707
1751226882608 1.126583456993103 19708
1751226883716 0.9756280779838562 19709
1751226885094 0.672473132610321 19710
1751226886178 1.277130365371704 19711
1751226887246 0.7210916876792908 19712
1751226888308 0.6488460898399353 19713
1751226889417 0.7853679060935974 19714
1751226890743 0.7517194151878357 19715
1751226891842 0.6628798842430115 19716
1751226892931 1.119537591934204 19717
1751226894051 0.9203487634658813 19718
1751226895142 2.1167638301849365 19719
1751226896073 1.046289086341858 19720
1751226897378 1.3408232927322388 19721
1751226898489 1.1227998733520508 19722
1751226899563 0.8981552720069885 19723
1751226900608 0.8241059184074402 19724
1751226901664 0.8248364329338074 19725
1751226903107 0.40224260091781616 19726
1751226904022 1.1234098672866821 19727
1751226905131 0.5162882208824158 19728
1751226906206 1.035918951034546 19729
1751226907287 0.6715210676193237 19730
1751226908639 0.9867043495178223 19731
1751226909717 0.7956299185752869 19732
1751226910801 1.0138918161392212 19733
1751226911720 1.2697652578353882 19734
1751226912759 0.7895768880844116 19735
1751226914086 0.5770403146743774 19736
1751226915125 0.3948211073875427 19737
1751226916191 0.9316379427909851 19738
1751226917298 1.2346183061599731 19739
1751226918203 1.015027403831482 19740
1751226919561 0.7100948691368103 19741
1751226920636 0.6551929712295532 19742
1751226921695 1.2018280029296875 19743
1751226922811 0.4996570646762848 19744
1751226923850 0.30001649260520935 19745
1751226925134 0.8070680499076843 19746
1751226926239 0.9452568292617798 19747
1751226927174 0.9281883239746094 19748
1751226928294 1.0835620164871216 19749
1751226929358 0.5505990386009216 19750
1751226930657 0.8883033990859985 19751
1751226931695 1.1668919324874878 19752
1751226932793 0.858977735042572 19753
1751226933856 0.8921377062797546 19754
1751226934913 0.1523217111825943 19755
1751226936059 0.8282950520515442 19756
1751226937486 0.5872557163238525 19757
1751226938581 0.7975393533706665 19758
1751226939675 0.5167955756187439 19759
1751226940734 0.6665443181991577 19760
1751226941827 0.6190894246101379 19761
1751226943098 0.8572349548339844 19762
1751226944176 1.6977096796035767 19763
1751226945265 1.3330599069595337 19764
1751226946320 0.917439877986908 19765
1751226947418 1.1395975351333618 19766
1751226948723 0.7304815649986267 19767
1751226949782 0.4635673463344574 19768
1751226950673 0.5240368843078613 19769
1751226951773 0.8448218703269958 19770
1751226952885 0.589103102684021 19771
1751226954185 1.3656011819839478 19772
1751226955233 0.8955952525138855 19773
1751226956291 0.5361638069152832 19774
1751226957319 1.5518549680709839 19775
1751226958451 0.809212327003479 19776
1751226959769 0.4531192183494568 19777
1751226960679 0.9311685562133789 19778
1751226961754 0.5675509572029114 19779
1751226962793 0.5338305234909058 19780
1751226963873 0.739643931388855 19781
1751226965168 0.7482220530509949 19782
1751226966262 1.066675066947937 19783
1751226967378 0.7244423031806946 19784
1751226968426 1.485095739364624 19785
1751226969534 1.03765869140625 19786
1751226970920 0.5097755789756775 19787
1751226972027 0.680512011051178 19788
1751226972969 0.5883398652076721 19789
1751226974113 0.982326328754425 19790
1751226975189 0.7536357045173645 19791
1751226976472 0.7127793431282043 19792
1751226977706 1.8073774576187134 19793
1751226978824 0.47680115699768066 19794
1751226979871 0.7524680495262146 19795
1751226980986 0.8332342505455017 19796
1751226981987 0.789732038974762 19797
1751226983332 0.7439058423042297 19798
1751226984404 0.4378206431865692 19799
1751226985513 0.6719884276390076 19800
1751227038423 0.892333447933197 19801
1751227039502 1.0256866216659546 19802
1751227040880 0.6706618666648865 19803
1751227041947 1.0641733407974243 19804
1751227043018 1.146206021308899 19805
1751227044148 0.9016353487968445 19806
1751227045255 0.8853959441184998 19807
1751227046641 1.4631996154785156 19808
1751227047724 0.7423347234725952 19809
1751227048795 0.8325620889663696 19810
1751227049910 0.7396560907363892 19811
1751227050981 0.25783997774124146 19812
1751227052320 0.578166663646698 19813
1751227053438 0.6197361946105957 19814
1751227054558 0.480441153049469 19815
1751227055466 0.7405710220336914 19816
1751227056579 0.8797447085380554 19817
1751227057906 0.6551567316055298 19818
1751227058961 0.28913649916648865 19819
1751227060036 1.0898993015289307 19820
1751227061114 1.042012095451355 19821
1751227062214 0.4654248356819153 19822
1751227063514 0.6113215088844299 19823
1751227064573 0.83428955078125 19824
1751227065660 0.6776983141899109 19825
1751227066710 0.485682874917984 19826
1751227067797 0.5768877267837524 19827
1751227068898 0.6813320517539978 19828
1751227070216 0.7543107867240906 19829
1751227071268 0.6420624852180481 19830
1751227072349 1.235316514968872 19831
1751227073461 1.3540809154510498 19832
1751227074554 0.8733105063438416 19833
1751227075869 1.0243003368377686 19834
1751227076939 1.1796705722808838 19835
1751227077913 2.0361030101776123 19836
1751227079035 0.7766839861869812 19837
1751227080061 0.9655854105949402 19838
1751227081393 1.1919691562652588 19839
1751227082534 0.03574040159583092 19840
1751227083593 1.4036225080490112 19841
1751227084630 0.43156012892723083 19842
1751227085677 0.5189574360847473 19843
1751227086974 1.0607757568359375 19844
1751227088036 1.4165675640106201 19845
1751227089033 0.6515690088272095 19846
1751227090121 1.269973635673523 19847
1751227091219 0.7549166083335876 19848
1751227092548 0.4962732493877411 19849
1751227093661 0.8280290961265564 19850
1751227094840 0.9822432398796082 19851
1751227095907 1.0279659032821655 19852
1751227096990 0.5006181597709656 19853
1751227098446 0.4186617136001587 19854
1751227099497 1.200243592262268 19855
1751227100548 0.8558682799339294 19856
1751227101658 0.7857431769371033 19857
1751227102731 0.9360445141792297 19858
1751227104064 1.151499629020691 19859
1751227104974 0.7654983401298523 19860
1751227106065 1.0256906747817993 19861
1751227107101 0.7754201292991638 19862
1751227108215 1.231263518333435 19863
1751227109527 0.9102266430854797 19864
1751227110557 0.8601944446563721 19865
1751227111614 4.523463726043701 19866
1751227112713 1.0227028131484985 19867
1751227113887 0.5447508692741394 19868
1751227114923 1.088484525680542 19869
1751227116259 0.7166323065757751 19870
1751227117333 1.2561291456222534 19871
1751227118471 0.8939483165740967 19872
1751227119513 0.5647658705711365 19873
1751227120614 0.9305506944656372 19874
1751227122007 0.38114795088768005 19875
1751227123085 0.9806724786758423 19876
1751227124171 0.7217327356338501 19877
1751227125249 0.6444135904312134 19878
1751227126328 0.6116828322410583 19879
1751227127583 0.8621664047241211 19880
1751227128658 0.7317644953727722 19881
1751227129721 0.6410321593284607 19882
1751227130846 0.6857195496559143 19883
1751227131895 1.0186301469802856 19884
1751227133221 0.5161536931991577 19885
1751227134288 0.3525410294532776 19886
1751227135365 0.6977238059043884 19887
1751227136305 1.96023428440094 19888
1751227137381 1.8904390335083008 19889
1751227138745 1.6783630847930908 19890
1751227139788 0.48697248101234436 19891
1751227140852 0.9400367140769958 19892
1751227141922 0.6677219867706299 19893
1751227142975 0.8570192456245422 19894
1751227144349 1.150679111480713 19895
1751227145424 0.8598210215568542 19896
1751227146478 0.8147706389427185 19897
1751227147578 0.42178675532341003 19898
1751227148608 1.1629908084869385 19899
1751227149970 0.6685765385627747 19900
1751227151054 0.4007466435432434 19901
1751227152095 0.7500714659690857 19902
1751227153232 1.499718427658081 19903
1751227154364 0.6476367115974426 19904
1751227155482 0.9873234033584595 19905
1751227156759 0.8893632292747498 19906
1751227157802 0.8576756715774536 19907
1751227158911 0.6700475811958313 19908
1751227159855 2.1219770908355713 19909
1751227160947 0.49606409668922424 19910
1751227162237 0.7334432601928711 19911
1751227163251 0.6104851961135864 19912
1751227164417 0.7464508414268494 19913
1751227165506 1.1516855955123901 19914
1751227166599 1.737921953201294 19915
1751227167862 0.9414154887199402 19916
1751227168926 0.551973819732666 19917
1751227169998 0.6055334210395813 19918
1751227171092 0.5515247583389282 19919
1751227172135 1.1602007150650024 19920
1751227173470 0.06393919140100479 19921
1751227174516 0.6636524200439453 19922
1751227175638 0.5951443910598755 19923
1751227176678 0.7287039756774902 19924
1751227177602 0.8324176073074341 19925
1751227178993 0.7486246228218079 19926
1751227180031 0.2041376233100891 19927
1751227181095 0.8708521723747253 19928
1751227182163 0.8573986291885376 19929
1751227183272 0.6304780840873718 19930
1751227184589 0.5975157618522644 19931
1751227185708 1.6899423599243164 19932
1751227186764 0.4768531024456024 19933
1751227187755 1.0765444040298462 19934
1751227188797 0.7826279997825623 19935
1751227190149 0.8063646554946899 19936
1751227191223 1.0867377519607544 19937
1751227192274 1.206291675567627 19938
1751227193343 0.5559670329093933 19939
1751227194460 0.6902660727500916 19940
1751227195542 0.8005615472793579 19941
1751227196898 0.43512213230133057 19942
1751227197959 1.0758885145187378 19943
1751227199106 1.1273223161697388 19944
1751227200028 0.8337295651435852 19945
1751227201111 0.9390544891357422 19946
1751227202435 0.36724063754081726 19947
1751227203378 1.0825155973434448 19948
1751227204553 0.993556797504425 19949
1751227205673 0.7211269736289978 19950
1751227206773 0.5339053273200989 19951
1751227208097 0.5421373248100281 19952
1751227209065 0.813458263874054 19953
1751227210142 0.5945950150489807 19954
1751227211256 0.8552790880203247 19955
1751227212398 0.6964841485023499 19956
1751227213700 1.1336568593978882 19957
1751227214807 0.2318454086780548 19958
1751227215900 0.24976582825183868 19959
1751227216948 1.650183916091919 19960
1751227218101 0.953019917011261 19961
1751227219414 0.9117452502250671 19962
1751227220587 0.3889490067958832 19963
1751227221684 0.959903359413147 19964
1751227222741 0.5447313189506531 19965
1751227223881 0.5660791397094727 19966
1751227225249 0.6030412912368774 19967
1751227226337 0.8314687609672546 19968
1751227227439 0.6546604037284851 19969
1751227228440 0.9439145922660828 19970
1751227229525 1.0099048614501953 19971
1751227230922 0.10724225640296936 19972
1751227231965 1.3677161931991577 19973
1751227233056 0.5896027088165283 19974
1751227234154 0.6619853973388672 19975
1751227235276 1.070094108581543 19976
1751227236540 0.7035753130912781 19977
1751227237628 1.636364221572876 19978
1751227238666 0.9407254457473755 19979
1751227239740 0.6936044096946716 19980
1751227240817 1.0706863403320312 19981
1751227241713 1.2720304727554321 19982
1751227243036 0.8460596203804016 19983
1751227244067 0.5896939635276794 19984
1751227245094 0.2683430016040802 19985
1751227246134 0.8438795208930969 19986
1751227247162 0.4248625338077545 19987
1751227248435 0.4433518350124359 19988
1751227249497 0.7321091890335083 19989
1751227250626 0.25033900141716003 19990
1751227251667 0.6401662230491638 19991
1751227252763 0.49845486879348755 19992
1751227254071 1.0010963678359985 19993
1751227255021 1.0381581783294678 19994
1751227256091 0.669740617275238 19995
1751227257190 1.0878788232803345 19996
1751227258275 0.7911745309829712 19997
1751227259601 0.8679823279380798 19998
1751227260701 0.9215664267539978 19999
1751227261787 0.8692556619644165 20000
1751227262835 0.812035858631134 20001
1751227263920 0.9793648719787598 20002
1751227265208 0.5292490124702454 20003
1751227266223 1.1186373233795166 20004
1751227267331 0.713434100151062 20005
1751227268259 1.1803373098373413 20006
1751227269390 0.5406088829040527 20007
1751227270568 1.0817190408706665 20008
1751227271689 0.6503159403800964 20009
1751227272731 1.0931183099746704 20010
1751227273779 0.44102126359939575 20011
1751227274831 0.7480631470680237 20012
1751227276132 1.0321139097213745 20013
1751227277220 0.5084905028343201 20014
1751227278269 0.9766713976860046 20015
1751227279337 0.8566487431526184 20016
1751227280376 0.7544217705726624 20017
1751227281607 0.846071720123291 20018
1751227282701 0.5290775895118713 20019
1751227283835 1.3209164142608643 20020
1751227284959 1.1219853162765503 20021
1751227286059 0.8666306734085083 20022
1751227287520 1.160461187362671 20023
1751227288559 0.4467782974243164 20024
1751227289647 0.8080267906188965 20025
1751227290682 0.5355221033096313 20026
1751227291752 0.8027490973472595 20027
1751227293067 1.0907583236694336 20028
1751227294116 0.7289695739746094 20029
1751227295170 0.4137515723705292 20030
1751227296236 0.8162552714347839 20031
1751227297303 1.3759663105010986 20032
1751227298645 0.5659477114677429 20033
1751227299672 0.6961719393730164 20034
1751227300816 1.1111299991607666 20035
1751227301888 0.790530264377594 20036
1751227302987 0.8307588696479797 20037
1751227304070 0.4814161956310272 20038
1751227305364 0.14905419945716858 20039
1751227306293 1.6641772985458374 20040
1751227307352 0.5971177220344543 20041
1751227308379 1.34645414352417 20042
1751227309474 0.9577619433403015 20043
1751227310773 1.7559925317764282 20044
1751227311841 0.7981255650520325 20045
1751227312890 0.7054499387741089 20046
1751227313932 0.7263083457946777 20047
1751227314898 2.429339647293091 20048
1751227316259 1.096694827079773 20049
1751227317337 0.7825651168823242 20050
1751227318417 0.9149338006973267 20051
1751227319519 0.5342260599136353 20052
1751227320648 0.6404874920845032 20053
1751227321808 3.009202718734741 20054
1751227322874 0.550918698310852 20055
1751227323953 0.6126870512962341 20056
1751227325035 0.8598530888557434 20057
1751227326077 0.9807628989219666 20058
1751227327391 0.6951425671577454 20059
1751227328370 0.7929896712303162 20060
1751227329437 0.29351842403411865 20061
1751227330489 0.665411651134491 20062
1751227331589 0.5992744565010071 20063
1751227332893 1.8048439025878906 20064
1751227333998 1.5253525972366333 20065
1751227335041 0.7832512259483337 20066
1751227336076 0.6030238270759583 20067
1751227337008 0.7995314002037048 20068
1751227338315 0.836709201335907 20069
1751227339347 0.5825358629226685 20070
1751227340402 1.0528868436813354 20071
1751227341436 0.8557061553001404 20072
1751227342516 0.5381531119346619 20073
1751227343799 0.6250051259994507 20074
1751227344880 0.4893753230571747 20075
1751227345941 0.8860787749290466 20076
1751227347014 0.815787136554718 20077
1751227348065 0.7228602766990662 20078
1751227349365 0.6268975138664246 20079
1751227350452 1.0965608358383179 20080
1751227351519 0.09583743661642075 20081
1751227352628 0.7742587327957153 20082
1751227353702 0.6345528364181519 20083
1751227355020 0.9009348154067993 20084
1751227356095 1.0114375352859497 20085
1751227357129 0.8099549412727356 20086
1751227358207 1.319907307624817 20087
1751227359273 1.0975912809371948 20088
1751227360615 0.8472814559936523 20089
1751227361563 1.0658010244369507 20090
1751227362619 0.6821293234825134 20091
1751227363660 0.7735625505447388 20092
1751227364740 0.7830633521080017 20093
1751227366057 0.5947265028953552 20094
1751227367122 0.5168759822845459 20095
1751227368116 0.7628160715103149 20096
1751227369192 0.7324501872062683 20097
1751227370309 0.5673065185546875 20098
1751227371593 0.8558170199394226 20099
1751227372681 0.823399007320404 20100
1751227373734 0.675365686416626 20101
1751227374835 1.7193183898925781 20102
1751227375880 0.9432095885276794 20103
1751227377261 0.9971675872802734 20104
1751227378316 0.8133341073989868 20105
1751227379344 0.6085397601127625 20106
1751227380401 0.6108356714248657 20107
1751227381437 0.5486046671867371 20108
1751227382763 0.47732114791870117 20109
1751227383646 0.737984299659729 20110
1751227384675 0.8528823852539062 20111
1751227385731 0.9114530682563782 20112
1751227386766 0.5532277226448059 20113
1751227388070 1.0216114521026611 20114
1751227388983 0.9039021730422974 20115
1751227390017 0.4290843904018402 20116
1751227391081 0.6329368948936462 20117
1751227392099 0.8163527846336365 20118
1751227393470 0.6351255774497986 20119
1751227394491 1.0350005626678467 20120
1751227395542 0.6391980051994324 20121
1751227396673 0.4041409492492676 20122
1751227397834 0.92161625623703 20123
1751227399126 0.9710768461227417 20124
1751227400162 0.5573217272758484 20125
1751227401259 0.7066015601158142 20126
1751227402305 1.2353191375732422 20127
1751227403428 0.6608313918113708 20128
1751227404753 0.8346935510635376 20129
1751227405785 0.7634479403495789 20130
1751227406934 0.7370800971984863 20131
1751227407997 0.6789254546165466 20132
1751227408903 0.7156641483306885 20133
1751227410237 1.124591588973999 20134
1751227411274 1.2608684301376343 20135
1751227412343 0.9488427042961121 20136
1751227413420 0.7404792308807373 20137
1751227414358 0.552108108997345 20138
1751227415674 1.155751347541809 20139
1751227416750 0.5598131418228149 20140
1751227417844 0.6120203733444214 20141
1751227418906 0.18718460202217102 20142
1751227419788 0.7845181822776794 20143
1751227421053 0.8666034936904907 20144
1751227421985 1.4949640035629272 20145
1751227423037 0.6193965673446655 20146
1751227424105 0.6114999651908875 20147
1751227425187 0.5610045790672302 20148
1751227426301 1.1561273336410522 20149
1751227427603 0.5422192811965942 20150
1751227428713 0.6690203547477722 20151
1751227429744 0.7343398928642273 20152
1751227430773 0.5656988024711609 20153
1751227431835 1.2209722995758057 20154
1751227433159 0.8561578989028931 20155
1751227434253 1.306323766708374 20156
1751227435291 1.1931037902832031 20157
1751227436219 0.6216133236885071 20158
1751227437540 1.1627088785171509 20159
1751227438619 0.9211580157279968 20160
1751227439521 0.9323394894599915 20161
1751227440590 0.8463793992996216 20162
1751227441698 0.8210992813110352 20163
1751227443011 0.5868515372276306 20164
1751227444100 0.5101075172424316 20165
1751227445156 0.981083869934082 20166
1751227446094 1.533348560333252 20167
1751227447154 1.0539207458496094 20168
1751227448462 1.0917918682098389 20169
1751227449428 0.9849820733070374 20170
1751227450548 0.9863564968109131 20171
1751227451629 1.0362424850463867 20172
1751227452738 0.16316330432891846 20173
1751227453782 0.6505032181739807 20174
1751227455108 0.9883740544319153 20175
1751227456170 0.8023021817207336 20176
1751227457217 0.8299188017845154 20177
1751227458297 0.831307590007782 20178
1751227459357 1.6410883665084839 20179
1751227460665 0.9055793881416321 20180
1751227461764 0.37415438890457153 20181
1751227462837 0.4468582570552826 20182
1751227463892 0.020592479035258293 20183
1751227464983 0.46255239844322205 20184
1751227466352 0.5352417230606079 20185
1751227467409 0.5411564707756042 20186
1751227468472 0.8069429397583008 20187
1751227469541 0.7549773454666138 20188
1751227470613 0.868067741394043 20189
1751227471918 0.8347718119621277 20190
1751227472982 1.4497936964035034 20191
1751227474031 0.7543206214904785 20192
1751227475094 0.15074045956134796 20193
1751227476159 1.0876556634902954 20194
1751227477491 0.7842521071434021 20195
1751227478653 1.3670485019683838 20196
1751227479710 0.4824422299861908 20197
1751227480659 0.8582063913345337 20198
1751227481818 0.9517400860786438 20199
1751227483180 1.2790300846099854 20200
1751227484269 0.6058492660522461 20201
1751227485357 0.3772093653678894 20202
1751227486425 1.8631700277328491 20203
1751227487525 0.21353565156459808 20204
1751227488898 0.8591801524162292 20205
1751227489921 1.0766454935073853 20206
1751227490967 0.5349817872047424 20207
1751227491853 0.9368855357170105 20208
1751227492941 0.8846796154975891 20209
1751227494129 1.0128052234649658 20210
1751227495207 0.5055016875267029 20211
1751227496259 0.6101018786430359 20212
1751227497444 0.9580084085464478 20213
1751227498483 0.9395236968994141 20214
1751227499907 0.874768078327179 20215
1751227500940 0.7441339492797852 20216
1751227502049 0.8892819285392761 20217
1751227503130 0.208170086145401 20218
1751227504152 1.1863038539886475 20219
1751227505513 0.7590263485908508 20220
1751227506573 1.1021358966827393 20221
1751227507622 0.7121270298957825 20222
1751227508644 0.9772100448608398 20223
1751227509764 0.6712207198143005 20224
1751227511140 1.1766510009765625 20225
1751227512173 0.5334235429763794 20226
1751227513241 0.23583176732063293 20227
1751227514297 0.3995552062988281 20228
1751227515443 0.4917636811733246 20229
1751227516774 0.6520977020263672 20230
1751227517818 0.9245228171348572 20231
1751227518914 0.8371753096580505 20232
1751227519955 0.8279706239700317 20233
1751227521005 0.7678359746932983 20234
1751227522204 0.9452793002128601 20235
1751227523228 1.4347776174545288 20236
1751227524343 0.65181565284729 20237
1751227525315 1.2764453887939453 20238
1751227526375 0.5288748145103455 20239
1751227527728 0.9750792384147644 20240
1751227528816 0.5376185178756714 20241
1751227529919 0.9147095084190369 20242
1751227531023 0.7254473567008972 20243
1751227532126 1.512839913368225 20244
1751227533435 0.9824698567390442 20245
1751227534485 0.9615368247032166 20246
1751227535561 0.7293774485588074 20247
1751227536631 0.7323083281517029 20248
1751227537689 1.6082870960235596 20249
1751227539057 0.6873186826705933 20250
1751227540072 1.1113651990890503 20251
1751227541102 0.48399633169174194 20252
1751227542143 0.7075627446174622 20253
1751227543161 0.5896841883659363 20254
1751227544547 0.9383060336112976 20255
1751227545632 0.8601663708686829 20256
1751227546667 0.6914606094360352 20257
1751227547654 1.8774423599243164 20258
1751227548811 0.9565497636795044 20259
1751227550163 0.5080797076225281 20260
1751227551266 0.25615227222442627 20261
1751227552329 0.7258662581443787 20262
1751227553422 0.7985672950744629 20263
1751227554456 1.0755079984664917 20264
1751227555788 0.6584280133247375 20265
1751227556894 0.5142958760261536 20266
1751227557946 0.5195355415344238 20267
1751227558865 0.7481642365455627 20268
1751227559922 0.6625667810440063 20269
1751227561292 0.6668400168418884 20270
1751227562351 1.4539662599563599 20271
1751227563461 1.0841299295425415 20272
1751227564496 0.5140517354011536 20273
1751227565571 2.1697561740875244 20274
1751227566640 0.7294914126396179 20275
1751227567936 0.6946071982383728 20276
1751227568983 0.46600767970085144 20277
1751227570076 0.5804991722106934 20278
1751227571136 0.675678551197052 20279
1751227572193 0.4567739963531494 20280
1751227573475 0.8106147050857544 20281
1751227574540 0.8480092883110046 20282
1751227575618 0.4822589159011841 20283
1751227576666 0.9501684308052063 20284
1751227577944 0.7847608923912048 20285
1751227579028 0.5421420931816101 20286
1751227580066 1.2561548948287964 20287
1751227581092 0.11573809385299683 20288
1751227582119 0.7547088861465454 20289
1751227583405 0.8416675925254822 20290
1751227584345 0.8186601996421814 20291
1751227585416 0.7691365480422974 20292
1751227586518 0.41307687759399414 20293
1751227587582 1.6644638776779175 20294
1751227588624 0.9741328358650208 20295
1751227589965 1.0388473272323608 20296
1751227591009 1.1657862663269043 20297
1751227592123 0.7250378727912903 20298
1751227593166 0.7004626393318176 20299
1751227594295 0.5554132461547852 20300
1751227595573 0.44658493995666504 20301
1751227596708 2.0727579593658447 20302
1751227597789 1.4599651098251343 20303
1751227598926 0.601060688495636 20304
1751227600047 1.0186575651168823 20305
1751227601325 0.8255435824394226 20306
1751227602388 1.0334299802780151 20307
1751227603442 0.930253803730011 20308
1751227604512 0.6480838060379028 20309
1751227605822 0.21967197954654694 20310
1751227606922 0.7108889222145081 20311
1751227607982 1.2875698804855347 20312
1751227609068 0.7641250491142273 20313
1751227610136 1.1415537595748901 20314
1751227611187 1.0563029050827026 20315
1751227612480 0.9367520213127136 20316
1751227613427 0.6843065023422241 20317
1751227614507 0.9958591461181641 20318
1751227615577 0.5935893654823303 20319
1751227616665 0.9535635113716125 20320
1751227618095 0.7121062278747559 20321
1751227619110 1.0185338258743286 20322
1751227620130 1.0101288557052612 20323
1751227621173 0.7355927228927612 20324
1751227622206 0.7603921890258789 20325
1751227623610 0.5247632265090942 20326
1751227624649 0.9624840617179871 20327
1751227625793 0.7575398087501526 20328
1751227626898 0.9553788304328918 20329
1751227627947 0.9677150845527649 20330
1751227629337 0.6238407492637634 20331
1751227630415 1.1180193424224854 20332
1751227631464 0.5404951572418213 20333
1751227632529 1.0631701946258545 20334
1751227633682 0.20089522004127502 20335
1751227635010 0.9053468704223633 20336
1751227635943 0.5983136296272278 20337
1751227637007 0.5722749829292297 20338
1751227638106 0.6320859789848328 20339
1751227639167 0.5347495675086975 20340
1751227640407 0.5960800051689148 20341
1751227641481 0.8189359903335571 20342
1751227642522 0.8017765283584595 20343
1751227643581 0.26085901260375977 20344
1751227644646 0.8076812624931335 20345
1751227645976 0.7720686197280884 20346
1751227647081 1.0396957397460938 20347
1751227648034 1.279443621635437 20348
1751227649114 0.644840657711029 20349
1751227650216 2.166064977645874 20350
1751227651493 1.5683265924453735 20351
1751227652587 1.842596411705017 20352
1751227653688 0.9508852362632751 20353
1751227654760 1.1787961721420288 20354
1751227655825 1.031964898109436 20355
1751227657096 0.668372631072998 20356
1751227658166 0.6450489163398743 20357
1751227659218 0.8004738092422485 20358
1751227660277 0.0762467160820961 20359
1751227661295 0.5590184926986694 20360
1751227662723 0.6130182147026062 20361
1751227663833 0.6729133725166321 20362
1751227664949 1.026525616645813 20363
1751227666053 0.9130313992500305 20364
1751227667333 0.6083382964134216 20365
1751227668401 1.163773536682129 20366
1751227669481 0.8314296007156372 20367
1751227670413 1.4379842281341553 20368
1751227671464 0.8827661871910095 20369
1751227672734 0.5802645087242126 20370
1751227673821 0.5011371970176697 20371
1751227674908 0.6781397461891174 20372
1751227675964 0.7449204325675964 20373
1751227677002 1.3518874645233154 20374
1751227678348 0.5806857347488403 20375
1751227679440 0.5979013442993164 20376
1751227680540 1.1840418577194214 20377
1751227681639 0.7900093197822571 20378
1751227682692 0.7821183204650879 20379
1751227683978 0.832138180732727 20380
1751227685029 0.677717387676239 20381
1751227686079 1.4389046430587769 20382
1751227687139 0.6877400875091553 20383
1751227688205 1.0629709959030151 20384
1751227689601 1.2253096103668213 20385
1751227690645 0.7733566761016846 20386
1751227691714 1.3398133516311646 20387
1751227692788 0.7406303882598877 20388
1751227693839 0.19225934147834778 20389
1751227695111 0.8728529214859009 20390
1751227696083 0.7535261511802673 20391
1751227697122 0.5019733309745789 20392
1751227698140 1.0918956995010376 20393
1751227699038 0.7995058298110962 20394
1751227700391 0.6978561282157898 20395
1751227701274 0.5445992946624756 20396
1751227702322 0.508598268032074 20397
1751227703247 0.6137294173240662 20398
1751227704256 0.720833420753479 20399
1751227705726 0.5875667929649353 20400
1751227706838 0.6582653522491455 20401
1751227707916 0.8300321698188782 20402
1751227709071 0.6421794891357422 20403
1751227710118 1.1102876663208008 20404
1751227711447 1.1108179092407227 20405
1751227712358 1.3866885900497437 20406
1751227713377 0.569216787815094 20407
1751227714404 1.0563287734985352 20408
1751227715308 1.1401432752609253 20409
1751227716489 1.156206488609314 20410
1751227717547 1.2712353467941284 20411
1751227718641 0.47668227553367615 20412
1751227719685 0.7195981740951538 20413
1751227720768 0.9236823916435242 20414
1751227721695 0.8006753921508789 20415
1751227722996 0.8219081163406372 20416
1751227724093 0.8350696563720703 20417
1751227725163 0.8103193640708923 20418
1751227726241 0.7897334098815918 20419
1751227727606 0.5912728309631348 20420
1751227728540 1.9319639205932617 20421
1751227729645 0.7569926381111145 20422
1751227730676 0.7455697059631348 20423
1751227731805 0.6648914217948914 20424
1751227733131 0.7390037178993225 20425
1751227734214 0.5865629315376282 20426
1751227735311 0.6129534244537354 20427
1751227736206 1.1708550453186035 20428
1751227737286 0.4903954565525055 20429
1751227738547 0.7010467648506165 20430
1751227739699 1.0845885276794434 20431
1751227740753 0.5975353121757507 20432
1751227741768 1.2788457870483398 20433
1751227742823 0.7915326952934265 20434
1751227744155 0.8785201907157898 20435
1751227745291 1.0311397314071655 20436
1751227746331 0.7095323801040649 20437
1751227747411 0.9992238283157349 20438
1751227748453 1.057644009590149 20439
1751227749755 0.8545495867729187 20440
1751227750791 0.8042351603507996 20441
1751227751717 1.1273983716964722 20442
1751227752772 0.44011062383651733 20443
1751227753880 1.166131615638733 20444
1751227755227 0.839280903339386 20445
1751227756163 1.754127860069275 20446
1751227757271 1.3188294172286987 20447
1751227758370 0.5547901391983032 20448
1751227759442 0.9288768172264099 20449
1751227760677 1.6284493207931519 20450
1751227761719 0.7109063863754272 20451
1751227762754 1.089279055595398 20452
1751227763807 0.9609208106994629 20453
1751227764844 0.33881518244743347 20454
1751227766184 0.6625179648399353 20455
1751227767231 1.196973204612732 20456
1751227768397 0.9793747663497925 20457
1751227769463 1.140586495399475 20458
1751227770502 0.6843529343605042 20459
1751227771856 0.7124481797218323 20460
1751227772979 0.7028121948242188 20461
1751227774076 0.7959648966789246 20462
1751227775021 0.6144611239433289 20463
1751227776084 0.49802669882774353 20464
1751227777429 2.107069730758667 20465
1751227778497 0.7761420607566833 20466
1751227779529 0.47744256258010864 20467
1751227780568 0.8377869725227356 20468
1751227781522 0.8135212063789368 20469
1751227782849 0.9121860861778259 20470
1751227783889 0.6828976273536682 20471
1751227784831 0.8542466163635254 20472
1751227785943 0.49164581298828125 20473
1751227787021 0.5004898905754089 20474
1751227788334 0.8027946352958679 20475
1751227789384 1.091161847114563 20476
1751227790461 0.8549739718437195 20477
1751227791546 1.2473630905151367 20478
1751227792585 1.8417408466339111 20479
1751227793928 0.7801353335380554 20480
1751227794960 0.5657119750976562 20481
1751227796051 0.7499359250068665 20482
1751227797080 0.038345735520124435 20483
1751227798174 0.7028598189353943 20484
1751227799468 1.525963544845581 20485
1751227800523 0.9017915725708008 20486
1751227801628 0.5642009377479553 20487
1751227802660 0.6510534286499023 20488
1751227803545 1.0269650220870972 20489
1751227804854 0.9671376943588257 20490
1751227805905 0.08824170380830765 20491
1751227807067 1.9014073610305786 20492
1751227808140 0.8900884985923767 20493
1751227809250 0.642745316028595 20494
1751227810605 0.5864483714103699 20495
1751227811661 0.46624627709388733 20496
1751227812694 0.7508761286735535 20497
1751227813781 0.7627126574516296 20498
1751227814871 0.7153264880180359 20499
1751227816135 0.22450758516788483 20500
1751227817202 1.0432759523391724 20501
1751227818307 1.67465078830719 20502
1751227819373 0.6554389595985413 20503
1751227820437 0.7355055809020996 20504
1751227821787 0.804286777973175 20505
1751227822837 0.3841307461261749 20506
1751227823881 0.8096210360527039 20507
1751227824824 1.3817592859268188 20508
1751227825888 0.857658863067627 20509
1751227827190 0.8294334411621094 20510
1751227828264 0.9379543662071228 20511
1751227829292 1.3066725730895996 20512
1751227830354 0.25166112184524536 20513
1751227831622 0.6571373343467712 20514
1751227832658 0.5761933922767639 20515
1751227833580 0.8039678931236267 20516
1751227834628 1.1980690956115723 20517
1751227835671 1.160111427307129 20518
1751227836771 0.9965273141860962 20519
1751227838105 0.9816833734512329 20520
1751227839210 1.2278887033462524 20521
1751227840238 0.8195951581001282 20522
1751227841275 0.7330242395401001 20523
1751227842624 0.7033941149711609 20524
1751227843663 0.7914244532585144 20525
1751227844707 0.5481041073799133 20526
1751227845771 0.6656684875488281 20527
1751227846676 0.919707715511322 20528
1751227848138 0.5986199378967285 20529
1751227849213 0.8491036295890808 20530
1751227850305 0.3604664206504822 20531
1751227851443 0.8959957361221313 20532
1751227852528 1.1010112762451172 20533
1751227853623 1.3516415357589722 20534
1751227854954 0.8332654237747192 20535
1751227856032 0.7244012355804443 20536
1751227857129 0.709940493106842 20537
1751227858208 0.7660071849822998 20538
1751227859597 1.054381251335144 20539
1751227860651 0.46973323822021484 20540
1751227861731 0.5653430223464966 20541
1751227862849 0.9339866638183594 20542
1751227863886 0.6671472787857056 20543
1751227865189 0.5626309514045715 20544
1751227866265 1.3018035888671875 20545
1751227867344 0.9101364016532898 20546
1751227868412 1.177593469619751 20547
1751227869476 0.9462297558784485 20548
1751227870565 0.47834092378616333 20549
1751227871903 0.5402933359146118 20550
1751227872952 0.8415263295173645 20551
1751227874039 0.7409465909004211 20552
1751227875106 0.290752112865448 20553
1751227876516 0.9540165066719055 20554
1751227877565 0.8673427700996399 20555
1751227878606 0.5391845107078552 20556
1751227879736 0.6536583304405212 20557
1751227880894 0.8725714087486267 20558
1751227882221 0.8574363589286804 20559
1751227883376 1.2059569358825684 20560
1751227884303 0.8569027185440063 20561
1751227885406 0.43897581100463867 20562
1751227886492 0.9160642623901367 20563
1751227887746 0.8967521786689758 20564
1751227888763 0.9133753180503845 20565
1751227889799 0.45401379466056824 20566
1751227890886 0.7325798869132996 20567
1751227891815 1.9143112897872925 20568
1751227892966 0.8709617853164673 20569
1751227894048 0.8247029185295105 20570
1751227895088 0.4395696818828583 20571
1751227896161 0.5051791071891785 20572
1751227897194 0.8046337962150574 20573
1751227898345 1.1741580963134766 20574
1751227899382 0.6319586634635925 20575
1751227900421 0.5937677621841431 20576
1751227901516 0.6263436675071716 20577
1751227902551 0.42222946882247925 20578
1751227903884 0.7127555012702942 20579
1751227904961 0.6415343284606934 20580
1751227906031 0.9019483923912048 20581
1751227907191 1.33230721950531 20582
1751227908224 0.593578040599823 20583
1751227909606 0.7510743141174316 20584
1751227910539 0.8072698712348938 20585
1751227911591 0.5917730331420898 20586
1751227912627 1.0057923793792725 20587
1751227913748 1.0634305477142334 20588
1751227915056 0.6357282996177673 20589
1751227916079 0.7535173296928406 20590
1751227917206 1.077271580696106 20591
1751227918319 0.9763894081115723 20592
1751227919363 0.9354681372642517 20593
1751227920683 0.9699099659919739 20594
1751227921725 1.309404730796814 20595
1751227922649 0.6647488474845886 20596
1751227923728 0.9901120066642761 20597
1751227924818 0.6971028447151184 20598
1751227926125 1.4082363843917847 20599
1751227927169 0.6543442010879517 20600
1751227928286 0.06938362121582031 20601
1751227929374 0.5492883920669556 20602
1751227930474 0.6098055243492126 20603
1751227931870 0.6097580790519714 20604
1751227932955 0.8955755233764648 20605
1751227934059 0.8873926401138306 20606
1751227935145 0.9526044726371765 20607
1751227936255 1.4266201257705688 20608
1751227937586 0.7176303863525391 20609
1751227938640 0.8397111892700195 20610
1751227939716 0.669906497001648 20611
1751227940775 0.6951190829277039 20612
1751227941838 1.1251440048217773 20613
1751227943129 0.701335608959198 20614
1751227944169 1.1430492401123047 20615
1751227945232 0.6586141586303711 20616
1751227946269 0.6403114199638367 20617
1751227947233 1.1940420866012573 20618
1751227948581 0.9303311705589294 20619
1751227949685 1.128053069114685 20620
1751227950744 0.5739611983299255 20621
1751227951819 0.9290931820869446 20622
1751227952948 0.6758591532707214 20623
1751227954447 0.7686411738395691 20624
1751227955598 0.575066864490509 20625
1751227956620 0.6016833782196045 20626
1751227957687 0.5645124316215515 20627
1751227958764 0.563948929309845 20628
1751227960129 0.6578660607337952 20629
1751227961203 0.43770632147789 20630
1751227962258 0.4787980914115906 20631
1751227963307 1.8855270147323608 20632
1751227964401 0.8851751685142517 20633
1751227965699 1.1412160396575928 20634
1751227966734 0.6457437872886658 20635
1751227967795 0.691156268119812 20636
1751227968868 0.9835958480834961 20637
1751227969903 0.49230027198791504 20638
1751227971266 0.9057318568229675 20639
1751227972174 2.7597899436950684 20640
1751227973220 0.8967785835266113 20641
1751227974325 0.891601026058197 20642
1751227975377 1.2226651906967163 20643
1751227976829 0.9967320561408997 20644
1751227977920 0.7396475672721863 20645
1751227978976 0.7842304110527039 20646
1751227980059 0.8211252093315125 20647
1751227980975 0.5742197036743164 20648
1751227982293 0.9493929147720337 20649
1751227983325 0.8203338980674744 20650
1751227984271 0.9011234641075134 20651
1751227985181 1.2314311265945435 20652
1751227986275 0.8013295531272888 20653
1751227987586 0.5711894035339355 20654
1751227988670 0.9276154637336731 20655
1751227989755 0.4746597409248352 20656
1751227990753 0.6693417429924011 20657
1751227991790 0.8244993090629578 20658
1751227993103 0.5200134515762329 20659
1751227994176 1.0262243747711182 20660
1751227995229 0.6038975715637207 20661
1751227996301 0.9224355816841125 20662
1751227997335 0.5807517170906067 20663
1751227998669 0.14473485946655273 20664
1751227999752 0.8064538240432739 20665
1751228000886 0.9850377440452576 20666
1751228001910 1.2126166820526123 20667
1751228002961 0.6010715365409851 20668
1751228004257 0.7490758895874023 20669
1751228005331 1.0657926797866821 20670
1751228006356 0.642458438873291 20671
1751228007363 0.8350446820259094 20672
1751228008458 0.871921718120575 20673
1751228009804 0.6712524890899658 20674
1751228010779 1.6444567441940308 20675
1751228011840 1.3287550210952759 20676
1751228012894 1.1202630996704102 20677
1751228013974 1.0206137895584106 20678
1751228015363 0.7171059846878052 20679
1751228016448 0.9501306414604187 20680
1751228017523 0.9107670187950134 20681
1751228018580 0.7654159069061279 20682
1751228019622 0.4583251476287842 20683
1751228020752 1.7996971607208252 20684
1751228021797 0.5133321285247803 20685
1751228022860 1.5044163465499878 20686
1751228023917 0.8827406167984009 20687
1751228025269 0.30270621180534363 20688
1751228026332 1.1325277090072632 20689
1751228027223 0.686487078666687 20690
1751228028359 0.47192373871803284 20691
1751228029400 1.0448477268218994 20692
1751228030460 1.0239157676696777 20693
1751228031774 0.9661855697631836 20694
1751228032824 0.43467631936073303 20695
1751228033734 0.8558112978935242 20696
1751228034764 0.7683601379394531 20697
1751228036120 1.4181511402130127 20698
1751228037208 0.7262487411499023 20699
1751228038311 0.8459526300430298 20700
1751228039225 1.2269877195358276 20701
1751228040317 0.7034051418304443 20702
1751228041720 1.2841719388961792 20703
1751228042832 0.8465469479560852 20704
1751228043913 0.18854159116744995 20705
1751228044996 0.46053704619407654 20706
1751228045944 1.007649302482605 20707
1751228047039 0.794902503490448 20708
1751228048362 0.6401592493057251 20709
1751228049432 0.9703317880630493 20710
1751228050487 1.4693890810012817 20711
1751228051509 0.7596611976623535 20712
1751228052917 0.6144779324531555 20713
1751228053968 1.3135645389556885 20714
1751228055053 0.6564543843269348 20715
1751228056093 0.8218507766723633 20716
1751228057211 0.9297680854797363 20717
1751228058519 1.4534698724746704 20718
1751228059640 0.36737602949142456 20719
1751228060693 0.8907521367073059 20720
1751228061768 0.6182168126106262 20721
1751228062750 1.6898821592330933 20722
1751228064103 1.1982336044311523 20723
1751228065197 0.4909088611602783 20724
1751228066218 0.7394099235534668 20725
1751228067286 0.6177193522453308 20726
1751228068184 1.1269086599349976 20727
1751228069505 0.9925380945205688 20728
1751228070559 0.9067886471748352 20729
1751228071696 0.6000632643699646 20730
1751228072735 0.8325948715209961 20731
1751228073823 0.6013938784599304 20732
1751228075163 0.47395163774490356 20733
1751228076199 0.8253324627876282 20734
1751228077239 1.0119057893753052 20735
1751228078295 1.2692760229110718 20736
1751228079380 1.3829845190048218 20737
1751228080715 0.7855095267295837 20738
1751228081781 0.7712246775627136 20739
1751228082905 0.8737297058105469 20740
1751228083958 0.9758209586143494 20741
1751228085070 0.6890630125999451 20742
1751228086370 0.6125996708869934 20743
1751228087471 1.3399221897125244 20744
1751228088501 0.4903410077095032 20745
1751228089503 0.7554528117179871 20746
1751228090439 1.013398289680481 20747
1751228091807 0.4927895665168762 20748
1751228092868 0.8527324795722961 20749
1751228093928 0.8806484341621399 20750
1751228094836 0.9996561408042908 20751
1751228095850 0.5236812829971313 20752
1751228097253 0.32806748151779175 20753
1751228098306 0.8986771702766418 20754
1751228099205 0.8368515372276306 20755
1751228100224 0.7366504073143005 20756
1751228101561 0.5500707030296326 20757
1751228102597 0.722344696521759 20758
1751228103620 0.5792413949966431 20759
1751228104674 0.9445614814758301 20760
1751228105739 0.6610145568847656 20761
1751228107045 0.936440110206604 20762
1751228108019 1.3882325887680054 20763
1751228109109 0.8467092514038086 20764
1751228110171 0.5622925758361816 20765
1751228111204 0.7917065620422363 20766
1751228112528 0.23393794894218445 20767
1751228113545 1.1051260232925415 20768
1751228114577 0.6440944075584412 20769
1751228115689 0.7504181265830994 20770
1751228116718 0.9082279205322266 20771
1751228118029 0.38684383034706116 20772
1751228119106 0.8341026306152344 20773
1751228120216 0.6794065237045288 20774
1751228121295 0.821118950843811 20775
1751228122257 1.0245577096939087 20776
1751228123613 1.4031847715377808 20777
1751228124675 0.8178651928901672 20778
1751228125816 0.6149921417236328 20779
1751228126926 1.1150476932525635 20780
1751228127987 0.90559321641922 20781
1751228129350 0.7252861857414246 20782
1751228130433 0.8126305937767029 20783
1751228131494 0.5461516380310059 20784
1751228132411 0.9929344058036804 20785
1751228133477 0.6815068125724792 20786
1751228134786 0.9041215181350708 20787
1751228135813 0.7932273745536804 20788
1751228136898 0.5818549990653992 20789
1751228137964 0.7627035975456238 20790
1751228139047 0.6500229835510254 20791
1751228140487 0.5740165114402771 20792
1751228141568 0.5730931162834167 20793
1751228142611 0.6638021469116211 20794
1751228143693 0.9426154494285583 20795
1751228144605 0.584494948387146 20796
1751228145790 1.0106711387634277 20797
1751228146909 0.3058483302593231 20798
1751228147852 1.9628565311431885 20799
1751228149029 0.6328355073928833 20800
1751228150163 0.9542356729507446 20801
1751228151495 0.9022636413574219 20802
1751228152580 0.6733782887458801 20803
1751228153631 0.6287307143211365 20804
1751228154718 0.7500481009483337 20805
1751228156049 1.367407202720642 20806
1751228157119 1.136128306388855 20807
1751228158160 0.8189388513565063 20808
1751228159196 0.9451528787612915 20809
1751228160255 0.823280930519104 20810
1751228161352 0.6498575210571289 20811
1751228162646 0.5347614884376526 20812
1751228163751 0.8548909425735474 20813
1751228164833 0.9962264895439148 20814
1751228165854 0.7599962949752808 20815
1751228167259 0.6752864122390747 20816
1751228168298 0.9265292286872864 20817
1751228169228 0.8079237937927246 20818
1751228170289 1.2786213159561157 20819
1751228171325 0.6674453616142273 20820
1751228172718 3.36625599861145 20821
1751228173787 0.4210253059864044 20822
1751228174819 0.6181742548942566 20823
1751228175889 0.9496297240257263 20824
1751228176964 0.5560716986656189 20825
1751228178310 0.4300859570503235 20826
1751228179351 0.8608617782592773 20827
1751228180303 0.8650773167610168 20828
1751228181266 0.8024256825447083 20829
1751228182373 0.7211783528327942 20830
1751228183676 0.9165562987327576 20831
1751228184754 1.0410341024398804 20832
1751228185815 1.189632773399353 20833
1751228186884 1.0009905099868774 20834
1751228187965 0.5349295735359192 20835
1751228189274 0.8953191637992859 20836
1751228190390 0.5797531008720398 20837
1751228191450 0.8095165491104126 20838
1751228192485 0.8937025666236877 20839
1751228193546 1.3610310554504395 20840
1751228194835 0.8378845453262329 20841
1751228195918 0.7069283127784729 20842
1751228196889 1.4843227863311768 20843
1751228197933 1.098147988319397 20844
1751228199075 0.6162940263748169 20845
1751228200430 0.6008550524711609 20846
1751228201492 0.8664076924324036 20847
1751228202601 0.48628515005111694 20848
1751228203689 1.1320159435272217 20849
1751228204618 0.77028489112854 20850
1751228205990 1.182854175567627 20851
1751228207056 0.7128610014915466 20852
1751228208117 1.1577199697494507 20853
1751228209197 1.4318350553512573 20854
1751228210372 0.7254053354263306 20855
1751228211456 0.7080389857292175 20856
1751228212550 0.9854543805122375 20857
1751228213629 0.8145803809165955 20858
1751228214658 0.39569520950317383 20859
1751228216099 0.7864532470703125 20860
1751228217175 0.919569194316864 20861
1751228218283 0.999478280544281 20862
1751228219455 0.8977014422416687 20863
1751228220545 0.9212644696235657 20864
1751228221854 0.9308997988700867 20865
1751228222906 1.3579131364822388 20866
1751228224007 0.3336842954158783 20867
1751228225058 0.5827495455741882 20868
1751228226121 1.0429260730743408 20869
1751228227544 0.8632912039756775 20870
1751228228608 0.7204645872116089 20871
1751228229668 0.6604334115982056 20872
1751228230746 0.6708384156227112 20873
1751228231820 0.0375387966632843 20874
1751228233191 0.6023925542831421 20875
1751228234225 0.7859326601028442 20876
1751228235344 0.7200271487236023 20877
1751228236421 0.6178998351097107 20878
1751228237339 1.3029663562774658 20879
1751228238663 0.7257848978042603 20880
1751228239694 0.6878741383552551 20881
1751228240718 0.878391444683075 20882
1751228241762 0.8767579197883606 20883
1751228242850 0.6064473986625671 20884
1751228244179 0.8656628727912903 20885
1751228245296 0.7913303971290588 20886
1751228246307 0.6160512566566467 20887
1751228247347 0.917514979839325 20888
1751228248780 0.6638538241386414 20889
1751228249914 0.5637326240539551 20890
1751228250987 1.0069973468780518 20891
1751228252044 0.7669486403465271 20892
1751228253069 0.9840261340141296 20893
1751228254361 0.7017557621002197 20894
1751228255427 0.9395761489868164 20895
1751228256512 0.7584981918334961 20896
1751228257609 0.5094191431999207 20897
1751228258764 0.7060102224349976 20898
1751228260046 0.5346773862838745 20899
1751228261057 0.39719358086586 20900
1751228261951 0.9431940913200378 20901
1751228263011 1.6881166696548462 20902
1751228263969 0.6079911589622498 20903
1751228265332 1.0730282068252563 20904
1751228266365 1.2706230878829956 20905
1751228267409 0.9441672563552856 20906
1751228268476 0.675865113735199 20907
1751228269536 0.7919477820396423 20908
1751228270852 0.6560840010643005 20909
1751228271911 0.9963860511779785 20910
1751228272985 0.5552933812141418 20911
1751228274062 0.6607415080070496 20912
1751228275178 1.1820189952850342 20913
1751228276538 1.1956024169921875 20914
1751228277583 0.568543016910553 20915
1751228278599 0.600649356842041 20916
1751228279697 1.0184106826782227 20917
1751228280738 0.8094289898872375 20918
1751228282009 0.6965405941009521 20919
1751228283104 0.6988517642021179 20920
1751228284234 0.8190628290176392 20921
1751228285271 0.6768702268600464 20922
1751228286336 0.6255704164505005 20923
1751228287664 0.9894981384277344 20924
1751228288783 0.8405699133872986 20925
1751228289893 1.1774637699127197 20926
1751228290947 0.8214449882507324 20927
1751228292221 0.5271412134170532 20928
1751228293262 1.0003238916397095 20929
1751228294313 0.9950234293937683 20930
1751228295377 1.1701606512069702 20931
1751228296393 0.6372926235198975 20932
1751228297280 0.865606427192688 20933
1751228298672 1.8811136484146118 20934
1751228299726 1.0644512176513672 20935
1751228300752 0.4704737663269043 20936
1751228301832 0.8166103363037109 20937
1751228303113 0.9946131110191345 20938
1751228304145 0.8590068817138672 20939
1751228305173 1.2342768907546997 20940
1751228306244 0.6501790285110474 20941
1751228307377 0.512729287147522 20942
1751228308401 1.1995924711227417 20943
1751228309809 0.5941779017448425 20944
1751228310925 0.7850853204727173 20945
1751228311917 1.2691686153411865 20946
1751228312954 0.7329267859458923 20947
1751228314311 0.5870987176895142 20948
1751228315237 1.0127698183059692 20949
1751228316310 0.8231657147407532 20950
1751228317378 0.7260403037071228 20951
1751228318422 0.5091675519943237 20952
1751228319783 0.9374150633811951 20953
1751228320854 0.8375987410545349 20954
1751228322014 0.9163540005683899 20955
1751228322913 0.45609503984451294 20956
1751228324010 1.0675222873687744 20957
1751228325389 1.3890408277511597 20958
1751228326462 0.6128145456314087 20959
1751228327612 0.6202656626701355 20960
1751228328638 1.1382390260696411 20961
1751228329704 2.3086373805999756 20962
1751228331069 0.4845915734767914 20963
1751228332153 0.5872160792350769 20964
1751228333183 0.5287379622459412 20965
1751228334248 0.2860279977321625 20966
1751228335359 1.0083080530166626 20967
1751228336678 0.7302314639091492 20968
1751228337809 0.7029405832290649 20969
1751228338907 0.595094621181488 20970
1751228339954 0.7094096541404724 20971
1751228341260 1.3480650186538696 20972
1751228342386 0.6680231094360352 20973
1751228343465 0.879284679889679 20974
1751228344528 0.8636776208877563 20975
1751228345636 0.9429779052734375 20976
1751228347018 0.5620656609535217 20977
1751228348055 0.6676973700523376 20978
1751228349115 0.8704611659049988 20979
1751228350208 0.6227721571922302 20980
1751228351303 1.5461604595184326 20981
1751228352580 1.0013177394866943 20982
1751228353625 0.8179411292076111 20983
1751228354716 0.803347110748291 20984
1751228355800 0.9382652640342712 20985
1751228356695 1.176396369934082 20986
1751228358073 0.9249147772789001 20987
1751228359124 0.4502274692058563 20988
1751228360211 1.1439487934112549 20989
1751228361248 0.719491183757782 20990
1751228362318 0.7903160452842712 20991
1751228363616 0.7191395163536072 20992
1751228364657 0.7731809020042419 20993
1751228365734 0.8462662100791931 20994
1751228366788 1.0729141235351562 20995
1751228367874 0.7659460306167603 20996
1751228369198 0.8102251291275024 20997
1751228370262 0.6898852586746216 20998
1751228371356 0.9939073920249939 20999
1751228372457 1.3481667041778564 21000
1751228373493 0.35293683409690857 21001
1751228374883 0.6603694558143616 21002
1751228375909 1.7779464721679688 21003
1751228376951 0.9984013438224792 21004
1751228377831 1.4657223224639893 21005
1751228379219 0.6077091693878174 21006
1751228380273 0.8296583294868469 21007
1751228381353 1.0874379873275757 21008
1751228382491 0.48767098784446716 21009
1751228383445 1.1212034225463867 21010
1751228384735 1.1309614181518555 21011
1751228385783 1.0869191884994507 21012
1751228386933 0.7806552052497864 21013
1751228388045 0.6616063714027405 21014
1751228389121 0.9147810339927673 21015
1751228390468 0.5369128584861755 21016
1751228391530 0.7241113185882568 21017
1751228392615 0.7671977877616882 21018
1751228393685 0.9252040982246399 21019
1751228394761 0.4582534730434418 21020
1751228396040 1.4433687925338745 21021
1751228397132 0.8058133125305176 21022
1751228398203 0.6375492215156555 21023
1751228399264 1.097915530204773 21024
1751228400395 0.7028467059135437 21025
1751228401581 0.9877233505249023 21026
1751228402730 0.9951744079589844 21027
1751228403782 0.6495237350463867 21028
1751228404803 0.76078861951828 21029
1751228405854 0.5744277834892273 21030
1751228407173 0.5027602314949036 21031
1751228408238 0.5421426296234131 21032
1751228409141 0.7283702492713928 21033
1751228410225 1.0059541463851929 21034
1751228411308 0.8242601752281189 21035
1751228412652 1.217147707939148 21036
1751228413728 0.44900938868522644 21037
1751228414695 2.916203737258911 21038
1751228415751 0.5533714890480042 21039
1751228417117 0.8100976943969727 21040
1751228418141 0.7078937888145447 21041
1751228419049 0.8359611630439758 21042
1751228420157 1.4350762367248535 21043
1751228421388 1.380212426185608 21044
1751228422608 0.5539466142654419 21045
1751228423818 0.43202993273735046 21046
1751228425162 0.7507953643798828 21047
1751228426368 0.854129433631897 21048
1751228427562 0.5815899968147278 21049
1751228428936 0.8873878717422485 21050
1751228430005 0.5830204486846924 21051
1751228431089 0.8030534982681274 21052
1751228432149 0.7368711829185486 21053
1751228433246 0.8479515910148621 21054
1751228434528 0.25032106041908264 21055
1751228435669 0.7136073708534241 21056
1751228436738 0.5012499690055847 21057
1751228437842 0.6898587942123413 21058
1751228438780 0.06201211363077164 21059
1751228440254 0.643671452999115 21060
1751228441326 0.8197206854820251 21061
1751228442419 0.6185624003410339 21062
1751228443549 0.49344107508659363 21063
1751228444649 0.7801044583320618 21064
1751228445953 0.6028398275375366 21065
1751228447025 0.5921293497085571 21066
1751228447949 1.0981030464172363 21067
1751228449025 0.5220814943313599 21068
1751228450076 0.21882008016109467 21069
1751228451414 0.6364504098892212 21070
1751228452523 1.3797777891159058 21071
1751228453628 0.863110363483429 21072
1751228454704 0.6055060625076294 21073
1751228455994 0.9660890102386475 21074
1751228457059 0.8860212564468384 21075
1751228458091 0.35016942024230957 21076
1751228459154 0.6615192890167236 21077
1751228460178 1.083863615989685 21078
1751228461492 0.972425103187561 21079
1751228462578 0.5429558753967285 21080
1751228463621 0.8884445428848267 21081
1751228464689 0.5497887134552002 21082
1751228465769 0.6295174956321716 21083
1751228467140 0.4045172929763794 21084
1751228468209 1.4996744394302368 21085
1751228469300 1.0321522951126099 21086
1751228470365 0.08156465739011765 21087
1751228471437 0.6622753143310547 21088
1751228472669 0.7117857336997986 21089
1751228473687 0.7820534706115723 21090
1751228474704 1.0511486530303955 21091
1751228475719 0.832856297492981 21092
1751228476804 0.7365008592605591 21093
1751228478091 0.24441833794116974 21094
1751228479115 0.4112437963485718 21095
1751228480227 0.7953557968139648 21096
1751228481323 1.0442184209823608 21097
1751228482209 0.899927020072937 21098
1751228483579 0.9376929402351379 21099
1751228484702 1.0355496406555176 21100
1751228485753 1.6484822034835815 21101
1751228486691 0.8679751753807068 21102
1751228488064 0.5916123390197754 21103
1751228489138 0.9909951686859131 21104
1751228490180 1.423404574394226 21105
1751228491250 1.1148303747177124 21106
1751228492332 0.731462836265564 21107
1751228493644 1.070746898651123 21108
1751228494730 0.9048229455947876 21109
1751228495789 0.6120586395263672 21110
1751228496935 0.4697856903076172 21111
1751228498001 1.571036696434021 21112
1751228499416 0.7405892610549927 21113
1751228500463 0.6585666537284851 21114
1751228501551 0.49509260058403015 21115
1751228502502 1.4956599473953247 21116
1751228503628 0.6797275543212891 21117
1751228504955 0.21351268887519836 21118
1751228505891 1.0787057876586914 21119
1751228506776 0.7152487635612488 21120
1751228507830 1.0773391723632812 21121
1751228508908 0.9607841372489929 21122
1751228510108 0.9012934565544128 21123
1751228511152 0.8270797729492188 21124
1751228512194 1.1331373453140259 21125
1751228513268 0.8095898032188416 21126
1751228514675 0.6798714995384216 21127
1751228515609 0.8304368257522583 21128
1751228516653 0.3081497550010681 21129
1751228517795 0.6516236662864685 21130
1751228518897 1.235451102256775 21131
1751228520201 0.8262239694595337 21132
1751228521305 0.6680392622947693 21133
1751228522383 0.807992160320282 21134
1751228523310 1.60384202003479 21135
1751228524443 1.2700248956680298 21136
1751228525814 1.0052708387374878 21137
1751228526871 0.6396297812461853 21138
1751228527965 0.8367067575454712 21139
1751228529040 1.1210862398147583 21140
1751228529975 0.7329707145690918 21141
1751228531250 0.6769803762435913 21142
1751228532297 1.0473977327346802 21143
1751228533381 0.9479159712791443 21144
1751228534525 0.7886430621147156 21145
1751228535571 0.6996974945068359 21146
1751228536884 1.7342065572738647 21147
1751228537972 0.7833144664764404 21148
1751228538912 0.9617619514465332 21149
1751228540022 0.047557283192873 21150
1751228541347 1.2534259557724 21151
1751228542415 0.2937258183956146 21152
1751228543491 0.9278331995010376 21153
1751228544609 0.6753808259963989 21154
1751228545652 1.0453691482543945 21155
1751228547036 0.7018267512321472 21156
1751228548161 0.8032078146934509 21157
1751228549268 0.7622856497764587 21158
1751228550330 0.7453397512435913 21159
1751228551436 0.67387455701828 21160
1751228552789 0.5288030505180359 21161
1751228553844 0.8760089874267578 21162
1751228554901 0.9001583456993103 21163
1751228555945 1.1829288005828857 21164
1751228556886 1.7409595251083374 21165
1751228558211 1.0425736904144287 21166
1751228559290 0.7830519080162048 21167
1751228560362 0.6981608867645264 21168
1751228561428 0.6962078809738159 21169
1751228562498 1.023282766342163 21170
1751228563783 0.6947007775306702 21171
1751228564667 0.8258605003356934 21172
1751228565775 0.5192407965660095 21173
1751228566838 1.3144376277923584 21174
1751228568068 0.9641355872154236 21175
1751228569096 1.2384960651397705 21176
1751228570112 0.7333948612213135 21177
1751228571132 0.7805780172348022 21178
1751228572154 1.0946791172027588 21179
1751228573439 0.7753201723098755 21180
1751228574390 1.0700403451919556 21181
1751228575453 1.2387341260910034 21182
1751228576547 1.448081374168396 21183
1751228577651 0.5400423407554626 21184
1751228578850 0.5744279623031616 21185
1751228579924 0.9417866468429565 21186
1751228580967 0.4020724892616272 21187
1751228582050 0.6003528833389282 21188
1751228583092 0.4572848379611969 21189
1751228584387 0.1899242401123047 21190
1751228585318 1.5724949836730957 21191
1751228586377 0.43969130516052246 21192
1751228587454 0.6348413228988647 21193
1751228588527 0.4190223217010498 21194
1751228589855 1.0230082273483276 21195
1751228590896 1.38949453830719 21196
1751228591999 0.7241410613059998 21197
1751228593163 0.9125078320503235 21198
1751228594608 0.5317538976669312 21199
1751228595607 0.8266116380691528 21200
1751228596693 0.484494686126709 21201
1751228597734 0.9412553906440735 21202
1751228598788 0.7613024711608887 21203
1751228600205 0.4554286599159241 21204
1751228601269 0.6323493123054504 21205
1751228602387 1.1904213428497314 21206
1751228603495 0.8798025250434875 21207
1751228604584 0.7384459376335144 21208
1751228605897 0.7485953569412231 21209
1751228606979 0.7626230716705322 21210
1751228608019 0.6834180951118469 21211
1751228609052 0.8771757483482361 21212
1751228610097 0.6937168836593628 21213
1751228611567 0.5563583374023438 21214
1751228612563 0.9285602569580078 21215
1751228613698 1.0127668380737305 21216
1751228614802 1.1774799823760986 21217
1751228615882 1.112642526626587 21218
1751228617171 1.0687189102172852 21219
1751228618275 0.47841134667396545 21220
1751228619329 0.766607403755188 21221
1751228620307 0.8981382250785828 21222
1751228621714 1.0671066045761108 21223
1751228622806 0.6363778710365295 21224
1751228623844 0.7840424180030823 21225
1751228624929 1.2315092086791992 21226
1751228626012 0.8268837332725525 21227
1751228627242 0.8509309887886047 21228
1751228628311 0.4308653771877289 21229
1751228629415 0.8156801462173462 21230
1751228630497 0.6094782948493958 21231
1751228631580 0.8985344171524048 21232
1751228632863 0.6958974003791809 21233
1751228633975 0.8507987856864929 21234
1751228635043 0.8463846445083618 21235
1751228636081 1.0305299758911133 21236
1751228637337 0.8708786368370056 21237
1751228638662 0.7382675409317017 21238
1751228639675 0.8226192593574524 21239
1751228640775 0.8323184847831726 21240
1751228641820 0.7285171747207642 21241
1751228643123 0.9775233268737793 21242
1751228644258 0.8613706827163696 21243
1751228645330 0.8995094299316406 21244
1751228646433 0.7386278510093689 21245
1751228647475 0.8722347021102905 21246
1751228648855 1.2382186651229858 21247
1751228649992 1.3567492961883545 21248
1751228651144 0.6646068096160889 21249
1751228652346 0.7425578236579895 21250
1751228653426 0.7327901124954224 21251
1751228654710 1.559454083442688 21252
1751228655800 0.3035024106502533 21253
1751228656901 1.0021591186523438 21254
1751228657969 0.48081469535827637 21255
1751228659075 1.1340914964675903 21256
1751228660395 0.763261616230011 21257
1751228661454 0.6582878232002258 21258
1751228662537 0.8659370541572571 21259
1751228663599 0.7604605555534363 21260
1751228664906 0.5593337416648865 21261
1751228665828 0.6920644044876099 21262
1751228666994 0.7967881560325623 21263
1751228668065 0.6485640406608582 21264
1751228669062 0.3056201934814453 21265
1751228670317 0.6523035168647766 21266
1751228671417 0.7260664701461792 21267
1751228672507 0.611532986164093 21268
1751228673485 0.8413459658622742 21269
1751228674566 0.6682940721511841 21270
1751228675906 0.6751507520675659 21271
1751228676845 0.7205271124839783 21272
1751228677945 0.7489920854568481 21273
1751228679009 0.31908249855041504 21274
1751228680104 0.7896549701690674 21275
1751228681422 0.3566702604293823 21276
1751228682488 0.5960013270378113 21277
1751228683523 1.239957571029663 21278
1751228684492 0.7702199220657349 21279
1751228685961 0.8964412212371826 21280
1751228687023 0.5487231612205505 21281
1751228688100 1.2573531866073608 21282
1751228689177 0.40388718247413635 21283
1751228690285 0.7318556904792786 21284
1751228691617 1.275253415107727 21285
1751228692642 0.7874516248703003 21286
1751228693671 0.6464076638221741 21287
1751228694721 1.0455745458602905 21288
1751228695758 0.9768586158752441 21289
1751228697162 1.8277587890625 21290
1751228698198 0.45781436562538147 21291
1751228699244 0.657879650592804 21292
1751228700316 0.8981504440307617 21293
1751228701460 0.7430557012557983 21294
1751228702803 0.6989749073982239 21295
1751228703864 0.7780977487564087 21296
1751228704830 0.8959967494010925 21297
1751228705954 0.574131429195404 21298
1751228707274 0.7413628101348877 21299
1751228708324 0.06463216990232468 21300
1751228709428 0.75540691614151 21301
1751228710511 0.578325092792511 21302
1751228711590 1.0429589748382568 21303
1751228712983 0.8907579779624939 21304
1751228714046 0.6465404629707336 21305
1751228715097 0.38965755701065063 21306
1751228716161 0.9752338528633118 21307
1751228717196 0.6854361891746521 21308
1751228718550 1.3334486484527588 21309
1751228719603 0.6927763223648071 21310
1751228720672 0.6185005307197571 21311
1751228721757 0.5705296397209167 21312
1751228722814 0.7768937945365906 21313
1751228724204 0.6459061503410339 21314
1751228725289 0.6821857690811157 21315
1751228726354 0.7406267523765564 21316
1751228727431 0.6117059588432312 21317
1751228728483 0.4067428410053253 21318
1751228729746 0.8091930747032166 21319
1751228730898 0.7169977426528931 21320
1751228731954 0.1138322725892067 21321
1751228733112 0.9536199569702148 21322
1751228734192 0.5905400514602661 21323
1751228735483 1.4043225049972534 21324
1751228736518 0.7186262011528015 21325
1751228737641 0.3752838969230652 21326
1751228738713 0.7441819906234741 21327
1751228740130 0.7537195086479187 21328
1751228741195 1.0198171138763428 21329
1751228742296 0.5793873071670532 21330
1751228743396 0.5173792243003845 21331
1751228744522 0.817273736000061 21332
1751228745869 0.730258584022522 21333
1751228746951 0.3880874812602997 21334
1751228748055 0.8378942608833313 21335
1751228749142 1.2265371084213257 21336
1751228750292 0.6262968182563782 21337
1751228751605 0.8123971223831177 21338
1751228752541 1.4991905689239502 21339
1751228753636 0.7996711134910583 21340
1751228754732 0.8791257739067078 21341
1751228755783 1.1502331495285034 21342
1751228757100 0.8150528073310852 21343
1751228758150 0.5920946002006531 21344
1751228759241 0.7802830934524536 21345
1751228760325 0.5507087111473083 21346
1751228761690 0.5667015314102173 21347
1751228762792 0.6675130128860474 21348
1751228763838 0.971574604511261 21349
1751228764887 0.6661693453788757 21350
1751228765947 0.8126267790794373 21351
1751228767163 1.3653351068496704 21352
1751228768202 0.7754305601119995 21353
1751228769250 0.7548627257347107 21354
1751228770167 0.6258543729782104 21355
1751228771299 0.6276060342788696 21356
1751228772386 2.6737000942230225 21357
1751228773476 0.7820250988006592 21358
1751228774598 0.4099678695201874 21359
1751228775550 0.9816450476646423 21360
1751228776665 0.4703499376773834 21361
1751228777937 0.7294097542762756 21362
1751228779049 0.670963704586029 21363
1751228780028 1.2580393552780151 21364
1751228781086 0.6747459769248962 21365
1751228782275 1.2979185581207275 21366
1751228783364 0.8218368887901306 21367
1751228784410 1.4622248411178589 21368
1751228785505 0.8298391699790955 21369
1751228786493 1.172620415687561 21370
1751228787829 0.5144445300102234 21371
1751228788944 1.2552751302719116 21372
1751228789892 2.681227445602417 21373
1751228790987 1.3141101598739624 21374
1751228792065 1.9140713214874268 21375
1751228793402 0.5056406855583191 21376
1751228794436 1.0275434255599976 21377
1751228795491 0.4661443829536438 21378
1751228796563 0.7757421731948853 21379
1751228797613 0.9365680813789368 21380
1751228798958 0.8140403032302856 21381
1751228799975 0.7625846266746521 21382
1751228801038 0.40109115839004517 21383
1751228802121 0.789190411567688 21384
1751228803183 0.8571426272392273 21385
1751228804588 0.7234060168266296 21386
1751228805481 1.111899733543396 21387
1751228806493 2.2295193672180176 21388
1751228807535 0.873151957988739 21389
1751228808838 0.6726206541061401 21390
1751228809787 0.5186833739280701 21391
1751228810899 0.6920162439346313 21392
1751228811958 0.8885567784309387 21393
1751228813038 1.1440037488937378 21394
1751228814340 0.25139716267585754 21395
1751228815484 0.6175856590270996 21396
1751228816597 0.7434617877006531 21397
1751228817681 0.49000784754753113 21398
1751228818770 0.8137641549110413 21399
1751228820146 0.5575525760650635 21400
1751228821264 0.7336578369140625 21401
1751228822321 0.8434455990791321 21402
1751228823362 0.94976806640625 21403
1751228824412 1.3113353252410889 21404
1751228825745 0.939269483089447 21405
1751228826886 0.6402963995933533 21406
1751228827941 0.7526016235351562 21407
1751228829077 1.094730019569397 21408
1751228830414 0.548479437828064 21409
1751228831467 0.5406569838523865 21410
1751228832383 0.8199059367179871 21411
1751228833458 0.41453230381011963 21412
1751228834400 1.0044145584106445 21413
1751228835742 0.7148234248161316 21414
1751228836784 0.759284496307373 21415
1751228837849 1.6099464893341064 21416
1751228838917 0.634937584400177 21417
1751228840038 0.9618098139762878 21418
1751228841324 0.6720672845840454 21419
1751228842405 2.1180570125579834 21420
1751228843490 0.22527159750461578 21421
1751228844377 0.5662102699279785 21422
1751228845687 0.45970478653907776 21423
1751228846718 0.3068898022174835 21424
1751228847823 0.05248301476240158 21425
1751228848898 0.6461527347564697 21426
1751228849944 0.7563990950584412 21427
1751228851230 0.1744137406349182 21428
1751228852261 0.9571892023086548 21429
1751228853312 0.9698519110679626 21430
1751228854420 1.02541184425354 21431
1751228855527 0.415335476398468 21432
1751228856839 1.2652240991592407 21433
1751228857911 0.7578321695327759 21434
1751228859044 0.5398309230804443 21435
1751228860104 0.8763738870620728 21436
1751228861200 0.4521542489528656 21437
1751228862506 1.7016839981079102 21438
1751228863489 0.675529420375824 21439
1751228864634 0.5693327784538269 21440
1751228865677 0.795057475566864 21441
1751228867212 1.3070529699325562 21442
1751228868331 0.8925148248672485 21443
1751228869444 1.5826992988586426 21444
1751228870483 1.2139931917190552 21445
1751228871517 0.7145738005638123 21446
1751228872893 0.8054936528205872 21447
1751228873962 0.7944449782371521 21448
1751228875013 0.48152658343315125 21449
1751228876077 0.39598697423934937 21450
1751228877189 0.8264455199241638 21451
1751228878508 0.540418267250061 21452
1751228879566 1.0510057210922241 21453
1751228880671 0.5294018387794495 21454
1751228881757 0.8596403002738953 21455
1751228883046 0.2772202491760254 21456
1751228884124 0.7073330879211426 21457
1751228885232 0.768319308757782 21458
1751228886203 0.8562407493591309 21459
1751228887304 2.156634569168091 21460
1751228888600 1.1271041631698608 21461
1751228889683 1.1957824230194092 21462
1751228890753 0.5410317182540894 21463
1751228891881 1.1000784635543823 21464
1751228892852 1.160447120666504 21465
1751228894128 5.184573650360107 21466
1751228895222 1.1913436651229858 21467
1751228896299 0.9301691055297852 21468
1751228897369 1.1340630054473877 21469
1751228898649 0.5917586088180542 21470
1751228899761 0.6018527150154114 21471
1751228900838 0.8292732834815979 21472
1751228901897 0.6488291025161743 21473
1751228902982 1.0037527084350586 21474
1751228904267 0.7604436278343201 21475
1751228905347 1.7696975469589233 21476
1751228906244 0.7164060473442078 21477
1751228907350 0.6037532687187195 21478
1751228908399 0.8563217520713806 21479
1751228909740 0.7721166014671326 21480
1751228910658 0.7564641237258911 21481
1751228911691 0.5315881371498108 21482
1751228912806 0.78465735912323 21483
1751228913836 0.6013205647468567 21484
1751228915221 1.1416884660720825 21485
1751228916278 0.9568397402763367 21486
1751228917348 0.22254809737205505 21487
1751228918443 0.4262901544570923 21488
1751228919743 0.9176874160766602 21489
1751228920774 0.7713724374771118 21490
1751228921832 0.6545287370681763 21491
1751228922874 0.29560714960098267 21492
1751228923950 0.9680683016777039 21493
1751228925141 0.9806281924247742 21494
1751228926217 0.9982061386108398 21495
1751228927338 0.672942042350769 21496
1751228928397 1.784819483757019 21497
1751228929539 0.867040753364563 21498
1751228930885 0.8959296345710754 21499
1751228931920 0.37227630615234375 21500
1751228932981 0.8767539858818054 21501
1751228934093 0.7614248394966125 21502
1751228935375 0.5487887263298035 21503
1751228936447 0.7228278517723083 21504
1751228937504 0.7739068865776062 21505
1751228938547 1.4034358263015747 21506
1751228939569 1.6685879230499268 21507
1751228940871 1.0331792831420898 21508
1751228941991 0.7821158766746521 21509
1751228943100 0.7729700803756714 21510
1751228944210 1.0977524518966675 21511
1751228945096 1.0841907262802124 21512
1751228946403 0.6171837449073792 21513
1751228947408 0.6763811707496643 21514
1751228948505 0.6388377547264099 21515
1751228949398 1.2822831869125366 21516
1751228950697 0.7343323826789856 21517
1751228951629 0.8648258447647095 21518
1751228952731 0.9699141383171082 21519
1751228953634 1.3221969604492188 21520
1751228954657 0.9812917113304138 21521
1751228955829 0.7059603929519653 21522
1751228956883 0.8019717931747437 21523
1751228957946 0.7876383066177368 21524
1751228959035 0.6706288456916809 21525
1751228960112 0.9993417859077454 21526
1751228961490 0.9826486706733704 21527
1751228962416 0.7733562588691711 21528
1751228963472 0.5511638522148132 21529
1751228964590 0.5261722803115845 21530
1751228965676 0.5741586089134216 21531
1751228967144 0.6562101244926453 21532
1751228968036 0.9040595889091492 21533
1751228969064 0.722942054271698 21534
1751228970172 1.2984637022018433 21535
1751228971486 0.7269222140312195 21536
1751228972617 0.5981504321098328 21537
1751228973700 1.1719375848770142 21538
1751228974838 2.160909652709961 21539
1751228975925 1.1290277242660522 21540
1751228977208 0.8694366812705994 21541
1751228978359 0.6054325103759766 21542
1751228979448 1.1346243619918823 21543
1751228980588 0.5991767048835754 21544
1751228981639 0.73697829246521 21545
1751228983064 2.07493257522583 21546
1751228984167 0.4946219027042389 21547
1751228985206 1.2567265033721924 21548
1751228986290 0.016480300575494766 21549
1751228987587 0.704099178314209 21550
1751228988697 0.6064218878746033 21551
1751228989798 0.6783908009529114 21552
1751228990936 1.052158236503601 21553
1751228992047 0.8641256093978882 21554
1751228993380 0.8178371787071228 21555
1751228994448 0.8906499147415161 21556
1751228995495 0.8790203332901001 21557
1751228996541 0.6873334050178528 21558
1751228997934 0.9077109098434448 21559
1751228998911 0.6397282481193542 21560
1751229000008 0.46746036410331726 21561
1751229001086 0.5201978087425232 21562
1751229002140 0.7068819403648376 21563
1751229003452 0.8110257983207703 21564
1751229004530 0.8618343472480774 21565
1751229005578 0.982839047908783 21566
1751229006670 0.6896131634712219 21567
1751229007776 1.2897475957870483 21568
1751229009056 1.0878578424453735 21569
1751229010090 0.8907090425491333 21570
1751229011180 0.7848437428474426 21571
1751229012243 0.6606786847114563 21572
1751229013571 0.6231980323791504 21573
1751229014659 1.191296100616455 21574
1751229015759 0.8737574219703674 21575
1751229016672 0.41289418935775757 21576
1751229017727 1.0496420860290527 21577
1751229019045 0.9926398396492004 21578
1751229020057 0.5537008047103882 21579
1751229021104 0.9773626327514648 21580
1751229022118 0.6013903021812439 21581
1751229023180 1.4664225578308105 21582
1751229024477 0.4355362355709076 21583
1751229025581 1.6734856367111206 21584
1751229026676 0.638476550579071 21585
1751229027777 0.499472439289093 21586
1751229029140 0.576251208782196 21587
1751229030182 0.6875991821289062 21588
1751229031233 0.7512984871864319 21589
1751229032284 0.6844769716262817 21590
1751229033392 0.805310845375061 21591
1751229034767 1.2714614868164062 21592
1751229035820 0.7672783732414246 21593
1751229036892 0.5845715999603271 21594
1751229038011 0.6777495741844177 21595
1751229039096 0.5043703317642212 21596
1751229040372 0.685459554195404 21597
1751229041452 1.3229789733886719 21598
1751229042505 0.9972924590110779 21599
1751229043570 0.6575890183448792 21600
1751229095490 0.15917150676250458 21601
1751229096833 0.489441841840744 21602
1751229097920 0.7917505502700806 21603
1751229099046 0.5438902378082275 21604
1751229100132 1.0766743421554565 21605
1751229101455 1.3171569108963013 21606
1751229102544 0.6748421788215637 21607
1751229103646 0.5447989702224731 21608
1751229104583 1.2971031665802002 21609
1751229105747 0.9006827473640442 21610
1751229107079 0.9429587721824646 21611
1751229108216 0.6645458340644836 21612
1751229109288 0.8995375633239746 21613
1751229110356 0.8044279217720032 21614
1751229111459 0.49164673686027527 21615
1751229112819 0.7334091663360596 21616
1751229113893 0.4914248585700989 21617
1751229114989 1.281406283378601 21618
1751229116079 0.6889848113059998 21619
1751229117397 0.708423376083374 21620
1751229118444 1.035858392715454 21621
1751229119484 0.7381893396377563 21622
1751229120548 0.7029758095741272 21623
1751229121642 0.8437366485595703 21624
1751229122941 0.6952177882194519 21625
1751229124038 0.7482859492301941 21626
1751229125176 1.8086165189743042 21627
1751229126300 0.5480732917785645 21628
1751229127359 0.7804600596427917 21629
1751229128631 1.1366276741027832 21630
1751229129678 0.970894455909729 21631
1751229130710 0.9225441217422485 21632
1751229131735 0.7229874730110168 21633
1751229133023 0.6252781748771667 21634
1751229134154 0.882074773311615 21635
1751229135213 0.907450795173645 21636
1751229136292 0.8726403117179871 21637
1751229137227 0.7898673415184021 21638
1751229138583 0.7242572903633118 21639
1751229139656 0.8211321830749512 21640
1751229140703 0.424679696559906 21641
1751229141731 0.6427240967750549 21642
1751229142636 0.6466049551963806 21643
1751229144004 0.9476794600486755 21644
1751229145094 0.8173887133598328 21645
1751229146131 1.4498686790466309 21646
1751229147178 0.7736662030220032 21647
1751229148518 1.0059614181518555 21648
1751229149627 1.209144949913025 21649
1751229150724 1.2485419511795044 21650
1751229151784 0.702957808971405 21651
1751229152851 0.6398233771324158 21652
1751229154270 1.066364049911499 21653
1751229155372 0.7894504070281982 21654
1751229156478 0.8459011316299438 21655
1751229157434 0.5440532565116882 21656
1751229158549 0.8340504765510559 21657
1751229159890 0.690080463886261 21658
1751229160937 0.762811005115509 21659
1751229162021 0.9583907127380371 21660
1751229163094 0.9688865542411804 21661
1751229164152 0.7391796708106995 21662
1751229165495 0.8366113901138306 21663
1751229166570 0.6097010374069214 21664
1751229167708 0.9600719809532166 21665
1751229168644 0.333001047372818 21666
1751229169998 0.4695480465888977 21667
1751229171033 0.6376674175262451 21668
1751229172099 0.8349496722221375 21669
1751229173227 0.8184875845909119 21670
1751229174319 0.9061536192893982 21671
1751229175730 0.8767166137695312 21672
1751229176650 1.7869595289230347 21673
1751229177694 1.2817747592926025 21674
1751229178759 0.7935214042663574 21675
1751229179776 0.5644251108169556 21676
1751229181179 0.7913744449615479 21677
1751229182127 0.8163790106773376 21678
1751229183186 0.47951778769493103 21679
1751229184262 1.4783198833465576 21680
1751229185566 0.7744870185852051 21681
1751229186678 0.8421739339828491 21682
1751229187761 0.442648708820343 21683
1751229188885 1.1363025903701782 21684
1751229190002 0.758316695690155 21685
1751229191359 0.8365856409072876 21686
1751229192490 1.004799485206604 21687
1751229193550 1.0569556951522827 21688
1751229194618 0.9471144080162048 21689
1751229195770 1.1415539979934692 21690
1751229197216 0.675733208656311 21691
1751229198168 1.0512892007827759 21692
1751229199279 0.6138684749603271 21693
1751229200389 0.72064208984375 21694
1751229201442 0.9869629144668579 21695
1751229202713 0.3427918553352356 21696
1751229203696 0.17216867208480835 21697
1751229204822 0.5184359550476074 21698
1751229205895 1.8733844757080078 21699
1751229207235 1.8958109617233276 21700
1751229208314 0.7798700928688049 21701
1751229209425 0.5605039000511169 21702
1751229210496 0.6490947008132935 21703
1751229211544 0.7722721695899963 21704
1751229212827 0.6885563135147095 21705
1751229213947 0.4193865954875946 21706
1751229215027 0.5992239117622375 21707
1751229216097 0.5624614953994751 21708
1751229217233 0.6567325592041016 21709
1751229218604 1.5610570907592773 21710
1751229219708 0.7826947569847107 21711
1751229220769 0.852401077747345 21712
1751229221888 0.9353966116905212 21713
1751229223286 0.7611090540885925 21714
1751229224330 0.666087806224823 21715
1751229225476 0.6782817244529724 21716
1751229226563 0.6190198659896851 21717
1751229227679 0.9332686066627502 21718
1751229229039 0.7672054171562195 21719
1751229230086 0.6365150809288025 21720
1751229231154 0.6105589866638184 21721
1751229232273 0.602627158164978 21722
1751229233150 0.6164209842681885 21723
1751229234505 0.5342687964439392 21724
1751229235521 0.4070165157318115 21725
1751229236601 0.8658459782600403 21726
1751229237795 1.052890419960022 21727
1751229239115 1.6894177198410034 21728
1751229240509 0.46761074662208557 21729
1751229241615 0.7251970171928406 21730
1751229242755 0.7241235375404358 21731
1751229243688 1.058082938194275 21732
1751229245006 0.14009195566177368 21733
1751229246085 0.553887665271759 21734
1751229247198 0.4902362823486328 21735
1751229248339 0.8066426515579224 21736
1751229249439 0.5779998898506165 21737
1751229250897 0.6387752890586853 21738
1751229251948 0.5456627011299133 21739
1751229253025 0.5643171668052673 21740
1751229254142 0.6644719243049622 21741
1751229255105 0.7429766058921814 21742
1751229256398 0.6262026429176331 21743
1751229257470 0.574539840221405 21744
1751229258445 0.8942238092422485 21745
1751229259575 1.4896587133407593 21746
1751229260922 0.6870296001434326 21747
1751229261986 0.7116581797599792 21748
1751229263177 0.5665571093559265 21749
1751229264257 1.046202301979065 21750
1751229265160 0.9724449515342712 21751
1751229266486 1.0256891250610352 21752
1751229267641 1.0008372068405151 21753
1751229268688 1.1163440942764282 21754
1751229269761 0.5338457226753235 21755
1751229270873 0.4816884696483612 21756
1751229272271 0.49381837248802185 21757
1751229273355 0.7264155745506287 21758
1751229274470 0.6839770674705505 21759
1751229275548 0.2812974750995636 21760
1751229276910 0.8799935579299927 21761
1751229277959 0.6279420256614685 21762
1751229279051 0.8691100478172302 21763
1751229280094 1.4451788663864136 21764
1751229281180 0.572053849697113 21765
1751229282494 1.2608097791671753 21766
1751229283598 0.6924945116043091 21767
1751229284520 1.085963249206543 21768
1751229285605 1.013100504875183 21769
1751229286526 3.136068105697632 21770
1751229287839 0.6465829014778137 21771
1751229288917 1.001869559288025 21772
1751229289983 0.986858069896698 21773
1751229291103 1.7014578580856323 21774
1751229292388 0.9372202754020691 21775
1751229293517 0.6221106052398682 21776
1751229294616 1.8447192907333374 21777
1751229295650 1.0805580615997314 21778
1751229296688 0.6741473078727722 21779
1751229298031 0.6194002628326416 21780
1751229299125 1.3827558755874634 21781
1751229300224 0.7315613031387329 21782
1751229301159 0.3151324987411499 21783
1751229302264 1.0003435611724854 21784
1751229303621 0.6830741763114929 21785
1751229304647 0.35884320735931396 21786
1751229305619 3.0171751976013184 21787
1751229306708 0.8535617589950562 21788
1751229307967 0.9507880210876465 21789
1751229309029 0.795964777469635 21790
1751229310159 1.8299267292022705 21791
1751229311218 0.6035054326057434 21792
1751229312265 0.7530046105384827 21793
1751229313601 0.9481068849563599 21794
1751229314505 0.9831033945083618 21795
1751229315606 0.6912723779678345 21796
1751229316545 0.9159929156303406 21797
1751229317616 0.6169496774673462 21798
1751229318936 0.64840167760849 21799
1751229320013 0.6765176653862 21800
1751229321067 1.1058177947998047 21801
1751229322087 0.6775161623954773 21802
1751229323377 0.5397686958312988 21803
1751229324280 1.1294593811035156 21804
1751229325395 0.964695930480957 21805
1751229326422 0.8590821623802185 21806
1751229327328 1.1865098476409912 21807
1751229328527 0.8888999223709106 21808
1751229329614 0.8109108209609985 21809
1751229330685 0.6330498456954956 21810
1751229331749 1.0867420434951782 21811
1751229332828 0.10122575610876083 21812
1751229334182 0.6470844149589539 21813
1751229335219 0.2503426969051361 21814
1751229336241 1.019011378288269 21815
1751229337261 0.8975376486778259 21816
1751229338646 0.733627438545227 21817
1751229339701 0.7359575629234314 21818
1751229340756 0.9113131761550903 21819
1751229341844 0.6697465777397156 21820
1751229342925 0.8208315968513489 21821
1751229344321 0.845356285572052 21822
1751229345407 0.27457383275032043 21823
1751229346297 0.9215566515922546 21824
1751229347361 0.9488224387168884 21825
1751229348667 0.6236328482627869 21826
1751229349721 0.4962123930454254 21827
1751229350811 0.5860912203788757 21828
1751229351919 0.7179655432701111 21829
1751229352989 0.7465473413467407 21830
1751229354279 0.2978268265724182 21831
1751229355380 0.5952796339988708 21832
1751229356463 0.17323945462703705 21833
1751229357577 0.5984486937522888 21834
1751229358633 0.7915772795677185 21835
1751229359925 0.7595148086547852 21836
1751229361020 0.945645809173584 21837
1751229362094 0.6282479166984558 21838
1751229363186 1.3453441858291626 21839
1751229364569 0.2656552493572235 21840
1751229365659 0.6892989873886108 21841
1751229366721 0.8822256922721863 21842
1751229367753 1.2619924545288086 21843
1751229368867 0.8559854030609131 21844
1751229370205 0.4758133888244629 21845
1751229371318 0.8059986233711243 21846
1751229372381 0.9622125029563904 21847
1751229373508 0.5610779523849487 21848
1751229374850 0.5490564107894897 21849
1751229375910 0.6405519843101501 21850
1751229377006 0.7005538940429688 21851
1751229378051 0.5056164860725403 21852
1751229379086 0.93282550573349 21853
1751229380439 1.265725016593933 21854
1751229381470 1.1264244318008423 21855
1751229382501 0.8305712938308716 21856
1751229383589 0.7527691125869751 21857
1751229384672 0.6627762913703918 21858
1751229386017 0.6311541795730591 21859
1751229387094 0.8826746940612793 21860
1751229388149 0.5642326474189758 21861
1751229389253 0.8420560956001282 21862
1751229390620 0.4165197014808655 21863
1751229391702 0.7764738202095032 21864
1751229392734 0.7680043578147888 21865
1751229393878 1.2695269584655762 21866
1751229394917 0.8551197052001953 21867
1751229396291 0.581024706363678 21868
1751229397369 0.7596882581710815 21869
1751229398428 0.8164586424827576 21870
1751229399532 0.9871862530708313 21871
1751229400824 1.0136936902999878 21872
1751229401954 0.8853458762168884 21873
1751229402871 0.967941403388977 21874
1751229403907 0.6193631291389465 21875
1751229404946 0.8351435661315918 21876
1751229406226 0.7196066975593567 21877
1751229407261 0.9081233143806458 21878
1751229408452 0.7648186087608337 21879
1751229409536 0.3130544424057007 21880
1751229410918 0.3168022334575653 21881
1751229411946 1.2041447162628174 21882
1751229412990 0.6089109778404236 21883
1751229414040 0.8856912851333618 21884
1751229415086 0.528224527835846 21885
1751229416414 0.7530800104141235 21886
1751229417582 0.45771777629852295 21887
1751229418702 1.5702593326568604 21888
1751229419617 0.9369192123413086 21889
1751229420682 0.5826945304870605 21890
1751229422010 0.41178837418556213 21891
1751229423100 0.7525128126144409 21892
1751229424166 0.9138372540473938 21893
1751229425299 0.5974225401878357 21894
1751229426351 0.9425454139709473 21895
1751229427750 0.7526142001152039 21896
1751229428771 0.5990095138549805 21897
1751229429848 0.666161060333252 21898
1751229430941 0.7888297438621521 21899
1751229432247 1.2887804508209229 21900
1751229433344 1.2902873754501343 21901
1751229434398 0.9448575973510742 21902
1751229435500 0.5594822764396667 21903
1751229436416 0.9429060816764832 21904
1751229437777 0.630464494228363 21905
1751229438844 0.5992511510848999 21906
1751229439970 0.6104616522789001 21907
1751229441078 0.8429579734802246 21908
1751229442385 1.0649980306625366 21909
1751229443439 0.6069695949554443 21910
1751229444512 0.7002897262573242 21911
1751229445602 0.9609664082527161 21912
1751229446658 0.8435283899307251 21913
1751229447952 1.0498443841934204 21914
1751229448976 0.6401234865188599 21915
1751229450010 0.5284066796302795 21916
1751229451045 1.0041656494140625 21917
1751229452091 0.6663446426391602 21918
1751229453361 1.283987283706665 21919
1751229454405 1.6571136713027954 21920
1751229455315 0.7961986660957336 21921
1751229456577 1.1050838232040405 21922
1751229458144 0.8727267384529114 21923
1751229459595 0.8552161455154419 21924
1751229460870 0.8984219431877136 21925
1751229462138 0.6003097891807556 21926
1751229463342 0.533446729183197 21927
1751229464771 0.9215639233589172 21928
1751229465879 1.0385026931762695 21929
1751229466934 0.517419159412384 21930
1751229468054 1.3996222019195557 21931
1751229469127 0.7144746780395508 21932
1751229470561 0.8206796646118164 21933
1751229471657 1.1606720685958862 21934
1751229472834 0.6230431795120239 21935
1751229474057 0.6671382784843445 21936
1751229475387 0.9266698956489563 21937
1751229476410 1.0121554136276245 21938
1751229477516 0.90951007604599 21939
1751229478577 0.9002060294151306 21940
1751229479681 0.9710028767585754 21941
1751229481015 0.954502284526825 21942
1751229482142 1.9848159551620483 21943
1751229483226 0.8350910544395447 21944
1751229484271 0.6563208699226379 21945
1751229485563 0.784208357334137 21946
1751229486479 0.7955396175384521 21947
1751229487588 1.0835853815078735 21948
1751229488729 0.608083188533783 21949
1751229489807 0.2197224497795105 21950
1751229491176 0.46244218945503235 21951
1751229492352 0.603622317314148 21952
1751229493426 0.7461321949958801 21953
1751229494529 0.6778795123100281 21954
1751229495599 1.1590272188186646 21955
1751229496966 0.7748798727989197 21956
1751229498065 0.642920196056366 21957
1751229499164 1.0090841054916382 21958
1751229500254 0.9002489447593689 21959
1751229501561 0.5992475152015686 21960
1751229502644 0.9916618466377258 21961
1751229503761 0.749625027179718 21962
1751229504877 0.7581692934036255 21963
1751229505946 0.746929943561554 21964
1751229507301 0.6272541880607605 21965
1751229508240 0.8380979895591736 21966
1751229509372 1.2361887693405151 21967
1751229510477 1.190264105796814 21968
1751229511838 0.9340876936912537 21969
1751229512926 1.7050926685333252 21970
1751229513986 0.693979024887085 21971
1751229515074 0.5344447493553162 21972
1751229516162 0.9539644718170166 21973
1751229517490 0.9842987060546875 21974
1751229518583 0.5731458067893982 21975
1751229519710 0.5968205332756042 21976
1751229520846 0.570862889289856 21977
1751229522147 0.5520298480987549 21978
1751229523264 0.5756545066833496 21979
1751229524360 0.5619759559631348 21980
1751229525486 0.08205682784318924 21981
1751229526558 0.6967722177505493 21982
1751229527766 1.1336588859558105 21983
1751229528865 0.9448881149291992 21984
1751229529845 1.750810980796814 21985
1751229530919 0.9059455990791321 21986
1751229532009 0.8692013621330261 21987
1751229533357 0.618781328201294 21988
1751229534444 0.8960838317871094 21989
1751229535669 1.088054895401001 21990
1751229536761 1.4500702619552612 21991
1751229538101 1.1206367015838623 21992
1751229539262 0.5076660513877869 21993
1751229540374 1.464540719985962 21994
1751229541487 1.0640995502471924 21995
1751229542575 0.5455611348152161 21996
1751229543882 1.0624971389770508 21997
1751229544995 0.7391365170478821 21998
1751229546104 0.8979368209838867 21999
1751229547195 1.0751739740371704 22000
1751229548434 0.7100595831871033 22001
1751229549786 0.9958166480064392 22002
1751229550917 0.761651873588562 22003
1751229551956 0.6828581690788269 22004
1751229553003 0.7868853807449341 22005
1751229554406 0.7266273498535156 22006
1751229555468 0.7769036293029785 22007
1751229556549 0.9681407809257507 22008
1751229557657 0.5853975415229797 22009
1751229558758 0.985053539276123 22010
1751229560098 0.8579540252685547 22011
1751229561155 0.9688405990600586 22012
1751229562275 0.5735380053520203 22013
1751229563362 0.9496359825134277 22014
1751229564670 0.8166627883911133 22015
1751229565734 0.9044908881187439 22016
1751229566863 0.8809528350830078 22017
1751229567936 0.6309680342674255 22018
1751229568867 0.7122902870178223 22019
1751229570206 0.6914281249046326 22020
1751229571313 0.7479298710823059 22021
1751229572394 0.7784639596939087 22022
1751229573443 0.6338590979576111 22023
1751229574471 1.0713266134262085 22024
1751229575887 0.8782748579978943 22025
1751229576954 0.6630546450614929 22026
1751229577874 0.9645978212356567 22027
1751229579027 0.8259047865867615 22028
1751229580416 1.1760815382003784 22029
1751229581490 0.9174791574478149 22030
1751229582537 0.6343727111816406 22031
1751229583650 0.7090502977371216 22032
1751229584740 0.694808840751648 22033
1751229585905 0.6784191131591797 22034
1751229586991 1.2240394353866577 22035
1751229588059 0.3950605094432831 22036
1751229589180 0.599888026714325 22037
1751229590475 0.8430891036987305 22038
1751229591565 0.6420506238937378 22039
1751229592655 1.1818840503692627 22040
1751229593680 0.8859243392944336 22041
1751229594593 0.5957231521606445 22042
1751229595809 0.3119998574256897 22043
1751229596839 0.6484612226486206 22044
1751229597877 0.7590473294258118 22045
1751229598927 0.6132597327232361 22046
1751229599994 0.17155179381370544 22047
1751229601194 1.2497310638427734 22048
1751229602273 0.9057713747024536 22049
1751229603377 0.5975853800773621 22050
1751229604445 0.5772104263305664 22051
1751229605769 0.8009010553359985 22052
1751229606793 0.9472751021385193 22053
1751229607829 0.6617996096611023 22054
1751229608885 0.7940112948417664 22055
1751229609940 0.6025692820549011 22056
1751229611275 0.9865550398826599 22057
1751229612355 0.6327211856842041 22058
1751229613513 0.6864811778068542 22059
1751229614585 0.7465537786483765 22060
1751229615925 0.6276676058769226 22061
1751229616992 0.8694083094596863 22062
1751229618090 0.9546486139297485 22063
1751229619142 0.558006227016449 22064
1751229620191 1.1082419157028198 22065
1751229621585 0.7027628421783447 22066
1751229622499 3.3576130867004395 22067
1751229623586 0.6717047095298767 22068
1751229624761 0.8302467465400696 22069
1751229625841 0.5057436227798462 22070
1751229627144 0.9330694079399109 22071
1751229628257 0.5969045162200928 22072
1751229629344 0.6711556315422058 22073
1751229630378 3.22577166557312 22074
1751229631676 0.7280715703964233 22075
1751229632815 0.6898820996284485 22076
1751229633905 0.9079849123954773 22077
1751229635015 0.6145058870315552 22078
1751229636124 0.667705237865448 22079
1751229637505 0.7054240107536316 22080
1751229638647 0.2794119715690613 22081
1751229639794 1.2203388214111328 22082
1751229640924 0.29816171526908875 22083
1751229642021 0.40559712052345276 22084
1751229643350 0.7737418413162231 22085
1751229644538 1.0541390180587769 22086
1751229645632 0.898425817489624 22087
1751229646561 0.840960681438446 22088
1751229647934 0.9551693201065063 22089
1751229648889 2.093639850616455 22090
1751229649995 0.7098872065544128 22091
1751229651050 1.1621379852294922 22092
1751229652135 0.9064725637435913 22093
1751229653596 1.6096597909927368 22094
1751229654690 0.8332594037055969 22095
1751229655783 0.9660061001777649 22096
1751229656821 1.3178437948226929 22097
1751229658046 1.846901774406433 22098
1751229659143 1.103322982788086 22099
1751229660257 0.8773506283760071 22100
1751229661176 1.5685453414916992 22101
1751229662281 0.5717964768409729 22102
1751229663747 0.7866648435592651 22103
1751229664824 0.6038659811019897 22104
1751229665877 0.5789572596549988 22105
1751229666934 0.6202040910720825 22106
1751229667889 1.32919180393219 22107
1751229669206 0.6398934721946716 22108
1751229670302 0.6732959151268005 22109
1751229671361 0.5968450903892517 22110
1751229672465 0.150284543633461 22111
1751229673780 0.7343626022338867 22112
1751229674888 0.6341378688812256 22113
1751229676056 0.8454777598381042 22114
1751229677166 0.8611168265342712 22115
1751229678247 1.0337237119674683 22116
1751229679600 0.5163182020187378 22117
1751229680677 0.8186193704605103 22118
1751229681740 0.8409109115600586 22119
1751229682831 0.5411390662193298 22120
1751229684157 1.1496742963790894 22121
1751229685240 0.5848705768585205 22122
1751229686330 1.029179573059082 22123
1751229687415 0.4136250913143158 22124
1751229688478 0.6183509230613708 22125
1751229689964 1.9487932920455933 22126
1751229691028 0.3186873197555542 22127
1751229692191 0.9413688778877258 22128
1751229693273 0.5041689872741699 22129
1751229694459 1.1911463737487793 22130
1751229695548 0.9855911135673523 22131
1751229696600 0.7223135232925415 22132
1751229697692 2.9056127071380615 22133
1751229698782 1.3712798357009888 22134
1751229700056 0.6585758328437805 22135
1751229701187 0.44484150409698486 22136
1751229702139 0.7849337458610535 22137
1751229703220 0.6242637634277344 22138
1751229704536 0.8171283602714539 22139
1751229705626 0.6720576882362366 22140
1751229706702 0.8490276336669922 22141
1751229707740 0.8071956038475037 22142
1751229708682 2.061016082763672 22143
1751229710012 0.2820529043674469 22144
1751229711073 1.1672914028167725 22145
1751229712171 0.9027512669563293 22146
1751229713226 0.7750667929649353 22147
1751229714274 0.3494066298007965 22148
1751229715392 0.9173489809036255 22149
1751229716519 0.9245724081993103 22150
1751229717558 0.6600513458251953 22151
1751229718613 0.7609195709228516 22152
1751229719892 1.0498977899551392 22153
1751229721029 1.3797823190689087 22154
1751229722116 0.8692179918289185 22155
1751229723197 0.9905085563659668 22156
1751229724236 0.8987568020820618 22157
1751229725518 1.383687138557434 22158
1751229726458 0.7463096380233765 22159
1751229727534 0.738048255443573 22160
1751229728580 1.1870685815811157 22161
1751229729932 0.6968523859977722 22162
1751229731025 0.9290615320205688 22163
1751229732092 0.6329161524772644 22164
1751229733237 1.1350210905075073 22165
1751229734565 0.6050186157226562 22166
1751229735639 1.4558560848236084 22167
1751229736692 1.003641963005066 22168
1751229737847 1.022150993347168 22169
1751229738927 0.2833781838417053 22170
1751229740258 0.5559205412864685 22171
1751229741314 0.7903438806533813 22172
1751229742363 0.5905222296714783 22173
1751229743450 1.4236611127853394 22174
1751229744508 1.3127118349075317 22175
1751229745853 0.7922478914260864 22176
1751229746890 0.596096932888031 22177
1751229747795 0.7309514284133911 22178
1751229748883 0.890620231628418 22179
1751229750236 1.1836981773376465 22180
1751229751371 0.5494653582572937 22181
1751229752452 0.4621966481208801 22182
1751229753559 0.2833594083786011 22183
1751229754673 0.6657114028930664 22184
1751229756097 0.7790535092353821 22185
1751229757218 0.923494815826416 22186
1751229758291 0.7394149303436279 22187
1751229759381 1.8115873336791992 22188
1751229760736 1.0206515789031982 22189
1751229761845 0.06124860793352127 22190
1751229762910 1.126820683479309 22191
1751229763842 0.5031811594963074 22192
1751229764904 0.8888482451438904 22193
1751229766207 0.7147650122642517 22194
1751229767279 1.3238316774368286 22195
1751229768335 1.1555662155151367 22196
1751229769398 0.6332112550735474 22197
1751229770716 0.6658723950386047 22198
1751229771816 0.6308760046958923 22199
1751229772908 0.9931545257568359 22200
1751229773830 0.6667601466178894 22201
1751229774918 1.3211479187011719 22202
1751229776296 0.6155332922935486 22203
1751229777398 0.7950767874717712 22204
1751229778449 0.7520078420639038 22205
1751229779491 0.24076975882053375 22206
1751229780548 0.6677667498588562 22207
1751229781859 0.7649979591369629 22208
1751229782863 1.898163080215454 22209
1751229783954 1.1780134439468384 22210
1751229785053 0.819187343120575 22211
1751229786386 1.8374099731445312 22212
1751229787295 0.7056002020835876 22213
1751229788369 0.5769170522689819 22214
1751229789413 1.5336726903915405 22215
1751229790491 0.7415657639503479 22216
1751229791817 1.3576560020446777 22217
1751229792846 0.24203677475452423 22218
1751229793942 0.7083964347839355 22219
1751229795090 0.621682345867157 22220
1751229796411 1.1082051992416382 22221
1751229797512 1.0415138006210327 22222
1751229798569 0.6333829164505005 22223
1751229799727 1.4266741275787354 22224
1751229801060 0.8610712289810181 22225
1751229802095 0.5972834229469299 22226
1751229803132 1.0435576438903809 22227
1751229804185 0.8720273375511169 22228
1751229805249 0.6916616559028625 22229
1751229806557 0.750734806060791 22230
1751229807662 1.742669701576233 22231
1751229808740 0.7063298225402832 22232
1751229809829 1.0959447622299194 22233
1751229810923 0.7612347602844238 22234
1751229812269 1.0327509641647339 22235
1751229813317 0.7837539315223694 22236
1751229814394 0.8990774154663086 22237
1751229815453 1.2510673999786377 22238
1751229816739 0.07945741713047028 22239
1751229817773 0.3417852818965912 22240
1751229818696 2.174755096435547 22241
1751229819731 1.0833011865615845 22242
1751229820808 0.4824782609939575 22243
1751229822232 0.776639461517334 22244
1751229823288 0.780711829662323 22245
1751229824322 1.261804223060608 22246
1751229825367 0.8794390559196472 22247
1751229826757 0.9755467772483826 22248
1751229827845 0.9197576642036438 22249
1751229828774 1.016330361366272 22250
1751229829878 0.2220669835805893 22251
1751229831316 0.12378814816474915 22252
1751229832393 0.9028028845787048 22253
1751229833444 0.9983169436454773 22254
1751229834525 0.5884856581687927 22255
1751229835595 1.3349138498306274 22256
1751229836879 1.2495521306991577 22257
1751229837936 0.510640561580658 22258
1751229838993 1.709486961364746 22259
1751229840146 0.7747144103050232 22260
1751229841217 0.7120162844657898 22261
1751229842640 0.8577936291694641 22262
1751229843627 0.617544949054718 22263
1751229844731 1.1636704206466675 22264
1751229845891 0.8639001846313477 22265
1751229847209 0.671303927898407 22266
1751229848279 0.4655451774597168 22267
1751229849377 0.5174601078033447 22268
1751229850481 1.4702647924423218 22269
1751229851538 1.838755488395691 22270
1751229852637 1.1209561824798584 22271
1751229853717 0.40446630120277405 22272
1751229854798 1.0219436883926392 22273
1751229855889 0.9598011374473572 22274
1751229857211 0.9415327906608582 22275
1751229858118 0.8362255096435547 22276
1751229859199 0.7430719137191772 22277
1751229860282 0.6508892178535461 22278
1751229861345 1.0379303693771362 22279
1751229862686 0.47088614106178284 22280
1751229863735 1.5227941274642944 22281
1751229864784 0.3011589050292969 22282
1751229865682 1.7738369703292847 22283
1751229866768 0.779213547706604 22284
1751229867951 1.5389384031295776 22285
1751229868908 1.2518237829208374 22286
1751229869978 0.8787248730659485 22287
1751229871053 0.7714581489562988 22288
1751229872363 1.195487141609192 22289
1751229873493 0.8875978589057922 22290
1751229874389 0.9069538116455078 22291
1751229875421 0.7625463604927063 22292
1751229876755 1.0110300779342651 22293
1751229877811 0.7642016410827637 22294
1751229878908 1.3823192119598389 22295
1751229879887 1.0208770036697388 22296
1751229881000 1.0117584466934204 22297
1751229882321 0.7146492600440979 22298
1751229883361 0.6826343536376953 22299
1751229884326 0.8497130274772644 22300
1751229885402 0.599870502948761 22301
1751229886398 0.8470273017883301 22302
1751229887576 1.247230887413025 22303
1751229888560 1.3510966300964355 22304
1751229889648 0.9917657971382141 22305
1751229890761 0.7503536343574524 22306
1751229892084 0.9492602348327637 22307
1751229893120 0.5924800038337708 22308
1751229894154 0.7060289978981018 22309
1751229895085 1.5023454427719116 22310
1751229896125 0.5390852093696594 22311
1751229897259 1.2811222076416016 22312
1751229898290 0.6871126294136047 22313
1751229899200 1.486202597618103 22314
1751229900305 1.1500719785690308 22315
1751229901634 0.5150750875473022 22316
1751229902730 0.6497815251350403 22317
1751229903747 0.8096052408218384 22318
1751229904779 0.7587863206863403 22319
1751229905815 1.1698181629180908 22320
1751229907089 1.701511263847351 22321
1751229908128 0.29217952489852905 22322
1751229909273 0.7925916910171509 22323
1751229910231 1.1568583250045776 22324
1751229911574 0.9601726531982422 22325
1751229912634 0.9969016909599304 22326
1751229913739 0.5191864967346191 22327
1751229914823 0.4242997169494629 22328
1751229915901 0.742468535900116 22329
1751229917070 1.4131029844284058 22330
1751229918140 0.7811939120292664 22331
1751229919225 1.2292068004608154 22332
1751229920326 0.5799859762191772 22333
1751229921567 0.9739019274711609 22334
1751229922503 0.5404602885246277 22335
1751229923586 0.7154340147972107 22336
1751229924542 1.1722387075424194 22337
1751229925607 0.5356873869895935 22338
1751229926932 1.0115959644317627 22339
1751229928047 0.5641882419586182 22340
1751229929090 0.6901326179504395 22341
1751229930153 0.7699570059776306 22342
1751229931455 0.6734650731086731 22343
1751229932361 0.9082450866699219 22344
1751229933435 0.3956971764564514 22345
1751229934596 0.5942005515098572 22346
1751229935658 0.8354015350341797 22347
1751229936998 0.5508232712745667 22348
1751229937991 2.388934850692749 22349
1751229939035 0.8700917363166809 22350
1751229939995 0.8503667116165161 22351
1751229941352 0.726705014705658 22352
1751229942287 1.1397442817687988 22353
1751229943376 1.6644805669784546 22354
1751229944462 0.5645056962966919 22355
1751229945536 0.9531729221343994 22356
1751229946826 0.6475995182991028 22357
1751229947795 1.741054892539978 22358
1751229948874 0.9126504063606262 22359
1751229949952 0.8185613751411438 22360
1751229951285 0.8058838248252869 22361
1751229952411 1.151537299156189 22362
1751229953493 0.832301914691925 22363
1751229954559 0.6107134222984314 22364
1751229955638 0.888541042804718 22365
1751229956985 0.687284529209137 22366
1751229957929 1.0108911991119385 22367
1751229959057 0.5058512091636658 22368
1751229960157 1.5596132278442383 22369
1751229961532 0.8434538245201111 22370
1751229962597 0.5528402328491211 22371
1751229963664 0.908125102519989 22372
1751229964608 0.7545964121818542 22373
1751229965664 0.6088420748710632 22374
1751229966974 1.0042957067489624 22375
1751229967914 0.7456316947937012 22376
1751229969015 0.5981457233428955 22377
1751229970119 0.8357415199279785 22378
1751229971367 1.1055381298065186 22379
1751229972355 1.418070673942566 22380
1751229973491 0.8275678753852844 22381
1751229974595 0.8488935828208923 22382
1751229975631 1.1436185836791992 22383
1751229976946 0.7242081761360168 22384
1751229978039 0.4473113715648651 22385
1751229979129 0.8303350806236267 22386
1751229980189 2.4358837604522705 22387
1751229981529 0.8091854453086853 22388
1751229982635 0.7099947929382324 22389
1751229983775 0.7425416111946106 22390
1751229984906 1.1557823419570923 22391
1751229985985 0.9421414732933044 22392
1751229987266 0.758836567401886 22393
1751229988366 0.7973393797874451 22394
1751229989456 0.7688516974449158 22395
1751229990539 1.196727991104126 22396
1751229991910 0.8035010695457458 22397
1751229993016 0.8713357448577881 22398
1751229994093 0.1139013022184372 22399
1751229995149 0.7060692310333252 22400
1751229996198 0.8468599319458008 22401
1751229997525 0.3465646505355835 22402
1751229998609 1.2287129163742065 22403
1751229999682 0.5305618643760681 22404
1751230000622 1.1011183261871338 22405
1751230001658 1.3086802959442139 22406
1751230003099 1.5971981287002563 22407
1751230004181 0.5340723991394043 22408
1751230005310 1.5696183443069458 22409
1751230006414 0.343018501996994 22410
1751230007736 0.7497717142105103 22411
1751230008872 0.6373111605644226 22412
1751230009982 0.5619345903396606 22413
1751230011084 0.7354770302772522 22414
1751230012197 0.2157546877861023 22415
1751230013524 0.7991501688957214 22416
1751230014587 0.32203829288482666 22417
1751230015666 0.9611193537712097 22418
1751230016768 0.9077966809272766 22419
1751230018057 0.5526167750358582 22420
1751230019142 0.5937092304229736 22421
1751230020209 0.5870377421379089 22422
1751230021317 0.9101566672325134 22423
1751230022370 0.9025740027427673 22424
1751230023780 1.0497262477874756 22425
1751230024870 1.0207856893539429 22426
1751230025991 0.726261556148529 22427
1751230027077 0.6487807631492615 22428
1751230028399 0.6853628158569336 22429
1751230029528 0.8604260683059692 22430
1751230030627 0.7307714819908142 22431
1751230031676 0.8686342239379883 22432
1751230032816 0.4428332448005676 22433
1751230034124 0.603177547454834 22434
1751230035241 0.7874668836593628 22435
1751230036361 1.1611162424087524 22436
1751230037440 1.0864008665084839 22437
1751230038737 0.5712987780570984 22438
1751230039771 0.6084398627281189 22439
1751230040846 0.7765955328941345 22440
1751230041950 0.6730331778526306 22441
1751230043089 0.6136871576309204 22442
1751230044446 1.639932632446289 22443
1751230045529 0.7076902389526367 22444
1751230046586 0.6129060983657837 22445
1751230047653 0.7049129009246826 22446
1751230048963 0.366020143032074 22447
1751230050007 0.39221060276031494 22448
1751230051111 0.9803678393363953 22449
1751230052195 0.7420603036880493 22450
1751230053281 0.18334192037582397 22451
1751230054604 1.5168157815933228 22452
1751230055653 0.6182827949523926 22453
1751230056748 0.6508753895759583 22454
1751230057886 0.3105584681034088 22455
1751230059204 0.8581547737121582 22456
1751230060320 0.8508384823799133 22457
1751230061437 0.563586413860321 22458
1751230062526 0.9102935194969177 22459
1751230063597 0.9279001355171204 22460
1751230064890 0.6939217448234558 22461
1751230066033 1.0761712789535522 22462
1751230067122 0.47638124227523804 22463
1751230068213 1.2820005416870117 22464
1751230069504 0.9441108703613281 22465
1751230070602 0.6776002049446106 22466
1751230071678 0.7373372316360474 22467
1751230072710 0.8988043665885925 22468
1751230073759 0.8576922416687012 22469
1751230075152 1.5071309804916382 22470
1751230076180 0.780202329158783 22471
1751230077219 0.8691283464431763 22472
1751230078264 1.8561420440673828 22473
1751230079658 0.6008855104446411 22474
1751230080722 0.6602550745010376 22475
1751230081779 0.9314862489700317 22476
1751230082866 0.7648715376853943 22477
1751230084182 0.5701828598976135 22478
1751230085271 0.808390736579895 22479
1751230086315 0.7361364364624023 22480
1751230087359 0.7522784471511841 22481
1751230088456 0.8727068901062012 22482
1751230089930 0.8140382766723633 22483
1751230091010 1.080302119255066 22484
1751230092111 1.0675129890441895 22485
1751230093283 0.11053338646888733 22486
1751230094565 0.7783453464508057 22487
1751230095599 0.7082946300506592 22488
1751230096640 0.9661023020744324 22489
1751230097667 0.9191371202468872 22490
1751230098706 0.7282052636146545 22491
1751230100110 0.6748027801513672 22492
1751230101090 0.855542778968811 22493
1751230102135 0.4709441363811493 22494
1751230103202 0.7852420210838318 22495
1751230104528 1.081294298171997 22496
1751230105570 0.12684449553489685 22497
1751230106647 0.8019394278526306 22498
1751230107732 0.5522953271865845 22499
1751230108797 0.8154765963554382 22500
1751230110104 0.4276628792285919 22501
1751230111174 1.2357734441757202 22502
1751230112291 1.5154590606689453 22503
1751230113184 0.9575686454772949 22504
1751230114495 0.7794110178947449 22505
1751230115546 0.30552616715431213 22506
1751230116641 1.1298694610595703 22507
1751230117717 0.5388717651367188 22508
1751230118840 0.9773657917976379 22509
1751230120254 0.6091634035110474 22510
1751230121292 1.0492445230484009 22511
1751230122373 0.7872807383537292 22512
1751230123477 1.0443143844604492 22513
1751230124639 0.5270270705223083 22514
1751230125565 1.0953483581542969 22515
1751230126696 0.7854800820350647 22516
1751230127801 1.8720701932907104 22517
1751230128890 0.8485695123672485 22518
1751230130214 0.8473636507987976 22519
1751230131282 1.364209771156311 22520
1751230132340 1.1081066131591797 22521
1751230133289 0.7392084002494812 22522
1751230134541 1.656610131263733 22523
1751230135589 0.9023972749710083 22524
1751230136684 0.9927347302436829 22525
1751230137770 0.540379524230957 22526
1751230138855 1.1155842542648315 22527
1751230140173 1.0080665349960327 22528
1751230141229 0.8198965191841125 22529
1751230142259 0.6100380420684814 22530
1751230143320 0.9285131692886353 22531
1751230144714 0.4547119140625 22532
1751230145833 0.5936682224273682 22533
1751230146959 0.7893845438957214 22534
1751230148062 0.8119975924491882 22535
1751230149123 0.3307941257953644 22536
1751230150427 1.2820148468017578 22537
1751230151493 1.0670541524887085 22538
1751230152576 0.6872588992118835 22539
1751230153774 1.1224663257598877 22540
1751230155164 0.8146447539329529 22541
1751230156231 0.633319079875946 22542
1751230157338 0.8422498106956482 22543
1751230158403 0.6846039891242981 22544
1751230159472 0.9793737530708313 22545
1751230160778 1.4780429601669312 22546
1751230161839 0.9272514581680298 22547
1751230162961 0.7628641128540039 22548
1751230164038 0.8298470377922058 22549
1751230165401 0.509100079536438 22550
1751230166527 0.8296535611152649 22551
1751230167583 0.7987289428710938 22552
1751230168616 0.6468599438667297 22553
1751230169706 0.9876389503479004 22554
1751230170980 0.6047632098197937 22555
1751230172023 0.6033529043197632 22556
1751230173102 0.657160758972168 22557
1751230174149 0.8026325106620789 22558
1751230175351 1.3184921741485596 22559
1751230176505 0.5903712511062622 22560
1751230177668 0.4515373706817627 22561
1751230178758 0.8336300253868103 22562
1751230179815 0.7481508851051331 22563
1751230181145 1.352601408958435 22564
1751230182214 0.03847932070493698 22565
1751230183236 0.7206234931945801 22566
1751230184293 0.5230053663253784 22567
1751230185647 0.9126343131065369 22568
1751230186666 0.7017995715141296 22569
1751230187747 1.0658327341079712 22570
1751230188836 0.6524946093559265 22571
1751230189914 0.9825701713562012 22572
1751230191253 1.0709234476089478 22573
1751230192355 0.8059462904930115 22574
1751230193394 0.8291827440261841 22575
1751230194452 0.977543294429779 22576
1751230195860 0.7330746650695801 22577
1751230196919 1.0049155950546265 22578
1751230197897 0.6771542429924011 22579
1751230198971 0.4777494966983795 22580
1751230200083 0.6269648671150208 22581
1751230201384 0.7136340141296387 22582
1751230202530 0.6500499844551086 22583
1751230203498 0.580398678779602 22584
1751230204575 0.5937841534614563 22585
1751230205980 0.8553032279014587 22586
1751230207056 1.7712854146957397 22587
1751230208146 0.645240068435669 22588
1751230209228 0.7734524011611938 22589
1751230210306 0.8319957852363586 22590
1751230211491 1.2552381753921509 22591
1751230212564 0.8687435388565063 22592
1751230213634 1.1536533832550049 22593
1751230214725 0.6037692427635193 22594
1751230216105 0.520424485206604 22595
1751230217137 0.7104945182800293 22596
1751230218318 0.6555118560791016 22597
1751230219419 1.0017399787902832 22598
1751230220610 0.9181152582168579 22599
1751230221934 0.8847777247428894 22600
1751230222974 0.690081000328064 22601
1751230224038 0.905427098274231 22602
1751230224969 1.058209776878357 22603
1751230226265 0.584911048412323 22604
1751230227413 0.09440777450799942 22605
1751230228567 0.780365526676178 22606
1751230229642 1.6659334897994995 22607
1751230230728 0.7429872751235962 22608
1751230232093 0.9326130747795105 22609
1751230233202 0.6690725684165955 22610
1751230234326 0.45190533995628357 22611
1751230235264 0.7617660164833069 22612
1751230236626 0.9126104712486267 22613
1751230237752 1.1520700454711914 22614
1751230238877 0.736717939376831 22615
1751230239858 0.7360807657241821 22616
1751230240966 0.44135257601737976 22617
1751230242338 0.9843626022338867 22618
1751230243381 0.832166314125061 22619
1751230244517 0.7532469630241394 22620
1751230245617 0.6309739351272583 22621
1751230246801 0.9849035143852234 22622
1751230247852 1.1509411334991455 22623
1751230248907 0.26262524724006653 22624
1751230249941 0.40353304147720337 22625
1751230251031 0.6889106631278992 22626
1751230252407 0.6279612183570862 22627
1751230253428 1.0031150579452515 22628
1751230254474 0.7402850985527039 22629
1751230255530 0.6390838027000427 22630
1751230256822 0.7559484839439392 22631
1751230257957 0.9370220303535461 22632
1751230259014 0.5812948346138 22633
1751230259971 1.0419045686721802 22634
1751230261042 0.9266949892044067 22635
1751230262334 0.5939979553222656 22636
1751230263382 0.4839048981666565 22637
1751230264454 1.1160914897918701 22638
1751230265529 0.8699718713760376 22639
1751230266863 1.0582636594772339 22640
1751230267985 0.9984445571899414 22641
1751230269078 0.7716015577316284 22642
1751230270125 2.3221707344055176 22643
1751230271194 0.9482585191726685 22644
1751230272534 0.7964924573898315 22645
1751230273607 0.8516721725463867 22646
1751230274704 0.6465956568717957 22647
1751230275634 1.1026356220245361 22648
1751230276948 0.8416739702224731 22649
1751230277893 1.1076799631118774 22650
1751230278846 0.7257038354873657 22651
1751230279986 0.6397174000740051 22652
1751230281296 0.45003214478492737 22653
1751230282333 0.78133624792099 22654
1751230283388 0.9123438000679016 22655
1751230284489 0.49032482504844666 22656
1751230285460 0.764946460723877 22657
1751230286779 0.7046239376068115 22658
1751230287814 0.5928540825843811 22659
1751230288732 1.022660493850708 22660
1751230289816 1.4437038898468018 22661
1751230291066 1.1257981061935425 22662
1751230292221 0.5146102905273438 22663
1751230293164 1.062075138092041 22664
1751230294225 0.7656324505805969 22665
1751230295322 0.6065223217010498 22666
1751230296622 0.7181137204170227 22667
1751230297743 0.2082020491361618 22668
1751230298826 2.188565969467163 22669
1751230299891 0.6283935904502869 22670
1751230301177 1.0391838550567627 22671
1751230302168 0.7664715647697449 22672
1751230303265 1.1062027215957642 22673
1751230304362 0.53803551197052 22674
1751230305510 0.5897685289382935 22675
1751230306650 0.941972553730011 22676
1751230307686 0.5158274173736572 22677
1751230308779 1.5676621198654175 22678
1751230309914 0.8650291562080383 22679
1751230311173 0.8006004691123962 22680
1751230312134 0.9653258323669434 22681
1751230313180 0.7816598415374756 22682
1751230314218 0.952859103679657 22683
1751230315294 0.5577425360679626 22684
1751230316789 0.7414045929908752 22685
1751230317894 0.8255459070205688 22686
1751230319097 1.675086259841919 22687
1751230320162 0.9934744834899902 22688
1751230321193 0.7981506586074829 22689
1751230322541 0.49326202273368835 22690
1751230323654 0.05365368351340294 22691
1751230324796 0.5337232351303101 22692
1751230325885 0.9114079475402832 22693
1751230327231 0.673958420753479 22694
1751230328349 0.6326137781143188 22695
1751230329437 0.258026659488678 22696
1751230330488 1.0677002668380737 22697
1751230331862 1.0138064622879028 22698
1751230332962 0.7213318943977356 22699
1751230333902 1.0076779127120972 22700
1751230335002 1.0220062732696533 22701
1751230336074 1.214861273765564 22702
1751230337428 0.9323553442955017 22703
1751230338512 0.8683649301528931 22704
1751230339566 0.9568484425544739 22705
1751230340661 0.8169418573379517 22706
1751230342049 0.5895053148269653 22707
1751230343142 0.7564470767974854 22708
1751230344238 0.7666552662849426 22709
1751230345322 1.2450460195541382 22710
1751230346475 0.8645276427268982 22711
1751230347846 0.41197264194488525 22712
1751230348810 0.8412275314331055 22713
1751230349904 0.6613519191741943 22714
1751230351026 1.3675683736801147 22715
1751230352333 0.9745508432388306 22716
1751230353224 1.0775316953659058 22717
1751230354276 0.7639226317405701 22718
1751230355347 1.5996049642562866 22719
1751230356440 0.8390581011772156 22720
1751230357835 1.0761078596115112 22721
1751230358908 1.5762382745742798 22722
1751230359966 0.6173257827758789 22723
1751230361031 0.6871451735496521 22724
1751230362316 1.5189493894577026 22725
1751230363351 0.8033620715141296 22726
1751230364430 1.964396357536316 22727
1751230365524 0.9890284538269043 22728
1751230366585 0.06540823727846146 22729
1751230367866 1.264634370803833 22730
1751230368975 0.5607590675354004 22731
1751230370064 0.6514610648155212 22732
1751230371187 0.6391036510467529 22733
1751230372569 0.5579245090484619 22734
1751230373643 0.5280260443687439 22735
1751230374742 0.855879008769989 22736
1751230375773 0.5608708262443542 22737
1751230376855 0.9325637221336365 22738
1751230378189 0.830487847328186 22739
1751230379284 1.1089363098144531 22740
1751230380377 0.5651811957359314 22741
1751230381486 0.7614390254020691 22742
1751230382802 0.5756646394729614 22743
1751230383847 0.7905229926109314 22744
1751230384885 0.6025654673576355 22745
1751230385951 0.6863245368003845 22746
1751230387033 0.5878883004188538 22747
1751230388194 1.0032790899276733 22748
1751230389249 0.6768965125083923 22749
1751230390308 0.4448312222957611 22750
1751230391369 0.6822749376296997 22751
1751230392679 1.1538459062576294 22752
1751230393825 1.1018238067626953 22753
1751230394927 1.3492329120635986 22754
1751230396093 0.784835696220398 22755
1751230397161 0.7272736430168152 22756
1751230398514 0.6364955306053162 22757
1751230399607 1.305691123008728 22758
1751230400689 0.8487200140953064 22759
1751230401781 0.9666223526000977 22760
1751230403139 1.0378092527389526 22761
1751230404203 0.961155354976654 22762
1751230405167 2.0315253734588623 22763
1751230406209 0.6090205311775208 22764
1751230407286 0.7793086171150208 22765
1751230408738 0.7229263186454773 22766
1751230409786 0.6396624445915222 22767
1751230410898 0.6739447116851807 22768
1751230411988 1.5533980131149292 22769
1751230413305 0.9484100341796875 22770
1751230414441 0.6568620204925537 22771
1751230415513 0.607090175151825 22772
1751230416438 0.7802349925041199 22773
1751230417518 0.07775074988603592 22774
1751230418968 0.6234801411628723 22775
1751230420029 1.9137979745864868 22776
1751230421091 1.036781907081604 22777
1751230422060 0.9277717471122742 22778
1751230423373 0.5438656806945801 22779
1751230424416 0.8601253628730774 22780
1751230425458 0.8201147317886353 22781
1751230426546 0.6504887938499451 22782
1751230427947 0.5549104809761047 22783
1751230428907 0.8657971620559692 22784
1751230430012 0.5632824897766113 22785
1751230431117 1.4797383546829224 22786
1751230432152 0.7412860989570618 22787
1751230433478 0.35131925344467163 22788
1751230434479 0.3929637670516968 22789
1751230435600 0.5446495413780212 22790
1751230436651 0.054593056440353394 22791
1751230438030 0.6031857132911682 22792
1751230439125 0.7862014174461365 22793
1751230440183 0.5665072798728943 22794
1751230441268 0.3404421806335449 22795
1751230442401 0.5836426019668579 22796
1751230443697 0.6645874381065369 22797
1751230444845 0.6200448870658875 22798
1751230445950 0.6843412518501282 22799
1751230447046 0.7819941639900208 22800
1751230448352 0.9016610980033875 22801
1751230449510 0.736849308013916 22802
1751230450538 0.49993106722831726 22803
1751230451565 0.595501720905304 22804
1751230452613 0.6270058155059814 22805
1751230453984 0.7301616072654724 22806
1751230455097 0.5942694544792175 22807
1751230456180 0.8881661295890808 22808
1751230457250 0.37551429867744446 22809
1751230458598 0.6987846493721008 22810
1751230459761 0.8722310066223145 22811
1751230460861 1.070599913597107 22812
1751230461902 0.6561669707298279 22813
1751230463001 0.9724344611167908 22814
1751230464284 0.6445447206497192 22815
1751230465411 0.9005266427993774 22816
1751230466458 0.8274556994438171 22817
1751230467516 0.43353214859962463 22818
1751230468837 0.6921471357345581 22819
1751230469956 1.3944259881973267 22820
1751230470906 1.3533331155776978 22821
1751230472029 0.8876578211784363 22822
1751230473106 0.9991087913513184 22823
1751230474391 1.0448923110961914 22824
1751230475513 0.846869170665741 22825
1751230476587 0.8819870352745056 22826
1751230477657 0.6089763045310974 22827
1751230479035 0.5460733771324158 22828
1751230480171 1.0484472513198853 22829
1751230481250 0.5033296942710876 22830
1751230482198 1.3314851522445679 22831
1751230483252 0.7366393208503723 22832
1751230484545 0.581664502620697 22833
1751230485681 1.028769612312317 22834
1751230486744 0.6590834856033325 22835
1751230487815 0.6941814422607422 22836
1751230489177 0.49033403396606445 22837
1751230490267 0.9194419980049133 22838
1751230491335 0.7400946617126465 22839
1751230492447 0.3239758312702179 22840
1751230493521 1.0294514894485474 22841
1751230494799 0.735217273235321 22842
1751230495902 1.0389206409454346 22843
1751230496960 1.8985884189605713 22844
1751230498044 1.1954573392868042 22845
1751230499370 0.699027955532074 22846
1751230500480 0.8146199584007263 22847
1751230501568 0.9835611581802368 22848
1751230502622 1.1942601203918457 22849
1751230503791 0.5030364990234375 22850
1751230505099 1.1931413412094116 22851
1751230506196 0.7097817659378052 22852
1751230507293 0.5796744227409363 22853
1751230508375 0.698282778263092 22854
1751230509781 0.5580345988273621 22855
1751230510689 0.4947478473186493 22856
1751230511760 0.8792446255683899 22857
1751230512852 0.7944164276123047 22858
1751230514197 0.8997624516487122 22859
1751230515322 0.19996853172779083 22860
1751230516422 1.157477617263794 22861
1751230517481 0.6924578547477722 22862
1751230518570 2.053072929382324 22863
1751230519908 0.4183897078037262 22864
1751230520982 2.9513437747955322 22865
1751230522057 0.6286763548851013 22866
1751230523172 0.2935831844806671 22867
1751230524391 0.4945942461490631 22868
1751230525437 0.466634064912796 22869
1751230526506 0.7829993367195129 22870
1751230527563 0.6539736986160278 22871
1751230528676 0.767318844795227 22872
1751230530063 0.28931817412376404 22873
1751230531157 1.5518189668655396 22874
1751230532214 0.46495047211647034 22875
1751230533124 0.5658235549926758 22876
1751230534274 2.1271097660064697 22877
1751230535358 0.8284074664115906 22878
1751230536395 0.5248688459396362 22879
1751230537483 0.7815461158752441 22880
1751230538440 0.3783774673938751 22881
1751230539765 0.9271950125694275 22882
1751230540861 0.9372162222862244 22883
1751230541951 0.8639103174209595 22884
1751230543031 0.5431063771247864 22885
1751230544378 1.2094061374664307 22886
1751230545343 0.8418768048286438 22887
1751230546422 1.1397398710250854 22888
1751230547513 0.7774343490600586 22889
1751230548789 0.6133079528808594 22890
1751230549858 1.0149351358413696 22891
1751230550908 0.6976963877677917 22892
1751230551958 0.2903123199939728 22893
1751230553014 0.709408700466156 22894
1751230554427 1.1138145923614502 22895
1751230555479 0.6028206944465637 22896
1751230556552 0.5353596806526184 22897
1751230557673 0.9670431017875671 22898
1751230559030 0.7541634440422058 22899
1751230560083 0.6980331540107727 22900
1751230561190 0.28142663836479187 22901
1751230562151 0.8917713761329651 22902
1751230563277 1.145800232887268 22903
1751230564678 0.7100589871406555 22904
1751230565761 0.8870168924331665 22905
1751230566846 0.6336700320243835 22906
1751230567890 1.4279654026031494 22907
1751230569316 0.7562304139137268 22908
1751230570382 0.3767021894454956 22909
1751230571439 0.9896923899650574 22910
1751230572455 3.207902669906616 22911
1751230573493 0.8117443323135376 22912
1751230574801 0.6423422694206238 22913
1751230575871 0.9409088492393494 22914
1751230576929 0.5321100950241089 22915
1751230577996 0.2097395956516266 22916
1751230579367 0.7885382175445557 22917
1751230580571 0.9829307794570923 22918
1751230581652 0.5296158790588379 22919
1751230582754 0.6752241253852844 22920
1751230584076 0.5191932916641235 22921
1751230585137 0.7797585725784302 22922
1751230586253 0.5415939092636108 22923
1751230587152 1.05862295627594 22924
1751230588054 1.1295114755630493 22925
1751230589293 0.5969212651252747 22926
1751230590356 0.7735517621040344 22927
1751230591443 1.1664577722549438 22928
1751230592520 0.598831057548523 22929
1751230593851 1.1075406074523926 22930
1751230595001 0.8184161186218262 22931
1751230596074 0.7825811505317688 22932
1751230597021 2.8547914028167725 22933
1751230598401 1.4066894054412842 22934
1751230599447 0.8713533282279968 22935
1751230600349 0.30564579367637634 22936
1751230601431 0.690593421459198 22937
1751230602526 1.6278212070465088 22938
1751230603757 1.8882668018341064 22939
1751230604888 0.9768285155296326 22940
1751230606006 0.21483168005943298 22941
1751230607083 0.38722679018974304 22942
1751230608398 0.9882463812828064 22943
1751230609344 0.8470569849014282 22944
1751230610472 0.6418172717094421 22945
1751230611576 0.8092972040176392 22946
1751230612658 0.7853054404258728 22947
1751230613948 0.7979097962379456 22948
1751230615013 0.9486415982246399 22949
1751230616102 0.6592060923576355 22950
1751230617157 0.8048955798149109 22951
1751230618491 0.6090596318244934 22952
1751230619613 0.5857827067375183 22953
1751230620684 0.944597065448761 22954
1751230621774 1.025093674659729 22955
1751230622820 1.0340684652328491 22956
1751230624217 0.9197511672973633 22957
1751230625178 0.04947417601943016 22958
1751230626229 0.9219563603401184 22959
1751230627318 0.9107555747032166 22960
1751230628617 0.5688996315002441 22961
1751230629707 0.6857844591140747 22962
1751230630813 0.6110091209411621 22963
1751230631850 0.9104660153388977 22964
1751230632794 1.190751314163208 22965
1751230633970 0.5308851599693298 22966
1751230634877 2.1220242977142334 22967
1751230635946 0.7097549438476562 22968
1751230637081 0.9023603796958923 22969
1751230638436 0.765738844871521 22970
1751230639511 1.0478047132492065 22971
1751230640571 0.7970325946807861 22972
1751230641699 1.1958075761795044 22973
1751230643037 0.8800409436225891 22974
1751230644154 0.6829268336296082 22975
1751230645245 0.9473875164985657 22976
1751230646333 0.8883148431777954 22977
1751230647353 0.6169548630714417 22978
1751230648762 0.48155999183654785 22979
1751230649835 0.5699251294136047 22980
1751230650940 0.8903138041496277 22981
1751230652009 0.7106428146362305 22982
1751230653324 1.352726697921753 22983
1751230654379 0.09087857604026794 22984
1751230655481 0.340949147939682 22985
1751230656594 0.7670556306838989 22986
1751230657662 0.5591601729393005 22987
1751230659096 1.0907083749771118 22988
1751230660203 1.2047971487045288 22989
1751230661269 1.065841794013977 22990
1751230662363 0.5336179137229919 22991
1751230663669 0.7167162299156189 22992
1751230664744 0.5236398577690125 22993
1751230665836 0.9139098525047302 22994
1751230666911 0.7988618612289429 22995
1751230667803 1.0623315572738647 22996
1751230669127 0.8587188720703125 22997
1751230670180 1.1729201078414917 22998
1751230671275 0.8706084489822388 22999
1751230672339 0.5979617238044739 23000
1751230673510 1.5287796258926392 23001
1751230674418 0.700386643409729 23002
1751230675462 1.1292940378189087 23003
1751230676566 0.8726344108581543 23004
1751230677602 0.6908436417579651 23005
1751230679011 0.336913526058197 23006
1751230680091 0.7481897473335266 23007
1751230681190 0.6622093319892883 23008
1751230682291 0.805867612361908 23009
1751230683543 1.5667133331298828 23010
1751230684639 1.2203428745269775 23011
1751230685739 1.3827627897262573 23012
1751230686869 1.0339889526367188 23013
1751230688268 1.1702892780303955 23014
1751230689313 0.8018795251846313 23015
1751230690363 0.8223352432250977 23016
1751230691442 0.6685367822647095 23017
1751230692486 1.6005595922470093 23018
1751230693833 0.5147327184677124 23019
1751230694955 0.5501418113708496 23020
1751230695997 0.764234185218811 23021
1751230697076 0.9671308398246765 23022
1751230698462 0.542187511920929 23023
1751230699515 0.048171523958444595 23024
1751230700570 0.7879933714866638 23025
1751230701625 0.9672508239746094 23026
1751230702533 0.9122343063354492 23027
1751230703930 0.8244344592094421 23028
1751230704971 0.9422096610069275 23029
1751230706057 0.45198163390159607 23030
1751230706961 0.8753472566604614 23031
1751230708310 1.1777018308639526 23032
1751230709385 0.5864142775535583 23033
1751230710451 0.5597845911979675 23034
1751230711492 0.5826652646064758 23035
1751230712934 0.543937087059021 23036
1751230714003 0.7665235996246338 23037
1751230715101 0.7110800743103027 23038
1751230716047 1.041164755821228 23039
1751230717107 0.9496827125549316 23040
1751230718472 0.48332101106643677 23041
1751230719599 1.143931269645691 23042
1751230720520 0.6154077053070068 23043
1751230721592 0.5696401596069336 23044
1751230722910 0.4858754277229309 23045
1751230724067 0.8898113369941711 23046
1751230725114 0.29730430245399475 23047
1751230726245 0.9378374218940735 23048
1751230727324 0.8416427969932556 23049
1751230728705 0.8475269675254822 23050
1751230729673 1.1535520553588867 23051
1751230730784 0.8769330978393555 23052
1751230731871 1.3107277154922485 23053
1751230733223 1.0753005743026733 23054
1751230734306 0.5727454423904419 23055
1751230735276 0.7936286330223083 23056
1751230736386 0.8447453379631042 23057
1751230737505 0.9094338417053223 23058
1751230738905 0.8532534837722778 23059
1751230739923 1.192718505859375 23060
1751230740968 0.5508880019187927 23061
1751230741994 0.6011215448379517 23062
1751230743366 0.40387582778930664 23063
1751230744404 0.7364756464958191 23064
1751230745458 0.14976215362548828 23065
1751230746580 0.22371265292167664 23066
1751230747934 0.6964994668960571 23067
1751230748974 0.8371782302856445 23068
1751230750052 0.6283454298973083 23069
1751230751113 0.9160528182983398 23070
1751230752192 0.7565705180168152 23071
1751230753505 0.5328325033187866 23072
1751230754630 1.253982424736023 23073
1751230755684 0.780842125415802 23074
1751230756750 0.42731812596321106 23075
1751230758095 0.8607479929924011 23076
1751230759154 0.6606580018997192 23077
1751230760259 0.6335960626602173 23078
1751230761355 0.644973874092102 23079
1751230762519 0.7198777198791504 23080
1751230763831 0.7995254993438721 23081
1751230764921 0.7738579511642456 23082
1751230765858 1.014520525932312 23083
1751230766943 0.8881108164787292 23084
1751230768279 0.8463741540908813 23085
1751230769356 0.6523326635360718 23086
1751230770458 0.7454230189323425 23087
1751230771566 0.708846390247345 23088
1751230772606 0.4297255873680115 23089
1751230773945 0.9362378120422363 23090
1751230775004 0.6374643445014954 23091
1751230776106 0.5594257712364197 23092
1751230777169 0.7187193036079407 23093
1751230778618 1.133628010749817 23094
1751230779731 0.8884178996086121 23095
1751230780808 0.4749729335308075 23096
1751230781937 0.5200786590576172 23097
1751230783278 0.9055830836296082 23098
1751230784376 0.6968023180961609 23099
1751230785422 0.5482352375984192 23100
1751230786503 0.5940919518470764 23101
1751230787418 1.5313760042190552 23102
1751230788716 0.7948700189590454 23103
1751230789816 0.8998116850852966 23104
1751230790915 0.6497780680656433 23105
1751230792022 0.08582308143377304 23106
1751230793446 0.5486462712287903 23107
1751230794541 0.977697491645813 23108
1751230795606 0.511201798915863 23109
1751230796538 0.8813967108726501 23110
1751230797658 0.7352705001831055 23111
1751230798985 1.0649678707122803 23112
1751230800067 0.6421726942062378 23113
1751230801113 0.9515751004219055 23114
1751230802130 1.3418744802474976 23115
1751230803433 0.8343348503112793 23116
1751230804395 2.1600940227508545 23117
1751230805463 0.7072271108627319 23118
1751230806400 1.8299492597579956 23119
1751230807726 1.257692575454712 23120
1751230808803 0.1973876655101776 23121
1751230809930 0.6428400278091431 23122
1751230810955 0.5029153227806091 23123
1751230811971 0.7731427550315857 23124
1751230813363 0.8989351391792297 23125
1751230814450 0.6834198832511902 23126
1751230815555 0.8531579971313477 23127
1751230816653 0.8620664477348328 23128
1751230818016 0.5910575985908508 23129
1751230819085 0.8550788760185242 23130
1751230820186 1.1452152729034424 23131
1751230821306 0.7761885523796082 23132
1751230822337 0.30350029468536377 23133
1751230823551 1.090523600578308 23134
1751230824588 0.6578733921051025 23135
1751230825627 0.6982274055480957 23136
1751230826716 0.7621279358863831 23137
1751230828015 0.39374199509620667 23138
1751230829088 0.9260804057121277 23139
1751230830184 0.5039250254631042 23140
1751230831279 0.6412397027015686 23141
1751230832489 1.46541428565979 23142
1751230833538 0.7606162428855896 23143
1751230834560 0.9791755676269531 23144
1751230835617 0.5889896750450134 23145
1751230836571 0.544080376625061 23146
1751230837723 0.7578755617141724 23147
1751230838773 0.7794937491416931 23148
1751230839863 0.7235140204429626 23149
1751230840988 0.5863894820213318 23150
1751230842338 0.5807186365127563 23151
1751230843462 0.9257146120071411 23152
1751230844563 1.0315053462982178 23153
1751230845619 1.1407396793365479 23154
1751230846678 0.6268421411514282 23155
1751230848046 0.6285552382469177 23156
1751230849146 0.4942553639411926 23157
1751230850182 0.8293062448501587 23158
1751230851238 0.7655138373374939 23159
1751230852532 0.6939735412597656 23160
1751230853597 0.9943365454673767 23161
1751230854669 1.064699411392212 23162
1751230855841 0.6129981875419617 23163
1751230857169 1.165671706199646 23164
1751230858225 0.5240477919578552 23165
1751230859268 0.5821822881698608 23166
1751230860364 0.7451344132423401 23167
1751230861412 1.4006903171539307 23168
1751230862815 1.578159213066101 23169
1751230863891 1.047446608543396 23170
1751230864987 0.7192506194114685 23171
1751230866062 0.9302193522453308 23172
1751230867383 0.5978788733482361 23173
1751230868491 0.9254025816917419 23174
1751230869541 0.7869023084640503 23175
1751230870695 0.6630108952522278 23176
1751230872063 0.597467839717865 23177
1751230873114 0.8117767572402954 23178
1751230874081 1.148050308227539 23179
1751230875005 0.8565702438354492 23180
1751230876120 1.4002655744552612 23181
1751230877415 0.7014411091804504 23182
1751230878511 0.727534294128418 23183
1751230879591 0.6794636249542236 23184
1751230880665 1.0178297758102417 23185
1751230882049 0.9526872634887695 23186
1751230883142 1.106427788734436 23187
1751230884225 1.003495216369629 23188
1751230885300 1.0053685903549194 23189
1751230886366 0.7875162959098816 23190
1751230887754 1.4180320501327515 23191
1751230888823 0.06365219503641129 23192
1751230889926 0.11302610486745834 23193
1751230890991 1.0349920988082886 23194
1751230892311 0.5606974959373474 23195
1751230893392 0.6006345748901367 23196
1751230894493 0.5666249990463257 23197
1751230895566 0.9491682052612305 23198
1751230896970 0.7943843007087708 23199
1751230898078 0.7769883871078491 23200
1751230899175 0.752761721611023 23201
1751230900276 0.5476652979850769 23202
1751230901611 0.6526860594749451 23203
1751230902715 0.7695325613021851 23204
1751230903815 0.6702462434768677 23205
1751230904871 0.766923189163208 23206
1751230905953 0.5844823122024536 23207
1751230907267 0.5047624707221985 23208
1751230908353 0.2380531132221222 23209
1751230909466 0.556447446346283 23210
1751230910495 0.6510838270187378 23211
1751230911864 0.5692803263664246 23212
1751230912934 0.8110484480857849 23213
1751230914052 0.8259928822517395 23214
1751230915091 0.7510154247283936 23215
1751230916302 1.1480673551559448 23216
1751230917349 0.5311548113822937 23217
1751230918442 0.6280145645141602 23218
1751230919399 1.2731252908706665 23219
1751230920513 0.5299236178398132 23220
1751230921818 0.8555537462234497 23221
1751230922959 0.46253323554992676 23222
1751230924030 0.7618511319160461 23223
1751230925144 0.6659831404685974 23224
1751230926434 0.5013443827629089 23225
1751230927509 1.017997145652771 23226
1751230928567 0.440653532743454 23227
1751230929535 0.8238446116447449 23228
1751230930860 0.732203483581543 23229
1751230931979 0.9498375058174133 23230
1751230933050 0.7847060561180115 23231
1751230934135 0.6277815103530884 23232
1751230935237 0.8181859850883484 23233
1751230936560 0.9508415460586548 23234
1751230937649 0.3584010601043701 23235
1751230938717 0.880501389503479 23236
1751230939638 0.9507563710212708 23237
1751230940942 1.0806725025177002 23238
1751230942019 0.7844821810722351 23239
1751230943094 0.6113680601119995 23240
1751230944159 0.8313779234886169 23241
1751230945450 0.965131402015686 23242
1751230946366 1.3768647909164429 23243
1751230947523 0.6895468831062317 23244
1751230948603 0.6991767287254333 23245
1751230949668 0.6124883890151978 23246
1751230950979 1.1081446409225464 23247
1751230952056 0.6939610838890076 23248
1751230953173 0.569070041179657 23249
1751230954301 0.8565190434455872 23250
1751230955640 0.1805877536535263 23251
1751230956740 0.9571542143821716 23252
1751230957859 0.732146143913269 23253
1751230958924 0.741877019405365 23254
1751230960345 0.3916785418987274 23255
1751230961468 0.9664563536643982 23256
1751230962571 0.8252844214439392 23257
1751230963517 0.8413125276565552 23258
1751230964821 1.0604480504989624 23259
1751230965922 1.2526079416275024 23260
1751230966959 0.7018135190010071 23261
1751230968024 1.1261450052261353 23262
1751230969135 0.9059591293334961 23263
1751230970451 0.49956080317497253 23264
1751230971544 0.23529662191867828 23265
1751230972657 0.66783207654953 23266
1751230973706 1.1097499132156372 23267
1751230975127 0.857282817363739 23268
1751230976237 1.3826348781585693 23269
1751230977328 0.6632214188575745 23270
1751230978383 1.0477330684661865 23271
1751230979596 1.360759973526001 23272
1751230980677 0.9348966479301453 23273
1751230981774 0.8803762793540955 23274
1751230982846 1.1214512586593628 23275
1751230983892 1.339996337890625 23276
1751230985192 1.3583844900131226 23277
1751230986292 0.6811743974685669 23278
1751230987380 0.16228283941745758 23279
1751230988447 0.7953781485557556 23280
1751230989861 0.599372386932373 23281
1751230990768 1.4966952800750732 23282
1751230991802 0.7428803443908691 23283
1751230992985 0.6100441217422485 23284
1751230994339 0.6586386561393738 23285
1751230995413 0.5624110698699951 23286
1751230996553 0.9446837306022644 23287
1751230997638 0.737346351146698 23288
1751230998768 2.3414864540100098 23289
1751230999897 0.1264323890209198 23290
1751231000951 0.6094687581062317 23291
1751231002061 0.7956932187080383 23292
1751231003160 0.8441835641860962 23293
1751231004473 1.2152293920516968 23294
1751231005549 0.8248588442802429 23295
1751231006653 1.131973147392273 23296
1751231007712 1.0902994871139526 23297
1751231008902 2.0154895782470703 23298
1751231009860 0.5007852911949158 23299
1751231010893 1.4914382696151733 23300
1751231012044 0.9896600842475891 23301
1751231013097 0.6224896907806396 23302
1751231014485 0.7159536480903625 23303
1751231015522 0.6721837520599365 23304
1751231016589 0.7032279372215271 23305
1751231017617 0.388099730014801 23306
1751231018953 1.1286064386367798 23307
1751231020133 1.0098011493682861 23308
1751231021252 1.1511691808700562 23309
1751231022358 0.1112719476222992 23310
1751231023672 0.9013999104499817 23311
1751231024733 0.7133874297142029 23312
1751231025885 1.1125080585479736 23313
1751231026972 0.7691012620925903 23314
1751231028029 0.7184465527534485 23315
1751231029299 0.7760686874389648 23316
1751231030371 0.7689873576164246 23317
1751231031460 0.909550130367279 23318
1751231032378 0.4968797266483307 23319
1751231033742 0.9287576079368591 23320
1751231034776 0.8097012639045715 23321
1751231035820 0.1827753782272339 23322
1751231036875 0.6272199153900146 23323
1751231037978 0.6745496988296509 23324
1751231039300 0.9013786315917969 23325
1751231040435 2.0571084022521973 23326
1751231041508 0.6989167928695679 23327
1751231042533 0.781436562538147 23328
1751231044034 0.8046550750732422 23329
1751231045083 1.5104598999023438 23330
1751231046237 0.6999298930168152 23331
1751231047345 0.8357043266296387 23332
1751231048653 0.5933896899223328 23333
1751231049761 0.986691415309906 23334
1751231050874 0.9446588754653931 23335
1751231051797 0.04835054278373718 23336
1751231053116 0.7452848553657532 23337
1751231054230 0.5027053356170654 23338
1751231055291 0.5463693737983704 23339
1751231056418 0.8383380770683289 23340
1751231057344 1.1697787046432495 23341
1751231058725 0.11779094487428665 23342
1751231059766 0.8645065426826477 23343
1751231060822 0.8615751266479492 23344
1751231061878 0.641122043132782 23345
1751231063083 1.5204613208770752 23346
1751231064171 0.6610263586044312 23347
1751231065272 0.582669198513031 23348
1751231066153 1.3043149709701538 23349
1751231067260 0.9076415300369263 23350
1751231068558 0.611759603023529 23351
1751231069510 1.5799155235290527 23352
1751231070601 0.6653058528900146 23353
1751231071688 0.11779317259788513 23354
1751231073047 1.0528755187988281 23355
1751231074106 0.6386969685554504 23356
1751231075194 0.31364837288856506 23357
1751231076244 0.570935845375061 23358
1751231077588 1.3036850690841675 23359
1751231078633 0.46298572421073914 23360
1751231079543 1.9741429090499878 23361
1751231080610 0.4325122535228729 23362
1751231081706 0.4988975524902344 23363
1751231083189 1.061051607131958 23364
1751231084300 0.5534806847572327 23365
1751231085363 0.6282019019126892 23366
1751231086417 0.5914806723594666 23367
1751231087672 0.5684359669685364 23368
1751231088753 1.0335502624511719 23369
1751231089687 1.1722544431686401 23370
1751231090757 0.7699345350265503 23371
1751231092097 0.8920823335647583 23372
1751231093131 1.0796475410461426 23373
1751231094229 1.0192234516143799 23374
1751231095274 1.1755961179733276 23375
1751231096651 1.064924955368042 23376
1751231097721 0.5504726767539978 23377
1751231098754 0.7031562924385071 23378
1751231099813 0.6780205965042114 23379
1751231100899 1.408901333808899 23380
1751231102241 0.5972496271133423 23381
1751231103276 0.6690490245819092 23382
1751231104344 0.931684672832489 23383
1751231105388 0.38664886355400085 23384
1751231106755 1.0055662393569946 23385
1751231107825 0.6047320365905762 23386
1751231108898 0.3300851285457611 23387
1751231110051 0.3981623649597168 23388
1751231111187 1.2019709348678589 23389
1751231112275 0.6554638147354126 23390
1751231113442 0.7111902832984924 23391
1751231114557 1.2671806812286377 23392
1751231115683 1.166433572769165 23393
1751231117071 1.0860190391540527 23394
1751231118129 0.2674241364002228 23395
1751231119227 0.7087353467941284 23396
1751231120281 0.48787447810173035 23397
1751231121428 1.1402184963226318 23398
1751231122490 0.5801779627799988 23399
1751231123388 0.9613364338874817 23400
1751231175062 0.5350795388221741 23401
1751231176503 0.7929059267044067 23402
1751231177599 0.5803648829460144 23403
1751231178663 0.945510983467102 23404
1751231179778 0.6223946809768677 23405
1751231180864 1.094801902770996 23406
1751231182260 0.8090812563896179 23407
1751231183323 0.6874763369560242 23408
1751231184382 0.5131173133850098 23409
1751231185492 0.7607628703117371 23410
1751231186793 0.7191205620765686 23411
1751231187875 1.0416654348373413 23412
1751231188934 0.7783543467521667 23413
1751231190044 1.0548778772354126 23414
1751231191382 0.5930867195129395 23415
1751231192471 0.8383534550666809 23416
1751231193388 1.0399000644683838 23417
1751231194473 1.0359078645706177 23418
1751231195527 0.8503457903862 23419
1751231196791 1.2586926221847534 23420
1751231197927 0.598406970500946 23421
1751231199054 1.36342453956604 23422
1751231200214 0.5298039317131042 23423
1751231201524 0.9451659321784973 23424
1751231202578 0.6303836703300476 23425
1751231203533 1.176706314086914 23426
1751231204580 0.7839432954788208 23427
1751231205883 0.7527225017547607 23428
1751231207021 0.653486430644989 23429
1751231208058 0.6393523216247559 23430
1751231209147 0.635563313961029 23431
1751231210252 1.3287439346313477 23432
1751231211523 1.173642635345459 23433
1751231212636 0.8579168319702148 23434
1751231213694 0.3673250079154968 23435
1751231214727 0.5528849959373474 23436
1751231216026 0.7923241853713989 23437
1751231217152 1.5037466287612915 23438
1751231218254 1.0794665813446045 23439
1751231219380 0.3544200360774994 23440
1751231220663 0.5967379808425903 23441
1751231221747 0.7456763386726379 23442
1751231222823 0.6950740218162537 23443
1751231223907 0.8684089779853821 23444
1751231224959 0.7134461998939514 23445
1751231226316 0.7284067273139954 23446
1751231227369 0.7296654582023621 23447
1751231228441 0.5029176473617554 23448
1751231229512 0.6332901120185852 23449
1751231230758 1.1582263708114624 23450
1751231231802 0.8092767000198364 23451
1751231232923 1.0705221891403198 23452
1751231234028 0.8621940612792969 23453
1751231234959 0.7156301736831665 23454
1751231236354 0.5589553117752075 23455
1751231237456 1.172484278678894 23456
1751231238512 0.4958507716655731 23457
1751231239612 0.812648594379425 23458
1751231240971 0.49670225381851196 23459
1751231242028 0.13670596480369568 23460
1751231243117 0.9340411424636841 23461
1751231244225 0.565534770488739 23462
1751231245545 0.609143078327179 23463
1751231246463 0.5848959684371948 23464
1751231247559 0.24792030453681946 23465
1751231248613 0.7445799708366394 23466
1751231249688 0.5374666452407837 23467
1751231251003 0.657393217086792 23468
1751231252092 0.7295869588851929 23469
1751231253194 0.6679754853248596 23470
1751231254339 0.6221885681152344 23471
1751231255651 0.8965650200843811 23472
1751231256718 0.6626367568969727 23473
1751231257761 0.4850187301635742 23474
1751231258648 0.6152275800704956 23475
1751231259952 1.1122127771377563 23476
1751231261094 0.8224723935127258 23477
1751231262094 0.8664131164550781 23478
1751231263183 1.1353224515914917 23479
1751231264302 0.8001444935798645 23480
1751231265684 0.8188382983207703 23481
1751231266808 0.5833644866943359 23482
1751231267927 0.055965982377529144 23483
1751231268980 0.8934822678565979 23484
1751231270291 0.6946008205413818 23485
1751231271355 1.140522837638855 23486
1751231272417 0.8113727569580078 23487
1751231273584 0.6418516039848328 23488
1751231275025 0.563827633857727 23489
1751231276095 1.4234791994094849 23490
1751231277148 0.8563351631164551 23491
1751231278246 0.6596672534942627 23492
1751231279369 1.089051604270935 23493
1751231280765 0.15967415273189545 23494
1751231281823 1.00074303150177 23495
1751231282891 0.8172346353530884 23496
1751231283970 0.9170677065849304 23497
1751231285294 1.4550594091415405 23498
1751231286377 1.1757887601852417 23499
1751231287540 0.5722558498382568 23500
1751231288617 0.6228993535041809 23501
1751231289949 0.8852424025535583 23502
1751231291030 0.5279125571250916 23503
1751231292071 0.8738439679145813 23504
1751231293150 0.769767165184021 23505
1751231294235 0.9719976782798767 23506
1751231295547 0.8436589241027832 23507
1751231296650 1.033359408378601 23508
1751231297705 0.6483647227287292 23509
1751231298798 0.7586218118667603 23510
1751231300107 0.95367431640625 23511
1751231301166 0.43711787462234497 23512
1751231302186 0.8702244162559509 23513
1751231303085 0.9204245805740356 23514
1751231304434 0.784490704536438 23515
1751231305400 0.8002101182937622 23516
1751231306368 0.9045814871788025 23517
1751231307414 1.9671581983566284 23518
1751231308482 0.6155216097831726 23519
1751231309828 0.8509935736656189 23520
1751231310867 0.6132418513298035 23521
1751231311962 0.5869316458702087 23522
1751231313098 0.6609013676643372 23523
1751231314367 0.6428909301757812 23524
1751231315451 0.7870295643806458 23525
1751231316503 0.80517578125 23526
1751231317603 0.44475871324539185 23527
1751231319007 0.7979629635810852 23528
1751231320090 0.7868233919143677 23529
1751231321137 0.6909279227256775 23530
1751231322208 0.5324754118919373 23531
1751231323325 1.079998254776001 23532
1751231324641 0.8129649758338928 23533
1751231325696 0.9671565890312195 23534
1751231326763 0.42661723494529724 23535
1751231327839 1.248674988746643 23536
1751231329201 1.3532536029815674 23537
1751231330252 0.9484826922416687 23538
1751231331357 0.3247780501842499 23539
1751231332413 1.1564525365829468 23540
1751231333813 0.7673822045326233 23541
1751231334922 0.824471652507782 23542
1751231335996 0.8435420989990234 23543
1751231337099 0.5477880835533142 23544
1751231338451 0.6054695248603821 23545
1751231339527 0.5653324127197266 23546
1751231340646 0.7187013626098633 23547
1751231341723 0.8084239959716797 23548
1751231342822 1.0095833539962769 23549
1751231344118 0.6111076474189758 23550
1751231345222 0.5795000195503235 23551
1751231346349 0.5116657018661499 23552
1751231347301 1.3519771099090576 23553
1751231348661 0.730663001537323 23554
1751231349784 0.6560122966766357 23555
1751231350817 0.7728643417358398 23556
1751231351904 0.7184712886810303 23557
1751231353258 0.8756445050239563 23558
1751231354293 0.8669769167900085 23559
1751231355367 0.9080869555473328 23560
1751231356458 0.888405442237854 23561
1751231357591 0.5797123908996582 23562
1751231358945 0.6509081125259399 23563
1751231359989 0.5813254714012146 23564
1751231361030 0.833646297454834 23565
1751231362114 0.9510747194290161 23566
1751231363523 0.6698929667472839 23567
1751231364599 0.8093382716178894 23568
1751231365643 0.6532577872276306 23569
1751231366740 0.7687048316001892 23570
1751231368074 1.8405719995498657 23571
1751231368985 2.2298901081085205 23572
1751231369907 1.9481552839279175 23573
1751231370966 0.7870831489562988 23574
1751231372283 0.6605421304702759 23575
1751231373357 0.6804450154304504 23576
1751231374337 1.025491714477539 23577
1751231375396 0.8159429430961609 23578
1751231376498 1.0862925052642822 23579
1751231377795 0.6208401918411255 23580
1751231378934 0.765365719795227 23581
1751231380036 0.7626740336418152 23582
1751231381119 0.8837926983833313 23583
1751231382475 1.0003763437271118 23584
1751231383421 2.366593599319458 23585
1751231384428 1.932824969291687 23586
1751231385476 0.5764487385749817 23587
1751231386801 0.9114876985549927 23588
1751231387852 1.01637864112854 23589
1751231388768 2.119997024536133 23590
1751231389746 0.840960681438446 23591
1751231391058 0.6309041380882263 23592
1751231392108 0.45911067724227905 23593
1751231393170 0.6904923319816589 23594
1751231394201 0.7353493571281433 23595
1751231395496 0.5156247019767761 23596
1751231396539 0.996095597743988 23597
1751231397596 1.2997440099716187 23598
1751231398697 0.749904453754425 23599
1751231399853 0.6948309540748596 23600
1751231401155 0.7064765095710754 23601
1751231402248 0.6021963357925415 23602
1751231403347 0.6044541597366333 23603
1751231404419 0.6801062226295471 23604
1751231405740 1.0549389123916626 23605
1751231406838 0.7310078144073486 23606
1751231407950 0.9429702162742615 23607
1751231409065 0.7742007374763489 23608
1751231410403 0.3711174428462982 23609
1751231411454 1.6608275175094604 23610
1751231412377 2.083097219467163 23611
1751231413458 0.6527714133262634 23612
1751231414548 1.0646017789840698 23613
1751231415894 0.7286407351493835 23614
1751231416992 0.5739820599555969 23615
1751231418058 0.7732855081558228 23616
1751231419128 0.627863347530365 23617
1751231420547 0.6837552785873413 23618
1751231421593 0.6784119009971619 23619
1751231422652 0.6203737854957581 23620
1751231423693 0.9788312911987305 23621
1751231425050 0.9007571339607239 23622
1751231425949 1.304580569267273 23623
1751231427007 1.0187270641326904 23624
1751231428094 0.5981163382530212 23625
1751231429440 0.6644949913024902 23626
1751231430482 0.7581437826156616 23627
1751231431546 0.36409851908683777 23628
1751231432656 0.6532519459724426 23629
1751231433714 0.6329464912414551 23630
1751231435030 0.8950128555297852 23631
1751231436084 0.7248021364212036 23632
1751231437188 0.8057602047920227 23633
1751231438259 0.9220837950706482 23634
1751231439640 0.6795141100883484 23635
1751231440734 0.5043327808380127 23636
1751231441809 1.2494573593139648 23637
1751231442962 0.559556782245636 23638
1751231444183 0.8487409949302673 23639
1751231445291 1.0831347703933716 23640
1751231446328 0.9321967959403992 23641
1751231447406 0.41678085923194885 23642
1751231448799 0.5418969392776489 23643
1751231449734 0.659152090549469 23644
1751231450803 1.1426416635513306 23645
1751231451777 0.8934151530265808 23646
1751231452945 1.4614858627319336 23647
1751231454224 0.5278641581535339 23648
1751231455303 0.6273646354675293 23649
1751231456400 0.8182303309440613 23650
1751231457434 1.0586999654769897 23651
1751231458790 0.689623236656189 23652
1751231459843 1.0465092658996582 23653
1751231460928 0.7979918718338013 23654
1751231462015 0.712353527545929 23655
1751231463373 0.7734416723251343 23656
1751231464417 0.630255401134491 23657
1751231465482 0.38374102115631104 23658
1751231466644 0.5714907646179199 23659
1751231467964 0.6308637857437134 23660
1751231469048 1.024231195449829 23661
1751231470146 1.3899122476577759 23662
1751231471200 0.8924586176872253 23663
1751231472242 0.6593603491783142 23664
1751231473591 0.7222723364830017 23665
1751231474630 0.5820139646530151 23666
1751231475695 0.4737567603588104 23667
1751231476778 0.9558262825012207 23668
1751231478079 0.8346681594848633 23669
1751231479167 0.9113136529922485 23670
1751231480090 0.7938465476036072 23671
1751231481129 1.047549843788147 23672
1751231482266 0.7689817547798157 23673
1751231483223 1.2008625268936157 23674
1751231484176 1.4424084424972534 23675
1751231485230 0.3812035620212555 23676
1751231486279 2.4064934253692627 23677
1751231487516 1.033138394355774 23678
1751231488617 0.9205822348594666 23679
1751231489790 1.5615166425704956 23680
1751231490766 2.0916762351989746 23681
1751231492091 0.900584876537323 23682
1751231493205 0.7726678252220154 23683
1751231494271 0.5168482065200806 23684
1751231495248 0.6716820001602173 23685
1751231496550 0.6051905155181885 23686
1751231497658 0.5352229475975037 23687
1751231498764 0.9374911189079285 23688
1751231499859 0.7168124914169312 23689
1751231501174 0.8177791833877563 23690
1751231502238 0.9309000372886658 23691
1751231503293 0.6573914289474487 23692
1751231504391 0.643567681312561 23693
1751231505467 1.033674716949463 23694
1751231506822 0.6503917574882507 23695
1751231507896 0.8972412943840027 23696
1751231508935 0.5444501042366028 23697
1751231509960 0.5181038975715637 23698
1751231511312 0.6978758573532104 23699
1751231512349 0.9713138937950134 23700
1751231513490 0.8397170901298523 23701
1751231514458 0.9970691800117493 23702
1751231515763 1.2125059366226196 23703
1751231516834 0.7460241913795471 23704
1751231517938 0.5363456010818481 23705
1751231519098 0.7533470392227173 23706
1751231520446 0.4610123336315155 23707
1751231521603 1.1806459426879883 23708
1751231522741 0.75978022813797 23709
1751231523816 0.5854352116584778 23710
1751231524907 0.6319445371627808 23711
1751231526238 0.6435421705245972 23712
1751231527316 1.2890284061431885 23713
1751231528415 0.1050039604306221 23714
1751231529519 0.7110322713851929 23715
1751231530839 0.6989246010780334 23716
1751231531931 0.7864494323730469 23717
1751231532989 1.76567542552948 23718
1751231534090 0.9744873046875 23719
1751231535489 0.8048796057701111 23720
1751231536452 0.8459600806236267 23721
1751231537515 0.7013300061225891 23722
1751231538598 1.0294278860092163 23723
1751231539508 0.672562301158905 23724
1751231540819 0.7890980839729309 23725
1751231541890 0.8318789601325989 23726
1751231542837 0.511616051197052 23727
1751231543893 0.5772823095321655 23728
1751231545328 0.7003793120384216 23729
1751231546434 0.9929404258728027 23730
1751231547558 0.6245102286338806 23731
1751231548649 0.654423177242279 23732
1751231549997 0.7001191973686218 23733
1751231551066 0.8224369287490845 23734
1751231552205 0.5431880354881287 23735
1751231553257 0.5363451838493347 23736
1751231554347 0.8307439684867859 23737
1751231555741 0.8769403696060181 23738
1751231556820 0.4963173568248749 23739
1751231558052 0.664447009563446 23740
1751231559166 0.5112242102622986 23741
1751231560492 0.5916818380355835 23742
1751231561571 2.235194444656372 23743
1751231562673 1.2072919607162476 23744
1751231563791 0.7884501814842224 23745
1751231565239 0.5320961475372314 23746
1751231566370 0.6668207049369812 23747
1751231567426 1.2207428216934204 23748
1751231568348 1.0039821863174438 23749
1751231569645 1.5474960803985596 23750
1751231570697 1.170688271522522 23751
1751231571770 0.7898057103157043 23752
1751231572907 0.7781994938850403 23753
1751231574005 2.637603521347046 23754
1751231575345 0.8238439559936523 23755
1751231576436 0.6932948231697083 23756
1751231577528 0.8212522864341736 23757
1751231578614 1.4013261795043945 23758
1751231579972 1.160837173461914 23759
1751231581041 1.3260327577590942 23760
1751231582224 0.7983275651931763 23761
1751231583381 0.9050735831260681 23762
1751231584693 0.9701658487319946 23763
1751231585827 0.5504968762397766 23764
1751231587056 0.8864758014678955 23765
1751231588163 0.964577853679657 23766
1751231589298 2.565112352371216 23767
1751231590432 0.44848647713661194 23768
1751231591492 0.13887064158916473 23769
1751231592558 0.6313751935958862 23770
1751231593701 0.7441472411155701 23771
1751231594996 0.7089381217956543 23772
1751231596132 0.8203234076499939 23773
1751231597199 0.6864879727363586 23774
1751231598272 0.5385026335716248 23775
1751231599742 0.4885707497596741 23776
1751231600803 0.5541025400161743 23777
1751231601884 0.6094196438789368 23778
1751231602835 0.5555262565612793 23779
1751231604125 0.5701613426208496 23780
1751231605281 0.773591935634613 23781
1751231606327 0.8194300532341003 23782
1751231607278 1.1274603605270386 23783
1751231608620 0.8840298056602478 23784
1751231609725 0.571258544921875 23785
1751231610819 1.0752867460250854 23786
1751231611880 0.6200236678123474 23787
1751231613219 1.009995460510254 23788
1751231614337 0.7012801170349121 23789
1751231615411 0.5750057101249695 23790
1751231616525 1.3787764310836792 23791
1751231617441 2.032979726791382 23792
1751231618738 1.2140783071517944 23793
1751231619834 0.8003174066543579 23794
1751231620937 0.915722668170929 23795
1751231622017 0.5437652468681335 23796
1751231623427 1.0186477899551392 23797
1751231624496 0.9044085741043091 23798
1751231625588 0.9788548350334167 23799
1751231626655 0.7808160185813904 23800
1751231627955 1.1044273376464844 23801
1751231629061 0.47690391540527344 23802
1751231630129 1.0450258255004883 23803
1751231631201 1.5177021026611328 23804
1751231632249 0.9766095280647278 23805
1751231633565 0.7402204871177673 23806
1751231634650 0.9275582432746887 23807
1751231635718 0.6458384394645691 23808
1751231636818 1.646281123161316 23809
1751231638150 1.039099097251892 23810
1751231639254 1.2106441259384155 23811
1751231640454 0.6656660437583923 23812
1751231641526 0.5893587470054626 23813
1751231642914 0.5565873384475708 23814
1751231644061 0.8701732754707336 23815
1751231645135 0.3588041663169861 23816
1751231646261 0.4834989905357361 23817
1751231647665 0.6726655960083008 23818
1751231648816 1.0175015926361084 23819
1751231649950 1.4282830953598022 23820
1751231651021 1.1788581609725952 23821
1751231652201 0.7667062878608704 23822
1751231653558 0.8097068071365356 23823
1751231654644 1.1405750513076782 23824
1751231655711 0.7461135983467102 23825
1751231656808 0.717469334602356 23826
1751231658235 1.1282705068588257 23827
1751231659311 0.6623850464820862 23828
1751231660303 1.3050259351730347 23829
1751231661387 0.6909452676773071 23830
1751231662647 1.0489774942398071 23831
1751231663728 1.1403230428695679 23832
1751231664812 1.6359459161758423 23833
1751231665912 0.732888400554657 23834
1751231667075 1.5504530668258667 23835
1751231668182 0.6583408713340759 23836
1751231669217 0.6256627440452576 23837
1751231670145 0.7013063430786133 23838
1751231671192 0.9752179980278015 23839
1751231672572 0.9701118469238281 23840
1751231673691 1.0039809942245483 23841
1751231674740 0.3416312336921692 23842
1751231675845 1.0772806406021118 23843
1751231677146 0.6363653540611267 23844
1751231678253 1.132831335067749 23845
1751231679352 0.7112559080123901 23846
1751231680483 0.9218187928199768 23847
1751231681786 0.37673717737197876 23848
1751231682775 1.0633312463760376 23849
1751231683907 1.1188753843307495 23850
1751231684856 1.1789559125900269 23851
1751231686164 1.527791976928711 23852
1751231687245 0.6114747524261475 23853
1751231688335 1.109252691268921 23854
1751231689433 0.6645380854606628 23855
1751231690524 0.3399183750152588 23856
1751231691889 0.7113559246063232 23857
1751231692830 1.5931819677352905 23858
1751231693875 0.9940557479858398 23859
1751231694903 0.7572049498558044 23860
1751231696150 0.9986791610717773 23861
1751231697228 0.7383292317390442 23862
1751231698407 0.34603750705718994 23863
1751231699442 2.763784408569336 23864
1751231700755 0.6806179285049438 23865
1751231701862 0.8765079379081726 23866
1751231702898 0.7323451042175293 23867
1751231704053 1.0308526754379272 23868
1751231705347 1.2808496952056885 23869
1751231706488 0.6655557751655579 23870
1751231707541 1.2457834482192993 23871
1751231708670 0.45280978083610535 23872
1751231710041 0.22222676873207092 23873
1751231711108 0.8617618680000305 23874
1751231712179 0.4652981460094452 23875
1751231713346 0.7424570918083191 23876
1751231714305 1.3778458833694458 23877
1751231715571 0.8320819139480591 23878
1751231716606 0.7200886607170105 23879
1751231717525 1.3091857433319092 23880
1751231718610 0.8421480059623718 23881
1751231719969 0.6509420275688171 23882
1751231721044 0.6277608275413513 23883
1751231722125 0.6850194931030273 23884
1751231723252 1.1511958837509155 23885
1751231724617 0.6723554730415344 23886
1751231725702 0.5344011783599854 23887
1751231726834 0.7228631973266602 23888
1751231727922 0.8470908999443054 23889
1751231729329 0.8325104117393494 23890
1751231730439 0.7482885718345642 23891
1751231731484 0.9010442495346069 23892
1751231732552 0.7459971308708191 23893
1751231733849 0.6081830263137817 23894
1751231734896 0.7930320501327515 23895
1751231735948 0.8276351094245911 23896
1751231737020 0.613496720790863 23897
1751231738473 0.8226947784423828 23898
1751231739594 1.5499536991119385 23899
1751231740708 0.4241589605808258 23900
1751231741808 0.6844819188117981 23901
1751231742883 0.8874835968017578 23902
1751231744289 0.984803318977356 23903
1751231745430 0.6761005520820618 23904
1751231746534 0.9183548092842102 23905
1751231747605 0.47820672392845154 23906
1751231748867 0.6513118147850037 23907
1751231749980 0.4328262209892273 23908
1751231751089 0.3078695833683014 23909
1751231752157 0.12675943970680237 23910
1751231753478 0.7055550813674927 23911
1751231754562 0.6623525619506836 23912
1751231755632 0.7840882539749146 23913
1751231756732 0.7316436171531677 23914
1751231758113 0.5753326416015625 23915
1751231759083 1.0708640813827515 23916
1751231760221 0.9063358306884766 23917
1751231761324 0.4173266589641571 23918
1751231762445 0.8164916038513184 23919
1751231763800 0.5796026587486267 23920
1751231764915 1.2779902219772339 23921
1751231765976 0.5365445017814636 23922
1751231767089 0.9692836999893188 23923
1751231768509 0.5169135928153992 23924
1751231769589 0.19856199622154236 23925
1751231770706 0.8486218452453613 23926
1751231771843 0.7060167193412781 23927
1751231773320 0.9184799194335938 23928
1751231774437 1.0403553247451782 23929
1751231775508 0.6026579141616821 23930
1751231776580 0.8100433349609375 23931
1751231777878 0.8798092007637024 23932
1751231778990 0.9619102478027344 23933
1751231780128 0.9455799460411072 23934
1751231781196 0.6991028189659119 23935
1751231782491 0.7155587077140808 23936
1751231783592 0.8913364410400391 23937
1751231784645 0.5995010733604431 23938
1751231785700 1.1966352462768555 23939
1751231786784 0.2718481123447418 23940
1751231788236 0.6023536324501038 23941
1751231789354 0.8949019312858582 23942
1751231790446 0.9228115081787109 23943
1751231791576 0.631718635559082 23944
1751231792959 0.49596044421195984 23945
1751231793994 0.8011015057563782 23946
1751231794964 0.8947343826293945 23947
1751231796042 0.511465311050415 23948
1751231797513 0.7253078818321228 23949
1751231798641 0.5364303588867188 23950
1751231799785 0.6804885864257812 23951
1751231800938 0.8204026222229004 23952
1751231802404 0.9734199643135071 23953
1751231803460 0.35318171977996826 23954
1751231804537 0.8048903346061707 23955
1751231805656 1.6995108127593994 23956
1751231806760 0.5424802899360657 23957
1751231808063 0.6045565605163574 23958
1751231809149 0.4766113758087158 23959
1751231810229 0.6817940473556519 23960
1751231811270 0.337861567735672 23961
1751231812684 0.35328513383865356 23962
1751231813805 1.3515863418579102 23963
1751231814938 0.6703391075134277 23964
1751231816017 0.44561225175857544 23965
1751231817490 1.134852409362793 23966
1751231818596 1.3648477792739868 23967
1751231819551 0.9904401898384094 23968
1751231820661 1.030491828918457 23969
1751231821837 1.0687874555587769 23970
1751231822917 0.5839007496833801 23971
1751231824074 0.9911068081855774 23972
1751231825208 0.5748739242553711 23973
1751231826338 0.6680209040641785 23974
1751231827589 1.1448503732681274 23975
1751231828708 0.6991568207740784 23976
1751231829780 0.8149320483207703 23977
1751231830832 0.7069393396377563 23978
1751231832213 0.6759138107299805 23979
1751231833280 0.533047080039978 23980
1751231834365 0.8775175213813782 23981
1751231835435 0.8386447429656982 23982
1751231836766 0.5494837760925293 23983
1751231837834 0.8965173959732056 23984
1751231838979 1.098163366317749 23985
1751231840087 0.5977529287338257 23986
1751231841397 0.5365703105926514 23987
1751231842486 0.8333749175071716 23988
1751231843596 0.9683977365493774 23989
1751231844655 1.1551995277404785 23990
1751231846033 0.5496527552604675 23991
1751231847099 1.1803404092788696 23992
1751231848076 0.8910468220710754 23993
1751231849166 0.5840886235237122 23994
1751231850352 0.8143028616905212 23995
1751231851434 0.5484921932220459 23996
1751231852476 0.1004137322306633 23997
1751231853540 0.2307782769203186 23998
1751231854586 1.8329743146896362 23999
1751231855863 0.8411375880241394 24000
1751231856951 0.6338433623313904 24001
1751231858004 0.7554301619529724 24002
1751231858907 1.880914330482483 24003
1751231860237 0.6628700494766235 24004
1751231861138 0.8741344809532166 24005
1751231862178 0.8929027915000916 24006
1751231863245 0.4478096663951874 24007
1751231864638 0.7401384711265564 24008
1751231865727 0.6045777201652527 24009
1751231866827 0.5361679196357727 24010
1751231867930 1.716891884803772 24011
1751231869307 0.45056381821632385 24012
1751231870481 1.3198668956756592 24013
1751231871532 0.8015387654304504 24014
1751231872606 0.6397606730461121 24015
1751231873668 0.5805338621139526 24016
1751231875128 0.6826412677764893 24017
1751231876218 0.6266899108886719 24018
1751231877304 0.6559414267539978 24019
1751231878421 0.804414689540863 24020
1751231879841 0.8684961199760437 24021
1751231880897 0.7068349719047546 24022
1751231882006 0.3330780565738678 24023
1751231883076 0.4501889646053314 24024
1751231884402 1.17888343334198 24025
1751231885534 0.7087815999984741 24026
1751231886621 1.394353985786438 24027
1751231887684 0.72344571352005 24028
1751231889064 0.5472488403320312 24029
1751231890142 0.6906335353851318 24030
1751231891219 0.9114531874656677 24031
1751231892298 0.9795383810997009 24032
1751231893620 0.6230089664459229 24033
1751231894701 0.5329950451850891 24034
1751231895788 1.0485942363739014 24035
1751231896922 0.6908692121505737 24036
1751231898254 0.6466821432113647 24037
1751231899293 0.580574631690979 24038
1751231900361 0.7856950163841248 24039
1751231901276 0.690633237361908 24040
1751231902377 0.5511319041252136 24041
1751231903765 0.7738985419273376 24042
1751231904831 0.9003987312316895 24043
1751231905928 0.8417231440544128 24044
1751231907042 1.0705801248550415 24045
1751231908513 0.7525047659873962 24046
1751231909605 0.7312372326850891 24047
1751231910714 0.5225794911384583 24048
1751231911829 0.6794313788414001 24049
1751231913135 1.2244571447372437 24050
1751231914254 0.6612231135368347 24051
1751231915312 1.2610267400741577 24052
1751231916447 1.0200899839401245 24053
1751231917748 0.5476245284080505 24054
1751231918794 1.0556936264038086 24055
1751231919703 0.36935922503471375 24056
1751231920761 0.8605430722236633 24057
1751231922154 0.7294121384620667 24058
1751231923198 1.0127983093261719 24059
1751231924315 0.7088636159896851 24060
1751231925455 0.5357791185379028 24061
1751231926778 0.8135337829589844 24062
1751231927837 1.041451334953308 24063
1751231928840 1.1679470539093018 24064
1751231929945 1.0456640720367432 24065
1751231931068 0.7515007257461548 24066
1751231932441 0.565697968006134 24067
1751231933574 1.5861473083496094 24068
1751231934666 0.7294583320617676 24069
1751231935739 0.8419402241706848 24070
1751231937049 0.6359947919845581 24071
1751231938108 0.5637558698654175 24072
1751231939146 0.8232752084732056 24073
1751231940285 0.5981360673904419 24074
1751231941511 0.5159183740615845 24075
1751231942607 1.172714114189148 24076
1751231943703 1.1272363662719727 24077
1751231944796 0.5326060652732849 24078
1751231946175 0.9654316306114197 24079
1751231947232 0.7398712038993835 24080
1751231948297 0.7984049916267395 24081
1751231949462 1.043086051940918 24082
1751231950807 0.8400485515594482 24083
1751231951871 0.5656828880310059 24084
1751231953007 1.3840612173080444 24085
1751231953968 1.2666006088256836 24086
1751231955057 0.521514356136322 24087
1751231956425 0.770150363445282 24088
1751231957519 0.9087716937065125 24089
1751231958576 0.6042487025260925 24090
1751231959645 0.8445718884468079 24091
1751231960874 0.9582909941673279 24092
1751231961923 1.3208322525024414 24093
1751231962920 0.6802118420600891 24094
1751231964046 0.3869248926639557 24095
1751231965342 1.6476982831954956 24096
1751231966393 0.1610223650932312 24097
1751231967541 0.8558284044265747 24098
1751231968623 0.547762393951416 24099
1751231970047 0.6694223284721375 24100
1751231971157 0.6211452484130859 24101
1751231972255 0.7518771886825562 24102
1751231973186 2.103174924850464 24103
1751231974474 0.8587936758995056 24104
1751231975590 1.0428696870803833 24105
1751231976655 0.8531302809715271 24106
1751231977593 1.1356858015060425 24107
1751231978934 0.9065298438072205 24108
1751231980070 0.8420633673667908 24109
1751231981231 0.5179492235183716 24110
1751231982325 0.5175037384033203 24111
1751231983411 0.6152262687683105 24112
1751231984707 1.1580781936645508 24113
1751231985758 0.9095396399497986 24114
1751231986872 0.5718123316764832 24115
1751231987983 0.8695525527000427 24116
1751231989309 1.0394291877746582 24117
1751231990394 0.9351380467414856 24118
1751231991489 0.9412783980369568 24119
1751231992526 0.9251432418823242 24120
1751231993896 1.5464104413986206 24121
1751231994920 1.829207420349121 24122
1751231996054 0.5161164999008179 24123
1751231997195 0.5610122084617615 24124
1751231998510 1.075468897819519 24125
1751231999583 1.0579880475997925 24126
1751232000641 1.4297840595245361 24127
1751232001734 1.494049310684204 24128
1751232003109 0.9402416348457336 24129
1751232004191 0.6422107815742493 24130
1751232005097 0.9859371185302734 24131
1751232006233 0.7073187828063965 24132
1751232007287 0.5957538485527039 24133
1751232008606 0.7307578921318054 24134
1751232009668 1.1146214008331299 24135
1751232010714 0.7293038368225098 24136
1751232011824 0.620826244354248 24137
1751232013254 0.6484277248382568 24138
1751232014369 0.5841024518013 24139
1751232015487 0.5521169900894165 24140
1751232016544 0.9806305766105652 24141
1751232017857 1.3133430480957031 24142
1751232018988 0.4653005599975586 24143
1751232020073 0.8961769938468933 24144
1751232021152 0.44032829999923706 24145
1751232022466 0.6632081270217896 24146
1751232023408 1.6158663034439087 24147
1751232024487 1.0121105909347534 24148
1751232025576 0.7024245858192444 24149
1751232026491 0.7986199259757996 24150
1751232027917 0.6588076949119568 24151
1751232028976 0.7528125643730164 24152
1751232030108 0.8083111047744751 24153
1751232031263 0.7334710359573364 24154
1751232032541 0.7770007252693176 24155
1751232033633 0.6217626929283142 24156
1751232034708 0.24636760354042053 24157
1751232035862 0.6325455904006958 24158
1751232037267 0.76357501745224 24159
1751232038385 0.9868831634521484 24160
1751232039393 1.483827829360962 24161
1751232040312 0.8382749557495117 24162
1751232041607 1.086592674255371 24163
1751232042661 0.5010929107666016 24164
1751232043708 0.5175943374633789 24165
1751232044757 1.0104881525039673 24166
1751232046157 0.8599846959114075 24167
1751232047186 0.9777199625968933 24168
1751232048226 0.7073630094528198 24169
1751232049274 0.5409688949584961 24170
1751232050321 0.40836697816848755 24171
1751232051731 0.7186466455459595 24172
1751232052790 0.7153599262237549 24173
1751232053861 0.9550160765647888 24174
1751232055010 0.6317715644836426 24175
1751232056405 0.5714533925056458 24176
1751232057545 0.7789339423179626 24177
1751232058648 0.8541974425315857 24178
1751232059749 0.7615398168563843 24179
1751232061112 0.8779265284538269 24180
1751232062208 0.6200580596923828 24181
1751232063237 0.7989219427108765 24182
1751232064323 0.8042274713516235 24183
1751232065610 0.6977548003196716 24184
1751232066631 0.9141260981559753 24185
1751232067615 0.976979672908783 24186
1751232068666 1.9652460813522339 24187
1751232069972 0.7157475352287292 24188
1751232071065 1.1184910535812378 24189
1751232072147 0.5663979053497314 24190
1751232073222 0.7969548106193542 24191
1751232074244 0.8581353425979614 24192
1751232075578 0.5850799679756165 24193
1751232076460 0.19922368228435516 24194
1751232077507 0.622562825679779 24195
1751232078620 0.6265533566474915 24196
1751232079927 0.6491876840591431 24197
1751232081071 0.5170103907585144 24198
1751232082144 0.8743759989738464 24199
1751232083097 0.9011708498001099 24200
1751232084527 0.8770251274108887 24201
1751232085649 0.49505922198295593 24202
1751232086708 1.2122251987457275 24203
1751232087660 1.138871192932129 24204
1751232089002 0.6308538913726807 24205
1751232090102 0.7609189748764038 24206
1751232091176 0.619498074054718 24207
1751232092280 0.835470974445343 24208
1751232093653 0.9498410224914551 24209
1751232094771 0.5891020894050598 24210
1751232095837 0.964917778968811 24211
1751232096938 0.6643608808517456 24212
1751232098015 0.9452142715454102 24213
1751232099223 1.0136126279830933 24214
1751232100334 0.8982354402542114 24215
1751232101289 0.7327266335487366 24216
1751232102392 0.6684567332267761 24217
1751232103773 1.0213278532028198 24218
1751232104941 0.2967696785926819 24219
1751232106049 0.9652897715568542 24220
1751232107154 0.7028500437736511 24221
1751232108570 0.5025644302368164 24222
1751232109679 0.9160154461860657 24223
1751232110751 0.7874233722686768 24224
1751232111842 0.6048498153686523 24225
1751232113187 0.9564284086227417 24226
1751232114193 2.1177070140838623 24227
1751232115256 0.4354268014431 24228
1751232116349 0.019343750551342964 24229
1751232117730 0.857740044593811 24230
1751232118810 0.8890365958213806 24231
1751232119903 1.1448004245758057 24232
1751232121038 0.013882476836442947 24233
1751232122324 0.6905545592308044 24234
1751232123450 0.5170161128044128 24235
1751232124589 0.5672580599784851 24236
1751232125677 0.49796757102012634 24237
1751232127026 1.2078523635864258 24238
1751232128082 1.8114417791366577 24239
1751232129220 0.9737319350242615 24240
1751232130336 0.8026389479637146 24241
1751232131515 0.7003786563873291 24242
1751232132587 1.9799412488937378 24243
1751232133682 0.5754513144493103 24244
1751232134735 1.528384804725647 24245
1751232136068 0.8106352090835571 24246
1751232136993 1.065392017364502 24247
1751232137969 0.5082902312278748 24248
1751232139052 0.7311946749687195 24249
1751232140378 1.51793372631073 24250
1751232141431 1.627482295036316 24251
1751232142497 1.0104621648788452 24252
1751232143406 0.680019199848175 24253
1751232144798 1.0437849760055542 24254
1751232145827 0.7496169805526733 24255
1751232146873 0.9813448190689087 24256
1751232147979 1.1243467330932617 24257
1751232149318 0.7557525634765625 24258
1751232150459 0.5425207018852234 24259
1751232151506 0.7320532202720642 24260
1751232152433 0.8206907510757446 24261
1751232153739 0.8556444048881531 24262
1751232154795 1.1338541507720947 24263
1751232155833 0.4813177287578583 24264
1751232156937 0.4796666204929352 24265
1751232158212 0.5396716594696045 24266
1751232159259 0.9130070805549622 24267
1751232160309 1.0110348463058472 24268
1751232161355 1.4646477699279785 24269
1751232162665 0.814933180809021 24270
1751232163725 1.4669404029846191 24271
1751232164836 0.843102753162384 24272
1751232165913 1.0909960269927979 24273
1751232167301 0.7039969563484192 24274
1751232168376 0.44188734889030457 24275
1751232169500 0.294212281703949 24276
1751232170594 0.5851975083351135 24277
1751232171881 0.6051308512687683 24278
1751232173068 0.6786871552467346 24279
1751232174112 0.6254432797431946 24280
1751232175204 0.7777539491653442 24281
1751232176572 1.5145604610443115 24282
1751232177645 0.7282935976982117 24283
1751232178698 0.28791096806526184 24284
1751232179749 0.33577901124954224 24285
1751232181116 0.6293761134147644 24286
1751232182183 1.087628722190857 24287
1751232183212 0.6364124417304993 24288
1751232184288 0.7676656246185303 24289
1751232185684 0.8001907467842102 24290
1751232186709 0.18425321578979492 24291
1751232187621 2.679283857345581 24292
1751232188763 0.9379209876060486 24293
1751232190075 0.7123546004295349 24294
1751232191223 1.509217381477356 24295
1751232192338 0.5601509213447571 24296
1751232193496 0.8978213667869568 24297
1751232194816 0.8464722037315369 24298
1751232195856 0.7949202656745911 24299
1751232196977 0.7354243993759155 24300
1751232198053 0.5254981517791748 24301
1751232199357 0.8028516173362732 24302
1751232200495 1.1885536909103394 24303
1751232201572 0.6959406733512878 24304
1751232202683 0.5642500519752502 24305
1751232204071 0.8278974890708923 24306
1751232205188 0.7650163769721985 24307
1751232206275 0.9651697278022766 24308
1751232207330 0.5533171892166138 24309
1751232208619 0.7746167778968811 24310
1751232209606 0.2864280045032501 24311
1751232210692 0.757171630859375 24312
1751232211799 0.7922778725624084 24313
1751232213072 0.7765580415725708 24314
1751232214222 0.7188544273376465 24315
1751232215324 0.6708343625068665 24316
1751232216409 0.9449880719184875 24317
1751232217695 1.3166930675506592 24318
1751232218768 1.1901146173477173 24319
1751232219862 0.5309511423110962 24320
1751232221013 0.5553346872329712 24321
1751232222300 0.8331392407417297 24322
1751232223426 0.67673259973526 24323
1751232224530 0.7917410731315613 24324
1751232225691 0.24233922362327576 24325
1751232227046 0.5552234649658203 24326
1751232228193 0.5467371344566345 24327
1751232229281 0.3966425657272339 24328
1751232230367 1.1419161558151245 24329
1751232231673 0.8574029207229614 24330
1751232232727 0.6157978177070618 24331
1751232233849 0.5890385508537292 24332
1751232234905 0.8112694621086121 24333
1751232236251 1.2751110792160034 24334
1751232237378 1.2379904985427856 24335
1751232238449 0.8469386100769043 24336
1751232239517 0.4247150123119354 24337
1751232240822 1.4571123123168945 24338
1751232241924 0.8459211587905884 24339
1751232243030 0.5540425181388855 24340
1751232244108 0.9510126113891602 24341
1751232245380 0.772983729839325 24342
1751232246490 0.8019629716873169 24343
1751232247543 0.9327816367149353 24344
1751232248548 0.8812047243118286 24345
1751232249850 0.611171543598175 24346
1751232250934 0.8839689493179321 24347
1751232251833 1.0184029340744019 24348
1751232252856 1.6695855855941772 24349
1751232254242 0.5520485043525696 24350
1751232255316 0.6929010152816772 24351
1751232256339 0.9124069213867188 24352
1751232257405 0.5173273682594299 24353
1751232258720 0.45216718316078186 24354
1751232259805 0.49287447333335876 24355
1751232260875 0.6524684429168701 24356
1751232261929 0.6076946258544922 24357
1751232263307 0.9868538975715637 24358
1751232264395 1.4541696310043335 24359
1751232265476 0.6902269721031189 24360
1751232266431 0.76579749584198 24361
1751232267727 0.7533790469169617 24362
1751232268779 0.6522497534751892 24363
1751232269834 0.855426013469696 24364
1751232270909 0.6188156008720398 24365
1751232272252 1.1166106462478638 24366
1751232273310 0.7461981177330017 24367
1751232274439 0.9905314445495605 24368
1751232275510 0.8585228323936462 24369
1751232276695 1.4384030103683472 24370
1751232277811 0.7320595979690552 24371
1751232278908 0.622694194316864 24372
1751232279957 1.139750361442566 24373
1751232281313 0.36167195439338684 24374
1751232282437 1.467340350151062 24375
1751232283481 0.9287639856338501 24376
1751232284564 0.8396150469779968 24377
1751232285872 0.5983651280403137 24378
1751232286965 0.52113938331604 24379
1751232288094 0.8796558380126953 24380
1751232289188 1.1494617462158203 24381
1751232290481 1.105473279953003 24382
1751232291547 1.31498122215271 24383
1751232292634 0.5473238229751587 24384
1751232293587 1.0348480939865112 24385
1751232294949 0.7020775079727173 24386
1751232296063 0.7009531259536743 24387
1751232297162 0.06060132756829262 24388
1751232298301 0.868080735206604 24389
1751232299596 0.7160442471504211 24390
1751232300673 0.81937575340271 24391
1751232301710 0.8018798828125 24392
1751232302803 0.8517146110534668 24393
1751232304091 0.6165181994438171 24394
1751232305150 0.2850044369697571 24395
1751232306331 0.5949806571006775 24396
1751232307255 0.9055116772651672 24397
1751232308587 0.7647220492362976 24398
1751232309701 0.6313574314117432 24399
1751232310754 0.654352605342865 24400
1751232311819 0.7431517243385315 24401
1751232313119 0.5329808592796326 24402
1751232314194 0.14945843815803528 24403
1751232315292 0.5039026141166687 24404
1751232316397 1.1032013893127441 24405
1751232317667 0.6344732046127319 24406
1751232318723 0.6723413467407227 24407
1751232319847 0.8941631317138672 24408
1751232320906 0.9135773777961731 24409
1751232322307 0.902850329875946 24410
1751232323363 0.8696600198745728 24411
1751232324453 0.6938332319259644 24412
1751232325552 0.8095014691352844 24413
1751232326906 0.6559343338012695 24414
1751232327930 0.37290748953819275 24415
1751232329082 1.0415853261947632 24416
1751232330207 0.5400007963180542 24417
1751232331334 0.5989190936088562 24418
1751232332521 0.5776996612548828 24419
1751232333462 0.8967047929763794 24420
1751232334523 0.7729288339614868 24421
1751232335883 0.9689094424247742 24422
1751232336998 0.8607937097549438 24423
1751232337887 0.7486339807510376 24424
1751232338988 0.8112245798110962 24425
1751232340325 0.43489134311676025 24426
1751232341391 0.6608229875564575 24427
1751232342498 0.49206238985061646 24428
1751232343633 0.6211679577827454 24429
1751232344849 0.9628668427467346 24430
1751232345921 0.5654693245887756 24431
1751232347016 0.9954066276550293 24432
1751232348078 1.019755244255066 24433
1751232349422 0.5896416306495667 24434
1751232350487 0.859374463558197 24435
1751232351430 0.38780391216278076 24436
1751232352527 0.7678439617156982 24437
1751232353852 1.1521975994110107 24438
1751232354993 0.6307587623596191 24439
1751232356042 0.6156625151634216 24440
1751232357197 0.5531988143920898 24441
1751232358543 0.8342132568359375 24442
1751232359650 1.3359216451644897 24443
1751232360755 0.6861532926559448 24444
1751232361832 0.4552172124385834 24445
1751232363118 0.7529866099357605 24446
1751232364221 1.0646804571151733 24447
1751232365257 1.2998321056365967 24448
1751232366185 0.16026395559310913 24449
1751232367555 0.7491828799247742 24450
1751232368640 0.5398142337799072 24451
1751232369735 0.7089292407035828 24452
1751232370834 0.6440030336380005 24453
1751232372195 0.576021671295166 24454
1751232373281 0.6306071281433105 24455
1751232374335 0.4592081904411316 24456
1751232375483 0.2550700902938843 24457
1751232376807 0.8381344079971313 24458
1751232377941 1.6688593626022339 24459
1751232379000 0.5175173878669739 24460
1751232380099 0.8386343121528625 24461
1751232381458 0.6668834686279297 24462
1751232382516 0.9348921179771423 24463
1751232383576 0.5658165812492371 24464
1751232384681 0.5703417062759399 24465
1751232385952 0.6191043257713318 24466
1751232387067 0.7146906852722168 24467
1751232388230 0.7800319194793701 24468
1751232389331 0.7623298168182373 24469
1751232390695 1.411234736442566 24470
1751232391794 0.33238649368286133 24471
1751232392898 1.0414116382598877 24472
1751232393962 0.8454582095146179 24473
1751232395326 0.9008591771125793 24474
1751232396252 0.8318511843681335 24475
1751232397348 0.902929961681366 24476
1751232398462 0.6506463289260864 24477
1751232399739 0.912608802318573 24478
1751232400775 0.6748349666595459 24479
1751232401868 0.053060390055179596 24480
1751232403005 0.6319782137870789 24481
1751232404316 0.6681799292564392 24482
1751232405419 0.7778908014297485 24483
1751232406509 0.5527557730674744 24484
1751232407614 1.0677025318145752 24485
1751232408927 0.504863977432251 24486
1751232409977 0.8556882739067078 24487
1751232411027 0.7204785346984863 24488
1751232411923 1.3358190059661865 24489
1751232413229 0.6217743158340454 24490
1751232414344 0.7403491139411926 24491
1751232415469 0.38008496165275574 24492
1751232416535 0.6313787698745728 24493
1751232417850 0.7473592162132263 24494
1751232418915 0.6856259703636169 24495
1751232419912 0.7986938953399658 24496
1751232421005 0.6043500900268555 24497
1751232422338 0.8456056714057922 24498
1751232423427 1.1286295652389526 24499
1751232424480 0.825635552406311 24500
1751232425522 0.4106932282447815 24501
1751232426863 0.676149308681488 24502
1751232428012 1.2238487005233765 24503
1751232429115 0.5906460881233215 24504
1751232430222 0.8523618578910828 24505
1751232431507 0.6253654360771179 24506
1751232432604 1.0209404230117798 24507
1751232433695 1.0362513065338135 24508
1751232434791 0.9828395843505859 24509
1751232436072 0.8481335639953613 24510
1751232437184 0.6006037592887878 24511
1751232438271 0.4167177081108093 24512
1751232439332 0.7936034202575684 24513
1751232440741 0.6469094157218933 24514
1751232441755 1.2536264657974243 24515
1751232442826 0.8286241888999939 24516
1751232443937 0.8505844473838806 24517
1751232445303 0.3660006821155548 24518
1751232446290 0.8813182711601257 24519
1751232447396 1.0745058059692383 24520
1751232448540 1.497298002243042 24521
1751232449848 0.7206957936286926 24522
1751232450786 0.6572858691215515 24523
1751232451949 0.5847439169883728 24524
1751232453065 0.7571408748626709 24525
1751232454436 0.8415018320083618 24526
1751232455524 0.6679752469062805 24527
1751232456680 0.9959670901298523 24528
1751232457779 0.8747072219848633 24529
1751232459157 0.4666484296321869 24530
1751232460234 0.778890073299408 24531
1751232461308 1.1383217573165894 24532
1751232462376 0.8054638504981995 24533
1751232463702 0.7984444499015808 24534
1751232464765 0.46003204584121704 24535
1751232465873 0.9246309399604797 24536
1751232466937 0.9071530699729919 24537
1751232468286 1.0594419240951538 24538
1751232469336 0.5134570002555847 24539
1751232470473 1.5483778715133667 24540
1751232471507 0.4223287105560303 24541
1751232472831 0.5739144086837769 24542
1751232473907 1.3114491701126099 24543
1751232474990 1.1165558099746704 24544
1751232476111 0.8664445877075195 24545
1751232477409 1.0574253797531128 24546
1751232478478 0.967599093914032 24547
1751232479564 0.9271811842918396 24548
1751232480506 1.4638766050338745 24549
1751232481791 1.0170799493789673 24550
1751232482921 1.1259385347366333 24551
1751232483995 1.3003119230270386 24552
1751232485108 0.7489272952079773 24553
1751232486227 1.1003503799438477 24554
1751232487301 0.9183131456375122 24555
1751232488416 0.6254013180732727 24556
1751232489534 1.040688157081604 24557
1751232490881 0.5547453165054321 24558
1751232491920 0.3331318497657776 24559
1751232492987 0.8890078663825989 24560
1751232494050 0.3781801164150238 24561
1751232495144 0.5762335062026978 24562
1751232496480 0.9083749651908875 24563
1751232497542 1.5107101202011108 24564
1751232498692 0.7916943430900574 24565
1751232499993 0.4502184987068176 24566
1751232500929 0.8178402185440063 24567
1751232502046 1.207078218460083 24568
1751232503128 1.4053133726119995 24569
1751232504219 0.5927532315254211 24570
1751232505598 0.6354444622993469 24571
1751232506686 0.9985796809196472 24572
1751232507833 0.6737799644470215 24573
1751232508897 1.006522297859192 24574
1751232510218 0.36978867650032043 24575
1751232511324 0.5159335732460022 24576
1751232512298 0.5634080767631531 24577
1751232513390 0.6280561685562134 24578
1751232514680 0.27986082434654236 24579
1751232515781 0.9814621806144714 24580
1751232516808 1.0993112325668335 24581
1751232517963 0.6612600088119507 24582
1751232519251 0.5098983645439148 24583
1751232520350 0.6073241233825684 24584
1751232521403 0.7582806944847107 24585
1751232522500 0.8414854407310486 24586
1751232523837 0.9394116401672363 24587
1751232524824 0.8560072779655457 24588
1751232525885 1.0760446786880493 24589
1751232526977 0.7594627737998962 24590
1751232528325 0.6851794123649597 24591
1751232529412 0.586603581905365 24592
1751232530480 0.9425691962242126 24593
1751232531595 0.5507417917251587 24594
1751232532899 0.6933763027191162 24595
1751232533933 0.06685011833906174 24596
1751232534835 1.0014989376068115 24597
1751232535924 1.3014652729034424 24598
1751232537225 0.7385421991348267 24599
1751232538290 1.0447500944137573 24600
1751232539373 0.6913459300994873 24601
1751232540500 0.5393762588500977 24602
1751232541843 0.6100203394889832 24603
1751232542956 1.9914954900741577 24604
1751232544022 0.633129894733429 24605
1751232545138 0.7451944351196289 24606
1751232546485 0.8787415623664856 24607
1751232547564 0.504757285118103 24608
1751232548681 0.9696189165115356 24609
1751232549617 0.901904284954071 24610
1751232551031 0.6406354308128357 24611
1751232552083 0.6449859738349915 24612
1751232553188 0.6246653199195862 24613
1751232554344 0.3106169104576111 24614
1751232555712 1.0906003713607788 24615
1751232556777 0.8371338844299316 24616
1751232557870 0.8025291562080383 24617
1751232558914 0.6449036598205566 24618
1751232559986 0.7350844144821167 24619
1751232561255 0.7940492033958435 24620
1751232562176 0.9321888089179993 24621
1751232563300 1.0473511219024658 24622
1751232564369 0.8429790735244751 24623
1751232565679 0.6621212363243103 24624
1751232566735 0.21474219858646393 24625
1751232567807 0.9343339800834656 24626
1751232568858 1.1733006238937378 24627
1751232570126 0.2280278354883194 24628
1751232571233 0.7232267260551453 24629
1751232572382 1.2731411457061768 24630
1751232573521 0.03178154677152634 24631
1751232574836 0.7796944379806519 24632
1751232575954 0.9159926772117615 24633
1751232577115 1.2603378295898438 24634
1751232578201 0.7743191123008728 24635
1751232579530 0.5733479857444763 24636
1751232580601 0.43844351172447205 24637
1751232581694 0.5617119669914246 24638
1751232582775 0.9354440569877625 24639
1751232584007 1.2669780254364014 24640
1751232585078 1.0306742191314697 24641
1751232586177 1.3568254709243774 24642
1751232587259 0.06768612563610077 24643
1751232588719 1.334313988685608 24644
1751232589814 0.6667417883872986 24645
1751232590884 0.6808863878250122 24646
1751232591941 0.5718056559562683 24647
1751232593303 0.7031542658805847 24648
1751232594353 0.4482864439487457 24649
1751232595400 1.1317894458770752 24650
1751232596539 0.6878673434257507 24651
1751232597865 0.09861883521080017 24652
1751232598934 0.526738166809082 24653
1751232600046 0.7493441700935364 24654
1751232601019 1.1873706579208374 24655
1751232602337 0.10498720407485962 24656
1751232603424 0.8114933967590332 24657
1751232604536 1.5953224897384644 24658
1751232605622 1.018195390701294 24659
1751232606805 1.0885452032089233 24660
1751232607932 0.826423168182373 24661
1751232609092 0.7738401293754578 24662
1751232610151 0.8746961951255798 24663
1751232611572 0.8596644401550293 24664
1751232612652 0.8338188529014587 24665
1751232613715 0.7628530859947205 24666
1751232614823 0.6153557896614075 24667
1751232616272 0.9953004121780396 24668
1751232617373 0.9722757339477539 24669
1751232618487 0.7539939284324646 24670
1751232619576 0.6939185857772827 24671
1751232620924 0.8105971217155457 24672
1751232621990 0.32056695222854614 24673
1751232623074 1.0618219375610352 24674
1751232624122 0.7354353070259094 24675
1751232625438 0.4816652834415436 24676
1751232626526 0.5698949098587036 24677
1751232627605 0.6105893850326538 24678
1751232628703 0.47616347670555115 24679
1751232630021 0.7551034092903137 24680
1751232631075 0.6832773089408875 24681
1751232632157 0.5603893399238586 24682
1751232633254 0.6434032320976257 24683
1751232634416 0.7169063687324524 24684
1751232635698 0.6558501720428467 24685
1751232636672 1.0320160388946533 24686
1751232637777 0.7584630846977234 24687
1751232639078 0.6987373232841492 24688
1751232640063 0.7776359915733337 24689
1751232641135 0.5002291798591614 24690
1751232642210 0.9727943539619446 24691
1751232643348 1.0073152780532837 24692
1751232644639 0.8888681530952454 24693
1751232645701 0.17842397093772888 24694
1751232646752 0.6620441675186157 24695
1751232647709 0.6597465872764587 24696
1751232649053 0.6418626308441162 24697
1751232650168 0.630017101764679 24698
1751232651301 0.9300020933151245 24699
1751232652369 0.8344888687133789 24700
1751232653705 1.5390715599060059 24701
1751232654770 0.7288052439689636 24702
1751232655854 0.6684553027153015 24703
1751232656953 1.0826282501220703 24704
1751232658247 0.9885680079460144 24705
1751232659315 1.0283260345458984 24706
1751232660403 1.3482097387313843 24707
1751232661485 0.865955650806427 24708
1751232662934 0.7393393516540527 24709
1751232663892 0.021143747493624687 24710
1751232664866 0.8880701065063477 24711
1751232665927 0.873099148273468 24712
1751232667335 0.641566812992096 24713
1751232668467 0.6001352667808533 24714
1751232669557 0.5943890810012817 24715
1751232670665 0.9228389859199524 24716
1751232672001 0.36817678809165955 24717
1751232673099 0.5121062397956848 24718
1751232674160 0.5690847039222717 24719
1751232675248 0.7948684692382812 24720
1751232676611 0.6506689190864563 24721
1751232677668 0.7866230010986328 24722
1751232678599 1.2132093906402588 24723
1751232679683 0.6446183919906616 24724
1751232681052 0.6596423387527466 24725
1751232682146 0.7799880504608154 24726
1751232683188 0.5854372382164001 24727
1751232684270 0.7687755823135376 24728
1751232685661 0.09485837072134018 24729
1751232686725 0.7182155847549438 24730
1751232687812 0.9558870196342468 24731
1751232688939 0.5083808898925781 24732
1751232690432 0.7069129943847656 24733
1751232691591 0.746188759803772 24734
1751232692692 0.7153005003929138 24735
1751232693741 0.7718338370323181 24736
1751232695055 1.0629981756210327 24737
1751232696105 0.9268594980239868 24738
1751232697212 0.5837981104850769 24739
1751232698319 0.9880592226982117 24740
1751232699503 1.1106696128845215 24741
1751232700656 0.5234136581420898 24742
1751232701713 1.9543884992599487 24743
1751232702803 0.6275147199630737 24744
1751232704132 0.4848478436470032 24745
1751232705178 0.6104105114936829 24746
1751232706209 1.0766409635543823 24747
1751232707258 0.7958216667175293 24748
1751232708640 0.9006150364875793 24749
1751232709730 1.5738757848739624 24750
1751232710837 0.7062565684318542 24751
1751232711774 1.1169424057006836 24752
1751232712849 1.1973727941513062 24753
1751232714206 1.0505900382995605 24754
1751232715285 0.7984707951545715 24755
1751232716479 0.5316187739372253 24756
1751232717591 0.8379581570625305 24757
1751232718969 0.7703795433044434 24758
1751232720089 0.6765686273574829 24759
1751232721153 1.3358004093170166 24760
1751232722229 0.8177582025527954 24761
1751232723544 1.416289210319519 24762
1751232724632 0.6294453740119934 24763
1751232725697 0.7902809381484985 24764
1751232726790 0.6164372563362122 24765
1751232728107 0.42448145151138306 24766
1751232729271 0.49703988432884216 24767
1751232730329 0.627972424030304 24768
1751232731368 0.6655896902084351 24769
1751232732651 0.9614240527153015 24770
1751232733735 0.37938743829727173 24771
1751232734867 0.7777886390686035 24772
1751232735952 0.9914166331291199 24773
1751232737266 0.5862978100776672 24774
1751232738356 0.8742603659629822 24775
1751232739273 1.2056286334991455 24776
1751232740412 0.6202613115310669 24777
1751232741727 1.4002106189727783 24778
1751232742710 1.9738762378692627 24779
1751232743794 0.9351188540458679 24780
1751232744931 0.06667016446590424 24781
1751232746381 0.7540438771247864 24782
1751232747322 0.3824761211872101 24783
1751232748379 0.5706672668457031 24784
1751232749445 0.6571196913719177 24785
1751232750830 0.8555145859718323 24786
1751232751912 2.181729793548584 24787
1751232753019 0.8869021534919739 24788
1751232754136 0.8822036981582642 24789
1751232755540 0.5939059257507324 24790
1751232756597 0.7826279997825623 24791
1751232757706 0.8351109623908997 24792
1751232758769 0.6722869277000427 24793
1751232760124 1.4610496759414673 24794
1751232761197 0.7173218131065369 24795
1751232762291 0.6155753135681152 24796
1751232763385 0.6007162928581238 24797
1751232764710 0.6612960696220398 24798
1751232765747 0.5891163349151611 24799
1751232766813 0.8593398928642273 24800
1751232767829 1.0059553384780884 24801
1751232768925 0.7365171313285828 24802
1751232770262 0.4972982108592987 24803
1751232771421 0.7963295578956604 24804
1751232772486 0.34717926383018494 24805
1751232773547 1.2024668455123901 24806
1751232774862 1.0911080837249756 24807
1751232775994 1.0119203329086304 24808
1751232777022 0.6851003766059875 24809
1751232778109 0.6905977129936218 24810
1751232779469 0.5928884744644165 24811
1751232780551 0.7581343650817871 24812
1751232781514 0.981299877166748 24813
1751232782620 0.7226175665855408 24814
1751232783932 0.7005671858787537 24815
1751232785020 0.6274401545524597 24816
1751232786118 0.8013307452201843 24817
1751232787249 1.1592046022415161 24818
1751232788602 1.2141584157943726 24819
1751232789725 0.4499509036540985 24820
1751232790769 1.0449568033218384 24821
1751232791867 0.7947643399238586 24822
1751232793174 0.9581320881843567 24823
1751232794244 0.7154139876365662 24824
1751232795270 1.1261916160583496 24825
1751232796299 0.7988621592521667 24826
1751232797548 1.3810862302780151 24827
1751232798644 0.6468966603279114 24828
1751232799795 0.6989661455154419 24829
1751232800790 0.9847346544265747 24830
1751232801933 1.6981191635131836 24831
1751232803033 0.6539551615715027 24832
1751232804078 0.993320107460022 24833
1751232805231 1.7468525171279907 24834
1751232806577 1.1874866485595703 24835
1751232807672 0.6248562932014465 24836
1751232808724 1.2335704565048218 24837
1751232809788 0.7266400456428528 24838
1751232811084 0.6361880302429199 24839
1751232812184 1.111258864402771 24840
1751232813273 1.661529541015625 24841
1751232814371 0.9824444055557251 24842
1751232815668 0.5686071515083313 24843
1751232816600 0.6461121439933777 24844
1751232817697 0.9296569228172302 24845
1751232818742 0.4146542549133301 24846
1751232819789 1.21432626247406 24847
1751232821266 0.5144206285476685 24848
1751232822406 0.9432297348976135 24849
1751232823478 0.773383617401123 24850
1751232824545 1.1931076049804688 24851
1751232825886 0.6128413081169128 24852
1751232826964 0.427252858877182 24853
1751232828048 0.538598895072937 24854
1751232829120 1.1277984380722046 24855
1751232830255 1.7787284851074219 24856
1751232831294 0.5747174620628357 24857
1751232832345 0.8468281030654907 24858
1751232833466 1.1809576749801636 24859
1751232834766 0.60677570104599 24860
1751232835881 0.8148617744445801 24861
1751232836827 0.7429884672164917 24862
1751232837887 0.41661468148231506 24863
1751232839217 0.6885314583778381 24864
1751232840294 0.8637468218803406 24865
1751232841373 0.8217258453369141 24866
1751232842474 0.7974637150764465 24867
1751232843796 0.98223876953125 24868
1751232844762 0.2732105851173401 24869
1751232845864 0.5879506468772888 24870
1751232846853 0.7724944949150085 24871
1751232848149 0.5418211221694946 24872
1751232849248 0.32007572054862976 24873
1751232850324 1.022143840789795 24874
1751232851479 0.6419174075126648 24875
1751232852849 0.9528374671936035 24876
1751232853943 1.6834667921066284 24877
1751232855040 0.5527445077896118 24878
1751232856154 1.790766954421997 24879
1751232857561 0.366973876953125 24880
1751232858697 0.8312498331069946 24881
1751232859817 0.3356148600578308 24882
1751232860892 0.6333128809928894 24883
1751232862277 0.6310238242149353 24884
1751232863402 0.811204731464386 24885
1751232864489 1.1635884046554565 24886
1751232865609 1.2012455463409424 24887
1751232866924 0.5743370056152344 24888
1751232868015 0.409278929233551 24889
1751232869075 1.1087210178375244 24890
1751232870067 2.0325264930725098 24891
1751232871383 0.605282723903656 24892
1751232872435 1.5531924962997437 24893
1751232873530 0.757302463054657 24894
1751232874460 1.044079065322876 24895
1751232875546 1.3558748960494995 24896
1751232876723 0.5011950135231018 24897
1751232877662 0.9279076457023621 24898
1751232878731 0.590217113494873 24899
1751232879792 0.5375298857688904 24900
1751232881228 0.9212107062339783 24901
1751232882303 0.42187824845314026 24902
1751232883260 1.2225186824798584 24903
1751232884326 0.6510298848152161 24904
1751232885695 0.7908571362495422 24905
1751232886611 1.394005537033081 24906
1751232887745 1.1456254720687866 24907
1751232888910 0.7556394338607788 24908
1751232890264 0.7608994841575623 24909
1751232891376 0.026351146399974823 24910
1751232892487 0.19467829167842865 24911
1751232893571 0.5188640356063843 24912
1751232894976 1.1297401189804077 24913
1751232896047 0.962833821773529 24914
1751232897105 0.6248167157173157 24915
1751232898070 0.8462781310081482 24916
1751232899445 1.384466290473938 24917
1751232900544 0.6293790340423584 24918
1751232901597 0.8462162017822266 24919
1751232902653 2.377514362335205 24920
1751232904074 1.1473627090454102 24921
1751232905118 1.1476490497589111 24922
1751232906183 1.7165263891220093 24923
1751232907308 0.11741563677787781 24924
1751232908654 1.058181643486023 24925
1751232909776 0.8098520636558533 24926
1751232910810 0.5985860228538513 24927
1751232911842 0.8767257928848267 24928
1751232913245 0.7694255113601685 24929
1751232914330 1.030124545097351 24930
1751232915504 1.1406364440917969 24931
1751232916582 1.4477003812789917 24932
1751232917953 0.7066619992256165 24933
1751232919095 0.49920397996902466 24934
1751232920236 0.789342999458313 24935
1751232921397 0.6759790778160095 24936
1751232922780 1.117274522781372 24937
1751232923830 0.9322433471679688 24938
1751232924859 0.7314764261245728 24939
1751232925956 1.0632244348526 24940
1751232927249 0.802559494972229 24941
1751232928358 0.765354335308075 24942
1751232929449 0.9957342147827148 24943
1751232930550 0.8258745074272156 24944
1751232931918 0.9074046015739441 24945
1751232933027 0.6876697540283203 24946
1751232934118 1.3365390300750732 24947
1751232935243 1.15208101272583 24948
1751232936595 0.6459947228431702 24949
1751232937738 0.6148239970207214 24950
1751232938794 0.7192127108573914 24951
1751232939902 0.801746666431427 24952
1751232941282 0.29989194869995117 24953
1751232942393 0.6198698878288269 24954
1751232943343 0.5627394914627075 24955
1751232944416 0.0832686498761177 24956
1751232945816 0.7784654498100281 24957
1751232946911 0.9069822430610657 24958
1751232948038 0.9573876261711121 24959
1751232949164 0.8578901290893555 24960
1751232950593 0.8190910220146179 24961
1751232951731 0.43177491426467896 24962
1751232952818 1.6096422672271729 24963
1751232953913 0.6629924178123474 24964
1751232955284 0.7672339081764221 24965
1751232956366 0.8433133959770203 24966
1751232957432 0.6234573125839233 24967
1751232958532 1.721051812171936 24968
1751232959855 0.6106897592544556 24969
1751232960923 0.8722684979438782 24970
1751232962041 0.34983694553375244 24971
1751232963089 1.2429200410842896 24972
1751232964404 0.963275134563446 24973
1751232965559 0.8355715870857239 24974
1751232966712 0.7422200441360474 24975
1751232967802 1.1654719114303589 24976
1751232969020 1.4840295314788818 24977
1751232970084 0.9638042449951172 24978
1751232971175 0.7120065689086914 24979
1751232972262 1.519727110862732 24980
1751232973658 0.8853492140769958 24981
1751232974773 0.9978781938552856 24982
1751232975695 0.9393646121025085 24983
1751232976852 0.5899233818054199 24984
1751232978089 0.33501318097114563 24985
1751232979195 1.1687986850738525 24986
1751232980279 1.282639503479004 24987
1751232981373 0.536247193813324 24988
1751232982756 0.578140914440155 24989
1751232983833 1.0076298713684082 24990
1751232984962 0.44581398367881775 24991
1751232985895 0.9477462768554688 24992
1751232987242 0.6540420651435852 24993
1751232988339 0.8066463470458984 24994
1751232989421 0.85340416431427 24995
1751232990495 0.5180380940437317 24996
1751232991657 0.7120919823646545 24997
1751232992713 0.5214725732803345 24998
1751232993773 0.6735235452651978 24999
1751232994822 0.5610780119895935 25000
1751232995969 0.6120640635490417 25001
1751232997022 0.8685556650161743 25002
1751232998163 0.46531569957733154 25003
1751232999256 0.4064044952392578 25004
1751233000611 1.1671171188354492 25005
1751233001749 0.37377873063087463 25006
1751233002854 0.497624009847641 25007
1751233003970 0.9030052423477173 25008
1751233005284 0.6902443170547485 25009
1751233006371 1.5305293798446655 25010
1751233007449 0.7177534699440002 25011
1751233008578 0.8885818719863892 25012
1751233009952 0.8628383874893188 25013
1751233011048 0.6069273948669434 25014
1751233012180 2.121408700942993 25015
1751233013291 0.5571479797363281 25016
1751233014716 0.5964183211326599 25017
1751233015800 0.7405433058738708 25018
1751233016917 0.6199305057525635 25019
1751233018005 0.5322417616844177 25020
1751233019363 0.8155204057693481 25021
1751233020441 1.1994487047195435 25022
1751233021623 0.8095993399620056 25023
1751233022696 0.8002446889877319 25024
1751233024062 0.5610135793685913 25025
1751233025000 1.25568425655365 25026
1751233026119 0.9689493179321289 25027
1751233027247 0.8511970639228821 25028
1751233028464 1.9981549978256226 25029
1751233029586 0.6735749840736389 25030
1751233030741 0.7209212183952332 25031
1751233031746 0.6309382915496826 25032
1751233033124 0.8437916040420532 25033
1751233034163 0.5634081363677979 25034
1751233035193 0.9227768778800964 25035
1751233036253 1.7779295444488525 25036
1751233037625 0.9092777371406555 25037
1751233038738 0.6636187434196472 25038
1751233039665 0.9984787106513977 25039
1751233040729 0.8559433817863464 25040
1751233042176 0.6188134551048279 25041
1751233043250 0.8443706631660461 25042
1751233044369 0.9024583697319031 25043
1751233045461 0.8342836499214172 25044
1751233046839 0.47762396931648254 25045
1751233047844 0.8375083804130554 25046
1751233048897 0.6198535561561584 25047
1751233050048 1.6307305097579956 25048
1751233051397 0.8210081458091736 25049
1751233052467 0.9176576733589172 25050
1751233053525 0.8288658261299133 25051
1751233054634 0.8848392367362976 25052
1751233055952 1.0956186056137085 25053
1751233056888 2.2329800128936768 25054
1751233058042 0.3639363646507263 25055
1751233059102 0.7446470260620117 25056
1751233060428 0.7022138833999634 25057
1751233061362 0.8629593253135681 25058
1751233062417 0.7981007695198059 25059
1751233063559 0.7845324277877808 25060
1751233064957 0.6878616213798523 25061
1751233066044 0.42131778597831726 25062
1751233067076 1.143675446510315 25063
1751233068173 1.059708833694458 25064
1751233069573 0.8043137788772583 25065
1751233070691 0.9224513173103333 25066
1751233071793 0.7299488186836243 25067
1751233072849 0.6050347089767456 25068
1751233073912 0.8040953874588013 25069
1751233075334 0.5061323046684265 25070
1751233076480 1.5827556848526 25071
1751233077401 0.8454956412315369 25072
1751233078534 0.7682033777236938 25073
1751233079840 0.6503652334213257 25074
1751233080895 1.1444907188415527 25075
1751233081990 0.7617418169975281 25076
1751233083341 0.6361193656921387 25077
1751233084275 1.0876737833023071 25078
1751233085345 0.9778446555137634 25079
1751233086311 1.0498217344284058 25080
1751233087412 1.1414421796798706 25081
1751233088724 0.5207951664924622 25082
1751233089884 0.6310478448867798 25083
1751233090820 0.7787628173828125 25084
1751233091923 0.8081374168395996 25085
1751233093432 1.047513723373413 25086
1751233094500 0.535301685333252 25087
1751233095599 1.308224081993103 25088
1751233096898 0.42573282122612 25089
1751233097947 1.115092158317566 25090
1751233099038 0.8670045733451843 25091
1751233100067 0.7890855073928833 25092
1751233101123 0.6491455435752869 25093
1751233102521 0.6642062067985535 25094
1751233103618 0.9481163024902344 25095
1751233104584 1.610992431640625 25096
1751233105832 0.9834747314453125 25097
1751233106787 0.6383735537528992 25098
1751233107901 0.8313580751419067 25099
1751233109014 0.7700040936470032 25100
1751233110129 0.5507076382637024 25101
1751233111425 1.4710257053375244 25102
1751233112456 0.5193142890930176 25103
1751233113499 1.8610156774520874 25104
1751233114900 1.034985899925232 25105
1751233115985 0.7072592377662659 25106
1751233117028 1.3482803106307983 25107
1751233118121 0.805990993976593 25108
1751233119480 0.9067301154136658 25109
1751233120557 0.19067949056625366 25110
1751233121666 0.6363462209701538 25111
1751233122729 0.624734103679657 25112
1751233123827 0.6760370135307312 25113
1751233125290 0.43118125200271606 25114
1751233126438 1.087591528892517 25115
1751233127571 0.12527699768543243 25116
1751233128918 0.7996422052383423 25117
1751233129883 1.1104894876480103 25118
1751233130958 0.633865475654602 25119
1751233132143 1.704034447669983 25120
1751233133197 0.49727851152420044 25121
1751233134539 0.8918033838272095 25122
1751233135642 1.1788620948791504 25123
1751233136742 0.7167975902557373 25124
1751233138059 1.2455313205718994 25125
1751233139222 0.6944860816001892 25126
1751233140198 1.3492939472198486 25127
1751233141340 0.6195716857910156 25128
1751233142425 0.5583908557891846 25129
1751233143843 1.0096932649612427 25130
1751233144972 1.20293390750885 25131
1751233146055 1.1217001676559448 25132
1751233147119 0.9149074554443359 25133
1751233148418 1.1695164442062378 25134
1751233149552 0.5743177533149719 25135
1751233150606 0.44458675384521484 25136
1751233151962 0.7645780444145203 25137
1751233153119 0.695823609828949 25138
1751233154012 1.0750534534454346 25139
1751233155068 0.5014180541038513 25140
1751233155975 1.7095199823379517 25141
1751233157359 0.7831540107727051 25142
1751233158428 0.5281389355659485 25143
1751233159546 1.1134604215621948 25144
1751233160650 0.66266268491745 25145
1751233162017 0.7047407031059265 25146
1751233163074 0.7298135757446289 25147
1751233164145 1.165404200553894 25148
1751233165456 0.22106236219406128 25149
1751233166537 1.0822954177856445 25150
1751233167695 0.8035709261894226 25151
1751233168770 0.6017621159553528 25152
1751233169903 0.7006037831306458 25153
1751233171334 0.5692691802978516 25154
1751233172445 0.8378421664237976 25155
1751233173571 0.6336550712585449 25156
1751233174911 0.8728330731391907 25157
1751233176015 1.0362827777862549 25158
1751233177136 0.7593538165092468 25159
1751233178117 0.6231268644332886 25160
1751233179222 0.5948258638381958 25161
1751233180681 1.020074725151062 25162
1751233181756 0.5625938773155212 25163
1751233182853 0.8350133895874023 25164
1751233184063 0.7250550985336304 25165
1751233185151 0.6792847514152527 25166
1751233186290 1.0906175374984741 25167
1751233187375 0.841540515422821 25168
1751233188467 0.517960250377655 25169
1751233189806 0.7362350821495056 25170
1751233190982 0.6880640387535095 25171
1751233192150 0.41278061270713806 25172
1751233193211 0.8056856393814087 25173
1751233194587 0.7846713066101074 25174
1751233195729 0.8926774263381958 25175
1751233196818 0.6036128997802734 25176
1751233198162 0.8363848924636841 25177
1751233199253 1.1198967695236206 25178
1751233200140 0.9361541867256165 25179
1751233201189 0.8247224688529968 25180
1751233202275 0.7605553865432739 25181
1751233203569 1.0687366724014282 25182
1751233204527 0.7430235147476196 25183
1751233205649 0.8734267354011536 25184
1751233207020 1.0323896408081055 25185
1751233208163 0.7098559737205505 25186
1751233209254 0.9360279440879822 25187
1751233210465 0.39386850595474243 25188
1751233211374 1.2373194694519043 25189
1751233212714 0.7566838264465332 25190
1751233213787 0.9566143155097961 25191
1751233214856 0.6659269332885742 25192
1751233215931 0.4868375360965729 25193
1751233217252 0.7172552943229675 25194
1751233218373 0.4335400462150574 25195
1751233219466 0.5257088541984558 25196
1751233220868 0.5392194986343384 25197
1751233221989 0.6582534909248352 25198
1751233223031 0.8185631036758423 25199
1751233224109 0.7622138857841492 25200
1751233275892 0.6271253228187561 25201
1751233277295 1.0449329614639282 25202
1751233278376 0.6134923100471497 25203
1751233279541 0.31491678953170776 25204
1751233280591 1.2519739866256714 25205
1751233281877 0.7702255249023438 25206
1751233282795 0.24117761850357056 25207
1751233283946 0.6598580479621887 25208
1751233284994 1.3430771827697754 25209
1751233286359 0.6971322894096375 25210
1751233287261 0.9746554493904114 25211
1751233288114 1.7615585327148438 25212
1751233289189 0.21896426379680634 25213
1751233290438 1.2833479642868042 25214
1751233291494 0.6461824774742126 25215
1751233292555 0.9485848546028137 25216
1751233293603 0.8353525996208191 25217
1751233295029 1.3186321258544922 25218
1751233296122 0.4683692753314972 25219
1751233297201 0.9484691023826599 25220
1751233298338 0.5320455431938171 25221
1751233299512 1.2470015287399292 25222
1751233300429 0.7157140374183655 25223
1751233301522 0.7167283892631531 25224
1751233302502 0.22872225940227509 25225
1751233303793 0.4732239842414856 25226
1751233304723 0.6519296169281006 25227
1751233305788 0.79692143201828 25228
1751233306860 1.1566380262374878 25229
1751233308223 0.6425095796585083 25230
1751233309370 0.798250138759613 25231
1751233310501 0.7479701638221741 25232
1751233311627 0.8405464291572571 25233
1751233312962 0.6543291211128235 25234
1751233314013 1.0241745710372925 25235
1751233315207 0.6596339344978333 25236
1751233316315 0.9741884469985962 25237
1751233317718 0.729597270488739 25238
1751233318842 0.6512600183486938 25239
1751233319919 0.4777102470397949 25240
1751233321248 0.7359299063682556 25241
1751233322327 0.5750789046287537 25242
1751233323397 1.2203705310821533 25243
1751233324499 0.7742640376091003 25244
1751233325614 1.578515887260437 25245
1751233326985 0.46016618609428406 25246
1751233328104 0.651231586933136 25247
1751233329251 0.7126457095146179 25248
1751233330603 0.9035383462905884 25249
1751233331737 0.9691296815872192 25250
1751233332839 0.7918980717658997 25251
1751233333910 1.171555995941162 25252
1751233335169 0.2918388247489929 25253
1751233336302 0.7635549306869507 25254
1751233337253 1.0701870918273926 25255
1751233338375 1.240214467048645 25256
1751233339563 0.44427379965782166 25257
1751233340904 0.6064615249633789 25258
1751233341957 0.7855768799781799 25259
1751233343008 0.8052515387535095 25260
1751233344069 0.8788700103759766 25261
1751233345397 0.8855886459350586 25262
1751233346540 0.9117791056632996 25263
1751233347633 0.7645026445388794 25264
1751233348884 1.0488260984420776 25265
1751233349817 5.129587650299072 25266
1751233350885 0.9274187088012695 25267
1751233351966 0.9419469833374023 25268
1751233353359 1.0215063095092773 25269
1751233354483 0.6750870943069458 25270
1751233355578 1.4170925617218018 25271
1751233356649 0.8352152705192566 25272
1751233357985 1.0744175910949707 25273
1751233359082 0.9637197852134705 25274
1751233360185 0.7392637133598328 25275
1751233361256 1.077818512916565 25276
1751233362596 0.7446826100349426 25277
1751233363636 0.8891856074333191 25278
1751233364729 1.036560297012329 25279
1751233365652 1.1459234952926636 25280
1751233367070 0.6682979464530945 25281
1751233368178 0.9736685752868652 25282
1751233369256 0.6808054447174072 25283
1751233370308 0.4531711935997009 25284
1751233371727 0.7201414108276367 25285
1751233372862 0.9555572867393494 25286
1751233373948 0.47418448328971863 25287
1751233375055 0.8798214197158813 25288
1751233376346 0.7137748599052429 25289
1751233377441 0.6253795623779297 25290
1751233378647 0.1502714604139328 25291
1751233379737 0.9374753832817078 25292
1751233381074 0.9720327258110046 25293
1751233382154 0.45310133695602417 25294
1751233383241 1.0521349906921387 25295
1751233384186 1.1934236288070679 25296
1751233385560 0.8244802355766296 25297
1751233386706 0.6731868982315063 25298
1751233387811 0.8211563229560852 25299
1751233388895 0.6919169425964355 25300
1751233390276 0.8359638452529907 25301
1751233391367 0.9495695233345032 25302
1751233392462 0.7068386673927307 25303
1751233393582 0.5228149890899658 25304
1751233395056 0.9894240498542786 25305
1751233396236 0.7782419919967651 25306
1751233397337 0.7287096977233887 25307
1751233398399 0.6808487176895142 25308
1751233399561 0.959328293800354 25309
1751233400639 0.6726800203323364 25310
1751233401793 0.7307324409484863 25311
1751233402888 1.2828425168991089 25312
1751233404241 0.5204240083694458 25313
1751233405341 0.7962437272071838 25314
1751233406486 0.5504693984985352 25315
1751233407646 0.6671821475028992 25316
1751233408991 0.7997859120368958 25317
1751233410105 0.5929641127586365 25318
1751233411266 0.7250434756278992 25319
1751233412480 1.042624831199646 25320
1751233413823 0.6566581726074219 25321
1751233414955 0.6832488775253296 25322
1751233416098 0.535136878490448 25323
1751233417159 0.7972370386123657 25324
1751233418581 0.9469980597496033 25325
1751233419659 1.6212636232376099 25326
1751233420730 0.4821077287197113 25327
1751233421852 0.8967256546020508 25328
1751233423177 0.985028088092804 25329
1751233424298 0.5146273970603943 25330
1751233425455 1.0354069471359253 25331
1751233426565 0.7443978786468506 25332
1751233427968 1.0403989553451538 25333
1751233428900 2.1569015979766846 25334
1751233429966 0.9529470801353455 25335
1751233431100 0.8193106651306152 25336
1751233432299 0.9465309381484985 25337
1751233433383 0.9033190608024597 25338
1751233434460 1.1884586811065674 25339
1751233435511 0.5058199167251587 25340
1751233436980 0.9757784008979797 25341
1751233438081 1.4571515321731567 25342
1751233439145 0.20292611420154572 25343
1751233440273 0.6741263270378113 25344
1751233441575 0.8930193781852722 25345
1751233442630 2.1405186653137207 25346
1751233443717 0.8354583978652954 25347
1751233444832 1.3325576782226562 25348
1751233446198 0.5404743552207947 25349
1751233447302 2.104804754257202 25350
1751233448226 0.7915676236152649 25351
1751233449378 0.7473809123039246 25352
1751233450673 0.8246333599090576 25353
1751233451773 0.722082793712616 25354
1751233452866 0.8552305102348328 25355
1751233454188 0.6488732695579529 25356
1751233455228 2.0745089054107666 25357
1751233456273 1.5932705402374268 25358
1751233457332 0.8607597351074219 25359
1751233458556 0.2997604012489319 25360
1751233459601 1.0506550073623657 25361
1751233460670 1.082121729850769 25362
1751233461712 0.7075962424278259 25363
1751233463095 0.6709333658218384 25364
1751233464220 0.5427697896957397 25365
1751233465320 0.8321998715400696 25366
1751233466407 0.5201746225357056 25367
1751233467799 1.104522705078125 25368
1751233468905 0.8009706735610962 25369
1751233470077 0.6501238942146301 25370
1751233471135 0.8587217330932617 25371
1751233472473 0.7281161546707153 25372
1751233473533 0.8882271647453308 25373
1751233474572 0.5493746995925903 25374
1751233475622 0.8378676772117615 25375
1751233476861 1.075339674949646 25376
1751233477934 0.7930952310562134 25377
1751233479043 1.0549874305725098 25378
1751233480136 0.5089659094810486 25379
1751233481484 0.5800897479057312 25380
1751233482577 1.3233636617660522 25381
1751233483712 1.0538936853408813 25382
1751233484632 2.0436363220214844 25383
1751233485862 0.671686589717865 25384
1751233486862 0.7122071981430054 25385
1751233487922 1.135125756263733 25386
1751233489005 0.5070854425430298 25387
1751233490318 1.9793882369995117 25388
1751233491443 0.6557379364967346 25389
1751233492539 0.6445968747138977 25390
1751233493592 0.5877141952514648 25391
1751233495017 0.7733546495437622 25392
1751233496145 1.01968514919281 25393
1751233497264 1.1437653303146362 25394
1751233498392 1.227699637413025 25395
1751233499697 0.35418418049812317 25396
1751233500788 0.5773617625236511 25397
1751233501727 1.0280579328536987 25398
1751233502792 1.6426353454589844 25399
1751233504130 1.010902762413025 25400
1751233505178 0.4798513948917389 25401
1751233506259 0.5784422159194946 25402
1751233507326 1.0177007913589478 25403
1751233508734 1.0233677625656128 25404
1751233509793 0.3910071551799774 25405
1751233510926 0.7547091841697693 25406
1751233512055 0.7348431348800659 25407
1751233513467 0.7435103058815002 25408
1751233514598 0.9473428726196289 25409
1751233515709 0.1627315729856491 25410
1751233516844 0.49693843722343445 25411
1751233518167 0.8020467162132263 25412
1751233519337 0.45225590467453003 25413
1751233520444 0.9956846237182617 25414
1751233521497 0.3790144622325897 25415
1751233522924 1.072262167930603 25416
1751233523998 0.6208410263061523 25417
1751233525144 0.758931577205658 25418
1751233526220 0.937076210975647 25419
1751233527615 0.6915211081504822 25420
1751233528715 0.8251562118530273 25421
1751233529780 1.0708718299865723 25422
1751233530967 0.8637487292289734 25423
1751233532300 0.9664894342422485 25424
1751233533264 0.8348628878593445 25425
1751233534337 0.7413172125816345 25426
1751233535690 0.9055765271186829 25427
1751233536822 0.24960161745548248 25428
1751233537897 1.0814341306686401 25429
1751233538953 0.545234203338623 25430
1751233540398 0.6657640337944031 25431
1751233541580 1.2131048440933228 25432
1751233542711 1.0013631582260132 25433
1751233543781 0.5693396925926208 25434
1751233545157 1.0876553058624268 25435
1751233546284 0.544446587562561 25436
1751233547384 1.592743992805481 25437
1751233548488 0.910683810710907 25438
1751233549897 0.7153501510620117 25439
1751233550964 1.3088406324386597 25440
1751233552086 0.7735154628753662 25441
1751233553193 0.11054215580224991 25442
1751233554501 0.7581459879875183 25443
1751233555585 0.8646524548530579 25444
1751233556739 0.6944862008094788 25445
1751233557826 0.8982028365135193 25446
1751233559117 0.4966638684272766 25447
1751233560226 0.626142680644989 25448
1751233561318 0.761397123336792 25449
1751233562355 0.927245557308197 25450
1751233563734 0.8759720921516418 25451
1751233564949 0.6937189102172852 25452
1751233565995 0.34760674834251404 25453
1751233567054 0.30351266264915466 25454
1751233568434 1.5149341821670532 25455
1751233569473 1.5607140064239502 25456
1751233570515 1.129930853843689 25457
1751233571552 0.9411048889160156 25458
1751233572932 1.2925586700439453 25459
1751233573962 0.7862259149551392 25460
1751233575008 0.33141428232192993 25461
1751233576070 0.8232068419456482 25462
1751233577412 0.8487339019775391 25463
1751233578495 0.893833339214325 25464
1751233579648 0.5166985392570496 25465
1751233580732 0.7725988626480103 25466
1751233582092 1.115144968032837 25467
1751233583219 0.9214949011802673 25468
1751233584270 0.8046543002128601 25469
1751233585330 0.9979101419448853 25470
1751233586715 1.0728126764297485 25471
1751233587854 0.5956569910049438 25472
1751233588969 0.7813341021537781 25473
1751233590063 1.11949622631073 25474
1751233591413 1.1236826181411743 25475
1751233592446 0.8169208765029907 25476
1751233593414 0.8042072653770447 25477
1751233594517 0.7402049899101257 25478
1751233595839 0.7744438648223877 25479
1751233596925 0.7333878874778748 25480
1751233598052 0.6544626355171204 25481
1751233599215 0.7694417238235474 25482
