1751220164597 0.666233241558075 1
1751220263883 0.970975399017334 2
1751220264842 1.5469200611114502 3
1751220265831 0.47917234897613525 4
1751220266792 1.626524806022644 5
1751220267773 1.0023460388183594 6
1751220268759 0.7708839178085327 7
1751220269626 1.0279693603515625 8
1751220270592 1.0867782831192017 9
1751220271426 1.8659242391586304 10
1751220272392 0.8052746057510376 11
1751220273371 1.7033188343048096 12
1751220274168 5.195916652679443 13
1751220275137 0.9617598652839661 14
1751220276077 0.7622871994972229 15
1751220277056 0.7466236352920532 16
1751220278001 0.7745929956436157 17
1751220279018 0.7590654492378235 18
1751220279997 1.078904151916504 19
1751220280822 1.4857841730117798 20
1751220281774 0.940350353717804 21
1751220282758 1.1038535833358765 22
1751220283712 1.057987093925476 23
1751220284678 0.8836416602134705 24
1751220285750 1.0663031339645386 25
1751220286706 0.9280717968940735 26
1751220287516 0.8148807287216187 27
1751220288363 0.799126148223877 28
1751220289294 0.6402453780174255 29
1751220290267 0.985280454158783 30
1751220291245 1.119612216949463 31
1751220292190 0.9261051416397095 32
1751220293172 0.8737867474555969 33
1751220294142 0.7021377682685852 34
1751220295157 0.814851701259613 35
1751220296115 1.069412112236023 36
1751220297136 1.2538821697235107 37
1751220298113 0.7676637768745422 38
1751220299082 1.060349702835083 39
1751220300110 1.2204787731170654 40
1751220301057 0.6886481046676636 41
1751220301909 1.3629335165023804 42
1751220302904 1.0176109075546265 43
1751220303839 1.7264461517333984 44
1751220304653 0.14524924755096436 45
1751220305629 0.8386215567588806 46
1751220306595 0.7637483477592468 47
1751220307552 1.1889748573303223 48
1751220308532 0.7791416049003601 49
1751220309490 0.8379915356636047 50
1751220310453 1.512264370918274 51
1751220311401 0.5524210333824158 52
1751220312361 1.4320335388183594 53
1751220313364 0.704441487789154 54
1751220314328 1.4399343729019165 55
1751220315284 0.5752931833267212 56
1751220316225 0.8651618361473083 57
1751220317199 0.9316818118095398 58
1751220318134 1.459949016571045 59
1751220319099 1.2280172109603882 60
1751220320101 1.2163304090499878 61
1751220321048 1.1737159490585327 62
1751220322026 0.6671810746192932 63
1751220323016 0.9387364387512207 64
1751220323964 2.1264922618865967 65
1751220324943 1.082542061805725 66
1751220325875 0.7964349985122681 67
1751220326712 3.740605115890503 68
1751220327664 0.6659886240959167 69
1751220328612 1.2303181886672974 70
1751220329593 1.0907068252563477 71
1751220330535 2.304476261138916 72
1751220331511 0.4340967535972595 73
1751220332483 0.8866956830024719 74
1751220333419 0.952313244342804 75
1751220334375 0.8752825856208801 76
1751220335341 0.9363452196121216 77
1751220336294 1.5377962589263916 78
1751220337247 0.732153594493866 79
1751220338217 1.368038535118103 80
1751220339198 0.9507059454917908 81
1751220340160 1.1709462404251099 82
1751220341121 0.6449849009513855 83
1751220342061 1.0408034324645996 84
1751220343022 1.0083996057510376 85
1751220344018 0.41910383105278015 86
1751220344961 1.2763044834136963 87
1751220345936 1.1318047046661377 88
1751220346737 1.8280117511749268 89
1751220347576 0.6399631500244141 90
1751220348569 1.1818335056304932 91
1751220349512 0.6328990459442139 92
1751220350487 0.6830719113349915 93
1751220351449 0.8612462878227234 94
1751220352298 4.6379008293151855 95
1751220353264 1.1244091987609863 96
1751220354202 1.3413740396499634 97
1751220355186 1.0948179960250854 98
1751220356156 1.4519758224487305 99
1751220357126 0.8855514526367188 100
1751220357951 1.4879730939865112 101
1751220358941 0.9996601343154907 102
1751220359890 1.2017695903778076 103
1751220360837 0.859411895275116 104
1751220361837 1.416813850402832 105
1751220362770 1.7208689451217651 106
1751220363756 0.854800820350647 107
1751220364771 0.257412314414978 108
1751220365730 1.2318778038024902 109
1751220366767 1.4017828702926636 110
1751220367706 0.4653133451938629 111
1751220368672 0.6992294192314148 112
1751220369678 1.0311694145202637 113
1751220370639 0.8770940899848938 114
1751220371635 1.7705097198486328 115
1751220372604 1.2768328189849854 116
1751220373604 1.8176485300064087 117
1751220374557 0.8615318536758423 118
1751220375494 1.259369134902954 119
1751220376437 0.9933409690856934 120
1751220377395 0.9772459864616394 121
1751220378355 2.950917959213257 122
1751220379311 0.7566856741905212 123
1751220380294 0.9870709776878357 124
1751220381124 0.8748132586479187 125
1751220382080 1.1889492273330688 126
1751220382908 1.7881994247436523 127
1751220383882 1.1739221811294556 128
1751220384884 0.7272273302078247 129
1751220385867 1.044098138809204 130
1751220386822 1.9289973974227905 131
1751220387640 0.9739488959312439 132
1751220388588 1.1204324960708618 133
1751220389591 1.7466449737548828 134
1751220390424 1.9180231094360352 135
1751220391411 0.9056198000907898 136
1751220392286 1.7301651239395142 137
1751220393235 0.7443730235099792 138
1751220394194 0.8143908381462097 139
1751220395148 0.7867636680603027 140
1751220396096 0.8663215637207031 141
1751220397041 0.8481842279434204 142
1751220397980 0.5883370041847229 143
1751220398944 0.9418056607246399 144
1751220399913 2.086153745651245 145
1751220400887 0.8136693239212036 146
1751220401845 0.7104058265686035 147
1751220402788 1.0863498449325562 148
1751220403731 1.2416868209838867 149
1751220404719 0.49800175428390503 150
1751220405685 1.577471137046814 151
1751220406638 1.0477946996688843 152
1751220407619 0.850599467754364 153
1751220408569 0.5865419507026672 154
1751220409542 1.2215875387191772 155
1751220410568 1.221634864807129 156
1751220411515 0.3595618009567261 157
1751220412497 1.4256194829940796 158
1751220413458 0.45870935916900635 159
1751220414427 0.746473491191864 160
1751220415260 1.9497848749160767 161
1751220416200 0.966656506061554 162
1751220417131 0.8357551693916321 163
1751220418126 0.8840498924255371 164
1751220419114 1.542596697807312 165
1751220419975 1.0122772455215454 166
1751220420930 0.6077767014503479 167
1751220421922 0.8512043356895447 168
1751220422891 1.2833728790283203 169
1751220423873 0.7620729207992554 170
1751220424820 1.0546751022338867 171
1751220425768 0.9868419766426086 172
1751220426734 1.322361946105957 173
1751220427698 0.3914666473865509 174
1751220428650 1.7233933210372925 175
1751220429595 1.7895326614379883 176
1751220430437 0.17261457443237305 177
1751220431402 1.2160972356796265 178
1751220432381 1.7956113815307617 179
1751220433328 0.948107898235321 180
1751220434324 1.2432092428207397 181
1751220435297 1.2585488557815552 182
1751220436258 0.5999761819839478 183
1751220437056 0.5137883424758911 184
1751220438036 1.3141453266143799 185
1751220438991 1.1272509098052979 186
1751220439967 0.671724259853363 187
1751220440952 2.026540756225586 188
1751220441919 1.1932333707809448 189
1751220442885 1.5860768556594849 190
1751220443843 0.9303489923477173 191
1751220444793 0.8903148770332336 192
1751220445761 1.0826265811920166 193
1751220446748 0.9858647584915161 194
1751220447685 0.8238038420677185 195
1751220448636 1.7396999597549438 196
1751220449688 1.7115967273712158 197
1751220450527 1.5098572969436646 198
1751220451499 0.7486870884895325 199
1751220452453 1.5187336206436157 200
1751220453471 0.12790268659591675 201
1751220454420 1.5590344667434692 202
1751220455414 1.2068443298339844 203
1751220456372 0.16574570536613464 204
1751220457336 0.5256308317184448 205
1751220458300 0.7602965235710144 206
1751220459282 1.1525650024414062 207
1751220460102 0.826148271560669 208
1751220461079 1.156497836112976 209
1751220462027 0.8403298258781433 210
1751220463075 1.311523199081421 211
1751220464079 0.8590707778930664 212
1751220465030 0.7628135085105896 213
1751220466055 0.6872444152832031 214
1751220467008 0.7729308009147644 215
1751220467958 1.12375807762146 216
1751220468916 1.1255301237106323 217
1751220469927 0.8704164624214172 218
1751220470903 0.8664002418518066 219
1751220471850 0.7316741943359375 220
1751220472832 0.8050130009651184 221
1751220473792 0.9866074919700623 222
1751220474754 0.9064594507217407 223
1751220475746 0.7387304306030273 224
1751220476576 0.9470346570014954 225
1751220477543 0.7241990566253662 226
1751220478495 0.9473688006401062 227
1751220479473 0.9052639007568359 228
1751220480470 0.7522419691085815 229
1751220481441 1.0986953973770142 230
1751220482248 1.3895998001098633 231
1751220483209 1.1047552824020386 232
1751220484179 0.2645817697048187 233
1751220485151 0.9972365498542786 234
1751220486111 0.927369236946106 235
1751220487076 0.6677660346031189 236
1751220488075 1.2413877248764038 237
1751220489065 1.4992451667785645 238
1751220490087 0.6692337393760681 239
1751220491084 0.8258010745048523 240
1751220492058 0.8110707402229309 241
1751220493027 0.9979101419448853 242
1751220494011 1.0570749044418335 243
1751220494957 0.5911315083503723 244
1751220495907 1.1419827938079834 245
1751220496894 1.1360586881637573 246
1751220497858 1.5005382299423218 247
1751220498828 1.304620623588562 248
1751220499809 1.4827325344085693 249
1751220500780 0.7149173617362976 250
1751220501792 1.3012226819992065 251
1751220502754 1.225462794303894 252
1751220503566 2.5966103076934814 253
1751220504535 0.8631540536880493 254
1751220505491 1.2111704349517822 255
1751220506475 0.9342538714408875 256
1751220507344 0.9569406509399414 257
1751220508334 1.052135705947876 258
1751220509313 1.0791492462158203 259
1751220510299 1.2843743562698364 260
1751220511361 1.2526875734329224 261
1751220512327 1.1224926710128784 262
1751220513318 1.3186602592468262 263
1751220514274 1.1445916891098022 264
1751220515228 0.822156548500061 265
1751220516201 0.8087877631187439 266
1751220517185 0.5704862475395203 267
1751220518122 1.6917842626571655 268
1751220519071 0.9864431619644165 269
1751220519881 0.7548730373382568 270
1751220520859 0.9346334338188171 271
1751220521848 0.8689929842948914 272
1751220522833 0.9154243469238281 273
1751220523772 1.0657380819320679 274
1751220524744 0.7159301042556763 275
1751220525728 0.9338859915733337 276
1751220526695 0.7621108889579773 277
1751220527671 1.5589016675949097 278
1751220528929 0.7979748845100403 279
1751220529884 0.8188188672065735 280
1751220530862 1.0808662176132202 281
1751220531859 0.7956576943397522 282
1751220532812 0.6169485449790955 283
1751220533783 0.7290352582931519 284
1751220534749 0.7731768488883972 285
1751220535723 1.6216529607772827 286
1751220536683 0.7201053500175476 287
1751220537527 1.5649062395095825 288
1751220538515 0.6999838948249817 289
1751220539515 1.221503496170044 290
1751220540352 1.3150007724761963 291
1751220541323 2.6493442058563232 292
1751220542287 0.6965880393981934 293
1751220543246 1.4681211709976196 294
1751220544207 1.0137362480163574 295
1751220545163 0.21113534271717072 296
1751220546166 1.0112403631210327 297
1751220547055 0.9140810370445251 298
1751220547887 1.0771714448928833 299
1751220548850 0.5841447710990906 300
1751220549799 0.8306733965873718 301
1751220550753 0.6490358710289001 302
1751220551702 0.7731194496154785 303
1751220552701 1.3659723997116089 304
1751220553725 0.6165172457695007 305
1751220554686 0.8256853222846985 306
1751220555640 0.927605152130127 307
1751220556608 1.4448261260986328 308
1751220557657 0.6277199983596802 309
1751220558611 1.0970008373260498 310
1751220559556 0.8982769846916199 311
1751220560539 0.9076940417289734 312
1751220561557 1.061606526374817 313
1751220562513 0.5651687979698181 314
1751220563464 1.3488640785217285 315
1751220564402 0.8398382067680359 316
1751220565398 0.6770889163017273 317
1751220566351 0.7418337464332581 318
1751220567335 1.9210010766983032 319
1751220568307 1.9974793195724487 320
1751220569294 2.107445240020752 321
1751220570270 1.5144106149673462 322
1751220571249 1.1724671125411987 323
1751220572233 0.5811083316802979 324
1751220573048 2.581570625305176 325
1751220574055 0.7411309480667114 326
1751220575034 0.8712785840034485 327
1751220575999 1.7531322240829468 328
1751220576944 0.9333557486534119 329
1751220577899 0.026346856728196144 330
1751220578843 0.6353590488433838 331
1751220579868 0.7594819068908691 332
1751220580825 0.6272374391555786 333
1751220581782 1.7418736219406128 334
1751220582731 1.228760004043579 335
1751220583683 0.7604934573173523 336
1751220584635 0.9379068613052368 337
1751220585562 1.4629769325256348 338
1751220586519 0.9676010012626648 339
1751220587470 0.12300094962120056 340
1751220588452 1.615881323814392 341
1751220589415 0.8901433348655701 342
1751220590228 0.7787594199180603 343
1751220591180 1.360846996307373 344
1751220592128 0.9926019906997681 345
1751220593072 1.8389965295791626 346
1751220594054 0.7721421122550964 347
1751220595082 1.0862358808517456 348
1751220596029 1.2538783550262451 349
1751220597011 0.8744891285896301 350
1751220597988 1.6666393280029297 351
1751220598978 1.0112383365631104 352
1751220599940 1.107340693473816 353
1751220600911 0.4813666045665741 354
1751220601889 1.1516220569610596 355
1751220602832 1.002984881401062 356
1751220603824 0.909627377986908 357
1751220604825 0.7000681757926941 358
1751220605823 0.9424237608909607 359
1751220606836 0.8553993105888367 360
1751220607851 0.7209637761116028 361
1751220608867 0.9128252267837524 362
1751220609899 1.2447314262390137 363
1751220610847 1.0703753232955933 364
1751220611820 0.9129608273506165 365
1751220612816 1.2266520261764526 366
1751220613800 1.1796818971633911 367
1751220614796 1.2944302558898926 368
1751220615651 1.1322823762893677 369
1751220616655 1.1052321195602417 370
1751220617702 0.942831814289093 371
1751220618673 1.4183663129806519 372
1751220619645 1.392646312713623 373
1751220620655 1.380008578300476 374
1751220621667 0.9475274085998535 375
1751220622483 1.6036710739135742 376
1751220623456 1.0756336450576782 377
1751220624470 1.0428447723388672 378
1751220625469 0.42471036314964294 379
1751220626462 0.9685419201850891 380
1751220627454 1.7851260900497437 381
1751220628469 1.0932683944702148 382
1751220629450 1.2285398244857788 383
1751220630442 1.0220412015914917 384
1751220631466 0.8526809811592102 385
1751220632471 0.8233726620674133 386
1751220633539 1.2972471714019775 387
1751220634578 0.8603684306144714 388
1751220635625 0.9507800340652466 389
1751220636629 1.8433595895767212 390
1751220637601 0.9961909651756287 391
1751220638624 1.2092760801315308 392
1751220639639 0.7842435240745544 393
1751220640633 0.7193695306777954 394
1751220641472 0.9675472378730774 395
1751220642445 0.9265085458755493 396
1751220643437 0.7469047904014587 397
1751220644460 1.2367767095565796 398
1751220645468 0.8035938143730164 399
1751220646481 1.1486793756484985 400
1751220647499 2.6384403705596924 401
1751220648475 0.8261789679527283 402
1751220649431 0.8720579147338867 403
1751220650453 1.1806881427764893 404
1751220651433 0.5805086493492126 405
1751220652446 0.8183021545410156 406
1751220653344 1.504038691520691 407
1751220654348 1.2597101926803589 408
1751220655415 0.9649659991264343 409
1751220656392 0.6122108697891235 410
1751220657393 0.7151546478271484 411
1751220658405 0.8308847546577454 412
1751220659496 1.2356635332107544 413
1751220660532 1.1191949844360352 414
1751220661499 0.6381837129592896 415
1751220662344 2.210228443145752 416
1751220663427 0.9537119269371033 417
1751220664503 1.0154314041137695 418
1751220665520 0.6376160979270935 419
1751220666430 1.2249794006347656 420
1751220667453 1.5253013372421265 421
1751220668463 1.171208381652832 422
1751220669493 1.4967626333236694 423
1751220670507 0.8226354718208313 424
1751220671487 0.24344958364963531 425
1751220672451 1.140183925628662 426
1751220673413 0.8184847831726074 427
1751220674279 1.1985716819763184 428
1751220675291 2.9225850105285645 429
1751220676298 0.24570362269878387 430
1751220677324 1.359690546989441 431
1751220678434 0.5224520564079285 432
1751220679464 0.8935413360595703 433
1751220680485 1.1042455434799194 434
1751220681513 0.6560674905776978 435
1751220682411 2.057713270187378 436
1751220683423 1.1964054107666016 437
1751220684451 0.9088463187217712 438
1751220685484 0.01918093115091324 439
1751220686459 0.6528703570365906 440
1751220687484 0.9198864102363586 441
1751220688553 1.341374397277832 442
1751220689587 1.4336717128753662 443
1751220690591 0.5287330150604248 444
1751220691635 1.026579737663269 445
1751220692701 1.0148662328720093 446
1751220693712 0.6091699600219727 447
1751220694791 1.1344938278198242 448
1751220695772 0.8746170401573181 449
1751220696807 0.596128523349762 450
1751220697815 1.0386947393417358 451
1751220698816 1.186851143836975 452
1751220699838 0.5584986209869385 453
1751220700870 1.1294536590576172 454
1751220701856 1.0723263025283813 455
1751220702856 0.8835466504096985 456
1751220703856 0.37149983644485474 457
1751220704859 0.9271265864372253 458
1751220705846 1.2195814847946167 459
1751220706842 1.3712589740753174 460
1751220707700 0.347520649433136 461
1751220708792 1.0768539905548096 462
1751220709789 0.5010029673576355 463
1751220710862 0.5743947625160217 464
1751220711905 1.0468358993530273 465
1751220712913 0.8176888823509216 466
1751220713936 1.479919672012329 467
1751220714928 0.9828755855560303 468
1751220715980 0.5716820955276489 469
1751220716939 2.060586929321289 470
1751220717959 0.7377507090568542 471
1751220718957 0.9943510293960571 472
1751220719961 0.8994585275650024 473
1751220720947 3.2071075439453125 474
1751220721939 1.40425443649292 475
1751220722950 0.9632094502449036 476
1751220723950 1.0798951387405396 477
1751220725052 0.8736101388931274 478
1751220726097 1.007386565208435 479
1751220727135 0.9611577987670898 480
1751220728162 0.6094613075256348 481
1751220729079 1.925950288772583 482
1751220730111 3.2230331897735596 483
1751220731189 0.8625757098197937 484
1751220732182 0.8146610260009766 485
1751220733230 0.7321643829345703 486
1751220734231 1.335734486579895 487
1751220735282 0.9492530226707458 488
1751220736357 0.8988643884658813 489
1751220737413 1.5410912036895752 490
1751220738437 1.1547242403030396 491
1751220739473 1.3306846618652344 492
1751220740549 1.1543056964874268 493
1751220741432 1.1096525192260742 494
1751220742408 0.702157199382782 495
1751220743416 1.01980721950531 496
1751220744422 0.6341342329978943 497
1751220745388 0.7634679079055786 498
1751220746422 0.41938352584838867 499
1751220747480 1.5972455739974976 500
1751220748508 1.1376279592514038 501
1751220749406 1.7301743030548096 502
1751220750409 0.7578109502792358 503
1751220751490 0.9486444592475891 504
1751220752359 1.1989240646362305 505
1751220753380 0.7076259851455688 506
1751220754361 0.8693360686302185 507
1751220755389 1.1851096153259277 508
1751220756312 1.6046196222305298 509
1751220757363 0.7116155028343201 510
1751220758376 0.6785666346549988 511
1751220759389 0.8119220733642578 512
1751220760357 1.1797202825546265 513
1751220761336 0.6077955365180969 514
1751220762338 0.8742079138755798 515
1751220763322 0.65800541639328 516
1751220764303 0.6494714021682739 517
1751220765190 1.0836318731307983 518
1751220766023 2.0714282989501953 519
1751220767070 0.9992603659629822 520
1751220768051 1.0716232061386108 521
1751220769021 0.9517386555671692 522
1751220770025 1.2641326189041138 523
1751220771076 0.7785260081291199 524
1751220772043 2.2939159870147705 525
1751220773048 1.2867971658706665 526
1751220774054 0.7736068367958069 527
1751220775050 1.3314430713653564 528
1751220775897 1.615549087524414 529
1751220776895 0.7899394035339355 530
1751220777882 0.7311965227127075 531
1751220778895 0.768257200717926 532
1751220779878 0.8523397445678711 533
1751220780860 1.0909065008163452 534
1751220781941 0.9025997519493103 535
1751220782934 1.0303319692611694 536
1751220783930 0.9208122491836548 537
1751220784952 0.7727589011192322 538
1751220785949 0.8150060772895813 539
1751220786953 0.8524605631828308 540
1751220787964 1.3339500427246094 541
1751220788969 1.5903533697128296 542
1751220790010 0.727358341217041 543
1751220790984 1.0010286569595337 544
1751220792018 1.0646618604660034 545
1751220793046 1.077440619468689 546
1751220794043 1.3688766956329346 547
1751220795071 0.771765410900116 548
1751220796110 1.1196972131729126 549
1751220797076 1.3730266094207764 550
1751220798403 0.7589668035507202 551
1751220799518 0.8617579340934753 552
1751220800550 0.7508780360221863 553
1751220801594 1.314032793045044 554
1751220802695 1.229349970817566 555
1751220803827 0.7334863543510437 556
1751220805021 0.745823085308075 557
1751220806009 1.061360239982605 558
1751220808470 0.860643208026886 559
1751220810219 1.0775095224380493 560
1751220811230 0.5093125104904175 561
1751220812209 0.7039536833763123 562
1751220813248 1.0911362171173096 563
1751220814239 1.0768578052520752 564
1751220815230 0.821232259273529 565
1751220818938 0.970348060131073 566
1751220820016 0.5423408150672913 567
1751220821013 1.1234978437423706 568
1751220822038 1.6406986713409424 569
1751220823039 0.4928087294101715 570
1751220824004 1.647930383682251 571
1751220826944 0.9928645491600037 572
1751220828328 1.658186435699463 573
1751220829334 0.9799400568008423 574
1751220830346 0.7247063517570496 575
1751220832781 0.736775279045105 576
1751220833833 1.078774333000183 577
1751220835103 0.7069422602653503 578
1751220836556 0.6052461862564087 579
1751220837608 1.3797234296798706 580
1751220838626 0.7767548561096191 581
1751220839612 1.9771984815597534 582
1751220840597 1.5129449367523193 583
1751220841549 1.7147880792617798 584
1751220842578 0.22461293637752533 585
1751220843626 0.71619713306427 586
1751220844598 1.4196738004684448 587
1751220845601 0.7186816334724426 588
1751220846630 0.7043452858924866 589
1751220847494 1.1688368320465088 590
1751220848538 1.2922499179840088 591
1751220849583 0.951460063457489 592
1751220850613 1.2626440525054932 593
1751220851669 1.014227032661438 594
1751220852683 0.3354584276676178 595
1751220853730 1.2376809120178223 596
1751220854775 0.8291661143302917 597
1751220855774 0.5323365330696106 598
1751220856679 1.0552257299423218 599
1751220857719 0.8453647494316101 600
1751220858589 1.6172754764556885 601
1751220859567 0.4574962854385376 602
1751220860584 1.2701327800750732 603
1751220861572 1.4461339712142944 604
1751220862608 0.8326175808906555 605
1751220863624 0.9353258013725281 606
1751220864633 1.4544670581817627 607
1751220865635 0.9230745434761047 608
1751220866561 1.4460853338241577 609
1751220867587 1.8482166528701782 610
1751220868563 1.0754059553146362 611
1751220869591 1.2001022100448608 612
1751220870633 0.7855449914932251 613
1751220871612 0.8912437558174133 614
1751220872626 1.157906413078308 615
1751220873660 0.7332923412322998 616
1751220874724 0.9189162254333496 617
1751220875990 1.006588339805603 618
1751220877004 0.9487461447715759 619
1751220877997 0.8932936787605286 620
1751220879000 0.5743937492370605 621
1751220880012 1.1665575504302979 622
1751220880994 0.7619330286979675 623
1751220882071 0.883023202419281 624
1751220883078 1.4385336637496948 625
1751220884090 1.3781965970993042 626
1751220885097 0.6993823051452637 627
1751220886179 0.4987501800060272 628
1751220887196 0.6489056944847107 629
1751220888240 0.8422189950942993 630
1751220889245 3.6566689014434814 631
1751220890239 1.1806869506835938 632
1751220891236 1.2903884649276733 633
1751220892242 0.4491991102695465 634
1751220893249 1.5133047103881836 635
1751220894263 0.7075530886650085 636
1751220895281 1.0191946029663086 637
1751220896150 1.693466067314148 638
1751220897138 0.9137392044067383 639
1751220898262 1.4285857677459717 640
1751220899257 0.9865464568138123 641
1751220900265 0.019093625247478485 642
1751220901304 0.6314225792884827 643
1751220902327 1.2096267938613892 644
1751220903549 0.567947268486023 645
1751220904598 0.4724177420139313 646
1751220905764 1.7208995819091797 647
1751220906813 1.0529545545578003 648
1751220909576 0.9758804440498352 649
1751220910627 1.925291657447815 650
1751220911615 0.9906101226806641 651
1751220912465 1.0391156673431396 652
1751220913461 0.8179277777671814 653
1751220914486 1.2581171989440918 654
1751220915522 1.3566219806671143 655
1751220920015 0.6555303931236267 656
1751220920888 1.5824068784713745 657
1751220921884 0.8707550168037415 658
1751220922804 1.4784904718399048 659
1751220923757 0.516104519367218 660
1751220927616 1.1670786142349243 661
1751220928607 0.9614018797874451 662
1751220929652 0.8105652928352356 663
1751220932691 0.6484324336051941 664
1751220933713 0.9049518704414368 665
1751220935103 0.8720319867134094 666
1751220936485 0.6025311350822449 667
1751220937500 0.9685764312744141 668
1751220938449 1.5171259641647339 669
1751220939438 0.9218875169754028 670
1751220940461 0.7018029093742371 671
1751220941451 0.7444291114807129 672
1751220942452 0.787473738193512 673
1751220943465 0.927459180355072 674
1751220944447 1.468854546546936 675
1751220945408 0.7152976393699646 676
1751220946418 0.7334306836128235 677
1751220947393 0.7582376599311829 678
1751220948427 1.6256216764450073 679
1751220949431 1.6953328847885132 680
1751220950437 0.5582594871520996 681
1751220951399 1.0675584077835083 682
1751220952374 0.5382108092308044 683
1751220953205 0.9743766188621521 684
1751220954040 1.7416400909423828 685
1751220955012 1.1400374174118042 686
1751220956012 0.8272836804389954 687
1751220956982 0.9437049031257629 688
1751220958004 0.8359065055847168 689
1751220958984 0.5781694650650024 690
1751220960020 0.8709017038345337 691
1751220961016 1.80656898021698 692
1751220962020 1.1901441812515259 693
1751220963001 0.7672318816184998 694
1751220964033 1.0756217241287231 695
1751220965011 0.8724846839904785 696
1751220966039 1.7207039594650269 697
1751220967041 1.3434040546417236 698
1751220968076 0.7243283987045288 699
1751220969109 0.7079371809959412 700
1751220970118 0.8521943092346191 701
1751220971143 1.2767324447631836 702
1751220972133 0.7129434943199158 703
1751220973013 0.02111095003783703 704
1751220973994 0.9283685684204102 705
1751220975015 0.7011627554893494 706
1751220975982 1.1867313385009766 707
1751220976998 1.171517252922058 708
1751220978063 1.4476760625839233 709
1751220979041 0.7034966349601746 710
1751220980036 1.224501609802246 711
1751220981055 1.3073186874389648 712
1751220982048 1.2414816617965698 713
1751220983059 0.9116515517234802 714
1751220984024 0.6581328511238098 715
1751220984891 1.2735086679458618 716
1751220985746 0.7700392007827759 717
1751220986747 1.386727213859558 718
1751220987730 0.9858325123786926 719
1751220988753 1.4640358686447144 720
1751220989633 1.9930895566940308 721
1751220990593 0.6662793159484863 722
1751220991622 1.5523614883422852 723
1751220992597 1.3403700590133667 724
1751220993579 0.5665767192840576 725
1751220994564 1.2341488599777222 726
1751220995559 0.9153852462768555 727
1751220996613 1.0821993350982666 728
1751220997542 1.3446534872055054 729
1751220998548 1.0041253566741943 730
1751220999575 0.791140079498291 731
1751221000566 0.8368925452232361 732
1751221001593 0.2763304114341736 733
1751221002562 0.8892835974693298 734
1751221003552 1.0583776235580444 735
1751221004590 0.9315075278282166 736
1751221005604 0.42915040254592896 737
1751221006450 1.297754168510437 738
1751221007415 0.8099277019500732 739
1751221008408 1.0855215787887573 740
1751221009413 1.355669379234314 741
1751221010410 0.8406530618667603 742
1751221011432 0.5830918550491333 743
1751221012433 0.9015607833862305 744
1751221013404 1.0301622152328491 745
1751221014376 1.314903736114502 746
1751221015371 0.8699429035186768 747
1751221016335 0.9949661493301392 748
1751221017333 1.3970946073532104 749
1751221018341 0.7680646777153015 750
1751221019376 1.0400561094284058 751
1751221020369 0.6865612268447876 752
1751221021439 0.9124774932861328 753
1751221022462 0.7327961325645447 754
1751221023446 0.6723606586456299 755
1751221024466 1.2870372533798218 756
1751221025444 1.4265891313552856 757
1751221026467 2.2265660762786865 758
1751221027474 0.8906059265136719 759
1751221028465 0.6625679135322571 760
1751221029421 0.21102257072925568 761
1751221030411 1.185390830039978 762
1751221031420 0.773094892501831 763
1751221032398 1.4582092761993408 764
1751221033419 0.9552984237670898 765
1751221034402 0.5708575248718262 766
1751221035401 0.9247428774833679 767
1751221036350 0.07114522159099579 768
1751221037331 1.1085608005523682 769
1751221038293 1.3728832006454468 770
1751221039288 0.7268050909042358 771
1751221040264 0.9132390022277832 772
1751221041267 0.7734758257865906 773
1751221042252 0.8578247427940369 774
1751221043229 0.7765424847602844 775
1751221044066 1.5008455514907837 776
1751221045064 1.6070072650909424 777
1751221046047 1.0877021551132202 778
1751221047034 0.7205687761306763 779
1751221048079 0.1386202871799469 780
1751221049052 0.144316166639328 781
1751221050062 0.5529028177261353 782
1751221051023 1.3958053588867188 783
1751221052005 1.124765396118164 784
1751221053000 1.1948429346084595 785
1751221054023 0.6137157678604126 786
1751221055006 0.6684562563896179 787
1751221055969 0.6295739412307739 788
1751221056937 1.2321361303329468 789
1751221057927 0.8835725784301758 790
1751221058872 0.7541932463645935 791
1751221059863 1.1235401630401611 792
1751221060882 1.163063645362854 793
1751221061846 0.8071455359458923 794
1751221062913 1.4777888059616089 795
1751221063900 0.8725844621658325 796
1751221064871 0.386669784784317 797
1751221065848 1.0166082382202148 798
1751221066846 0.5297980308532715 799
1751221067807 1.0431640148162842 800
1751221068806 0.8019119501113892 801
1751221069798 0.6644495725631714 802
1751221070764 0.6059449315071106 803
1751221071737 1.5864957571029663 804
1751221072698 0.8175050020217896 805
1751221073675 1.082722544670105 806
1751221074698 0.8445762991905212 807
1751221075671 0.6668093204498291 808
1751221076642 0.7208795547485352 809
1751221077601 1.1355873346328735 810
1751221078631 1.9221553802490234 811
1751221079609 1.0925203561782837 812
1751221080611 1.3470371961593628 813
1751221081619 0.9562395215034485 814
1751221082604 2.2439687252044678 815
1751221083598 1.7251025438308716 816
1751221084559 0.8282103538513184 817
1751221085406 1.7206557989120483 818
1751221086425 0.8504117131233215 819
1751221087401 0.6963090300559998 820
1751221088362 1.053827166557312 821
1751221089382 0.2554944157600403 822
1751221090490 1.0547579526901245 823
1751221091480 0.9941276907920837 824
1751221092542 1.0487531423568726 825
1751221093506 0.934909462928772 826
1751221094396 1.3693643808364868 827
1751221095420 1.0909117460250854 828
1751221096415 1.070297122001648 829
1751221097380 0.5073015093803406 830
1751221098350 0.7302190661430359 831
1751221099324 0.5563270449638367 832
1751221100311 0.9399530291557312 833
1751221101289 0.6731458306312561 834
1751221102248 0.5853962302207947 835
1751221103239 1.274539828300476 836
1751221104203 1.0953350067138672 837
1751221105173 0.7466263175010681 838
1751221106163 0.8850221633911133 839
1751221107132 1.0775920152664185 840
1751221108111 1.5867286920547485 841
1751221109085 1.5737372636795044 842
1751221110070 0.6842851042747498 843
1751221111056 0.9746078848838806 844
1751221112034 1.5864157676696777 845
1751221113005 1.3361409902572632 846
1751221114002 0.6534923315048218 847
1751221115003 0.5453211665153503 848
1751221115987 0.9441143870353699 849
1751221116955 0.8596934676170349 850
1751221117966 1.2951408624649048 851
1751221118817 1.8171207904815674 852
1751221119692 0.8859527707099915 853
1751221120684 0.5366563200950623 854
1751221121644 0.9905157089233398 855
1751221122604 1.3094587326049805 856
1751221123654 1.8373059034347534 857
1751221124607 1.1082336902618408 858
1751221125451 1.3635667562484741 859
1751221126444 0.7428163886070251 860
1751221127462 1.394221544265747 861
1751221128480 0.8980453610420227 862
1751221129462 0.708916187286377 863
1751221130456 1.0832288265228271 864
1751221131340 1.0648961067199707 865
1751221132320 0.8559900522232056 866
1751221133296 0.7436663508415222 867
1751221134592 0.8618025183677673 868
1751221135547 0.8790481686592102 869
1751221136536 0.7642695307731628 870
1751221137537 0.7568637728691101 871
1751221138546 0.8384426236152649 872
1751221139526 0.7128624320030212 873
1751221140351 1.1821343898773193 874
1751221141354 1.406403660774231 875
1751221142305 0.30625951290130615 876
1751221143269 1.0991179943084717 877
1751221144258 0.9611841440200806 878
1751221145273 1.236751914024353 879
1751221146236 4.9933600425720215 880
1751221147259 0.709960401058197 881
1751221148280 1.0725176334381104 882
1751221149119 0.16500359773635864 883
1751221150100 0.5585623979568481 884
1751221151088 1.0882304906845093 885
1751221152066 1.0747989416122437 886
1751221153056 1.3784494400024414 887
1751221154049 0.5425281524658203 888
1751221155059 0.9821348190307617 889
1751221156026 0.09149584174156189 890
1751221157086 0.961678683757782 891
1751221158062 1.004712462425232 892
1751221159067 0.42863237857818604 893
1751221160055 1.4019802808761597 894
1751221161038 0.58888840675354 895
1751221162006 1.324304461479187 896
1751221163011 0.9148650169372559 897
1751221164006 1.0603444576263428 898
1751221164978 0.9203495979309082 899
1751221165964 0.2253856658935547 900
1751221166916 0.9876726269721985 901
1751221167923 1.0061105489730835 902
1751221168919 1.5161150693893433 903
1751221169914 1.2943204641342163 904
1751221170919 0.7917760610580444 905
1751221171895 0.6562838554382324 906
1751221172849 0.8327402472496033 907
1751221173822 0.7147080302238464 908
1751221174688 0.704306423664093 909
1751221175680 0.6615045666694641 910
1751221176659 0.9807519912719727 911
1751221177681 0.7597991228103638 912
1751221178641 0.9908873438835144 913
1751221179634 1.15823233127594 914
1751221180669 0.7261647582054138 915
1751221181680 0.7219190001487732 916
1751221182685 0.8722464442253113 917
1751221183650 1.0077637434005737 918
1751221184719 0.5324479341506958 919
1751221185688 1.6921370029449463 920
1751221186689 1.1378748416900635 921
1751221187690 1.45111083984375 922
1751221188757 0.997316300868988 923
1751221189719 0.9317288398742676 924
1751221190693 0.6298967599868774 925
1751221191711 0.511269748210907 926
1751221192764 2.2452869415283203 927
1751221193739 0.9353047013282776 928
1751221194692 1.0921952724456787 929
1751221195526 0.7142369747161865 930
1751221196542 0.5961062908172607 931
1751221197534 0.7265264391899109 932
1751221198550 1.2567286491394043 933
1751221199517 0.8299989104270935 934
1751221200488 0.705579936504364 935
1751221201509 1.8077583312988281 936
1751221202479 0.7867048382759094 937
1751221203473 0.5371052622795105 938
1751221204469 0.5175354480743408 939
1751221205464 1.2137367725372314 940
1751221206472 1.2504892349243164 941
1751221207451 0.9396634101867676 942
1751221208438 0.7093543410301208 943
1751221209413 1.1794124841690063 944
1751221210402 0.6283212900161743 945
1751221211369 1.3184913396835327 946
1751221212342 0.6328326463699341 947
1751221213321 0.6937200427055359 948
1751221214284 1.418737769126892 949
1751221215241 1.1071741580963135 950
1751221216226 0.9637007117271423 951
1751221217222 1.4335901737213135 952
1751221218233 2.1127777099609375 953
1751221219230 1.5038429498672485 954
1751221220212 1.6947193145751953 955
1751221221264 1.4733335971832275 956
1751221222108 1.2715176343917847 957
1751221223075 0.3626372516155243 958
1751221224055 0.7220916152000427 959
1751221225045 1.350374698638916 960
1751221226028 2.058528184890747 961
1751221227050 0.8216795325279236 962
1751221228042 1.0346108675003052 963
1751221229009 1.3297773599624634 964
1751221230007 0.6736445426940918 965
1751221230938 1.0677305459976196 966
1751221231824 0.961187481880188 967
1751221232835 0.8147733807563782 968
1751221233806 2.4160938262939453 969
1751221234762 0.8595046997070312 970
1751221235716 0.8818765878677368 971
1751221236574 1.3357291221618652 972
1751221237553 0.9821156859397888 973
1751221238533 0.8078961968421936 974
1751221239513 1.1441830396652222 975
1751221240467 0.8015303015708923 976
1751221241438 1.5354572534561157 977
1751221242404 0.5341809391975403 978
1751221243363 0.9805859327316284 979
1751221244331 0.9928625226020813 980
1751221245229 2.15094256401062 981
1751221246236 2.2295291423797607 982
1751221247206 0.46271148324012756 983
1751221248265 0.9296251535415649 984
1751221249223 1.0026315450668335 985
1751221250200 1.007051944732666 986
1751221251197 0.8619118928909302 987
1751221252145 1.447793960571289 988
1751221253137 1.0810205936431885 989
1751221254084 0.9648752212524414 990
1751221255049 0.27270689606666565 991
1751221255879 1.0753287076950073 992
1751221256871 0.6701458096504211 993
1751221257828 0.9210378527641296 994
1751221258893 0.7142192721366882 995
1751221259730 1.1362247467041016 996
1751221260696 0.9418054819107056 997
1751221261682 0.7372552752494812 998
1751221262723 0.6925168037414551 999
1751221263747 0.6397932767868042 1000
1751221264583 0.054256800562143326 1001
1751221265566 0.6952553987503052 1002
1751221266544 1.911158561706543 1003
1751221267514 0.9354583621025085 1004
1751221268483 0.8684690594673157 1005
1751221269473 1.1357358694076538 1006
1751221270461 1.4429408311843872 1007
1751221271426 0.6711224913597107 1008
1751221272435 1.1622421741485596 1009
1751221273421 0.8800927400588989 1010
1751221274366 0.9568007588386536 1011
1751221275341 1.044685959815979 1012
1751221276393 0.973052978515625 1013
1751221277197 1.5359009504318237 1014
1751221278185 0.9396878480911255 1015
1751221279170 1.0476421117782593 1016
1751221280146 0.6313959360122681 1017
1751221281128 1.4932130575180054 1018
1751221281969 3.012493848800659 1019
1751221282916 1.1385596990585327 1020
1751221283865 1.0446538925170898 1021
1751221284835 0.9039613008499146 1022
1751221285816 0.742290735244751 1023
1751221286782 1.4592328071594238 1024
1751221287760 1.5267417430877686 1025
1751221288736 0.979510486125946 1026
1751221289590 0.9839513897895813 1027
1751221290564 0.6050533652305603 1028
1751221291548 1.0245615243911743 1029
1751221292528 0.6879253387451172 1030
1751221293515 1.6318219900131226 1031
1751221294496 0.9362030029296875 1032
1751221295465 1.0635894536972046 1033
1751221296305 1.3509148359298706 1034
1751221297144 2.694268226623535 1035
1751221298127 1.7738255262374878 1036
1751221299112 1.0808124542236328 1037
1751221300083 1.5683921575546265 1038
1751221301041 0.7432069182395935 1039
1751221301850 1.011012315750122 1040
1751221302800 1.2106777429580688 1041
1751221303776 0.923723042011261 1042
1751221304803 0.7250743508338928 1043
1751221305773 0.8254748582839966 1044
1751221306743 1.2320137023925781 1045
1751221307717 1.9355825185775757 1046
1751221308815 0.2881196439266205 1047
1751221309783 0.8554758429527283 1048
1751221310764 0.6632840037345886 1049
1751221311586 0.5852672457695007 1050
1751221312564 0.7226832509040833 1051
1751221313526 0.8295168280601501 1052
1751221314528 0.9436439871788025 1053
1751221315547 0.2113768607378006 1054
1751221316508 0.5748937129974365 1055
1751221317343 0.4082244336605072 1056
1751221318310 0.9554635286331177 1057
1751221319287 0.7969880700111389 1058
1751221320249 0.8760156035423279 1059
1751221321220 1.2181196212768555 1060
1751221322192 0.6546213626861572 1061
1751221323049 1.3335527181625366 1062
1751221323918 1.605525255203247 1063
1751221324930 1.8083008527755737 1064
1751221325801 0.9773978590965271 1065
1751221326779 0.7274764776229858 1066
1751221327772 1.302558183670044 1067
1751221328728 0.7456703186035156 1068
1751221329704 0.7953416705131531 1069
1751221330666 0.7920375466346741 1070
1751221331673 0.8383805155754089 1071
1751221332673 0.6701312065124512 1072
1751221333661 1.0677852630615234 1073
1751221334540 0.9856327176094055 1074
1751221335544 1.2434927225112915 1075
1751221336497 1.30731999874115 1076
1751221337455 1.0597785711288452 1077
1751221338445 2.104843854904175 1078
1751221339413 1.0031055212020874 1079
1751221340375 1.033143401145935 1080
1751221341343 1.214882493019104 1081
1751221342327 1.08828604221344 1082
1751221343302 1.4042974710464478 1083
1751221344605 0.9121125340461731 1084
1751221345580 0.868804395198822 1085
1751221346446 2.583028793334961 1086
1751221347438 0.8449587821960449 1087
1751221348413 0.6536573767662048 1088
1751221349395 0.7135912179946899 1089
1751221350374 1.116886019706726 1090
1751221351343 0.6377853155136108 1091
1751221352184 1.1058059930801392 1092
1751221353193 1.2948349714279175 1093
1751221354025 0.6478535532951355 1094
1751221354896 2.007725954055786 1095
1751221355872 1.4457935094833374 1096
1751221356865 0.7139124274253845 1097
1751221357838 0.8606540560722351 1098
1751221358874 1.0815480947494507 1099
1751221359846 0.6530081629753113 1100
1751221360815 0.7895443439483643 1101
1751221361795 1.2438991069793701 1102
1751221362755 0.9793038368225098 1103
1751221363773 1.0479902029037476 1104
1751221364803 0.8117567300796509 1105
1751221365815 1.058800458908081 1106
1751221366812 0.5815533399581909 1107
1751221367766 0.9320738315582275 1108
1751221368740 1.9444385766983032 1109
1751221369720 1.416183352470398 1110
1751221370732 0.6468116044998169 1111
1751221371685 0.6869685053825378 1112
1751221372651 0.6331897377967834 1113
1751221373625 1.0695478916168213 1114
1751221374602 0.5668421983718872 1115
1751221375574 0.5959343314170837 1116
1751221376544 0.882476806640625 1117
1751221377554 0.5061820149421692 1118
1751221378526 0.8696017861366272 1119
1751221379533 0.6708916425704956 1120
1751221380492 0.861674964427948 1121
1751221381461 0.9767435193061829 1122
1751221382435 1.1100620031356812 1123
1751221383408 0.6438800692558289 1124
1751221384365 1.402436375617981 1125
1751221385211 1.101074457168579 1126
1751221386212 0.8302484750747681 1127
1751221387183 0.5508551001548767 1128
1751221388157 1.3536466360092163 1129
1751221389146 0.620508074760437 1130
1751221390139 0.27633166313171387 1131
1751221391145 0.7697935104370117 1132
1751221392115 0.9084415435791016 1133
1751221392950 2.264977216720581 1134
1751221393910 0.9546356201171875 1135
1751221394879 0.9091507196426392 1136
1751221395850 0.652521550655365 1137
1751221396864 1.3742907047271729 1138
1751221397864 0.9662051796913147 1139
1751221398753 0.7554702162742615 1140
1751221399731 0.8939248919487 1141
1751221400696 0.7690604329109192 1142
1751221401709 1.4294363260269165 1143
1751221402737 0.9405282139778137 1144
1751221403729 1.0979450941085815 1145
1751221404705 1.2309694290161133 1146
1751221405682 0.6869508028030396 1147
1751221406687 1.0123627185821533 1148
1751221407582 0.058334581553936005 1149
1751221408432 1.4163620471954346 1150
1751221409430 0.016934795305132866 1151
1751221410430 0.6934356689453125 1152
1751221411421 0.5838569402694702 1153
1751221412392 1.5967063903808594 1154
1751221413416 0.6770718097686768 1155
1751221414382 0.6156328916549683 1156
1751221415358 0.7390820384025574 1157
1751221416353 0.9934401512145996 1158
1751221417345 0.8736500144004822 1159
1751221418302 1.0478110313415527 1160
1751221419260 2.6793644428253174 1161
1751221420237 0.7956315279006958 1162
1751221421194 0.6878522038459778 1163
1751221422207 1.3262628316879272 1164
1751221423176 0.5821806192398071 1165
1751221424026 1.4657318592071533 1166
1751221424973 1.5507736206054688 1167
1751221425982 0.6997142434120178 1168
1751221426793 1.745126724243164 1169
1751221427754 0.467302531003952 1170
1751221428749 1.209080696105957 1171
1751221429740 0.8151773810386658 1172
1751221430726 0.8310977816581726 1173
1751221431715 0.8541440963745117 1174
1751221432557 1.2652263641357422 1175
1751221433553 0.6964268088340759 1176
1751221434492 1.0258837938308716 1177
1751221435492 0.5647937655448914 1178
1751221436510 0.8851358294487 1179
1751221437471 0.8950359225273132 1180
1751221438452 0.841382622718811 1181
1751221439423 0.16636164486408234 1182
1751221440272 0.7625952363014221 1183
1751221441263 0.7850636839866638 1184
1751221442081 1.3685556650161743 1185
1751221442892 1.9783909320831299 1186
1751221443863 0.3664015531539917 1187
1751221444851 1.4902684688568115 1188
1751221445828 0.6082879304885864 1189
1751221446799 0.8045989871025085 1190
1751221447767 1.8502100706100464 1191
1751221448725 1.023961067199707 1192
1751221449711 0.677985668182373 1193
1751221450586 0.6329617500305176 1194
1751221451545 0.6044345498085022 1195
1751221452595 1.4400577545166016 1196
1751221453545 1.1266406774520874 1197
1751221454498 0.5376297831535339 1198
1751221455472 1.0187950134277344 1199
1751221456301 0.9147053956985474 1200
1751221457270 0.8316529393196106 1201
1751221458259 0.9541661143302917 1202
1751221459277 0.6863155364990234 1203
1751221460255 0.5447890162467957 1204
1751221461288 1.045958161354065 1205
1751221462253 0.7974720597267151 1206
1751221463232 0.8486765027046204 1207
1751221464225 0.6505780220031738 1208
1751221465224 1.3616515398025513 1209
1751221466201 1.116784691810608 1210
1751221467203 1.0109524726867676 1211
1751221468208 1.049635887145996 1212
1751221469195 1.0796681642532349 1213
1751221470170 0.7585406303405762 1214
1751221471133 1.5028822422027588 1215
1751221472115 1.7640774250030518 1216
1751221473124 0.757935643196106 1217
1751221474169 0.7932098507881165 1218
1751221475170 1.0003408193588257 1219
1751221476130 1.1095455884933472 1220
1751221477114 1.1503733396530151 1221
1751221478077 0.9393011927604675 1222
1751221479088 0.5057040452957153 1223
1751221480049 0.4757641851902008 1224
1751221481042 0.6758009791374207 1225
1751221482003 0.37285614013671875 1226
1751221482969 0.8991568684577942 1227
1751221483939 0.1355191022157669 1228
1751221484906 0.6258450746536255 1229
1751221485891 0.9335835576057434 1230
1751221487189 0.8711361289024353 1231
1751221488156 0.8093971610069275 1232
1751221489116 1.686397910118103 1233
1751221490104 0.7983152270317078 1234
1751221491078 0.9384437799453735 1235
1751221492058 0.7202500700950623 1236
1751221492897 2.370525598526001 1237
1751221493875 1.0683716535568237 1238
1751221494840 1.3837080001831055 1239
1751221495797 0.5772596597671509 1240
1751221496630 1.0548181533813477 1241
1751221497630 1.2123287916183472 1242
1751221498584 0.9348737597465515 1243
1751221499622 0.5775299668312073 1244
1751221500499 2.563530445098877 1245
1751221501452 0.7400108575820923 1246
1751221502294 1.138541579246521 1247
1751221503252 0.9228151440620422 1248
1751221504219 1.0181559324264526 1249
1751221505208 0.7914130687713623 1250
1751221506200 0.7323493361473083 1251
1751221507252 1.1260945796966553 1252
1751221508237 0.7616948485374451 1253
1751221509245 0.9982473254203796 1254
1751221510251 0.7799121737480164 1255
1751221511210 0.6682716608047485 1256
1751221512168 1.284793734550476 1257
1751221513137 0.6715534329414368 1258
1751221514126 0.6393638253211975 1259
1751221515109 0.9083552360534668 1260
1751221516101 1.9154804944992065 1261
1751221516927 1.1500511169433594 1262
1751221517886 0.7332803606987 1263
1751221518873 0.6111643314361572 1264
1751221519883 2.1089882850646973 1265
1751221520892 0.5067001581192017 1266
1751221521901 0.9080850481987 1267
1751221522890 0.8957522511482239 1268
1751221523861 0.6784007549285889 1269
1751221524852 0.6254062652587891 1270
1751221525841 0.761319100856781 1271
1751221526809 0.8815816044807434 1272
1751221527784 1.5116006135940552 1273
1751221528787 0.1985613852739334 1274
1751221529756 0.7127446532249451 1275
1751221530776 0.7896754145622253 1276
1751221531847 0.7501654028892517 1277
1751221532821 0.8798946738243103 1278
1751221533769 0.7460967302322388 1279
1751221534736 1.080725908279419 1280
1751221535621 1.4259113073349 1281
1751221536458 1.7873561382293701 1282
1751221537444 0.8606379628181458 1283
1751221538417 1.0058902502059937 1284
1751221539409 1.248883605003357 1285
1751221540396 0.9912950992584229 1286
1751221541379 1.2047333717346191 1287
1751221542363 0.4267406463623047 1288
1751221543458 0.7598246932029724 1289
1751221544444 0.718819797039032 1290
1751221545450 0.7541616559028625 1291
1751221546439 0.9353764653205872 1292
1751221547424 1.1660794019699097 1293
1751221548416 0.8851299285888672 1294
1751221549370 0.9090838432312012 1295
1751221550323 0.6183711290359497 1296
1751221551358 1.269533634185791 1297
1751221552383 0.6193360686302185 1298
1751221553334 2.1572587490081787 1299
1751221554313 0.9657204747200012 1300
1751221555285 1.2352408170700073 1301
1751221556327 0.7999445796012878 1302
1751221557292 1.3967373371124268 1303
1751221558265 0.7407867908477783 1304
1751221559275 0.7005147337913513 1305
1751221560271 0.8335236310958862 1306
1751221561250 1.1021177768707275 1307
1751221562226 0.6768032312393188 1308
1751221563179 1.0255959033966064 1309
1751221564146 0.7666577696800232 1310
1751221565122 1.13066565990448 1311
1751221566102 2.6398489475250244 1312
1751221567082 1.038898229598999 1313
1751221568052 0.755988597869873 1314
1751221569040 1.0428215265274048 1315
1751221570036 2.1292989253997803 1316
1751221570858 0.3621635138988495 1317
1751221571844 0.7451224327087402 1318
1751221572823 0.23506954312324524 1319
1751221573810 0.7749740481376648 1320
1751221574784 0.7037073373794556 1321
1751221575783 0.2855113744735718 1322
1751221576639 1.3702603578567505 1323
1751221577615 0.7687327265739441 1324
1751221578606 1.1370222568511963 1325
1751221579602 1.1728805303573608 1326
1751221580638 0.9134481549263 1327
1751221582008 1.0627405643463135 1328
1751221583868 0.7239822149276733 1329
1751221585740 0.7922572493553162 1330
1751221587631 2.404228925704956 1331
1751221589499 0.6332244277000427 1332
1751221591320 0.6286746859550476 1333
1751221593158 0.7190758585929871 1334
1751221595005 1.2142237424850464 1335
1751221596855 0.8776470422744751 1336
1751221598707 1.111462950706482 1337
1751221600554 1.1604565382003784 1338
1751221602415 1.7979507446289062 1339
1751221604288 0.6444188952445984 1340
1751221606163 1.6587696075439453 1341
1751221608034 0.7307711243629456 1342
1751221609883 0.9965944290161133 1343
1751221611712 1.598702073097229 1344
1751221613545 0.6524309515953064 1345
1751221615389 0.7803992033004761 1346
1751221617269 0.6750631332397461 1347
1751221619140 0.7233849763870239 1348
1751221620996 1.046169638633728 1349
1751221622827 0.6696616411209106 1350
1751221624672 0.36032533645629883 1351
1751221626522 1.276013731956482 1352
1751221628367 1.704861044883728 1353
1751221630235 1.0429857969284058 1354
1751221632120 1.1176424026489258 1355
1751221633978 1.4792170524597168 1356
1751221635823 0.7390329837799072 1357
1751221637675 0.7292311787605286 1358
1751221639537 0.8912211656570435 1359
1751221641354 2.3804850578308105 1360
1751221643215 0.9291616678237915 1361
1751221645099 2.7883827686309814 1362
1751221646936 0.44595107436180115 1363
1751221648793 0.8512730002403259 1364
1751221650647 0.5360701680183411 1365
1751221652480 0.5596213340759277 1366
1751221654331 1.000785231590271 1367
1751221656184 0.9667884707450867 1368
1751221658012 0.7097660899162292 1369
1751221659848 0.8494116067886353 1370
1751221661677 1.1935557126998901 1371
1751221663507 0.6223413944244385 1372
1751221665365 0.7221123576164246 1373
1751221666905 2.1599767208099365 1374
1751221668449 0.9567341208457947 1375
1751221670295 0.473004549741745 1376
1751221672131 0.6572756171226501 1377
1751221673977 0.7172490358352661 1378
1751221675793 1.0155359506607056 1379
1751221677323 1.18017578125 1380
1751221679151 1.3650346994400024 1381
1751221680979 1.6950562000274658 1382
1751221682827 0.7865026593208313 1383
1751221684664 1.3078185319900513 1384
1751221686512 0.5702549815177917 1385
1751221688357 0.5769814848899841 1386
1751221690178 1.2362456321716309 1387
1751221692005 0.9985644221305847 1388
1751221693873 0.9501190185546875 1389
1751221695717 0.9151058197021484 1390
1751221697576 1.3117175102233887 1391
1751221699111 1.0387160778045654 1392
1751221700670 0.8904039859771729 1393
1751221702506 0.6185404062271118 1394
1751221704375 1.3681601285934448 1395
1751221706224 0.841192901134491 1396
1751221708074 0.9391274452209473 1397
1751221709934 0.969362735748291 1398
1751221711789 0.5820887684822083 1399
1751221713647 1.220900058746338 1400
1751221715496 1.4442646503448486 1401
1751221717042 1.0966672897338867 1402
1751221718888 0.8622482419013977 1403
1751221720731 0.6746638417243958 1404
1751221722571 0.6600907444953918 1405
1751221724718 0.6622375845909119 1406
1751221726540 1.0429447889328003 1407
1751221728383 1.9220253229141235 1408
1751221729978 2.3456039428710938 1409
1751221731824 0.9317376017570496 1410
1751221733670 0.4786432385444641 1411
1751221735535 1.5028237104415894 1412
1751221737377 0.6814494729042053 1413
1751221739207 1.9842246770858765 1414
1751221741030 0.7781909108161926 1415
1751221742882 0.8693535923957825 1416
1751221744740 1.2890304327011108 1417
1751221746272 1.0584611892700195 1418
1751221748124 0.879766583442688 1419
1751221749731 1.623980164527893 1420
1751221751584 1.7406104803085327 1421
1751221753413 1.1272486448287964 1422
1751221755233 0.7259006500244141 1423
1751221757109 0.8449966311454773 1424
1751221758954 1.1447534561157227 1425
1751221760800 1.013342261314392 1426
1751221762632 0.6386987566947937 1427
1751221764463 1.2370904684066772 1428
1751221766300 1.180288553237915 1429
1751221767860 2.0342166423797607 1430
1751221769680 0.46122217178344727 1431
1751221771521 0.7202314138412476 1432
1751221773368 0.8275843858718872 1433
1751221775213 0.7403814792633057 1434
1751221777037 0.7121888995170593 1435
1751221778883 1.0849579572677612 1436
1751221780742 0.9776071906089783 1437
1751221782290 0.9148678779602051 1438
1751221784134 0.8067206740379333 1439
1751221785975 1.3676644563674927 1440
1751221787824 0.6865992546081543 1441
1751221789680 1.3174233436584473 1442
1751221791543 0.6206948757171631 1443
1751221793436 0.7482163906097412 1444
1751221795277 0.7292181253433228 1445
1751221797143 0.8117448687553406 1446
1751221798640 1.4735926389694214 1447
1751221800516 0.6559004187583923 1448
1751221802350 1.0719059705734253 1449
1751221804218 0.8762863278388977 1450
1751221805791 0.9719115495681763 1451
1751221807656 0.5181059837341309 1452
1751221809180 1.0677939653396606 1453
1751221811065 1.2227221727371216 1454
1751221812908 1.0780895948410034 1455
1751221814741 0.8015633821487427 1456
1751221816581 0.5966097116470337 1457
1751221818437 0.38600948452949524 1458
1751221820295 1.1425079107284546 1459
1751221822134 0.8887667655944824 1460
1751221823980 0.6328189969062805 1461
1751221825821 0.6559910178184509 1462
1751221827669 0.8835856318473816 1463
1751221829534 0.8798567056655884 1464
1751221831377 0.8230730891227722 1465
1751221833221 0.8307342529296875 1466
1751221835068 1.2052679061889648 1467
1751221836936 0.25147542357444763 1468
1751221838764 0.9973147511482239 1469
1751221840600 0.6708089113235474 1470
1751221842438 0.8464630246162415 1471
1751221844307 0.6143014430999756 1472
1751221846155 0.683854877948761 1473
1751221848016 1.2301729917526245 1474
1751221849898 0.9145189523696899 1475
1751221851770 0.715740442276001 1476
1751221853646 0.5860378742218018 1477
1751221855178 0.9446552395820618 1478
1751221857049 0.7553059458732605 1479
1751221858868 1.1364933252334595 1480
1751221860771 1.0228477716445923 1481
1751221862599 0.7577127814292908 1482
1751221864137 0.9980856776237488 1483
1751221865969 1.1922563314437866 1484
1751221867850 0.8780954480171204 1485
1751221869699 1.0667724609375 1486
1751221871572 0.11633029580116272 1487
1751221873430 0.9759411215782166 1488
1751221875285 0.7505917549133301 1489
1751221876820 1.335408329963684 1490
1751221878708 0.6969397068023682 1491
1751221880572 0.7597001791000366 1492
1751221882446 0.8202238082885742 1493
1751221884300 0.6842158436775208 1494
1751221886175 1.2456480264663696 1495
1751221888027 1.198939561843872 1496
1751221889551 1.2587515115737915 1497
1751221891434 1.362739086151123 1498
1751221893284 0.8741903305053711 1499
1751221895147 0.6245166063308716 1500
1751221897012 0.698675274848938 1501
1751221898883 0.8808034062385559 1502
1751221900807 0.8318503499031067 1503
1751221902632 1.3081270456314087 1504
1751221904477 0.8655441403388977 1505
1751221906001 1.2721550464630127 1506
1751221907527 1.0551766157150269 1507
1751221909391 0.6197687983512878 1508
1751221911250 0.7912582159042358 1509
1751221913104 1.0994939804077148 1510
1751221914988 1.0372270345687866 1511
1751221916899 0.19929535686969757 1512
1751221918744 1.2232283353805542 1513
1751221920614 0.9280810356140137 1514
1751221922456 0.950894832611084 1515
1751221924312 0.9959087371826172 1516
1751221926171 1.2127209901809692 1517
1751221928026 1.0681215524673462 1518
1751221929861 1.5185225009918213 1519
1751221931748 0.7349375486373901 1520
1751221933608 1.2461798191070557 1521
1751221935492 0.7028037905693054 1522
1751221937357 1.3303228616714478 1523
1751221939254 0.7628236413002014 1524
1751221941093 0.9233909845352173 1525
1751221942949 1.177611231803894 1526
1751221944824 0.6801131963729858 1527
1751221946671 1.1611824035644531 1528
1751221948505 0.7531017065048218 1529
1751221950341 0.7570174932479858 1530
1751221952220 0.6917604804039001 1531
1751221954379 0.5094630122184753 1532
1751221956233 1.0445332527160645 1533
1751221958164 1.070233702659607 1534
1751221960046 1.0610297918319702 1535
1751221961881 1.3512970209121704 1536
1751221963738 0.6110526919364929 1537
1751221965555 1.0043877363204956 1538
1751221967078 1.6116589307785034 1539
1751221968941 1.2138988971710205 1540
1751221970824 1.687144160270691 1541
1751221972659 0.9717178344726562 1542
1751221974518 0.8063192963600159 1543
1751221976071 0.5171442031860352 1544
1751221977936 1.1083917617797852 1545
1751221979865 0.6973367929458618 1546
1751221981724 0.7569774985313416 1547
1751221983585 0.7318106889724731 1548
1751221985462 0.6032915711402893 1549
1751221987306 1.9976757764816284 1550
1751221989183 0.99174565076828 1551
1751221991034 2.2886080741882324 1552
1751221992910 0.5528600811958313 1553
1751221994793 0.6176789402961731 1554
1751221996666 0.6646794676780701 1555
1751221998521 0.6247004866600037 1556
1751222000097 1.195844292640686 1557
1751222001971 0.7097305655479431 1558
1751222003819 0.9524629712104797 1559
1751222005647 1.9117183685302734 1560
1751222007544 0.5780382752418518 1561
1751222009409 1.4741718769073486 1562
1751222010962 1.073127031326294 1563
1751222012795 0.7229485511779785 1564
1751222014669 0.2172846496105194 1565
1751222016522 0.5600956082344055 1566
1751222018378 0.45707225799560547 1567
1751222020225 0.8994984030723572 1568
1751222022051 0.8895471692085266 1569
1751222023591 1.9076480865478516 1570
1751222025437 0.7332367300987244 1571
1751222027277 1.0804903507232666 1572
1751222029151 0.6759880185127258 1573
1751222031048 0.9850164651870728 1574
1751222032926 0.7113553881645203 1575
1751222034774 0.7392199635505676 1576
1751222036635 0.7270848751068115 1577
1751222038493 0.6654950976371765 1578
1751222040363 0.8639282584190369 1579
1751222042227 1.156112551689148 1580
1751222044107 0.9526676535606384 1581
1751222045994 1.1298584938049316 1582
1751222047564 1.2875094413757324 1583
1751222049420 1.187917947769165 1584
1751222051273 0.9112701416015625 1585
1751222053159 1.1450201272964478 1586
1751222055017 0.6362725496292114 1587
1751222056894 1.213380217552185 1588
1751222058780 0.8216487169265747 1589
1751222060654 1.4839069843292236 1590
1751222062533 1.9088325500488281 1591
1751222064425 0.652890682220459 1592
1751222066300 1.237866759300232 1593
1751222068122 1.0686328411102295 1594
1751222070011 0.6793407797813416 1595
1751222071880 0.6370255947113037 1596
1751222073748 0.7041556239128113 1597
1751222075593 0.6868200898170471 1598
1751222077485 1.660996437072754 1599
1751222079339 0.09814233332872391 1600
1751222081211 0.5541943907737732 1601
1751222083110 0.5867732167243958 1602
1751222084957 0.7063009738922119 1603
1751222086805 0.8596866726875305 1604
1751222088688 1.1217807531356812 1605
1751222090540 0.6873564124107361 1606
1751222092422 0.9208833575248718 1607
1751222094288 1.2796359062194824 1608
1751222095833 0.8551177978515625 1609
1751222097395 0.9977189302444458 1610
1751222099259 0.4726644456386566 1611
1751222101089 0.35433831810951233 1612
1751222102931 0.703173816204071 1613
1751222104794 0.8755044937133789 1614
1751222106649 0.7228044867515564 1615
1751222108481 0.850834846496582 1616
1751222110333 2.0077645778656006 1617
1751222112224 1.1038073301315308 1618
1751222114098 0.8905930519104004 1619
1751222115964 0.5524078011512756 1620
1751222117829 1.1447997093200684 1621
1751222119670 0.7837909460067749 1622
1751222121531 0.6030364036560059 1623
1751222123422 1.3782148361206055 1624
1751222124933 0.29889243841171265 1625
1751222126464 1.6646476984024048 1626
1751222128325 0.9436846375465393 1627
1751222130162 0.7595123648643494 1628
1751222132000 1.0276353359222412 1629
1751222133852 1.025204062461853 1630
1751222135690 1.3317614793777466 1631
1751222137582 0.76105135679245 1632
1751222139427 1.0688846111297607 1633
1751222141282 0.9361835718154907 1634
1751222143159 0.811793327331543 1635
1751222145030 0.2931574285030365 1636
1751222146894 1.2187823057174683 1637
1751222148755 0.9716386198997498 1638
1751222150656 0.7011394500732422 1639
1751222152534 0.8620778918266296 1640
1751222154396 1.3600413799285889 1641
1751222156265 0.8500920534133911 1642
1751222157829 0.895817756652832 1643
1751222159692 1.1861435174942017 1644
1751222161561 1.1266881227493286 1645
1751222163424 0.6660646796226501 1646
1751222165266 1.0088670253753662 1647
1751222167110 0.9424036145210266 1648
1751222168958 1.0522407293319702 1649
1751222170815 0.8295049071311951 1650
1751222172695 1.6463394165039062 1651
1751222174593 0.5969513654708862 1652
1751222176773 1.1357094049453735 1653
1751222178634 0.7248942255973816 1654
1751222180489 0.849568784236908 1655
1751222182151 0.7133181095123291 1656
1751222183250 1.3900383710861206 1657
1751222184117 0.3242843747138977 1658
1751222185102 0.9208782315254211 1659
1751222186099 2.888739824295044 1660
1751222187135 1.3802413940429688 1661
1751222188134 0.8956055641174316 1662
1751222189115 0.7969608902931213 1663
1751222189992 1.389754056930542 1664
1751222190988 0.5234346985816956 1665
1751222191983 0.8022489547729492 1666
1751222193000 0.9378607869148254 1667
1751222194021 0.6243911981582642 1668
1751222195028 0.7869142889976501 1669
1751222196031 0.6767861843109131 1670
1751222197030 0.9545580744743347 1671
1751222198193 0.4881429970264435 1672
1751222199262 0.7923405766487122 1673
1751222200247 1.0242770910263062 1674
1751222201252 0.7665922045707703 1675
1751222202275 0.7757115364074707 1676
1751222203261 0.6555347442626953 1677
1751222204268 0.8527523875236511 1678
1751222205292 0.7855993509292603 1679
1751222206111 1.1517750024795532 1680
1751222207159 0.6069441437721252 1681
1751222208158 0.712280809879303 1682
1751222209153 0.9127557873725891 1683
1751222210142 0.8069955110549927 1684
1751222211141 1.0146600008010864 1685
1751222212173 0.42981311678886414 1686
1751222213169 0.6765652894973755 1687
1751222214168 0.699105978012085 1688
1751222215222 0.5563690066337585 1689
1751222216352 1.3764498233795166 1690
1751222217350 0.8539463877677917 1691
1751222218344 1.129050612449646 1692
1751222219318 1.4095152616500854 1693
1751222220341 1.097955584526062 1694
1751222221377 0.899178147315979 1695
1751222222255 1.1906957626342773 1696
1751222223244 0.8769146203994751 1697
1751222224240 0.4254690706729889 1698
1751222225191 1.1641628742218018 1699
1751222226197 1.2422159910202026 1700
1751222227200 0.779967188835144 1701
1751222228214 1.649749994277954 1702
1751222229227 0.6375921964645386 1703
1751222230253 1.0045522451400757 1704
1751222231291 0.6932554841041565 1705
1751222232351 0.5190207958221436 1706
1751222233496 0.5773246884346008 1707
1751222234519 1.1581577062606812 1708
1751222235581 0.6846448183059692 1709
1751222236579 0.77938312292099 1710
1751222237616 0.692227840423584 1711
1751222238635 0.9383325576782227 1712
1751222239620 1.193188190460205 1713
1751222240627 0.5822033286094666 1714
1751222241679 0.7331056594848633 1715
1751222242688 0.9975546002388 1716
1751222243694 0.6491579413414001 1717
1751222244673 0.9447458386421204 1718
1751222245684 0.722964882850647 1719
1751222246775 0.702469527721405 1720
1751222247795 0.7878276109695435 1721
1751222248662 0.8529385924339294 1722
1751222249627 0.8795515298843384 1723
1751222250672 1.8693443536758423 1724
1751222251654 1.1843169927597046 1725
1751222252652 1.1764837503433228 1726
1751222253666 0.8365033268928528 1727
1751222254664 0.7272064089775085 1728
1751222255658 0.9350835680961609 1729
1751222256648 0.558165431022644 1730
1751222257677 0.8119458556175232 1731
1751222258689 0.7121791839599609 1732
1751222259690 0.7131800055503845 1733
1751222260696 0.619966447353363 1734
1751222261701 0.8591947555541992 1735
1751222262597 1.1628001928329468 1736
1751222263569 0.6849635243415833 1737
1751222264577 0.5957536101341248 1738
1751222265402 1.4398843050003052 1739
1751222266371 0.5705111026763916 1740
1751222267380 0.6837448477745056 1741
1751222268402 1.3803175687789917 1742
1751222269470 0.5748490691184998 1743
1751222270502 0.7019339799880981 1744
1751222271498 1.0782966613769531 1745
1751222272475 0.9691607356071472 1746
1751222273435 0.039093293249607086 1747
1751222274296 1.6073497533798218 1748
1751222275267 1.3545458316802979 1749
1751222276265 0.8930087089538574 1750
1751222277259 1.0728018283843994 1751
1751222278269 1.2272439002990723 1752
1751222279230 0.9952467679977417 1753
1751222280241 0.6305676102638245 1754
1751222281236 1.5629645586013794 1755
1751222282254 0.9173834919929504 1756
1751222283244 1.0970268249511719 1757
1751222284241 0.6745902895927429 1758
1751222285222 1.0206083059310913 1759
1751222286196 0.8317758440971375 1760
1751222287248 1.2069886922836304 1761
1751222288236 1.1569766998291016 1762
1751222289198 0.9695138335227966 1763
1751222290169 1.2373895645141602 1764
1751222291167 0.64111328125 1765
1751222292164 0.5897696018218994 1766
1751222293150 0.7218549847602844 1767
1751222294142 0.7513120174407959 1768
1751222295149 1.3534525632858276 1769
1751222296319 0.8147385120391846 1770
1751222297395 0.9142595529556274 1771
1751222298376 0.9882065057754517 1772
1751222299673 1.0953630208969116 1773
1751222300717 2.542649269104004 1774
1751222301771 0.6576381921768188 1775
1751222302818 1.1255890130996704 1776
1751222303855 0.6617138385772705 1777
1751222304847 1.4958666563034058 1778
1751222305864 0.85707026720047 1779
1751222306884 0.5458828806877136 1780
1751222307910 0.7300718426704407 1781
1751222308897 1.065725564956665 1782
1751222309914 0.6661301851272583 1783
1751222310879 0.9835845828056335 1784
1751222311870 0.6174449324607849 1785
1751222312956 0.6360301971435547 1786
1751222314115 0.5703570246696472 1787
1751222315109 1.0759891271591187 1788
1751222316116 1.6927740573883057 1789
1751222317154 0.7443668246269226 1790
1751222318171 0.7551320195198059 1791
1751222319160 0.63723224401474 1792
1751222320155 0.8190069198608398 1793
1751222321155 0.7174736857414246 1794
1751222322136 0.593535840511322 1795
1751222323132 0.18225252628326416 1796
1751222324141 0.869318425655365 1797
1751222325192 0.6245861053466797 1798
1751222326180 1.1158169507980347 1799
1751222327198 0.7365931272506714 1800
1751222379207 0.9995118975639343 1801
1751222380216 0.6819943189620972 1802
1751222381079 2.201247453689575 1803
1751222382075 0.8322663307189941 1804
1751222383105 0.734379231929779 1805
1751222384118 0.9624983668327332 1806
1751222385087 0.6490868926048279 1807
1751222385948 1.502737045288086 1808
1751222386963 0.7989606261253357 1809
1751222387963 0.9654666781425476 1810
1751222388936 0.6877121329307556 1811
1751222389920 0.7551745176315308 1812
1751222390960 0.7428752183914185 1813
1751222391932 0.7894188761711121 1814
1751222392938 0.6092087626457214 1815
1751222393958 0.9583549499511719 1816
1751222394937 1.158719539642334 1817
1751222395972 1.0286520719528198 1818
1751222396959 1.2569321393966675 1819
1751222397797 2.3620221614837646 1820
1751222398822 0.6967219710350037 1821
1751222399790 0.5300503969192505 1822
1751222400763 1.1310043334960938 1823
1751222401785 0.6639919281005859 1824
1751222402794 0.8638479113578796 1825
1751222403807 0.7782083749771118 1826
1751222404793 0.48358383774757385 1827
1751222405825 0.6209313273429871 1828
1751222406824 0.8654312491416931 1829
1751222407772 1.0220566987991333 1830
1751222408788 0.7360932230949402 1831
1751222409830 1.0073210000991821 1832
1751222410944 0.571612536907196 1833
1751222412021 0.7747600674629211 1834
1751222413009 0.49767017364501953 1835
1751222414028 0.9881925582885742 1836
1751222414881 1.1713484525680542 1837
1751222415860 0.7135984301567078 1838
1751222416832 0.6842080950737 1839
1751222417806 0.49437767267227173 1840
1751222418761 0.9609754681587219 1841
1751222419751 1.2330292463302612 1842
1751222420777 0.8925396800041199 1843
1751222421752 0.5841957330703735 1844
1751222422792 0.9583671689033508 1845
1751222423838 0.6480045914649963 1846
1751222424835 0.525488555431366 1847
1751222425862 0.7613489627838135 1848
1751222426993 2.153568983078003 1849
1751222428017 0.8999814391136169 1850
1751222428990 0.9830480813980103 1851
1751222429963 1.0384008884429932 1852
1751222430964 0.7436232566833496 1853
1751222431978 1.9715923070907593 1854
1751222432959 0.07672283798456192 1855
1751222433939 0.6566856503486633 1856
1751222434941 0.8993735313415527 1857
1751222435944 0.6698373556137085 1858
1751222436932 0.7806078195571899 1859
1751222437881 1.6921309232711792 1860
1751222438943 0.9296935200691223 1861
1751222439927 0.7707683444023132 1862
1751222440770 1.234542965888977 1863
1751222441742 0.5041812658309937 1864
1751222442716 0.623701274394989 1865
1751222443689 0.2609543204307556 1866
1751222444648 0.6275365948677063 1867
1751222445650 0.9587315917015076 1868
1751222446613 0.7758237719535828 1869
1751222447854 0.6583841443061829 1870
1751222448890 1.2894636392593384 1871
1751222449871 0.698650062084198 1872
1751222450904 0.9630045890808105 1873
1751222451885 1.1290796995162964 1874
1751222452713 0.9151957631111145 1875
1751222453684 0.7918429970741272 1876
1751222454676 0.790937066078186 1877
1751222455503 0.14505620300769806 1878
1751222456484 0.6826572418212891 1879
1751222457478 0.9211369752883911 1880
1751222458459 0.7529937624931335 1881
1751222459445 1.0983898639678955 1882
1751222460433 0.846423327922821 1883
1751222461458 0.9095268249511719 1884
1751222462475 0.8234283328056335 1885
1751222463456 1.091034173965454 1886
1751222464420 0.695705235004425 1887
1751222465408 0.6019094586372375 1888
1751222466418 1.0179516077041626 1889
1751222467416 0.5428648591041565 1890
1751222468399 0.8789206743240356 1891
1751222469455 1.0081204175949097 1892
1751222470430 0.6070992350578308 1893
1751222471455 1.153419852256775 1894
1751222472418 0.5565629005432129 1895
1751222473387 0.5337448120117188 1896
1751222474372 1.2228633165359497 1897
1751222475315 0.8377128839492798 1898
1751222476384 1.388370156288147 1899
1751222477348 0.6975842118263245 1900
1751222478351 0.7216982841491699 1901
1751222479324 0.7244025468826294 1902
1751222480316 0.656970202922821 1903
1751222481175 1.4123672246932983 1904
1751222482222 0.9923968315124512 1905
1751222483317 0.5915420651435852 1906
1751222484208 1.7549787759780884 1907
1751222485278 2.1758131980895996 1908
1751222486115 1.9152897596359253 1909
1751222487091 0.9935412406921387 1910
1751222488063 1.1317962408065796 1911
1751222489026 1.661049246788025 1912
1751222490003 0.9425333142280579 1913
1751222490976 0.9275879263877869 1914
1751222491945 1.4266589879989624 1915
1751222492914 1.006649374961853 1916
1751222493926 0.6130976676940918 1917
1751222494935 1.0140985250473022 1918
1751222495753 0.6741840243339539 1919
1751222496771 0.8663825988769531 1920
1751222497762 0.6238712668418884 1921
1751222498784 0.8433742523193359 1922
1751222499852 0.8863092660903931 1923
1751222500850 0.7341987490653992 1924
1751222501676 1.1085532903671265 1925
1751222502659 0.6076090335845947 1926
1751222503604 1.2141822576522827 1927
1751222504592 1.1668920516967773 1928
1751222505586 1.204583764076233 1929
1751222506600 0.8006461262702942 1930
1751222507579 1.454451084136963 1931
1751222508587 1.4447999000549316 1932
1751222509426 1.175908088684082 1933
1751222510429 0.6748170256614685 1934
1751222511302 2.0541114807128906 1935
1751222512271 0.7482460141181946 1936
1751222513270 0.6568043828010559 1937
1751222514261 1.2640421390533447 1938
1751222515365 1.3558257818222046 1939
1751222516199 1.3835605382919312 1940
1751222517149 0.9051671028137207 1941
1751222518175 2.2971255779266357 1942
1751222519166 0.7302237153053284 1943
1751222520132 0.7453505396842957 1944
1751222521119 0.43945103883743286 1945
1751222522137 0.8814463019371033 1946
1751222523091 0.9714273810386658 1947
1751222524040 1.1648247241973877 1948
1751222525014 0.30356672406196594 1949
1751222526035 1.3523248434066772 1950
1751222527005 0.7291736006736755 1951
1751222527995 1.0695418119430542 1952
1751222528943 0.8486811518669128 1953
1751222529977 0.9226809740066528 1954
1751222530942 0.6724981665611267 1955
1751222531904 0.689893364906311 1956
1751222532889 0.8368913531303406 1957
1751222533880 1.1306991577148438 1958
1751222534859 2.126833200454712 1959
1751222535837 0.6551274657249451 1960
1751222536817 0.5123525857925415 1961
1751222537647 1.4802793264389038 1962
1751222538508 0.7257314324378967 1963
1751222539489 0.8236376047134399 1964
1751222540514 0.8185014128684998 1965
1751222541501 2.248945713043213 1966
1751222542481 0.21648944914340973 1967
1751222543441 2.1084582805633545 1968
1751222544423 0.7546076774597168 1969
1751222545671 1.0851322412490845 1970
1751222546649 0.9181597232818604 1971
1751222547622 0.7816333174705505 1972
1751222548622 1.1268864870071411 1973
1751222549596 0.8822731971740723 1974
1751222550585 1.0722706317901611 1975
1751222551593 0.9739686250686646 1976
1751222552587 0.7701321244239807 1977
1751222553584 0.9411724209785461 1978
1751222554462 2.0921313762664795 1979
1751222555441 0.7967321276664734 1980
1751222556415 0.42036113142967224 1981
1751222557272 2.1445863246917725 1982
1751222558233 1.0355292558670044 1983
1751222559195 1.03327476978302 1984
1751222560083 0.41076043248176575 1985
1751222561028 1.9223064184188843 1986
1751222562021 0.8965147137641907 1987
1751222563002 0.6970222592353821 1988
1751222563966 1.1314654350280762 1989
1751222565027 1.1557049751281738 1990
1751222565850 1.621074914932251 1991
1751222566815 1.2632031440734863 1992
1751222567809 0.5184620022773743 1993
1751222568817 1.6514555215835571 1994
1751222569779 2.1059024333953857 1995
1751222570766 0.1279977709054947 1996
1751222571748 0.8685976266860962 1997
1751222572757 1.1235653162002563 1998
1751222573801 0.6730508804321289 1999
1751222574765 1.8512805700302124 2000
1751222575839 1.9709469079971313 2001
1751222576983 0.9551191329956055 2002
1751222578039 0.5880362391471863 2003
1751222579051 0.9322717785835266 2004
1751222579888 1.0970760583877563 2005
1751222580873 0.6808149814605713 2006
1751222581842 0.6044694185256958 2007
1751222582805 0.8923709988594055 2008
1751222583791 0.8379347920417786 2009
1751222584781 1.1480770111083984 2010
1751222585782 0.6712409853935242 2011
1751222586771 0.965729832649231 2012
1751222587764 0.8226701617240906 2013
1751222589298 0.7668179869651794 2014
1751222590291 0.9895321130752563 2015
1751222591300 1.5463670492172241 2016
1751222592396 1.2519254684448242 2017
1751222593480 1.0926672220230103 2018
1751222594495 0.8021458983421326 2019
1751222595481 0.7976472973823547 2020
1751222596594 0.9578090906143188 2021
1751222598333 0.9329079985618591 2022
1751222600915 0.8624233603477478 2023
1751222601885 0.4395008683204651 2024
1751222602856 0.6767733693122864 2025
1751222603849 0.8253365755081177 2026
1751222604890 0.771942675113678 2027
1751222605870 0.15068674087524414 2028
1751222608757 0.6858921647071838 2029
1751222609983 1.1244066953659058 2030
1751222610966 0.7418935894966125 2031
1751222611978 0.7612230181694031 2032
1751222612962 0.9495211839675903 2033
1751222614225 0.5660902857780457 2034
1751222616915 0.9657949805259705 2035
1751222617762 1.0686187744140625 2036
1751222618771 1.0432499647140503 2037
1751222620108 0.8447287082672119 2038
1751222621141 0.387162446975708 2039
1751222622127 1.0531028509140015 2040
1751222623835 0.49916431307792664 2041
1751222624839 0.7575752139091492 2042
1751222625829 1.0618259906768799 2043
1751222626841 1.3941359519958496 2044
1751222627819 0.9028917551040649 2045
1751222628856 1.806732177734375 2046
1751222629864 0.8346264958381653 2047
1751222630846 1.2015923261642456 2048
1751222631840 0.9688699841499329 2049
1751222632803 0.39490851759910583 2050
1751222633732 0.9582765698432922 2051
1751222634727 1.137925148010254 2052
1751222635726 0.5354047417640686 2053
1751222636743 1.091166615486145 2054
1751222637753 0.7024051547050476 2055
1751222638771 1.4109869003295898 2056
1751222639756 1.070966124534607 2057
1751222640762 0.5446487665176392 2058
1751222641735 1.146746039390564 2059
1751222642721 0.6231098771095276 2060
1751222643706 0.6054262518882751 2061
1751222644678 0.9476556777954102 2062
1751222645670 1.2843564748764038 2063
1751222646632 0.5837718844413757 2064
1751222647587 0.574305534362793 2065
1751222648618 1.5637768507003784 2066
1751222649619 2.17944598197937 2067
1751222650630 0.6608933806419373 2068
1751222651739 1.3395695686340332 2069
1751222652704 1.1250828504562378 2070
1751222653731 0.8840780258178711 2071
1751222654724 0.7322602272033691 2072
1751222655728 0.8868770003318787 2073
1751222656829 0.6848575472831726 2074
1751222657838 0.8722459673881531 2075
1751222658792 0.7892500758171082 2076
1751222659784 1.1940665245056152 2077
1751222660772 0.9029787182807922 2078
1751222661845 1.1750856637954712 2079
1751222662832 0.6389590501785278 2080
1751222663814 0.5215439200401306 2081
1751222664788 1.4623093605041504 2082
1751222665773 0.8083322644233704 2083
1751222666769 0.5510140657424927 2084
1751222667733 1.0184277296066284 2085
1751222668708 0.43821266293525696 2086
1751222669699 0.7246410250663757 2087
1751222670732 1.0438743829727173 2088
1751222671809 0.8351054191589355 2089
1751222672942 0.12326011806726456 2090
1751222673982 1.055351972579956 2091
1751222674948 1.5379422903060913 2092
1751222675923 0.80322265625 2093
1751222676923 1.2796874046325684 2094
1751222677901 0.6763869524002075 2095
1751222678868 0.5736951231956482 2096
1751222679917 1.0837546586990356 2097
1751222680959 1.046876072883606 2098
1751222681982 0.6689212918281555 2099
1751222682981 0.8329475522041321 2100
1751222683982 0.1036132201552391 2101
1751222685014 0.7105475664138794 2102
1751222686108 1.6924251317977905 2103
1751222686973 1.3240820169448853 2104
1751222687959 0.6726269125938416 2105
1751222689032 0.9021706581115723 2106
1751222690158 1.1672292947769165 2107
1751222691496 0.6165429353713989 2108
1751222695177 0.5259378552436829 2109
1751222696174 0.9267986416816711 2110
1751222697189 0.6915842294692993 2111
1751222698159 1.1809200048446655 2112
1751222698999 1.5918740034103394 2113
1751222700061 0.47300973534584045 2114
1751222702788 0.8502944111824036 2115
1751222704698 0.5956228375434875 2116
1751222705683 1.0446398258209229 2117
1751222706693 0.6754273772239685 2118
1751222707674 1.086255431175232 2119
1751222708671 0.7693678736686707 2120
1751222711396 1.1555601358413696 2121
1751222712425 0.8760837912559509 2122
1751222713291 1.1377270221710205 2123
1751222714929 0.9236497282981873 2124
1751222716916 0.6778904795646667 2125
1751222718777 1.1133908033370972 2126
1751222719616 1.1888459920883179 2127
1751222720597 0.7278400659561157 2128
1751222721581 0.7204802632331848 2129
1751222722553 0.6918978691101074 2130
1751222723520 0.7836997509002686 2131
1751222724485 0.9904188513755798 2132
1751222725324 0.8211574554443359 2133
1751222726340 0.683254599571228 2134
1751222727314 0.9724145531654358 2135
1751222728294 0.7112173438072205 2136
1751222729260 0.539832353591919 2137
1751222730248 0.5489694476127625 2138
1751222731211 0.8508407473564148 2139
1751222732192 0.8286762237548828 2140
1751222733191 0.5426249504089355 2141
1751222734243 0.884489893913269 2142
1751222735204 0.5868913531303406 2143
1751222736187 1.494761347770691 2144
1751222737166 0.8213715553283691 2145
1751222738155 1.0145689249038696 2146
1751222739187 0.7206282019615173 2147
1751222740171 1.1380001306533813 2148
1751222741149 0.6141873002052307 2149
1751222742016 1.1708968877792358 2150
1751222742985 0.7979707717895508 2151
1751222743983 0.5511887669563293 2152
1751222744851 2.5539824962615967 2153
1751222745690 1.9481693506240845 2154
1751222746653 0.946843147277832 2155
1751222747624 0.8812381625175476 2156
1751222748589 0.5849913954734802 2157
1751222749605 1.745003342628479 2158
1751222750865 0.7756653428077698 2159
1751222751848 0.8371545672416687 2160
1751222752686 2.6920325756073 2161
1751222753687 1.1507047414779663 2162
1751222754505 0.9108887910842896 2163
1751222755496 0.6398381590843201 2164
1751222756516 0.744437575340271 2165
1751222757515 0.9195464253425598 2166
1751222758512 0.6498993635177612 2167
1751222759351 1.3941023349761963 2168
1751222760200 0.9629676342010498 2169
1751222761213 0.9249954223632812 2170
1751222762201 0.5915432572364807 2171
1751222763246 0.7532694339752197 2172
1751222764104 0.337082177400589 2173
1751222765130 0.5307594537734985 2174
1751222766157 0.8194414377212524 2175
1751222767229 0.7398587465286255 2176
1751222768380 1.5182571411132812 2177
1751222769382 1.0113143920898438 2178
1751222770350 1.1896532773971558 2179
1751222771332 0.7833365201950073 2180
1751222772161 4.837627410888672 2181
1751222773192 0.3352070748806 2182
1751222774163 0.7347346544265747 2183
1751222775137 0.25224289298057556 2184
1751222776170 0.7164468765258789 2185
1751222777136 0.6020333170890808 2186
1751222778123 0.7880614995956421 2187
1751222779121 0.6486088633537292 2188
1751222780117 1.226017713546753 2189
1751222781148 0.9640268087387085 2190
1751222782127 0.896284282207489 2191
1751222783133 1.1346830129623413 2192
1751222784106 0.5162041783332825 2193
1751222785115 0.7690334320068359 2194
1751222786211 0.8165611624717712 2195
1751222787196 1.6015205383300781 2196
1751222788160 1.0643746852874756 2197
1751222789156 0.999086320400238 2198
1751222790147 0.5122668147087097 2199
1751222791156 0.8723360896110535 2200
1751222792155 0.6825172305107117 2201
1751222793007 1.543350100517273 2202
1751222793983 0.7179483771324158 2203
1751222794929 0.9671468734741211 2204
1751222795939 0.7489239573478699 2205
1751222796960 0.559765636920929 2206
1751222797935 1.3185490369796753 2207
1751222798911 0.8386097550392151 2208
1751222799899 1.1754636764526367 2209
1751222800881 0.7109899520874023 2210
1751222801705 1.8531376123428345 2211
1751222802669 0.18336907029151917 2212
1751222803685 0.8175703287124634 2213
1751222804667 0.6400606036186218 2214
1751222805516 0.9239927530288696 2215
1751222806509 1.0564790964126587 2216
1751222807487 1.2649117708206177 2217
1751222808507 0.8890611529350281 2218
1751222809484 0.7315909266471863 2219
1751222810476 0.7947880029678345 2220
1751222811473 0.7025447487831116 2221
1751222812306 1.0212249755859375 2222
1751222813296 0.819774329662323 2223
1751222814299 0.9611181616783142 2224
1751222815281 1.3866933584213257 2225
1751222816273 0.8407045602798462 2226
1751222817261 0.9236086010932922 2227
1751222818278 0.5684487819671631 2228
1751222819293 1.296634554862976 2229
1751222820310 0.8702358603477478 2230
1751222821150 0.8803898096084595 2231
1751222822133 0.6941222548484802 2232
1751222823043 3.1349689960479736 2233
1751222824050 1.2640411853790283 2234
1751222825037 0.7799031138420105 2235
1751222826039 0.9577932357788086 2236
1751222826990 0.36985287070274353 2237
1751222827995 0.7909345626831055 2238
1751222828896 1.0354562997817993 2239
1751222830144 0.748378574848175 2240
1751222831157 0.9383034706115723 2241
1751222832149 1.1101737022399902 2242
1751222833146 0.9904348850250244 2243
1751222834154 1.3726493120193481 2244
1751222835117 0.6044144630432129 2245
1751222836081 0.6768949627876282 2246
1751222837080 1.7146583795547485 2247
1751222838057 0.9566273093223572 2248
1751222838948 1.7666155099868774 2249
1751222839910 0.7294146418571472 2250
1751222840887 1.015628695487976 2251
1751222841880 0.7935677170753479 2252
1751222842723 0.8554950952529907 2253
1751222843721 1.087587833404541 2254
1751222844715 0.9852766394615173 2255
1751222845698 0.8139864802360535 2256
1751222846655 0.8423649668693542 2257
1751222847635 0.7393125891685486 2258
1751222848624 0.6659719347953796 2259
1751222849606 0.9717699289321899 2260
1751222850603 0.8645041584968567 2261
1751222851597 0.628849446773529 2262
1751222852580 0.384937047958374 2263
1751222853594 0.6532341837882996 2264
1751222854595 0.8992905020713806 2265
1751222855717 0.7295147180557251 2266
1751222856757 2.049637794494629 2267
1751222857739 0.7607907652854919 2268
1751222858724 0.1554734855890274 2269
1751222859755 0.7772108316421509 2270
1751222860738 0.9360920786857605 2271
1751222861729 0.49116402864456177 2272
1751222862694 0.9741500020027161 2273
1751222863687 0.8722003102302551 2274
1751222864702 0.4893593490123749 2275
1751222865723 1.034993290901184 2276
1751222866703 1.1995214223861694 2277
1751222867696 0.8763716816902161 2278
1751222868702 0.7778099775314331 2279
1751222869709 0.6760374903678894 2280
1751222870715 0.652357280254364 2281
1751222871682 0.7044816613197327 2282
1751222872842 1.1492328643798828 2283
1751222873939 0.6154928207397461 2284
1751222874976 2.324336290359497 2285
1751222875960 0.7779587507247925 2286
1751222876998 1.0779505968093872 2287
1751222878022 1.0296670198440552 2288
1751222879028 0.7905235886573792 2289
1751222880007 0.6134716868400574 2290
1751222880976 0.9629610180854797 2291
1751222881976 0.7092416286468506 2292
1751222882972 0.7626951336860657 2293
1751222884199 1.2162325382232666 2294
1751222885191 0.7543254494667053 2295
1751222886200 0.7473624348640442 2296
1751222887170 0.969871997833252 2297
1751222888183 0.5242988467216492 2298
1751222889287 0.7925826907157898 2299
1751222890304 1.0124472379684448 2300
1751222891299 1.5316728353500366 2301
1751222892279 0.6607726216316223 2302
1751222893331 1.0140169858932495 2303
1751222894321 1.0233951807022095 2304
1751222895310 0.7992688417434692 2305
1751222896141 0.9914008378982544 2306
1751222897097 1.343424677848816 2307
1751222898089 0.410388320684433 2308
1751222899048 0.9553825259208679 2309
1751222900059 0.7907895445823669 2310
1751222901026 0.5438386797904968 2311
1751222902069 0.8092001080513 2312
1751222903170 0.6104674339294434 2313
1751222904273 1.3507689237594604 2314
1751222905357 1.1717453002929688 2315
1751222906309 0.3799355924129486 2316
1751222907389 1.1244062185287476 2317
1751222908383 1.26201331615448 2318
1751222909204 0.8246448636054993 2319
1751222910458 0.6173968315124512 2320
1751222911499 0.8622188568115234 2321
1751222912530 1.1462841033935547 2322
1751222913563 0.8701038360595703 2323
1751222914516 0.6620132327079773 2324
1751222915571 0.9485318064689636 2325
1751222916565 0.4424492418766022 2326
1751222917560 0.6222051978111267 2327
1751222918607 0.5375823378562927 2328
1751222919721 1.0796129703521729 2329
1751222920738 0.5957555174827576 2330
1751222921576 0.24428771436214447 2331
1751222922594 0.4380509555339813 2332
1751222923860 0.7632158994674683 2333
1751222924880 0.11508506536483765 2334
1751222925848 1.1845197677612305 2335
1751222926847 0.8052458167076111 2336
1751222927825 0.9126411080360413 2337
1751222928853 0.7288095355033875 2338
1751222929841 0.9024713635444641 2339
1751222930818 0.6359010338783264 2340
1751222931833 0.6706019639968872 2341
1751222932801 0.5202205181121826 2342
1751222933623 1.430403709411621 2343
1751222934593 0.9076294302940369 2344
1751222935567 0.020569700747728348 2345
1751222936531 1.0567606687545776 2346
1751222937526 0.9692339897155762 2347
1751222938473 0.9822620749473572 2348
1751222939460 0.5287174582481384 2349
1751222940428 1.194852352142334 2350
1751222941408 0.8962500691413879 2351
1751222942423 1.343400478363037 2352
1751222943423 0.9544988870620728 2353
1751222944421 1.4325828552246094 2354
1751222945383 1.2719370126724243 2355
1751222946375 0.6801096200942993 2356
1751222947363 0.6711705923080444 2357
1751222948382 0.8348790407180786 2358
1751222949381 0.6118928790092468 2359
1751222950439 0.9587774276733398 2360
1751222951647 1.3152070045471191 2361
1751222952679 0.8259064555168152 2362
1751222953685 0.5840940475463867 2363
1751222954634 0.7895082831382751 2364
1751222955616 0.6354681849479675 2365
1751222956609 1.1912323236465454 2366
1751222957571 1.2416480779647827 2367
1751222958548 0.7582601308822632 2368
1751222959580 0.9483680725097656 2369
1751222960594 0.858693540096283 2370
1751222961571 1.1150176525115967 2371
1751222962619 1.0415114164352417 2372
1751222963645 0.8257349133491516 2373
1751222964640 0.6755948066711426 2374
1751222965612 0.9237869381904602 2375
1751222966450 0.8183866739273071 2376
1751222967433 0.7229228019714355 2377
1751222968496 1.1299480199813843 2378
1751222969634 1.2748719453811646 2379
1751222970668 1.0112552642822266 2380
1751222971634 0.735446572303772 2381
1751222972620 0.7630795240402222 2382
1751222973623 0.7054206728935242 2383
1751222974599 0.6485544443130493 2384
1751222975455 1.552756667137146 2385
1751222976456 0.7530672550201416 2386
1751222977460 0.9579761624336243 2387
1751222978425 0.6673232316970825 2388
1751222979422 0.738679826259613 2389
1751222980442 0.5263652205467224 2390
1751222981421 0.600792407989502 2391
1751222982413 0.6171072125434875 2392
1751222983405 1.2196953296661377 2393
1751222984544 0.612779438495636 2394
1751222985600 0.7686830759048462 2395
1751222986589 0.870893657207489 2396
1751222987558 1.01474928855896 2397
1751222988523 0.7349635362625122 2398
1751222989474 0.80110102891922 2399
1751222990737 1.4651079177856445 2400
1751222991754 1.0060569047927856 2401
1751222992753 0.922637939453125 2402
1751222993734 1.2707144021987915 2403
1751222994700 0.7546461820602417 2404
1751222995565 1.2706445455551147 2405
1751222996553 1.2134840488433838 2406
1751222997505 0.9377827644348145 2407
1751222998487 0.29300549626350403 2408
1751222999497 0.8271037340164185 2409
1751223000478 0.9358339309692383 2410
1751223001483 0.581926703453064 2411
1751223002459 0.8995658159255981 2412
1751223003422 0.34691789746284485 2413
1751223004433 1.0143235921859741 2414
1751223005421 0.6972121000289917 2415
1751223006378 0.7913681268692017 2416
1751223007370 1.209377646446228 2417
1751223008348 1.2163097858428955 2418
1751223009351 0.7247433066368103 2419
1751223010327 0.9180089831352234 2420
1751223011313 0.975101888179779 2421
1751223012328 0.8666117787361145 2422
1751223013313 0.5765463709831238 2423
1751223014276 1.1922004222869873 2424
1751223015093 1.03531813621521 2425
1751223016081 0.5616931319236755 2426
1751223016915 1.0832204818725586 2427
1751223017902 1.3973478078842163 2428
1751223018864 0.7133617401123047 2429
1751223019859 0.6866313815116882 2430
1751223020815 0.1802128255367279 2431
1751223021811 1.8152207136154175 2432
1751223022790 0.647791862487793 2433
1751223023765 1.0215224027633667 2434
1751223024732 1.334506630897522 2435
1751223025710 1.3298453092575073 2436
1751223026546 1.2698954343795776 2437
1751223027392 1.366512417793274 2438
1751223028345 0.6123215556144714 2439
1751223029298 0.5565740466117859 2440
1751223030292 0.8939529657363892 2441
1751223031251 0.6181651949882507 2442
1751223032212 0.37853389978408813 2443
1751223033182 0.6992108225822449 2444
1751223034158 0.8886424899101257 2445
1751223035114 0.8282980918884277 2446
1751223036129 0.3573635518550873 2447
1751223037105 0.6228153109550476 2448
1751223038094 1.0092095136642456 2449
1751223039064 0.318937212228775 2450
1751223040056 0.5294011235237122 2451
1751223041033 0.6483597755432129 2452
1751223042001 0.7427346706390381 2453
1751223042838 1.5085543394088745 2454
1751223043810 0.7682933807373047 2455
1751223044815 1.0010203123092651 2456
1751223045950 0.8267413973808289 2457
1751223046948 4.920292854309082 2458
1751223047926 1.9373654127120972 2459
1751223048885 0.5078917741775513 2460
1751223049872 0.6339179277420044 2461
1751223050885 1.0717459917068481 2462
1751223051839 0.4958804249763489 2463
1751223052782 1.3594743013381958 2464
1751223053783 0.5746094584465027 2465
1751223054760 0.8174687623977661 2466
1751223055725 1.0050134658813477 2467
1751223056657 1.2513245344161987 2468
1751223057613 0.7332022786140442 2469
1751223058664 0.7824817299842834 2470
1751223059614 0.7266769409179688 2471
1751223060563 1.074676513671875 2472
1751223061535 1.1278265714645386 2473
1751223062532 0.703445553779602 2474
1751223063578 1.0483225584030151 2475
1751223064697 1.0877383947372437 2476
1751223065686 1.3207913637161255 2477
1751223066686 0.9823808670043945 2478
1751223067495 1.6675633192062378 2479
1751223068471 0.9509762525558472 2480
1751223069417 0.9362541437149048 2481
1751223070664 0.6172661781311035 2482
1751223071610 0.7629048228263855 2483
1751223072560 0.6987099647521973 2484
1751223073563 0.834709644317627 2485
1751223074535 0.9837841391563416 2486
1751223075489 1.312243938446045 2487
1751223076440 0.7568902373313904 2488
1751223077398 1.29369056224823 2489
1751223078239 1.2203788757324219 2490
1751223079213 0.7893242835998535 2491
1751223080322 0.6023104786872864 2492
1751223081426 0.741269052028656 2493
1751223082462 1.676425814628601 2494
1751223083429 0.5650565028190613 2495
1751223084396 1.0834933519363403 2496
1751223085418 0.9873378872871399 2497
1751223086359 0.525060772895813 2498
1751223087329 0.9835109710693359 2499
1751223088285 0.431835800409317 2500
1751223089253 0.9347078204154968 2501
1751223090225 0.6952084302902222 2502
1751223091165 0.6625365614891052 2503
1751223092137 1.0869046449661255 2504
1751223093110 0.5927824378013611 2505
1751223094122 0.3686634600162506 2506
1751223095087 0.6637758016586304 2507
1751223096086 0.8580655455589294 2508
1751223097069 1.0736650228500366 2509
1751223097911 3.2901108264923096 2510
1751223098868 0.8272448778152466 2511
1751223099919 0.8054220080375671 2512
1751223100889 0.974388599395752 2513
1751223101840 0.580661416053772 2514
1751223102831 1.5561715364456177 2515
1751223103831 0.797905683517456 2516
1751223104664 0.6140584945678711 2517
1751223105625 1.0844887495040894 2518
1751223106615 0.5087732672691345 2519
1751223107570 0.752025306224823 2520
1751223108559 0.8896816372871399 2521
1751223109537 0.9493199586868286 2522
1751223110527 0.8340818285942078 2523
1751223111363 1.0678070783615112 2524
1751223112350 0.7966328263282776 2525
1751223113318 0.7552700638771057 2526
1751223114301 1.0810874700546265 2527
1751223115279 0.8025233149528503 2528
1751223116282 1.2435353994369507 2529
1751223117233 0.9131731986999512 2530
1751223118204 0.7478021383285522 2531
1751223119184 0.3386927843093872 2532
1751223120178 0.7176864147186279 2533
1751223121183 0.7090916037559509 2534
1751223122161 0.1980762928724289 2535
1751223123134 0.5764085054397583 2536
1751223123987 1.9965362548828125 2537
1751223124786 1.1825456619262695 2538
1751223125731 0.8878394961357117 2539
1751223126690 0.8379656076431274 2540
1751223127666 1.0718469619750977 2541
1751223128657 0.5799886584281921 2542
1751223129658 0.9867666363716125 2543
1751223130473 1.094178318977356 2544
1751223131437 0.9190605282783508 2545
1751223132434 1.0164601802825928 2546
1751223133380 0.5182420015335083 2547
1751223134346 1.2790087461471558 2548
1751223135460 1.1088123321533203 2549
1751223136455 1.2262998819351196 2550
1751223137403 0.892643392086029 2551
1751223138374 0.8809180855751038 2552
1751223139596 1.0412508249282837 2553
1751223140550 1.428916573524475 2554
1751223141514 0.9670730829238892 2555
1751223142473 0.7080308198928833 2556
1751223143430 0.9771066904067993 2557
1751223144396 1.0018062591552734 2558
1751223145396 0.5679509043693542 2559
1751223146344 2.0833537578582764 2560
1751223147309 0.7568668723106384 2561
1751223148279 0.7236822247505188 2562
1751223149262 0.8925473093986511 2563
1751223150102 0.9386232495307922 2564
1751223151101 0.8172666430473328 2565
1751223152130 1.2618129253387451 2566
1751223153214 0.0390511192381382 2567
1751223154245 0.9958381652832031 2568
1751223155092 0.8478504419326782 2569
1751223156052 1.0109548568725586 2570
1751223156997 0.669482409954071 2571
1751223158022 0.6201367378234863 2572
1751223158991 0.8397993445396423 2573
1751223159987 0.985508143901825 2574
1751223160797 1.0673850774765015 2575
1751223161749 1.174606204032898 2576
1751223162750 0.586168110370636 2577
1751223163701 0.6875255703926086 2578
1751223164676 1.3861395120620728 2579
1751223165659 0.6040561199188232 2580
1751223166659 0.9374790191650391 2581
1751223167638 0.9465606808662415 2582
1751223168611 0.7646129727363586 2583
1751223169574 0.6159252524375916 2584
1751223170750 1.4909385442733765 2585
1751223171736 0.8151611685752869 2586
1751223172704 1.1514071226119995 2587
1751223173543 1.887033462524414 2588
1751223174543 1.1843321323394775 2589
1751223175515 0.4554656147956848 2590
1751223176525 1.3777703046798706 2591
1751223177492 0.8711777925491333 2592
1751223178477 1.7160145044326782 2593
1751223179455 0.7884430289268494 2594
1751223180423 1.1063816547393799 2595
1751223181384 0.9246682524681091 2596
1751223182212 0.9010263681411743 2597
1751223183187 0.9904363751411438 2598
1751223184160 1.125575065612793 2599
1751223185172 0.8519285321235657 2600
1751223186225 0.7540335655212402 2601
1751223187291 1.0338096618652344 2602
1751223188275 0.9626818895339966 2603
1751223189243 1.9047285318374634 2604
1751223190261 0.7546942234039307 2605
1751223191148 0.8263193368911743 2606
1751223192116 0.7647716999053955 2607
1751223193094 0.7645037174224854 2608
1751223194051 0.718504011631012 2609
1751223195036 1.2890479564666748 2610
1751223195969 0.9362415671348572 2611
1751223196924 1.151213526725769 2612
1751223197891 0.772683322429657 2613
1751223198851 1.0002435445785522 2614
1751223199828 0.9444192051887512 2615
1751223200788 0.5967791676521301 2616
1751223201739 0.5781511068344116 2617
1751223202699 0.24392206966876984 2618
1751223203542 1.034861445426941 2619
1751223204540 1.2249765396118164 2620
1751223205499 0.772662341594696 2621
1751223206490 1.845793604850769 2622
1751223207794 0.5061169862747192 2623
1751223208735 0.9253531694412231 2624
1751223209706 0.9400483965873718 2625
1751223210672 1.1929031610488892 2626
1751223211618 0.14763125777244568 2627
1751223212577 1.1634958982467651 2628
1751223213544 0.664635956287384 2629
1751223214533 0.6064719557762146 2630
1751223215505 0.6637277007102966 2631
1751223216531 1.1022430658340454 2632
1751223217512 0.5538760423660278 2633
1751223218475 0.645202100276947 2634
1751223219432 0.8289135098457336 2635
1751223220425 0.7105016708374023 2636
1751223221373 0.9527544379234314 2637
1751223222228 0.8493841290473938 2638
1751223223059 1.7394630908966064 2639
1751223224024 0.18804125487804413 2640
1751223224839 1.0740183591842651 2641
1751223225676 1.1666568517684937 2642
1751223226666 0.5254281759262085 2643
1751223227630 1.0745346546173096 2644
1751223228598 0.5143283605575562 2645
1751223229599 0.6437101364135742 2646
1751223230594 0.4405628442764282 2647
1751223231578 0.343230664730072 2648
1751223232417 2.9614226818084717 2649
1751223233391 0.8801923990249634 2650
1751223234338 1.0396934747695923 2651
1751223235330 0.17176534235477448 2652
1751223236307 0.8086883425712585 2653
1751223237277 0.693947970867157 2654
1751223238288 0.6113941073417664 2655
1751223239269 0.7279044389724731 2656
1751223240273 1.6922588348388672 2657
1751223241433 3.7450859546661377 2658
1751223242464 0.6373236775398254 2659
1751223243414 1.0740560293197632 2660
1751223244385 1.3052364587783813 2661
1751223245248 1.6028631925582886 2662
1751223246213 1.0395820140838623 2663
1751223247211 1.4790630340576172 2664
1751223248195 0.64515620470047 2665
1751223249056 1.7890974283218384 2666
1751223249895 0.9379438757896423 2667
1751223250874 0.9305710792541504 2668
1751223251847 0.8905754089355469 2669
1751223252810 1.2178319692611694 2670
1751223253850 1.0668857097625732 2671
1751223254839 1.2920266389846802 2672
1751223255810 0.6883032321929932 2673
1751223256779 1.6410397291183472 2674
1751223257871 0.8252236247062683 2675
1751223259021 0.8418596386909485 2676
1751223259992 0.6120333671569824 2677
1751223260961 1.2961419820785522 2678
1751223261921 0.8672181963920593 2679
1751223262922 1.1196125745773315 2680
1751223263894 1.174162745475769 2681
1751223264896 0.08255871385335922 2682
1751223265864 0.9349461793899536 2683
1751223266834 0.5377781391143799 2684
1751223267828 0.603257417678833 2685
1751223268817 0.23194432258605957 2686
1751223269803 0.6881324648857117 2687
1751223270665 1.6434277296066284 2688
1751223271651 1.0526806116104126 2689
1751223272700 1.3402767181396484 2690
1751223273519 1.044817328453064 2691
1751223274503 0.8742154240608215 2692
1751223275481 1.071344017982483 2693
1751223276584 1.1697725057601929 2694
1751223277546 0.9486930966377258 2695
1751223278559 0.7943477034568787 2696
1751223279546 0.8487949371337891 2697
1751223280529 1.1251722574234009 2698
1751223281500 0.21470719575881958 2699
1751223282490 0.7730549573898315 2700
1751223283496 1.1530483961105347 2701
1751223284471 0.4062415063381195 2702
1751223285437 1.1825886964797974 2703
1751223286405 0.7572412490844727 2704
1751223287402 1.432051420211792 2705
1751223288211 0.6653851270675659 2706
1751223289170 0.8678237795829773 2707
1751223290152 0.9440704584121704 2708
1751223291148 0.8733655214309692 2709
1751223292115 0.9219427108764648 2710
1751223293127 0.7783594131469727 2711
1751223294114 1.1327933073043823 2712
1751223295124 0.605695366859436 2713
1751223296080 1.605596899986267 2714
1751223297028 0.6523564457893372 2715
1751223298005 0.9565978050231934 2716
1751223299006 0.6998440027236938 2717
1751223299965 0.6526459455490112 2718
1751223300934 0.6452821493148804 2719
1751223301926 1.433158040046692 2720
1751223302903 0.8900333642959595 2721
1751223303729 2.501408576965332 2722
1751223304761 1.301916241645813 2723
1751223305731 1.134428858757019 2724
1751223306709 0.7730351090431213 2725
1751223307657 0.5527041554450989 2726
1751223308640 1.0568065643310547 2727
1751223309614 1.0938301086425781 2728
1751223310587 0.8563308119773865 2729
1751223311446 0.5794682502746582 2730
1751223312412 0.79546058177948 2731
1751223313439 1.0111794471740723 2732
1751223314558 1.0075910091400146 2733
1751223315649 0.6776827573776245 2734
1751223316613 0.7973180413246155 2735
1751223317470 1.8505018949508667 2736
1751223318424 0.44966477155685425 2737
1751223319377 1.4214048385620117 2738
1751223320344 1.3013317584991455 2739
1751223321332 0.715258777141571 2740
1751223322340 0.7267335057258606 2741
1751223323302 1.0559002161026 2742
1751223324263 0.7061671614646912 2743
1751223325254 1.6540483236312866 2744
1751223326238 0.633211612701416 2745
1751223327211 0.6508734822273254 2746
1751223328187 2.3109230995178223 2747
1751223329139 0.8378217816352844 2748
1751223329964 1.1286157369613647 2749
1751223330951 0.8356103897094727 2750
1751223332066 0.8712957501411438 2751
1751223333171 0.7305282950401306 2752
1751223334147 1.0209368467330933 2753
1751223335111 0.7651566863059998 2754
1751223336132 0.9038091897964478 2755
1751223336970 0.6924173831939697 2756
1751223337926 0.8397062420845032 2757
1751223338939 0.7227402329444885 2758
1751223339956 0.7539804577827454 2759
1751223340952 0.4870496690273285 2760
1751223341887 0.7872318029403687 2761
1751223342845 0.6907243132591248 2762
1751223343824 1.2979074716567993 2763
1751223344969 0.7911424040794373 2764
1751223345957 1.0927337408065796 2765
1751223346963 0.7818748950958252 2766
1751223347786 1.1056158542633057 2767
1751223348744 0.8505708575248718 2768
1751223349825 1.1204884052276611 2769
1751223350983 1.005312442779541 2770
1751223352019 1.4799917936325073 2771
1751223353041 0.7627448439598083 2772
1751223354000 1.2388590574264526 2773
1751223354836 1.3052743673324585 2774
1751223355806 1.6830122470855713 2775
1751223356774 0.5187399983406067 2776
1751223357789 0.8151151537895203 2777
1751223358588 0.862653374671936 2778
1751223359575 1.5845812559127808 2779
1751223360541 0.5420944094657898 2780
1751223361498 0.9560433626174927 2781
1751223362489 0.9012901186943054 2782
1751223363482 0.7183346152305603 2783
1751223364461 0.791431725025177 2784
1751223365423 0.7276738882064819 2785
1751223366394 0.6067542433738708 2786
1751223367366 1.8145439624786377 2787
1751223368346 0.5262331962585449 2788
1751223369304 0.7392148375511169 2789
1751223370135 0.6797997355461121 2790
1751223371122 0.4627651870250702 2791
1751223372081 0.7289304137229919 2792
1751223373108 1.0850194692611694 2793
1751223374072 0.8662070631980896 2794
1751223375029 0.46480774879455566 2795
1751223376064 0.6385912299156189 2796
1751223377037 0.8329789042472839 2797
1751223378030 1.4411966800689697 2798
1751223379018 0.9149547815322876 2799
1751223380026 0.9438291788101196 2800
1751223380986 0.5785898566246033 2801
1751223381956 0.609116792678833 2802
1751223382919 0.6833197474479675 2803
1751223383926 1.0630229711532593 2804
1751223384883 0.5408770442008972 2805
1751223385877 0.6441376805305481 2806
1751223386877 0.7887763977050781 2807
1751223387692 0.7740179896354675 2808
1751223388668 1.9850084781646729 2809
1751223389641 0.9899094700813293 2810
1751223390455 1.1541489362716675 2811
1751223391494 0.8412420153617859 2812
1751223392452 0.7202936410903931 2813
1751223393445 1.2702058553695679 2814
1751223394417 1.015707015991211 2815
1751223395370 0.5938810706138611 2816
1751223396338 0.5915046334266663 2817
1751223397159 1.6436960697174072 2818
1751223398122 0.3297204375267029 2819
1751223399094 0.7075213193893433 2820
1751223400056 0.6770184636116028 2821
1751223401034 1.4700684547424316 2822
1751223402033 0.9165865182876587 2823
1751223402998 0.7376999855041504 2824
1751223403970 0.7719196677207947 2825
1751223404803 2.4495084285736084 2826
1751223405800 1.627380609512329 2827
1751223406780 1.8472788333892822 2828
1751223407743 0.7783270478248596 2829
1751223408721 1.054485559463501 2830
1751223409678 0.9934434294700623 2831
1751223410661 1.1648606061935425 2832
1751223411956 0.36326488852500916 2833
1751223412934 1.9584673643112183 2834
1751223413872 0.7072048187255859 2835
1751223414835 0.888256311416626 2836
1751223415646 0.14852777123451233 2837
1751223416493 0.8931629657745361 2838
1751223417472 1.975887656211853 2839
1751223418492 1.1732330322265625 2840
1751223419481 1.2638543844223022 2841
1751223420472 0.4628154933452606 2842
1751223421507 0.7645677924156189 2843
1751223422659 1.372785210609436 2844
1751223423599 1.7130950689315796 2845
1751223424562 0.7896696925163269 2846
1751223425548 0.5461743474006653 2847
1751223426571 0.5807429552078247 2848
1751223427583 0.8625504374504089 2849
1751223428553 1.1399123668670654 2850
1751223429389 2.398441791534424 2851
1751223430383 1.0500319004058838 2852
1751223431357 1.09532630443573 2853
1751223432369 0.7931369543075562 2854
1751223433345 0.7566487789154053 2855
1751223434328 0.8351754546165466 2856
1751223435281 0.9772178530693054 2857
1751223436129 1.4261454343795776 2858
1751223437095 0.6785980463027954 2859
1751223438144 0.7846948504447937 2860
1751223439175 0.9926871657371521 2861
1751223440315 0.5150737762451172 2862
1751223441347 1.1431220769882202 2863
1751223442169 1.014651894569397 2864
1751223443184 2.121100425720215 2865
1751223444150 0.7451401352882385 2866
1751223445132 1.0264238119125366 2867
1751223446081 0.8448038101196289 2868
1751223447056 1.1235755681991577 2869
1751223448075 1.0126807689666748 2870
1751223449030 0.934977650642395 2871
1751223449984 1.1143549680709839 2872
1751223450964 0.9221023917198181 2873
1751223451966 3.9932193756103516 2874
1751223452941 0.9986493587493896 2875
1751223453940 0.5590583086013794 2876
1751223454962 0.5181836485862732 2877
1751223455931 0.9560026526451111 2878
1751223456903 0.778768002986908 2879
1751223457914 1.0112476348876953 2880
1751223458900 0.6464765667915344 2881
1751223459926 0.7248069643974304 2882
1751223460898 0.8326959609985352 2883
1751223461870 0.6658846139907837 2884
1751223462836 1.12421452999115 2885
1751223463672 0.7501857280731201 2886
1751223464650 1.1243104934692383 2887
1751223465648 1.2993602752685547 2888
1751223466640 1.004780888557434 2889
1751223467626 1.2713724374771118 2890
1751223468623 0.6061190962791443 2891
1751223469932 1.1853080987930298 2892
1751223470916 1.3426058292388916 2893
1751223471897 0.8525905609130859 2894
1751223472862 0.8623115420341492 2895
1751223473840 0.6768856644630432 2896
1751223474691 1.1656770706176758 2897
1751223475658 1.2854892015457153 2898
1751223476644 0.9598242044448853 2899
1751223477617 1.0640652179718018 2900
1751223478555 1.0266036987304688 2901
1751223479513 1.0243333578109741 2902
1751223480488 0.9255184531211853 2903
1751223481468 0.8109874725341797 2904
1751223482427 1.0105857849121094 2905
1751223483389 1.1338131427764893 2906
1751223484389 0.506257176399231 2907
1751223485392 0.7684059739112854 2908
1751223486400 1.1130024194717407 2909
1751223487241 0.8007327914237976 2910
1751223488199 0.7384610176086426 2911
1751223489166 0.4228268265724182 2912
1751223490137 0.46164318919181824 2913
1751223491110 1.5978012084960938 2914
1751223492121 0.7704001665115356 2915
1751223493143 1.8374274969100952 2916
1751223494131 0.8487070202827454 2917
1751223495107 0.9130482077598572 2918
1751223496095 0.6829882860183716 2919
1751223497045 0.777260959148407 2920
1751223497873 1.0152826309204102 2921
1751223498883 1.3931927680969238 2922
1751223499851 0.650115430355072 2923
1751223500831 1.210961937904358 2924
1751223501718 0.6775644421577454 2925
1751223502698 0.6753153204917908 2926
1751223503683 1.2550392150878906 2927
1751223504647 0.7372900247573853 2928
1751223505627 0.7656614780426025 2929
1751223506591 0.768566370010376 2930
1751223507548 0.5289561748504639 2931
1751223508505 0.9510278701782227 2932
1751223509334 0.6419658660888672 2933
1751223510305 0.8632794618606567 2934
1751223511325 0.36697882413864136 2935
1751223512401 0.9193188548088074 2936
1751223513479 0.7603325843811035 2937
1751223514445 0.7719030380249023 2938
1751223515410 0.7160457968711853 2939
1751223516391 0.8296190500259399 2940
1751223517360 0.6830559968948364 2941
1751223518329 0.6645206809043884 2942
1751223519299 0.8827874064445496 2943
1751223520248 0.583053708076477 2944
1751223521212 0.6006540060043335 2945
1751223522181 0.35762181878089905 2946
1751223523168 0.5235914587974548 2947
1751223524152 0.8022722601890564 2948
1751223525118 0.9730804562568665 2949
1751223526097 0.4490099549293518 2950
1751223527417 0.5795544981956482 2951
1751223528515 0.7905411124229431 2952
1751223529538 0.9578356742858887 2953
1751223530580 1.0277998447418213 2954
1751223531541 0.3727920651435852 2955
1751223532541 0.8091793060302734 2956
1751223533518 0.6171060800552368 2957
1751223534497 0.8313890695571899 2958
1751223535466 0.9225872159004211 2959
1751223536448 0.5263879299163818 2960
1751223537412 1.8288993835449219 2961
1751223538353 1.089048981666565 2962
1751223539330 1.2676022052764893 2963
1751223540369 0.5363658666610718 2964
1751223541388 0.5662122964859009 2965
1751223542367 0.3518081605434418 2966
1751223543339 1.0408926010131836 2967
1751223544159 1.8549168109893799 2968
1751223545292 0.8756181001663208 2969
1751223546314 0.698867678642273 2970
1751223547276 1.286835789680481 2971
1751223548287 0.4209148585796356 2972
1751223549277 0.7148845195770264 2973
1751223550258 0.1599096655845642 2974
1751223551246 0.870643138885498 2975
1751223552257 1.1997610330581665 2976
1751223553252 1.5691803693771362 2977
1751223554241 1.9845218658447266 2978
1751223555210 0.8477978110313416 2979
1751223556171 0.5846293568611145 2980
1751223557021 2.9993252754211426 2981
1751223558038 0.7667803168296814 2982
1751223559005 1.9786723852157593 2983
1751223559991 0.9846243262290955 2984
1751223560947 1.0491689443588257 2985
1751223561916 1.0596504211425781 2986
1751223562898 0.5989800691604614 2987
1751223563726 0.37713295221328735 2988
1751223564693 0.2164923995733261 2989
1751223565662 1.468479037284851 2990
1751223566515 2.77494740486145 2991
1751223567493 0.7311367988586426 2992
1751223568500 0.6851087808609009 2993
1751223569565 1.5059053897857666 2994
1751223570563 0.9934386610984802 2995
1751223571542 1.3692538738250732 2996
1751223572517 1.5564459562301636 2997
1751223573488 0.5792149901390076 2998
1751223574449 0.6207504272460938 2999
1751223575451 0.30294010043144226 3000
1751223576419 0.7760011553764343 3001
1751223577413 0.5384595990180969 3002
1751223578384 0.6950035095214844 3003
1751223579414 1.896173357963562 3004
1751223580251 1.3385738134384155 3005
1751223581207 0.9298227429389954 3006
1751223582179 0.6829923987388611 3007
1751223583140 0.6751672029495239 3008
1751223584118 0.6769834756851196 3009
1751223584951 0.9048170447349548 3010
1751223586150 1.4858464002609253 3011
1751223587116 1.436743140220642 3012
1751223588105 0.8906726837158203 3013
1751223589071 0.9188770651817322 3014
1751223590026 1.0297577381134033 3015
1751223590869 2.5233383178710938 3016
1751223591811 0.7323512434959412 3017
1751223592853 1.0550857782363892 3018
1751223593853 0.8741236925125122 3019
1751223594697 1.2316172122955322 3020
1751223595676 0.18392309546470642 3021
1751223596690 1.5002943277359009 3022
1751223597669 1.0023891925811768 3023
1751223598653 0.9092791676521301 3024
1751223599634 0.9793552756309509 3025
1751223600675 0.8605947494506836 3026
1751223601814 0.7487313151359558 3027
1751223602809 0.6994324922561646 3028
1751223603810 0.6143413186073303 3029
1751223604787 0.8283385634422302 3030
1751223605776 0.5467869639396667 3031
1751223606769 0.7159051299095154 3032
1751223607759 1.7202497720718384 3033
1751223608655 0.7308851480484009 3034
1751223609653 0.44646716117858887 3035
1751223610608 0.9488708972930908 3036
1751223611588 0.5603868365287781 3037
1751223612561 1.0633574724197388 3038
1751223613563 0.6872593760490417 3039
1751223614544 1.0076748132705688 3040
1751223615487 0.8514142036437988 3041
1751223616500 0.8477059602737427 3042
1751223617611 0.856026828289032 3043
1751223618470 1.6138839721679688 3044
1751223619474 2.013118028640747 3045
1751223620437 0.7165136337280273 3046
1751223621322 1.2120662927627563 3047
1751223622284 0.6946345567703247 3048
1751223623308 0.898000180721283 3049
1751223624274 0.8382396697998047 3050
1751223625244 1.0977529287338257 3051
1751223626212 0.7156886458396912 3052
1751223627076 0.7483140230178833 3053
1751223628029 1.0131597518920898 3054
1751223629049 0.830892026424408 3055
1751223630067 0.6520196199417114 3056
1751223631051 0.6651124358177185 3057
1751223632017 0.6436914801597595 3058
1751223633006 0.36301419138908386 3059
1751223634010 0.5940779447555542 3060
1751223635176 1.2843703031539917 3061
1751223636228 1.606726884841919 3062
1751223637085 1.318004846572876 3063
1751223638063 0.8244686126708984 3064
1751223639053 1.0665987730026245 3065
1751223639932 0.9392000436782837 3066
1751223640925 0.8760213255882263 3067
1751223641968 0.6649640798568726 3068
1751223642944 1.3607863187789917 3069
1751223643965 1.4039376974105835 3070
1751223645185 0.8424751162528992 3071
1751223646202 0.5865160226821899 3072
1751223647196 1.0344022512435913 3073
1751223648181 0.8736435174942017 3074
1751223649154 0.572942852973938 3075
1751223650177 1.4584606885910034 3076
1751223651133 1.0163099765777588 3077
1751223652106 0.7430920004844666 3078
1751223653093 0.9862644076347351 3079
1751223653923 1.2752474546432495 3080
1751223654891 0.48177674412727356 3081
1751223655874 0.8795616030693054 3082
1751223656821 0.6124841570854187 3083
1751223657776 0.9820013046264648 3084
1751223658744 0.7873741984367371 3085
1751223659772 0.5020388960838318 3086
1751223660725 0.6952342987060547 3087
1751223661741 1.3079591989517212 3088
1751223662717 1.0319722890853882 3089
1751223663693 0.542911946773529 3090
1751223664671 0.6173003315925598 3091
1751223665635 0.7986592054367065 3092
1751223666614 0.8020704388618469 3093
1751223667580 1.1706202030181885 3094
1751223668547 1.0155216455459595 3095
1751223669534 0.5902103781700134 3096
1751223670498 0.7210248112678528 3097
1751223671453 1.4551607370376587 3098
1751223672431 1.696889877319336 3099
1751223673432 0.5494272112846375 3100
1751223674423 0.6438879370689392 3101
1751223675415 1.135288119316101 3102
1751223676366 0.3177511990070343 3103
1751223677251 1.3079012632369995 3104
1751223678239 0.7766389846801758 3105
1751223679240 0.6843448877334595 3106
1751223680222 0.6380655169487 3107
1751223681186 1.011256456375122 3108
1751223682166 0.8515741229057312 3109
1751223683171 1.0219837427139282 3110
1751223684119 0.45658746361732483 3111
1751223685100 0.6445517539978027 3112
1751223686071 0.7745912671089172 3113
1751223687045 0.9202153086662292 3114
1751223688020 0.7587540745735168 3115
1751223689018 0.987914502620697 3116
1751223689982 0.6057277917861938 3117
1751223690963 0.8147279024124146 3118
1751223691992 1.1352206468582153 3119
1751223692942 1.7096900939941406 3120
1751223693916 0.7837395668029785 3121
1751223694945 1.0691578388214111 3122
1751223695939 0.489737331867218 3123
1751223696913 0.7855067253112793 3124
1751223698027 0.8893724679946899 3125
1751223699122 0.9145784378051758 3126
1751223700085 0.3077166974544525 3127
1751223701044 1.758811593055725 3128
1751223702013 1.049178123474121 3129
1751223702853 0.08173016458749771 3130
1751223704157 1.1901178359985352 3131
1751223705112 0.7836698889732361 3132
1751223706090 0.5452823042869568 3133
1751223707102 0.8728511929512024 3134
1751223707912 0.8571340441703796 3135
1751223708884 2.8573272228240967 3136
1751223709881 0.9136600494384766 3137
1751223710877 0.9640994071960449 3138
1751223711849 0.7078493237495422 3139
1751223712832 0.6138717532157898 3140
1751223713797 0.5486340522766113 3141
1751223714703 0.6551044583320618 3142
1751223715804 0.01917952112853527 3143
1751223716795 0.8107917904853821 3144
1751223717774 1.3063358068466187 3145
1751223718773 0.788347601890564 3146
1751223719719 1.8035144805908203 3147
1751223720566 0.7972731590270996 3148
1751223721566 1.2799322605133057 3149
1751223722532 0.6981022953987122 3150
1751223723525 1.2555921077728271 3151
1751223724486 0.6360018849372864 3152
1751223725460 0.8918766379356384 3153
1751223726463 0.42896509170532227 3154
1751223727449 0.8458663821220398 3155
1751223728440 1.2049933671951294 3156
1751223729412 0.8845723271369934 3157
1751223730397 1.3184126615524292 3158
1751223731426 0.571218729019165 3159
1751223732517 1.1084375381469727 3160
1751223733480 1.0154050588607788 3161
1751223734464 0.8153141140937805 3162
1751223735409 0.30969056487083435 3163
1751223736386 0.8433189392089844 3164
1751223737355 1.1625944375991821 3165
1751223738345 0.44942501187324524 3166
1751223739339 1.0472475290298462 3167
1751223740341 0.787186861038208 3168
1751223741337 1.1388797760009766 3169
1751223742365 0.5047427415847778 3170
1751223743250 0.861234188079834 3171
1751223744254 1.4748797416687012 3172
1751223745224 0.7415675520896912 3173
1751223746250 0.640717089176178 3174
1751223747217 0.7989243268966675 3175
1751223748189 1.962741494178772 3176
1751223749178 1.0221670866012573 3177
1751223750148 1.0552784204483032 3178
1751223751115 0.04717816039919853 3179
1751223752096 0.6670412421226501 3180
1751223753071 0.8348498344421387 3181
1751223754063 0.6739265322685242 3182
1751223755060 1.7392578125 3183
1751223755900 0.9277755618095398 3184
1751223756860 0.9512642025947571 3185
1751223757880 0.47823604941368103 3186
1751223758838 0.9443460702896118 3187
1751223759881 0.877909779548645 3188
1751223761099 1.3182700872421265 3189
1751223762096 0.5024608969688416 3190
1751223763040 1.2671195268630981 3191
1751223764029 0.6685635447502136 3192
1751223765006 1.0036925077438354 3193
1751223765959 1.4300495386123657 3194
1751223766918 1.1048170328140259 3195
1751223767914 0.8879138231277466 3196
1751223768876 0.8799514770507812 3197
1751223769823 0.42451968789100647 3198
1751223770781 0.7999071478843689 3199
1751223771747 1.0810809135437012 3200
1751223772712 0.86897212266922 3201
1751223773695 1.170769453048706 3202
1751223774650 1.164794921875 3203
1751223775646 0.9009681940078735 3204
1751223776450 1.4411509037017822 3205
1751223777498 0.8272539973258972 3206
1751223778444 0.8146074414253235 3207
1751223779301 1.4170405864715576 3208
1751223780252 0.8898819088935852 3209
1751223781248 1.2627311944961548 3210
1751223782222 1.0905755758285522 3211
1751223783100 0.7242349982261658 3212
1751223784108 1.2784849405288696 3213
1751223785093 0.7402620911598206 3214
1751223786203 0.5283898711204529 3215
1751223787222 0.7305567264556885 3216
1751223788232 0.8984394073486328 3217
1751223789212 0.8421940207481384 3218
1751223790237 0.0886479988694191 3219
1751223791207 0.7250187993049622 3220
1751223792210 0.49185457825660706 3221
1751223793162 0.6098999381065369 3222
1751223794122 0.4868922233581543 3223
1751223795076 0.8369978070259094 3224
1751223796079 1.9483495950698853 3225
1751223797043 1.010593056678772 3226
1751223798059 0.8385712504386902 3227
1751223799055 0.4215117394924164 3228
1751223800060 0.7980251312255859 3229
1751223801049 1.7357498407363892 3230
1751223802031 1.1778773069381714 3231
1751223803098 1.0413650274276733 3232
1751223804164 0.9578056335449219 3233
1751223805142 0.6180404424667358 3234
1751223805987 0.3937447965145111 3235
1751223806959 1.114684820175171 3236
1751223807914 0.5609488487243652 3237
1751223808914 1.4460543394088745 3238
1751223810156 1.043042540550232 3239
1751223811133 1.2574725151062012 3240
1751223812143 0.8676241040229797 3241
1751223813107 0.7075429558753967 3242
1751223814112 0.8625637888908386 3243
1751223815108 0.7089349627494812 3244
1751223816083 0.0493193194270134 3245
1751223817075 1.2003430128097534 3246
1751223818040 1.6844879388809204 3247
1751223819034 0.7017384171485901 3248
1751223820218 0.7981061339378357 3249
1751223821319 1.1803826093673706 3250
1751223822303 0.6600367426872253 3251
1751223823298 0.19942817091941833 3252
1751223824284 1.2586768865585327 3253
1751223825245 0.7801315784454346 3254
1751223826207 0.62864750623703 3255
1751223827168 0.5717976689338684 3256
1751223828054 1.271972417831421 3257
1751223829094 0.9476839303970337 3258
1751223830044 1.1719125509262085 3259
1751223831007 0.6545078158378601 3260
1751223831965 0.4647185802459717 3261
1751223832919 0.9276890158653259 3262
1751223833913 0.6778573393821716 3263
1751223834913 0.8748089075088501 3264
1751223835883 0.8683765530586243 3265
1751223836855 0.49985620379447937 3266
1751223837861 0.6117222905158997 3267
1751223838821 0.8025421500205994 3268
1751223839799 0.5785794258117676 3269
1751223840818 0.8815701603889465 3270
1751223841779 0.6790568232536316 3271
1751223842610 0.3160134553909302 3272
1751223843628 0.5000616312026978 3273
1751223844618 0.6491990089416504 3274
1751223845583 0.6401935815811157 3275
1751223846528 0.8484686017036438 3276
1751223847508 0.5408876538276672 3277
1751223848492 2.2173526287078857 3278
1751223849537 1.361829161643982 3279
1751223850378 0.187882661819458 3280
1751223851358 0.695376992225647 3281
1751223852340 1.0527119636535645 3282
1751223853301 0.9771612286567688 3283
1751223854262 1.147554636001587 3284
1751223855283 0.7162705063819885 3285
1751223856282 0.07111480832099915 3286
1751223857291 0.8980326056480408 3287
1751223858337 0.1782023161649704 3288
1751223859336 0.9219481348991394 3289
1751223860305 0.9443656206130981 3290
1751223861270 0.6052285432815552 3291
1751223862257 0.5859598517417908 3292
1751223863081 1.4683551788330078 3293
1751223864061 0.8087591528892517 3294
1751223865016 1.4673521518707275 3295
1751223865988 0.8280577063560486 3296
1751223866951 2.2259957790374756 3297
1751223867875 3.4099960327148438 3298
1751223868718 1.1378509998321533 3299
1751223869986 0.816462516784668 3300
1751223870956 0.929614245891571 3301
1751223871938 0.6559911966323853 3302
1751223872880 1.1891825199127197 3303
1751223873880 0.5746963024139404 3304
1751223874908 1.0868061780929565 3305
1751223875882 0.5680338740348816 3306
1751223876883 0.3506282866001129 3307
1751223877869 0.6444377303123474 3308
1751223878868 0.7538625001907349 3309
1751223879846 1.3032220602035522 3310
1751223880832 0.5658301711082458 3311
1751223881862 0.6048663258552551 3312
1751223883015 0.7436684966087341 3313
1751223883884 1.349277377128601 3314
1751223884849 0.5612363219261169 3315
1751223885873 0.9309681057929993 3316
1751223886840 1.035042405128479 3317
1751223887813 0.8912858366966248 3318
1751223888784 1.429215431213379 3319
1751223889777 1.6439980268478394 3320
1751223890588 2.339477300643921 3321
1751223891558 0.716981053352356 3322
1751223892590 0.9819772839546204 3323
1751223893586 1.3145779371261597 3324
1751223894596 0.9819389581680298 3325
1751223895580 0.13402873277664185 3326
1751223896409 1.1407991647720337 3327
1751223897380 0.7678467631340027 3328
1751223898344 0.6696375012397766 3329
1751223899232 0.820425271987915 3330
1751223900342 1.2384127378463745 3331
1751223901349 1.1765574216842651 3332
1751223902347 0.8225947618484497 3333
1751223903324 1.351378083229065 3334
1751223904343 0.8527064323425293 3335
1751223905325 1.1652048826217651 3336
1751223906289 0.8972000479698181 3337
1751223907251 0.6583306193351746 3338
1751223908205 0.7713164687156677 3339
1751223909173 0.6198171377182007 3340
1751223910163 0.6707795262336731 3341
1751223911146 0.8825799822807312 3342
1751223912134 0.9811399579048157 3343
1751223913176 0.568079948425293 3344
1751223914148 0.6202523708343506 3345
1751223915115 0.5974100232124329 3346
1751223916197 1.0425606966018677 3347
1751223917279 1.3870748281478882 3348
1751223918540 1.0020418167114258 3349
1751223919540 0.9053155183792114 3350
1751223920517 0.7138416171073914 3351
1751223921474 1.1144949197769165 3352
1751223922507 0.7423534393310547 3353
1751223923486 1.025572657585144 3354
1751223924458 0.7268800139427185 3355
1751223925463 0.8101449012756348 3356
1751223926440 0.816441535949707 3357
1751223927434 0.9411503076553345 3358
1751223928446 0.7307454347610474 3359
1751223929453 0.8473888635635376 3360
1751223930405 0.5628882050514221 3361
1751223931375 0.600764274597168 3362
1751223932381 0.9265274405479431 3363
1751223933373 0.727314293384552 3364
1751223934386 1.009966254234314 3365
1751223935242 0.9173416495323181 3366
1751223936260 1.0898412466049194 3367
1751223937233 0.7980383634567261 3368
1751223938221 0.6771093606948853 3369
1751223939050 1.2633079290390015 3370
1751223940072 0.8675541281700134 3371
1751223941040 0.8428338170051575 3372
1751223941988 0.8651378154754639 3373
1751223942826 0.9849945306777954 3374
1751223943821 0.4637472629547119 3375
1751223944838 0.7349182367324829 3376
1751223945811 0.6260408759117126 3377
1751223946789 0.8224781155586243 3378
1751223947770 1.3347933292388916 3379
1751223948736 0.8475530743598938 3380
1751223949760 0.6258730888366699 3381
1751223950724 1.2137764692306519 3382
1751223951668 0.8137750625610352 3383
1751223952648 0.6229526400566101 3384
1751223953644 1.0764249563217163 3385
1751223954636 0.7017362713813782 3386
1751223955638 0.9978525042533875 3387
1751223956629 0.817674458026886 3388
1751223957610 0.06220530346035957 3389
1751223958564 0.7079789638519287 3390
1751223959541 0.5023174285888672 3391
1751223960500 0.9203981757164001 3392
1751223961461 0.7201722264289856 3393
1751223962441 0.8154796957969666 3394
1751223963422 0.6130279302597046 3395
1751223964379 0.2633809745311737 3396
1751223965347 0.7772244811058044 3397
1751223966327 1.4563319683074951 3398
1751223967332 0.6664143800735474 3399
1751223968299 0.660927951335907 3400
1751223969284 0.5892176032066345 3401
1751223970176 0.9210230708122253 3402
1751223971281 0.886154294013977 3403
1751223972248 0.8693315386772156 3404
1751223973211 0.8400917053222656 3405
1751223974228 1.0825693607330322 3406
1751223975115 0.5806950926780701 3407
1751223976071 0.7644824385643005 3408
1751223977032 0.6779175400733948 3409
1751223978308 0.9562950134277344 3410
1751223979288 0.9532098770141602 3411
1751223980262 0.3695579171180725 3412
1751223981079 2.1702728271484375 3413
1751223982071 0.9270884394645691 3414
1751223983053 0.7154512405395508 3415
1751223984023 0.8835006952285767 3416
1751223985008 1.2664976119995117 3417
1751223985978 0.8964905738830566 3418
1751223986946 0.6910662055015564 3419
1751223987990 0.7348551154136658 3420
1751223989121 0.8092760443687439 3421
1751223989977 0.7066166400909424 3422
1751223990945 1.0578807592391968 3423
1751223991766 0.624026894569397 3424
1751223992742 0.9868617057800293 3425
1751223993781 1.2045782804489136 3426
1751223994798 0.9666978716850281 3427
1751223995761 0.8425964713096619 3428
1751223996634 1.0780528783798218 3429
1751223997598 1.246720552444458 3430
1751223998466 0.8732240796089172 3431
1751223999438 0.49632367491722107 3432
1751224000425 1.0890682935714722 3433
1751224001427 0.7006429433822632 3434
1751224002440 1.2211360931396484 3435
1751224003452 0.7368379235267639 3436
1751224004424 0.8647165298461914 3437
1751224005456 1.1068203449249268 3438
1751224006419 0.32376497983932495 3439
1751224007485 1.303011178970337 3440
1751224008450 0.9744641184806824 3441
1751224009424 0.8819878697395325 3442
1751224010427 0.9963197708129883 3443
1751224011412 0.8828510642051697 3444
1751224012435 0.8219410181045532 3445
1751224013401 0.9171826243400574 3446
1751224014349 0.36198365688323975 3447
1751224015325 0.8512898683547974 3448
1751224016379 0.6923021674156189 3449
1751224017381 1.0600769519805908 3450
1751224018345 1.1580454111099243 3451
1751224019205 0.8030400276184082 3452
1751224020183 0.552789032459259 3453
1751224021532 0.756217360496521 3454
1751224022509 0.876444935798645 3455
1751224023498 0.735596776008606 3456
1751224024464 0.9666401147842407 3457
1751224025450 0.7055460810661316 3458
1751224026446 0.9431300163269043 3459
1751224027440 0.8622401356697083 3460
1751224028400 0.9269294738769531 3461
1751224029235 1.0725221633911133 3462
1751224030290 0.7836786508560181 3463
1751224031278 0.6276043057441711 3464
1751224032252 0.8888349533081055 3465
1751224033221 1.272396445274353 3466
1751224034185 1.7977346181869507 3467
1751224035143 0.7697698473930359 3468
1751224036132 0.760343611240387 3469
1751224036954 1.0482134819030762 3470
1751224037924 0.8113391995429993 3471
1751224038907 0.8052486777305603 3472
1751224039886 1.020786166191101 3473
1751224040867 1.6882412433624268 3474
1751224041851 1.6028919219970703 3475
1751224042837 1.1403311491012573 3476
1751224043796 0.7403928637504578 3477
1751224044774 0.7703153491020203 3478
1751224045744 1.193726897239685 3479
1751224046732 1.2948344945907593 3480
1751224047689 1.0424283742904663 3481
1751224048645 0.7102514505386353 3482
1751224049471 0.8037673234939575 3483
1751224050433 1.2542279958724976 3484
1751224051398 0.7021697163581848 3485
1751224052353 0.6925676465034485 3486
1751224053323 1.076088547706604 3487
1751224054384 0.8213745951652527 3488
1751224055379 0.8882523775100708 3489
1751224056379 0.588857114315033 3490
1751224057353 0.7267804145812988 3491
1751224058185 1.2841037511825562 3492
1751224059142 0.8378872275352478 3493
1751224060126 1.4712928533554077 3494
1751224061109 0.8758657574653625 3495
1751224062101 1.1540225744247437 3496
1751224063097 0.7025414109230042 3497
1751224064226 1.544269323348999 3498
1751224065189 1.46351158618927 3499
1751224066152 0.4542250335216522 3500
1751224067122 1.3399397134780884 3501
1751224067951 1.0666191577911377 3502
1751224068916 0.5453104376792908 3503
1751224069967 1.383170485496521 3504
1751224070937 0.9704055786132812 3505
1751224071971 0.5925978422164917 3506
1751224072977 0.6062940955162048 3507
1751224073959 0.8499094247817993 3508
1751224074935 0.5502978563308716 3509
1751224075967 0.6183527112007141 3510
1751224076956 0.8137628436088562 3511
1751224077945 0.7257497310638428 3512
1751224079115 1.1395313739776611 3513
1751224080170 0.7901323437690735 3514
1751224081134 0.8594241142272949 3515
1751224082109 0.864301323890686 3516
1751224083100 0.9122225642204285 3517
1751224084002 0.6630337238311768 3518
1751224084826 0.8143174052238464 3519
1751224085883 0.5862685441970825 3520
1751224086860 0.833691418170929 3521
1751224087891 1.9752743244171143 3522
1751224088871 0.5616897344589233 3523
1751224089900 0.9416746497154236 3524
1751224090882 0.8880739212036133 3525
1751224091871 0.6144904494285583 3526
1751224092838 1.1585105657577515 3527
1751224093685 1.046700358390808 3528
1751224094664 0.5681372284889221 3529
1751224095674 0.5336571931838989 3530
1751224096756 1.0287061929702759 3531
1751224097743 1.57097327709198 3532
1751224098747 0.7516759037971497 3533
1751224099748 1.0784834623336792 3534
1751224100795 1.1772695779800415 3535
1751224101738 1.411070704460144 3536
1751224102710 0.783969521522522 3537
1751224103675 0.7768455147743225 3538
1751224104644 0.7338997721672058 3539
1751224105611 0.9667011499404907 3540
1751224106605 0.7501410841941833 3541
1751224107593 0.4814199209213257 3542
1751224108609 1.020321249961853 3543
1751224109885 0.8982555270195007 3544
1751224110703 0.7395138144493103 3545
1751224111697 0.5307220816612244 3546
1751224112721 0.6534851789474487 3547
1751224113704 0.915073573589325 3548
1751224114707 1.1014301776885986 3549
1751224115676 1.3900419473648071 3550
1751224116678 1.4661824703216553 3551
1751224117640 1.3988627195358276 3552
1751224118633 0.7510015964508057 3553
1751224119615 1.1477385759353638 3554
1751224120569 1.21918523311615 3555
1751224121555 1.3958488702774048 3556
1751224122519 1.1062089204788208 3557
1751224123550 0.7148744463920593 3558
1751224124540 0.7444958090782166 3559
1751224125582 1.0439494848251343 3560
1751224126582 0.7547780871391296 3561
1751224127579 0.5836653113365173 3562
1751224128550 0.5632676482200623 3563
1751224129614 0.744590699672699 3564
1751224130593 0.4032943844795227 3565
1751224131570 0.08935368061065674 3566
1751224132551 0.8288777470588684 3567
1751224133620 0.5666232109069824 3568
1751224134603 1.5703171491622925 3569
1751224135478 1.425943374633789 3570
1751224136464 0.8011119961738586 3571
1751224137439 0.6198433041572571 3572
1751224138445 0.8717719912528992 3573
1751224139442 0.7647958993911743 3574
1751224140419 1.325426459312439 3575
1751224141428 0.6116916537284851 3576
1751224142474 0.9745842218399048 3577
1751224143448 0.9889254570007324 3578
1751224144440 2.5332977771759033 3579
1751224145458 0.14494524896144867 3580
1751224146439 0.6266023516654968 3581
1751224147406 0.974597156047821 3582
1751224148391 0.6472911834716797 3583
1751224149362 0.7024438977241516 3584
1751224150351 1.2957838773727417 3585
1751224151673 0.03279576450586319 3586
1751224152675 0.8415593504905701 3587
1751224153678 0.5082675814628601 3588
1751224154670 1.0471211671829224 3589
1751224155667 0.6187311410903931 3590
1751224156649 0.7755832076072693 3591
1751224157648 0.6327476501464844 3592
1751224158640 0.8077316284179688 3593
1751224159620 1.5999915599822998 3594
1751224160658 0.5877601504325867 3595
1751224161669 0.7760361433029175 3596
1751224162650 0.6051257252693176 3597
1751224163627 0.6259950995445251 3598
1751224164683 0.5040516257286072 3599
1751224165833 0.7395526170730591 3600
1751224217455 0.8006928563117981 3601
1751224218431 1.14915931224823 3602
1751224219443 0.34608370065689087 3603
1751224220459 1.0013073682785034 3604
1751224221473 0.7618564963340759 3605
1751224222476 0.7279489040374756 3606
1751224223452 0.8762113451957703 3607
1751224224480 0.9383134841918945 3608
1751224225500 0.3891226053237915 3609
1751224226498 0.719430685043335 3610
1751224227535 0.7121388912200928 3611
1751224228541 0.9032452702522278 3612
1751224229526 1.0114723443984985 3613
1751224230551 0.7534545660018921 3614
1751224231571 0.9002658128738403 3615
1751224232592 1.478190541267395 3616
1751224233566 1.156018614768982 3617
1751224234576 0.4649060368537903 3618
1751224235603 1.4836390018463135 3619
1751224236596 0.6237249374389648 3620
1751224237587 0.7177526354789734 3621
1751224238555 0.5772429704666138 3622
1751224239566 1.2162173986434937 3623
1751224240569 0.9588050246238708 3624
1751224241433 1.3909224271774292 3625
1751224242391 0.8477888107299805 3626
1751224243412 0.9492717981338501 3627
1751224244702 0.9457149505615234 3628
1751224245696 0.8464229702949524 3629
1751224246711 0.6943314075469971 3630
1751224247730 0.5263121724128723 3631
1751224248679 1.2336854934692383 3632
1751224249658 1.3435229063034058 3633
1751224250635 2.3705689907073975 3634
1751224251639 2.0481324195861816 3635
1751224252631 0.34103676676750183 3636
1751224253542 1.1425511837005615 3637
1751224254508 0.7515072226524353 3638
1751224255518 0.9096974730491638 3639
1751224256502 0.6169440746307373 3640
1751224257485 0.933651864528656 3641
1751224258539 0.8593547940254211 3642
1751224259531 0.6768344640731812 3643
1751224260538 0.7852346301078796 3644
1751224261574 1.1226162910461426 3645
1751224262675 1.4705872535705566 3646
1751224263685 1.9870449304580688 3647
1751224264652 0.6000161170959473 3648
1751224265627 0.11309026181697845 3649
1751224266640 1.2798393964767456 3650
1751224267650 0.9737666249275208 3651
1751224268646 0.7111994624137878 3652
1751224269624 0.9727663993835449 3653
1751224270576 0.8642011880874634 3654
1751224271551 1.0703824758529663 3655
1751224272379 0.9618948101997375 3656
1751224273370 0.862170398235321 3657
1751224274405 1.3910598754882812 3658
1751224275447 0.7911466360092163 3659
1751224276456 0.833092987537384 3660
1751224277427 0.6857762336730957 3661
1751224278409 1.1628016233444214 3662
1751224279561 1.2059680223464966 3663
1751224280601 0.8601112365722656 3664
1751224281607 0.5643795132637024 3665
1751224282586 0.5474210977554321 3666
1751224283577 0.9385935068130493 3667
1751224284556 1.5661243200302124 3668
1751224285565 1.2494200468063354 3669
1751224286582 1.7782366275787354 3670
1751224287874 1.254189133644104 3671
1751224288867 1.2744356393814087 3672
1751224289896 0.1580800861120224 3673
1751224290908 0.6555673480033875 3674
1751224291902 1.114442229270935 3675
1751224292885 0.8617779016494751 3676
1751224293888 1.0671123266220093 3677
1751224294878 0.6187386512756348 3678
1751224295865 1.0360918045043945 3679
1751224296878 1.072389006614685 3680
1751224297880 0.7372260689735413 3681
1751224298873 1.5914041996002197 3682
1751224299874 0.5272518396377563 3683
1751224300900 1.3630915880203247 3684
1751224301855 0.6052656769752502 3685
1751224302854 0.887161374092102 3686
1751224303701 1.9931647777557373 3687
1751224304666 1.0891258716583252 3688
1751224305659 1.2149947881698608 3689
1751224306668 0.8712431192398071 3690
1751224307637 1.1581100225448608 3691
1751224308624 0.8061649203300476 3692
1751224309576 0.2636442482471466 3693
1751224310553 0.47604551911354065 3694
1751224311547 1.2510986328125 3695
1751224312519 0.7581894993782043 3696
1751224313475 1.224047064781189 3697
1751224314301 1.2791293859481812 3698
1751224315260 0.9013356566429138 3699
1751224316248 0.9892931580543518 3700
1751224317223 0.8938379287719727 3701
1751224318087 0.8510328531265259 3702
1751224319047 0.721430242061615 3703
1751224320029 0.9411416053771973 3704
1751224321033 0.4817546010017395 3705
1751224322024 0.5086221694946289 3706
1751224323005 0.9584863781929016 3707
1751224323975 0.6787647008895874 3708
1751224324967 0.8218219876289368 3709
1751224325934 0.7619625926017761 3710
1751224326889 0.7739279270172119 3711
1751224327866 0.9004775881767273 3712
1751224328721 1.4826220273971558 3713
1751224329968 0.855069637298584 3714
1751224330935 0.7113076448440552 3715
1751224331935 0.8644129633903503 3716
1751224332893 0.7061831951141357 3717
1751224333916 0.848892331123352 3718
1751224335050 0.7891000509262085 3719
1751224336121 0.7148246169090271 3720
1751224337118 1.3024808168411255 3721
1751224338098 1.1361891031265259 3722
1751224339070 0.5335621237754822 3723
1751224340066 1.3504425287246704 3724
1751224341031 0.8249453902244568 3725
1751224342068 0.9302055239677429 3726
1751224343066 0.7447440028190613 3727
1751224344058 0.8142078518867493 3728
1751224345080 0.64661705493927 3729
1751224346065 0.8877742290496826 3730
1751224347050 0.8858276605606079 3731
1751224347898 0.0567045584321022 3732
1751224348874 0.6579152941703796 3733
1751224349875 0.8460880517959595 3734
1751224350914 0.7026082873344421 3735
1751224352051 0.8680450320243835 3736
1751224353056 0.585529088973999 3737
1751224354026 0.7593089938163757 3738
1751224354995 0.5219810009002686 3739
1751224355862 1.836965560913086 3740
1751224356731 1.3985832929611206 3741
1751224357744 0.6935955882072449 3742
1751224358743 0.9354606866836548 3743
1751224359768 0.5215237736701965 3744
1751224360764 0.5986623167991638 3745
1751224361794 0.7036766409873962 3746
1751224362820 0.91401606798172 3747
1751224363805 0.8405651450157166 3748
1751224364832 1.5602067708969116 3749
1751224365821 0.8337499499320984 3750
1751224366826 0.39173564314842224 3751
1751224367800 0.7517930865287781 3752
1751224368829 0.8644901514053345 3753
1751224369819 0.9268848896026611 3754
1751224370809 0.694677472114563 3755
1751224371761 0.7927069664001465 3756
1751224372591 1.6135473251342773 3757
1751224373787 1.0915714502334595 3758
1751224374744 0.8966952562332153 3759
1751224375717 0.7903146147727966 3760
1751224376723 0.816856324672699 3761
1751224377704 0.9286462664604187 3762
1751224378698 0.4011426866054535 3763
1751224379707 0.7238078713417053 3764
1751224380671 0.7349801659584045 3765
1751224381676 0.4652178883552551 3766
1751224382508 0.7721914649009705 3767
1751224383508 1.2264801263809204 3768
1751224384490 1.1739702224731445 3769
1751224385452 0.8587527871131897 3770
1751224386442 0.9343284964561462 3771
1751224387439 0.918641984462738 3772
1751224388409 0.6298857927322388 3773
1751224389393 1.9254823923110962 3774
1751224390224 0.6928836703300476 3775
1751224391199 0.6878294944763184 3776
1751224392196 1.1662139892578125 3777
1751224393189 0.6884586215019226 3778
1751224394170 0.20687714219093323 3779
1751224394993 1.2515411376953125 3780
1751224395966 0.3864898383617401 3781
1751224396952 0.2921799421310425 3782
1751224397924 0.7566460371017456 3783
1751224398910 0.7455752491950989 3784
1751224399927 0.6694880127906799 3785
1751224400925 0.4733811318874359 3786
1751224401970 0.8424053192138672 3787
1751224402978 1.6556427478790283 3788
1751224403975 0.7485587000846863 3789
1751224405012 0.6231926679611206 3790
1751224405976 1.4107389450073242 3791
1751224406941 0.8291183710098267 3792
1751224407950 0.824181854724884 3793
1751224408937 0.554926335811615 3794
1751224409921 0.8262478709220886 3795
1751224410888 1.1329265832901 3796
1751224411861 0.6938022971153259 3797
1751224412830 0.2576129138469696 3798
1751224413818 0.7571626901626587 3799
1751224415074 0.9492573142051697 3800
1751224416092 1.2189569473266602 3801
1751224416932 0.702187716960907 3802
1751224417908 1.2843542098999023 3803
1751224418902 0.577453076839447 3804
1751224419910 1.0660145282745361 3805
1751224420930 0.6580822467803955 3806
1751224421908 0.5001609921455383 3807
1751224422887 0.6702507138252258 3808
1751224423892 1.463904619216919 3809
1751224424902 0.3633372485637665 3810
1751224425883 1.010039210319519 3811
1751224426875 1.251826286315918 3812
1751224427877 0.8479012846946716 3813
1751224429015 1.0803314447402954 3814
1751224430084 0.6222743391990662 3815
1751224431103 0.592706024646759 3816
1751224432064 0.9514904022216797 3817
1751224433078 0.698345959186554 3818
1751224434082 0.8352115750312805 3819
1751224435045 0.723027765750885 3820
1751224436005 0.791196346282959 3821
1751224436966 0.5288864374160767 3822
1751224437937 0.8870054483413696 3823
1751224438910 0.21760858595371246 3824
1751224439890 0.5788171887397766 3825
1751224440742 1.4240285158157349 3826
1751224441617 1.4340816736221313 3827
1751224442617 2.456631898880005 3828
1751224443581 1.118014931678772 3829
1751224444575 0.9334384799003601 3830
1751224445641 0.564306378364563 3831
1751224446757 1.281558632850647 3832
1751224447741 0.6662982702255249 3833
1751224448717 1.727507472038269 3834
1751224449735 0.9829618334770203 3835
1751224450706 0.6294457316398621 3836
1751224451682 0.6929352283477783 3837
1751224452676 0.8707899451255798 3838
1751224453694 0.6011980772018433 3839
1751224454671 0.6508808732032776 3840
1751224455649 0.5811676383018494 3841
1751224456626 0.7459946870803833 3842
1751224457673 0.6556413769721985 3843
1751224458668 0.6895185708999634 3844
1751224459879 0.8602754473686218 3845
1751224460854 0.7060844898223877 3846
1751224461854 1.243124008178711 3847
1751224462799 0.8416746258735657 3848
1751224463799 0.804268479347229 3849
1751224464760 1.3074454069137573 3850
1751224465747 0.6185874938964844 3851
1751224466703 0.8025360107421875 3852
1751224467707 1.0158642530441284 3853
1751224468894 1.0973145961761475 3854
1751224469937 0.754830002784729 3855
1751224470945 0.7119920253753662 3856
1751224471911 0.9450234770774841 3857
1751224472917 1.0768545866012573 3858
1751224473909 1.0092743635177612 3859
1751224474865 1.478324294090271 3860
1751224475843 1.4824626445770264 3861
1751224476834 1.1504833698272705 3862
1751224477811 1.0438389778137207 3863
1751224478772 0.33788472414016724 3864
1751224479802 1.2287887334823608 3865
1751224480632 0.3727966248989105 3866
1751224481472 3.2349603176116943 3867
1751224482358 1.0043338537216187 3868
1751224483334 1.229925513267517 3869
1751224484203 1.623045802116394 3870
1751224485199 0.7590352296829224 3871
1751224486225 0.7637795805931091 3872
1751224487256 0.6322404742240906 3873
1751224488254 1.2321816682815552 3874
1751224489253 1.152765154838562 3875
1751224490220 0.6699512600898743 3876
1751224491268 0.8435406684875488 3877
1751224492229 0.08536721020936966 3878
1751224493411 0.6834355592727661 3879
1751224494413 0.6029548048973083 3880
1751224495396 0.8091089129447937 3881
1751224496384 0.779856264591217 3882
1751224497379 0.9610534906387329 3883
1751224498356 0.7593470215797424 3884
1751224499484 0.9004749655723572 3885
1751224500529 0.8257004022598267 3886
1751224501508 0.7920419573783875 3887
1751224502768 1.3846958875656128 3888
1751224503742 0.7089380025863647 3889
1751224504854 1.6988861560821533 3890
1751224505834 0.6091297268867493 3891
1751224506817 0.4584098756313324 3892
1751224507847 0.41366371512413025 3893
1751224508871 0.8021523356437683 3894
1751224509905 1.4981167316436768 3895
1751224510941 0.8595975041389465 3896
1751224511908 0.8096725344657898 3897
1751224512878 1.0506497621536255 3898
1751224514034 1.0812424421310425 3899
1751224515042 0.971074104309082 3900
1751224516049 0.5086527466773987 3901
1751224517034 0.7681753039360046 3902
1751224517997 0.8904671669006348 3903
1751224518979 0.7324891686439514 3904
1751224519804 0.8755984306335449 3905
1751224520745 0.2647009491920471 3906
1751224521578 0.8496586680412292 3907
1751224522572 0.9708735346794128 3908
1751224523547 0.8705877661705017 3909
1751224524506 1.2334692478179932 3910
1751224525518 0.9962499737739563 3911
1751224526562 0.8757564425468445 3912
1751224527440 0.889931857585907 3913
1751224528446 0.9191818237304688 3914
1751224529574 0.7059808969497681 3915
1751224530584 0.754490077495575 3916
1751224531574 0.5906841158866882 3917
1751224532563 0.7165824770927429 3918
1751224533575 1.419893503189087 3919
1751224534554 0.9982997179031372 3920
1751224535564 0.9733769297599792 3921
1751224536545 1.1118645668029785 3922
1751224537530 1.1296350955963135 3923
1751224538501 0.5951464176177979 3924
1751224539474 2.2908427715301514 3925
1751224540465 0.7410315275192261 3926
1751224541741 1.3878334760665894 3927
1751224542753 1.1544986963272095 3928
1751224543712 1.4818005561828613 3929
1751224544711 0.6660221219062805 3930
1751224545832 0.6480199098587036 3931
1751224546856 0.8143147826194763 3932
1751224547866 0.4692816436290741 3933
1751224548846 1.4450005292892456 3934
1751224549838 0.5062186121940613 3935
1751224550804 1.2444653511047363 3936
1751224551818 1.1853694915771484 3937
1751224552793 0.8304029703140259 3938
1751224553672 0.6386409997940063 3939
1751224554664 0.5246532559394836 3940
1751224555636 0.7949488759040833 3941
1751224556630 0.5585947036743164 3942
1751224557606 0.8670055270195007 3943
1751224558601 1.0113598108291626 3944
1751224559599 0.8670677542686462 3945
1751224560600 1.0145405530929565 3946
1751224561575 0.9674115180969238 3947
1751224562550 1.0815099477767944 3948
1751224563524 1.1535100936889648 3949
1751224564592 0.5569130778312683 3950
1751224565543 0.47237569093704224 3951
1751224566492 0.89788818359375 3952
1751224567485 0.8906461000442505 3953
1751224568361 0.5898696780204773 3954
1751224569180 0.9486923217773438 3955
1751224570183 0.7049281001091003 3956
1751224571139 0.6716427206993103 3957
1751224572115 0.7254354357719421 3958
1751224572933 1.4961133003234863 3959
1751224573951 0.5719403624534607 3960
1751224574866 1.2430142164230347 3961
1751224575837 0.8381450772285461 3962
1751224576817 0.8032728433609009 3963
1751224577818 0.8664054274559021 3964
1751224579065 1.2701239585876465 3965
1751224580046 0.8030175566673279 3966
1751224580906 1.5519951581954956 3967
1751224581938 0.8460777401924133 3968
1751224582900 0.8186076283454895 3969
1751224583912 0.7964457869529724 3970
1751224584725 2.092435121536255 3971
1751224585755 1.8328980207443237 3972
1751224586744 0.6841905117034912 3973
1751224587713 0.6671227216720581 3974
1751224588687 0.6661085486412048 3975
1751224589670 0.8499910235404968 3976
1751224590678 0.6173546314239502 3977
1751224591649 0.7334539294242859 3978
1751224592651 0.7278812527656555 3979
1751224593643 0.5663968324661255 3980
1751224594628 0.8614181876182556 3981
1751224595589 0.49115967750549316 3982
1751224596610 0.9345479011535645 3983
1751224597590 0.8252237439155579 3984
1751224598600 0.692957878112793 3985
1751224599595 0.21216146647930145 3986
1751224600578 0.7050645351409912 3987
1751224601557 0.7476246356964111 3988
1751224602521 0.6550010442733765 3989
1751224603526 0.5929753184318542 3990
1751224604542 0.8430482149124146 3991
1751224605527 2.036982774734497 3992
1751224606502 0.8574291467666626 3993
1751224607497 0.7147634029388428 3994
1751224608363 1.3588095903396606 3995
1751224609540 1.1363098621368408 3996
1751224610559 1.003219485282898 3997
1751224611446 1.0670560598373413 3998
1751224612390 0.7642282247543335 3999
1751224613367 0.7742360830307007 4000
1751224614328 0.4964923858642578 4001
1751224615336 0.658738911151886 4002
1751224616605 0.8768186569213867 4003
1751224617621 0.5813400149345398 4004
1751224618600 0.7317331433296204 4005
1751224619551 0.8255642056465149 4006
1751224620541 0.9064512252807617 4007
1751224621540 0.7434064149856567 4008
1751224622582 0.7841588854789734 4009
1751224623555 1.4392286539077759 4010
1751224624418 0.6469593048095703 4011
1751224625550 1.477272391319275 4012
1751224626604 0.7252922058105469 4013
1751224627637 1.1345562934875488 4014
1751224628642 0.907470703125 4015
1751224629663 0.6783924698829651 4016
1751224630651 0.6257324814796448 4017
1751224631599 0.6414172053337097 4018
1751224632579 0.8005480170249939 4019
1751224633556 0.7530452609062195 4020
1751224634397 0.9706625938415527 4021
1751224635368 1.0391602516174316 4022
1751224636343 1.1401137113571167 4023
1751224637334 1.2300739288330078 4024
1751224638315 0.6091457605361938 4025
1751224639309 0.6598724722862244 4026
1751224640336 0.6759072542190552 4027
1751224641305 0.8389488458633423 4028
1751224642407 0.7409642338752747 4029
1751224643474 0.6109835505485535 4030
1751224644469 0.9204205870628357 4031
1751224645433 0.6681883335113525 4032
1751224646480 1.1674833297729492 4033
1751224647294 1.0475276708602905 4034
1751224648314 0.842848002910614 4035
1751224649293 0.7518135905265808 4036
1751224650312 1.891693115234375 4037
1751224651297 0.5940722823143005 4038
1751224652287 0.7394828796386719 4039
1751224653546 1.268970251083374 4040
1751224654587 1.1241577863693237 4041
1751224655543 0.7246300578117371 4042
1751224656529 0.7506981492042542 4043
1751224657522 0.8190755844116211 4044
1751224658513 0.617514431476593 4045
1751224659516 0.8956350684165955 4046
1751224660546 0.8516759276390076 4047
1751224661561 0.7884029746055603 4048
1751224662549 1.3304712772369385 4049
1751224663531 1.4638893604278564 4050
1751224664534 0.704257607460022 4051
1751224665531 0.7070845365524292 4052
1751224666500 1.0594390630722046 4053
1751224667465 0.6949321031570435 4054
1751224668437 1.0717467069625854 4055
1751224669425 0.7495397925376892 4056
1751224670420 0.8348939418792725 4057
1751224671419 1.0658913850784302 4058
1751224672387 0.716894805431366 4059
1751224673440 0.4228755533695221 4060
1751224674428 1.2802391052246094 4061
1751224675403 0.9617118835449219 4062
1751224676375 0.6351155042648315 4063
1751224677349 0.7733585834503174 4064
1751224678320 0.867071807384491 4065
1751224679323 1.0569041967391968 4066
1751224680323 0.33437901735305786 4067
1751224681367 0.7415223121643066 4068
1751224682375 0.6434065103530884 4069
1751224683383 1.0703171491622925 4070
1751224684385 0.602055013179779 4071
1751224685247 2.7939560413360596 4072
1751224686128 0.8299978375434875 4073
1751224687119 1.1928138732910156 4074
1751224688151 0.44589877128601074 4075
1751224689118 0.5226112604141235 4076
1751224689983 0.8582559823989868 4077
1751224690986 0.770190417766571 4078
1751224692142 0.39928168058395386 4079
1751224692990 2.3835408687591553 4080
1751224694027 0.8303947448730469 4081
1751224695023 0.5981484651565552 4082
1751224696065 0.8008531332015991 4083
1751224697150 0.6640720367431641 4084
1751224698207 0.9204778075218201 4085
1751224699175 1.4987285137176514 4086
1751224700205 0.960713803768158 4087
1751224701242 0.950551450252533 4088
1751224702246 1.2765687704086304 4089
1751224703271 0.5119470953941345 4090
1751224704244 0.7690522074699402 4091
1751224705258 0.8273630142211914 4092
1751224706255 0.7976633906364441 4093
1751224707258 1.0028703212738037 4094
1751224708128 1.0589460134506226 4095
1751224709089 0.7641929388046265 4096
1751224710112 1.841650366783142 4097
1751224711103 0.9315225481987 4098
1751224712096 0.8787027597427368 4099
1751224712964 0.565962553024292 4100
1751224713918 0.936468243598938 4101
1751224714876 0.6857746839523315 4102
1751224715944 0.816170334815979 4103
1751224716941 1.1569466590881348 4104
1751224717961 1.1723216772079468 4105
1751224718921 0.8261551260948181 4106
1751224719942 1.0509215593338013 4107
1751224720963 0.8902368545532227 4108
1751224721958 0.7992974519729614 4109
1751224722957 0.725381076335907 4110
1751224723798 2.8559629917144775 4111
1751224724618 1.4958757162094116 4112
1751224725604 0.3596126139163971 4113
1751224726599 0.8493146896362305 4114
1751224727584 0.8685702681541443 4115
1751224728559 0.6396600008010864 4116
1751224729605 0.9232388734817505 4117
1751224730983 0.8083791136741638 4118
1751224731993 0.5012025833129883 4119
1751224732986 1.2782115936279297 4120
1751224733990 0.7137678861618042 4121
1751224734948 0.8893424868583679 4122
1751224735936 0.6977989673614502 4123
1751224736925 0.5481083393096924 4124
1751224737902 0.8361625075340271 4125
1751224738726 1.0336097478866577 4126
1751224739707 0.7174859642982483 4127
1751224740655 0.6389552354812622 4128
1751224741662 0.08583643287420273 4129
1751224742673 0.1250157654285431 4130
1751224743695 0.6994764804840088 4131
1751224744686 0.4420430362224579 4132
1751224745653 1.6155258417129517 4133
1751224746616 0.6968986392021179 4134
1751224747580 0.6624360084533691 4135
1751224748560 0.5014064908027649 4136
1751224749555 0.5732778310775757 4137
1751224750536 0.5222269892692566 4138
1751224751522 0.13559702038764954 4139
1751224752504 0.8782927393913269 4140
1751224753459 0.6906626224517822 4141
1751224754438 0.5093792676925659 4142
1751224755324 1.1778563261032104 4143
1751224756297 0.5033534169197083 4144
1751224757188 0.9628648161888123 4145
1751224758175 0.8696938753128052 4146
1751224759163 0.8828123211860657 4147
1751224760142 0.5464619994163513 4148
1751224761148 2.9933669567108154 4149
1751224762129 0.7242469787597656 4150
1751224763162 0.6958579421043396 4151
1751224764121 0.7002193331718445 4152
1751224764973 1.0838723182678223 4153
1751224765987 0.5863184332847595 4154
1751224766998 1.0393062829971313 4155
1751224768133 1.3060705661773682 4156
1751224769110 0.7114655375480652 4157
1751224770081 0.8581072092056274 4158
1751224770934 0.13747313618659973 4159
1751224771894 0.9243629574775696 4160
1751224772897 0.9850635528564453 4161
1751224773881 0.9069666266441345 4162
1751224774843 0.6373180747032166 4163
1751224775860 0.7231492400169373 4164
1751224776853 1.6556223630905151 4165
1751224777837 0.7394813895225525 4166
1751224778814 0.6478803157806396 4167
1751224779868 0.7026724815368652 4168
1751224780860 0.7843058109283447 4169
1751224781810 0.6725395321846008 4170
1751224782756 4.0183258056640625 4171
1751224783770 0.7728245258331299 4172
1751224784766 0.5606890320777893 4173
1751224785758 1.13280189037323 4174
1751224786891 0.9795150756835938 4175
1751224787943 0.8880640268325806 4176
1751224788919 0.8051145672798157 4177
1751224789906 0.3979099988937378 4178
1751224790902 0.8389901518821716 4179
1751224791891 1.141204833984375 4180
1751224792894 0.9674993753433228 4181
1751224793896 0.7964463233947754 4182
1751224794917 1.1444522142410278 4183
1751224795814 2.2980973720550537 4184
1751224796807 0.9591577649116516 4185
1751224797843 1.157137393951416 4186
1751224798823 1.0000652074813843 4187
1751224799854 0.9183885455131531 4188
1751224800896 0.9399970173835754 4189
1751224801903 0.8370189070701599 4190
1751224802893 0.7129921317100525 4191
1751224804043 1.0366178750991821 4192
1751224805092 0.8950983881950378 4193
1751224806333 1.3635311126708984 4194
1751224807301 0.7979758381843567 4195
1751224808292 0.8023752570152283 4196
1751224809187 2.3848137855529785 4197
1751224810205 1.312254786491394 4198
1751224811193 0.7010836005210876 4199
1751224812196 1.3401108980178833 4200
1751224813166 0.8527805209159851 4201
1751224814161 1.1633955240249634 4202
1751224815161 0.6718608736991882 4203
1751224816153 0.9152223467826843 4204
1751224817137 0.6611468195915222 4205
1751224818108 0.7401708960533142 4206
1751224819081 0.4458756148815155 4207
1751224820145 0.7387909293174744 4208
1751224821139 0.9241385459899902 4209
1751224822134 0.745613694190979 4210
1751224823116 0.7521898150444031 4211
1751224824105 0.6369447708129883 4212
1751224825092 0.06020097807049751 4213
1751224826126 1.0160144567489624 4214
1751224827144 0.5689203143119812 4215
1751224828189 0.7321016788482666 4216
1751224829189 0.6561347842216492 4217
1751224830180 0.9349552392959595 4218
1751224831189 0.6690646409988403 4219
1751224832165 0.7522703409194946 4220
1751224833139 0.1520918309688568 4221
1751224834128 1.4293192625045776 4222
1751224835088 0.6141870617866516 4223
1751224836059 1.3472590446472168 4224
1751224837047 1.1165027618408203 4225
1751224838042 1.0350497961044312 4226
1751224839047 1.221108317375183 4227
1751224839996 0.8686800599098206 4228
1751224840954 0.7631044387817383 4229
1751224841847 0.9500771760940552 4230
1751224842834 0.6353588104248047 4231
1751224844128 1.0464775562286377 4232
1751224845129 0.7579725980758667 4233
1751224846101 0.7060818076133728 4234
1751224847080 1.0976494550704956 4235
1751224848098 0.5720642805099487 4236
1751224849088 0.7520197033882141 4237
1751224850085 0.9352684020996094 4238
1751224851068 0.5350567698478699 4239
1751224852080 0.7416020631790161 4240
1751224853079 0.5345481634140015 4241
1751224854050 0.8429532647132874 4242
1751224855020 1.5125973224639893 4243
1751224856027 1.2530080080032349 4244
1751224857014 0.6288279294967651 4245
1751224857970 1.0399246215820312 4246
1751224858939 0.601034939289093 4247
1751224859915 0.6440113186836243 4248
1751224860913 1.2703160047531128 4249
1751224861939 2.736215353012085 4250
1751224862768 1.4135346412658691 4251
1751224863732 1.5207796096801758 4252
1751224864728 1.0354079008102417 4253
1751224865731 0.679564893245697 4254
1751224866727 0.7613538503646851 4255
1751224867717 1.1039570569992065 4256
1751224868678 0.8454574942588806 4257
1751224869656 0.6422218680381775 4258
1751224870620 0.7099291682243347 4259
1751224871585 1.010069727897644 4260
1751224872431 1.202696442604065 4261
1751224873454 1.961787462234497 4262
1751224874401 0.8327131271362305 4263
1751224875364 0.6915609240531921 4264
1751224876333 0.8778789639472961 4265
1751224877326 1.7659310102462769 4266
1751224878287 0.7640151977539062 4267
1751224879294 0.8595616221427917 4268
1751224880523 0.796042263507843 4269
1751224881565 1.1464694738388062 4270
1751224882590 0.9110473990440369 4271
1751224883823 1.1737836599349976 4272
1751224884819 0.8421928286552429 4273
1751224885842 0.5033398270606995 4274
1751224886841 1.4326465129852295 4275
1751224887823 0.6749053001403809 4276
1751224888866 0.740419328212738 4277
1751224889850 1.6404567956924438 4278
1751224890860 0.09540653973817825 4279
1751224891845 1.1142983436584473 4280
1751224892806 0.8284963965415955 4281
1751224893804 1.600684404373169 4282
1751224894817 1.070955514907837 4283
1751224895868 1.287388801574707 4284
1751224896731 0.791380763053894 4285
1751224897709 0.8323574066162109 4286
1751224898739 0.7659816741943359 4287
1751224899844 1.0571520328521729 4288
1751224900884 0.7718988060951233 4289
1751224901926 0.4273393154144287 4290
1751224902899 0.587519109249115 4291
1751224903868 1.4680973291397095 4292
1751224904869 0.6937495470046997 4293
1751224905857 1.6529778242111206 4294
1751224906833 1.8351967334747314 4295
1751224907813 1.3182841539382935 4296
1751224908793 0.6940445899963379 4297
1751224910042 0.6564605832099915 4298
1751224911062 0.3961590528488159 4299
1751224911923 0.9735034108161926 4300
1751224912930 0.6539315581321716 4301
1751224913963 1.062321662902832 4302
1751224914966 0.7982308268547058 4303
1751224916010 0.8843053579330444 4304
1751224917058 2.5322985649108887 4305
1751224918162 1.4432653188705444 4306
1751224919118 0.7461652159690857 4307
1751224919998 0.9492563605308533 4308
1751224921022 1.0854644775390625 4309
1751224922044 0.6744110584259033 4310
1751224922959 1.0134199857711792 4311
1751224923935 0.9042070508003235 4312
1751224924918 0.7486298680305481 4313
1751224925770 1.1220725774765015 4314
1751224926839 0.6958302855491638 4315
1751224927891 0.8409790396690369 4316
1751224928903 1.3324180841445923 4317
1751224929938 1.0330709218978882 4318
1751224930914 0.5144088864326477 4319
1751224931884 1.084206461906433 4320
1751224932882 0.7165951728820801 4321
1751224933901 0.8374685645103455 4322
1751224934913 0.7360212206840515 4323
1751224935885 0.7583334445953369 4324
1751224936732 0.38495293259620667 4325
1751224937714 0.8384025692939758 4326
1751224938714 0.5423346757888794 4327
1751224939666 0.6062917709350586 4328
1751224940639 0.9016157388687134 4329
1751224941642 0.9667379260063171 4330
1751224942998 1.2344292402267456 4331
1751224944012 0.6831075549125671 4332
1751224944999 1.3788779973983765 4333
1751224945995 0.9143430590629578 4334
1751224947038 0.8599823117256165 4335
1751224948008 0.5779754519462585 4336
1751224948979 0.969672679901123 4337
1751224950010 1.4199126958847046 4338
1751224951032 1.0454427003860474 4339
1751224952044 0.8110101222991943 4340
1751224953019 1.013326644897461 4341
1751224953999 0.6571305990219116 4342
1751224954988 0.6771936416625977 4343
1751224955974 0.9833441972732544 4344
1751224956958 0.9998235106468201 4345
1751224957933 0.7903205752372742 4346
1751224958908 0.6503844261169434 4347
1751224959935 0.5615116953849792 4348
1751224960911 0.738632321357727 4349
1751224961887 1.9494293928146362 4350
1751224962761 1.056345820426941 4351
1751224963751 0.5574100613594055 4352
1751224964758 0.7411075830459595 4353
1751224965758 0.9914560317993164 4354
1751224966737 0.6953176259994507 4355
1751224967601 1.1409865617752075 4356
1751224968605 0.8906660079956055 4357
1751224969600 0.9848836064338684 4358
1751224970651 1.3152612447738647 4359
1751224971566 1.371860384941101 4360
1751224972724 1.2549360990524292 4361
1751224973710 1.0782912969589233 4362
1751224974711 0.8620193600654602 4363
1751224975534 1.4218995571136475 4364
1751224976528 0.7780521512031555 4365
1751224977591 0.9503628015518188 4366
1751224978601 0.7328306436538696 4367
1751224979603 0.619468092918396 4368
1751224980583 0.7140089869499207 4369
1751224981880 0.6155325174331665 4370
1751224982929 0.7255486249923706 4371
1751224983939 0.8519464731216431 4372
1751224984953 0.848178505897522 4373
1751224986025 0.8534752130508423 4374
1751224987075 0.7551071047782898 4375
1751224988106 0.11932840943336487 4376
1751224989258 0.2608798146247864 4377
1751224990283 1.0008370876312256 4378
1751224991264 0.8414472937583923 4379
1751224992256 0.7266826033592224 4380
1751224993242 0.7932825088500977 4381
1751224994229 1.0521730184555054 4382
1751224995218 0.852944552898407 4383
1751224996210 1.3281971216201782 4384
1751224997179 0.6265819668769836 4385
1751224998177 0.6106327176094055 4386
1751224999172 1.0296188592910767 4387
1751225000163 0.8225528597831726 4388
1751225001194 0.621924877166748 4389
1751225002208 0.9339214563369751 4390
1751225003285 0.7087535858154297 4391
1751225004149 0.7189600467681885 4392
1751225005067 1.4676167964935303 4393
1751225006182 1.9302672147750854 4394
1751225007192 0.9250958561897278 4395
1751225008246 0.3929736614227295 4396
1751225009243 0.7959606051445007 4397
1751225010268 0.8491635322570801 4398
1751225011511 0.9595476388931274 4399
1751225012510 0.11968009918928146 4400
1751225013480 0.020172715187072754 4401
1751225014479 0.5369636416435242 4402
1751225015487 1.5874742269515991 4403
1751225016465 1.0967891216278076 4404
1751225017462 0.9195543527603149 4405
1751225018413 0.8460542559623718 4406
1751225019414 0.9028888940811157 4407
1751225020439 1.038101315498352 4408
1751225021443 0.7228624224662781 4409
1751225022474 0.6592400670051575 4410
1751225023458 0.7542456388473511 4411
1751225024295 0.10328558087348938 4412
1751225025273 1.144815444946289 4413
1751225026126 1.0173381567001343 4414
1751225027157 1.478719711303711 4415
1751225028135 0.7426984906196594 4416
1751225029104 1.0309773683547974 4417
1751225030112 0.8490864634513855 4418
1751225031120 0.9768102765083313 4419
1751225032108 0.5784352421760559 4420
1751225033090 0.6765346527099609 4421
1751225034110 0.615847110748291 4422
1751225035107 1.0345947742462158 4423
1751225036093 0.6420847773551941 4424
1751225037124 1.0426990985870361 4425
1751225037974 1.3747574090957642 4426
1751225038962 0.720784604549408 4427
1751225039985 0.7986976504325867 4428
1751225040960 1.2806237936019897 4429
1751225041937 0.4727851152420044 4430
1751225042924 0.43569326400756836 4431
1751225044238 0.6580988168716431 4432
1751225045185 0.8030222058296204 4433
1751225046139 0.652885377407074 4434
1751225047140 0.8750231862068176 4435
1751225047988 0.5830131769180298 4436
1751225049015 0.7670027017593384 4437
1751225050062 1.1264965534210205 4438
1751225051026 0.47185787558555603 4439
1751225052048 0.8513285517692566 4440
1751225053016 0.3192691504955292 4441
1751225053968 0.6672735214233398 4442
1751225054963 0.8790421485900879 4443
1751225055941 0.6162600517272949 4444
1751225056931 0.6263049244880676 4445
1751225057898 0.6645992994308472 4446
1751225058870 0.7854582071304321 4447
1751225059836 0.7229871153831482 4448
1751225060866 0.5575270056724548 4449
1751225061938 0.7615914344787598 4450
1751225062925 0.6664997935295105 4451
1751225063821 2.061736822128296 4452
1751225064664 0.8861286044120789 4453
1751225065653 0.8638336062431335 4454
1751225066645 0.6931794881820679 4455
1751225067648 0.8935025930404663 4456
1751225068805 4.03680419921875 4457
1751225069710 1.2435005903244019 4458
1751225070687 0.14529767632484436 4459
1751225071543 0.5719943046569824 4460
1751225072538 1.111603021621704 4461
1751225073543 0.6918475031852722 4462
1751225074580 1.1901289224624634 4463
1751225075567 0.7637163996696472 4464
1751225076396 0.865074634552002 4465
1751225077356 0.8151727914810181 4466
1751225078347 0.669477105140686 4467
1751225079362 0.39112183451652527 4468
1751225080332 0.7920830845832825 4469
1751225081620 0.7404312491416931 4470
1751225082609 0.7679335474967957 4471
1751225083598 0.816462516784668 4472
1751225084625 1.656208872795105 4473
1751225085762 0.4674108326435089 4474
1751225086776 0.19895003736019135 4475
1751225087778 1.029351830482483 4476
1751225088766 0.5061293840408325 4477
1751225089747 1.2120407819747925 4478
1751225090710 1.0813214778900146 4479
1751225091688 0.5642571449279785 4480
1751225092705 0.7002826929092407 4481
1751225093671 1.053746223449707 4482
1751225094672 0.6180000901222229 4483
1751225095692 0.5013388991355896 4484
1751225096678 0.574317216873169 4485
1751225097659 1.2277287244796753 4486
1751225098646 1.2308536767959595 4487
1751225099653 0.835896909236908 4488
1751225100670 0.9698202013969421 4489
1751225101703 1.6343525648117065 4490
1751225102831 1.1133095026016235 4491
1751225103823 1.2339586019515991 4492
1751225104696 2.205573797225952 4493
1751225105679 0.057958025485277176 4494
1751225106637 0.6510958075523376 4495
1751225107641 0.5822873115539551 4496
1751225108639 0.46905478835105896 4497
1751225109495 1.4943021535873413 4498
1751225110455 1.6680325269699097 4499
1751225111748 1.1224853992462158 4500
1751225112745 0.9837495684623718 4501
1751225113674 1.0303179025650024 4502
1751225114670 0.8246247172355652 4503
1751225115663 0.68793123960495 4504
1751225116617 1.1002897024154663 4505
1751225117614 0.765225887298584 4506
1751225118610 0.5691094398498535 4507
1751225119629 0.908265233039856 4508
1751225120647 0.6867607831954956 4509
1751225121684 0.8291397094726562 4510
1751225122654 0.5993170738220215 4511
1751225123655 0.882644772529602 4512
1751225124686 1.2746870517730713 4513
1751225125656 1.0618977546691895 4514
1751225126667 0.7463924288749695 4515
1751225127656 0.5569391846656799 4516
1751225128662 1.3245468139648438 4517
1751225129513 2.0636327266693115 4518
1751225130508 2.6135060787200928 4519
1751225131483 0.6769514083862305 4520
1751225132484 0.9798324704170227 4521
1751225133447 0.8558534979820251 4522
1751225134436 0.9844142198562622 4523
1751225135282 0.5367478728294373 4524
1751225136276 1.3411682844161987 4525
1751225137236 1.1430267095565796 4526
1751225138223 0.7809345126152039 4527
1751225139215 0.5220560431480408 4528
1751225140221 1.1406041383743286 4529
1751225141185 0.9736267328262329 4530
1751225142191 1.3168531656265259 4531
1751225143175 0.7185675501823425 4532
1751225144279 0.8830408453941345 4533
1751225145246 0.8955041170120239 4534
1751225146266 0.07253418117761612 4535
1751225147263 0.7118189334869385 4536
1751225148292 0.5836454629898071 4537
1751225149158 1.0037258863449097 4538
1751225150128 1.0044838190078735 4539
1751225150953 1.0001226663589478 4540
1751225151943 1.0765290260314941 4541
1751225152978 0.9291292428970337 4542
1751225153948 0.5412692427635193 4543
1751225154923 0.8281249403953552 4544
1751225155934 0.8475542068481445 4545
1751225156911 0.922035276889801 4546
1751225158093 0.5515105724334717 4547
1751225158981 0.7085243463516235 4548
1751225159911 1.7778671979904175 4549
1751225160904 1.7836315631866455 4550
1751225161899 0.9125847816467285 4551
1751225162878 0.4822581708431244 4552
1751225163712 1.7917934656143188 4553
1751225164694 0.8866174817085266 4554
1751225165696 0.7127764821052551 4555
1751225166653 0.8141829371452332 4556
1751225167653 0.6939713358879089 4557
1751225168686 0.7170424461364746 4558
1751225169692 0.5430397391319275 4559
1751225170712 0.5428852438926697 4560
1751225171682 0.7309817671775818 4561
1751225172685 0.6710416674613953 4562
1751225173710 0.9495781064033508 4563
1751225174713 1.1125577688217163 4564
1751225175855 0.7246396541595459 4565
1751225177156 0.8230045437812805 4566
1751225178117 0.1756754219532013 4567
1751225179135 0.8248054385185242 4568
1751225180171 0.8060752749443054 4569
1751225181144 0.20173506438732147 4570
1751225182142 0.8798336982727051 4571
1751225183136 0.715060830116272 4572
1751225184120 0.7766434550285339 4573
1751225185202 0.5464047789573669 4574
1751225186188 0.9936504364013672 4575
1751225187198 1.2511026859283447 4576
1751225188195 0.8763658404350281 4577
1751225189169 1.2178460359573364 4578
1751225190145 1.056430697441101 4579
1751225191200 0.9294601678848267 4580
1751225192314 0.9636990427970886 4581
1751225193291 0.6270230412483215 4582
1751225194293 0.8350313305854797 4583
1751225195264 0.6788273453712463 4584
1751225196249 1.2774988412857056 4585
1751225197247 1.1563211679458618 4586
1751225198206 0.6766892671585083 4587
1751225199203 0.5990549325942993 4588
1751225200192 0.9547849893569946 4589
1751225201182 0.46981459856033325 4590
1751225202244 0.4138725697994232 4591
1751225203280 0.7071084976196289 4592
1751225204292 0.7195005416870117 4593
1751225205282 0.8082334399223328 4594
1751225206276 1.1384633779525757 4595
1751225207267 0.6864036321640015 4596
1751225208295 0.6712598204612732 4597
1751225209257 0.8230295181274414 4598
1751225210511 0.7448504567146301 4599
1751225211533 1.0905418395996094 4600
1751225212537 0.39791139960289 4601
1751225213416 0.8952779769897461 4602
1751225214461 0.8772537112236023 4603
1751225215466 0.604923665523529 4604
1751225216473 0.9185979962348938 4605
1751225217487 1.0687705278396606 4606
1751225218515 0.29678598046302795 4607
1751225219495 0.6880079507827759 4608
1751225220472 0.7031671404838562 4609
1751225221316 1.2214422225952148 4610
1751225222329 0.8354665637016296 4611
1751225223361 0.9785519242286682 4612
1751225224359 0.7913101315498352 4613
1751225225392 0.9340589642524719 4614
1751225226369 1.0034345388412476 4615
1751225227381 0.7156156897544861 4616
1751225228257 0.4250938594341278 4617
1751225229258 1.1221522092819214 4618
1751225230286 0.616620659828186 4619
1751225231325 0.4640370309352875 4620
1751225232358 0.9065052270889282 4621
1751225233358 0.8418551683425903 4622
1751225234421 0.9594590067863464 4623
1751225235432 0.7443646788597107 4624
1751225236451 0.37374040484428406 4625
1751225237465 0.808717668056488 4626
1751225238483 0.45372602343559265 4627
1751225239780 0.527098536491394 4628
1751225240778 0.6948325037956238 4629
1751225241791 0.8034319877624512 4630
1751225242812 0.30239132046699524 4631
1751225243672 1.566362738609314 4632
1751225244535 1.1946377754211426 4633
1751225245639 0.8335804343223572 4634
1751225246808 0.8228969573974609 4635
1751225247829 0.9622827768325806 4636
1751225248837 0.678595244884491 4637
1751225249849 0.6644098162651062 4638
1751225250892 0.7602421641349792 4639
1751225251933 0.6164254546165466 4640
1751225252946 0.90167635679245 4641
1751225253936 0.969987690448761 4642
1751225254800 0.5807850956916809 4643
1751225255824 0.4901800751686096 4644
1751225256835 1.0077204704284668 4645
1751225257825 0.5284208655357361 4646
1751225258730 0.5301311612129211 4647
1751225259753 0.30576586723327637 4648
1751225260770 0.9980435371398926 4649
1751225261816 0.6042770743370056 4650
1751225262988 0.8269076943397522 4651
1751225263882 1.1406385898590088 4652
1751225264895 1.1170049905776978 4653
1751225265873 0.781464695930481 4654
1751225266885 0.6120266914367676 4655
1751225267883 0.6599977016448975 4656
1751225268917 1.0963592529296875 4657
1751225270198 0.7437518239021301 4658
1751225271172 3.5357778072357178 4659
1751225272235 0.6587399244308472 4660
1751225273246 0.9087713360786438 4661
1751225274103 0.930415153503418 4662
1751225275115 0.7136135101318359 4663
1751225276010 0.49710243940353394 4664
1751225277044 0.5293129086494446 4665
1751225277901 1.0900027751922607 4666
1751225278931 0.865996778011322 4667
1751225279963 1.1475807428359985 4668
1751225281112 0.7220718860626221 4669
1751225282199 0.5014572739601135 4670
1751225283202 0.8310642242431641 4671
1751225284193 0.828711211681366 4672
1751225285201 1.0041478872299194 4673
1751225286267 0.8887204527854919 4674
1751225287311 0.8492782711982727 4675
1751225288401 0.6124634742736816 4676
1751225289430 1.181658148765564 4677
1751225290346 2.500297784805298 4678
1751225291382 0.8702341318130493 4679
1751225292371 0.14283068478107452 4680
1751225293351 0.9127723574638367 4681
1751225294212 0.9501064419746399 4682
1751225295236 0.827613353729248 4683
1751225296276 0.9778929948806763 4684
1751225297320 0.9619861841201782 4685
1751225298316 0.24182787537574768 4686
1751225299619 0.5770137906074524 4687
1751225300478 3.1364381313323975 4688
1751225301451 0.45213738083839417 4689
1751225302459 0.6952863335609436 4690
1751225303513 1.2539770603179932 4691
1751225304554 0.6225990653038025 4692
1751225305572 1.005655288696289 4693
1751225306575 1.1063369512557983 4694
1751225307426 0.3284264802932739 4695
1751225308493 0.5750804543495178 4696
1751225309515 0.7342191934585571 4697
1751225310519 0.6886473298072815 4698
1751225311538 1.343579649925232 4699
1751225312559 0.6814337968826294 4700
1751225313540 0.8230758905410767 4701
1751225314394 0.8989149332046509 4702
1751225315421 0.6706312298774719 4703
1751225316380 0.8080768585205078 4704
1751225317348 1.6390342712402344 4705
1751225318407 1.9940952062606812 4706
1751225319285 1.7133995294570923 4707
1751225320278 0.6365195512771606 4708
1751225321309 0.7897304892539978 4709
1751225322327 0.9731693267822266 4710
1751225323252 1.5294314622879028 4711
1751225324234 0.6566984057426453 4712
1751225325200 0.6296050548553467 4713
1751225326204 0.645993709564209 4714
1751225327206 0.9309528470039368 4715
1751225328189 1.065121054649353 4716
1751225329546 1.0104153156280518 4717
1751225330524 0.900010883808136 4718
1751225331532 0.9026209115982056 4719
1751225332571 0.6305643320083618 4720
1751225333444 0.8895814418792725 4721
1751225334438 0.7665373086929321 4722
1751225335622 0.6247493624687195 4723
1751225336535 0.753775954246521 4724
1751225337537 0.7370859384536743 4725
1751225338525 0.9713373184204102 4726
1751225339565 0.6198498606681824 4727
1751225340623 0.602742612361908 4728
1751225341571 2.3543477058410645 4729
1751225342611 0.8393998146057129 4730
1751225343521 5.324095249176025 4731
1751225344572 0.8355292677879333 4732
1751225345617 0.6390172839164734 4733
1751225346645 0.9320859313011169 4734
1751225347689 0.7914363145828247 4735
1751225348751 0.655110776424408 4736
1751225349659 1.5790588855743408 4737
1751225350664 0.23547443747520447 4738
1751225351755 0.9940700531005859 4739
1751225352944 0.8288024663925171 4740
1751225353982 0.5285210609436035 4741
1751225355033 0.9089917540550232 4742
1751225355962 2.5138511657714844 4743
1751225357005 0.572990357875824 4744
1751225358113 0.3984774053096771 4745
1751225359368 0.7420243620872498 4746
1751225360417 0.7054782509803772 4747
1751225361486 0.8265171051025391 4748
1751225362510 0.7614989876747131 4749
1751225363576 1.7253330945968628 4750
1751225364504 0.9757868647575378 4751
1751225365536 1.1521621942520142 4752
1751225366571 0.48474931716918945 4753
1751225367652 0.5735782980918884 4754
1751225368812 0.4307880103588104 4755
1751225369871 0.9448522925376892 4756
1751225370859 0.3526585102081299 4757
1751225371910 0.6981948614120483 4758
1751225372998 1.8929592370986938 4759
1751225373990 1.069830298423767 4760
1751225375010 1.3899338245391846 4761
1751225376005 1.118707299232483 4762
1751225377024 0.7864370346069336 4763
1751225378036 0.6733105182647705 4764
1751225379038 0.9104894995689392 4765
1751225380057 0.4387398958206177 4766
1751225381091 0.6562262773513794 4767
1751225381982 1.1539585590362549 4768
1751225383024 0.7706286311149597 4769
1751225384004 0.8407970666885376 4770
1751225384986 0.8455986380577087 4771
1751225386013 0.6848252415657043 4772
1751225387016 0.6714367270469666 4773
1751225387962 0.8011454343795776 4774
1751225389270 0.7416118383407593 4775
1751225390327 1.043704867362976 4776
1751225391386 1.0628645420074463 4777
1751225392429 0.6645678281784058 4778
1751225393446 0.6376338005065918 4779
1751225394516 0.29151323437690735 4780
1751225395526 0.6827153563499451 4781
1751225396549 0.7335830330848694 4782
1751225397551 0.6875105500221252 4783
1751225398601 0.8234596252441406 4784
1751225399600 0.9419078826904297 4785
1751225400720 0.9069957733154297 4786
1751225401785 0.6820123791694641 4787
1751225402786 0.63606858253479 4788
1751225403800 1.083850622177124 4789
1751225404856 0.9830871820449829 4790
1751225406003 0.6988497376441956 4791
1751225407086 0.7563306093215942 4792
1751225408088 1.1828798055648804 4793
1751225409145 0.6313005685806274 4794
1751225410234 1.8097013235092163 4795
1751225411315 0.7597708106040955 4796
1751225412413 0.7566753625869751 4797
1751225413499 0.6205936074256897 4798
1751225414545 1.0550564527511597 4799
1751225415656 0.1269417703151703 4800
1751225416693 0.557403028011322 4801
1751225417695 0.699267566204071 4802
1751225418761 0.6874366402626038 4803
1751225419852 0.3462716042995453 4804
1751225421174 0.6129207015037537 4805
1751225422361 0.7118015885353088 4806
1751225423389 1.370572566986084 4807
1751225424430 1.5358048677444458 4808
1751225425468 0.5632822513580322 4809
1751225426472 0.602382242679596 4810
1751225427482 1.0604063272476196 4811
1751225428474 0.9403724670410156 4812
1751225429539 0.9098043441772461 4813
1751225430559 0.8922519683837891 4814
1751225431574 0.6680761575698853 4815
1751225432611 0.7425033450126648 4816
1751225433621 0.9093936085700989 4817
1751225434660 0.6558791995048523 4818
1751225435715 0.11647632718086243 4819
1751225436787 0.6103377342224121 4820
1751225437870 2.3478074073791504 4821
1751225438996 0.9036834836006165 4822
1751225440154 0.6726521849632263 4823
1751225441182 0.6433847546577454 4824
1751225442211 1.1359299421310425 4825
1751225443217 0.850926399230957 4826
1751225444226 0.7067808508872986 4827
1751225445260 1.0171231031417847 4828
1751225446290 0.8652116656303406 4829
1751225447315 0.6251783967018127 4830
1751225448334 0.9208099246025085 4831
1751225449345 0.576174259185791 4832
1751225450392 0.7491957545280457 4833
1751225451713 0.754851222038269 4834
1751225452781 1.055906057357788 4835
1751225453825 0.7081789374351501 4836
1751225454765 1.236958384513855 4837
1751225455979 1.1870651245117188 4838
1751225456897 1.3549840450286865 4839
1751225457982 0.6378132104873657 4840
1751225459000 1.1755951642990112 4841
1751225460056 0.8259798288345337 4842
1751225461175 0.568983256816864 4843
1751225462242 1.5178543329238892 4844
1751225463200 1.4287290573120117 4845
1751225464284 0.8067705035209656 4846
1751225465343 1.5609854459762573 4847
1751225466370 0.8533042073249817 4848
1751225467434 0.5549787878990173 4849
1751225468424 0.22694514691829681 4850
1751225469414 1.2246086597442627 4851
1751225470494 0.7002782821655273 4852
1751225471476 0.905978798866272 4853
1751225472356 2.2451248168945312 4854
1751225473482 0.7415086627006531 4855
1751225474578 0.8387505412101746 4856
1751225475619 1.0234125852584839 4857
1751225476653 1.0746339559555054 4858
1751225477718 1.3577603101730347 4859
1751225478763 0.712297260761261 4860
1751225479775 0.5347086191177368 4861
1751225480802 0.5380340218544006 4862
1751225482064 0.7842509150505066 4863
1751225483042 0.7203335165977478 4864
1751225484076 0.8320152163505554 4865
1751225485091 0.9647065997123718 4866
1751225486033 0.5971834659576416 4867
1751225487040 0.6016595959663391 4868
1751225488107 1.0008774995803833 4869
1751225489149 0.5631462931632996 4870
1751225490184 0.5210749506950378 4871
1751225491247 1.0883574485778809 4872
1751225492268 0.04301981255412102 4873
1751225493261 1.4281238317489624 4874
1751225494126 0.9823428988456726 4875
1751225495142 0.7993444800376892 4876
1751225496150 1.0399138927459717 4877
1751225497162 0.8708181977272034 4878
1751225498189 0.929884135723114 4879
1751225499241 0.7654656171798706 4880
1751225500266 0.2812882661819458 4881
1751225501307 0.6009075045585632 4882
1751225502171 0.7935585379600525 4883
1751225503150 0.9151356816291809 4884
1751225504166 0.9395166635513306 4885
1751225505163 0.77079176902771 4886
1751225506219 0.7782882452011108 4887
1751225507236 0.8861345648765564 4888
1751225508281 0.9431800842285156 4889
1751225509337 1.339991569519043 4890
1751225510351 1.292439341545105 4891
1751225511670 0.8890568614006042 4892
1751225512683 0.974055290222168 4893
1751225513735 0.7445878982543945 4894
1751225514745 0.9152603149414062 4895
1751225515771 0.7870892286300659 4896
1751225516830 0.4137483537197113 4897
1751225517910 1.0445080995559692 4898
1751225518931 1.0081872940063477 4899
1751225519934 0.8984062075614929 4900
1751225520964 0.6545416116714478 4901
1751225521970 1.0722272396087646 4902
1751225523011 0.9465299844741821 4903
1751225524068 0.5378804206848145 4904
1751225525133 1.3660458326339722 4905
1751225526154 0.42879316210746765 4906
1751225527294 0.9607948660850525 4907
1751225528433 0.996518075466156 4908
1751225529461 1.5454843044281006 4909
1751225530466 0.5353285670280457 4910
1751225531471 0.5680357813835144 4911
1751225532548 1.6478840112686157 4912
1751225533555 0.14164340496063232 4913
1751225534566 0.5745975971221924 4914
1751225535606 0.5224989056587219 4915
1751225536620 0.5563094019889832 4916
1751225537662 0.619839072227478 4917
1751225538675 0.5833427309989929 4918
1751225539725 0.7930973768234253 4919
1751225540696 0.6210253834724426 4920
1751225541709 1.0686308145523071 4921
1751225543046 0.9269878268241882 4922
1751225544080 0.8666030764579773 4923
1751225545244 0.8048181533813477 4924
1751225546312 0.6069355607032776 4925
1751225547328 1.1434528827667236 4926
1751225548326 0.5585612654685974 4927
1751225549320 1.2479218244552612 4928
1751225550356 0.9314844012260437 4929
1751225551383 1.1372519731521606 4930
1751225552416 0.5645880103111267 4931
1751225553397 1.2730220556259155 4932
1751225554412 0.9181463122367859 4933
1751225555402 0.8345425724983215 4934
1751225556431 0.8166052103042603 4935
1751225557452 0.7007479071617126 4936
1751225558493 0.5827463269233704 4937
1751225559413 0.9601871371269226 4938
1751225560429 0.7960659265518188 4939
1751225561480 0.6296596527099609 4940
1751225562545 0.8347898721694946 4941
1751225563621 0.968571126461029 4942
1751225564665 0.12766428291797638 4943
1751225565580 0.8011569976806641 4944
1751225566584 0.7517861723899841 4945
1751225567620 0.8990527391433716 4946
1751225568628 0.830054759979248 4947
1751225569631 0.7385501861572266 4948
1751225570930 0.7749583721160889 4949
1751225571962 0.65067058801651 4950
1751225572822 2.456690788269043 4951
1751225573875 1.528559684753418 4952
1751225574910 1.1648873090744019 4953
1751225575813 1.0991076231002808 4954
1751225576846 0.504271924495697 4955
1751225577892 0.9015056490898132 4956
1751225578897 0.6932874917984009 4957
1751225579925 0.9727367758750916 4958
1751225580977 0.8447063565254211 4959
1751225581876 1.0324829816818237 4960
1751225582890 0.7746294140815735 4961
1751225583961 1.1947109699249268 4962
1751225584985 0.4619240462779999 4963
1751225586006 1.1275713443756104 4964
1751225587014 0.7541279196739197 4965
1751225588002 1.0600807666778564 4966
1751225588997 0.5332841873168945 4967
1751225589989 0.6201546788215637 4968
1751225590980 1.1556445360183716 4969
1751225592021 0.9332312941551208 4970
1751225593021 0.6513248682022095 4971
1751225593891 1.5853426456451416 4972
1751225594916 0.8281084299087524 4973
1751225595924 1.028183937072754 4974
1751225596946 0.8986979722976685 4975
1751225598129 1.0010355710983276 4976
1751225599155 0.9440550804138184 4977
1751225600155 0.740643322467804 4978
1751225601188 0.6849857568740845 4979
1751225602226 0.7810297608375549 4980
1751225603235 0.5102918148040771 4981
1751225604248 0.8066256642341614 4982
1751225605280 1.5280534029006958 4983
1751225606287 1.0155977010726929 4984
1751225607291 0.7614792585372925 4985
1751225608301 1.069278597831726 4986
1751225609322 0.8309705853462219 4987
1751225610316 0.7571633458137512 4988
1751225611305 1.3528708219528198 4989
1751225612346 0.7661781907081604 4990
1751225613345 0.843826413154602 4991
1751225614360 0.7604452967643738 4992
1751225615386 0.7782968878746033 4993
1751225616458 0.4465373158454895 4994
1751225617574 0.8718703985214233 4995
1751225618611 0.9449801445007324 4996
1751225619656 1.1420847177505493 4997
1751225620663 1.3047863245010376 4998
1751225621652 0.6345920562744141 4999
1751225622677 0.6596295237541199 5000
1751225623726 0.6973913908004761 5001
1751225625098 0.6127956509590149 5002
1751225626084 1.0974321365356445 5003
1751225627104 0.5175320506095886 5004
1751225628130 0.5112786293029785 5005
1751225629183 1.4448884725570679 5006
1751225630221 1.0315998792648315 5007
1751225631220 0.44261014461517334 5008
1751225632218 1.0427589416503906 5009
1751225633060 2.1394176483154297 5010
1751225633999 0.8198162913322449 5011
1751225635087 0.7481276392936707 5012
1751225636090 0.7364997267723083 5013
1751225637111 1.298585057258606 5014
1751225638170 2.256490707397461 5015
1751225639188 0.9226139187812805 5016
1751225640244 0.6937130093574524 5017
1751225641283 0.6886070966720581 5018
1751225642266 0.8784967660903931 5019
1751225643324 0.6614258289337158 5020
1751225644173 0.9436601996421814 5021
1751225645155 0.8732779622077942 5022
1751225646165 0.756250262260437 5023
1751225647161 0.7010929584503174 5024
1751225648177 0.6927292346954346 5025
1751225649257 0.8139049410820007 5026
1751225650360 1.4065537452697754 5027
1751225651241 0.8216587901115417 5028
1751225652574 0.5800966024398804 5029
1751225653548 0.5952522158622742 5030
1751225654537 0.7181844115257263 5031
1751225655597 0.7023407220840454 5032
1751225656486 1.0497524738311768 5033
1751225657458 0.448796808719635 5034
1751225658462 0.5163108706474304 5035
1751225659483 0.7600156664848328 5036
1751225660455 1.5559234619140625 5037
1751225661456 0.7719050049781799 5038
1751225662483 0.5882195830345154 5039
1751225663488 0.8460121750831604 5040
1751225664542 0.6650057435035706 5041
1751225665553 0.5799273252487183 5042
1751225666535 0.5418806076049805 5043
1751225667541 0.6245900988578796 5044
1751225668557 1.017186164855957 5045
1751225669591 0.12185442447662354 5046
1751225670615 0.9046562314033508 5047
1751225671620 0.7080101370811462 5048
1751225672625 0.7035421133041382 5049
1751225673628 0.7859032154083252 5050
1751225674635 1.0207725763320923 5051
1751225675643 1.8507988452911377 5052
1751225676642 0.9762218594551086 5053
1751225677645 0.8792828917503357 5054
1751225678691 0.8178545236587524 5055
1751225679979 0.8699899911880493 5056
1751225680957 0.9538429379463196 5057
1751225681947 1.0127886533737183 5058
1751225682998 0.3409689962863922 5059
1751225684001 0.9593304991722107 5060
1751225684858 0.9128826260566711 5061
1751225685871 1.113458275794983 5062
1751225686898 0.9232320785522461 5063
1751225687912 1.315109372138977 5064
1751225688956 1.2265543937683105 5065
1751225689971 0.9571420550346375 5066
1751225690975 0.572691023349762 5067
1751225691973 1.1463474035263062 5068
1751225692979 0.9187136888504028 5069
1751225694009 1.6869772672653198 5070
1751225695064 0.699466347694397 5071
1751225695923 1.6142982244491577 5072
1751225696917 1.0018231868743896 5073
1751225697964 1.2017239332199097 5074
1751225698949 0.6394050121307373 5075
1751225699956 0.7870669960975647 5076
1751225700971 0.9759685397148132 5077
1751225701985 0.8266587257385254 5078
1751225703023 0.9228938221931458 5079
1751225704064 0.9481798410415649 5080
1751225705100 0.6276940703392029 5081
1751225706572 0.6076372861862183 5082
1751225707584 1.609850525856018 5083
1751225708595 0.8561197519302368 5084
1751225709470 0.7447074055671692 5085
1751225710483 1.0711334943771362 5086
1751225711496 0.5697696805000305 5087
1751225712520 0.7089470028877258 5088
1751225713541 1.526085376739502 5089
1751225714518 1.1525695323944092 5090
1751225715539 1.270556926727295 5091
1751225716524 0.6171863675117493 5092
1751225717586 1.294690728187561 5093
1751225718613 0.5660985708236694 5094
1751225719627 0.7807046175003052 5095
1751225720639 0.838526725769043 5096
1751225721680 1.0400969982147217 5097
1751225722749 0.289734810590744 5098
1751225723870 1.0080283880233765 5099
1751225724881 0.9356642961502075 5100
1751225725913 0.6037175059318542 5101
1751225726923 0.6926442384719849 5102
1751225727783 1.0072526931762695 5103
1751225728782 0.2173084318637848 5104
1751225729781 0.9169382452964783 5105
1751225730782 0.8941858410835266 5106
1751225731623 0.8979693651199341 5107
1751225732892 0.7899351716041565 5108
1751225733749 0.955840528011322 5109
1751225734795 0.6971577405929565 5110
1751225735782 0.3480369746685028 5111
1751225736829 0.9841799736022949 5112
1751225737857 0.9002742171287537 5113
1751225738852 0.8710201382637024 5114
1751225739937 1.1507525444030762 5115
1751225741051 0.7330272793769836 5116
1751225742051 0.8716460466384888 5117
1751225743017 0.7539381980895996 5118
1751225744067 0.7573739886283875 5119
1751225745057 0.9106566309928894 5120
1751225746076 1.1911048889160156 5121
1751225747067 1.307356595993042 5122
1751225748046 0.7774761915206909 5123
1751225748915 1.5333631038665771 5124
1751225749932 0.6696227192878723 5125
1751225750955 0.8252893686294556 5126
1751225752009 0.747870147228241 5127
1751225752976 0.9366348385810852 5128
1751225753992 0.6052533984184265 5129
1751225754974 0.7758073210716248 5130
1751225755971 1.1341966390609741 5131
1751225756989 0.7556983828544617 5132
1751225757978 0.8331310153007507 5133
1751225758815 0.9365758895874023 5134
1751225760086 1.0996735095977783 5135
1751225761055 0.15071119368076324 5136
1751225762053 0.49520227313041687 5137
1751225763054 0.9243934750556946 5138
1751225764060 0.7179328799247742 5139
1751225765061 1.7176822423934937 5140
1751225766029 0.9485845565795898 5141
1751225766889 2.008042097091675 5142
1751225767887 0.6661175489425659 5143
1751225768899 1.36441171169281 5144
1751225769919 0.6445213556289673 5145
1751225770928 0.7049826979637146 5146
1751225771966 0.9967934489250183 5147
1751225772956 0.9098436236381531 5148
1751225773953 0.99502032995224 5149
1751225774983 1.2730149030685425 5150
1751225775982 0.9102979898452759 5151
1751225776955 0.8371294140815735 5152
1751225777947 0.7262134552001953 5153
1751225778935 0.8754517436027527 5154
1751225779987 1.0867016315460205 5155
1751225781003 0.6016972661018372 5156
1751225781991 0.5593795776367188 5157
1751225783040 0.2952418327331543 5158
1751225784072 0.7812355756759644 5159
1751225785086 0.6633342504501343 5160
1751225786332 1.2263050079345703 5161
1751225787310 0.7766982913017273 5162
1751225788307 1.0525612831115723 5163
1751225789302 1.0596169233322144 5164
1751225790379 0.5683154463768005 5165
1751225791373 0.09534458070993423 5166
1751225792373 0.4628269672393799 5167
1751225793405 0.8687418103218079 5168
1751225794406 0.22939035296440125 5169
1751225795442 0.5333703756332397 5170
1751225796450 0.6627923846244812 5171
1751225797443 0.7397805452346802 5172
1751225798481 1.074305772781372 5173
1751225799491 1.4241420030593872 5174
1751225800524 0.47530966997146606 5175
1751225801532 1.7035140991210938 5176
1751225802393 3.7669334411621094 5177
1751225803530 0.6806504130363464 5178
1751225804664 2.0426242351531982 5179
1751225805710 1.2492769956588745 5180
1751225806715 0.6990513205528259 5181
1751225807722 0.9371076822280884 5182
1751225808730 0.6110660433769226 5183
1751225809728 0.5219748020172119 5184
1751225810718 1.125184416770935 5185
1751225811694 0.7465919256210327 5186
1751225812757 0.6170510649681091 5187
1751225814036 1.039536476135254 5188
1751225815037 0.7048320770263672 5189
1751225816055 0.8302146196365356 5190
1751225817125 0.8853660821914673 5191
1751225818187 0.8538807034492493 5192
1751225819197 0.6500988602638245 5193
1751225820302 1.0017919540405273 5194
1751225821424 0.8733586668968201 5195
1751225822406 0.4956914782524109 5196
1751225823432 0.46806150674819946 5197
1751225824482 0.7358078956604004 5198
1751225825571 0.7788751125335693 5199
1751225826687 1.0032637119293213 5200
1751225827684 0.5764277577400208 5201
1751225828722 0.6100642085075378 5202
1751225829758 0.7751671075820923 5203
1751225830771 0.9881460070610046 5204
1751225831804 1.0855579376220703 5205
1751225832897 1.1342546939849854 5206
1751225833838 0.9971413016319275 5207
1751225834852 0.4601612985134125 5208
1751225835955 0.7358299493789673 5209
1751225837116 0.8220598101615906 5210
1751225838131 0.8310413956642151 5211
1751225839138 1.3400558233261108 5212
1751225840182 1.0970796346664429 5213
1751225841512 0.8768934607505798 5214
1751225842582 1.9401596784591675 5215
1751225843599 0.9071077704429626 5216
1751225844496 1.2352408170700073 5217
1751225845511 1.0782791376113892 5218
1751225846607 0.9603242874145508 5219
1751225847614 0.37954288721084595 5220
1751225848672 0.9946281313896179 5221
1751225849670 0.554566502571106 5222
1751225850695 0.6050190329551697 5223
1751225851539 0.5091866254806519 5224
1751225852535 0.5498202443122864 5225
1751225853554 0.6755669713020325 5226
1751225854592 0.7415571212768555 5227
1751225855604 0.5283430218696594 5228
1751225856443 0.9308153986930847 5229
1751225857455 1.0733281373977661 5230
1751225858486 0.6075354814529419 5231
1751225859496 0.7995895743370056 5232
1751225860495 1.0583585500717163 5233
1751225861530 1.1696795225143433 5234
1751225862557 1.0894216299057007 5235
1751225863589 0.7736941576004028 5236
1751225864633 0.8951408267021179 5237
1751225865667 1.1042211055755615 5238
1751225866681 0.4710446000099182 5239
1751225867742 1.6543902158737183 5240
1751225869111 0.7105573415756226 5241
1751225870164 0.7838495373725891 5242
1751225871153 0.7921862006187439 5243
1751225872167 0.9481350183486938 5244
1751225873017 0.554057240486145 5245
1751225873862 0.7473270297050476 5246
1751225874847 1.0121934413909912 5247
1751225875858 0.7084682583808899 5248
1751225876911 0.7639349102973938 5249
1751225877937 0.560088038444519 5250
1751225879000 0.5250553488731384 5251
1751225880086 0.9182767271995544 5252
1751225880998 1.3591476678848267 5253
1751225882062 0.7447447180747986 5254
1751225883085 1.230608344078064 5255
1751225884229 0.9891233444213867 5256
1751225885353 1.1058924198150635 5257
1751225886490 0.5944132208824158 5258
1751225887592 1.0686830282211304 5259
1751225888634 1.0721906423568726 5260
1751225889724 0.8000578284263611 5261
1751225890871 0.9013921022415161 5262
1751225892076 1.2664464712142944 5263
1751225893111 0.8838104605674744 5264
1751225894125 1.0604780912399292 5265
1751225895126 0.2829699218273163 5266
1751225896141 1.5476293563842773 5267
1751225897413 0.8755831122398376 5268
1751225898421 1.0938197374343872 5269
1751225899483 0.6696421504020691 5270
1751225900587 1.0873602628707886 5271
1751225901627 0.6079988479614258 5272
1751225902595 0.9632850885391235 5273
1751225903635 1.2760956287384033 5274
1751225904671 1.0328807830810547 5275
1751225905591 1.1998999118804932 5276
1751225906527 0.9203615188598633 5277
1751225907637 0.8697399497032166 5278
1751225908907 0.33663415908813477 5279
1751225909938 0.6998023986816406 5280
1751225910948 0.8838772177696228 5281
1751225911828 1.8603123426437378 5282
1751225912925 1.2852678298950195 5283
1751225914075 1.1540426015853882 5284
1751225915087 0.8983297348022461 5285
1751225916125 0.43318039178848267 5286
1751225917152 0.5499579310417175 5287
1751225918194 1.1850990056991577 5288
1751225919252 0.9996458292007446 5289
1751225920365 0.5260306000709534 5290
1751225921378 0.7637362480163574 5291
1751225922348 1.118265986442566 5292
1751225923713 0.44423046708106995 5293
1751225924893 0.7147073149681091 5294
1751225925976 1.0152544975280762 5295
1751225926998 0.9822480082511902 5296
1751225928003 1.0152199268341064 5297
1751225929063 1.0651086568832397 5298
1751225930092 0.4274272620677948 5299
1751225931121 0.8187045454978943 5300
1751225932217 0.5502060055732727 5301
1751225933255 0.8043514490127563 5302
1751225934296 0.9387754797935486 5303
1751225935336 0.9173261523246765 5304
1751225936369 0.8599601984024048 5305
1751225937413 1.1110830307006836 5306
1751225938454 0.6518725752830505 5307
1751225939592 0.6944949626922607 5308
1751225940650 0.4871142506599426 5309
1751225941699 0.5370612144470215 5310
1751225942731 0.7839633226394653 5311
1751225943757 1.0854718685150146 5312
1751225944811 0.6947404742240906 5313
1751225945840 0.4540502727031708 5314
1751225947060 0.9672459959983826 5315
1751225948112 0.7059711813926697 5316
1751225948992 1.4678770303726196 5317
1751225950012 0.4718939960002899 5318
1751225951063 0.6636315584182739 5319
1751225952101 0.09196546673774719 5320
1751225953056 2.1921679973602295 5321
1751225954156 0.7211863398551941 5322
1751225955202 0.9710087776184082 5323
1751225956252 1.3649424314498901 5324
1751225957225 0.5630826950073242 5325
1751225958247 1.097623348236084 5326
1751225959299 0.9000322818756104 5327
1751225960427 0.5164014101028442 5328
1751225961492 0.8455453515052795 5329
1751225962567 0.07998178154230118 5330
1751225963597 0.501139760017395 5331
1751225964635 0.18398380279541016 5332
1751225965689 1.1240578889846802 5333
1751225966691 0.10043933242559433 5334
1751225967685 0.7656813859939575 5335
1751225968632 1.3781124353408813 5336
1751225970006 0.8254421353340149 5337
1751225971073 0.4787246286869049 5338
1751225972087 0.3122548460960388 5339
1751225973151 0.9159812927246094 5340
1751225974143 0.9825235605239868 5341
1751225975245 1.0210000276565552 5342
1751225976288 0.786422848701477 5343
1751225977208 1.099378228187561 5344
1751225978265 1.5341577529907227 5345
1751225979335 0.7831110954284668 5346
1751225980384 0.7640778422355652 5347
1751225981415 0.7632771134376526 5348
1751225982278 0.9159511923789978 5349
1751225983302 1.0724371671676636 5350
1751225984320 0.667403519153595 5351
1751225985347 0.7814645767211914 5352
1751225986458 0.8383966684341431 5353
1751225987612 0.9731001257896423 5354
1751225988657 0.7798792123794556 5355
1751225989572 0.8024689555168152 5356
1751225990627 1.0451738834381104 5357
1751225991633 0.7626223564147949 5358
1751225992714 0.5161921381950378 5359
1751225993713 2.159403085708618 5360
1751225995028 0.5162734389305115 5361
1751225996046 0.9120066165924072 5362
1751225997092 0.8036962747573853 5363
1751225998120 1.3697487115859985 5364
1751225999136 0.9700868725776672 5365
1751226000162 0.7512776255607605 5366
1751226001178 0.8465068936347961 5367
1751226002206 0.7988507151603699 5368
1751226003094 1.1047768592834473 5369
1751226004116 1.1115034818649292 5370
1751226005340 1.4940614700317383 5371
1751226006446 0.597429633140564 5372
1751226007447 0.660456120967865 5373
1751226008447 0.5088390707969666 5374
1751226009528 0.6748576164245605 5375
1751226010530 0.6471831202507019 5376
1751226011539 1.1968635320663452 5377
1751226012567 0.698859691619873 5378
1751226013603 0.7443543672561646 5379
1751226014650 0.9953083395957947 5380
1751226015746 1.237871527671814 5381
1751226016817 0.9564076662063599 5382
1751226017844 0.6493825912475586 5383
1751226018876 0.8112581372261047 5384
1751226020184 1.051095962524414 5385
1751226021262 0.5651187300682068 5386
1751226022416 0.729678750038147 5387
1751226023452 0.813715934753418 5388
1751226024433 0.6326926946640015 5389
1751226025423 0.7583738565444946 5390
1751226026415 0.9688283205032349 5391
1751226027426 0.18520165979862213 5392
1751226028425 0.5286246538162231 5393
1751226029479 0.800083577632904 5394
1751226030464 0.9817079901695251 5395
1751226031333 0.9672048687934875 5396
1751226032362 1.1895440816879272 5397
1751226033382 0.7126384377479553 5398
1751226034375 0.6370149850845337 5399
1751226035433 0.7207381129264832 5400
1751226087672 0.5497748255729675 5401
1751226088579 0.7316082715988159 5402
1751226089591 0.5905419588088989 5403
1751226090565 1.39866042137146 5404
1751226091606 0.7267422080039978 5405
1751226092659 1.4395432472229004 5406
1751226093824 0.5906439423561096 5407
1751226094953 0.5649949908256531 5408
1751226095961 0.7411130666732788 5409
1751226097023 0.7158505320549011 5410
1751226098186 0.9068584442138672 5411
1751226099299 0.44709616899490356 5412
1751226100356 1.0154069662094116 5413
1751226101351 0.8478676080703735 5414
1751226102370 0.9187240600585938 5415
1751226103409 0.7884026169776917 5416
1751226104466 0.8878389596939087 5417
1751226105513 0.69985431432724 5418
1751226106596 0.7605269551277161 5419
1751226107638 0.6415572762489319 5420
1751226108670 1.0444408655166626 5421
1751226109675 1.037155270576477 5422
1751226110711 1.253248691558838 5423
1751226111847 0.8164087533950806 5424
1751226112905 1.3569090366363525 5425
1751226113803 0.9381262063980103 5426
1751226114847 1.017261028289795 5427
1751226115888 0.7516686916351318 5428
1751226116895 1.0176442861557007 5429
1751226117901 0.7009143829345703 5430
1751226118916 0.9452731013298035 5431
1751226119777 1.014399766921997 5432
1751226120636 1.0386664867401123 5433
1751226121619 0.9675663113594055 5434
1751226122589 1.1853783130645752 5435
1751226123609 0.9954660534858704 5436
1751226124631 1.2460020780563354 5437
1751226125636 0.5477752089500427 5438
1751226127026 0.6740965247154236 5439
1751226128007 1.0892614126205444 5440
1751226128990 0.7104442715644836 5441
1751226130086 0.8789095282554626 5442
1751226131080 0.6863551139831543 5443
1751226132107 0.6788298487663269 5444
1751226133077 0.6665274500846863 5445
1751226134088 0.5538764595985413 5446
1751226135076 0.9080467224121094 5447
1751226136069 0.9775264859199524 5448
1751226137069 0.653840184211731 5449
1751226138035 1.2418380975723267 5450
1751226139121 0.8783702254295349 5451
1751226140120 0.6036292314529419 5452
1751226141085 0.7877907752990723 5453
1751226142090 0.8461509943008423 5454
1751226143097 1.4751307964324951 5455
1751226144088 0.7227131724357605 5456
1751226145082 0.6815952658653259 5457
1751226146097 1.0917433500289917 5458
1751226147112 0.8879106640815735 5459
1751226148265 0.9871047139167786 5460
1751226149284 0.5784949660301208 5461
1751226150268 0.693396270275116 5462
1751226151270 0.5218247175216675 5463
1751226152161 1.7539242506027222 5464
1751226153193 1.0466370582580566 5465
1751226154224 0.952213704586029 5466
1751226155255 0.9016527533531189 5467
1751226156271 0.9706960916519165 5468
1751226157343 0.42062899470329285 5469
1751226158346 0.6445231437683105 5470
1751226159311 0.7856137156486511 5471
1751226160324 0.830021858215332 5472
1751226161336 1.3527411222457886 5473
1751226162361 0.8113214373588562 5474
1751226163412 0.9172949194908142 5475
1751226164447 0.8901996612548828 5476
1751226165485 0.9200043082237244 5477
1751226166491 0.7634429931640625 5478
1751226167593 0.8307896852493286 5479
1751226168590 0.8000904321670532 5480
1751226169624 0.8750263452529907 5481
1751226170626 1.0032274723052979 5482
1751226171926 0.7466959953308105 5483
1751226172970 1.1437073945999146 5484
1751226173956 0.8512430191040039 5485
1751226174970 0.1045604944229126 5486
1751226175981 1.0699337720870972 5487
1751226177002 0.7779152393341064 5488
1751226178039 1.0003950595855713 5489
1751226179091 1.2448288202285767 5490
1751226180095 0.8607372641563416 5491
1751226181097 0.6551193594932556 5492
1751226182171 0.6845863461494446 5493
1751226183254 0.7414838075637817 5494
1751226184426 0.5839686989784241 5495
1751226185440 1.294432520866394 5496
1751226186453 0.712063729763031 5497
1751226187463 0.9973435401916504 5498
1751226188547 1.022748351097107 5499
1751226189519 0.6275632977485657 5500
1751226190408 1.0309642553329468 5501
1751226191456 1.3456343412399292 5502
1751226192467 0.6716377139091492 5503
1751226193504 0.8766483664512634 5504
1751226194528 1.018023133277893 5505
1751226195578 0.21183080971240997 5506
1751226196890 0.6828117370605469 5507
1751226197888 0.5091022253036499 5508
1751226198940 0.6269844174385071 5509
1751226200071 0.8382148742675781 5510
1751226201216 0.4484441876411438 5511
1751226202098 0.8820808529853821 5512
1751226203152 0.877663254737854 5513
1751226204185 0.5261767506599426 5514
1751226205081 0.837873637676239 5515
1751226206066 0.9853529334068298 5516
1751226207067 1.0368026494979858 5517
1751226208098 1.1088236570358276 5518
1751226209177 0.5852134823799133 5519
1751226210077 1.4687128067016602 5520
1751226211135 0.8145109415054321 5521
1751226212128 0.7728142738342285 5522
1751226213200 0.8348285555839539 5523
1751226214247 0.8818482756614685 5524
1751226215240 0.4261002242565155 5525
1751226216257 0.5768542885780334 5526
1751226217134 1.1201242208480835 5527
1751226218150 1.779751181602478 5528
1751226219168 0.7847196459770203 5529
1751226220215 0.9662898182868958 5530
1751226221259 0.29450899362564087 5531
1751226222309 0.6983551383018494 5532
1751226223614 1.0088938474655151 5533
1751226224626 0.9779254198074341 5534
1751226225482 1.1957632303237915 5535
1751226226491 0.5148828029632568 5536
1751226227522 0.8022948503494263 5537
1751226228531 1.031266450881958 5538
1751226229540 0.7861440777778625 5539
1751226230563 0.6337446570396423 5540
1751226231560 0.8343881964683533 5541
1751226232447 0.43459251523017883 5542
1751226233348 1.7992137670516968 5543
1751226234350 0.7546607851982117 5544
1751226235213 1.4227546453475952 5545
1751226236253 0.9145930409431458 5546
1751226237269 0.6996831893920898 5547
1751226238340 0.9289716482162476 5548
1751226239342 0.6904850006103516 5549
1751226240348 0.4312681257724762 5550
1751226241372 1.2013057470321655 5551
1751226242374 0.5655536651611328 5552
1751226243393 0.7522132992744446 5553
1751226244441 0.7295385599136353 5554
1751226245325 1.108374834060669 5555
1751226246616 0.5507453083992004 5556
1751226247647 0.5156904458999634 5557
1751226248650 1.1084760427474976 5558
1751226249637 0.6152696013450623 5559
1751226250538 0.9081386923789978 5560
1751226251589 0.5422524809837341 5561
1751226252584 0.5744873881340027 5562
1751226253656 0.8159538507461548 5563
1751226254541 2.239184856414795 5564
1751226255567 0.5780726671218872 5565
1751226256611 0.7170900106430054 5566
1751226257632 0.7635018229484558 5567
1751226258653 1.0213273763656616 5568
1751226259681 0.6774879097938538 5569
1751226260714 0.659273087978363 5570
1751226261796 0.9796850085258484 5571
1751226262982 0.03937206789851189 5572
1751226264017 1.7298675775527954 5573
1751226265046 0.9730410575866699 5574
1751226266062 1.0438446998596191 5575
1751226267050 0.6164442300796509 5576
1751226268112 0.8262983560562134 5577
1751226269179 0.7183976769447327 5578
1751226270179 0.6613935828208923 5579
1751226271450 0.10222591459751129 5580
1751226272447 0.5559593439102173 5581
1751226273485 0.567649781703949 5582
1751226274468 3.0170490741729736 5583
1751226275504 1.0582603216171265 5584
1751226276516 0.5911226272583008 5585
1751226277617 0.6528586149215698 5586
1751226278735 0.7238673567771912 5587
1751226279742 0.4391002357006073 5588
1751226280756 0.6683501601219177 5589
1751226281858 0.1884908825159073 5590
1751226282872 0.5366902947425842 5591
1751226283912 1.0498675107955933 5592
1751226284892 0.6038998961448669 5593
1751226285888 0.8448319435119629 5594
1751226286911 0.3676426410675049 5595
1751226287746 1.04067063331604 5596
1751226288678 0.6327460408210754 5597
1751226289704 0.7831742167472839 5598
1751226290720 0.5139951109886169 5599
1751226291762 1.4568597078323364 5600
1751226292648 0.7286379933357239 5601
1751226293644 0.5575396418571472 5602
1751226294547 1.1184910535812378 5603
1751226295724 1.1644726991653442 5604
1751226296599 1.0702885389328003 5605
1751226297907 0.23130422830581665 5606
1751226298932 1.1135308742523193 5607
1751226299942 1.2962629795074463 5608
1751226300970 0.7636446356773376 5609
1751226302016 1.3685827255249023 5610
1751226303004 0.5176544189453125 5611
1751226303989 0.7896191477775574 5612
1751226305000 0.8426570296287537 5613
1751226306013 0.9888111352920532 5614
1751226307070 0.48561379313468933 5615
1751226308081 0.9080004096031189 5616
1751226309075 0.8572731018066406 5617
1751226309940 1.4040478467941284 5618
1751226310990 1.0539000034332275 5619
1751226312000 0.675571620464325 5620
1751226313026 0.7564011812210083 5621
1751226314030 1.4146568775177002 5622
1751226315071 0.789546549320221 5623
1751226316073 0.8187495470046997 5624
1751226316945 0.9290130734443665 5625
1751226317927 0.468646764755249 5626
1751226318925 0.993421733379364 5627
1751226319929 0.5191870927810669 5628
1751226321048 1.082931637763977 5629
1751226322114 0.4896186590194702 5630
1751226323101 1.2663744688034058 5631
1751226324106 0.464107483625412 5632
1751226325136 0.8504120111465454 5633
1751226326129 0.6902559995651245 5634
1751226327182 0.5391849875450134 5635
1751226328182 0.8015221953392029 5636
1751226329173 1.176507830619812 5637
1751226330189 0.8244032263755798 5638
1751226331236 0.7022647261619568 5639
1751226332233 0.8457006812095642 5640
1751226333281 0.9403740167617798 5641
1751226334280 0.7535686492919922 5642
1751226335303 0.9985563158988953 5643
1751226336157 2.044548511505127 5644
1751226337189 0.8893608450889587 5645
1751226338221 0.553313672542572 5646
1751226339234 1.1837300062179565 5647
1751226340278 0.5779456496238708 5648
1751226341308 0.5277271866798401 5649
1751226342280 0.6090894937515259 5650
1751226343384 0.24531422555446625 5651
1751226344391 0.7289722561836243 5652
1751226345467 0.6703823208808899 5653
1751226346455 0.5418469309806824 5654
1751226347469 1.6991928815841675 5655
1751226348476 1.1863905191421509 5656
1751226349633 0.5840515494346619 5657
1751226350743 0.8271657824516296 5658
1751226351766 1.0881984233856201 5659
1751226352758 1.3054372072219849 5660
1751226353793 0.776357889175415 5661
1751226354819 1.1374772787094116 5662
1751226355828 1.7533540725708008 5663
1751226356868 1.929086685180664 5664
1751226357902 0.6590825915336609 5665
1751226358930 0.38825324177742004 5666
1751226359831 0.6609363555908203 5667
1751226360866 0.8061429858207703 5668
1751226361929 1.0672705173492432 5669
1751226362913 0.5723987817764282 5670
1751226364045 0.7415086627006531 5671
1751226365111 0.8796072006225586 5672
1751226366485 0.8194764256477356 5673
1751226367476 1.1537375450134277 5674
1751226368521 0.7347567677497864 5675
1751226369511 1.0325459241867065 5676
1751226370561 0.8373672366142273 5677
1751226371614 0.6172499060630798 5678
1751226372680 1.00460946559906 5679
1751226373666 0.542881190776825 5680
1751226374707 0.8001388907432556 5681
1751226375730 1.6933943033218384 5682
1751226376732 0.23932787775993347 5683
1751226377773 1.010612964630127 5684
1751226378958 1.5072935819625854 5685
1751226379873 3.4869415760040283 5686
1751226380916 1.7961477041244507 5687
1751226381943 0.4753037989139557 5688
1751226383104 0.5734260082244873 5689
1751226384176 0.5768937468528748 5690
1751226385188 0.6070326566696167 5691
1751226386214 1.2370678186416626 5692
1751226387215 0.5957204699516296 5693
1751226388231 0.6699641942977905 5694
1751226389716 0.6299536228179932 5695
1751226390782 1.2351089715957642 5696
1751226391815 0.4661475718021393 5697
1751226392881 1.3720555305480957 5698
1751226393888 1.1004638671875 5699
1751226394800 0.9442996382713318 5700
1751226395771 0.7815170288085938 5701
1751226396771 0.6226887702941895 5702
1751226397760 0.7650851607322693 5703
1751226398772 0.7778341174125671 5704
1751226399803 0.7048212885856628 5705
1751226400845 1.5540008544921875 5706
1751226401817 1.1247714757919312 5707
1751226402871 0.7848276495933533 5708
1751226403917 0.8252739310264587 5709
1751226405011 0.8011103868484497 5710
1751226406013 0.9080265164375305 5711
1751226407044 0.997284471988678 5712
1751226408017 0.6333445906639099 5713
1751226409006 1.0252991914749146 5714
1751226410012 0.9020090103149414 5715
1751226410888 1.1253513097763062 5716
1751226412173 0.8626245856285095 5717
1751226413071 1.017990231513977 5718
1751226414063 0.5611297488212585 5719
1751226415075 0.7352478504180908 5720
1751226416032 1.4376945495605469 5721
1751226417077 0.581047534942627 5722
1751226418089 0.15188606083393097 5723
1751226419105 0.8649366497993469 5724
1751226420122 0.13638773560523987 5725
1751226421125 0.7653480768203735 5726
1751226422147 0.9670199751853943 5727
1751226423160 0.62324059009552 5728
1751226424008 2.214477777481079 5729
1751226425262 0.6877889037132263 5730
1751226426263 1.2476675510406494 5731
1751226427281 0.8705951571464539 5732
1751226428273 0.9131657481193542 5733
1751226429297 0.5425993800163269 5734
1751226430174 0.9683713912963867 5735
1751226431226 0.10290925204753876 5736
1751226432331 1.1833120584487915 5737
1751226433395 0.9621626734733582 5738
1751226434682 0.6119934916496277 5739
1751226435652 1.0496268272399902 5740
1751226436505 0.9843856692314148 5741
1751226437590 1.2329332828521729 5742
1751226438612 0.8885332345962524 5743
1751226439621 0.8273432850837708 5744
1751226440682 0.4830235540866852 5745
1751226441674 1.2687097787857056 5746
1751226442709 0.8863334655761719 5747
1751226443735 1.0691542625427246 5748
1751226444827 1.1508533954620361 5749
1751226446005 1.0765016078948975 5750
1751226446893 0.9586799740791321 5751
1751226447950 1.0331916809082031 5752
1751226448957 0.6922996640205383 5753
1751226449870 0.6874837875366211 5754
1751226450878 0.7703988552093506 5755
1751226451951 1.073533058166504 5756
1751226452985 0.959065854549408 5757
1751226454021 0.8725296854972839 5758
1751226455025 0.7260997891426086 5759
1751226456050 0.6732476353645325 5760
1751226457195 1.3482316732406616 5761
1751226458218 1.6775121688842773 5762
1751226459232 0.6570824980735779 5763
1751226460096 0.8324533700942993 5764
1751226461187 0.9843268394470215 5765
1751226462313 1.1462610960006714 5766
1751226463346 0.7343401908874512 5767
1751226464368 0.8294913172721863 5768
1751226465413 1.224161982536316 5769
1751226466447 0.8403947949409485 5770
1751226467508 1.0999178886413574 5771
1751226468528 0.3023577034473419 5772
1751226469551 0.7731828689575195 5773
1751226470403 0.8632970452308655 5774
1751226471424 0.9369388818740845 5775
1751226472425 0.6064664125442505 5776
1751226473458 0.9767002463340759 5777
1751226474487 0.7525545954704285 5778
1751226475507 0.5681284070014954 5779
1751226476535 1.036846399307251 5780
1751226477559 0.6047605276107788 5781
1751226478650 0.904210090637207 5782
1751226480034 0.1408795267343521 5783
1751226481111 0.3665895462036133 5784
1751226482112 0.6778561472892761 5785
1751226483129 1.9745590686798096 5786
1751226484127 1.485079050064087 5787
1751226485162 0.9614874124526978 5788
1751226486178 0.8856244087219238 5789
1751226487176 0.653099775314331 5790
1751226488029 1.6146482229232788 5791
1751226489012 0.3933459222316742 5792
1751226490086 0.8487231135368347 5793
1751226491052 0.902958333492279 5794
1751226492044 1.080780267715454 5795
1751226493033 0.9488720893859863 5796
1751226494040 0.7912837862968445 5797
1751226495029 0.7138576507568359 5798
1751226496055 0.614433765411377 5799
1751226497090 0.9560086727142334 5800
1751226498156 0.3957517147064209 5801
1751226499145 0.7720987200737 5802
1751226500166 1.327978253364563 5803
1751226501202 0.6339344382286072 5804
1751226502307 1.0541304349899292 5805
1751226503304 0.5100616812705994 5806
1751226504298 0.8852920532226562 5807
1751226505150 0.8322980999946594 5808
1751226506188 0.7327620387077332 5809
1751226507206 0.8273183703422546 5810
1751226508199 0.6430665254592896 5811
1751226509215 1.3538204431533813 5812
1751226510218 0.7912755608558655 5813
1751226511279 0.6280097365379333 5814
1751226512290 0.600775420665741 5815
1751226513287 0.35629206895828247 5816
1751226514314 1.1583431959152222 5817
1751226515280 0.5744738578796387 5818
1751226516276 1.3299390077590942 5819
1751226517259 0.7499757409095764 5820
1751226518240 0.9676088690757751 5821
1751226519281 0.8411830067634583 5822
1751226520278 0.8412565588951111 5823
1751226521293 0.1049145832657814 5824
1751226522283 1.3293718099594116 5825
1751226523262 1.6309455633163452 5826
1751226524099 2.284121513366699 5827
1751226525366 1.0539144277572632 5828
1751226526348 0.9679336547851562 5829
1751226527341 0.633377730846405 5830
1751226528318 1.240215539932251 5831
1751226529312 0.8700720071792603 5832
1751226530346 0.3628385365009308 5833
1751226531339 0.5182638168334961 5834
1751226532320 1.412579894065857 5835
1751226533328 2.0524661540985107 5836
1751226534327 0.6692777872085571 5837
1751226535463 0.8431456685066223 5838
1751226536452 1.129205346107483 5839
1751226537458 1.4188734292984009 5840
1751226538489 0.6026930212974548 5841
1751226539461 0.82233726978302 5842
1751226540547 2.060140371322632 5843
1751226541732 0.9479541778564453 5844
1751226542743 0.7410982251167297 5845
1751226543738 0.912540853023529 5846
1751226544771 0.9520583152770996 5847
1751226545660 0.9915946125984192 5848
1751226546666 0.9565353989601135 5849
1751226547930 0.8034381866455078 5850
1751226548942 0.7499859929084778 5851
1751226549951 0.6120880842208862 5852
1751226551014 0.9487798810005188 5853
1751226552051 0.6629831194877625 5854
1751226553051 0.8441094756126404 5855
1751226554046 1.065799355506897 5856
1751226555035 0.5702471137046814 5857
1751226556051 1.2263226509094238 5858
1751226557148 0.8061968684196472 5859
1751226558230 0.9257822036743164 5860
1751226559106 1.4953031539916992 5861
1751226560076 1.2260255813598633 5862
1751226561088 0.5731149911880493 5863
1751226562071 0.9757152795791626 5864
1751226563050 0.580237627029419 5865
1751226564058 0.18156392872333527 5866
1751226564916 0.9108193516731262 5867
1751226565929 1.2800567150115967 5868
1751226566933 0.9346432685852051 5869
1751226568008 0.5080406069755554 5870
1751226569018 0.46692606806755066 5871
1751226570326 0.7762188911437988 5872
1751226571354 0.8085228204727173 5873
1751226572377 0.5142986178398132 5874
1751226573378 0.9341762661933899 5875
1751226574426 0.5368583798408508 5876
1751226575649 0.5719818472862244 5877
1751226576662 0.6827772259712219 5878
1751226577640 0.8159907460212708 5879
1751226578475 0.9000056385993958 5880
1751226579481 1.0994077920913696 5881
1751226580502 0.7381095290184021 5882
1751226581532 0.580866813659668 5883
1751226582552 0.6186960935592651 5884
1751226583544 0.7233745455741882 5885
1751226584552 0.6865788698196411 5886
1751226585561 1.0324382781982422 5887
1751226586640 0.7155131101608276 5888
1751226587694 0.6881128549575806 5889
1751226588714 0.7376901507377625 5890
1751226589678 1.158977746963501 5891
1751226590671 0.6171136498451233 5892
1751226591745 0.9666677117347717 5893
1751226593082 0.5929256081581116 5894
1751226594077 0.5447489023208618 5895
1751226595058 0.690054178237915 5896
1751226596104 0.9392244219779968 5897
1751226597215 0.9271564483642578 5898
1751226598320 1.4330986738204956 5899
1751226599305 1.1117275953292847 5900
1751226600311 0.5779294371604919 5901
1751226601303 0.8932890295982361 5902
1751226602157 0.7081391215324402 5903
1751226603014 1.8395721912384033 5904
1751226603999 0.6762007474899292 5905
1751226605091 2.267669677734375 5906
1751226606195 0.6550120711326599 5907
1751226607226 0.5516250729560852 5908
1751226608233 0.9777126312255859 5909
1751226609141 1.4983419179916382 5910
1751226610132 0.9339184761047363 5911
1751226611321 0.8953716158866882 5912
1751226612291 0.7172598242759705 5913
1751226613142 1.7407845258712769 5914
1751226614237 1.0823957920074463 5915
1751226615592 0.3474879264831543 5916
1751226616590 0.3436339795589447 5917
1751226617584 1.0151289701461792 5918
1751226618596 0.6913943290710449 5919
1751226619613 1.1455607414245605 5920
1751226620601 0.7644393444061279 5921
1751226621571 1.125018835067749 5922
1751226622588 0.6505799293518066 5923
1751226623593 0.6689381003379822 5924
1751226624585 1.075736403465271 5925
1751226625577 1.2063645124435425 5926
1751226626581 0.9675484895706177 5927
1751226627584 0.5024040341377258 5928
1751226628583 0.7688927054405212 5929
1751226629448 0.8747147917747498 5930
1751226630480 0.9193328022956848 5931
1751226631491 0.5924811363220215 5932
1751226632491 0.7400097250938416 5933
1751226633508 0.744960367679596 5934
1751226634490 1.0126347541809082 5935
1751226635530 0.8226017355918884 5936
1751226636596 0.6945075392723083 5937
1751226638038 0.629676103591919 5938
1751226639037 0.8474776148796082 5939
1751226640034 0.48590484261512756 5940
1751226641012 0.870184600353241 5941
1751226641854 1.3184055089950562 5942
1751226642856 1.4885025024414062 5943
1751226643846 0.9231921434402466 5944
1751226644840 0.28743821382522583 5945
1751226645818 0.7727991938591003 5946
1751226646676 1.4047930240631104 5947
1751226647655 0.8546871542930603 5948
1751226648683 0.7201805114746094 5949
1751226649551 1.3498839139938354 5950
1751226650549 0.7755012512207031 5951
1751226651562 0.6975102424621582 5952
1751226652610 0.9065967798233032 5953
1751226653682 0.7356811165809631 5954
1751226654783 0.2574613094329834 5955
1751226655789 0.5928093791007996 5956
1751226656789 0.9906031489372253 5957
1751226657815 0.5559296607971191 5958
1751226658792 0.6729247570037842 5959
1751226660070 0.5889253616333008 5960
1751226660924 0.6971926689147949 5961
1751226661917 0.45667025446891785 5962
1751226662932 0.8468963503837585 5963
1751226663905 0.9229816794395447 5964
1751226664888 0.9314388632774353 5965
1751226665887 0.6380361914634705 5966
1751226666751 2.0355279445648193 5967
1751226667594 0.6717680096626282 5968
1751226668581 0.7970366477966309 5969
1751226669554 1.5383044481277466 5970
1751226670553 0.5656980872154236 5971
1751226671698 1.4883055686950684 5972
1751226672746 0.6111930012702942 5973
1751226673729 0.5391077995300293 5974
1751226674776 1.651760458946228 5975
1751226675776 0.654958188533783 5976
1751226676746 0.9080689549446106 5977
1751226677774 1.0139365196228027 5978
1751226678781 1.750189185142517 5979
1751226679875 0.7982327938079834 5980
1751226680855 0.8394399881362915 5981
1751226681972 1.1341893672943115 5982
1751226683002 0.46929630637168884 5983
1751226683997 0.5398660898208618 5984
1751226684974 0.62215656042099 5985
1751226685945 1.6765438318252563 5986
1751226686942 0.7104959487915039 5987
1751226687968 0.551651656627655 5988
1751226688936 1.034358024597168 5989
1751226689930 0.4684847295284271 5990
1751226690928 0.8513501286506653 5991
1751226691978 0.7865318655967712 5992
1751226692970 1.9456924200057983 5993
1751226693983 1.1485756635665894 5994
1751226694818 0.812321126461029 5995
1751226695843 1.4254378080368042 5996
1751226696831 1.1238083839416504 5997
1751226697807 1.0808135271072388 5998
1751226698842 1.062637209892273 5999
1751226699892 0.727421760559082 6000
1751226700916 1.2890453338623047 6001
1751226702192 0.8302667737007141 6002
1751226703193 0.9102340936660767 6003
1751226704174 0.647637128829956 6004
1751226705170 0.5348570942878723 6005
1751226706187 1.159873366355896 6006
1751226707250 1.4390066862106323 6007
1751226708341 0.5442838072776794 6008
1751226709329 0.9516443610191345 6009
1751226710229 1.4622563123703003 6010
1751226711259 1.5650274753570557 6011
1751226712240 0.7793567776679993 6012
1751226713231 0.6294363737106323 6013
1751226714263 0.9280685782432556 6014
1751226715303 0.8733834624290466 6015
1751226716289 0.40797659754753113 6016
1751226717297 0.8543950915336609 6017
1751226718358 0.7746864557266235 6018
1751226719217 0.785688042640686 6019
1751226720229 1.130820870399475 6020
1751226721251 1.1356829404830933 6021
1751226722518 1.1387052536010742 6022
1751226723504 0.4977822005748749 6023
1751226724564 1.0779656171798706 6024
1751226725756 0.891150712966919 6025
1751226726803 0.8961500525474548 6026
1751226727829 0.7227055430412292 6027
1751226728826 0.7728695273399353 6028
1751226729815 0.6079780459403992 6029
1751226730818 0.7435773611068726 6030
1751226731859 0.7012507915496826 6031
1751226732911 1.0824034214019775 6032
1751226733925 0.6262945532798767 6033
1751226734917 0.8141795992851257 6034
1751226735919 1.2382760047912598 6035
1751226736935 0.8507596254348755 6036
1751226737975 0.7056381702423096 6037
1751226738997 1.5269979238510132 6038
1751226740073 0.90870201587677 6039
1751226741097 0.7951537370681763 6040
1751226742012 1.1195906400680542 6041
1751226743165 0.6491720080375671 6042
1751226744497 0.8197094202041626 6043
1751226745516 0.6751124262809753 6044
1751226746530 1.6187690496444702 6045
1751226747548 1.0471385717391968 6046
1751226748577 0.8498892188072205 6047
1751226749628 1.0640789270401 6048
1751226750671 1.139769196510315 6049
1751226751670 0.8364354372024536 6050
1751226752703 0.9934199452400208 6051
1751226753747 0.5625188946723938 6052
1751226754671 0.6518635153770447 6053
1751226755682 1.372066855430603 6054
1751226756678 0.8763748407363892 6055
1751226757702 0.6162926554679871 6056
1751226758729 0.9316813349723816 6057
1751226759898 0.8889093399047852 6058
1751226760951 0.8444226384162903 6059
1751226761965 0.7986458539962769 6060
1751226762868 1.074074149131775 6061
1751226763884 0.6770983934402466 6062
1751226764933 0.4726632237434387 6063
1751226766098 1.310952067375183 6064
1751226767124 0.46145936846733093 6065
1751226768145 0.5539194345474243 6066
1751226768999 0.8109233379364014 6067
1751226770052 0.9000908136367798 6068
1751226771079 0.6498646140098572 6069
1751226772119 0.847495973110199 6070
1751226773025 0.8150965571403503 6071
1751226774072 0.8328884243965149 6072
1751226775083 0.6862258315086365 6073
1751226775961 0.8424933552742004 6074
1751226776980 0.6128799319267273 6075
1751226778021 0.7889401316642761 6076
1751226779098 0.8851580619812012 6077
1751226780142 0.6749420166015625 6078
1751226781178 1.108968734741211 6079
1751226782216 0.7879115343093872 6080
1751226783231 0.7805585265159607 6081
1751226784220 0.4762134253978729 6082
1751226785097 2.5000741481781006 6083
1751226786413 1.3275753259658813 6084
1751226787438 1.0146559476852417 6085
1751226788463 0.9422365427017212 6086
1751226789477 0.8201698660850525 6087
1751226790508 0.7536274790763855 6088
1751226791546 1.3531959056854248 6089
1751226792554 0.6422986388206482 6090
1751226793553 0.5575438141822815 6091
1751226794573 1.0404493808746338 6092
1751226795451 0.591347336769104 6093
1751226796444 1.1766748428344727 6094
1751226797338 0.9361602663993835 6095
1751226798326 0.8918011784553528 6096
1751226799349 0.8933879137039185 6097
1751226800360 1.183784008026123 6098
1751226801377 0.7468559741973877 6099
1751226802406 0.19297029078006744 6100
1751226803488 0.8318387866020203 6101
1751226804400 1.452559232711792 6102
1751226805401 0.12207990139722824 6103
1751226806401 0.6041801571846008 6104
1751226807677 1.476910948753357 6105
1751226808684 1.0620590448379517 6106
1751226809707 1.3327436447143555 6107
1751226810744 0.5026063323020935 6108
1751226811789 0.9646530151367188 6109
1751226812821 0.7070254683494568 6110
1751226813840 0.9550936818122864 6111
1751226815015 0.6918597221374512 6112
1751226816115 0.96687251329422 6113
1751226817198 0.7431284785270691 6114
1751226818184 0.15293855965137482 6115
1751226819180 0.5988053679466248 6116
1751226820190 1.177849292755127 6117
1751226821186 0.8616024255752563 6118
1751226822214 1.124639868736267 6119
1751226823251 1.3274801969528198 6120
1751226824265 0.6438447833061218 6121
1751226825293 0.7493792772293091 6122
1751226826201 0.7456015944480896 6123
1751226827505 0.714034914970398 6124
1751226828518 0.6915270686149597 6125
1751226829573 0.9410738945007324 6126
1751226830588 0.7827134132385254 6127
1751226831649 0.1531066745519638 6128
1751226832796 1.4489747285842896 6129
1751226833809 1.192129373550415 6130
1751226834889 1.0476353168487549 6131
1751226835885 1.1989063024520874 6132
1751226836918 0.5690733194351196 6133
1751226837958 1.1812396049499512 6134
1751226838834 0.8560124635696411 6135
1751226839907 0.834813117980957 6136
1751226840918 1.2696621417999268 6137
1751226841910 0.5672279596328735 6138
1751226842977 0.6817801594734192 6139
1751226843994 0.751650333404541 6140
1751226844988 0.4979139268398285 6141
1751226846009 0.4383504092693329 6142
1751226847028 0.7164740562438965 6143
1751226848063 0.8532735109329224 6144
1751226849314 0.5246543884277344 6145
1751226850440 1.3027763366699219 6146
1751226851452 1.0710691213607788 6147
1751226852471 0.5457634329795837 6148
1751226853472 0.9151091575622559 6149
1751226854466 0.5906549692153931 6150
1751226855489 0.7581462264060974 6151
1751226856360 0.8789939880371094 6152
1751226857364 1.1646113395690918 6153
1751226858380 0.6662139892578125 6154
1751226859423 0.6166850328445435 6155
1751226860457 0.8994843363761902 6156
1751226861545 0.9289402365684509 6157
1751226862548 1.0315351486206055 6158
1751226863541 1.033866286277771 6159
1751226864583 0.7327349185943604 6160
1751226865623 0.850188672542572 6161
1751226866627 0.9572153091430664 6162
1751226867607 0.9090214967727661 6163
1751226868624 0.9323787093162537 6164
1751226869647 0.9926969408988953 6165
1751226870888 0.8504093289375305 6166
1751226871949 1.4177688360214233 6167
1751226872951 1.5764418840408325 6168
1751226873970 0.5429714322090149 6169
1751226874998 0.5555408596992493 6170
1751226876050 0.8051633834838867 6171
1751226877069 1.1564996242523193 6172
1751226878065 0.5292279124259949 6173
1751226879088 0.7787207961082458 6174
1751226880089 0.5386190414428711 6175
1751226881092 0.5973386168479919 6176
1751226882129 0.9583231210708618 6177
1751226883010 1.0420312881469727 6178
1751226883877 3.106837034225464 6179
1751226884771 1.19705069065094 6180
1751226885793 0.7017781138420105 6181
1751226886821 1.3945811986923218 6182
1751226887855 0.7606396675109863 6183
1751226888860 0.6140689253807068 6184
1751226889878 0.6448385119438171 6185
1751226891131 0.6322814226150513 6186
1751226891990 0.9986581206321716 6187
1751226892853 2.1484014987945557 6188
1751226893839 0.7146274447441101 6189
1751226894872 0.9410818219184875 6190
1751226895872 0.6795547604560852 6191
1751226896871 1.315775752067566 6192
1751226897877 0.7529323697090149 6193
1751226898927 0.620884120464325 6194
1751226899943 0.5335950255393982 6195
1751226900943 0.8424358367919922 6196
1751226901972 1.0901960134506226 6197
1751226903183 1.2073471546173096 6198
1751226904266 0.6803341507911682 6199
1751226905227 1.7418212890625 6200
1751226906287 0.6407524347305298 6201
1751226907299 1.7834608554840088 6202
1751226908306 0.5107274055480957 6203
1751226909310 1.3047453165054321 6204
1751226910295 1.481970191001892 6205
1751226911581 0.6708691716194153 6206
1751226912469 1.085331916809082 6207
1751226913441 0.9002338647842407 6208
1751226914497 0.7418957352638245 6209
1751226915513 1.07811439037323 6210
1751226916598 0.5107476115226746 6211
1751226917625 0.6742686629295349 6212
1751226918687 0.884544849395752 6213
1751226919888 0.5699234008789062 6214
1751226921011 0.7991215586662292 6215
1751226922025 1.2320479154586792 6216
1751226923092 0.8120439648628235 6217
1751226924081 1.344509243965149 6218
1751226925122 1.3978058099746704 6219
1751226926114 0.3921603262424469 6220
1751226927111 0.8240477442741394 6221
1751226928079 0.6734634041786194 6222
1751226929051 0.8265562057495117 6223
1751226930030 0.7076940536499023 6224
1751226930998 0.5388917326927185 6225
1751226932002 0.9746802449226379 6226
1751226933356 0.45608797669410706 6227
1751226934364 0.7363754510879517 6228
1751226935364 1.0579293966293335 6229
1751226936494 0.7062090039253235 6230
1751226937444 0.7994005084037781 6231
1751226938328 2.9353058338165283 6232
1751226939344 0.8847866058349609 6233
1751226940384 0.4812588691711426 6234
1751226941379 0.8234885334968567 6235
1751226942306 0.8757564425468445 6236
1751226943364 0.5027849078178406 6237
1751226944380 0.43477535247802734 6238
1751226945234 0.744418203830719 6239
1751226946229 1.5666953325271606 6240
1751226947236 0.9867235422134399 6241
1751226948269 0.5205564498901367 6242
1751226949263 0.6951658725738525 6243
1751226950285 0.736592710018158 6244
1751226951291 0.8949655890464783 6245
1751226952294 0.6853452920913696 6246
1751226953549 0.8778945207595825 6247
1751226954388 1.1122041940689087 6248
1751226955420 0.7966427803039551 6249
1751226956398 0.45908692479133606 6250
1751226957247 0.7056278586387634 6251
1751226958251 0.5943648815155029 6252
1751226959280 0.8385827541351318 6253
1751226960319 0.506015956401825 6254
1751226961354 0.8722478747367859 6255
1751226962344 0.8084897994995117 6256
1751226963376 0.1396183967590332 6257
1751226964377 0.6383470892906189 6258
1751226965400 0.6085423827171326 6259
1751226966418 0.9683946967124939 6260
1751226967442 0.8983141779899597 6261
1751226968427 1.0224978923797607 6262
1751226969454 0.8614867329597473 6263
1751226970464 0.8392006158828735 6264
1751226971482 2.1928799152374268 6265
1751226972480 0.7330916523933411 6266
1751226973485 1.3183073997497559 6267
1751226974749 0.7069830298423767 6268
1751226975891 1.1815563440322876 6269
1751226976907 1.142424464225769 6270
1751226978026 1.575556755065918 6271
1751226979069 0.9980238676071167 6272
1751226980072 1.2226247787475586 6273
1751226981044 1.0140409469604492 6274
1751226982041 1.2719078063964844 6275
1751226983076 0.5821210741996765 6276
1751226984084 1.9151325225830078 6277
1751226985118 0.8372607827186584 6278
1751226986145 0.9591485857963562 6279
1751226987001 1.1901592016220093 6280
1751226988006 0.750166118144989 6281
1751226988997 0.28740841150283813 6282
1751226990008 0.5722337365150452 6283
1751226991040 1.1429443359375 6284
1751226991942 1.425428032875061 6285
1751226992960 0.7231456637382507 6286
1751226993848 1.6770561933517456 6287
1751226995177 0.5736611485481262 6288
1751226996025 0.43406203389167786 6289
1751226997093 0.7376057505607605 6290
1751226998148 0.7527714371681213 6291
1751226999200 0.7303705215454102 6292
1751227000334 1.2549571990966797 6293
1751227001392 0.43576034903526306 6294
1751227002476 1.2056337594985962 6295
1751227003506 0.656365692615509 6296
1751227004520 1.3856251239776611 6297
1751227005520 0.9927803874015808 6298
1751227006525 0.8157238960266113 6299
1751227007541 0.5761507749557495 6300
1751227008642 0.5786086916923523 6301
1751227009637 0.5194846391677856 6302
1751227010793 0.772007405757904 6303
1751227011795 1.248745083808899 6304
1751227012749 2.609915256500244 6305
1751227013771 1.045601725578308 6306
1751227014774 0.8627679944038391 6307
1751227015842 1.048171043395996 6308
1751227017449 0.43255358934402466 6309
1751227018494 0.8055093884468079 6310
1751227019538 1.0450267791748047 6311
1751227020663 0.7438650131225586 6312
1751227021684 0.8436290621757507 6313
1751227022735 1.7575708627700806 6314
1751227023714 0.5697302222251892 6315
1751227024712 0.6647883653640747 6316
1751227025734 0.4708694517612457 6317
1751227026706 1.1203652620315552 6318
1751227027747 0.8152689933776855 6319
1751227028766 0.8796482086181641 6320
1751227029791 0.7614479064941406 6321
1751227030794 0.7338869571685791 6322
1751227031893 0.9409368634223938 6323
1751227033020 0.7765628695487976 6324
1751227034081 0.7175414562225342 6325
1751227035120 0.600775420665741 6326
1751227036179 1.246092677116394 6327
1751227037197 0.4571978747844696 6328
1751227038391 0.8796939849853516 6329
1751227039371 1.28998863697052 6330
1751227040334 1.4069370031356812 6331
1751227041357 0.6090720295906067 6332
1751227042408 1.307723045349121 6333
1751227043394 0.8855308890342712 6334
1751227044422 0.6660049557685852 6335
1751227045440 1.3260592222213745 6336
1751227046469 0.6913626790046692 6337
1751227047487 0.7657997012138367 6338
1751227048493 0.6525642275810242 6339
1751227049492 0.16566742956638336 6340
1751227050467 1.0507458448410034 6341
1751227051462 0.7944918870925903 6342
1751227052518 0.6716135144233704 6343
1751227053536 0.6760539412498474 6344
1751227054408 1.9412370920181274 6345
1751227055400 0.9309051632881165 6346
1751227056463 1.2535446882247925 6347
1751227057474 0.751236617565155 6348
1751227058494 0.46542078256607056 6349
1751227059798 0.7315627932548523 6350
1751227060819 0.9111022353172302 6351
1751227061840 0.5796670913696289 6352
1751227062865 0.6978100538253784 6353
1751227063896 0.9451289772987366 6354
1751227064742 1.360094666481018 6355
1751227065755 0.6170146465301514 6356
1751227066621 1.1203182935714722 6357
1751227067634 1.4792097806930542 6358
1751227068630 0.5466050505638123 6359
1751227069619 0.6646028757095337 6360
1751227070619 1.1461395025253296 6361
1751227071625 1.3713809251785278 6362
1751227072663 0.9391464591026306 6363
1751227073539 2.7868635654449463 6364
1751227074559 0.8668791651725769 6365
1751227075550 0.9243841171264648 6366
1751227076802 1.2127968072891235 6367
1751227077836 1.329877495765686 6368
1751227078810 1.5035938024520874 6369
1751227079794 0.9545610547065735 6370
1751227080789 0.955422580242157 6371
1751227081831 0.8859401941299438 6372
1751227082838 0.7035686373710632 6373
1751227083874 0.7690588235855103 6374
1751227084904 0.779329240322113 6375
1751227085936 0.8168258666992188 6376
1751227086976 1.0003966093063354 6377
1751227088009 0.10128743201494217 6378
1751227089029 0.644192636013031 6379
1751227090032 0.29905620217323303 6380
1751227091080 0.9446789622306824 6381
1751227092094 0.8237037062644958 6382
1751227093133 0.7277361154556274 6383
1751227094142 0.2573775053024292 6384
1751227095210 1.662487268447876 6385
1751227096700 0.6017528772354126 6386
1751227097742 1.2190876007080078 6387
1751227098747 1.2751528024673462 6388
1751227099818 0.8700931668281555 6389
1751227100850 0.47260257601737976 6390
1751227101862 1.0474103689193726 6391
1751227102940 0.8031835556030273 6392
1751227103932 0.9308657050132751 6393
1751227104985 0.8869102597236633 6394
1751227105991 0.7202691435813904 6395
1751227106989 0.8517299890518188 6396
1751227108012 1.6745189428329468 6397
1751227109025 0.7107477784156799 6398
1751227110004 0.9512954950332642 6399
1751227111004 0.21555136144161224 6400
1751227112001 1.974490761756897 6401
1751227113097 0.6891893744468689 6402
1751227114219 0.9107740521430969 6403
1751227115127 1.8729923963546753 6404
1751227116155 0.04045301675796509 6405
1751227117199 1.2121082544326782 6406
1751227118513 0.9040912985801697 6407
1751227119535 1.8202095031738281 6408
1751227120582 0.8945072293281555 6409
1751227121601 1.0764493942260742 6410
1751227122600 0.9143069386482239 6411
1751227123605 0.8099101185798645 6412
1751227124659 0.8587141036987305 6413
1751227125682 0.4742663502693176 6414
1751227126699 0.3807145059108734 6415
1751227127678 0.9641416668891907 6416
1751227128709 0.9811159372329712 6417
1751227129868 0.6450817584991455 6418
1751227130928 0.5635390281677246 6419
1751227131925 0.6250261664390564 6420
1751227132938 1.147325873374939 6421
1751227133938 0.8682841658592224 6422
1751227134936 0.7010087370872498 6423
1751227136249 1.1114006042480469 6424
1751227137250 1.254132628440857 6425
1751227138114 1.9142115116119385 6426
1751227139092 0.3133156895637512 6427
1751227140110 0.6771664023399353 6428
1751227141138 0.9509252905845642 6429
1751227142168 1.1563688516616821 6430
1751227143183 1.066838026046753 6431
1751227144206 0.7058557271957397 6432
1751227145197 0.675041675567627 6433
1751227146215 0.7997973561286926 6434
1751227147235 1.0724353790283203 6435
1751227148125 0.8011000752449036 6436
1751227149167 0.5629512667655945 6437
1751227150161 0.6569363474845886 6438
1751227151154 0.8855210542678833 6439
1751227152183 0.8096360564231873 6440
1751227153355 0.7027154564857483 6441
1751227154655 0.9250279664993286 6442
1751227155653 0.7014517784118652 6443
1751227156675 1.0124624967575073 6444
1751227157655 0.3784123659133911 6445
1751227158647 0.8047513961791992 6446
1751227159632 0.9129958152770996 6447
1751227160619 0.8606468439102173 6448
1751227161637 0.940443217754364 6449
1751227162624 0.6310232877731323 6450
1751227163620 0.7029357552528381 6451
1751227164610 0.9538484811782837 6452
1751227165588 1.248729944229126 6453
1751227166448 1.4497417211532593 6454
1751227167310 0.837973415851593 6455
1751227168355 0.5529555678367615 6456
1751227169378 0.8015227913856506 6457
1751227170415 0.4565172493457794 6458
1751227171408 0.9673976898193359 6459
1751227172376 1.269490122795105 6460
1751227173664 0.5937800407409668 6461
1751227174658 0.6609247922897339 6462
1751227175514 1.7361866235733032 6463
1751227176518 0.29281625151634216 6464
1751227177539 0.6327571272850037 6465
1751227178541 1.1243733167648315 6466
1751227179551 0.9628350734710693 6467
1751227180538 1.3147976398468018 6468
1751227181548 0.8940555453300476 6469
1751227182542 0.9124695658683777 6470
1751227183545 0.9725850224494934 6471
1751227184554 0.9836456179618835 6472
1751227185553 0.8092023134231567 6473
1751227186566 0.5205186009407043 6474
1751227187593 0.5084349513053894 6475
1751227188639 1.9693888425827026 6476
1751227189628 0.6398578882217407 6477
1751227190639 0.5287781357765198 6478
1751227191957 1.3656405210494995 6479
1751227193039 0.705704391002655 6480
1751227194081 0.469732403755188 6481
1751227195128 0.806208610534668 6482
1751227196208 0.7479209899902344 6483
1751227197265 0.9363390803337097 6484
1751227198254 0.5962054133415222 6485
1751227199238 0.6053234338760376 6486
1751227200260 0.4002179205417633 6487
1751227201314 0.45466727018356323 6488
1751227202315 0.5658314824104309 6489
1751227203295 0.8865274786949158 6490
1751227204357 0.9800485968589783 6491
1751227205374 0.5433163046836853 6492
1751227206380 1.0155467987060547 6493
1751227207361 0.6533516049385071 6494
1751227208411 0.49091383814811707 6495
1751227209446 1.154122233390808 6496
1751227210589 0.817983090877533 6497
1751227211509 0.6726601719856262 6498
1751227212523 0.18790358304977417 6499
1751227213809 0.8263100981712341 6500
1751227214811 0.6267809271812439 6501
1751227215904 0.9398072361946106 6502
1751227216913 0.9776797890663147 6503
1751227217935 1.0975046157836914 6504
1751227218946 0.9962112307548523 6505
1751227219991 0.6229392886161804 6506
1751227221006 0.675543487071991 6507
1751227222063 0.5778024792671204 6508
1751227223075 0.12622950971126556 6509
1751227224075 0.8579250574111938 6510
1751227225125 1.264750361442566 6511
1751227226161 1.697597861289978 6512
1751227227323 0.5876083374023438 6513
1751227228353 0.5358580946922302 6514
1751227229386 0.6477718353271484 6515
1751227230422 0.8783616423606873 6516
1751227231650 2.8832948207855225 6517
1751227232677 1.0048027038574219 6518
1751227233680 0.5861871838569641 6519
1751227234675 1.0462907552719116 6520
1751227235712 1.127440094947815 6521
1751227236745 0.8425524830818176 6522
1751227237752 1.4368525743484497 6523
1751227238780 0.7798599600791931 6524
1751227239818 0.6552149653434753 6525
1751227240861 1.1703505516052246 6526
1751227241899 1.5789592266082764 6527
1751227242914 0.49064919352531433 6528
1751227243943 1.1417618989944458 6529
1751227244780 0.8166866302490234 6530
1751227245794 1.6171907186508179 6531
1751227246789 1.6031988859176636 6532
1751227247812 0.6600026488304138 6533
1751227248815 0.849105179309845 6534
1751227249797 1.2299543619155884 6535
1751227250785 0.8945585489273071 6536
1751227251849 0.5722844004631042 6537
1751227253156 0.6892302632331848 6538
1751227254041 0.7188833355903625 6539
1751227254897 0.9321231842041016 6540
1751227255931 1.0090736150741577 6541
1751227256905 1.095150113105774 6542
1751227257895 0.8277307748794556 6543
1751227258891 1.1046991348266602 6544
1751227259878 0.9825733304023743 6545
1751227260885 1.1648075580596924 6546
1751227261920 1.376789927482605 6547
1751227262887 1.0564923286437988 6548
1751227263759 1.1672451496124268 6549
1751227264802 0.9248196482658386 6550
1751227265807 0.6205469369888306 6551
1751227266819 0.7332603335380554 6552
1751227267816 0.9178059697151184 6553
1751227268809 0.8550877571105957 6554
1751227269836 1.0907758474349976 6555
1751227271151 0.6610703468322754 6556
1751227272135 0.564395546913147 6557
1751227273166 1.471747636795044 6558
1751227274205 0.6690987348556519 6559
1751227275227 0.6582126021385193 6560
1751227276210 0.9519997835159302 6561
1751227277226 0.8722745776176453 6562
1751227278258 0.8520909547805786 6563
1751227279262 1.1719852685928345 6564
1751227280284 0.20806072652339935 6565
1751227281347 1.024483561515808 6566
1751227282366 1.2970274686813354 6567
1751227283394 0.38102594017982483 6568
1751227284407 0.9890317916870117 6569
1751227285428 0.9159260988235474 6570
1751227286491 0.7941985130310059 6571
1751227287487 0.8367540240287781 6572
1751227288468 0.749201238155365 6573
1751227289826 0.6537091135978699 6574
1751227290861 1.4198068380355835 6575
1751227291853 1.9160547256469727 6576
1751227292882 0.7932295799255371 6577
1751227293893 1.2228177785873413 6578
1751227294905 0.7521723508834839 6579
1751227295888 0.9437593817710876 6580
1751227296890 1.0903642177581787 6581
1751227298028 0.7017148733139038 6582
1751227299083 0.622707724571228 6583
1751227300128 1.0146459341049194 6584
1751227301147 0.7478677034378052 6585
1751227302163 0.8777705430984497 6586
1751227303056 0.6774080395698547 6587
1751227304146 0.5671262741088867 6588
1751227305137 0.8419830203056335 6589
1751227306000 0.6495404839515686 6590
1751227307015 1.0240072011947632 6591
1751227308011 0.795985996723175 6592
1751227309003 0.5035452246665955 6593
1751227310040 1.3429079055786133 6594
1751227311308 1.5787341594696045 6595
1751227312169 0.7772054672241211 6596
1751227313150 1.2880018949508667 6597
1751227314251 1.591443657875061 6598
1751227315429 1.1143001317977905 6599
1751227316454 1.1030892133712769 6600
1751227317483 0.7543115615844727 6601
1751227318504 0.6339532136917114 6602
1751227319515 0.9439411163330078 6603
1751227320362 1.302849531173706 6604
1751227321352 0.6823927760124207 6605
1751227322335 0.7595449090003967 6606
1751227323307 0.5769957900047302 6607
1751227324292 0.5531038641929626 6608
1751227325296 0.5343379378318787 6609
1751227326274 0.9063690304756165 6610
1751227327315 0.5904898047447205 6611
1751227328594 0.8328774571418762 6612
1751227329671 0.6723387837409973 6613
1751227330656 1.0936033725738525 6614
1751227331667 0.9890519976615906 6615
1751227332695 0.8368320465087891 6616
1751227333520 1.2855066061019897 6617
1751227334501 0.46490415930747986 6618
1751227335470 0.5192988514900208 6619
1751227336458 0.39350423216819763 6620
1751227337314 3.9039406776428223 6621
1751227338400 0.4619917571544647 6622
1751227339424 0.8146129846572876 6623
1751227340443 0.9581487774848938 6624
1751227341436 0.6356920599937439 6625
1751227342456 0.5773592591285706 6626
1751227343430 0.6105640530586243 6627
1751227344425 0.6951661109924316 6628
1751227345316 1.4082417488098145 6629
1751227346338 1.160169005393982 6630
1751227347636 0.982487678527832 6631
1751227348641 1.058363914489746 6632
1751227349627 0.6049643754959106 6633
1751227350612 0.813105046749115 6634
1751227351501 0.9781450629234314 6635
1751227352487 0.9776765704154968 6636
1751227353503 0.8215605616569519 6637
1751227354521 1.08828866481781 6638
1751227355524 0.5777825713157654 6639
1751227356565 2.2690181732177734 6640
1751227357620 0.7035133242607117 6641
1751227358609 0.5085684657096863 6642
1751227359612 0.6684325337409973 6643
1751227360612 1.3459348678588867 6644
1751227361482 2.154475450515747 6645
1751227362502 0.6002238392829895 6646
1751227363516 0.438086599111557 6647
1751227364363 1.0481233596801758 6648
1751227365269 0.8329828381538391 6649
1751227366294 1.0955657958984375 6650
1751227367296 0.9978155493736267 6651
1751227368595 0.9220495223999023 6652
1751227369569 0.652651309967041 6653
1751227370589 0.6753124594688416 6654
1751227371630 0.7960739135742188 6655
1751227372481 0.9244433641433716 6656
1751227373462 0.8405928015708923 6657
1751227374459 0.6590036153793335 6658
1751227375497 0.7759034037590027 6659
1751227376566 0.8512796759605408 6660
1751227377590 0.5218055844306946 6661
1751227378747 1.084954023361206 6662
1751227379826 0.9537839889526367 6663
1751227380862 0.6212297677993774 6664
1751227381845 0.5344682335853577 6665
1751227382880 0.8038361668586731 6666
1751227383881 0.5435601472854614 6667
1751227384904 0.9070802927017212 6668
1751227386217 1.1764463186264038 6669
1751227387229 1.1044886112213135 6670
1751227388282 0.556946873664856 6671
1751227389247 0.7167274951934814 6672
1751227390248 0.9203947186470032 6673
1751227391293 0.6920303702354431 6674
1751227392330 0.9200666546821594 6675
1751227393339 0.10702352225780487 6676
1751227394349 0.9218143820762634 6677
1751227395515 1.3753160238265991 6678
1751227396554 0.7333342432975769 6679
1751227397580 0.7541040778160095 6680
1751227398588 1.162842869758606 6681
1751227399573 1.6853798627853394 6682
1751227400433 0.9141601920127869 6683
1751227401426 0.715117335319519 6684
1751227402434 0.8492223620414734 6685
1751227403464 1.7375564575195312 6686
1751227404743 0.5184164643287659 6687
1751227405761 0.7376951575279236 6688
1751227406759 0.6939491629600525 6689
1751227407755 1.0905144214630127 6690
1751227408756 1.030340313911438 6691
1751227409756 0.8081653714179993 6692
1751227410787 0.9645682573318481 6693
1751227411922 0.9677445292472839 6694
1751227412942 0.848483681678772 6695
1751227413970 0.9111305475234985 6696
1751227415017 0.9167577624320984 6697
1751227416043 0.8049249649047852 6698
1751227417076 0.7626545429229736 6699
1751227418126 0.7954416275024414 6700
1751227419169 0.5109241008758545 6701
1751227420025 1.2259180545806885 6702
1751227420908 1.1040436029434204 6703
1751227421743 0.6550275683403015 6704
1751227423042 0.5454479455947876 6705
1751227424071 0.49185916781425476 6706
1751227424924 1.523552656173706 6707
1751227425956 0.7938069105148315 6708
1751227426944 0.7274457216262817 6709
1751227427960 0.6148489117622375 6710
1751227428977 1.4287543296813965 6711
1751227429858 1.1269466876983643 6712
1751227430856 1.2306824922561646 6713
1751227431856 0.7368143796920776 6714
1751227432867 0.7473220825195312 6715
1751227433863 1.2699264287948608 6716
1751227434906 0.8351297378540039 6717
1751227435947 0.6272169947624207 6718
1751227436786 1.1257022619247437 6719
1751227437783 0.8098573684692383 6720
1751227438782 0.8996866345405579 6721
1751227439833 0.7599453330039978 6722
1751227441080 1.074286699295044 6723
1751227442043 1.208869218826294 6724
1751227443067 0.6421310305595398 6725
1751227444068 0.7549163103103638 6726
1751227445058 0.8177614212036133 6727
1751227446046 0.7687719464302063 6728
1751227447031 0.4390416145324707 6729
1751227448006 0.7125743627548218 6730
1751227449021 0.87420254945755 6731
1751227450005 2.3167502880096436 6732
1751227451023 0.6741928458213806 6733
1751227452062 0.39411842823028564 6734
1751227453074 0.7736865878105164 6735
1751227453968 1.5843396186828613 6736
1751227455012 0.5787861943244934 6737
1751227456022 0.9109177589416504 6738
1751227456996 0.7032425999641418 6739
1751227457970 0.317847341299057 6740
1751227459264 1.0807687044143677 6741
1751227460243 0.9544141292572021 6742
1751227461212 0.90400630235672 6743
1751227462205 0.5557229518890381 6744
1751227463187 1.2810534238815308 6745
1751227464193 1.1426372528076172 6746
1751227465187 0.7479276061058044 6747
1751227466259 0.9870107769966125 6748
1751227467374 0.9024322628974915 6749
1751227468381 0.8800014853477478 6750
1751227469448 0.8898205161094666 6751
1751227470430 0.7954062819480896 6752
1751227471340 0.8842711448669434 6753
1751227472347 0.4433448910713196 6754
1751227473221 1.034641146659851 6755
1751227474221 1.6033706665039062 6756
1751227475244 0.745205819606781 6757
1751227476462 1.7856730222702026 6758
1751227477451 0.8452734351158142 6759
1751227478464 1.1688292026519775 6760
1751227479490 0.7121264338493347 6761
1751227480496 1.6110479831695557 6762
1751227481540 0.708440363407135 6763
1751227482528 0.74880450963974 6764
1751227483549 0.6932541728019714 6765
1751227484726 1.1398626565933228 6766
1751227485784 1.1470879316329956 6767
1751227486626 1.2025419473648071 6768
1751227487678 0.8606144189834595 6769
1751227488695 0.5534707903862 6770
1751227489678 0.8466920852661133 6771
1751227490744 1.1358426809310913 6772
1751227491772 0.1189025491476059 6773
1751227492790 0.8132637143135071 6774
1751227493764 0.7632548213005066 6775
1751227495013 0.0792446956038475 6776
1751227496004 0.7438151836395264 6777
1751227497089 0.6165367960929871 6778
1751227497953 0.7691998481750488 6779
1751227498825 2.52341628074646 6780
1751227499962 0.5909759402275085 6781
1751227501092 1.1017026901245117 6782
1751227502098 0.26447442173957825 6783
1751227503089 0.8327327966690063 6784
1751227504066 0.7925359606742859 6785
1751227505037 0.6281023025512695 6786
1751227506052 0.7536487579345703 6787
1751227507070 0.7357038855552673 6788
1751227508090 0.787478506565094 6789
1751227509110 0.9747295379638672 6790
1751227510116 0.694714367389679 6791
1751227511118 0.7735223770141602 6792
1751227512352 0.7617260813713074 6793
1751227513357 0.9388310313224792 6794
1751227514365 0.9641090631484985 6795
1751227515354 1.0436034202575684 6796
1751227516320 0.9464571475982666 6797
1751227517307 0.6571313738822937 6798
1751227518372 0.5328840017318726 6799
1751227519231 1.444921851158142 6800
1751227520255 1.1040576696395874 6801
1751227521252 0.6728426814079285 6802
1751227522342 1.0170248746871948 6803
1751227523332 0.646230161190033 6804
1751227524328 0.7547093629837036 6805
1751227525365 1.012282371520996 6806
1751227526359 0.6955066919326782 6807
1751227527219 1.238125205039978 6808
1751227528240 1.0557721853256226 6809
1751227529211 0.8102990984916687 6810
1751227530484 0.6350518465042114 6811
1751227531506 0.7106544375419617 6812
1751227532488 0.9417763948440552 6813
1751227533483 0.7866052985191345 6814
1751227534496 0.7440820336341858 6815
1751227535545 1.0279512405395508 6816
1751227536514 0.5832985043525696 6817
1751227537536 0.5723347067832947 6818
1751227538544 0.7903829216957092 6819
1751227539539 0.8002964854240417 6820
1751227540523 0.5009597539901733 6821
1751227541528 0.8984350562095642 6822
1751227542530 0.9669682383537292 6823
1751227543525 0.7890998721122742 6824
1751227544529 0.6476795077323914 6825
1751227545542 0.5673217177391052 6826
1751227546561 0.7799745798110962 6827
1751227547576 0.6744838953018188 6828
1751227548855 0.883450984954834 6829
1751227549874 1.2669752836227417 6830
1751227550860 0.6818488240242004 6831
1751227551930 1.098404884338379 6832
1751227552918 0.10317005217075348 6833
1751227553941 1.1360582113265991 6834
1751227555055 0.5932926535606384 6835
1751227556208 1.4533929824829102 6836
1751227557220 0.6504543423652649 6837
1751227558235 0.5268893837928772 6838
1751227559229 0.44787296652793884 6839
1751227560239 0.5436267256736755 6840
1751227561132 0.9225956201553345 6841
1751227561998 1.1970411539077759 6842
1751227562979 0.7547525763511658 6843
1751227563994 0.7481583952903748 6844
1751227565060 0.9212360382080078 6845
1751227566287 1.8450390100479126 6846
1751227567438 0.7631523609161377 6847
1751227568287 0.7418451309204102 6848
1751227569210 1.0308433771133423 6849
1751227570260 0.6001591682434082 6850
1751227571286 0.629173219203949 6851
1751227572377 0.8916862607002258 6852
1751227573555 1.0041612386703491 6853
1751227574571 0.4978969693183899 6854
1751227575566 0.5512623190879822 6855
1751227576593 0.7083542943000793 6856
1751227577533 1.3825913667678833 6857
1751227578558 1.1117289066314697 6858
1751227579564 0.6147878766059875 6859
1751227580535 0.5140967965126038 6860
1751227581530 0.6165543794631958 6861
1751227582539 0.899941086769104 6862
1751227583564 0.5961324572563171 6863
1751227584835 0.6029331684112549 6864
1751227585847 0.8603469729423523 6865
1751227586931 1.1876518726348877 6866
1751227588003 1.0677119493484497 6867
1751227589014 0.920074462890625 6868
1751227590126 0.05384819582104683 6869
1751227591244 0.6872168779373169 6870
1751227592290 1.2912670373916626 6871
1751227593287 0.36793771386146545 6872
1751227594316 0.38407883048057556 6873
1751227595283 0.6327036023139954 6874
1751227596149 0.7863380908966064 6875
1751227597152 1.0276483297348022 6876
1751227598154 1.6865171194076538 6877
1751227599167 0.8204779624938965 6878
1751227600217 0.7478121519088745 6879
1751227601229 0.6638950705528259 6880
1751227602467 0.8225817680358887 6881
1751227603522 0.7446106672286987 6882
1751227604498 0.969636857509613 6883
1751227605567 0.8347694277763367 6884
1751227606441 0.5328024625778198 6885
1751227607469 0.6968364119529724 6886
1751227608479 0.5742430686950684 6887
1751227609481 1.0040205717086792 6888
1751227610522 1.0003448724746704 6889
1751227611524 0.6256190538406372 6890
1751227612511 1.0844709873199463 6891
1751227613564 0.9362091422080994 6892
1751227614571 0.8658923506736755 6893
1751227615641 0.5433940291404724 6894
1751227616670 0.7526578307151794 6895
1751227617660 1.5050867795944214 6896
1751227618573 1.4774984121322632 6897
1751227619593 1.1601066589355469 6898
1751227620860 0.48459765315055847 6899
1751227621926 0.586407482624054 6900
1751227622926 1.4273775815963745 6901
1751227623934 0.6591194272041321 6902
1751227624977 1.1049535274505615 6903
1751227625964 0.857781708240509 6904
1751227626938 0.6433154940605164 6905
1751227627956 0.7984151244163513 6906
1751227628942 0.7580310106277466 6907
1751227629941 0.7693789601325989 6908
1751227630923 1.1352118253707886 6909
1751227631965 1.0647451877593994 6910
1751227632962 1.1557830572128296 6911
1751227633966 0.9223958253860474 6912
1751227634839 1.3259572982788086 6913
1751227635838 1.1753934621810913 6914
1751227636677 1.3226161003112793 6915
1751227637655 0.5328171849250793 6916
1751227638961 0.8735339045524597 6917
1751227639804 1.175810694694519 6918
1751227640808 0.6577300429344177 6919
1751227641852 0.922877311706543 6920
1751227642882 1.0068448781967163 6921
1751227643744 0.4908057153224945 6922
1751227644757 0.6742193102836609 6923
1751227645885 0.9520658850669861 6924
1751227646917 1.159784197807312 6925
1751227647933 0.6976564526557922 6926
1751227648807 1.2849947214126587 6927
1751227649779 0.7440850138664246 6928
1751227650773 1.1126734018325806 6929
1751227651805 1.0084794759750366 6930
1751227652831 0.5006864070892334 6931
1751227653843 0.7563953995704651 6932
1751227654861 1.0686053037643433 6933
1751227656180 0.6014512181282043 6934
1751227657179 1.6264305114746094 6935
1751227658171 1.7199124097824097 6936
1751227659164 0.4385877549648285 6937
1751227660240 1.7005589008331299 6938
1751227661107 0.5813155174255371 6939
1751227662149 0.7376176118850708 6940
1751227663244 0.8531438112258911 6941
1751227664247 0.44193318486213684 6942
1751227665230 0.8555494546890259 6943
1751227666222 0.5705790519714355 6944
1751227667212 1.3941503763198853 6945
1751227668181 0.8655104041099548 6946
1751227669181 1.3474282026290894 6947
1751227670186 0.8667911291122437 6948
1751227671177 1.076959252357483 6949
1751227672166 0.8435922861099243 6950
1751227673201 0.7811080813407898 6951
1751227674466 0.4918568730354309 6952
1751227675485 0.9685159921646118 6953
1751227676492 0.6789617538452148 6954
1751227677341 0.8444325923919678 6955
1751227678323 0.8307587504386902 6956
1751227679365 1.5234222412109375 6957
1751227680530 0.931037425994873 6958
1751227681540 1.0399503707885742 6959
1751227682575 0.7542712092399597 6960
1751227683559 1.4388141632080078 6961
1751227684433 0.7566690444946289 6962
1751227685416 1.2139978408813477 6963
1751227686468 1.937050223350525 6964
1751227687431 0.7006638646125793 6965
1751227688461 0.6558310389518738 6966
1751227689336 1.1661735773086548 6967
1751227690329 0.7238451838493347 6968
1751227691646 1.559090256690979 6969
1751227692654 0.7104615569114685 6970
1751227693630 1.176113247871399 6971
1751227694623 0.6000387072563171 6972
1751227695611 0.6723043322563171 6973
1751227696590 0.6240841150283813 6974
1751227697432 1.8133491277694702 6975
1751227698403 0.45896512269973755 6976
1751227699401 0.8883110284805298 6977
1751227700407 1.0705522298812866 6978
1751227701329 0.7035624980926514 6979
1751227702314 0.5741178393363953 6980
1751227703361 0.808952271938324 6981
1751227704334 1.3128116130828857 6982
1751227705312 0.7703450322151184 6983
1751227706316 0.7325100898742676 6984
1751227707319 0.6487184762954712 6985
1751227708331 1.1582727432250977 6986
1751227709667 0.660679042339325 6987
1751227710691 0.6319333910942078 6988
1751227711693 0.376953661441803 6989
1751227712684 0.9350412487983704 6990
1751227713710 1.542055368423462 6991
1751227714709 0.8283325433731079 6992
1751227715755 1.3620316982269287 6993
1751227716729 1.2413634061813354 6994
1751227717719 1.304914951324463 6995
1751227718735 0.445591539144516 6996
1751227719720 0.7010902762413025 6997
1751227720761 0.49423786997795105 6998
1751227721767 2.2061283588409424 6999
1751227722742 1.4233680963516235 7000
1751227723737 0.6554310321807861 7001
1751227724768 0.6527895331382751 7002
1751227725768 0.2262888252735138 7003
1751227726753 0.9939934015274048 7004
1751227727911 1.119703769683838 7005
1751227728883 1.1991130113601685 7006
1751227729949 0.8070902228355408 7007
1751227730792 1.314526915550232 7008
1751227731654 2.320460557937622 7009
1751227732629 0.6727932095527649 7010
1751227733682 0.7823576927185059 7011
1751227734671 0.672723650932312 7012
1751227735629 0.28969913721084595 7013
1751227736625 1.1905899047851562 7014
1751227737618 0.6472956538200378 7015
1751227738626 1.2361420392990112 7016
1751227739648 0.7618356347084045 7017
1751227740646 0.7400469779968262 7018
1751227741664 0.9157783389091492 7019
1751227742798 0.5505594611167908 7020
1751227743838 1.2013581991195679 7021
1751227744843 0.5240408778190613 7022
1751227746219 0.7790650725364685 7023
1751227747224 0.9437586069107056 7024
1751227748226 0.8922735452651978 7025
1751227749210 0.5817569494247437 7026
1751227750240 1.618027925491333 7027
1751227751243 0.6388144493103027 7028
1751227752220 0.530707836151123 7029
1751227753213 0.7593125104904175 7030
1751227754200 0.8347957134246826 7031
1751227755209 1.261365294456482 7032
1751227756223 0.5898452997207642 7033
1751227757240 1.0636318922042847 7034
1751227758245 0.557002067565918 7035
1751227759258 0.5824791789054871 7036
1751227760443 0.7887706160545349 7037
1751227761481 0.9215859770774841 7038
1751227762455 0.9348970055580139 7039
1751227763769 0.5152153968811035 7040
1751227764783 0.8382129073143005 7041
1751227765804 0.6733362674713135 7042
1751227766730 0.6343461275100708 7043
1751227767733 0.9005019068717957 7044
1751227768701 0.845710277557373 7045
1751227769720 0.3106526732444763 7046
1751227770717 0.20689450204372406 7047
1751227771732 1.058214545249939 7048
1751227772730 0.6470695734024048 7049
1751227773736 0.632982075214386 7050
1751227774782 0.680480420589447 7051
1751227775720 1.3864668607711792 7052
1751227776846 0.7497668862342834 7053
1751227777862 0.6185593605041504 7054
1751227778856 1.181351900100708 7055
1751227779852 1.7417763471603394 7056
1751227781119 0.5149034261703491 7057
1751227782192 0.9703680872917175 7058
1751227783190 0.617101788520813 7059
1751227784185 1.2484947443008423 7060
1751227785151 0.8038801550865173 7061
1751227786155 0.9164426922798157 7062
1751227787180 1.371187448501587 7063
1751227788177 0.3803836405277252 7064
1751227789162 0.817908763885498 7065
1751227790232 0.8089495897293091 7066
1751227791254 0.7901609539985657 7067
1751227792275 1.015628457069397 7068
1751227793292 0.584560751914978 7069
1751227794311 0.7352988123893738 7070
1751227795311 0.7558977007865906 7071
1751227796404 0.07607349008321762 7072
1751227797428 1.2192020416259766 7073
1751227798728 1.0915662050247192 7074
1751227799723 1.1487162113189697 7075
1751227800731 0.7500675320625305 7076
1751227801735 0.6246020197868347 7077
1751227802741 0.9991551637649536 7078
1751227803727 0.6078084707260132 7079
1751227804787 0.9363260269165039 7080
1751227805808 0.8010388612747192 7081
1751227806846 1.3540713787078857 7082
1751227807863 0.5065719485282898 7083
1751227808852 0.7505014538764954 7084
1751227809885 1.0317763090133667 7085
1751227810860 0.5611059069633484 7086
1751227811854 0.7078620195388794 7087
1751227812845 1.1930696964263916 7088
1751227813843 0.7755271196365356 7089
1751227815122 0.7454256415367126 7090
1751227816122 0.9729345440864563 7091
1751227817109 1.3589590787887573 7092
1751227818132 0.5612400770187378 7093
1751227819159 0.6783725619316101 7094
1751227820164 0.13733205199241638 7095
1751227821129 0.7537505030632019 7096
1751227821998 0.29343369603157043 7097
1751227822980 0.8277511596679688 7098
1751227824016 1.0587513446807861 7099
1751227825026 0.2907473146915436 7100
1751227826011 0.4766281247138977 7101
1751227826986 0.810242772102356 7102
1751227827987 0.43997761607170105 7103
1751227829005 1.0488680601119995 7104
1751227829881 0.6061739921569824 7105
1751227830892 0.5764284133911133 7106
1751227832208 0.9909654855728149 7107
1751227833225 0.7994550466537476 7108
1751227834247 1.022560715675354 7109
1751227835319 0.6516699194908142 7110
1751227836320 0.4570804536342621 7111
1751227837460 0.7229350805282593 7112
1751227838613 1.0100946426391602 7113
1751227839545 1.0402004718780518 7114
1751227840551 0.8709515929222107 7115
1751227841491 1.019389271736145 7116
1751227842483 0.602104127407074 7117
1751227843450 0.4610064625740051 7118
1751227844490 1.1726915836334229 7119
1751227845530 1.1614035367965698 7120
1751227846520 0.5035481452941895 7121
1751227847537 0.7222678065299988 7122
1751227848398 1.6504662036895752 7123
1751227849676 1.6737349033355713 7124
1751227850700 0.592891275882721 7125
1751227851718 0.7285937070846558 7126
1751227852612 0.8867952227592468 7127
1751227853602 1.1397554874420166 7128
1751227854598 0.6582043766975403 7129
1751227855673 0.894780158996582 7130
1751227856831 0.5498485565185547 7131
1751227857865 1.3782333135604858 7132
1751227858740 0.8931121826171875 7133
1751227859663 0.7498655915260315 7134
1751227860686 1.4184547662734985 7135
1751227861709 0.1195436492562294 7136
1751227862704 0.8805805444717407 7137
1751227863729 0.9932656288146973 7138
1751227864769 0.7759188413619995 7139
1751227865749 0.5334283113479614 7140
1751227867028 0.6399396061897278 7141
1751227868048 0.9990944862365723 7142
1751227869054 0.5206832885742188 7143
1751227870079 0.7530669569969177 7144
1751227871120 1.001937747001648 7145
1751227872184 1.0554957389831543 7146
1751227873308 0.914418637752533 7147
1751227874309 0.34811440110206604 7148
1751227875169 1.2298545837402344 7149
1751227876183 0.7347785830497742 7150
1751227877258 0.25885772705078125 7151
1751227878294 0.6448465585708618 7152
1751227879298 0.5657109618186951 7153
1751227880280 0.7180306315422058 7154
1751227881282 0.6994059085845947 7155
1751227882339 0.4967198371887207 7156
1751227883661 1.3564432859420776 7157
1751227884691 0.9700514674186707 7158
1751227885688 0.3336964547634125 7159
1751227886700 0.7209967970848083 7160
1751227887725 1.0836174488067627 7161
1751227888730 0.552649199962616 7162
1751227889738 0.669590413570404 7163
1751227890621 1.0482348203659058 7164
1751227891638 0.20494668185710907 7165
1751227892683 0.462648868560791 7166
1751227893684 1.0661083459854126 7167
1751227894709 1.5526641607284546 7168
1751227895734 0.7777087092399597 7169
1751227896714 2.1827123165130615 7170
1751227897744 0.8357934951782227 7171
1751227898764 0.46945619583129883 7172
1751227899774 0.5550126433372498 7173
1751227901068 0.7489498257637024 7174
1751227901959 0.8039125800132751 7175
1751227902972 0.12235985696315765 7176
1751227903968 0.45418021082878113 7177
1751227904957 1.3032444715499878 7178
1751227905956 0.602444589138031 7179
1751227906852 0.7908148169517517 7180
1751227907827 0.6265480518341064 7181
1751227908820 0.9408836364746094 7182
1751227909835 0.6689215302467346 7183
1751227910841 1.1867177486419678 7184
1751227911827 0.8545129895210266 7185
1751227912830 1.085426688194275 7186
1751227913828 0.7547564506530762 7187
1751227914898 0.5813568830490112 7188
1751227915929 0.5300227403640747 7189
1751227916806 0.9923239946365356 7190
1751227918089 1.1831538677215576 7191
1751227919065 2.2211270332336426 7192
1751227920056 0.9151148796081543 7193
1751227921076 0.9636516571044922 7194
1751227922128 1.1964975595474243 7195
1751227923186 1.09474515914917 7196
1751227924178 0.688201367855072 7197
1751227925169 0.5607981085777283 7198
1751227926164 0.7999271154403687 7199
1751227927175 0.5903830528259277 7200
1751227979394 1.0416200160980225 7201
1751227980376 0.6906930804252625 7202
1751227981387 0.7688159346580505 7203
1751227982379 0.742210328578949 7204
1751227983369 0.8395516276359558 7205
1751227984415 0.8173540234565735 7206
1751227985406 0.7199856638908386 7207
1751227986677 0.7739542126655579 7208
1751227987671 0.8905505537986755 7209
1751227988673 1.3141614198684692 7210
1751227989696 0.6021140813827515 7211
1751227990696 0.33151358366012573 7212
1751227991548 1.016796350479126 7213
1751227992640 0.8202361464500427 7214
1751227993643 1.0635532140731812 7215
1751227994498 1.1363881826400757 7216
1751227995488 2.542222261428833 7217
1751227996479 1.096704363822937 7218
1751227997521 0.9809075593948364 7219
1751227998554 1.172743320465088 7220
1751227999642 0.5878252983093262 7221
1751228000675 1.1494358777999878 7222
1751228001693 0.976413905620575 7223
1751228003012 0.9038578271865845 7224
1751228004044 0.9051503539085388 7225
1751228005059 0.43629366159439087 7226
1751228005923 0.8364192843437195 7227
1751228006775 0.7504959106445312 7228
1751228007786 0.7322341203689575 7229
1751228008764 0.7670912146568298 7230
1751228009802 0.7920987010002136 7231
1751228010803 0.5448725819587708 7232
1751228011810 0.702095627784729 7233
1751228012828 0.6664683222770691 7234
1751228013814 0.7419320940971375 7235
1751228014808 0.6464964151382446 7236
1751228015803 1.4267570972442627 7237
1751228016865 1.1248964071273804 7238
1751228017716 1.6264435052871704 7239
1751228018723 0.8445248007774353 7240
1751228020050 0.593095600605011 7241
1751228021033 1.3030730485916138 7242
1751228022044 1.0008734464645386 7243
1751228022921 1.0873383283615112 7244
1751228023932 0.47241559624671936 7245
1751228024974 1.4491888284683228 7246
1751228026165 1.080511450767517 7247
1751228027091 0.8253991007804871 7248
1751228028091 0.6106805205345154 7249
1751228029095 0.6997684240341187 7250
1751228030094 0.6625664830207825 7251
1751228031080 0.790117621421814 7252
1751228032069 1.1760900020599365 7253
1751228033066 0.5986093878746033 7254
1751228034050 1.131227731704712 7255
1751228035048 1.4614030122756958 7256
1751228036088 0.6632282137870789 7257
1751228037441 1.0203312635421753 7258
1751228038481 0.7690051198005676 7259
1751228039484 0.7009982466697693 7260
1751228040495 0.5778273940086365 7261
1751228041497 1.1031311750411987 7262
1751228042680 1.2475861310958862 7263
1751228043804 0.753196120262146 7264
1751228044799 0.3970574140548706 7265
1751228045814 0.9024883508682251 7266
1751228046848 0.6159025430679321 7267
1751228047859 0.7931056022644043 7268
1751228048884 0.7286950349807739 7269
1751228049797 0.8995952010154724 7270
1751228050815 0.8217148184776306 7271
1751228051675 1.0182873010635376 7272
1751228052735 0.5875329375267029 7273
1751228053986 1.1095901727676392 7274
1751228055035 1.0146713256835938 7275
1751228056022 0.7357403635978699 7276
1751228057035 0.8020512461662292 7277
1751228058060 1.1816595792770386 7278
1751228059063 0.9302889108657837 7279
1751228060222 0.6999031901359558 7280
1751228061276 0.9133041501045227 7281
1751228062265 1.1386198997497559 7282
1751228063266 0.8626976013183594 7283
1751228064295 1.7169487476348877 7284
1751228065309 1.341133952140808 7285
1751228066313 0.9108826518058777 7286
1751228067324 0.9538635611534119 7287
1751228068314 1.1425734758377075 7288
1751228069190 1.8303722143173218 7289
1751228070190 0.8037506937980652 7290
1751228071472 0.6020857095718384 7291
1751228072463 0.7411205172538757 7292
1751228073479 0.6448447704315186 7293
1751228074520 0.7557369470596313 7294
1751228075592 0.7639721632003784 7295
1751228076588 1.3285139799118042 7296
1751228077581 0.6394410133361816 7297
1751228078563 0.018888138234615326 7298
1751228079583 0.7331519722938538 7299
1751228080643 1.0900604724884033 7300
1751228081623 0.7172603011131287 7301
1751228082670 0.9571244120597839 7302
1751228083519 0.7913413047790527 7303
1751228084562 1.1184788942337036 7304
1751228085491 0.18592065572738647 7305
1751228086524 0.7388774156570435 7306
1751228087688 1.3761180639266968 7307
1751228088671 1.9514045715332031 7308
1751228089676 0.44211244583129883 7309
1751228090750 0.7111343741416931 7310
1751228091602 2.692107915878296 7311
1751228092582 1.1589943170547485 7312
1751228093616 1.0022907257080078 7313
1751228094629 0.7074170112609863 7314
1751228095622 0.6442387104034424 7315
1751228096468 1.1017227172851562 7316
1751228097475 0.47128424048423767 7317
1751228098554 1.0566729307174683 7318
1751228099547 0.6057159304618835 7319
1751228100571 0.7741941213607788 7320
1751228101627 1.0626455545425415 7321
1751228102685 1.6158561706542969 7322
1751228103990 0.7801371216773987 7323
1751228104983 0.7199840545654297 7324
1751228105954 1.036982536315918 7325
1751228106826 0.7280235290527344 7326
1751228107847 0.9124232530593872 7327
1751228108864 1.2197716236114502 7328
1751228109855 0.43693071603775024 7329
1751228110842 1.1798843145370483 7330
1751228111840 0.8572120666503906 7331
1751228112826 0.88489830493927 7332
1751228113821 0.7245825529098511 7333
1751228114922 0.6591028571128845 7334
1751228115946 0.4999938905239105 7335
1751228116888 0.30624449253082275 7336
1751228117751 1.3392404317855835 7337
1751228118786 0.6135812997817993 7338
1751228119783 0.5923096537590027 7339
1751228120965 0.7172123193740845 7340
1751228121992 0.9348917007446289 7341
1751228122999 0.9676515460014343 7342
1751228124028 0.6907473206520081 7343
1751228125060 0.7783500552177429 7344
1751228126030 1.203590750694275 7345
1751228126910 1.0264548063278198 7346
1751228127918 0.6675378084182739 7347
1751228128960 0.8462080359458923 7348
1751228130069 4.159820079803467 7349
1751228131106 0.822084367275238 7350
1751228132063 0.7343375086784363 7351
1751228133215 0.6460944414138794 7352
1751228134252 0.5733311772346497 7353
1751228135253 0.7680074572563171 7354
1751228136241 1.199318528175354 7355
1751228137118 0.6656519770622253 7356
1751228138417 0.7703059911727905 7357
1751228139443 0.3874315917491913 7358
1751228140427 0.6495421528816223 7359
1751228141434 0.5945465564727783 7360
1751228142451 0.790073812007904 7361
1751228143457 0.6871086359024048 7362
1751228144462 0.588845431804657 7363
1751228145464 0.6265184283256531 7364
1751228146467 1.6273298263549805 7365
1751228147478 0.45706063508987427 7366
1751228148468 0.9007789492607117 7367
1751228149633 0.16805526614189148 7368
1751228150597 0.8213664889335632 7369
1751228151579 0.7691828608512878 7370
1751228152585 1.6266006231307983 7371
1751228153558 1.1771477460861206 7372
1751228154831 1.0574753284454346 7373
1751228155798 3.401733875274658 7374
1751228156847 1.0142570734024048 7375
1751228157849 1.309926986694336 7376
1751228158822 0.9458387494087219 7377
1751228159828 2.221513509750366 7378
1751228160892 0.6765975952148438 7379
1751228161782 1.3838927745819092 7380
1751228162793 0.6217362880706787 7381
1751228163783 0.6329285502433777 7382
1751228164776 0.804244339466095 7383
1751228165779 0.7384956479072571 7384
1751228166797 0.55463707447052 7385
1751228167785 1.5396579504013062 7386
1751228168810 0.5976657867431641 7387
1751228169827 0.6373757719993591 7388
1751228171122 0.6359326839447021 7389
1751228172111 0.8766511082649231 7390
1751228173105 0.7200475931167603 7391
1751228174018 1.6774742603302002 7392
1751228175028 0.7759405374526978 7393
1751228176016 0.8863250017166138 7394
1751228176932 0.9543828964233398 7395
1751228178015 0.906131386756897 7396
1751228179073 1.4167879819869995 7397
1751228180162 0.6304113864898682 7398
1751228181183 0.42203620076179504 7399
1751228182181 0.8076247572898865 7400
1751228183163 0.6881272792816162 7401
1751228184198 1.0616228580474854 7402
1751228185242 0.8592937588691711 7403
1751228186246 0.8392862677574158 7404
1751228187238 0.7054011821746826 7405
1751228188493 0.9008253216743469 7406
1751228189526 0.6252886056900024 7407
1751228190507 1.1023672819137573 7408
1751228191506 0.7772154211997986 7409
1751228192543 0.5310486555099487 7410
1751228193545 0.7311128973960876 7411
1751228194580 0.7989553213119507 7412
1751228195598 0.7162994146347046 7413
1751228196591 0.8282799124717712 7414
1751228197623 1.1010141372680664 7415
1751228198642 0.8695231676101685 7416
1751228199508 0.8873628973960876 7417
1751228200522 0.8672022223472595 7418
1751228201395 0.3268432021141052 7419
1751228202374 0.7869532108306885 7420
1751228203666 0.9492369890213013 7421
1751228204667 0.568709671497345 7422
1751228205655 0.5713263750076294 7423
1751228206696 0.9912271499633789 7424
1751228207715 0.9707955718040466 7425
1751228208718 0.9743224382400513 7426
1751228209718 0.7621352672576904 7427
1751228210756 0.8776922225952148 7428
1751228211752 0.6586807370185852 7429
1751228212830 1.100016713142395 7430
1751228214024 0.825545608997345 7431
1751228214932 0.9246603846549988 7432
1751228215827 1.5482896566390991 7433
1751228216814 1.2700434923171997 7434
1751228217871 1.0079210996627808 7435
1751228219182 0.5183002352714539 7436
1751228220173 0.9281935095787048 7437
1751228221168 0.6542288661003113 7438
1751228222063 2.7033326625823975 7439
1751228222935 0.5294963121414185 7440
1751228223966 1.2073442935943604 7441
1751228224972 0.9719597697257996 7442
1751228225982 0.7827672362327576 7443
1751228226966 0.7844642996788025 7444
1751228227974 0.8147627115249634 7445
1751228228985 0.722989559173584 7446
1751228230084 0.7994125485420227 7447
1751228231075 1.0066288709640503 7448
1751228232185 1.363250970840454 7449
1751228233228 2.2204108238220215 7450
1751228234069 0.7849040627479553 7451
1751228235375 0.865134060382843 7452
1751228236388 0.8993608355522156 7453
1751228237383 0.9187149405479431 7454
1751228238382 0.8891436457633972 7455
1751228239443 0.5499959588050842 7456
1751228240416 0.7542961239814758 7457
1751228241398 0.195440873503685 7458
1751228242434 1.2421190738677979 7459
1751228243424 0.9744394421577454 7460
1751228244438 0.8884418606758118 7461
1751228245443 0.74409419298172 7462
1751228246553 0.6551017761230469 7463
1751228247668 0.26984456181526184 7464
1751228248682 0.5890297293663025 7465
1751228249591 1.3541630506515503 7466
1751228250634 1.7425693273544312 7467
1751228251953 0.7290512919425964 7468
1751228253019 0.8059911131858826 7469
1751228254001 1.133423089981079 7470
1751228255030 0.9564838409423828 7471
1751228256029 0.7141270637512207 7472
1751228257018 0.7256875038146973 7473
1751228258017 0.8028042912483215 7474
1751228259023 0.6104179620742798 7475
1751228259909 0.792259156703949 7476
1751228260927 0.47082602977752686 7477
1751228261940 0.5562257170677185 7478
1751228262935 0.4412282407283783 7479
1751228263935 0.4170595705509186 7480
1751228264996 1.3166640996932983 7481
1751228265891 0.9511353373527527 7482
1751228267149 0.8482452630996704 7483
1751228268112 0.7556341886520386 7484
1751228269117 0.5836386680603027 7485
1751228270084 0.7020416259765625 7486
1751228271102 1.12109375 7487
1751228272118 0.6485434770584106 7488
1751228272976 1.7060962915420532 7489
1751228274016 1.011472225189209 7490
1751228275051 0.7988900542259216 7491
1751228275909 0.9794370532035828 7492
1751228276926 1.104293704032898 7493
1751228277961 0.8211727142333984 7494
1751228278941 0.6840752959251404 7495
1751228279947 0.5646041035652161 7496
1751228280942 0.5764777064323425 7497
1751228282215 0.8917562365531921 7498
1751228283239 1.1178104877471924 7499
1751228284283 1.6328920125961304 7500
1751228285347 0.8030658960342407 7501
1751228286375 0.7215551733970642 7502
1751228287404 1.2693718671798706 7503
1751228288412 0.9978322386741638 7504
1751228289396 0.8024023175239563 7505
1751228290397 0.5302982330322266 7506
1751228291447 0.5410892367362976 7507
1751228292321 1.212876319885254 7508
1751228293351 0.824506402015686 7509
1751228294347 0.549368143081665 7510
1751228295348 0.7443127036094666 7511
1751228296404 0.752569854259491 7512
1751228297488 0.6378726363182068 7513
1751228298490 0.6677781343460083 7514
1751228299760 1.218304991722107 7515
1751228300812 1.3090394735336304 7516
1751228301861 1.016886830329895 7517
1751228303030 0.6790849566459656 7518
1751228304065 0.6510505080223083 7519
1751228304959 1.5788782835006714 7520
1751228305970 1.3390730619430542 7521
1751228306982 0.4089265465736389 7522
1751228307980 0.7787643671035767 7523
1751228309001 0.536566436290741 7524
1751228310017 0.7477699518203735 7525
1751228311023 1.0337247848510742 7526
1751228312045 0.8607725501060486 7527
1751228313084 1.164846658706665 7528
1751228314122 0.6727973222732544 7529
1751228315411 0.6420818567276001 7530
1751228316426 1.6790462732315063 7531
1751228317478 0.22189004719257355 7532
1751228318587 0.9591850638389587 7533
1751228319700 0.4953155517578125 7534
1751228320695 0.5762147307395935 7535
1751228321556 1.1961109638214111 7536
1751228322574 0.7432977557182312 7537
1751228323601 0.7395310401916504 7538
1751228324657 0.6906210780143738 7539
1751228325648 1.0418987274169922 7540
1751228326683 0.5496348142623901 7541
1751228327548 0.7248767614364624 7542
1751228328401 0.8101889491081238 7543
1751228329244 2.228872299194336 7544
1751228330243 0.9449812769889832 7545
1751228331603 0.5153657793998718 7546
1751228332605 0.9140244722366333 7547
1751228333589 0.8716011047363281 7548
1751228334618 0.7224425673484802 7549
1751228335762 0.8008230328559875 7550
1751228336779 0.6809281706809998 7551
1751228337758 0.8217923641204834 7552
1751228338787 0.9474779963493347 7553
1751228339768 0.8048394322395325 7554
1751228340799 0.23613162338733673 7555
1751228341821 0.9016591906547546 7556
1751228342838 0.5481393337249756 7557
1751228343700 1.6691139936447144 7558
1751228344705 1.2275184392929077 7559
1751228345723 0.6270589828491211 7560
1751228346734 0.7898113131523132 7561
1751228348019 0.7451428771018982 7562
1751228349032 0.7145119905471802 7563
1751228350079 0.7653089761734009 7564
1751228351055 0.642725944519043 7565
1751228352091 0.6014798283576965 7566
1751228353100 0.9246926307678223 7567
1751228354084 1.1625337600708008 7568
1751228355074 0.3333756625652313 7569
1751228356121 1.0535305738449097 7570
1751228357128 0.5668957829475403 7571
1751228358155 1.0222198963165283 7572
1751228359132 0.5356945991516113 7573
1751228360165 0.746269166469574 7574
1751228361166 0.7714269161224365 7575
1751228362161 1.1848070621490479 7576
1751228363454 0.5708255171775818 7577
1751228364481 1.8612251281738281 7578
1751228365485 1.0851826667785645 7579
1751228366479 0.3815096914768219 7580
1751228367478 0.6630016565322876 7581
1751228368490 0.7689635157585144 7582
1751228369514 0.9129928946495056 7583
1751228370551 0.7643744349479675 7584
1751228371577 1.2352713346481323 7585
1751228372563 0.5499135851860046 7586
1751228373562 0.9359957575798035 7587
1751228374531 0.771050214767456 7588
1751228375545 1.0204386711120605 7589
1751228376602 0.8497759699821472 7590
1751228377518 0.7242762446403503 7591
1751228378782 0.7807095646858215 7592
1751228379808 0.7386327981948853 7593
1751228380769 1.053737759590149 7594
1751228381766 0.6236891150474548 7595
1751228382794 0.773756742477417 7596
1751228383852 0.6331881284713745 7597
1751228384866 1.4985014200210571 7598
1751228385910 0.5309613943099976 7599
1751228386932 0.9601594805717468 7600
1751228387802 0.7247711420059204 7601
1751228388870 0.8332865834236145 7602
1751228389887 0.8589548468589783 7603
1751228390923 0.8143583536148071 7604
1751228391947 0.8067921996116638 7605
1751228392957 1.0965877771377563 7606
1751228394003 1.2662934064865112 7607
1751228395016 0.996241569519043 7608
1751228396371 0.14495474100112915 7609
1751228397456 0.8424227833747864 7610
1751228398594 1.0239384174346924 7611
1751228399586 0.6235055923461914 7612
1751228400611 1.0947436094284058 7613
1751228401613 0.7356958985328674 7614
1751228402597 0.9057742357254028 7615
1751228403592 0.1185799315571785 7616
1751228404561 0.8574634790420532 7617
1751228405575 0.45014649629592896 7618
1751228406595 0.6483888626098633 7619
1751228407488 0.8151180148124695 7620
1751228408514 0.7518734931945801 7621
1751228409545 0.36687949299812317 7622
1751228410474 1.5773433446884155 7623
1751228411836 1.0067214965820312 7624
1751228412884 0.19636164605617523 7625
1751228413909 0.8034217953681946 7626
1751228414859 0.701916515827179 7627
1751228415992 1.1880855560302734 7628
1751228416988 0.5812150239944458 7629
1751228418009 0.8759143948554993 7630
1751228419061 1.2615872621536255 7631
1751228419972 2.1568992137908936 7632
1751228420970 0.7382602095603943 7633
1751228422243 1.8509521484375 7634
1751228423349 0.6558372974395752 7635
1751228424495 0.752997100353241 7636
1751228425822 3.958709716796875 7637
1751228427189 0.7461544871330261 7638
1751228428215 0.750234067440033 7639
1751228429524 0.6166781783103943 7640
1751228430523 1.1507214307785034 7641
1751228431452 0.9390759468078613 7642
1751228432682 0.6043446660041809 7643
1751228433679 1.018645167350769 7644
1751228434681 0.5812164545059204 7645
1751228435665 0.8276845812797546 7646
1751228436716 0.6474945545196533 7647
1751228437731 0.024632008746266365 7648
1751228438778 1.4671918153762817 7649
1751228439766 0.47586187720298767 7650
1751228440836 0.9586682319641113 7651
1751228441865 1.1552332639694214 7652
1751228442895 1.364376425743103 7653
1751228443890 0.7763051986694336 7654
1751228444910 1.37001633644104 7655
1751228446075 0.6905491948127747 7656
1751228447113 0.4175085127353668 7657
1751228447989 0.7740964293479919 7658
1751228449054 0.724308967590332 7659
1751228450071 0.6657371520996094 7660
1751228451074 0.21172016859054565 7661
1751228452095 0.21918430924415588 7662
1751228453087 0.5577175617218018 7663
1751228454057 0.7652673125267029 7664
1751228455075 0.9140869379043579 7665
1751228456078 0.4774872362613678 7666
1751228457053 0.8727635741233826 7667
1751228458089 0.8626500964164734 7668
1751228459083 0.974953830242157 7669
1751228460096 0.6367874145507812 7670
1751228461119 0.8926929831504822 7671
1751228462097 0.9736107587814331 7672
1751228463388 0.6811089515686035 7673
1751228464370 0.8484480977058411 7674
1751228465381 0.5836359858512878 7675
1751228466372 0.9760989546775818 7676
1751228467359 1.5407416820526123 7677
1751228468358 0.6086841225624084 7678
1751228469361 0.722154438495636 7679
1751228470358 0.9329585433006287 7680
1751228471355 0.8227176666259766 7681
1751228472376 0.9203128814697266 7682
1751228473361 1.3586682081222534 7683
1751228474362 1.0828335285186768 7684
1751228475380 0.6073919534683228 7685
1751228476412 1.1052974462509155 7686
1751228477437 0.7640205025672913 7687
1751228478741 0.7107325792312622 7688
1751228479730 0.7520238161087036 7689
1751228480744 0.8405700922012329 7690
1751228481756 1.5651352405548096 7691
1751228482764 1.52094304561615 7692
1751228483739 0.3623020350933075 7693
1751228484750 1.060620903968811 7694
1751228485759 0.583133339881897 7695
1751228486743 0.5327314734458923 7696
1751228487720 0.8464352488517761 7697
1751228488605 1.396946907043457 7698
1751228489668 1.1233441829681396 7699
1751228490692 0.6670923829078674 7700
1751228491758 0.5763923525810242 7701
1751228492864 1.2483147382736206 7702
1751228494315 0.6372385025024414 7703
1751228495305 1.351295828819275 7704
1751228496290 0.792925238609314 7705
1751228497180 1.4586094617843628 7706
1751228498191 0.7141461372375488 7707
1751228499208 1.1728066205978394 7708
1751228500229 1.0028952360153198 7709
1751228501237 0.9063917994499207 7710
1751228502245 0.653722882270813 7711
1751228503286 0.9713228344917297 7712
1751228504169 1.0940531492233276 7713
1751228505168 1.4727829694747925 7714
1751228506187 0.7836217284202576 7715
1751228507188 0.5648555755615234 7716
1751228508210 0.8275750279426575 7717
1751228509209 0.9203960299491882 7718
1751228510119 1.4499560594558716 7719
1751228511499 1.0084799528121948 7720
1751228512506 0.8059784173965454 7721
1751228513535 0.6163345575332642 7722
1751228514542 0.6994616389274597 7723
1751228515536 1.4058297872543335 7724
1751228516509 1.2604286670684814 7725
1751228517541 0.5861499905586243 7726
1751228518425 1.12461256980896 7727
1751228519437 0.41636964678764343 7728
1751228520435 0.9011091589927673 7729
1751228521472 0.4996102750301361 7730
1751228522509 0.6949542760848999 7731
1751228523415 1.1171772480010986 7732
1751228524413 0.3894025981426239 7733
1751228525405 0.6066617369651794 7734
1751228526670 1.4216395616531372 7735
1751228527657 0.6309213042259216 7736
1751228528669 1.1027008295059204 7737
1751228529526 0.9175260663032532 7738
1751228530528 0.8250516057014465 7739
1751228531524 1.1806522607803345 7740
1751228532508 1.0700534582138062 7741
1751228533534 0.5568461418151855 7742
1751228534549 0.6588696837425232 7743
1751228535543 1.6803268194198608 7744
1751228536576 0.8790510296821594 7745
1751228537593 1.504090666770935 7746
1751228538591 0.6048474311828613 7747
1751228539641 0.6908032298088074 7748
1751228540554 0.8251903653144836 7749
1751228541714 1.1726270914077759 7750
1751228542709 0.5525607466697693 7751
1751228543729 0.5222615003585815 7752
1751228544751 1.1051629781723022 7753
1751228545730 1.435580849647522 7754
1751228546807 0.9326345324516296 7755
1751228547764 2.0509071350097656 7756
1751228548811 0.8799383044242859 7757
1751228549831 0.914516270160675 7758
1751228550867 0.6440644860267639 7759
1751228551876 1.059404969215393 7760
1751228552920 0.540240466594696 7761
1751228553895 0.22951829433441162 7762
1751228554882 0.6201562285423279 7763
1751228556158 0.663979172706604 7764
1751228557178 0.9249634146690369 7765
1751228558174 0.8382188677787781 7766
1751228559241 1.4052116870880127 7767
1751228560225 1.1153316497802734 7768
1751228561226 0.8797551393508911 7769
1751228562201 0.983799397945404 7770
1751228563195 0.7064041495323181 7771
1751228564178 1.2848466634750366 7772
1751228565178 0.4237174093723297 7773
1751228566232 0.5725080966949463 7774
1751228567245 1.1139461994171143 7775
1751228568271 1.1455755233764648 7776
1751228569281 0.5810462832450867 7777
1751228570301 0.9135898947715759 7778
1751228571643 0.985561192035675 7779
1751228572690 1.2361844778060913 7780
1751228573713 0.9452667236328125 7781
1751228574712 0.6388285756111145 7782
1751228575773 0.7271528840065002 7783
1751228576654 1.0257657766342163 7784
1751228577679 0.6911298036575317 7785
1751228578713 0.9287156462669373 7786
1751228579711 0.6260245442390442 7787
1751228580624 0.8913650512695312 7788
1751228581632 0.955265998840332 7789
1751228582637 0.6247892379760742 7790
1751228583625 1.2277506589889526 7791
1751228584621 0.744697093963623 7792
1751228585649 0.6681990623474121 7793
1751228586666 0.7640178799629211 7794
1751228588035 0.9486371278762817 7795
1751228589032 0.9504390954971313 7796
1751228590032 0.910916805267334 7797
1751228591024 0.8074703216552734 7798
1751228592046 0.5689519047737122 7799
1751228593062 0.2972143292427063 7800
1751228594057 0.6786551475524902 7801
1751228595045 0.5708612203598022 7802
1751228596137 1.1823384761810303 7803
1751228597226 1.2045320272445679 7804
1751228598377 0.5245212912559509 7805
1751228599433 0.9539598822593689 7806
1751228600437 1.1696159839630127 7807
1751228601435 0.8296098113059998 7808
1751228602760 1.5835331678390503 7809
1751228603789 1.1194071769714355 7810
1751228604807 0.7030014395713806 7811
1751228605890 0.7788699269294739 7812
1751228606880 0.7767407298088074 7813
1751228607886 0.5998903512954712 7814
1751228608877 0.7773534655570984 7815
1751228609868 0.51780766248703 7816
1751228610951 1.3520984649658203 7817
1751228611999 0.8985962271690369 7818
1751228613099 1.1772512197494507 7819
1751228614163 0.6198596954345703 7820
1751228615320 0.7050719857215881 7821
1751228616351 1.2256735563278198 7822
1751228617373 0.5068713426589966 7823
1751228618703 0.8654641509056091 7824
1751228619739 1.038779616355896 7825
1751228620597 0.7892739176750183 7826
1751228621571 0.6483665704727173 7827
1751228622610 1.139573574066162 7828
1751228623637 0.5700147747993469 7829
1751228624624 0.7254378795623779 7830
1751228625490 0.8838483691215515 7831
1751228626520 0.42589178681373596 7832
1751228627569 0.825580894947052 7833
1751228628563 0.9947635531425476 7834
1751228629581 0.6438536047935486 7835
1751228630670 0.5586151480674744 7836
1751228631715 0.6038534045219421 7837
1751228632748 0.9116734266281128 7838
1751228634007 0.6140643954277039 7839
1751228635024 0.8134961128234863 7840
1751228636019 0.6311649084091187 7841
1751228637094 0.6649779677391052 7842
1751228638087 1.0007905960083008 7843
1751228638921 1.8255245685577393 7844
1751228639924 0.7257999777793884 7845
1751228640896 0.8525465130805969 7846
1751228641879 0.5313396453857422 7847
1751228642868 0.7471444010734558 7848
1751228644075 0.6633478403091431 7849
1751228645100 0.45745307207107544 7850
1751228646108 0.9121580123901367 7851
1751228647095 0.8931571245193481 7852
1751228648558 0.7573670744895935 7853
1751228649628 1.131371259689331 7854
1751228650647 0.30621495842933655 7855
1751228651649 0.6186928153038025 7856
1751228652787 1.3560503721237183 7857
1751228653708 1.5071992874145508 7858
1751228654699 1.127406358718872 7859
1751228655560 0.8672084808349609 7860
1751228656602 0.8360207676887512 7861
1751228657592 0.8587474822998047 7862
1751228658584 0.8492375612258911 7863
1751228659556 0.5063508152961731 7864
1751228660430 0.8530248999595642 7865
1751228661422 1.086950659751892 7866
1751228662417 0.9110340476036072 7867
1751228663777 0.8754481673240662 7868
1751228664761 0.6697325110435486 7869
1751228665601 0.699114978313446 7870
1751228666604 1.5675688982009888 7871
1751228667585 0.6089953184127808 7872
1751228668566 0.2749794125556946 7873
1751228669533 0.6333221197128296 7874
1751228670507 0.7196165919303894 7875
1751228671513 1.4955915212631226 7876
1751228672516 0.5185545086860657 7877
1751228673523 1.0123870372772217 7878
1751228674507 0.6411888003349304 7879
1751228675538 0.5766412019729614 7880
1751228676551 1.6355005502700806 7881
1751228677393 0.36241549253463745 7882
1751228678735 1.772279143333435 7883
1751228679760 0.9838300943374634 7884
1751228680767 1.6759179830551147 7885
1751228681760 0.9021332859992981 7886
1751228682781 0.23305194079875946 7887
1751228683792 0.8147711157798767 7888
1751228684807 0.5864906311035156 7889
1751228685814 1.0624643564224243 7890
1751228686810 0.6477922201156616 7891
1751228687710 1.1571635007858276 7892
1751228688786 0.7256101369857788 7893
1751228689862 0.8682109713554382 7894
1751228690937 1.0720521211624146 7895
1751228692064 0.7424590587615967 7896
1751228693072 0.5956971645355225 7897
1751228694385 0.5540943145751953 7898
1751228695375 0.9087177515029907 7899
1751228696427 1.1393743753433228 7900
1751228697428 0.1190369501709938 7901
1751228698452 0.8072458505630493 7902
1751228699464 0.9440022110939026 7903
1751228700508 0.7490081191062927 7904
1751228701344 1.5960923433303833 7905
1751228702366 0.7789955735206604 7906
1751228703397 1.0060590505599976 7907
1751228704456 1.5679311752319336 7908
1751228705503 1.2961395978927612 7909
1751228706370 1.2705607414245605 7910
1751228707413 0.6920565962791443 7911
1751228708580 1.5523221492767334 7912
1751228709893 0.9242628216743469 7913
1751228710889 0.6077093482017517 7914
1751228711908 0.9037045836448669 7915
1751228712930 0.42020922899246216 7916
1751228713925 0.9450641870498657 7917
1751228714899 0.884281575679779 7918
1751228715887 0.5910717248916626 7919
1751228716910 0.6749983429908752 7920
1751228717949 1.4015092849731445 7921
1751228718796 0.9642781615257263 7922
1751228719773 0.6936272978782654 7923
1751228720795 1.0028882026672363 7924
1751228721797 0.7626362442970276 7925
1751228722779 1.4201005697250366 7926
1751228723790 1.1648250818252563 7927
1751228725074 0.30504143238067627 7928
1751228726278 1.223803997039795 7929
1751228727289 1.1585845947265625 7930
1751228728314 0.7697393894195557 7931
1751228729299 1.1927900314331055 7932
1751228730332 0.8224010467529297 7933
1751228731358 0.7922965884208679 7934
1751228732436 0.6271200180053711 7935
1751228733435 0.7085928320884705 7936
1751228734424 0.7660638093948364 7937
1751228735425 0.07527721673250198 7938
1751228736270 1.335647463798523 7939
1751228737304 0.7062769532203674 7940
1751228738312 0.7235018014907837 7941
1751228739570 1.0380440950393677 7942
1751228740614 0.49404141306877136 7943
1751228741604 0.7050364017486572 7944
1751228742579 0.5953813791275024 7945
1751228743583 0.9720875024795532 7946
1751228744604 1.2697175741195679 7947
1751228745630 0.6055572628974915 7948
1751228746639 0.7977451682090759 7949
1751228747630 0.6118282675743103 7950
1751228748641 1.0035650730133057 7951
1751228749539 1.563239336013794 7952
1751228750570 0.6722503900527954 7953
1751228751586 1.525686264038086 7954
1751228752582 0.10403618961572647 7955
1751228753847 0.7035796046257019 7956
1751228754853 0.5510149598121643 7957
1751228755876 0.9365047812461853 7958
1751228756906 0.6158056855201721 7959
1751228757957 0.7238356471061707 7960
1751228758939 0.658699631690979 7961
1751228760010 1.0409506559371948 7962
1751228761017 1.19908607006073 7963
1751228762011 1.4150617122650146 7964
1751228763011 0.9251596331596375 7965
1751228764053 2.4329030513763428 7966
1751228765051 1.4551022052764893 7967
1751228766028 0.9186160564422607 7968
1751228767005 0.7812631726264954 7969
1751228768010 0.7996826171875 7970
1751228769306 0.6995143890380859 7971
1751228770168 0.8596277236938477 7972
1751228771209 1.0652145147323608 7973
1751228772177 0.8909417390823364 7974
1751228773169 1.1456624269485474 7975
1751228774167 1.003469467163086 7976
1751228775175 0.8312669992446899 7977
1751228776167 0.8468565344810486 7978
1751228777202 1.0153521299362183 7979
1751228778210 0.7104986310005188 7980
1751228779201 0.6551147699356079 7981
1751228780257 0.872998058795929 7982
1751228781135 1.3414887189865112 7983
1751228782012 1.1000592708587646 7984
1751228783019 0.8283611536026001 7985
1751228784279 0.7649781107902527 7986
1751228785295 1.1113063097000122 7987
1751228786322 0.746144711971283 7988
1751228787350 1.3025697469711304 7989
1751228788489 1.0011119842529297 7990
1751228789522 1.3853052854537964 7991
1751228790543 0.6213245391845703 7992
1751228791534 0.9187980890274048 7993
1751228792572 0.6276379823684692 7994
1751228793585 0.708842396736145 7995
1751228794576 0.7863245010375977 7996
1751228795580 0.8142736554145813 7997
1751228796458 1.2628673315048218 7998
1751228797470 1.2811208963394165 7999
1751228798477 0.5851165056228638 8000
1751228799799 0.83265221118927 8001
1751228800790 0.7232842445373535 8002
1751228801829 0.5839096903800964 8003
1751228802853 0.7067028880119324 8004
1751228803981 0.7830271124839783 8005
1751228805115 0.6605214476585388 8006
1751228806316 0.9060797095298767 8007
1751228807342 0.6288344264030457 8008
1751228808357 0.6992161870002747 8009
1751228809453 0.4755246341228485 8010
1751228810514 0.6557629108428955 8011
1751228811506 0.7894487380981445 8012
1751228812544 1.153672456741333 8013
1751228813537 1.3879013061523438 8014
1751228814587 0.5814129114151001 8015
1751228815732 1.2613071203231812 8016
1751228816747 0.5256527066230774 8017
1751228817630 1.37374746799469 8018
1751228818648 0.6535844206809998 8019
1751228819728 0.5034932494163513 8020
1751228820765 0.7786613702774048 8021
1751228821855 0.9118553400039673 8022
1751228822720 0.5484625697135925 8023
1751228823720 0.9081174731254578 8024
1751228824708 0.761309802532196 8025
1751228825765 1.8750107288360596 8026
1751228826799 0.8314798474311829 8027
1751228827820 0.9909553527832031 8028
1751228828821 0.7142933011054993 8029
1751228830132 1.0666309595108032 8030
1751228831133 1.4231306314468384 8031
1751228832130 0.6572031378746033 8032
1751228833175 1.3812568187713623 8033
1751228834253 0.6735407710075378 8034
1751228835267 0.5090310573577881 8035
1751228836288 0.5074015855789185 8036
1751228837295 0.6240286231040955 8037
1751228838194 2.507570743560791 8038
1751228839180 1.151347279548645 8039
1751228840172 0.5458323359489441 8040
1751228841160 0.8037672638893127 8041
1751228842164 0.5105485320091248 8042
1751228843183 0.980694591999054 8043
1751228844186 0.6243886351585388 8044
1751228845459 0.5713659524917603 8045
1751228846456 0.789976954460144 8046
1751228847491 0.6264604926109314 8047
1751228848623 1.2002102136611938 8048
1751228849599 0.8340447545051575 8049
1751228850631 0.5526644587516785 8050
1751228851634 0.368540495634079 8051
1751228852651 1.2531077861785889 8052
1751228853658 0.67579585313797 8053
1751228854714 0.9395555853843689 8054
1751228855717 0.6967984437942505 8055
1751228856742 1.0483778715133667 8056
1751228857751 1.0127443075180054 8057
1751228858778 0.43154677748680115 8058
1751228860061 0.7257730960845947 8059
1751228861096 1.1085132360458374 8060
1751228861990 1.7071077823638916 8061
1751228862975 1.030598521232605 8062
1751228863827 1.331268310546875 8063
1751228864840 1.2047632932662964 8064
1751228865830 0.913626492023468 8065
1751228866815 1.0027906894683838 8066
1751228867824 1.3494701385498047 8067
1751228868818 0.8586568832397461 8068
1751228869835 0.69729083776474 8069
1751228870681 1.9578250646591187 8070
1751228871693 0.7397226691246033 8071
1751228872694 0.5174458622932434 8072
1751228873706 0.9282127618789673 8073
1751228874994 1.142215371131897 8074
1751228876019 0.3118647038936615 8075
1751228877202 0.6447088122367859 8076
1751228878231 0.7585219740867615 8077
1751228879224 0.8912928700447083 8078
1751228880230 0.6397244334220886 8079
1751228881232 1.0555206537246704 8080
1751228882255 1.2708507776260376 8081
1751228883294 0.601557731628418 8082
1751228884289 0.8257415890693665 8083
1751228885285 0.9343549609184265 8084
1751228886302 1.6259464025497437 8085
1751228887286 0.6435757875442505 8086
1751228888319 1.2039127349853516 8087
1751228889333 1.3217661380767822 8088
1751228890323 0.9305315017700195 8089
1751228891631 0.8759258389472961 8090
1751228892659 0.7090275883674622 8091
1751228893736 0.581184983253479 8092
1751228894835 0.8580349087715149 8093
1751228895837 1.1516180038452148 8094
1751228896846 0.6379413604736328 8095
1751228897871 1.138183832168579 8096
1751228898845 1.2156387567520142 8097
1751228899921 0.7379302382469177 8098
1751228900808 0.6125073432922363 8099
1751228901813 0.6932448744773865 8100
1751228902829 0.47260579466819763 8101
1751228903820 0.6613655686378479 8102
1751228905115 0.9496380090713501 8103
1751228906133 0.45043855905532837 8104
1751228907145 1.2395553588867188 8105
1751228908161 0.9019962549209595 8106
1751228909169 1.3263376951217651 8107
1751228910204 0.7916147112846375 8108
1751228911398 0.9900070428848267 8109
1751228912477 0.6441311240196228 8110
1751228913523 0.863459050655365 8111
1751228914595 0.6340616941452026 8112
1751228915587 0.9165872931480408 8113
1751228916505 1.680986762046814 8114
1751228917496 0.708519458770752 8115
1751228918521 0.7089681625366211 8116
1751228919817 1.2031198740005493 8117
1751228920817 0.5410353541374207 8118
1751228921828 2.805516004562378 8119
1751228922794 1.02013099193573 8120
1751228923806 0.553416907787323 8121
1751228924836 0.7187249064445496 8122
1751228925869 1.4376085996627808 8123
1751228926909 0.42347708344459534 8124
1751228927942 0.8416860699653625 8125
1751228928970 0.7694348692893982 8126
1751228929981 1.0881208181381226 8127
1751228930995 0.6316812634468079 8128
1751228931961 0.6969476938247681 8129
1751228932981 0.5209901332855225 8130
1751228934110 0.7297372221946716 8131
1751228934975 1.625084400177002 8132
1751228935986 0.9036491513252258 8133
1751228937055 1.276418924331665 8134
1751228938035 1.0024207830429077 8135
1751228939059 0.7093440294265747 8136
1751228940091 0.6862739324569702 8137
1751228941127 0.5994264483451843 8138
1751228942110 0.7523471713066101 8139
1751228943137 0.12897862493991852 8140
1751228944084 0.8139422535896301 8141
1751228944921 0.6692504286766052 8142
1751228945918 0.09202150255441666 8143
1751228946954 0.8532609343528748 8144
1751228948267 1.1444200277328491 8145
1751228949261 1.6427183151245117 8146
1751228950248 0.4027111530303955 8147
1751228951248 1.1599961519241333 8148
1751228952214 0.863682210445404 8149
1751228953239 0.5173094868659973 8150
1751228954249 0.8259275555610657 8151
1751228955225 0.8595281839370728 8152
1751228956220 0.8962303400039673 8153
1751228957250 1.0080503225326538 8154
1751228958269 0.8223038911819458 8155
1751228959252 0.8319913148880005 8156
1751228960237 0.5824183821678162 8157
1751228961253 1.1923637390136719 8158
1751228962582 0.8968582153320312 8159
1751228963670 0.613777220249176 8160
1751228964679 0.3973834812641144 8161
1751228965759 0.6899964213371277 8162
1751228966984 0.5698828101158142 8163
1751228968090 1.0804325342178345 8164
1751228969120 0.9753559231758118 8165
1751228970190 0.7962595820426941 8166
1751228971243 0.6299107670783997 8167
1751228972258 0.6349369287490845 8168
1751228973288 0.49696072936058044 8169
1751228974298 0.8974518179893494 8170
1751228975297 0.5646730661392212 8171
1751228976320 0.6626580953598022 8172
1751228977613 0.5873523354530334 8173
1751228978651 0.6049606800079346 8174
1751228979674 0.6258808970451355 8175
1751228980685 0.9834814667701721 8176
1751228981698 0.6489513516426086 8177
1751228982858 0.7991065382957458 8178
1751228983878 0.5573956370353699 8179
1751228984854 0.7163510918617249 8180
1751228985878 0.7270231246948242 8181
1751228986928 0.9403650164604187 8182
1751228988005 0.8891022801399231 8183
1751228988901 1.091722846031189 8184
1751228989954 0.6008988618850708 8185
1751228990974 0.7547483444213867 8186
1751228992351 1.0789777040481567 8187
1751228993367 2.4710304737091064 8188
1751228994370 0.6735613942146301 8189
1751228995452 1.2602161169052124 8190
1751228996464 0.8194254040718079 8191
1751228997484 0.5414111018180847 8192
1751228998590 0.6971983909606934 8193
1751228999777 0.7271795868873596 8194
1751229000789 1.087275743484497 8195
1751229001782 0.5684577226638794 8196
1751229002806 1.171234369277954 8197
1751229003791 1.2936633825302124 8198
1751229004805 0.6438087224960327 8199
1751229006133 1.986491084098816 8200
1751229007152 1.3622186183929443 8201
1751229008187 0.7048346400260925 8202
1751229009189 0.6124610304832458 8203
1751229010207 0.9881237149238586 8204
1751229011223 0.6296500563621521 8205
1751229012234 1.2411619424819946 8206
1751229013271 0.49075618386268616 8207
1751229014281 0.5523121953010559 8208
1751229015319 0.2354208379983902 8209
1751229016303 1.0815311670303345 8210
1751229017327 0.8082734942436218 8211
1751229018343 1.0924875736236572 8212
1751229019372 1.0540251731872559 8213
1751229020415 0.5869295001029968 8214
1751229021683 0.7415297031402588 8215
1751229022672 0.6384266018867493 8216
1751229023708 0.7722925543785095 8217
1751229024742 0.6969917416572571 8218
1751229025740 0.5956755876541138 8219
1751229026629 0.7420492172241211 8220
1751229027628 0.5366806387901306 8221
1751229028626 0.8408041000366211 8222
1751229029643 0.6252502799034119 8223
1751229030678 0.2344035506248474 8224
1751229031690 0.7473257780075073 8225
1751229032676 0.9044432044029236 8226
1751229033711 0.7692936062812805 8227
1751229034727 0.8168035745620728 8228
1751229036114 0.5814167261123657 8229
1751229037057 1.0794304609298706 8230
1751229038068 1.2491369247436523 8231
1751229039102 0.5547329783439636 8232
1751229039963 2.230123519897461 8233
1751229041042 1.2751039266586304 8234
1751229042083 1.0220180749893188 8235
1751229043081 1.3065683841705322 8236
1751229044092 0.7967885136604309 8237
1751229045143 0.5480256676673889 8238
1751229046260 0.5142595171928406 8239
1751229047160 1.166922926902771 8240
1751229048231 1.1259411573410034 8241
1751229049287 0.505140483379364 8242
1751229050585 0.46486207842826843 8243
1751229051557 0.6747567653656006 8244
1751229052598 0.9009186029434204 8245
1751229053620 1.5050442218780518 8246
1751229054637 0.9116523861885071 8247
1751229055726 0.8766176104545593 8248
1751229056781 0.5381214618682861 8249
1751229057767 0.9021598696708679 8250
1751229058808 0.6702820062637329 8251
1751229059872 0.7607975602149963 8252
1751229060998 0.8820846676826477 8253
1751229062035 0.6808657050132751 8254
1751229063064 0.6480947732925415 8255
1751229064131 0.6277838945388794 8256
1751229065329 0.8871617317199707 8257
1751229066398 0.8625777363777161 8258
1751229067471 0.4765251576900482 8259
1751229068487 0.7940273880958557 8260
1751229069384 1.3821676969528198 8261
1751229070399 0.6057448387145996 8262
1751229071390 1.277553915977478 8263
1751229072413 0.6654900908470154 8264
1751229073434 0.6069888472557068 8265
1751229074450 1.0212174654006958 8266
1751229075504 0.5392727255821228 8267
1751229076509 1.2648299932479858 8268
1751229077580 0.7390012741088867 8269
1751229078690 1.027727484703064 8270
1751229080076 0.7089444398880005 8271
1751229080962 1.3780351877212524 8272
1751229081820 1.5484784841537476 8273
1751229082875 1.2084722518920898 8274
1751229083896 0.9578167796134949 8275
1751229084927 0.49248161911964417 8276
1751229086008 0.8253158926963806 8277
1751229086909 1.6812225580215454 8278
1751229087885 0.42546579241752625 8279
1751229088941 0.7111045718193054 8280
1751229089996 1.3517451286315918 8281
1751229091008 0.9187687039375305 8282
1751229092041 1.1638838052749634 8283
1751229093071 1.0343291759490967 8284
1751229094456 0.9361228942871094 8285
1751229095660 0.7328435182571411 8286
1751229096769 1.204370379447937 8287
1751229097778 1.9468135833740234 8288
1751229098828 0.5302345156669617 8289
1751229099854 0.5508573651313782 8290
1751229100874 0.6733148694038391 8291
1751229101904 0.7829734683036804 8292
1751229102894 0.6542956233024597 8293
1751229103933 1.0321487188339233 8294
1751229104967 0.769641101360321 8295
1751229106036 0.7084596157073975 8296
1751229107057 2.0178141593933105 8297
1751229108109 0.8369010090827942 8298
1751229109425 1.1162261962890625 8299
1751229110463 1.1728278398513794 8300
1751229111436 1.883805513381958 8301
1751229112404 0.5682246088981628 8302
1751229113441 1.2028703689575195 8303
1751229114526 0.6759945750236511 8304
1751229115531 0.810734748840332 8305
1751229116516 0.7882279753684998 8306
1751229117494 0.6473363041877747 8307
1751229118569 0.8617979288101196 8308
1751229119453 0.7126496434211731 8309
1751229120472 0.631293535232544 8310
1751229121472 1.3245348930358887 8311
1751229122479 1.116390585899353 8312
1751229123767 0.7138556838035583 8313
1751229124795 0.6316437125205994 8314
1751229125848 0.7492051124572754 8315
1751229126890 0.6398751139640808 8316
1751229127907 0.05794432759284973 8317
1751229128904 0.6487592458724976 8318
1751229130006 1.0872650146484375 8319
1751229131044 0.5057229399681091 8320
1751229132059 0.7259703874588013 8321
1751229133084 1.3982118368148804 8322
1751229133920 1.5423921346664429 8323
1751229134901 1.0365437269210815 8324
1751229135933 0.6619226932525635 8325
1751229136952 2.222156047821045 8326
1751229138213 1.3026889562606812 8327
1751229139233 1.20235276222229 8328
1751229140222 1.1670445203781128 8329
1751229141278 1.2502025365829468 8330
1751229142321 0.7033202052116394 8331
1751229143352 0.8378707766532898 8332
1751229144387 0.8399495482444763 8333
1751229145486 0.9261066317558289 8334
1751229146410 0.8916326761245728 8335
1751229147448 0.5507702231407166 8336
1751229148434 0.7635402083396912 8337
1751229149459 0.8456635475158691 8338
1751229150491 0.7278595566749573 8339
1751229151386 1.1727356910705566 8340
1751229152712 0.824385941028595 8341
1751229153728 0.8393028378486633 8342
1751229154775 0.790808916091919 8343
1751229155782 1.1158952713012695 8344
1751229156837 0.5148751735687256 8345
1751229157944 0.6310635209083557 8346
1751229158950 0.5644845366477966 8347
1751229159981 0.8764911890029907 8348
1751229160969 0.6389672160148621 8349
1751229162000 0.9667035937309265 8350
1751229162986 0.46006035804748535 8351
1751229163972 0.629909336566925 8352
1751229164963 1.3167282342910767 8353
1751229166007 1.6674875020980835 8354
1751229167315 0.561409592628479 8355
1751229168305 1.463939905166626 8356
1751229169325 1.1168402433395386 8357
1751229170210 0.6853962540626526 8358
1751229171231 0.49798932671546936 8359
1751229172107 0.9474775195121765 8360
1751229173086 1.0943264961242676 8361
1751229174254 0.6826905608177185 8362
1751229175335 0.9557453989982605 8363
1751229176209 1.0567272901535034 8364
1751229177203 1.3380894660949707 8365
1751229178252 0.9582817554473877 8366
1751229179311 0.6806483268737793 8367
1751229180327 1.2243356704711914 8368
1751229181642 0.6873264312744141 8369
1751229182663 0.8201234936714172 8370
1751229183578 1.6050001382827759 8371
1751229184583 1.0443857908248901 8372
1751229185605 0.2099417895078659 8373
1751229186636 0.7692072987556458 8374
1751229187638 0.7698299288749695 8375
1751229188687 1.0992029905319214 8376
1751229189701 1.010588526725769 8377
1751229190716 0.7371315360069275 8378
1751229191900 0.5685499310493469 8379
1751229192964 0.8868288397789001 8380
1751229194018 1.3313554525375366 8381
1751229195032 0.6702753901481628 8382
1751229196337 0.9849819540977478 8383
1751229197375 0.6911107301712036 8384
1751229198455 0.15325292944908142 8385
1751229199483 0.941339910030365 8386
1751229200486 0.5687126517295837 8387
1751229201474 0.9204014539718628 8388
1751229202490 1.5140759944915771 8389
1751229203508 0.8230465054512024 8390
1751229204481 0.6437784433364868 8391
1751229205495 1.026000738143921 8392
1751229206500 0.7592718005180359 8393
1751229207519 0.971846342086792 8394
1751229208512 1.3876469135284424 8395
1751229209503 0.22102423012256622 8396
1751229210795 1.1939294338226318 8397
1751229211774 0.7612358331680298 8398
1751229212657 0.9335684180259705 8399
1751229213699 1.786685585975647 8400
1751229214730 0.541813313961029 8401
1751229215778 0.7219228148460388 8402
1751229216795 0.5842652916908264 8403
1751229217832 1.0106693506240845 8404
1751229218854 0.701983630657196 8405
1751229219891 0.5124375224113464 8406
1751229220938 0.8911167979240417 8407
1751229221954 1.059972882270813 8408
1751229222976 0.4869890809059143 8409
1751229223983 0.8013094067573547 8410
1751229225325 0.6022071242332458 8411
1751229226334 0.9987935423851013 8412
1751229227335 1.0529460906982422 8413
1751229228349 0.7295016646385193 8414
1751229229352 0.6826123595237732 8415
1751229230364 0.603025496006012 8416
1751229231427 0.6008090972900391 8417
1751229232466 0.9693590402603149 8418
1751229233482 0.5154470205307007 8419
1751229234527 1.0294265747070312 8420
1751229235540 0.6090856194496155 8421
1751229236561 1.2176666259765625 8422
1751229237734 0.8253461718559265 8423
1751229239110 1.0171499252319336 8424
1751229240406 0.781209409236908 8425
1751229241296 0.9679409265518188 8426
1751229242158 1.1573984622955322 8427
1751229243155 1.0433582067489624 8428
1751229244200 0.7505064010620117 8429
1751229245284 0.4332283139228821 8430
1751229246161 0.294079452753067 8431
1751229247184 0.5365643501281738 8432
1751229248227 0.7060253024101257 8433
1751229249243 0.7532078623771667 8434
1751229250266 0.7036594748497009 8435
1751229251297 1.0197234153747559 8436
1751229252334 0.5529711842536926 8437
1751229253434 1.1199063062667847 8438
1751229254874 0.8241931200027466 8439
1751229255880 0.589181125164032 8440
1751229256871 1.3051236867904663 8441
1751229257888 0.7085843086242676 8442
1751229258900 1.1065903902053833 8443
1751229259914 0.6206626296043396 8444
1751229260940 0.8383579254150391 8445
1751229261946 0.23451554775238037 8446
1751229262941 0.7444744110107422 8447
1751229263952 0.9559144377708435 8448
1751229264978 1.0621882677078247 8449
1751229266047 1.1251250505447388 8450
1751229267071 1.1679234504699707 8451
1751229268394 0.6874620318412781 8452
1751229269406 0.827934741973877 8453
1751229270505 0.907503068447113 8454
1751229271652 1.1955472230911255 8455
1751229272703 0.5312618613243103 8456
1751229273694 0.9852743148803711 8457
1751229274700 0.8420817255973816 8458
1751229275781 1.6806350946426392 8459
1751229276865 0.6505576968193054 8460
1751229277967 1.3674352169036865 8461
1751229278962 0.5633376240730286 8462
1751229279982 0.6882300972938538 8463
1751229281001 0.889163613319397 8464
1751229282133 0.6736071705818176 8465
1751229283144 0.15242226421833038 8466
1751229284147 0.7721318602561951 8467
1751229285196 0.5918936729431152 8468
1751229286186 0.8262901306152344 8469
1751229287367 0.804844856262207 8470
1751229288486 0.9107104539871216 8471
1751229289571 0.6611496806144714 8472
1751229290581 1.0250781774520874 8473
1751229291568 0.6543607115745544 8474
1751229292592 0.7741815447807312 8475
1751229293613 1.766794204711914 8476
1751229294622 0.5704717040061951 8477
1751229295993 0.561816394329071 8478
1751229297008 0.525651752948761 8479
1751229298030 0.8517894744873047 8480
1751229299058 0.7201611995697021 8481
1751229300091 0.6446804404258728 8482
1751229301069 0.08149038255214691 8483
1751229302091 0.6364193558692932 8484
1751229303124 0.7611509561538696 8485
1751229304140 0.17616985738277435 8486
1751229305140 1.2621196508407593 8487
1751229306025 1.3747690916061401 8488
1751229307101 0.3844568729400635 8489
1751229308109 0.6923490166664124 8490
1751229309138 0.5373682379722595 8491
1751229310443 1.2450417280197144 8492
1751229311455 1.399273157119751 8493
1751229312485 1.1711676120758057 8494
1751229313526 0.6214439272880554 8495
1751229314404 0.8709931373596191 8496
1751229315414 0.8338699340820312 8497
1751229316398 0.9513649344444275 8498
1751229317420 0.37040603160858154 8499
1751229318454 1.0337915420532227 8500
1751229319457 0.7613997459411621 8501
1751229320369 1.9022976160049438 8502
1751229321384 0.8826619386672974 8503
1751229322415 0.7368485331535339 8504
1751229323676 0.7911293506622314 8505
1751229324740 0.4736662805080414 8506
1751229325732 0.8269729614257812 8507
1751229326753 0.9542499780654907 8508
1751229327788 0.9399850964546204 8509
1751229328795 0.9407545924186707 8510
1751229329796 0.7989700436592102 8511
1751229330824 1.7250912189483643 8512
1751229331812 0.409688800573349 8513
1751229332798 1.7623176574707031 8514
1751229333796 1.217214584350586 8515
1751229334800 0.7907082438468933 8516
1751229335827 0.632603645324707 8517
1751229337104 0.6548770070075989 8518
1751229338152 1.1775877475738525 8519
1751229339154 0.9990240335464478 8520
1751229340173 1.0696396827697754 8521
1751229341173 0.8061151504516602 8522
1751229342264 0.8548599481582642 8523
1751229343289 1.105833649635315 8524
1751229344192 0.7262359261512756 8525
1751229345218 0.7316495180130005 8526
1751229346264 0.4033242464065552 8527
1751229347261 0.7814998626708984 8528
1751229348273 0.6507166028022766 8529
1751229349364 0.21736346185207367 8530
1751229350516 1.6333359479904175 8531
1751229351862 0.8288952112197876 8532
1751229352850 0.6365163922309875 8533
1751229353879 0.6700993776321411 8534
1751229354900 0.887799859046936 8535
1751229355888 0.989776074886322 8536
1751229356919 0.607322633266449 8537
1751229357956 1.0296201705932617 8538
1751229358963 0.8525975346565247 8539
1751229359958 0.9970781207084656 8540
1751229360967 0.8239111304283142 8541
1751229361991 0.6661953926086426 8542
1751229363064 0.8559291958808899 8543
1751229364064 0.8171688914299011 8544
1751229365414 0.7621676325798035 8545
1751229366444 0.8605958223342896 8546
1751229367481 0.9087164998054504 8547
1751229368602 0.6264815330505371 8548
1751229369586 0.749142587184906 8549
1751229370609 0.7589358687400818 8550
1751229371612 0.40667638182640076 8551
1751229372641 0.6639822721481323 8552
1751229373642 0.615696907043457 8553
1751229374655 0.6665508151054382 8554
1751229375653 0.925793468952179 8555
1751229376688 0.6352184414863586 8556
1751229377727 0.04533744230866432 8557
1751229379063 0.6410562992095947 8558
1751229380097 0.8050157427787781 8559
1751229381123 0.9575062990188599 8560
1751229382175 0.8843515515327454 8561
1751229383335 1.5048774480819702 8562
1751229384387 1.2238940000534058 8563
1751229385378 1.2336124181747437 8564
1751229386390 0.731646716594696 8565
1751229387470 0.9009796977043152 8566
1751229388479 0.5882649421691895 8567
1751229389529 1.5446546077728271 8568
1751229390600 0.5241652131080627 8569
1751229391656 0.4900817275047302 8570
1751229392711 0.6038073301315308 8571
1751229393997 0.5758774876594543 8572
1751229395007 0.6989132761955261 8573
1751229396097 0.08557736128568649 8574
1751229397089 0.2694234549999237 8575
1751229398075 0.706013023853302 8576
1751229399132 0.8668462634086609 8577
1751229400128 0.8109283447265625 8578
1751229401181 0.9752570986747742 8579
1751229402033 0.7500489950180054 8580
1751229403068 0.14127588272094727 8581
1751229404093 0.9374780654907227 8582
1751229405124 0.8181523680686951 8583
1751229406416 0.9448583722114563 8584
1751229407306 0.9866437315940857 8585
1751229408214 0.8157870173454285 8586
1751229409210 0.6092853546142578 8587
1751229410250 0.697458028793335 8588
1751229411279 0.5773516893386841 8589
1751229412324 0.9647279977798462 8590
1751229413317 0.9878191351890564 8591
1751229414326 1.0305861234664917 8592
1751229415313 0.5933560729026794 8593
1751229416292 0.4977075159549713 8594
1751229417276 0.4130581021308899 8595
1751229418285 0.8080273866653442 8596
1751229419578 0.6570536494255066 8597
1751229420609 0.9218315482139587 8598
1751229421611 0.740676760673523 8599
1751229422625 2.763211727142334 8600
1751229423498 0.8836992383003235 8601
1751229424444 1.0611733198165894 8602
1751229425294 1.2835415601730347 8603
1751229426297 0.8435394167900085 8604
1751229427329 0.859086811542511 8605
1751229428319 0.9366695284843445 8606
1751229429307 1.2095378637313843 8607
1751229430321 0.5757623910903931 8608
1751229431309 0.5348715782165527 8609
1751229432302 1.131943941116333 8610
1751229433580 0.8310977816581726 8611
1751229434575 0.6158320307731628 8612
1751229435471 0.5248246788978577 8613
1751229436347 0.7648229002952576 8614
1751229437441 0.7340134978294373 8615
1751229438473 0.44174864888191223 8616
1751229439504 0.5193509459495544 8617
1751229440494 0.4822942912578583 8618
1751229441544 0.6596440672874451 8619
1751229442602 0.8508918881416321 8620
1751229443601 0.6714800000190735 8621
1751229444661 0.5773717761039734 8622
1751229445697 0.9588735699653625 8623
1751229447160 0.558996856212616 8624
1751229448199 1.1016813516616821 8625
1751229449214 0.7426846027374268 8626
1751229450213 0.8688783645629883 8627
1751229451245 1.0389875173568726 8628
1751229452277 1.014134407043457 8629
1751229453313 0.534067690372467 8630
1751229454326 0.6342746019363403 8631
1751229455319 0.9268108010292053 8632
1751229456428 0.5039068460464478 8633
1751229457638 0.6198557019233704 8634
1751229458797 1.18100106716156 8635
1751229459981 1.0008264780044556 8636
1751229461475 0.6370069980621338 8637
1751229462766 0.5484986305236816 8638
1751229464228 0.6544531583786011 8639
1751229465242 1.2735365629196167 8640
1751229466335 0.5875135660171509 8641
1751229467364 0.6853057146072388 8642
1751229468231 3.0286738872528076 8643
1751229469304 1.3444758653640747 8644
1751229470360 0.9443491101264954 8645
1751229471385 0.5658826231956482 8646
1751229472462 0.565337598323822 8647
1751229473518 1.1930255889892578 8648
1751229474618 1.6028088331222534 8649
1751229475642 1.085108995437622 8650
1751229476936 0.6999371647834778 8651
1751229477944 0.663547933101654 8652
1751229479123 0.840062141418457 8653
1751229480189 0.6859464049339294 8654
1751229481073 1.2627464532852173 8655
1751229482140 1.0106873512268066 8656
1751229483137 0.6194063425064087 8657
1751229484136 0.04213358089327812 8658
1751229485018 1.4036414623260498 8659
1751229486022 0.21014584600925446 8660
1751229487061 0.9486953616142273 8661
1751229488067 1.0736395120620728 8662
1751229488953 2.1902737617492676 8663
1751229490251 0.5786712765693665 8664
1751229491274 0.938263475894928 8665
1751229492305 0.6344270706176758 8666
1751229493357 0.9437491297721863 8667
1751229494362 0.8373045325279236 8668
1751229495392 1.183161735534668 8669
1751229496477 0.6329782605171204 8670
1751229497509 0.7463101744651794 8671
1751229498522 0.846469521522522 8672
1751229499559 0.6791594624519348 8673
1751229500611 0.06881730258464813 8674
1751229501687 1.1742579936981201 8675
1751229502768 0.8169514536857605 8676
1751229504067 1.1146835088729858 8677
1751229505091 0.8211011290550232 8678
1751229506129 0.6985465288162231 8679
1751229507191 0.8495590090751648 8680
1751229508265 0.341054230928421 8681
1751229509290 1.0940388441085815 8682
1751229510311 0.8175035715103149 8683
1751229511385 0.9803077578544617 8684
1751229512389 0.7583746314048767 8685
1751229513412 0.7041702270507812 8686
1751229514415 1.0254987478256226 8687
1751229515470 0.9611582159996033 8688
1751229516527 0.8610588312149048 8689
1751229517579 0.5669798254966736 8690
1751229518920 0.19128957390785217 8691
1751229519789 0.44663187861442566 8692
1751229520779 0.7658795714378357 8693
1751229521728 1.2399187088012695 8694
1751229522729 3.0815045833587646 8695
1751229523784 0.8332247734069824 8696
1751229524797 0.9092389941215515 8697
1751229525774 0.6450873613357544 8698
1751229526862 0.8140745162963867 8699
1751229527865 1.1434688568115234 8700
1751229528874 0.5125799179077148 8701
1751229529893 0.7349316477775574 8702
1751229530915 0.7518426775932312 8703
1751229532057 0.9202112555503845 8704
1751229533034 1.3548399209976196 8705
1751229534062 0.9268960952758789 8706
1751229535101 0.8066936731338501 8707
1751229536098 1.3195971250534058 8708
1751229537174 0.9104244112968445 8709
1751229538199 0.022049881517887115 8710
1751229539260 0.7686631679534912 8711
1751229540329 0.499945729970932 8712
1751229541347 1.0477598905563354 8713
1751229542484 0.7623656392097473 8714
1751229543476 1.5440410375595093 8715
1751229544532 0.8619837760925293 8716
1751229545866 0.7373417019844055 8717
1751229546932 0.7129247784614563 8718
1751229548002 0.7584502100944519 8719
1751229549096 1.8207893371582031 8720
1751229550190 0.6732689738273621 8721
1751229551228 0.8158098459243774 8722
1751229552263 0.9086742401123047 8723
1751229553344 0.9745314717292786 8724
1751229554342 1.0906277894973755 8725
1751229555331 1.133503794670105 8726
1751229556374 0.6514109969139099 8727
1751229557369 0.7454729676246643 8728
1751229558377 0.5852823853492737 8729
1751229559855 0.6514875292778015 8730
1751229560915 0.7560262084007263 8731
1751229561915 0.8131138682365417 8732
1751229562950 0.7970573306083679 8733
1751229563986 0.8173646926879883 8734
1751229565001 0.41105055809020996 8735
1751229566030 0.6289774179458618 8736
1751229567054 0.6595906615257263 8737
1751229568047 0.7044134736061096 8738
1751229569038 0.6224076747894287 8739
1751229570079 0.9504287838935852 8740
1751229571101 0.7778277397155762 8741
1751229572093 0.9922412037849426 8742
1751229573110 0.5808221101760864 8743
1751229574341 1.0785034894943237 8744
1751229575444 0.8220550417900085 8745
1751229576477 0.8633705377578735 8746
1751229577491 0.6099048256874084 8747
1751229578502 0.4677737355232239 8748
1751229579513 1.1430609226226807 8749
1751229580576 0.9624044299125671 8750
1751229581569 0.6577743291854858 8751
1751229582495 0.24919867515563965 8752
1751229583557 1.5421112775802612 8753
1751229584543 0.9160192608833313 8754
1751229585582 1.1768178939819336 8755
1751229586661 0.8122111558914185 8756
1751229587506 0.5239039063453674 8757
1751229588702 0.7561168074607849 8758
1751229589684 3.3017311096191406 8759
1751229590697 0.48859912157058716 8760
1751229591750 1.2002410888671875 8761
1751229592811 0.720275342464447 8762
1751229593815 0.9029502868652344 8763
1751229594847 0.8870781064033508 8764
1751229595833 1.0536810159683228 8765
1751229596884 0.3467610478401184 8766
1751229597885 1.0934098958969116 8767
1751229598769 0.515104353427887 8768
1751229599761 1.3108848333358765 8769
1751229600791 0.9534913897514343 8770
1751229602081 0.7993738055229187 8771
1751229602926 1.0533398389816284 8772
1751229603961 1.8192600011825562 8773
1751229604875 0.8633685111999512 8774
1751229605876 0.8569124341011047 8775
1751229606934 0.5403345823287964 8776
1751229607865 1.0051993131637573 8777
1751229608920 0.45335301756858826 8778
1751229609905 0.6821889281272888 8779
1751229610898 0.7510524392127991 8780
1751229611911 0.6355747580528259 8781
1751229612919 1.1603496074676514 8782
1751229613905 0.87371426820755 8783
1751229615190 1.0859577655792236 8784
1751229616212 0.8522334098815918 8785
1751229617242 0.6479430794715881 8786
1751229618280 1.227089285850525 8787
1751229619279 0.353102445602417 8788
1751229620312 1.001491904258728 8789
1751229621315 0.939445972442627 8790
1751229622199 1.3647148609161377 8791
1751229623218 0.7588872313499451 8792
1751229624206 0.7528221011161804 8793
1751229625209 1.09505295753479 8794
1751229626234 0.7011645436286926 8795
1751229627209 0.5686547160148621 8796
1751229628225 0.6638360023498535 8797
1751229629545 0.511397659778595 8798
1751229630529 2.647165060043335 8799
1751229631536 1.1191622018814087 8800
1751229632539 0.7185208201408386 8801
1751229633412 2.8900368213653564 8802
1751229634437 0.58414226770401 8803
1751229635503 0.6686177849769592 8804
1751229636525 0.6252226829528809 8805
1751229637592 0.8143536448478699 8806
1751229638599 0.50673907995224 8807
1751229639630 1.5855886936187744 8808
1751229640640 0.6677042245864868 8809
1751229641694 1.5233992338180542 8810
1751229643026 0.5293877720832825 8811
1751229644027 0.6749429106712341 8812
1751229645021 0.6834383010864258 8813
1751229646074 0.6679008603096008 8814
1751229647146 0.4142431914806366 8815
1751229648293 0.7897056937217712 8816
1751229649349 1.1245821714401245 8817
1751229650396 0.6403927803039551 8818
1751229651408 0.5036148428916931 8819
1751229652413 0.8739733695983887 8820
1751229653411 0.7998432517051697 8821
1751229654421 0.6750167012214661 8822
1751229655730 0.6471186280250549 8823
1751229656754 1.0437284708023071 8824
1751229657781 1.2192966938018799 8825
1751229658792 0.5576802492141724 8826
1751229659811 0.790052056312561 8827
1751229660830 0.6770517230033875 8828
1751229661883 0.6693224310874939 8829
1751229662896 0.7652067542076111 8830
1751229663966 0.7086917161941528 8831
1751229664957 0.9760670065879822 8832
1751229665975 1.439003825187683 8833
1751229667115 0.9852250218391418 8834
1751229668145 0.6225454211235046 8835
1751229669463 0.6084842681884766 8836
1751229670481 0.9068136215209961 8837
1751229671349 1.0082613229751587 8838
1751229672248 1.3204344511032104 8839
1751229673274 0.622087299823761 8840
1751229674262 0.9214014410972595 8841
1751229675281 0.6955747604370117 8842
1751229676290 0.956657350063324 8843
1751229677286 0.8748024106025696 8844
1751229678307 0.3735007345676422 8845
1751229679326 0.8391804695129395 8846
1751229680357 0.5166767239570618 8847
1751229681300 0.9699264764785767 8848
1751229682563 0.7939648628234863 8849
1751229683604 1.0472294092178345 8850
1751229684617 0.6759366393089294 8851
1751229685508 0.7383573055267334 8852
1751229686554 0.6288979649543762 8853
1751229687550 1.546140193939209 8854
1751229688641 0.6384126543998718 8855
1751229689707 0.7480605244636536 8856
1751229690692 1.00706946849823 8857
1751229691665 0.824859082698822 8858
1751229692705 1.7149778604507446 8859
1751229693698 0.592503547668457 8860
1751229695014 0.6797940135002136 8861
1751229696043 0.6976460814476013 8862
1751229697039 0.5924360156059265 8863
1751229698048 1.1275711059570312 8864
1751229699063 0.8753848075866699 8865
1751229700086 0.5296325087547302 8866
1751229701125 0.416946142911911 8867
1751229702137 1.0429800748825073 8868
1751229703131 1.180240511894226 8869
1751229704141 2.215709686279297 8870
1751229705161 0.7015268206596375 8871
1751229706153 1.8042739629745483 8872
1751229707142 0.6431038975715637 8873
1751229708426 0.666226327419281 8874
1751229709440 0.7296328544616699 8875
1751229710460 0.7573163509368896 8876
1751229711428 0.8253269195556641 8877
1751229712290 3.326382875442505 8878
1751229713309 0.9198676943778992 8879
1751229714186 1.024495005607605 8880
1751229715189 0.7599712610244751 8881
1751229716187 0.3043922483921051 8882
1751229717207 0.48231250047683716 8883
1751229718103 1.4154157638549805 8884
1751229719102 1.200756311416626 8885
1751229720132 0.6540128588676453 8886
1751229721418 1.6813627481460571 8887
1751229722437 1.5714401006698608 8888
1751229723454 0.7694787383079529 8889
1751229724457 0.3770647644996643 8890
1751229725439 1.7695690393447876 8891
1751229726447 0.8821831941604614 8892
1751229727462 0.782882809638977 8893
1751229728465 0.3958060145378113 8894
1751229729539 0.7639492154121399 8895
1751229730427 0.4902060031890869 8896
1751229731487 0.9470945596694946 8897
1751229732510 0.708306074142456 8898
1751229733882 0.6406596899032593 8899
1751229734896 0.7174806594848633 8900
1751229735829 1.0129696130752563 8901
1751229737027 0.5884654521942139 8902
1751229738063 0.6113327145576477 8903
1751229739098 1.0493532419204712 8904
1751229740138 1.0210648775100708 8905
1751229741040 1.2282263040542603 8906
1751229742061 0.6851019263267517 8907
1751229743058 0.7689215540885925 8908
1751229743943 1.0645569562911987 8909
1751229744957 0.672380268573761 8910
1751229745842 1.0776242017745972 8911
1751229747020 0.7069758772850037 8912
1751229748051 1.0905503034591675 8913
1751229749045 0.8708832859992981 8914
1751229750070 0.6677398681640625 8915
1751229751130 0.18262328207492828 8916
1751229752165 0.9570619463920593 8917
1751229753245 0.9750361442565918 8918
1751229754390 0.8430231213569641 8919
1751229755386 0.8162261843681335 8920
1751229756400 1.1978882551193237 8921
1751229757395 0.511711597442627 8922
1751229758432 0.9726659655570984 8923
1751229759506 0.6460205912590027 8924
1751229760854 0.7114386558532715 8925
1751229761872 0.47494640946388245 8926
1751229762876 0.7109560966491699 8927
1751229763819 1.0797172784805298 8928
1751229764825 0.9500740170478821 8929
1751229765837 0.69270259141922 8930
1751229766736 0.8987002372741699 8931
1751229767772 1.1340001821517944 8932
1751229768763 0.7775871753692627 8933
1751229769839 0.5561997294425964 8934
1751229771015 0.7704992294311523 8935
1751229772060 0.692772388458252 8936
1751229773369 1.0867035388946533 8937
1751229774420 0.6542435884475708 8938
1751229775443 0.7116045355796814 8939
1751229776484 0.6378005146980286 8940
1751229777573 0.6038681268692017 8941
1751229778575 1.187901496887207 8942
1751229779629 0.9826189875602722 8943
1751229780621 0.6431843042373657 8944
1751229781677 0.8868919610977173 8945
1751229782754 0.48860684037208557 8946
1751229783782 0.8532921671867371 8947
1751229784793 0.8834249377250671 8948
1751229785827 0.19605116546154022 8949
1751229787102 0.4942750036716461 8950
1751229788106 0.41223546862602234 8951
1751229789131 0.5281175971031189 8952
1751229790148 0.5410734415054321 8953
1751229791139 1.2823476791381836 8954
1751229792160 1.3682419061660767 8955
1751229793192 0.7666330933570862 8956
1751229794220 0.7929494976997375 8957
1751229795240 0.30249208211898804 8958
1751229796290 0.23447518050670624 8959
1751229797316 0.7134856581687927 8960
1751229798379 0.754969596862793 8961
1751229799391 1.2163705825805664 8962
1751229800602 1.5624488592147827 8963
1751229801627 1.2084870338439941 8964
1751229802632 0.6837577223777771 8965
1751229803504 0.9525460600852966 8966
1751229804541 0.9137660264968872 8967
1751229805562 0.7205678224563599 8968
1751229806473 1.1154245138168335 8969
1751229807495 0.9766084551811218 8970
1751229808539 1.9714702367782593 8971
1751229809536 1.80174720287323 8972
1751229810536 0.7677133679389954 8973
1751229811568 0.5787023901939392 8974
1751229812694 2.9720661640167236 8975
1751229813682 0.5883870124816895 8976
1751229814697 0.7903851866722107 8977
1751229815701 1.0154422521591187 8978
1751229816709 0.7479599118232727 8979
1751229817707 1.1383541822433472 8980
1751229818560 0.8907128572463989 8981
1751229819597 0.5047955513000488 8982
1751229820597 0.795117199420929 8983
1751229821476 0.8638116121292114 8984
1751229822484 1.0084635019302368 8985
1751229823508 1.1552947759628296 8986
1751229824502 0.8071972131729126 8987
1751229825948 0.981058657169342 8988
1751229827014 0.8074920773506165 8989
1751229828064 1.2065613269805908 8990
1751229829091 1.0341252088546753 8991
1751229830091 0.7429754137992859 8992
1751229830964 1.584384799003601 8993
1751229831953 1.3688257932662964 8994
1751229832951 0.8057872653007507 8995
1751229834013 0.6982766389846802 8996
1751229835033 0.8613896369934082 8997
1751229836020 1.0962117910385132 8998
1751229837037 0.8256586194038391 8999
1751229838050 0.623184859752655 9000
1751229890295 0.3951297700405121 9001
1751229891321 1.1864897012710571 9002
1751229892325 0.5903946161270142 9003
1751229893401 0.518023669719696 9004
1751229894417 0.2901969254016876 9005
1751229895439 0.9774906039237976 9006
1751229896307 1.0045349597930908 9007
1751229897389 0.7097434997558594 9008
1751229898372 0.7506605982780457 9009
1751229899412 1.117070198059082 9010
1751229900460 0.6273037791252136 9011
1751229901513 0.8390669822692871 9012
1751229902856 0.7997574210166931 9013
1751229903881 0.061312589794397354 9014
1751229904877 0.7596325278282166 9015
1751229905915 0.6960592865943909 9016
1751229906900 0.7221238017082214 9017
1751229907970 1.0014512538909912 9018
1751229909022 0.9035785794258118 9019
1751229910029 1.181230902671814 9020
1751229911056 0.8801685571670532 9021
1751229912034 0.7700341939926147 9022
1751229913026 1.1661486625671387 9023
1751229914076 1.1152294874191284 9024
1751229915075 0.7510939836502075 9025
1751229916354 0.038799822330474854 9026
1751229917357 1.1004409790039062 9027
1751229918367 0.7125654220581055 9028
1751229919407 0.8955947756767273 9029
1751229920289 1.0977650880813599 9030
1751229921293 0.7811673283576965 9031
1751229922294 0.712760865688324 9032
1751229923320 0.9384233355522156 9033
1751229924346 0.7764957547187805 9034
1751229925352 0.9166399240493774 9035
1751229926362 0.6451398730278015 9036
1751229927351 0.7645367383956909 9037
1751229928388 0.9259506464004517 9038
1751229929641 0.9311375021934509 9039
1751229930513 1.4521539211273193 9040
1751229931389 1.9477348327636719 9041
1751229932396 1.6368343830108643 9042
1751229933395 0.7184023857116699 9043
1751229934424 0.619982898235321 9044
1751229935454 1.2498834133148193 9045
1751229936497 0.8659562468528748 9046
1751229937389 1.3945894241333008 9047
1751229938548 1.1248154640197754 9048
1751229939635 0.6539602279663086 9049
1751229940674 0.1716524362564087 9050
1751229941705 0.4931962192058563 9051
1751229942962 0.27354568243026733 9052
1751229943946 0.9250695109367371 9053
1751229944984 1.13606858253479 9054
1751229945985 0.6278499364852905 9055
1751229946999 0.5840948224067688 9056
1751229948028 0.7151607275009155 9057
1751229948908 1.1923006772994995 9058
1751229949954 1.31937837600708 9059
1751229950988 0.9461221694946289 9060
1751229952057 1.078674554824829 9061
1751229953055 0.6823343634605408 9062
1751229954146 1.180802345275879 9063
1751229955601 0.6898793578147888 9064
1751229956617 0.8990409970283508 9065
1751229957642 0.45971617102622986 9066
1751229958663 1.0725435018539429 9067
1751229959672 0.42329293489456177 9068
1751229960665 0.28764715790748596 9069
1751229961740 1.139699935913086 9070
1751229962774 0.7561976313591003 9071
1751229963781 0.7305272221565247 9072
1751229964760 0.6474040150642395 9073
1751229965757 1.6249843835830688 9074
1751229966775 1.5672123432159424 9075
1751229967815 0.825554370880127 9076
1751229969128 0.9521595239639282 9077
1751229969978 1.2163478136062622 9078
1751229971023 1.1563689708709717 9079
1751229972052 1.8565796613693237 9080
1751229973078 0.16893301904201508 9081
1751229974101 0.5837814211845398 9082
1751229974962 0.1776726245880127 9083
1751229976035 1.2973977327346802 9084
1751229977064 0.6617113947868347 9085
1751229977920 1.2614258527755737 9086
1751229978940 0.7650706171989441 9087
1751229979983 1.033908486366272 9088
1751229981008 1.1261523962020874 9089
1751229982286 1.5386275053024292 9090
1751229983165 0.9504322409629822 9091
1751229984143 0.6044225096702576 9092
1751229985152 1.20219886302948 9093
1751229986144 1.0592492818832397 9094
1751229987161 0.6709140539169312 9095
1751229988163 0.4167446792125702 9096
1751229989181 0.542165994644165 9097
1751229990195 1.3300628662109375 9098
1751229991216 0.6423789262771606 9099
1751229992208 0.5593971610069275 9100
1751229993200 0.7578155398368835 9101
1751229994506 1.2600077390670776 9102
1751229995575 0.5976951122283936 9103
1751229996470 1.0790871381759644 9104
1751229997492 0.8456854820251465 9105
1751229998568 1.1484289169311523 9106
1751229999558 0.31589359045028687 9107
1751230000567 0.9868460893630981 9108
1751230001380 3.518517255783081 9109
1751230002413 0.7583712339401245 9110
1751230003434 0.9078294038772583 9111
1751230004426 0.8584742546081543 9112
1751230005447 0.7360761761665344 9113
1751230006481 1.2715059518814087 9114
1751230007847 1.166397213935852 9115
1751230008763 0.8303133249282837 9116
1751230009787 0.5590710639953613 9117
1751230010976 0.6319581866264343 9118
1751230012012 0.9088331460952759 9119
1751230013073 0.5010343194007874 9120
1751230014117 1.3526397943496704 9121
1751230015012 1.6993709802627563 9122
1751230015917 0.48655256628990173 9123
1751230016941 0.7975521683692932 9124
1751230017977 0.7284671664237976 9125
1751230018986 0.8034524321556091 9126
1751230019976 0.5883119702339172 9127
1751230021246 0.7551811933517456 9128
1751230022257 0.5246942639350891 9129
1751230023240 0.8866326212882996 9130
1751230024262 1.07725989818573 9131
1751230025160 0.9064950942993164 9132
1751230026214 0.46124663949012756 9133
1751230027385 1.0667980909347534 9134
1751230028418 0.19062338769435883 9135
1751230029423 0.5093870162963867 9136
1751230030434 0.85418701171875 9137
1751230031439 0.6427215337753296 9138
1751230032451 0.7421738505363464 9139
1751230033721 0.605613648891449 9140
1751230034734 0.6697062849998474 9141
1751230035763 0.4602269232273102 9142
1751230036781 0.5150254964828491 9143
1751230037804 0.8932938575744629 9144
1751230038848 1.090493083000183 9145
1751230039760 1.2196840047836304 9146
1751230040755 0.7233657836914062 9147
1751230041768 0.7246199250221252 9148
1751230042641 0.7292823791503906 9149
1751230043743 0.7110826373100281 9150
1751230044871 0.6532647013664246 9151
1751230046198 0.8445320129394531 9152
1751230047189 1.458052635192871 9153
1751230048233 0.6778108477592468 9154
1751230049260 0.7983502745628357 9155
1751230050274 0.7182839512825012 9156
1751230051322 0.7239844799041748 9157
1751230052331 0.5623865127563477 9158
1751230053331 1.0777195692062378 9159
1751230054349 0.8457916378974915 9160
1751230055350 1.1117995977401733 9161
1751230056350 0.6317991614341736 9162
1751230057427 0.5297179222106934 9163
1751230058775 0.5272140502929688 9164
1751230059802 0.7958002090454102 9165
1751230060677 1.4702242612838745 9166
1751230061686 1.003771185874939 9167
1751230062701 1.383514642715454 9168
1751230063717 0.6508593559265137 9169
1751230064734 0.5385929942131042 9170
1751230065816 1.840981125831604 9171
1751230066693 1.493778109550476 9172
1751230067700 3.2249112129211426 9173
1751230068712 0.8820458650588989 9174
1751230069735 0.15734651684761047 9175
1751230071089 1.821539282798767 9176
1751230072190 0.23679137229919434 9177
1751230073202 1.1304924488067627 9178
1751230074263 0.5603212714195251 9179
1751230075308 0.7308125495910645 9180
1751230076366 0.9762855172157288 9181
1751230077359 0.8392263054847717 9182
1751230078235 1.2233062982559204 9183
1751230079286 0.9468668103218079 9184
1751230080182 1.0260740518569946 9185
1751230081186 0.5775907635688782 9186
1751230082235 0.831225574016571 9187
1751230083235 1.2189511060714722 9188
1751230084571 0.47246161103248596 9189
1751230085604 0.7501820921897888 9190
1751230086592 0.8414236307144165 9191
1751230087598 0.446566104888916 9192
1751230088630 0.7941350340843201 9193
1751230089647 0.8271805047988892 9194
1751230090655 0.820427417755127 9195
1751230091666 0.755925178527832 9196
1751230092763 0.789538562297821 9197
1751230093811 1.1979007720947266 9198
1751230094829 1.6445164680480957 9199
1751230095849 0.4097305238246918 9200
1751230097141 0.589958906173706 9201
1751230098138 0.9278258085250854 9202
1751230099112 1.0199161767959595 9203
1751230100135 0.5668339729309082 9204
1751230101120 1.0277732610702515 9205
1751230102088 1.2111666202545166 9206
1751230103141 0.6538835763931274 9207
1751230104115 0.8593462109565735 9208
1751230105142 0.8751974105834961 9209
1751230106160 1.0545275211334229 9210
1751230107331 1.000810980796814 9211
1751230108357 1.1262624263763428 9212
1751230109655 0.5378143191337585 9213
1751230110657 0.8961210250854492 9214
1751230111696 1.0034157037734985 9215
1751230112718 0.7049133777618408 9216
1751230113790 0.9240909814834595 9217
1751230114792 0.9627243280410767 9218
1751230115811 1.1693028211593628 9219
1751230116687 0.7178153991699219 9220
1751230117735 0.9551677703857422 9221
1751230118739 0.8278797268867493 9222
1751230119636 0.9908884167671204 9223
1751230120645 0.37932392954826355 9224
1751230121998 0.6206714510917664 9225
1751230123126 0.8944981098175049 9226
1751230124159 0.24070996046066284 9227
1751230125213 1.0754297971725464 9228
1751230126247 0.6769594550132751 9229
1751230127249 1.1997501850128174 9230
1751230128252 1.0004335641860962 9231
1751230129262 0.4173222482204437 9232
1751230130281 0.6530041694641113 9233
1751230131280 1.071548342704773 9234
1751230132346 1.3717139959335327 9235
1751230133376 0.6901840567588806 9236
1751230134673 0.6163725256919861 9237
1751230135547 0.5242658853530884 9238
1751230136601 0.7180171608924866 9239
1751230137610 0.9173051714897156 9240
1751230138668 1.328705072402954 9241
1751230139745 1.0063178539276123 9242
1751230140881 0.7806716561317444 9243
1751230141919 1.6278709173202515 9244
1751230142938 0.5564406514167786 9245
1751230143988 1.620632529258728 9246
1751230145002 1.0459904670715332 9247
1751230146004 1.740687608718872 9248
1751230147284 0.7898560166358948 9249
1751230148168 0.8321344256401062 9250
1751230149196 0.5857454538345337 9251
1751230150215 0.742169976234436 9252
1751230151256 0.7521798014640808 9253
1751230152358 0.7171797156333923 9254
1751230153395 0.7395142912864685 9255
1751230154401 0.7442710995674133 9256
1751230155415 1.0522946119308472 9257
1751230156434 0.7881072759628296 9258
1751230157429 2.3534791469573975 9259
1751230158498 0.891226589679718 9260
1751230159797 0.8748890161514282 9261
1751230160803 1.1283166408538818 9262
1751230161830 0.8456102609634399 9263
1751230162857 0.9630821347236633 9264
1751230163882 1.3409879207611084 9265
1751230164913 0.06838291883468628 9266
1751230165901 0.9718317985534668 9267
1751230166923 0.684144139289856 9268
1751230167998 1.182251214981079 9269
1751230168996 0.5099390745162964 9270
1751230170026 0.9930816888809204 9271
1751230171036 0.8331846594810486 9272
1751230172285 0.6839370131492615 9273
1751230173265 0.6061035990715027 9274
1751230174303 0.689802348613739 9275
1751230175319 1.0485857725143433 9276
1751230176346 1.46942138671875 9277
1751230177374 0.3895675837993622 9278
1751230178379 0.6257613301277161 9279
1751230179373 0.6952903270721436 9280
1751230180379 0.6330845952033997 9281
1751230181500 0.677046537399292 9282
1751230182524 0.4837944209575653 9283
1751230183383 0.9863306879997253 9284
1751230184660 1.5840648412704468 9285
1751230185719 1.639966607093811 9286
1751230186723 0.6177160739898682 9287
1751230187590 0.5911194086074829 9288
1751230188567 0.7489804625511169 9289
1751230189565 1.1341618299484253 9290
1751230190398 0.3789827823638916 9291
1751230191428 1.0369760990142822 9292
1751230192472 0.5663699507713318 9293
1751230193481 0.49062594771385193 9294
1751230194466 0.649412214756012 9295
1751230195480 0.993558406829834 9296
1751230196835 0.6746869087219238 9297
1751230197841 0.6230325102806091 9298
1751230198873 0.8919913172721863 9299
1751230199920 1.0673612356185913 9300
1751230200937 0.8229572176933289 9301
1751230202097 1.794642448425293 9302
1751230203101 0.5351107716560364 9303
1751230204149 0.6986557841300964 9304
1751230205197 1.7391718626022339 9305
1751230206236 0.749018132686615 9306
1751230207255 0.9898790121078491 9307
1751230208259 0.6328688859939575 9308
1751230209603 0.6245296597480774 9309
1751230210617 0.62800532579422 9310
1751230211653 0.9036003351211548 9311
1751230212656 1.3883215188980103 9312
1751230213653 0.8610835075378418 9313
1751230214675 1.5953078269958496 9314
1751230215720 0.5416221022605896 9315
1751230216752 1.6177555322647095 9316
1751230217773 0.6891423463821411 9317
1751230218777 0.8412405252456665 9318
1751230219912 0.6818564534187317 9319
1751230220908 0.773668646812439 9320
1751230222203 0.7095369696617126 9321
1751230223235 0.7443563938140869 9322
1751230224222 0.7599902749061584 9323
1751230225050 0.7942530512809753 9324
1751230225907 1.2665876150131226 9325
1751230226920 0.8474454879760742 9326
1751230227809 0.9026414752006531 9327
1751230228817 0.6818129420280457 9328
1751230229829 0.706329345703125 9329
1751230230866 0.7245258688926697 9330
1751230231854 0.9487226605415344 9331
1751230232912 1.0660908222198486 9332
1751230234197 0.6439788937568665 9333
1751230235048 1.9383985996246338 9334
1751230236119 0.8242208361625671 9335
1751230237256 1.0772465467453003 9336
1751230238252 0.5664262175559998 9337
1751230239142 1.2563536167144775 9338
1751230240162 0.7266072630882263 9339
1751230241162 1.0316901206970215 9340
1751230242185 0.5817691683769226 9341
1751230243208 0.9062656760215759 9342
1751230244222 0.6970481276512146 9343
1751230245217 0.488302618265152 9344
1751230246515 0.4817029535770416 9345
1751230247579 0.6824659109115601 9346
1751230248598 0.8567923903465271 9347
1751230249509 1.1538408994674683 9348
1751230250385 0.9349184036254883 9349
1751230251425 0.5485779047012329 9350
1751230252469 0.9153593182563782 9351
1751230253452 1.266299843788147 9352
1751230254467 0.9123119711875916 9353
1751230255542 0.5970690846443176 9354
1751230256554 1.1590014696121216 9355
1751230257569 0.8045758605003357 9356
1751230258831 1.4433573484420776 9357
1751230259835 0.02700977399945259 9358
1751230260851 1.0257819890975952 9359
1751230261864 0.6120893359184265 9360
1751230262850 0.8400092124938965 9361
1751230263856 0.5388223528862 9362
1751230264916 0.8588828444480896 9363
1751230265932 0.6727708578109741 9364
1751230266945 1.0992393493652344 9365
1751230267914 0.7677955031394958 9366
1751230268939 1.7866007089614868 9367
1751230269945 0.6848317980766296 9368
1751230271242 0.7625323534011841 9369
1751230272297 0.5526562929153442 9370
1751230273332 0.6752599477767944 9371
1751230274347 0.19555769860744476 9372
1751230275340 0.5250139236450195 9373
1751230276391 0.6992664933204651 9374
1751230277422 0.47152405977249146 9375
1751230278465 0.5402775406837463 9376
1751230279469 0.8087862133979797 9377
1751230280483 1.684588074684143 9378
1751230281481 1.0701971054077148 9379
1751230282470 0.5459691882133484 9380
1751230283761 0.38444241881370544 9381
1751230284762 0.2773303687572479 9382
1751230285775 1.2400788068771362 9383
1751230286814 0.8914399147033691 9384
1751230287835 1.1295353174209595 9385
1751230288845 0.46983104944229126 9386
1751230289877 0.33950096368789673 9387
1751230290887 0.5355778932571411 9388
1751230291891 0.591895580291748 9389
1751230292946 1.0725016593933105 9390
1751230293801 1.3894894123077393 9391
1751230294846 0.858167827129364 9392
1751230296009 1.6932247877120972 9393
1751230297026 0.3016307055950165 9394
1751230298072 0.572439432144165 9395
1751230299059 0.5876229405403137 9396
1751230300114 0.6887395977973938 9397
1751230301135 0.6363751292228699 9398
1751230302149 0.6775974631309509 9399
1751230303163 0.6908554434776306 9400
1751230304038 0.6857029795646667 9401
1751230305039 0.5641668438911438 9402
1751230306086 0.794369637966156 9403
1751230307082 1.0994423627853394 9404
1751230308521 0.7348417639732361 9405
1751230309431 1.3037042617797852 9406
1751230310430 0.8571926951408386 9407
1751230311437 0.6887373924255371 9408
1751230312437 0.7834537625312805 9409
1751230313507 0.8880512118339539 9410
1751230314548 0.7251059412956238 9411
1751230315429 1.1290043592453003 9412
1751230316433 0.6113533973693848 9413
1751230317424 0.7572489380836487 9414
1751230318447 0.6869542002677917 9415
1751230319443 0.5576533079147339 9416
1751230320830 1.0919793844223022 9417
1751230321818 0.7665261626243591 9418
1751230322911 0.7142801880836487 9419
1751230323946 0.6772717833518982 9420
1751230325117 0.5971102118492126 9421
1751230326143 0.9753209948539734 9422
1751230327128 0.6966371536254883 9423
1751230328159 1.213818073272705 9424
1751230329145 0.679705023765564 9425
1751230330075 1.0611287355422974 9426
1751230331101 0.8689514398574829 9427
1751230332099 1.1912486553192139 9428
1751230333413 0.7417638897895813 9429
1751230334427 0.5441403985023499 9430
1751230335430 0.4906361699104309 9431
1751230336466 0.5384478569030762 9432
1751230337496 0.7500783801078796 9433
1751230338549 0.8541671633720398 9434
1751230339604 0.5486692786216736 9435
1751230340590 0.40090295672416687 9436
1751230341591 0.5461632013320923 9437
1751230342621 0.9632648825645447 9438
1751230343644 0.6978239417076111 9439
1751230344701 0.7691393494606018 9440
1751230345968 0.892562210559845 9441
1751230346988 0.7698004245758057 9442
1751230348038 0.7222053408622742 9443
1751230349045 0.9186927676200867 9444
1751230350061 0.53985595703125 9445
1751230351069 0.719138503074646 9446
1751230352052 0.5751849412918091 9447
1751230353063 0.79900062084198 9448
1751230354077 0.9881089329719543 9449
1751230355098 0.6156014204025269 9450
1751230356134 1.3806941509246826 9451
1751230356988 0.8884972929954529 9452
1751230358275 0.696221113204956 9453
1751230359184 0.6336659789085388 9454
1751230360072 1.072595238685608 9455
1751230361103 0.6038119196891785 9456
1751230362104 0.8682965040206909 9457
1751230363133 1.0157684087753296 9458
1751230364189 0.43271246552467346 9459
1751230365264 1.3613048791885376 9460
1751230366269 0.4846270680427551 9461
1751230367295 1.0178451538085938 9462
1751230368308 0.6954562067985535 9463
1751230369333 0.5181086659431458 9464
1751230370630 0.684622585773468 9465
1751230371656 0.43939051032066345 9466
1751230372690 0.8987573981285095 9467
1751230373676 0.581009566783905 9468
1751230374703 1.0548256635665894 9469
1751230375699 0.7211500406265259 9470
1751230376686 0.6749359965324402 9471
1751230377542 1.1030553579330444 9472
1751230378427 1.0286610126495361 9473
1751230379269 1.3678375482559204 9474
1751230380289 0.5124209523200989 9475
1751230381317 0.8821245431900024 9476
1751230382655 0.7852238416671753 9477
1751230383676 0.8457698225975037 9478
1751230384699 0.7354156970977783 9479
1751230385721 0.8179396986961365 9480
1751230386771 0.38573700189590454 9481
1751230387958 0.5906166434288025 9482
1751230388999 0.7265598177909851 9483
1751230390058 0.8782195448875427 9484
1751230391070 0.9711654782295227 9485
1751230392138 0.7895855903625488 9486
1751230393131 0.45530301332473755 9487
1751230394179 0.9466202259063721 9488
1751230395503 0.3968713879585266 9489
1751230396493 1.0517617464065552 9490
1751230397357 0.8157623410224915 9491
1751230398397 0.8017333149909973 9492
1751230399395 0.5487422943115234 9493
1751230400467 0.5144019722938538 9494
1751230401470 0.6629698276519775 9495
1751230402524 0.8011979460716248 9496
1751230403567 1.4241772890090942 9497
1751230404728 0.4991486072540283 9498
1751230405764 0.7610498070716858 9499
1751230406830 0.7282659411430359 9500
1751230408104 0.453505277633667 9501
1751230409122 0.9398279786109924 9502
1751230410155 0.8585058450698853 9503
1751230411181 0.7773395776748657 9504
1751230412215 0.8069507479667664 9505
1751230413206 0.9640796780586243 9506
1751230414271 0.05937974527478218 9507
1751230415323 1.0054653882980347 9508
1751230416351 0.6874770522117615 9509
1751230417379 0.5867459177970886 9510
1751230418401 0.7842466235160828 9511
1751230419432 0.5344135165214539 9512
1751230420488 0.0910695418715477 9513
1751230421871 0.6859384775161743 9514
1751230422884 0.4864270091056824 9515
1751230423745 0.8329078555107117 9516
1751230424779 0.7803120017051697 9517
1751230425812 0.8709120154380798 9518
1751230426797 0.5823001265525818 9519
1751230427788 1.2717803716659546 9520
1751230428840 0.9523412585258484 9521
1751230429735 1.3226414918899536 9522
1751230430749 0.5634002089500427 9523
1751230431883 1.0111411809921265 9524
1751230432752 0.9722647070884705 9525
1751230433810 0.41692230105400085 9526
1751230434816 0.9571884274482727 9527
1751230435842 0.8545622229576111 9528
1751230436925 0.882509708404541 9529
1751230437945 0.43551310896873474 9530
1751230438967 0.8746175169944763 9531
1751230439975 0.8836920857429504 9532
1751230440999 0.6096746325492859 9533
1751230442038 0.6606898307800293 9534
1751230443374 0.7624394297599792 9535
1751230444382 0.6568886637687683 9536
1751230445398 0.4994122087955475 9537
1751230446414 0.7085816264152527 9538
1751230447424 0.5296024680137634 9539
1751230448427 0.9037915468215942 9540
1751230449426 0.7568928599357605 9541
1751230450468 0.9096658825874329 9542
1751230451498 0.48992791771888733 9543
1751230452554 0.9673415422439575 9544
1751230453580 0.9121274948120117 9545
1751230454611 1.0532373189926147 9546
1751230455886 0.9668421745300293 9547
1751230456878 0.6923083066940308 9548
1751230457877 0.4888942837715149 9549
1751230458898 1.5896224975585938 9550
1751230459918 0.7298973202705383 9551
1751230460962 0.3283655643463135 9552
1751230461957 0.6031931638717651 9553
1751230462984 0.8819522857666016 9554
1751230464012 0.6930558681488037 9555
1751230465045 0.9111453890800476 9556
1751230466049 1.4247779846191406 9557
1751230466955 1.2868711948394775 9558
1751230468284 0.6553447842597961 9559
1751230469307 0.918330192565918 9560
1751230470292 0.7497631311416626 9561
1751230471319 0.7461904287338257 9562
1751230472214 1.4919536113739014 9563
1751230473218 0.7393078207969666 9564
1751230474293 0.7017595171928406 9565
1751230475345 1.21916925907135 9566
1751230476500 0.7422057390213013 9567
1751230477399 2.1720898151397705 9568
1751230478401 0.6026006937026978 9569
1751230479525 1.386328101158142 9570
1751230480582 0.751712441444397 9571
1751230481638 1.1079272031784058 9572
1751230482637 0.6001320481300354 9573
1751230483613 0.846734344959259 9574
1751230484635 0.9100273251533508 9575
1751230485705 1.196169137954712 9576
1751230486718 0.7017640471458435 9577
1751230487764 0.8946224451065063 9578
1751230488869 0.9406717419624329 9579
1751230489880 1.3838335275650024 9580
1751230491182 1.5093460083007812 9581
1751230492289 0.2531364858150482 9582
1751230493507 0.5764020085334778 9583
1751230494407 0.6937739849090576 9584
1751230495283 1.1548031568527222 9585
1751230496277 0.7700849175453186 9586
1751230497164 0.6974443793296814 9587
1751230498201 0.34405210614204407 9588
1751230499225 0.8672792315483093 9589
1751230500233 0.7460870146751404 9590
1751230501249 0.6433728337287903 9591
1751230502614 0.7676077485084534 9592
1751230503614 0.7748324871063232 9593
1751230504745 0.24994538724422455 9594
1751230505797 0.9955301284790039 9595
1751230506829 0.5150824189186096 9596
1751230507871 1.2345038652420044 9597
1751230508903 0.6011743545532227 9598
1751230510028 0.7433868050575256 9599
1751230511129 0.7922903299331665 9600
1751230512208 0.6463982462882996 9601
1751230513227 1.1599615812301636 9602
1751230514101 0.8390437364578247 9603
1751230515388 0.970781147480011 9604
1751230516400 0.8210107684135437 9605
1751230517438 0.8047636151313782 9606
1751230518429 0.4929051101207733 9607
1751230519462 0.4069705605506897 9608
1751230520483 0.6385518908500671 9609
1751230521502 0.08213852345943451 9610
1751230522404 1.6595795154571533 9611
1751230523440 0.8677058219909668 9612
1751230524477 0.5530856847763062 9613
1751230525480 0.7049503922462463 9614
1751230526360 1.064900279045105 9615
1751230527635 0.9952101111412048 9616
1751230528646 0.5396906137466431 9617
1751230529713 0.6913772225379944 9618
1751230530751 0.6601158976554871 9619
1751230531598 1.235791802406311 9620
1751230532616 0.6184033751487732 9621
1751230533611 0.7738351225852966 9622
1751230534619 0.5176491737365723 9623
1751230535666 0.6110568642616272 9624
1751230536695 0.8340301513671875 9625
1751230537716 0.5941423177719116 9626
1751230539008 0.76397705078125 9627
1751230540072 0.8275249600410461 9628
1751230541134 1.1555182933807373 9629
1751230542126 0.7401424050331116 9630
1751230543103 0.801548957824707 9631
1751230544109 0.666974663734436 9632
1751230545133 0.5634443759918213 9633
1751230546117 0.6364044547080994 9634
1751230547128 0.8067020773887634 9635
1751230548016 0.9561956524848938 9636
1751230549043 0.39980730414390564 9637
1751230550424 0.49136242270469666 9638
1751230551432 0.8675417304039001 9639
1751230552427 1.0876866579055786 9640
1751230553456 1.354246735572815 9641
1751230554465 1.7963684797286987 9642
1751230555484 0.5093292593955994 9643
1751230556499 1.386592984199524 9644
1751230557370 0.37705278396606445 9645
1751230558381 0.7867722511291504 9646
1751230559426 0.8422975540161133 9647
1751230560467 0.7283653616905212 9648
1751230561477 0.7496776580810547 9649
1751230562461 0.5013924241065979 9650
1751230563818 0.7191255688667297 9651
1751230564859 0.5665678381919861 9652
1751230565909 0.7379816770553589 9653
1751230566937 1.4146406650543213 9654
1751230567965 0.6254083514213562 9655
1751230568858 1.228352427482605 9656
1751230569882 0.5897502303123474 9657
1751230570880 0.45676159858703613 9658
1751230571874 0.5504159927368164 9659
1751230572953 1.9032560586929321 9660
1751230574077 0.9277669787406921 9661
1751230575439 1.0875951051712036 9662
1751230576508 0.9268807768821716 9663
1751230577529 0.6631649136543274 9664
1751230578557 0.8141185641288757 9665
1751230579537 1.1778781414031982 9666
1751230580566 0.7899682521820068 9667
1751230581578 0.39876025915145874 9668
1751230582615 0.7792158126831055 9669
1751230583659 0.7196518778800964 9670
1751230584737 0.7333048582077026 9671
1751230585804 0.5969387292861938 9672
1751230587147 0.6206461787223816 9673
1751230588199 0.7063347697257996 9674
1751230589337 1.12407386302948 9675
1751230590349 0.9826504588127136 9676
1751230591374 0.9048298001289368 9677
1751230592425 0.6888812780380249 9678
1751230593430 0.5893046259880066 9679
1751230594451 0.6009909510612488 9680
1751230595473 0.4102609157562256 9681
1751230596480 1.2389777898788452 9682
1751230597494 1.2947514057159424 9683
1751230598357 0.8791689276695251 9684
1751230599420 1.2797201871871948 9685
1751230600694 0.7286133766174316 9686
1751230601715 0.5913649201393127 9687
1751230602749 0.5492666363716125 9688
1751230603777 0.6010270118713379 9689
1751230604787 0.48431310057640076 9690
1751230605878 0.5060234069824219 9691
1751230607027 0.7106788158416748 9692
1751230608093 0.9687442779541016 9693
1751230609098 0.6322076916694641 9694
1751230610152 0.6720743179321289 9695
1751230611435 0.8612747192382812 9696
1751230612492 0.8869162797927856 9697
1751230613469 1.4788106679916382 9698
1751230614479 0.6308196187019348 9699
1751230615493 0.7194063663482666 9700
1751230616504 1.4165897369384766 9701
1751230617496 0.6221559643745422 9702
1751230618538 0.591893196105957 9703
1751230619424 1.594948410987854 9704
1751230620316 0.6724928021430969 9705
1751230621330 0.977777898311615 9706
1751230622590 0.8233674168586731 9707
1751230623517 0.7874742746353149 9708
1751230624545 1.5526615381240845 9709
1751230625549 0.6713935136795044 9710
1751230626591 0.9153860211372375 9711
1751230627476 1.0204302072525024 9712
1751230628568 0.6155683398246765 9713
1751230629598 0.7673019766807556 9714
1751230630581 0.7724727988243103 9715
1751230631592 0.8880433440208435 9716
1751230632601 0.531129777431488 9717
1751230633633 0.6982410550117493 9718
1751230634937 0.7759072780609131 9719
1751230635779 0.9159757494926453 9720
1751230636789 0.7036558985710144 9721
1751230637837 1.1765185594558716 9722
1751230638839 0.9522479176521301 9723
1751230639889 0.6400548219680786 9724
1751230640748 0.8509413003921509 9725
1751230641778 1.08340585231781 9726
1751230642814 0.7736018896102905 9727
1751230643850 0.659866213798523 9728
1751230644881 1.037394404411316 9729
1751230645896 0.7568957805633545 9730
1751230647210 1.8355225324630737 9731
1751230648230 0.7773560881614685 9732
1751230649114 0.986956775188446 9733
1751230650124 0.650472104549408 9734
1751230651154 0.9173069000244141 9735
1751230652168 1.1105600595474243 9736
1751230653178 0.39371687173843384 9737
1751230654208 0.714461088180542 9738
1751230655210 1.0909820795059204 9739
1751230656253 0.42573538422584534 9740
1751230657343 0.5578770041465759 9741
1751230658618 0.9097685813903809 9742
1751230659672 0.7071592211723328 9743
1751230660698 0.692172646522522 9744
1751230661698 0.5224652290344238 9745
1751230662658 1.8714908361434937 9746
1751230663678 0.516864001750946 9747
1751230664696 0.40156862139701843 9748
1751230665733 0.9680300951004028 9749
1751230666789 0.7622542381286621 9750
1751230667802 0.6515557169914246 9751
1751230668997 0.8500661253929138 9752
1751230670356 1.0717874765396118 9753
1751230671364 0.7351077198982239 9754
1751230672360 0.9688282608985901 9755
1751230673380 0.7785529494285583 9756
1751230674374 3.1569974422454834 9757
1751230675411 1.7440853118896484 9758
1751230676449 0.884704053401947 9759
1751230677463 0.8940553665161133 9760
1751230678473 0.935949444770813 9761
1751230679353 0.19845779240131378 9762
1751230680381 0.7576335072517395 9763
1751230681438 0.8753507733345032 9764
1751230682464 0.72834712266922 9765
1751230683779 1.0862528085708618 9766
1751230684822 0.6595432162284851 9767
1751230685986 0.7959624528884888 9768
1751230687043 1.0447666645050049 9769
1751230688042 0.9605094790458679 9770
1751230689054 0.28076717257499695 9771
1751230690078 0.9670783877372742 9772
1751230691110 0.7836970090866089 9773
1751230692139 0.8586809635162354 9774
1751230693156 0.6315469145774841 9775
1751230694161 0.7316002249717712 9776
1751230695434 0.9101724624633789 9777
1751230696309 0.6484148502349854 9778
1751230697323 1.2210296392440796 9779
1751230698396 1.0146974325180054 9780
1751230699450 0.03739515319466591 9781
1751230700348 0.931007981300354 9782
1751230701235 1.2678440809249878 9783
1751230702406 0.802463173866272 9784
1751230703451 1.1107478141784668 9785
1751230704487 0.6400397419929504 9786
1751230705367 0.640160083770752 9787
1751230706660 0.767983615398407 9788
1751230707681 0.8533892631530762 9789
1751230708721 1.042728066444397 9790
1751230709588 1.0060523748397827 9791
1751230710645 0.6615316867828369 9792
1751230711720 0.9945538640022278 9793
1751230712754 1.1317180395126343 9794
1751230713653 0.8370469212532043 9795
1751230714715 0.8887818455696106 9796
1751230715801 0.586752712726593 9797
1751230716843 0.8987043499946594 9798
1751230717875 0.8230959177017212 9799
1751230718944 0.6872140765190125 9800
1751230720322 0.9144241213798523 9801
1751230721330 0.5676014423370361 9802
1751230722361 1.6496953964233398 9803
1751230723407 0.8276010751724243 9804
1751230724395 0.7792878746986389 9805
1751230725269 1.035528302192688 9806
1751230726286 0.7296483516693115 9807
1751230727295 1.0409497022628784 9808
1751230728307 1.6545921564102173 9809
1751230729193 1.1447086334228516 9810
1751230730213 1.3690249919891357 9811
1751230731226 0.7704784274101257 9812
1751230732440 0.7251232862472534 9813
1751230733478 0.5473213195800781 9814
1751230734458 1.0282871723175049 9815
1751230735467 0.6048579216003418 9816
1751230736488 0.6943024396896362 9817
1751230737352 0.9552387595176697 9818
1751230738402 0.7578237652778625 9819
1751230739452 0.48678189516067505 9820
1751230740519 0.690238893032074 9821
1751230741557 1.1984390020370483 9822
1751230742616 0.4248715937137604 9823
1751230743643 0.6142577528953552 9824
1751230744969 0.7542811036109924 9825
1751230745978 1.4904375076293945 9826
1751230747028 0.8119949698448181 9827
1751230748043 0.2872002124786377 9828
1751230749069 0.5932697057723999 9829
1751230750050 0.42378243803977966 9830
1751230751085 0.046986375004053116 9831
1751230752135 0.7531279921531677 9832
1751230753114 0.23624932765960693 9833
1751230754158 0.43635454773902893 9834
1751230755396 0.8539145588874817 9835
1751230756426 0.428693026304245 9836
1751230757477 1.3511472940444946 9837
1751230758511 0.6714258193969727 9838
1751230759522 0.7268156409263611 9839
1751230760515 0.6090474724769592 9840
1751230761523 1.031136393547058 9841
1751230762618 0.6837515830993652 9842
1751230763662 0.5502129197120667 9843
1751230764722 0.9428784251213074 9844
1751230765866 1.0143249034881592 9845
1751230767167 0.6838051080703735 9846
1751230768186 1.3368643522262573 9847
1751230769058 2.3623580932617188 9848
1751230770065 0.4275594651699066 9849
1751230771119 0.43568822741508484 9850
1751230771998 0.35471785068511963 9851
1751230773008 0.5266548991203308 9852
1751230773999 0.6439906358718872 9853
1751230775027 0.44281885027885437 9854
1751230776052 0.41950032114982605 9855
1751230776955 0.8684601187705994 9856
1751230778299 1.1091440916061401 9857
1751230779330 0.6626720428466797 9858
1751230780380 0.6845434308052063 9859
1751230781452 0.7331255674362183 9860
1751230782614 0.9624067544937134 9861
1751230783632 0.4580487906932831 9862
1751230784643 0.8494604229927063 9863
1751230785709 0.8828763961791992 9864
1751230786708 1.0340105295181274 9865
1751230787690 0.6977588534355164 9866
1751230788714 0.7082487940788269 9867
1751230790019 0.6708121299743652 9868
1751230790931 0.5903836488723755 9869
1751230791957 2.160717248916626 9870
1751230792969 1.1491094827651978 9871
1751230794017 1.3358105421066284 9872
1751230795019 0.7125996947288513 9873
1751230796062 0.8165607452392578 9874
1751230797069 0.92084139585495 9875
1751230798134 0.2095017433166504 9876
1751230799345 0.7124685049057007 9877
1751230800448 0.5694084167480469 9878
1751230801475 0.5106790065765381 9879
1751230802738 0.8175113797187805 9880
1751230803737 0.7402801513671875 9881
1751230804726 0.5235388875007629 9882
1751230805746 0.42683878540992737 9883
1751230806768 0.9886907935142517 9884
1751230807837 1.3804082870483398 9885
1751230808847 0.39633020758628845 9886
1751230809835 0.7091456651687622 9887
1751230810865 0.8631190657615662 9888
1751230811883 0.8388400077819824 9889
1751230812907 0.8862433433532715 9890
1751230814202 0.5558661818504333 9891
1751230815260 0.6354436278343201 9892
1751230816301 0.5511642098426819 9893
1751230817326 0.5901949405670166 9894
1751230818210 0.8319159746170044 9895
1751230819234 0.8409217000007629 9896
1751230820293 0.5772079229354858 9897
1751230821231 0.8036298751831055 9898
1751230822256 1.017477035522461 9899
1751230823291 0.5138199925422668 9900
1751230824318 1.3054519891738892 9901
1751230825632 1.3538973331451416 9902
1751230826652 0.712500274181366 9903
1751230827620 0.6534585356712341 9904
1751230828621 1.386549711227417 9905
1751230829684 0.4308551847934723 9906
1751230830716 0.6716620326042175 9907
1751230831726 0.7277785539627075 9908
1751230832737 0.9948400855064392 9909
1751230833735 0.5001961588859558 9910
1751230834710 1.1220693588256836 9911
1751230835650 4.473008632659912 9912
1751230836944 0.5418269038200378 9913
1751230837992 0.826113224029541 9914
1751230838986 0.9601173400878906 9915
1751230839874 1.023773431777954 9916
1751230840912 1.0647211074829102 9917
1751230841956 0.3137817978858948 9918
1751230842959 1.0056143999099731 9919
1751230843968 0.9431428909301758 9920
1751230845013 0.5807995200157166 9921
1751230846052 0.640817403793335 9922
1751230847054 0.5846912264823914 9923
1751230848341 1.1285840272903442 9924
1751230849359 1.1013250350952148 9925
1751230850425 0.8391044735908508 9926
1751230851450 0.7837302088737488 9927
1751230852452 0.7766188979148865 9928
1751230853449 0.6520808339118958 9929
1751230854548 0.5947215557098389 9930
1751230855592 0.7690839767456055 9931
1751230856681 0.6434324979782104 9932
1751230857667 0.7971481680870056 9933
1751230858747 0.9890127182006836 9934
1751230860092 2.068634033203125 9935
1751230861112 1.5484259128570557 9936
1751230862276 0.829236626625061 9937
1751230863385 0.7454175353050232 9938
1751230864493 0.6634699702262878 9939
1751230865495 0.8259386420249939 9940
1751230866499 0.6588580012321472 9941
1751230867544 1.3948205709457397 9942
1751230868580 0.8334353566169739 9943
1751230869437 0.7565414309501648 9944
1751230870458 0.7435559630393982 9945
1751230871742 0.23326201736927032 9946
1751230872812 0.45506954193115234 9947
1751230873789 1.2605645656585693 9948
1751230874859 0.830081582069397 9949
1751230875964 0.8026644587516785 9950
1751230876995 0.7680336236953735 9951
1751230878001 0.6028212904930115 9952
1751230879099 0.48545533418655396 9953
1751230880252 0.6798437833786011 9954
1751230881336 0.7675821185112 9955
1751230882370 0.8809518814086914 9956
1751230883487 1.2820755243301392 9957
1751230884517 0.5946337580680847 9958
1751230885648 0.8796679377555847 9959
1751230886546 2.3921613693237305 9960
1751230887417 1.2679035663604736 9961
1751230888427 1.0174788236618042 9962
1751230889431 0.7015505433082581 9963
1751230890436 0.6829341650009155 9964
1751230891447 0.7549687027931213 9965
1751230892488 0.7078109979629517 9966
1751230893545 1.2336905002593994 9967
1751230894570 1.2146118879318237 9968
1751230895881 0.588395357131958 9969
1751230897004 0.9693223237991333 9970
1751230898081 0.07993482798337936 9971
1751230899174 0.6567211151123047 9972
1751230900060 0.29526060819625854 9973
1751230901098 0.9238132834434509 9974
1751230902086 1.557386040687561 9975
1751230902948 0.8839527368545532 9976
1751230903982 0.7472795248031616 9977
1751230905003 0.1689969152212143 9978
1751230906324 0.18714267015457153 9979
1751230907346 0.19923728704452515 9980
1751230908443 0.7139458656311035 9981
1751230909335 1.2611578702926636 9982
1751230910314 0.4607129991054535 9983
1751230911323 0.7633331418037415 9984
1751230912331 0.3996082544326782 9985
1751230913325 0.92878657579422 9986
1751230914369 0.5654858946800232 9987
1751230915271 1.0221494436264038 9988
1751230916325 0.7346132397651672 9989
1751230917687 0.618885338306427 9990
1751230918711 0.42727646231651306 9991
1751230919753 0.6552054286003113 9992
1751230920789 0.7796133160591125 9993
1751230921802 0.44889456033706665 9994
1751230922897 0.9184562563896179 9995
1751230923902 0.4612615704536438 9996
1751230924910 0.7515335083007812 9997
1751230925926 0.7806312441825867 9998
1751230926998 0.5889811515808105 9999
1751230927856 2.815959930419922 10000
1751230928865 0.7401323914527893 10001
1751230930182 0.897835373878479 10002
1751230931201 0.7002742290496826 10003
1751230932209 0.6709303259849548 10004
1751230933104 1.0144555568695068 10005
1751230934099 0.6977300047874451 10006
1751230935098 0.7018794417381287 10007
1751230936179 1.7398041486740112 10008
1751230937305 0.833254873752594 10009
1751230938176 1.387762188911438 10010
1751230939179 0.809971272945404 10011
1751230940168 1.32697331905365 10012
1751230941508 0.9521849155426025 10013
1751230942445 1.4708095788955688 10014
1751230943366 0.8598540425300598 10015
1751230944415 1.0831596851348877 10016
1751230945473 0.700107753276825 10017
1751230946502 1.3816418647766113 10018
1751230947514 0.5830464959144592 10019
1751230948560 1.0467814207077026 10020
1751230949602 0.766601026058197 10021
1751230950507 0.8165596127510071 10022
1751230951390 0.30318763852119446 10023
1751230952701 0.933843731880188 10024
1751230953742 0.7231322526931763 10025
1751230954808 0.9978014826774597 10026
1751230955848 0.7539395689964294 10027
1751230956858 0.6437556147575378 10028
1751230957864 0.5256077647209167 10029
1751230958921 0.7135747671127319 10030
1751230959958 0.9785274863243103 10031
1751230961021 1.4550424814224243 10032
1751230962050 0.8496754765510559 10033
1751230963045 0.3777956962585449 10034
1751230964318 0.8349384665489197 10035
1751230965340 0.6889652609825134 10036
1751230966370 0.916283905506134 10037
1751230967381 0.808670163154602 10038
1751230968458 0.4516032934188843 10039
1751230969501 1.446698546409607 10040
1751230970520 0.8478832244873047 10041
1751230971568 1.0821905136108398 10042
1751230972460 0.4493453800678253 10043
1751230973494 0.7615901827812195 10044
1751230974541 0.70394366979599 10045
1751230975920 0.8721828460693359 10046
1751230977067 0.7779051661491394 10047
1751230978100 0.975012481212616 10048
1751230979107 0.4157254099845886 10049
1751230980151 1.1673592329025269 10050
1751230981162 0.6078376173973083 10051
1751230982088 0.8313518762588501 10052
1751230983110 0.8040326237678528 10053
1751230984123 0.5295338034629822 10054
1751230985010 0.4112781882286072 10055
1751230986022 1.2249832153320312 10056
1751230987316 0.7838947176933289 10057
1751230988224 1.6509472131729126 10058
1751230989244 0.8689318895339966 10059
1751230990274 0.8757242560386658 10060
1751230991304 0.5719008445739746 10061
1751230992321 0.7237305045127869 10062
1751230993428 1.0501006841659546 10063
1751230994612 0.8584685325622559 10064
1751230995639 0.6973573565483093 10065
1751230996491 0.8416620492935181 10066
1751230997512 0.540973961353302 10067
1751230998888 1.5310118198394775 10068
1751230999915 0.7794848680496216 10069
1751231000933 0.6258881688117981 10070
1751231001976 0.9481145739555359 10071
1751231002978 0.9795122146606445 10072
1751231004001 1.1850864887237549 10073
1751231004992 0.450735479593277 10074
1751231006042 0.7663543820381165 10075
1751231007102 0.6272615790367126 10076
1751231008168 0.8145117163658142 10077
1751231009192 0.6733776926994324 10078
1751231010482 1.1942873001098633 10079
1751231011505 1.0161470174789429 10080
1751231012516 0.709004819393158 10081
1751231013535 0.6892591714859009 10082
1751231014434 1.5230010747909546 10083
1751231015466 0.8009157180786133 10084
1751231016487 0.8134410977363586 10085
1751231017485 0.969197690486908 10086
1751231018494 0.599461555480957 10087
1751231019500 0.6753058433532715 10088
1751231020515 1.5310142040252686 10089
1751231021909 0.630198061466217 10090
1751231022941 0.9673570394515991 10091
1751231023954 0.5120053291320801 10092
1751231024951 0.6522614359855652 10093
1751231025965 0.517340362071991 10094
1751231026962 0.8512493371963501 10095
1751231027981 0.8107548952102661 10096
1751231029020 1.0311689376831055 10097
1751231030013 0.7204341292381287 10098
1751231030975 0.8127655982971191 10099
1751231032038 0.7277328372001648 10100
1751231033340 0.7072525024414062 10101
1751231034340 0.721733033657074 10102
1751231035221 1.466800570487976 10103
1751231036277 0.9122506976127625 10104
1751231037340 0.5507721900939941 10105
1751231038360 0.706200122833252 10106
1751231039257 0.7017759680747986 10107
1751231040318 0.7906017303466797 10108
1751231041367 1.4217288494110107 10109
1751231042391 1.002000093460083 10110
1751231043388 0.6385239958763123 10111
1751231044428 0.7380803823471069 10112
1751231045601 1.2708799839019775 10113
1751231046635 0.5143675804138184 10114
1751231047655 0.6610909700393677 10115
1751231048668 0.6546854972839355 10116
1751231049524 0.802097499370575 10117
1751231050540 0.739863395690918 10118
1751231051543 0.6871915459632874 10119
1751231052541 2.043274402618408 10120
1751231053439 1.3504351377487183 10121
1751231054470 1.0252982378005981 10122
1751231055459 1.1349760293960571 10123
1751231056818 0.5828608870506287 10124
1751231057919 0.6853535175323486 10125
1751231058950 0.2051997184753418 10126
1751231060018 0.9793658256530762 10127
1751231061048 0.8835124969482422 10128
1751231062082 1.0370815992355347 10129
1751231063090 0.717641294002533 10130
1751231064091 1.3654907941818237 10131
1751231065101 0.8390098810195923 10132
1751231066144 0.5127333998680115 10133
1751231067401 0.3593740463256836 10134
1751231068312 1.3375961780548096 10135
1751231069352 0.6611540913581848 10136
1751231070438 0.4724247455596924 10137
1751231071472 0.860026478767395 10138
1751231072527 0.6736016869544983 10139
1751231073530 0.4359931945800781 10140
1751231074718 0.7645336389541626 10141
1751231075737 0.8239662051200867 10142
1751231076799 0.8570634126663208 10143
1751231077794 1.4500731229782104 10144
1751231079040 0.7181392908096313 10145
1751231080060 0.8385846018791199 10146
1751231081042 0.381502628326416 10147
1751231082067 0.9061245322227478 10148
1751231083081 0.8427858352661133 10149
1751231084151 0.7659927010536194 10150
1751231085033 1.8518246412277222 10151
1751231086040 0.5908541679382324 10152
1751231087086 1.018802285194397 10153
1751231087996 0.7478968501091003 10154
1751231089031 0.6638463139533997 10155
1751231090343 0.3258729875087738 10156
1751231091398 1.1251720190048218 10157
1751231092569 0.4620814919471741 10158
1751231093589 0.49832621216773987 10159
1751231094651 0.5538990497589111 10160
1751231095689 1.0302801132202148 10161
1751231096720 0.9006496667861938 10162
1751231097747 0.7873426079750061 10163
1751231098750 1.0146371126174927 10164
1751231099801 0.7671638131141663 10165
1751231100826 0.47657591104507446 10166
1751231102165 1.1392379999160767 10167
1751231103218 0.8436310887336731 10168
1751231104227 1.1920139789581299 10169
1751231105309 0.4869422912597656 10170
1751231106317 0.6630470752716064 10171
1751231107310 0.8371726870536804 10172
1751231108318 0.9999544024467468 10173
1751231109310 0.8588852286338806 10174
1751231110358 1.3581825494766235 10175
1751231111388 0.583760678768158 10176
1751231112298 1.4480494260787964 10177
1751231113308 1.012125849723816 10178
1751231114653 0.7949985265731812 10179
1751231115674 0.5769972801208496 10180
1751231116743 0.7397516965866089 10181
1751231117623 1.0589988231658936 10182
1751231118634 0.8790189623832703 10183
1751231119657 0.7539870738983154 10184
1751231120679 1.5330692529678345 10185
1751231121676 0.9640334248542786 10186
1751231122707 0.6956745386123657 10187
1751231123750 0.6475324034690857 10188
1751231124820 1.3030674457550049 10189
1751231126109 0.3603174090385437 10190
1751231126998 1.4079893827438354 10191
1751231127997 0.7002391815185547 10192
1751231128883 1.0838960409164429 10193
1751231129887 1.5925235748291016 10194
1751231130880 0.7300721406936646 10195
1751231131890 0.7544199824333191 10196
1751231132783 0.6780505180358887 10197
1751231133801 0.6766144633293152 10198
1751231134651 0.8888487219810486 10199
1751231135681 0.6526145339012146 10200
1751231136977 0.8611665964126587 10201
1751231138004 0.8377370834350586 10202
1751231139045 1.365299105644226 10203
1751231140085 0.9028356671333313 10204
1751231141155 0.89802485704422 10205
1751231142208 0.8961049914360046 10206
1751231143232 0.9572107195854187 10207
1751231144259 1.0729221105575562 10208
1751231145169 1.0190705060958862 10209
1751231146216 0.818458080291748 10210
1751231147306 1.1491129398345947 10211
1751231148719 0.3505857586860657 10212
1751231149779 0.9196966290473938 10213
1751231150813 0.8013514876365662 10214
1751231151813 0.9092530012130737 10215
1751231152835 1.167385458946228 10216
1751231153873 0.6381277441978455 10217
1751231154899 1.1392673254013062 10218
1751231155933 0.4890006184577942 10219
1751231156956 0.7575644850730896 10220
1751231157961 0.6915101408958435 10221
1751231158991 1.0602718591690063 10222
1751231160355 0.8346355557441711 10223
1751231161393 0.6654036641120911 10224
1751231162462 0.9620043635368347 10225
1751231163609 0.9366763234138489 10226
1751231164773 0.6533451080322266 10227
1751231165788 0.4772612154483795 10228
1751231166658 0.9099207520484924 10229
1751231167677 1.2746902704238892 10230
1751231168737 0.5202004313468933 10231
1751231169587 0.5851590633392334 10232
1751231170614 0.51292484998703 10233
1751231171951 1.1031360626220703 10234
1751231172979 0.9931888580322266 10235
1751231174010 1.3943026065826416 10236
1751231175061 0.7493435740470886 10237
1751231176095 0.8997852206230164 10238
1751231177177 0.6149657964706421 10239
1751231178228 0.7134637832641602 10240
1751231179306 0.8002982139587402 10241
1751231180237 1.4998079538345337 10242
1751231181355 1.1229734420776367 10243
1751231182365 0.2834247350692749 10244
1751231183705 0.6833891868591309 10245
1751231184552 0.9158560037612915 10246
1751231185451 1.0406579971313477 10247
1751231186440 0.6614738702774048 10248
1751231187448 0.8534817099571228 10249
1751231188435 1.0544419288635254 10250
1751231189428 0.6538645029067993 10251
1751231190435 0.7363280057907104 10252
1751231191454 0.5333876013755798 10253
1751231192561 0.8624105453491211 10254
1751231193586 0.6328112483024597 10255
1751231194945 0.5773025155067444 10256
1751231195848 2.009927272796631 10257
1751231196886 0.8273529410362244 10258
1751231197923 0.24709735810756683 10259
1751231198956 0.7032742500305176 10260
1751231199999 0.5112372636795044 10261
1751231201054 0.8856226205825806 10262
1751231202082 1.429962158203125 10263
1751231203093 0.6730055212974548 10264
1751231204134 1.3707302808761597 10265
1751231205150 0.5404292941093445 10266
1751231206507 0.6506360173225403 10267
1751231207539 0.693676769733429 10268
1751231208520 0.8641548156738281 10269
1751231209513 0.5777882933616638 10270
1751231210571 0.20871885120868683 10271
1751231211577 0.7698031067848206 10272
1751231212563 0.5123110413551331 10273
1751231213564 0.6961992383003235 10274
1751231214582 0.713809072971344 10275
1751231215630 1.1683791875839233 10276
1751231216703 0.6662281155586243 10277
1751231218011 0.593499481678009 10278
1751231219009 0.8012840151786804 10279
1751231220026 0.3293440341949463 10280
1751231221092 1.4988869428634644 10281
1751231222141 0.6362425088882446 10282
1751231223140 0.8783678412437439 10283
1751231224128 0.6862976551055908 10284
1751231225180 0.7026671767234802 10285
1751231226189 1.3934897184371948 10286
1751231227277 0.8062745332717896 10287
1751231228311 0.04627598449587822 10288
1751231229615 0.4726015031337738 10289
1751231230623 1.0009450912475586 10290
1751231231648 1.094743251800537 10291
1751231232653 0.7862658500671387 10292
1751231233522 1.5119551420211792 10293
1751231234529 0.9491084218025208 10294
1751231235531 0.30847039818763733 10295
1751231236573 0.9067964553833008 10296
1751231237618 0.9632791876792908 10297
1751231238659 0.7951968312263489 10298
1751231239646 0.683625340461731 10299
1751231240984 0.7241472005844116 10300
1751231241869 2.8483312129974365 10301
1751231243052 1.0369724035263062 10302
1751231244179 0.5508244633674622 10303
1751231245139 1.6988483667373657 10304
1751231246164 1.2142223119735718 10305
1751231247157 0.8229776620864868 10306
1751231248177 0.8450301289558411 10307
1751231249027 0.7718963623046875 10308
1751231250093 0.5931148529052734 10309
1751231251150 1.0547550916671753 10310
1751231252452 0.8587002158164978 10311
1751231253437 0.7611934542655945 10312
1751231254461 0.8783689737319946 10313
1751231255510 0.8290421366691589 10314
1751231256614 0.788528323173523 10315
1751231257679 0.6572915315628052 10316
1751231258695 0.5979870557785034 10317
1751231259777 0.6190816164016724 10318
1751231260910 0.5193835496902466 10319
1751231261955 0.42608460783958435 10320
1751231263272 0.7293141484260559 10321
1751231264323 0.9166029095649719 10322
1751231265333 0.7105247378349304 10323
1751231266373 0.8894370198249817 10324
1751231267411 0.3348411023616791 10325
1751231268291 0.6017630696296692 10326
1751231269306 0.5765811204910278 10327
1751231270321 0.8077230453491211 10328
1751231271332 0.743628203868866 10329
1751231272397 1.4996861219406128 10330
1751231273436 0.4851548373699188 10331
1751231274787 1.0000286102294922 10332
1751231275808 0.8141212463378906 10333
1751231276933 0.9110005497932434 10334
1751231278100 0.6287516951560974 10335
1751231279121 0.7750785946846008 10336
1751231280157 1.066220760345459 10337
1751231281179 0.48328596353530884 10338
1751231282216 0.9368122220039368 10339
1751231283106 0.9850140810012817 10340
1751231284114 0.4854751229286194 10341
1751231285438 0.8729749917984009 10342
1751231286468 1.0861610174179077 10343
1751231287515 0.7930073142051697 10344
1751231288591 0.5596713423728943 10345
1751231289687 0.6978188157081604 10346
1751231290684 0.6257032752037048 10347
1751231291701 0.9103609323501587 10348
1751231292722 0.6156221032142639 10349
1751231293618 0.9739166498184204 10350
1751231294642 0.5899232029914856 10351
1751231295645 0.566128134727478 10352
1751231296961 0.5587813258171082 10353
1751231297967 1.3057678937911987 10354
1751231299009 0.839752197265625 10355
1751231300068 0.9525052905082703 10356
1751231301087 1.055240511894226 10357
1751231302121 0.7281057238578796 10358
1751231303163 1.3402787446975708 10359
1751231304158 0.8814470171928406 10360
1751231305143 0.5524016618728638 10361
1751231306183 1.527483582496643 10362
1751231307202 0.9275480508804321 10363
1751231308511 1.3763903379440308 10364
1751231309515 0.3014873266220093 10365
1751231310533 0.84392911195755 10366
1751231311521 0.5387681722640991 10367
1751231312518 0.8063411712646484 10368
1751231313368 0.9311999678611755 10369
1751231314405 0.895177960395813 10370
1751231315475 0.2866758406162262 10371
1751231316552 0.7570352554321289 10372
1751231317602 0.6427160501480103 10373
1751231318916 0.6796301007270813 10374
1751231319944 0.8411634564399719 10375
1751231320955 0.6353325247764587 10376
1751231321922 0.7091463208198547 10377
1751231322951 0.37791135907173157 10378
1751231323962 0.7012917995452881 10379
1751231324955 1.1514495611190796 10380
1751231325953 0.8845798373222351 10381
1751231326959 0.7655347585678101 10382
1751231328019 0.6456360220909119 10383
1751231329014 0.6808686256408691 10384
1751231330169 1.8633111715316772 10385
1751231331203 1.3868087530136108 10386
1751231332207 0.8372766375541687 10387
1751231333208 0.7326149344444275 10388
1751231334261 0.8739699721336365 10389
1751231335144 1.099148154258728 10390
1751231336187 0.7129668593406677 10391
1751231337086 1.265655279159546 10392
1751231338112 0.9985365867614746 10393
1751231339278 0.6364588141441345 10394
1751231340331 0.8680915236473083 10395
1751231341651 0.44677993655204773 10396
1751231342701 0.7270687222480774 10397
1751231343727 0.7794262170791626 10398
1751231344723 0.7695158123970032 10399
1751231345739 0.6038554310798645 10400
1751231346737 1.1621488332748413 10401
1751231347756 0.9114452600479126 10402
1751231348813 0.9647719264030457 10403
1751231349822 0.844832718372345 10404
1751231350847 0.7063786387443542 10405
1751231351891 0.9099416732788086 10406
1751231353219 1.1682460308074951 10407
1751231354271 0.39248552918434143 10408
1751231355268 1.2511518001556396 10409
1751231356350 0.6909195780754089 10410
1751231357318 1.2930643558502197 10411
1751231358329 0.8763136267662048 10412
1751231359355 0.5285477042198181 10413
1751231360350 1.799567461013794 10414
1751231361371 1.0388765335083008 10415
1751231362402 0.767663300037384 10416
1751231363701 0.8769842982292175 10417
1751231364706 1.422329306602478 10418
1751231365777 0.6174797415733337 10419
1751231366799 1.2468758821487427 10420
1751231367915 0.9035682082176208 10421
1751231368943 0.4820254147052765 10422
1751231369928 0.701692521572113 10423
1751231370956 1.0659964084625244 10424
1751231372179 0.6780145168304443 10425
1751231373312 0.6494917273521423 10426
1751231374363 0.6796529293060303 10427
1751231375669 0.7033672332763672 10428
1751231376674 0.5328258275985718 10429
1751231377624 1.2959738969802856 10430
1751231378663 0.5994837284088135 10431
1751231379566 0.8362683653831482 10432
1751231380546 0.5988034605979919 10433
1751231381578 0.8035169243812561 10434
1751231382602 0.4534021019935608 10435
1751231383606 0.7573826909065247 10436
1751231384603 0.40517106652259827 10437
1751231385636 0.8003908395767212 10438
1751231386967 0.6703795790672302 10439
1751231388021 1.0342607498168945 10440
1751231389070 0.9584197998046875 10441
1751231390075 1.0461498498916626 10442
1751231391083 0.8026644587516785 10443
1751231392089 0.8955552577972412 10444
1751231393164 0.6339102983474731 10445
1751231394156 0.8810173273086548 10446
1751231395036 2.2335312366485596 10447
1751231395888 1.5799156427383423 10448
1751231396900 0.5839852690696716 10449
1751231398185 1.4157618284225464 10450
1751231399206 0.78400057554245 10451
1751231400207 0.7168320417404175 10452
1751231401262 0.780216634273529 10453
1751231402256 0.8221061825752258 10454
1751231403238 1.0946217775344849 10455
1751231404280 0.558928370475769 10456
1751231405267 0.7161951065063477 10457
1751231406262 0.6289575695991516 10458
1751231407284 0.8805452585220337 10459
1751231408597 0.42568865418434143 10460
1751231409601 0.6349539756774902 10461
1751231410585 1.1474437713623047 10462
1751231411604 0.7995511889457703 10463
1751231412620 1.0039979219436646 10464
1751231413611 0.8830400705337524 10465
1751231414617 0.23290957510471344 10466
1751231415666 1.1593663692474365 10467
1751231416554 1.8501007556915283 10468
1751231417552 0.10543248057365417 10469
1751231418575 0.5284640789031982 10470
1751231419892 0.7129336595535278 10471
1751231420947 0.9171438217163086 10472
1751231421961 0.5852706432342529 10473
1751231423023 3.893782377243042 10474
1751231424011 0.6906053423881531 10475
1751231425014 0.9185368418693542 10476
1751231426021 0.5174292922019958 10477
1751231427084 0.3936651945114136 10478
1751231428107 0.7756029963493347 10479
1751231429145 0.8651849627494812 10480
1751231430470 1.0791698694229126 10481
1751231431525 0.9134690165519714 10482
1751231432591 0.5793351531028748 10483
1751231433632 0.6130294799804688 10484
1751231434805 0.6714708209037781 10485
1751231435875 1.1247228384017944 10486
1751231436883 0.6678469777107239 10487
1751231437902 0.7102057933807373 10488
1751231438935 0.7969099879264832 10489
1751231439954 0.6383373141288757 10490
1751231440998 0.9525837302207947 10491
1751231442164 0.9442455172538757 10492
1751231443204 0.9286657571792603 10493
1751231444297 0.9465387463569641 10494
1751231445309 1.3472260236740112 10495
1751231446314 0.5784640312194824 10496
1751231447402 0.9158077239990234 10497
1751231448437 0.8995743989944458 10498
1751231449491 1.2025388479232788 10499
1751231450606 1.2287300825119019 10500
1751231451703 1.0524886846542358 10501
1751231452757 0.9435907602310181 10502
1751231454063 1.0554760694503784 10503
1751231455124 1.5610536336898804 10504
1751231456118 0.5434087514877319 10505
1751231457137 0.5109584927558899 10506
1751231458164 0.44107142090797424 10507
1751231459221 0.6373028755187988 10508
1751231460213 0.6758370399475098 10509
1751231461219 0.4757464826107025 10510
1751231462226 1.3622655868530273 10511
1751231463274 0.7436753511428833 10512
1751231464600 0.9021661877632141 10513
1751231465531 0.8738920092582703 10514
1751231466605 0.7405645251274109 10515
1751231467788 0.7775465846061707 10516
1751231468730 1.026626467704773 10517
1751231469740 0.8359379172325134 10518
1751231470773 0.657339870929718 10519
1751231471770 0.7729929089546204 10520
1751231472792 0.4136270582675934 10521
1751231473839 0.3138711750507355 10522
1751231474919 1.0349034070968628 10523
1751231476218 0.903315544128418 10524
1751231477227 0.967745840549469 10525
1751231478241 0.9047362208366394 10526
1751231479241 0.9489946365356445 10527
1751231480266 0.5879203081130981 10528
1751231481286 0.39023515582084656 10529
1751231482279 0.6693606972694397 10530
1751231483267 0.49319982528686523 10531
1751231484256 1.0054222345352173 10532
1751231485264 0.7250480651855469 10533
1751231486290 1.2025701999664307 10534
1751231487588 1.06582772731781 10535
1751231488455 1.338971495628357 10536
1751231489299 1.3396518230438232 10537
1751231490304 0.6328378319740295 10538
1751231491397 0.534999430179596 10539
1751231492423 0.678338348865509 10540
1751231493449 0.8420690894126892 10541
1751231494467 0.6758744120597839 10542
1751231495475 0.5636707544326782 10543
1751231496454 0.5711007118225098 10544
1751231497752 0.6625711917877197 10545
1751231498761 0.989254891872406 10546
1751231499776 0.5079923272132874 10547
1751231500772 1.0034444332122803 10548
1751231501799 0.5663145780563354 10549
1751231502818 0.8340498805046082 10550
1751231503877 0.8409152030944824 10551
1751231504894 0.7377706170082092 10552
1751231505912 1.1474043130874634 10553
1751231506837 1.6573517322540283 10554
1751231507703 0.6388856768608093 10555
1751231508981 0.6736793518066406 10556
1751231510031 0.5696959495544434 10557
1751231511043 0.7794763445854187 10558
1751231511967 0.6494707465171814 10559
1751231512990 0.4671606123447418 10560
1751231514031 0.9594130516052246 10561
1751231515044 1.068008303642273 10562
1751231516081 1.2952011823654175 10563
1751231517108 1.2873878479003906 10564
1751231518143 1.545236587524414 10565
1751231519419 0.7981516718864441 10566
1751231520419 0.9967889189720154 10567
1751231521417 0.8848735690116882 10568
1751231522443 0.6867455840110779 10569
1751231523319 1.3302104473114014 10570
1751231524350 0.7661232948303223 10571
1751231525383 0.4862402379512787 10572
1751231526437 0.052777793258428574 10573
1751231527491 0.5121691823005676 10574
1751231528547 0.8681632280349731 10575
1751231529893 1.0910358428955078 10576
1751231530908 0.9062196016311646 10577
1751231531998 0.468307226896286 10578
1751231533040 0.813260018825531 10579
1751231534047 0.857884407043457 10580
1751231535067 0.7612610459327698 10581
1751231536051 0.6883465051651001 10582
1751231537091 0.9735546112060547 10583
1751231537942 1.0922698974609375 10584
1751231538976 1.1870384216308594 10585
1751231540268 0.47097474336624146 10586
1751231541341 0.8984788060188293 10587
1751231542338 0.5976220369338989 10588
1751231543398 0.6602994203567505 10589
1751231544434 1.0928843021392822 10590
1751231545447 1.0180226564407349 10591
1751231546450 0.7134659886360168 10592
1751231547458 1.141764521598816 10593
1751231548656 0.9547207951545715 10594
1751231549673 0.7260542511940002 10595
1751231550671 1.0569757223129272 10596
1751231551939 0.9224042892456055 10597
1751231552969 1.2452365159988403 10598
1751231554048 0.8080350756645203 10599
1751231554922 1.0089210271835327 10600
1751231555959 1.5852100849151611 10601
1751231556999 0.6121764779090881 10602
1751231558005 0.8650631904602051 10603
1751231559028 1.2119816541671753 10604
1751231560093 0.9656915068626404 10605
1751231561132 1.1296122074127197 10606
1751231562478 1.3025104999542236 10607
1751231563522 2.1845531463623047 10608
1751231564670 0.9215213656425476 10609
1751231565753 0.8313398361206055 10610
1751231566778 0.8496057391166687 10611
1751231567773 0.9830521941184998 10612
1751231568783 0.8379859924316406 10613
1751231569825 0.7287925481796265 10614
1751231570843 0.8336257338523865 10615
1751231571864 0.6903367042541504 10616
1751231573169 0.2269486039876938 10617
1751231574213 0.7432102560997009 10618
1751231575095 0.5914727449417114 10619
1751231576130 1.0519647598266602 10620
1751231577160 0.6500625014305115 10621
1751231578151 1.0015203952789307 10622
1751231579244 0.4355188012123108 10623
1751231580271 0.9234700202941895 10624
1751231581338 1.1088929176330566 10625
1751231582323 0.9238846898078918 10626
1751231583607 0.9286679625511169 10627
1751231584635 1.1051892042160034 10628
1751231585647 0.8267377018928528 10629
1751231586637 0.9893940091133118 10630
1751231587596 0.787998616695404 10631
1751231588661 0.9647106528282166 10632
1751231589712 0.8638895153999329 10633
1751231590712 1.0781736373901367 10634
1751231591717 0.3679831922054291 10635
1751231592758 0.568566083908081 10636
1751231594056 1.1853959560394287 10637
1751231595043 0.9191489219665527 10638
1751231596078 1.2408558130264282 10639
1751231597100 0.6615771651268005 10640
1751231598088 1.0345550775527954 10641
1751231599105 0.6848300695419312 10642
1751231600118 0.567525327205658 10643
1751231601129 1.0569475889205933 10644
1751231602103 0.9312639236450195 10645
1751231603099 0.5836901664733887 10646
1751231604139 0.43803176283836365 10647
1751231605436 0.42566537857055664 10648
1751231606471 1.123598337173462 10649
1751231607477 1.2365617752075195 10650
1751231608494 1.01421058177948 10651
1751231609524 1.1895416975021362 10652
1751231610546 0.8895479440689087 10653
1751231611567 0.8592238426208496 10654
1751231612612 0.6962211728096008 10655
1751231613617 0.7691026926040649 10656
1751231614592 0.4586007297039032 10657
1751231615896 0.5473087430000305 10658
1751231616908 0.6650310754776001 10659
1751231617914 1.6521390676498413 10660
1751231618924 0.9446048736572266 10661
1751231619909 0.6495922207832336 10662
1751231620905 1.0867887735366821 10663
1751231621901 0.6963054537773132 10664
1751231622945 0.6986479163169861 10665
1751231623971 0.5741694569587708 10666
1751231625032 0.7890157103538513 10667
1751231626334 0.6467770338058472 10668
1751231627417 0.8783802390098572 10669
1751231628547 0.6787926554679871 10670
1751231629564 1.0737411975860596 10671
1751231630574 1.2506418228149414 10672
1751231631486 0.923893928527832 10673
1751231632531 1.5841788053512573 10674
1751231633577 1.2255085706710815 10675
1751231634426 0.7912956476211548 10676
1751231635462 0.4752841889858246 10677
1751231636515 0.7666133046150208 10678
1751231637845 0.6708709597587585 10679
1751231638892 1.011276125907898 10680
1751231639887 0.463838666677475 10681
1751231640900 0.8113371133804321 10682
1751231641793 0.7848081588745117 10683
1751231642922 0.966859757900238 10684
1751231644037 0.4651035964488983 10685
1751231645088 0.6549063920974731 10686
1751231646118 0.35468199849128723 10687
1751231647162 0.577449381351471 10688
1751231648557 0.9798616766929626 10689
1751231649627 0.5313738584518433 10690
1751231650709 0.9025314450263977 10691
1751231651752 1.104814887046814 10692
1751231652785 0.850851833820343 10693
1751231653763 1.03048837184906 10694
1751231654788 1.0450414419174194 10695
1751231655820 0.44698238372802734 10696
1751231656950 0.8608030676841736 10697
1751231658014 0.4407751262187958 10698
1751231659424 1.9282883405685425 10699
1751231660528 0.8689040541648865 10700
1751231661418 0.7114472389221191 10701
1751231662445 0.9979279041290283 10702
1751231663479 0.708474338054657 10703
1751231664532 0.6992054581642151 10704
1751231665526 0.6726958751678467 10705
1751231666619 0.8048073053359985 10706
1751231667630 1.0917171239852905 10707
1751231668730 0.8438737988471985 10708
1751231669771 0.4810197949409485 10709
1751231671062 0.39895376563072205 10710
1751231672109 0.6285783052444458 10711
1751231673122 0.7677968740463257 10712
1751231674141 0.9687700271606445 10713
1751231675156 0.8604430556297302 10714
1751231676243 0.9280245900154114 10715
1751231677240 0.8893436789512634 10716
1751231678251 0.885590672492981 10717
1751231679247 0.9236614108085632 10718
1751231680287 0.5257066488265991 10719
1751231681585 0.8963218331336975 10720
1751231682443 1.3890151977539062 10721
1751231683501 0.8510748744010925 10722
1751231684519 0.8384824991226196 10723
1751231685559 0.9591875076293945 10724
1751231686610 2.252476453781128 10725
1751231687690 1.0899003744125366 10726
1751231688739 0.6063628196716309 10727
1751231689623 0.6323310732841492 10728
1751231690631 1.5641558170318604 10729
1751231691911 0.6644496321678162 10730
1751231692992 0.8216426968574524 10731
1751231693977 0.5119897127151489 10732
1751231695087 0.6920289993286133 10733
1751231696147 0.8682121634483337 10734
1751231697140 0.5675205588340759 10735
1751231698149 0.8168361783027649 10736
1751231699199 1.1604630947113037 10737
1751231700233 0.9300932288169861 10738
1751231701251 0.8752889633178711 10739
1751231702242 0.6472672820091248 10740
1751231703580 0.5308454632759094 10741
1751231704576 0.7075641751289368 10742
1751231705586 0.8344758152961731 10743
1751231706584 0.5257183313369751 10744
1751231707615 0.5184996724128723 10745
1751231708654 0.6183301210403442 10746
1751231709664 0.9267431497573853 10747
1751231710701 0.4010624885559082 10748
1751231711727 0.7680262923240662 10749
1751231712724 0.6129255294799805 10750
1751231714049 0.5045191645622253 10751
1751231715083 1.5253986120224 10752
1751231716127 1.0284119844436646 10753
1751231717170 0.7024311423301697 10754
1751231718200 0.7765457034111023 10755
1751231719060 1.070701003074646 10756
1751231720138 0.7525672316551208 10757
1751231721159 0.761631429195404 10758
1751231722204 0.5842530727386475 10759
1751231723404 0.7033250331878662 10760
1751231724449 0.6755623817443848 10761
1751231725761 0.8696399927139282 10762
1751231726837 0.5938857793807983 10763
1751231727851 0.6975910663604736 10764
1751231728894 0.5774959921836853 10765
1751231729958 0.6431698203086853 10766
1751231731006 1.3748023509979248 10767
1751231731871 1.2231779098510742 10768
1751231732878 0.6385199427604675 10769
1751231733895 1.0261563062667847 10770
1751231735056 1.7031300067901611 10771
1751231736110 0.8160955309867859 10772
1751231737046 1.2887812852859497 10773
1751231738114 0.7636831998825073 10774
1751231739154 0.6819062829017639 10775
1751231740381 0.6890646815299988 10776
1751231741603 0.5814499258995056 10777
1751231742504 0.706378161907196 10778
1751231743549 0.5199364423751831 10779
1751231744639 0.5151327252388 10780
1751231745859 0.6090916395187378 10781
1751231746879 0.6460978984832764 10782
1751231747907 0.8779644966125488 10783
1751231748926 0.6207754015922546 10784
1751231749981 0.7860319018363953 10785
1751231751010 0.7177054286003113 10786
1751231752092 0.6051773428916931 10787
1751231753144 0.8327019810676575 10788
1751231754168 0.4538428485393524 10789
1751231755186 0.8058851361274719 10790
1751231756629 1.1317744255065918 10791
1751231757842 0.5177154541015625 10792
1751231758885 0.7016333341598511 10793
1751231759923 0.7441882491111755 10794
1751231760948 0.7984716296195984 10795
1751231761849 0.8347336053848267 10796
1751231762720 1.2802449464797974 10797
1751231763730 0.7595411539077759 10798
1751231764780 0.7575797438621521 10799
1751231765823 0.6871802806854248 10800
1751231817858 0.7749053239822388 10801
1751231818867 0.5624566674232483 10802
1751231819948 0.620128870010376 10803
1751231820972 0.6953508257865906 10804
1751231821912 0.8323966264724731 10805
1751231822936 0.610275387763977 10806
1751231823857 0.7868165969848633 10807
1751231824765 0.9327363967895508 10808
1751231825798 0.6779455542564392 10809
1751231826876 1.305798888206482 10810
1751231828082 1.020878553390503 10811
1751231829398 0.5878257751464844 10812
1751231830341 0.8336723446846008 10813
1751231831353 0.7480908632278442 10814
1751231832467 0.735390841960907 10815
1751231833515 0.7889324426651001 10816
1751231834534 0.6549686789512634 10817
1751231835567 1.3250454664230347 10818
1751231836575 0.6002702116966248 10819
1751231837620 0.7985125184059143 10820
1751231838627 0.4697748124599457 10821
1751231839937 0.688532829284668 10822
1751231840962 0.8595567941665649 10823
1751231841971 0.7382856011390686 10824
1751231843001 0.985639214515686 10825
1751231843927 2.1082377433776855 10826
1751231845089 0.622109591960907 10827
1751231846113 1.103611946105957 10828
1751231847144 0.4909136891365051 10829
1751231848034 1.0136675834655762 10830
1751231849083 0.7350130081176758 10831
1751231850418 0.8536887168884277 10832
1751231851400 1.3619729280471802 10833
1751231852491 0.7468088269233704 10834
1751231853531 1.1323121786117554 10835
1751231854551 0.6671935319900513 10836
1751231855569 0.9515209197998047 10837
1751231856462 0.9289728403091431 10838
1751231857507 0.1772749125957489 10839
1751231858530 0.5540034174919128 10840
1751231859607 1.0827231407165527 10841
1751231860610 1.047114610671997 10842
1751231861890 0.48911771178245544 10843
1751231862933 0.4685388505458832 10844
1751231863943 0.775521457195282 10845
1751231864967 0.9383159875869751 10846
1751231865835 3.156986951828003 10847
1751231866826 1.0196563005447388 10848
1751231867896 0.8517635464668274 10849
1751231868981 1.0113375186920166 10850
1751231869989 1.0281049013137817 10851
1751231871067 1.499210000038147 10852
1751231872402 0.6336711049079895 10853
1751231873455 1.2292345762252808 10854
1751231874490 0.45185914635658264 10855
1751231875399 0.8323461413383484 10856
1751231876401 0.9236341714859009 10857
1751231877416 0.7150177955627441 10858
1751231878412 0.8488693237304688 10859
1751231879426 0.8689026236534119 10860
1751231880418 0.9398794174194336 10861
1751231881472 0.7316188216209412 10862
1751231882730 0.8068388104438782 10863
1751231883765 0.6539589166641235 10864
1751231884632 1.0968785285949707 10865
1751231885657 0.7453255653381348 10866
1751231886766 0.6843321919441223 10867
1751231887784 0.6594414114952087 10868
1751231888834 1.0371928215026855 10869
1751231889835 0.6477466225624084 10870
1751231890852 0.9491850137710571 10871
1751231891872 0.0960070863366127 10872
1751231892910 0.9907523989677429 10873
1751231894234 0.1756395846605301 10874
1751231895259 1.2965949773788452 10875
1751231896278 0.7225359082221985 10876
1751231897277 0.4804527461528778 10877
1751231898304 1.268560528755188 10878
1751231899332 1.0676729679107666 10879
1751231900376 0.8491933941841125 10880
1751231901381 0.8086868524551392 10881
1751231902422 1.067461371421814 10882
1751231903425 0.5022894740104675 10883
1751231904632 0.6557653546333313 10884
1751231905652 0.7032110691070557 10885
1751231906665 1.2262178659439087 10886
1751231907844 0.7743738293647766 10887
1751231908911 0.9002137184143066 10888
1751231909952 1.7831083536148071 10889
1751231910972 0.9981821179389954 10890
1751231911991 0.8128499984741211 10891
1751231913012 0.20345406234264374 10892
1751231914033 0.6146873831748962 10893
1751231915353 1.1471916437149048 10894
1751231916391 1.1014823913574219 10895
1751231917407 0.632369875907898 10896
1751231918443 0.7473171353340149 10897
1751231919360 0.9168428778648376 10898
1751231920366 0.42373189330101013 10899
1751231921421 0.646651029586792 10900
1751231922471 1.429518461227417 10901
1751231923387 0.6592708826065063 10902
1751231924522 0.6334511637687683 10903
1751231925969 0.3945302367210388 10904
1751231926991 0.6521778106689453 10905
1751231928029 1.2193259000778198 10906
1751231929040 1.275664210319519 10907
1751231930048 1.0287758111953735 10908
1751231931077 0.9013643264770508 10909
1751231932140 0.9095132946968079 10910
1751231933041 1.1968947649002075 10911
1751231934106 0.23799359798431396 10912
1751231935191 0.761769711971283 10913
1751231936497 0.8135461211204529 10914
1751231937403 1.2128304243087769 10915
1751231938410 0.5156570672988892 10916
1751231939435 1.0988802909851074 10917
1751231940438 0.7469984889030457 10918
1751231941547 0.5410191416740417 10919
1751231942737 0.951317310333252 10920
1751231943776 0.8737686276435852 10921
1751231944806 0.5640415549278259 10922
1751231945865 0.44919291138648987 10923
1751231947045 1.4203335046768188 10924
1751231948063 0.8099349141120911 10925
1751231949101 0.9110971689224243 10926
1751231950123 0.9002000093460083 10927
1751231951150 1.0233545303344727 10928
1751231952203 1.0176337957382202 10929
1751231953284 1.1541123390197754 10930
1751231954323 0.780289351940155 10931
1751231955336 0.7650553584098816 10932
1751231956336 0.7448763251304626 10933
1751231957649 0.6971375346183777 10934
1751231958657 0.45159998536109924 10935
1751231959697 0.9063779711723328 10936
1751231960728 0.5128699541091919 10937
1751231961751 0.648322582244873 10938
1751231962792 1.104062795639038 10939
1751231963829 1.1237350702285767 10940
1751231964884 0.9450324177742004 10941
1751231965927 0.822521984577179 10942
1751231966927 0.9975690841674805 10943
1751231968236 1.2390683889389038 10944
1751231969106 1.0635795593261719 10945
1751231970151 0.9970973134040833 10946
1751231971163 1.6332844495773315 10947
1751231972176 0.7564032673835754 10948
1751231973216 0.8503322601318359 10949
1751231974221 0.49029818177223206 10950
1751231975305 0.8434802293777466 10951
1751231976386 0.8494037985801697 10952
1751231977704 0.546988844871521 10953
1751231978800 0.549807071685791 10954
1751231979858 0.8079500198364258 10955
1751231980925 0.5226278901100159 10956
1751231981973 0.6101298332214355 10957
1751231983016 0.926936149597168 10958
1751231984033 0.5219492316246033 10959
1751231985077 0.9715415835380554 10960
1751231986126 1.4791743755340576 10961
1751231987183 0.7944040894508362 10962
1751231988391 1.3000038862228394 10963
1751231989409 0.7567718029022217 10964
1751231990423 0.601565420627594 10965
1751231991461 1.7794584035873413 10966
1751231992341 1.0882648229599 10967
1751231993333 0.8734332919120789 10968
1751231994396 1.9476066827774048 10969
1751231995335 0.9652206301689148 10970
1751231996491 0.7979580760002136 10971
1751231997506 0.9829475283622742 10972
1751231998862 0.3093597888946533 10973
1751231999894 0.3237757384777069 10974
1751232000931 0.9834101796150208 10975
1751232001981 0.8671387434005737 10976
1751232003018 1.5906283855438232 10977
1751232004049 0.8678514957427979 10978
1751232005109 0.5232727527618408 10979
1751232006209 0.8564052581787109 10980
1751232007264 0.9211958050727844 10981
1751232008333 0.7628766894340515 10982
1751232009738 0.4305414855480194 10983
1751232010774 0.7002792954444885 10984
1751232011625 0.7942856550216675 10985
1751232012730 0.9132217764854431 10986
1751232013848 0.6458987593650818 10987
1751232014898 0.9186269640922546 10988
1751232015999 0.7998263239860535 10989
1751232017032 0.59876948595047 10990
1751232018093 0.984988808631897 10991
1751232019120 0.8487276434898376 10992
1751232020488 0.5588003396987915 10993
1751232021503 0.07064129412174225 10994
1751232022390 1.3805732727050781 10995
1751232023396 0.7710357904434204 10996
1751232024383 0.5476701855659485 10997
1751232025479 0.8764193654060364 10998
1751232026494 0.6222008466720581 10999
1751232027517 1.075811505317688 11000
1751232028568 1.2818735837936401 11001
1751232029656 0.7651464343070984 11002
1751232031130 0.6098883152008057 11003
1751232032128 1.084099531173706 11004
1751232033119 0.9901962280273438 11005
1751232034140 0.8318946957588196 11006
1751232035149 0.372549831867218 11007
1751232036176 0.693135678768158 11008
1751232037213 0.39318105578422546 11009
1751232038223 1.0993785858154297 11010
1751232039261 0.8070161938667297 11011
1751232040555 0.5939619541168213 11012
1751232041594 0.4454306662082672 11013
1751232042625 0.9101211428642273 11014
1751232043611 0.6014627814292908 11015
1751232044647 0.7427694201469421 11016
1751232045676 0.6147821545600891 11017
1751232046666 0.6771098375320435 11018
1751232047566 1.0582554340362549 11019
1751232048550 0.6189153790473938 11020
1751232049586 0.8148124814033508 11021
1751232050893 0.7982741594314575 11022
1751232051910 0.9110003709793091 11023
1751232052935 0.7878002524375916 11024
1751232053982 0.9111654162406921 11025
1751232054868 0.9832661747932434 11026
1751232055889 0.6870270371437073 11027
1751232056891 0.9729902148246765 11028
1751232057911 0.6886903047561646 11029
1751232058915 1.5772039890289307 11030
1751232059806 0.9528902173042297 11031
1751232061121 0.3499152660369873 11032
1751232062118 0.7115702033042908 11033
1751232063158 0.8619546890258789 11034
1751232064194 0.8091402053833008 11035
1751232065341 0.6909584999084473 11036
1751232066355 0.7097651958465576 11037
1751232067389 0.8837653398513794 11038
1751232068408 0.7397910952568054 11039
1751232069437 0.6954807639122009 11040
1751232070495 1.444060206413269 11041
1751232071781 0.5767934322357178 11042
1751232072801 1.0526546239852905 11043
1751232073805 0.05808582901954651 11044
1751232074816 0.9588104486465454 11045
1751232075849 0.7795345187187195 11046
1751232076854 1.4840388298034668 11047
1751232077874 1.0998153686523438 11048
1751232078908 0.7900438904762268 11049
1751232079962 0.9748374819755554 11050
1751232080980 0.37529876828193665 11051
1751232082305 0.5167713761329651 11052
1751232083365 0.9137983322143555 11053
1751232084551 0.9588966369628906 11054
1751232085645 0.7969085574150085 11055
1751232086664 0.7466909289360046 11056
1751232087688 0.8609437346458435 11057
1751232088695 1.7855408191680908 11058
1751232089767 0.6247802972793579 11059
1751232090778 0.5979921221733093 11060
1751232092091 0.5417966842651367 11061
1751232093152 0.8977423906326294 11062
1751232094207 0.7842782735824585 11063
1751232095213 1.178589105606079 11064
1751232096286 0.662249743938446 11065
1751232097329 1.3248982429504395 11066
1751232098359 0.43742141127586365 11067
1751232099391 1.2748569250106812 11068
1751232100445 0.8642496466636658 11069
1751232101707 0.6473883390426636 11070
1751232103051 1.0120258331298828 11071
1751232104054 1.5960177183151245 11072
1751232105114 1.2164567708969116 11073
1751232106129 1.3046092987060547 11074
1751232107133 0.7884756922721863 11075
1751232108197 1.4225372076034546 11076
1751232109221 0.6710922122001648 11077
1751232110095 1.1880624294281006 11078
1751232111101 0.8636954426765442 11079
1751232112121 0.31697431206703186 11080
1751232113446 0.8264397978782654 11081
1751232114519 0.7590627074241638 11082
1751232115422 0.7815619707107544 11083
1751232116489 0.7095277905464172 11084
1751232117635 0.7461373209953308 11085
1751232118557 0.7160968780517578 11086
1751232119463 0.8259574770927429 11087
1751232120484 0.6453537344932556 11088
1751232121498 0.8667597770690918 11089
1751232122560 0.5000982284545898 11090
1751232123837 0.7326881289482117 11091
1751232124854 0.43405723571777344 11092
1751232125895 0.7870044708251953 11093
1751232126894 0.4820428788661957 11094
1751232127908 0.8510097861289978 11095
1751232128899 1.0796760320663452 11096
1751232129919 1.0099382400512695 11097
1751232130949 0.6599154472351074 11098
1751232131968 0.5103698968887329 11099
1751232133113 0.8063327670097351 11100
1751232134124 0.6058791279792786 11101
1751232135153 0.8877930045127869 11102
1751232136168 1.4247734546661377 11103
1751232137207 1.210317850112915 11104
1751232138245 0.9336366653442383 11105
1751232139328 0.4501991271972656 11106
1751232140340 0.956769585609436 11107
1751232141220 1.0188311338424683 11108
1751232142289 0.6235356330871582 11109
1751232143574 0.5657739639282227 11110
1751232144583 0.8698882460594177 11111
1751232145443 0.7684530019760132 11112
1751232146450 0.9236680269241333 11113
1751232147531 0.707713782787323 11114
1751232148553 0.8283361792564392 11115
1751232149595 0.6335833668708801 11116
1751232150635 0.9020048975944519 11117
1751232151637 0.8046218752861023 11118
1751232152656 0.8200821280479431 11119
1751232153940 0.5750417113304138 11120
1751232154942 0.8464366793632507 11121
1751232156006 0.6838076114654541 11122
1751232157051 0.5240580439567566 11123
1751232158094 1.2046527862548828 11124
1751232159098 0.5445871353149414 11125
1751232160128 0.8845346570014954 11126
1751232161140 0.7839983701705933 11127
1751232162146 0.7329431176185608 11128
1751232163156 0.16490644216537476 11129
1751232164445 1.1541920900344849 11130
1751232165462 1.1095359325408936 11131
1751232166525 0.3873055875301361 11132
1751232167559 0.9873154759407043 11133
1751232168628 1.4137682914733887 11134
1751232169659 1.0837910175323486 11135
1751232170676 0.12917838990688324 11136
1751232171668 0.4906825125217438 11137
1751232172708 1.01285719871521 11138
1751232173768 0.7115879058837891 11139
1751232174925 1.654520869255066 11140
1751232175938 0.7529277801513672 11141
1751232177009 1.1252539157867432 11142
1751232178064 0.6298894882202148 11143
1751232179071 0.6652361750602722 11144
1751232180156 1.027142882347107 11145
1751232181414 0.5887421369552612 11146
1751232182435 0.5616955161094666 11147
1751232183322 1.0868785381317139 11148
1751232184352 0.8709272742271423 11149
1751232185546 0.7098559737205505 11150
1751232186544 0.156417116522789 11151
1751232187598 0.572011411190033 11152
1751232188606 0.5814631581306458 11153
1751232189594 0.9230266213417053 11154
1751232190663 0.25907230377197266 11155
1751232191691 0.5826684832572937 11156
1751232192727 1.30393648147583 11157
1751232193810 0.13412271440029144 11158
1751232194725 0.7981865406036377 11159
1751232196209 0.3693941533565521 11160
1751232197280 0.5134913325309753 11161
1751232198314 0.5718519687652588 11162
1751232199368 0.7058249115943909 11163
1751232200368 0.7100953459739685 11164
1751232201378 1.163772702217102 11165
1751232202423 0.8191656470298767 11166
1751232203477 0.35513216257095337 11167
1751232204491 0.8502243161201477 11168
1751232205365 1.0375463962554932 11169
1751232206646 0.901204526424408 11170
1751232207652 0.6375834345817566 11171
1751232208672 1.1621325016021729 11172
1751232209719 0.6939407587051392 11173
1751232210726 0.8661028742790222 11174
1751232211782 0.7340397834777832 11175
1751232212849 0.8612045645713806 11176
1751232214008 0.9885408282279968 11177
1751232215045 0.4853472113609314 11178
1751232216340 0.76152104139328 11179
1751232217413 0.735292911529541 11180
1751232218318 1.5727003812789917 11181
1751232219329 0.7724273204803467 11182
1751232220378 0.6697108149528503 11183
1751232221386 0.760134220123291 11184
1751232222420 0.658426821231842 11185
1751232223441 0.5861952304840088 11186
1751232224339 1.5660251379013062 11187
1751232225360 0.6759375929832458 11188
1751232226670 0.9662441611289978 11189
1751232227708 1.158878207206726 11190
1751232228707 1.0641273260116577 11191
1751232229704 0.5405311584472656 11192
1751232230757 1.6352618932724 11193
1751232231825 0.9997369647026062 11194
1751232232863 0.45580291748046875 11195
1751232233817 1.315349817276001 11196
1751232234865 0.8629788756370544 11197
1751232235920 0.09902854263782501 11198
1751232237189 0.5038601160049438 11199
1751232238204 0.8426790237426758 11200
1751232239184 0.972364604473114 11201
1751232240229 0.9309627413749695 11202
1751232241282 0.7120939493179321 11203
1751232242311 1.0970567464828491 11204
1751232243350 0.40751954913139343 11205
1751232244395 0.8058251142501831 11206
1751232245424 0.9388098120689392 11207
1751232246475 0.022833455353975296 11208
1751232247843 0.8816123604774475 11209
1751232248843 1.0514577627182007 11210
1751232249898 0.7167078852653503 11211
1751232250939 0.5947244763374329 11212
1751232251978 0.7610252499580383 11213
1751232252996 0.8511738777160645 11214
1751232254068 0.1894664168357849 11215
1751232255104 0.5190802812576294 11216
1751232256118 0.9513826370239258 11217
1751232257139 1.2059311866760254 11218
1751232258492 1.4542567729949951 11219
1751232259522 0.7507976293563843 11220
1751232260569 0.8382019400596619 11221
1751232261589 1.6427803039550781 11222
1751232262675 0.7988028526306152 11223
1751232263725 1.5132455825805664 11224
1751232264768 0.5679212808609009 11225
1751232265807 1.0614219903945923 11226
1751232266836 1.0471745729446411 11227
1751232267890 0.8275513052940369 11228
1751232269198 0.8572741746902466 11229
1751232270230 1.1245039701461792 11230
1751232271247 0.5021018385887146 11231
1751232272327 0.5447180271148682 11232
1751232273384 0.15104207396507263 11233
1751232274391 0.7985593676567078 11234
1751232275512 0.7862908244132996 11235
1751232276647 0.8612918853759766 11236
1751232277639 0.6925905346870422 11237
1751232278643 0.6446677446365356 11238
1751232279937 0.73122638463974 11239
1751232280946 0.5702410936355591 11240
1751232282025 0.8530191779136658 11241
1751232283060 0.6123773455619812 11242
1751232284097 0.6006927490234375 11243
1751232285115 0.3851148784160614 11244
1751232286145 1.007282018661499 11245
1751232287177 1.0463191270828247 11246
1751232288074 1.3651885986328125 11247
1751232289385 0.6828233599662781 11248
1751232290546 0.8062546849250793 11249
1751232291579 0.5927996039390564 11250
1751232292622 0.7024604678153992 11251
1751232293651 0.9235822558403015 11252
1751232294667 0.6404171586036682 11253
1751232295681 0.7163769602775574 11254
1751232296753 0.6281414031982422 11255
1751232297755 0.4844995141029358 11256
1751232298845 0.8729271292686462 11257
1751232300166 0.6757372617721558 11258
1751232301206 0.022770725190639496 11259
1751232302251 0.5169323682785034 11260
1751232303271 0.41873201727867126 11261
1751232304330 0.9786357879638672 11262
1751232305386 0.6030845642089844 11263
1751232306549 1.527002215385437 11264
1751232307633 0.8401412963867188 11265
1751232308665 0.6964219808578491 11266
1751232309984 0.8365087509155273 11267
1751232310988 0.2789258658885956 11268
1751232312023 0.7250952124595642 11269
1751232313044 0.49384447932243347 11270
1751232314084 0.4442066550254822 11271
1751232315159 0.46885108947753906 11272
1751232316164 0.8741180300712585 11273
1751232317209 0.7546872496604919 11274
1751232318229 0.9936990737915039 11275
1751232319300 0.8043323755264282 11276
1751232320638 0.7436695694923401 11277
1751232321650 1.0540685653686523 11278
1751232322525 1.0180004835128784 11279
1751232323405 1.8302682638168335 11280
1751232324466 0.9310657382011414 11281
1751232325507 0.8728043437004089 11282
1751232326589 0.9196792840957642 11283
1751232327621 0.9704104661941528 11284
1751232328519 0.8067736625671387 11285
1751232329855 0.7746956944465637 11286
1751232330902 0.9944305419921875 11287
1751232331910 0.5571096539497375 11288
1751232332952 0.657397985458374 11289
1751232333975 0.7131933569908142 11290
1751232335010 0.8418046832084656 11291
1751232336047 0.9871708750724792 11292
1751232336954 1.828813910484314 11293
1751232337966 0.990770161151886 11294
1751232339068 1.2284071445465088 11295
1751232340385 0.5559030771255493 11296
1751232341422 0.3336920142173767 11297
1751232342456 0.4937904477119446 11298
1751232343525 0.6302158236503601 11299
1751232344589 0.902492344379425 11300
1751232345616 0.7177796363830566 11301
1751232346636 1.2935810089111328 11302
1751232347645 0.6849005818367004 11303
1751232348657 1.0519579648971558 11304
1751232349924 0.7945041060447693 11305
1751232350985 0.6476252675056458 11306
1751232352045 0.5460611581802368 11307
1751232353037 0.857808530330658 11308
1751232354084 0.3647423982620239 11309
1751232355109 0.6167497038841248 11310
1751232356152 0.8234886527061462 11311
1751232357165 0.6346300840377808 11312
1751232358187 0.8813707232475281 11313
1751232359218 1.0407748222351074 11314
1751232360562 0.4158955514431 11315
1751232361747 0.7504027485847473 11316
1751232362649 3.0836989879608154 11317
1751232363723 0.8509306311607361 11318
1751232364588 0.897542417049408 11319
1751232365654 0.7715466022491455 11320
1751232366692 0.9836624264717102 11321
1751232367773 0.6470791697502136 11322
1751232368829 1.046608328819275 11323
1751232370147 0.4600985646247864 11324
1751232371178 0.9720672369003296 11325
1751232372268 0.8544116020202637 11326
1751232373324 0.5831540822982788 11327
1751232374354 0.7223955988883972 11328
1751232375438 1.3147480487823486 11329
1751232376467 1.2638397216796875 11330
1751232377621 0.6130988001823425 11331
1751232378671 0.7962578535079956 11332
1751232379703 0.5226391553878784 11333
1751232381005 0.3580658435821533 11334
1751232382073 0.4565730690956116 11335
1751232383068 0.8323128819465637 11336
1751232384097 0.7986247539520264 11337
1751232385144 0.11589555442333221 11338
1751232386159 0.7114121317863464 11339
1751232387210 0.8399444222450256 11340
1751232388197 0.49734899401664734 11341
1751232389242 0.8830071687698364 11342
1751232390595 1.702426552772522 11343
1751232391620 0.8213050961494446 11344
1751232392672 1.3926026821136475 11345
1751232393701 0.5422341823577881 11346
1751232394868 1.1202067136764526 11347
1751232395949 0.8384611010551453 11348
1751232396858 0.5944408774375916 11349
1751232397860 0.9635257124900818 11350
1751232398880 1.1334056854248047 11351
1751232399887 0.6024647355079651 11352
1751232401224 1.765586256980896 11353
1751232402244 0.6995197534561157 11354
1751232403260 0.6318373084068298 11355
1751232404316 1.06211519241333 11356
1751232405331 0.8157731294631958 11357
1751232406376 1.2470641136169434 11358
1751232407431 0.6256425976753235 11359
1751232408422 0.6844733357429504 11360
1751232409470 0.6768205165863037 11361
1751232410785 0.663550853729248 11362
1751232411825 0.7649190425872803 11363
1751232412849 0.7118410468101501 11364
1751232413884 1.1496738195419312 11365
1751232414923 0.8124951124191284 11366
1751232415918 0.7086867690086365 11367
1751232416940 0.8650507926940918 11368
1751232417976 0.902398407459259 11369
1751232419062 0.6243793368339539 11370
1751232419923 1.0439913272857666 11371
1751232421202 0.8493698239326477 11372
1751232422257 1.4385465383529663 11373
1751232423277 0.8349921107292175 11374
1751232424290 0.3431374430656433 11375
1751232425306 1.8552223443984985 11376
1751232426342 0.45468124747276306 11377
1751232427370 0.9066745638847351 11378
1751232428365 0.6581547856330872 11379
1751232429409 1.1819733381271362 11380
1751232430738 1.0704072713851929 11381
1751232431765 1.09904944896698 11382
1751232432779 0.6474671959877014 11383
1751232433780 0.8683661818504333 11384
1751232434773 0.45839253067970276 11385
1751232435759 0.5028142929077148 11386
1751232436786 1.0727355480194092 11387
1751232437847 0.9541171193122864 11388
1751232438859 0.7217077612876892 11389
1751232439872 0.6115565896034241 11390
1751232441215 0.8967643976211548 11391
1751232442127 0.6905496120452881 11392
1751232443201 1.1276886463165283 11393
1751232444154 0.7690258026123047 11394
1751232445167 1.1884357929229736 11395
1751232446222 0.7310540080070496 11396
1751232447241 0.9079068303108215 11397
1751232448240 0.948254406452179 11398
1751232449267 0.3338354229927063 11399
1751232450137 0.9058947563171387 11400
1751232451423 0.8874004483222961 11401
1751232452452 0.7559831142425537 11402
1751232453487 0.9995007514953613 11403
1751232454540 0.13095133006572723 11404
1751232455591 0.7044344544410706 11405
1751232456617 1.2362397909164429 11406
1751232457820 1.0251777172088623 11407
1751232458870 0.3131107687950134 11408
1751232459939 0.8879966735839844 11409
1751232461080 1.5163873434066772 11410
1751232462087 0.4929051995277405 11411
1751232463100 0.730178952217102 11412
1751232464007 0.758450448513031 11413
1751232465011 0.6806907057762146 11414
1751232466084 1.7442047595977783 11415
1751232466997 0.9534229040145874 11416
1751232468012 0.5516972541809082 11417
1751232469064 0.792755126953125 11418
1751232470292 1.0190068483352661 11419
1751232471340 0.9215971827507019 11420
1751232472371 1.0924450159072876 11421
1751232473385 0.5906602144241333 11422
1751232474436 0.7268671989440918 11423
1751232475593 0.6830223202705383 11424
1751232476605 0.8774437308311462 11425
1751232477667 0.6042274236679077 11426
1751232478679 0.7509698271751404 11427
1751232479729 0.5464709997177124 11428
1751232481040 1.1635468006134033 11429
1751232481976 1.0512975454330444 11430
1751232482987 1.1234912872314453 11431
1751232484062 0.9361910820007324 11432
1751232485135 1.625078797340393 11433
1751232486164 0.8165994882583618 11434
1751232487207 0.8082515597343445 11435
1751232488281 0.5402700901031494 11436
1751232489303 0.40014541149139404 11437
1751232490733 1.021510124206543 11438
1751232491927 0.742165744304657 11439
1751232492944 0.7912949323654175 11440
1751232493976 1.01567542552948 11441
1751232495033 0.6877151727676392 11442
1751232496064 0.6876517534255981 11443
1751232497139 0.6506704688072205 11444
1751232498001 0.8809024095535278 11445
1751232499033 0.48414888978004456 11446
1751232500054 0.5151035189628601 11447
1751232501347 0.736491858959198 11448
1751232502413 0.9103789329528809 11449
1751232503391 0.9838574528694153 11450
1751232504394 0.8593147397041321 11451
1751232505439 0.5155659317970276 11452
1751232506458 0.6438331007957458 11453
1751232507485 1.1520750522613525 11454
1751232508524 0.7125341892242432 11455
1751232509545 0.7785694003105164 11456
1751232510848 0.6848005652427673 11457
1751232511873 0.6956861615180969 11458
1751232512922 0.8356044888496399 11459
1751232513932 0.6970458030700684 11460
1751232514937 0.717307984828949 11461
1751232515987 0.7762068510055542 11462
1751232517003 1.2140055894851685 11463
1751232517998 1.0305629968643188 11464
1751232519026 1.1808956861495972 11465
1751232520085 0.2721194326877594 11466
1751232521202 1.2673381567001343 11467
1751232522231 0.7767621874809265 11468
1751232523292 0.9045307040214539 11469
1751232524294 0.7575637698173523 11470
1751232525335 0.6532753109931946 11471
1751232526382 0.7075852751731873 11472
1751232527398 0.9901338815689087 11473
1751232528397 0.592073380947113 11474
1751232529405 0.974151074886322 11475
1751232530762 0.8549516797065735 11476
1751232531789 0.8304795622825623 11477
1751232532841 0.7793456315994263 11478
1751232533897 1.0179539918899536 11479
1751232534971 0.8698137402534485 11480
1751232536057 0.8217698931694031 11481
1751232537056 0.7347549200057983 11482
1751232538101 0.518399178981781 11483
1751232539107 0.6665499210357666 11484
1751232540119 0.6223247647285461 11485
1751232541440 0.7771190404891968 11486
1751232542454 0.7404841780662537 11487
1751232543454 1.0440555810928345 11488
1751232544497 1.0150150060653687 11489
1751232545512 0.7231160402297974 11490
1751232546579 0.8964465856552124 11491
1751232547650 0.6816679239273071 11492
1751232548676 0.6716111302375793 11493
1751232549697 0.6370088458061218 11494
1751232551035 0.32888713479042053 11495
1751232552154 0.5113750696182251 11496
1751232553222 0.7923116087913513 11497
1751232554357 0.7321926951408386 11498
1751232555420 1.2133066654205322 11499
1751232556489 0.793388843536377 11500
1751232557513 0.5332974791526794 11501
1751232558574 0.6289700865745544 11502
1751232559589 0.9796779751777649 11503
1751232560593 0.914842426776886 11504
1751232561887 0.8470783233642578 11505
1751232562907 1.631899118423462 11506
1751232563896 0.661199152469635 11507
1751232564933 0.12169968336820602 11508
1751232566044 0.8628508448600769 11509
1751232567088 0.7254151701927185 11510
1751232568122 0.6636232733726501 11511
1751232569236 0.7237457633018494 11512
1751232570323 0.9152197241783142 11513
1751232571481 0.20204292237758636 11514
1751232572799 1.029783844947815 11515
1751232573828 0.5404035449028015 11516
1751232574723 0.991086483001709 11517
1751232575756 1.3130147457122803 11518
1751232576767 1.093095302581787 11519
1751232577781 0.44206976890563965 11520
1751232578847 0.6455877423286438 11521
1751232579900 0.43009334802627563 11522
1751232580917 0.6857778429985046 11523
1751232582194 0.8016287684440613 11524
1751232583278 0.6048563718795776 11525
1751232584343 2.245671510696411 11526
1751232585427 0.6743419766426086 11527
1751232586503 0.9182762503623962 11528
1751232587720 0.7506775259971619 11529
1751232588740 0.880802571773529 11530
1751232589820 0.7188614010810852 11531
1751232590893 0.8397880792617798 11532
1751232592206 0.5569730997085571 11533
1751232593218 0.9796901941299438 11534
1751232594238 1.3432183265686035 11535
1751232595288 0.699673593044281 11536
1751232596271 1.1890889406204224 11537
1751232597198 0.5584375858306885 11538
1751232598207 0.7700995802879333 11539
1751232599240 0.5641929507255554 11540
1751232600299 0.6602033972740173 11541
1751232601347 0.7364980578422546 11542
1751232602617 0.579909086227417 11543
1751232603643 0.7621051073074341 11544
1751232604678 0.7930487394332886 11545
1751232605719 0.5770948529243469 11546
1751232606742 0.7699645161628723 11547
1751232607768 0.8640078902244568 11548
1751232608866 0.4904356896877289 11549
1751232609950 0.7974519729614258 11550
1751232610973 1.1222845315933228 11551
1751232612294 0.7460176348686218 11552
1751232613303 0.9974960684776306 11553
1751232614301 0.8291630148887634 11554
1751232615304 1.5819679498672485 11555
1751232616288 0.542500913143158 11556
1751232617284 0.8534186482429504 11557
1751232618297 0.6063699126243591 11558
1751232619348 1.4022027254104614 11559
1751232620358 0.6157304048538208 11560
1751232621230 0.9603326916694641 11561
1751232622510 0.9419776201248169 11562
1751232623516 0.235551655292511 11563
1751232624525 0.7303022742271423 11564
1751232625572 0.9267644882202148 11565
1751232626569 0.8162442445755005 11566
1751232627569 0.6363325119018555 11567
1751232628481 0.9023235440254211 11568
1751232629490 0.28300148248672485 11569
1751232630373 2.317094564437866 11570
1751232631665 0.7520608901977539 11571
1751232632703 0.9489261507987976 11572
1751232633737 0.648152768611908 11573
1751232634759 0.7769618034362793 11574
1751232635843 1.0382826328277588 11575
1751232636894 0.5894672274589539 11576
1751232637899 0.635286271572113 11577
1751232638913 0.816754162311554 11578
1751232639960 0.140142560005188 11579
1751232641254 0.6653011441230774 11580
1751232642289 1.9123512506484985 11581
1751232643330 1.242334008216858 11582
1751232644346 0.7750979065895081 11583
1751232645351 1.0143288373947144 11584
1751232646342 1.57536780834198 11585
1751232647269 1.2157071828842163 11586
1751232648321 0.9022440910339355 11587
1751232649361 0.45116233825683594 11588
1751232650547 1.1389884948730469 11589
1751232651900 0.8414807319641113 11590
1751232652771 0.6865485310554504 11591
1751232653865 0.7721562385559082 11592
1751232654930 0.44815793633461 11593
1751232655982 0.8005964159965515 11594
1751232656904 1.1951745748519897 11595
1751232657916 0.7233136892318726 11596
1751232658797 1.2274057865142822 11597
1751232659803 0.9971067309379578 11598
1751232661226 0.7005114555358887 11599
1751232662232 0.4165339469909668 11600
1751232663274 0.39191246032714844 11601
1751232664335 1.6785954236984253 11602
1751232665412 0.8363588452339172 11603
1751232666578 0.35623908042907715 11604
1751232667633 0.3705306649208069 11605
1751232668652 0.551731526851654 11606
1751232669659 0.8756982088088989 11607
1751232670661 0.18047702312469482 11608
1751232671960 0.6604288816452026 11609
1751232672982 0.750689685344696 11610
1751232673853 0.9654762148857117 11611
1751232674879 1.1611534357070923 11612
1751232675891 1.1063501834869385 11613
1751232676959 0.9281789064407349 11614
1751232678054 1.1357111930847168 11615
1751232679093 0.42414507269859314 11616
1751232680136 0.7016066908836365 11617
1751232681459 0.6867256760597229 11618
1751232682592 0.6104339957237244 11619
1751232683774 0.9324948191642761 11620
1751232684786 0.786024808883667 11621
1751232685789 0.7046346664428711 11622
1751232686688 1.371153712272644 11623
1751232687765 0.9535244107246399 11624
1751232688780 0.517776608467102 11625
1751232689808 0.6057021021842957 11626
1751232691080 1.0970200300216675 11627
1751232692118 0.6970634460449219 11628
1751232693104 0.5341275334358215 11629
1751232694072 1.2025867700576782 11630
1751232695166 0.8103281259536743 11631
1751232696051 1.0408278703689575 11632
1751232697091 2.803847074508667 11633
1751232697988 0.8655330538749695 11634
1751232699007 0.9054056406021118 11635
1751232700016 0.5943284034729004 11636
1751232701288 1.3001350164413452 11637
1751232702362 0.3552449643611908 11638
1751232703362 1.111815333366394 11639
1751232704362 0.6644697785377502 11640
1751232705420 0.7820791006088257 11641
1751232706434 0.6712709069252014 11642
1751232707456 0.592976987361908 11643
1751232708498 0.7525674700737 11644
1751232709500 0.6821379065513611 11645
1751232710796 0.8275281190872192 11646
1751232711801 0.602790355682373 11647
1751232712809 0.6681913733482361 11648
1751232713857 0.821570873260498 11649
1751232714912 0.7105799317359924 11650
1751232715934 1.0159540176391602 11651
1751232716886 1.4779932498931885 11652
1751232717943 1.114566683769226 11653
1751232719001 0.5972172617912292 11654
1751232720293 0.7736635208129883 11655
1751232721315 0.8154778480529785 11656
1751232722311 0.594264805316925 11657
1751232723303 0.5606978535652161 11658
1751232724333 0.5940654277801514 11659
1751232725410 0.7095882892608643 11660
1751232726425 1.060172200202942 11661
1751232727473 0.8425002098083496 11662
1751232728490 0.9449774026870728 11663
1751232729851 0.4687007963657379 11664
1751232730881 0.3170367181301117 11665
1751232731929 0.7036122679710388 11666
1751232732952 0.5232909917831421 11667
1751232734010 0.6678462624549866 11668
1751232735040 0.8989871144294739 11669
1751232736057 0.9641984105110168 11670
1751232737094 0.9413869976997375 11671
1751232738121 0.6595067381858826 11672
1751232739435 0.302949458360672 11673
1751232740479 0.4369410574436188 11674
1751232741569 1.006443977355957 11675
1751232742640 0.8645721673965454 11676
1751232743654 0.40483856201171875 11677
1751232744722 0.8040798902511597 11678
1751232745872 0.6651595830917358 11679
1751232746913 0.5449115633964539 11680
1751232747961 0.7813472151756287 11681
1751232749094 1.7579984664916992 11682
1751232750089 0.689063310623169 11683
1751232751101 0.49841946363449097 11684
1751232752135 1.2619062662124634 11685
1751232753159 0.6199011206626892 11686
1751232754181 0.7152075171470642 11687
1751232755198 0.4753391444683075 11688
1751232756222 1.1727275848388672 11689
1751232757301 0.562842071056366 11690
1751232758626 0.9912769198417664 11691
1751232759707 1.8858493566513062 11692
1751232760755 1.2837377786636353 11693
1751232761981 0.5852344632148743 11694
1751232763070 0.5683666467666626 11695
1751232764110 0.6824103593826294 11696
1751232765112 1.0860742330551147 11697
1751232766155 0.6042973399162292 11698
1751232767179 0.6533579230308533 11699
1751232768090 1.202965497970581 11700
1751232769449 1.0115028619766235 11701
1751232770487 0.7921857833862305 11702
1751232771552 0.5284912586212158 11703
1751232772559 0.6584510207176208 11704
1751232773632 0.5954728126525879 11705
1751232774670 0.8507240414619446 11706
1751232775682 0.8075937628746033 11707
1751232776729 0.50204998254776 11708
1751232777765 1.1424378156661987 11709
1751232779291 0.462342232465744 11710
1751232780177 0.6646724343299866 11711
1751232781240 0.7924500107765198 11712
1751232782254 1.1099720001220703 11713
1751232783303 0.521782636642456 11714
1751232784384 0.7291676998138428 11715
1751232785437 0.6874710917472839 11716
1751232786478 0.9883075952529907 11717
1751232787529 0.5719934701919556 11718
1751232788839 0.7040891647338867 11719
1751232789874 0.44344162940979004 11720
1751232790900 0.7360488176345825 11721
1751232791973 1.255304217338562 11722
1751232792996 0.9155597686767578 11723
1751232794084 0.7326177954673767 11724
1751232795131 0.610321044921875 11725
1751232796002 1.0003355741500854 11726
1751232797074 0.6275931596755981 11727
1751232798413 0.6640363931655884 11728
1751232799435 0.7043154239654541 11729
1751232800484 0.5964342355728149 11730
1751232801524 0.9008367657661438 11731
1751232802563 0.7509452700614929 11732
1751232803594 1.0205786228179932 11733
1751232804633 0.7328042387962341 11734
1751232805616 1.0705317258834839 11735
1751232806659 1.2000089883804321 11736
1751232807756 0.9603635668754578 11737
1751232809072 0.6927337050437927 11738
1751232810145 0.7604947090148926 11739
1751232811190 0.7744178175926208 11740
1751232812251 0.7054999470710754 11741
1751232813280 0.7193297743797302 11742
1751232814273 0.6173437237739563 11743
1751232815304 0.950100839138031 11744
1751232816303 0.7536911368370056 11745
1751232817337 0.7267010807991028 11746
1751232818701 0.5124450922012329 11747
1751232819722 0.882115364074707 11748
1751232820807 0.5110709071159363 11749
1751232821846 0.6981222033500671 11750
1751232822790 1.7153971195220947 11751
1751232823806 0.9421291351318359 11752
1751232824840 0.7615794539451599 11753
1751232825714 1.2248305082321167 11754
1751232826751 0.9976117610931396 11755
1751232828056 0.7595040202140808 11756
1751232829088 0.651458740234375 11757
1751232830187 0.4079556167125702 11758
1751232831068 0.5629249811172485 11759
1751232832107 1.2603574991226196 11760
1751232832985 1.6346123218536377 11761
1751232834062 0.941408634185791 11762
1751232835084 0.633100152015686 11763
1751232836124 0.8498830199241638 11764
1751232837208 0.8322817087173462 11765
1751232838561 1.2078468799591064 11766
1751232839601 0.6877838969230652 11767
1751232840632 0.6492671370506287 11768
1751232841820 1.132631778717041 11769
1751232842925 0.7906759977340698 11770
1751232843945 1.3087595701217651 11771
1751232844966 0.655082643032074 11772
1751232845985 0.9687137603759766 11773
1751232847039 0.7701041102409363 11774
1751232848346 0.06036955118179321 11775
1751232849375 1.204783320426941 11776
1751232850412 0.5313580632209778 11777
1751232851432 0.8550013899803162 11778
1751232852438 0.8047596216201782 11779
1751232853476 0.9690477252006531 11780
1751232854473 0.8818458914756775 11781
1751232855490 0.703535795211792 11782
1751232856515 0.920041561126709 11783
1751232857885 0.9785355925559998 11784
1751232858974 0.5990829467773438 11785
1751232860003 0.7444708347320557 11786
1751232860869 0.7954968214035034 11787
1751232861748 1.2563709020614624 11788
1751232862761 0.5947848558425903 11789
1751232863902 0.8562793731689453 11790
1751232864927 0.5304135680198669 11791
1751232865924 0.5697160363197327 11792
1751232867263 0.5555182695388794 11793
1751232868279 0.8801195025444031 11794
1751232869348 0.6936154365539551 11795
1751232870393 1.1794322729110718 11796
1751232871430 0.6894667744636536 11797
1751232872445 0.5773143172264099 11798
1751232873465 0.6174426674842834 11799
1751232874499 0.29912781715393066 11800
1751232875693 0.8421337008476257 11801
1751232877056 1.105710506439209 11802
1751232878111 0.5693901181221008 11803
1751232879119 1.0362414121627808 11804
1751232880189 0.9846431016921997 11805
1751232881199 1.3713229894638062 11806
1751232882094 1.334764838218689 11807
1751232883105 0.5876688361167908 11808
1751232884164 0.91825932264328 11809
1751232885043 1.004285216331482 11810
1751232886057 0.5504285097122192 11811
1751232887387 0.6874473690986633 11812
1751232888477 0.7452202439308167 11813
1751232889316 2.01655912399292 11814
1751232890431 1.5581486225128174 11815
1751232891436 1.4338819980621338 11816
1751232892444 0.5575721859931946 11817
1751232893444 0.7697809338569641 11818
1751232894518 0.875318706035614 11819
1751232895769 0.919110894203186 11820
1751232896865 0.9917158484458923 11821
1751232897875 0.6051267385482788 11822
1751232898974 1.0142074823379517 11823
1751232899997 0.48781177401542664 11824
1751232901024 0.5395630598068237 11825
1751232902041 1.0174099206924438 11826
1751232903044 0.6699737310409546 11827
1751232904064 0.7147743105888367 11828
1751232905435 1.1884056329727173 11829
1751232906460 1.1277433633804321 11830
1751232907468 1.8562313318252563 11831
1751232908507 0.7650173902511597 11832
1751232909534 1.390709638595581 11833
1751232910596 0.6570852994918823 11834
1751232911597 0.7046968340873718 11835
1751232912609 0.5863025784492493 11836
1751232913622 0.6665224432945251 11837
1751232914684 0.2955975830554962 11838
1751232915960 0.43207377195358276 11839
1751232916963 0.7989287972450256 11840
1751232917993 0.7777389883995056 11841
1751232918880 1.0387001037597656 11842
1751232919903 0.2163180112838745 11843
1751232920953 0.7784707546234131 11844
1751232922004 1.069406509399414 11845
1751232923029 1.0151456594467163 11846
1751232924025 0.9537579417228699 11847
1751232925331 0.4599604606628418 11848
1751232926326 0.7976939082145691 11849
1751232927336 0.7462949156761169 11850
1751232928363 0.3755973279476166 11851
1751232929381 0.6970272660255432 11852
1751232930465 0.8831793069839478 11853
1751232931485 0.48183977603912354 11854
1751232932547 0.04048817232251167 11855
1751232933431 1.5033206939697266 11856
1751232934775 0.41362500190734863 11857
1751232935813 0.7456388473510742 11858
1751232936825 0.7182086706161499 11859
1751232937824 0.6214410662651062 11860
1751232938850 1.0224823951721191 11861
1751232940000 1.7185710668563843 11862
1751232941045 0.8170027136802673 11863
1751232942082 0.7023863792419434 11864
1751232943057 0.607477605342865 11865
1751232944490 0.796120285987854 11866
1751232945518 1.0361922979354858 11867
1751232946531 1.0071728229522705 11868
1751232947600 0.7702693343162537 11869
1751232948603 0.7834851741790771 11870
1751232949596 0.6511251330375671 11871
1751232950599 1.6995964050292969 11872
1751232951634 0.5963953733444214 11873
1751232952655 0.5969054102897644 11874
1751232953989 0.578985869884491 11875
1751232955064 1.1131287813186646 11876
1751232956087 0.7942831516265869 11877
1751232957132 0.6853784918785095 11878
1751232958158 0.9871991276741028 11879
1751232959157 0.5988974571228027 11880
1751232960268 0.8026906847953796 11881
1751232961403 0.9216886758804321 11882
1751232962423 0.5111873745918274 11883
1751232963475 0.6770461797714233 11884
1751232964799 0.6108256578445435 11885
1751232965841 1.0220144987106323 11886
1751232966850 0.6285818815231323 11887
1751232967858 0.7336242198944092 11888
1751232968906 0.8245882987976074 11889
1751232969955 1.1673082113265991 11890
1751232970986 0.9008072018623352 11891
1751232971998 0.5909891128540039 11892
1751232973045 0.7752881646156311 11893
1751232974440 0.6755040287971497 11894
1751232975582 0.821694552898407 11895
1751232976789 1.0166666507720947 11896
1751232977796 0.5948798060417175 11897
1751232978687 1.6555404663085938 11898
1751232979730 0.7167595028877258 11899
1751232980759 0.9257041811943054 11900
1751232981810 0.9169455766677856 11901
1751232982893 0.799699068069458 11902
1751232984196 1.203642725944519 11903
1751232985215 0.5691689848899841 11904
1751232986093 2.8411006927490234 11905
1751232987130 0.9247247576713562 11906
1751232988162 0.6400344967842102 11907
1751232989228 0.6055426597595215 11908
1751232990278 0.7648577094078064 11909
1751232991280 0.853449285030365 11910
1751232992289 0.3791344463825226 11911
1751232993579 0.9944077730178833 11912
1751232994594 1.3194514513015747 11913
1751232995610 0.8774202466011047 11914
1751232996634 1.5337953567504883 11915
1751232997636 0.07717324048280716 11916
1751232998638 0.8746002316474915 11917
1751232999517 1.2979793548583984 11918
1751233000527 0.5779173970222473 11919
1751233001548 0.7650082111358643 11920
1751233002884 0.9095379114151001 11921
1751233003884 0.8016164898872375 11922
1751233004913 0.4392145276069641 11923
1751233005981 0.02502637915313244 11924
1751233006982 0.5662925839424133 11925
1751233008053 0.38202735781669617 11926
1751233009076 0.7637304067611694 11927
1751233010099 1.110337495803833 11928
1751233010962 0.5491513013839722 11929
1751233011955 1.1463050842285156 11930
1751233013348 0.2951195538043976 11931
1751233014347 0.7056244015693665 11932
1751233015345 0.9281423687934875 11933
1751233016351 0.506877601146698 11934
1751233017402 1.2264856100082397 11935
1751233018445 0.7089106440544128 11936
1751233019459 1.3534923791885376 11937
1751233020472 0.7618772983551025 11938
1751233021463 0.7104753851890564 11939
1751233022604 0.6051195859909058 11940
1751233023609 0.6723188161849976 11941
1751233024736 0.6028720736503601 11942
1751233025875 0.9782472848892212 11943
1751233026940 0.7335103750228882 11944
1751233027945 1.5607143640518188 11945
1751233028952 0.7278555035591125 11946
1751233029986 0.9854030013084412 11947
1751233031097 1.2452142238616943 11948
1751233032467 0.7148389220237732 11949
1751233033490 0.959202229976654 11950
1751233034520 0.7105900049209595 11951
1751233035515 0.7985524535179138 11952
1751233036565 0.7426244020462036 11953
1751233037608 1.0818790197372437 11954
1751233038632 0.7526441812515259 11955
1751233039673 0.5231829881668091 11956
1751233040700 0.5013917088508606 11957
1751233042029 1.2160407304763794 11958
1751233043049 0.8403745889663696 11959
1751233044057 0.7929847836494446 11960
1751233045081 0.6138374209403992 11961
1751233046103 1.4307780265808105 11962
1751233047243 0.5638108253479004 11963
1751233048377 0.6463363170623779 11964
1751233049443 0.7114214301109314 11965
1751233050723 0.9806890487670898 11966
1751233051770 1.1863540410995483 11967
1751233052831 0.5334493517875671 11968
1751233053856 0.8851838111877441 11969
1751233054878 0.5750198364257812 11970
1751233055921 0.8108131289482117 11971
1751233056957 1.3032220602035522 11972
1751233058022 0.4545021653175354 11973
1751233059096 0.1401766985654831 11974
1751233060139 0.5903418064117432 11975
1751233061304 1.4685806035995483 11976
1751233062367 1.0876530408859253 11977
1751233063476 0.6304154396057129 11978
1751233064641 1.0232527256011963 11979
1751233065643 0.8987029194831848 11980
1751233066654 0.8908951282501221 11981
1751233067680 0.8846572041511536 11982
1751233068745 0.21480248868465424 11983
1751233070098 0.13643427193164825 11984
1751233071127 0.6187001466751099 11985
1751233072143 0.8002967834472656 11986
1751233073181 0.5991107821464539 11987
1751233074235 1.721444010734558 11988
1751233075276 1.2781614065170288 11989
1751233076308 0.7455663084983826 11990
1751233077347 0.7244157791137695 11991
1751233078392 0.9792117476463318 11992
1751233079718 0.5823819041252136 11993
1751233080750 1.0004324913024902 11994
1751233081787 0.6938543319702148 11995
1751233082818 0.8735749125480652 11996
1751233083835 1.0787492990493774 11997
1751233084901 0.6640052199363708 11998
1751233085985 0.8535976409912109 11999
1751233087043 0.7331771850585938 12000
1751233088111 0.567742645740509 12001
1751233089405 0.9799069762229919 12002
1751233090428 0.7940926551818848 12003
1751233091452 0.8985361456871033 12004
1751233092518 0.8050891757011414 12005
1751233093556 0.6856092810630798 12006
1751233094587 1.1350082159042358 12007
1751233095614 0.9270282983779907 12008
1751233096636 0.8715263605117798 12009
1751233097694 1.0485999584197998 12010
1751233099014 0.48789045214653015 12011
1751233100084 0.6698220372200012 12012
1751233101123 0.9180811047554016 12013
1751233102161 0.7652619481086731 12014
1751233103092 0.9638804793357849 12015
1751233104134 0.5994225144386292 12016
1751233105074 2.1192917823791504 12017
1751233106084 0.8055400848388672 12018
1751233106980 0.7258421778678894 12019
1751233108385 1.210921287536621 12020
1751233109398 0.577232837677002 12021
1751233110415 0.5401389002799988 12022
1751233111436 0.5797715187072754 12023
1751233112439 0.9490217566490173 12024
1751233113476 0.6050218343734741 12025
1751233114498 1.2238377332687378 12026
1751233115549 0.8148919343948364 12027
1751233116603 0.9297464489936829 12028
1751233117942 0.5223612785339355 12029
1751233118837 1.2203309535980225 12030
1751233119919 0.577241063117981 12031
1751233120928 0.6930314302444458 12032
1751233121955 0.7332372069358826 12033
1751233123037 1.0777714252471924 12034
1751233124110 0.7485339641571045 12035
1751233125189 0.8641405701637268 12036
1751233126379 0.5826815962791443 12037
1751233127729 0.9814179539680481 12038
1751233128776 0.6491835713386536 12039
1751233129844 0.7178777456283569 12040
1751233130857 0.8718907237052917 12041
1751233131871 0.8937099575996399 12042
1751233132925 1.2487812042236328 12043
1751233134007 0.9181768298149109 12044
1751233135047 0.5348712205886841 12045
1751233136334 0.643271803855896 12046
1751233137367 0.9147831201553345 12047
1751233138413 0.7773532867431641 12048
1751233139488 0.9071050882339478 12049
1751233140559 0.8331819772720337 12050
1751233141603 0.9324283003807068 12051
1751233142707 0.11722658574581146 12052
1751233143859 0.7730381488800049 12053
1751233144887 0.9379960298538208 12054
1751233145939 1.0059518814086914 12055
1751233147253 0.858953595161438 12056
1751233148256 0.641007125377655 12057
1751233149271 0.9061296582221985 12058
1751233150391 1.9016952514648438 12059
1751233151418 0.6814285516738892 12060
1751233152471 0.5459656119346619 12061
1751233153468 0.6056098937988281 12062
1751233154567 0.7458271384239197 12063
1751233155891 0.9114698767662048 12064
1751233156957 0.42494139075279236 12065
1751233157967 0.5550717711448669 12066
1751233159097 0.7258543968200684 12067
1751233160256 1.130621314048767 12068
1751233161305 1.2253729104995728 12069
1751233162333 0.5847256779670715 12070
1751233163351 1.6467087268829346 12071
1751233164504 0.8325559496879578 12072
1751233165856 0.5728960037231445 12073
1751233166901 0.7969648241996765 12074
1751233167786 0.7916703820228577 12075
1751233168805 1.2292219400405884 12076
1751233169946 0.7208623290061951 12077
1751233171013 3.2822844982147217 12078
1751233172021 0.8996718525886536 12079
1751233173024 0.8572930693626404 12080
1751233174079 0.8720487952232361 12081
1751233175389 1.0015580654144287 12082
1751233176409 0.7010376453399658 12083
1751233177435 0.6119756698608398 12084
1751233178487 0.7002272009849548 12085
1751233179507 0.8469910025596619 12086
1751233180539 0.680443525314331 12087
1751233181551 0.68571537733078 12088
1751233182545 0.6289376020431519 12089
1751233183436 0.8235360980033875 12090
1751233184746 0.8754073977470398 12091
1751233185806 0.6066591143608093 12092
1751233186741 0.8944137692451477 12093
1751233187819 0.6529792547225952 12094
1751233188882 0.6516950130462646 12095
1751233189963 0.6505754590034485 12096
1751233190995 0.866590678691864 12097
1751233192004 0.5959197878837585 12098
1751233193370 0.9821701049804688 12099
1751233194403 0.4951119124889374 12100
1751233195404 0.8382909297943115 12101
1751233196394 1.0372263193130493 12102
1751233197403 0.7941220998764038 12103
1751233198319 0.864610493183136 12104
1751233199380 0.5709176063537598 12105
1751233200249 1.1992710828781128 12106
1751233201271 0.23599497973918915 12107
1751233202311 0.871917724609375 12108
1751233203602 0.6433879733085632 12109
1751233204618 0.6035093069076538 12110
1751233205647 0.7539969086647034 12111
1751233206667 0.9083942770957947 12112
1751233207750 0.01938287541270256 12113
1751233208754 0.6449265480041504 12114
1751233209810 1.1827815771102905 12115
1751233210820 1.1969813108444214 12116
1751233212146 0.8159910440444946 12117
1751233213203 0.7796138525009155 12118
1751233214223 0.6533759832382202 12119
1751233215248 0.8332599997520447 12120
1751233216253 0.8084785342216492 12121
1751233217293 0.8932750821113586 12122
1751233218359 0.937835156917572 12123
1751233219386 0.8604904413223267 12124
1751233220446 0.7853009104728699 12125
1751233221855 0.7623289227485657 12126
1751233222862 0.6716681122779846 12127
1751233223897 0.7453302145004272 12128
1751233224975 0.8008013963699341 12129
1751233226013 0.8449930548667908 12130
1751233227052 0.323737233877182 12131
1751233228120 0.5701565742492676 12132
1751233229151 0.6673595309257507 12133
1751233230156 0.8691602945327759 12134
1751233231527 0.6252775192260742 12135
1751233232549 1.1341904401779175 12136
1751233233633 1.300129771232605 12137
1751233234693 0.5459345579147339 12138
1751233235757 0.9065237045288086 12139
1751233236801 0.9961383938789368 12140
1751233237884 1.155110239982605 12141
1751233239108 0.7888734936714172 12142
1751233240190 0.18420952558517456 12143
1751233241510 0.752994179725647 12144
1751233242533 0.5500293374061584 12145
1751233243626 0.6391457915306091 12146
1751233244673 0.6566163897514343 12147
1751233245699 1.0899473428726196 12148
1751233246626 0.34777265787124634 12149
1751233247693 0.7865490913391113 12150
1751233248719 0.790951669216156 12151
1751233250044 1.2034034729003906 12152
1751233251067 0.9777376055717468 12153
1751233252092 0.647534191608429 12154
1751233253153 0.8452308773994446 12155
1751233254246 0.9473287463188171 12156
1751233255312 1.2010760307312012 12157
1751233256360 1.1774733066558838 12158
1751233257400 0.9251193404197693 12159
1751233258433 0.9193367958068848 12160
1751233259463 0.7889754772186279 12161
1751233260624 0.9293608665466309 12162
1751233261685 0.15711717307567596 12163
1751233262712 1.2053337097167969 12164
1751233263729 1.4163541793823242 12165
1751233264791 1.852315902709961 12166
1751233265851 0.8962782025337219 12167
1751233266882 0.8052639961242676 12168
1751233267966 0.6497827172279358 12169
1751233269267 0.6516392827033997 12170
1751233270301 1.2537184953689575 12171
1751233271316 0.7742341160774231 12172
1751233272354 2.836294651031494 12173
1751233273381 0.5803078413009644 12174
1751233274425 0.6996824741363525 12175
1751233275463 1.1119556427001953 12176
1751233276497 0.817418098449707 12177
1751233277556 0.6742517948150635 12178
1751233278895 0.7543894648551941 12179
1751233279910 0.866524875164032 12180
1751233280923 0.5731813907623291 12181
1751233281935 0.7891888618469238 12182
1751233282951 0.5785748362541199 12183
1751233283866 1.2507308721542358 12184
1751233284901 0.8551851511001587 12185
1751233286036 1.0535563230514526 12186
1751233287085 0.7083460092544556 12187
1751233288344 0.7492759823799133 12188
1751233289411 1.1167548894882202 12189
1751233290441 2.4795315265655518 12190
1751233291490 0.7628611922264099 12191
1751233292577 1.0845917463302612 12192
1751233293671 0.929237961769104 12193
1751233294713 0.6820489764213562 12194
1751233295769 0.587955892086029 12195
1751233296808 1.057961106300354 12196
1751233298119 0.6329164505004883 12197
1751233299152 0.6514957547187805 12198
1751233300162 0.7572556138038635 12199
1751233301176 0.7870310544967651 12200
1751233302223 0.9737539291381836 12201
1751233303100 1.0302428007125854 12202
1751233304110 0.9155640006065369 12203
1751233305114 0.9110283255577087 12204
1751233306146 0.609173059463501 12205
1751233307462 0.7027494311332703 12206
1751233308488 1.2312085628509521 12207
1751233309502 0.6302202343940735 12208
1751233310541 0.6105771064758301 12209
1751233311593 0.6453706622123718 12210
1751233312503 0.7772335410118103 12211
1751233313535 0.29187101125717163 12212
1751233314538 0.5452576875686646 12213
1751233315573 0.6305226683616638 12214
1751233317002 0.7788368463516235 12215
1751233318135 0.9662618041038513 12216
1751233319150 0.5971651077270508 12217
1751233320195 0.474822998046875 12218
1751233321225 0.5892106890678406 12219
1751233322252 0.6967363357543945 12220
1751233323335 0.6142908334732056 12221
1751233324388 0.49476438760757446 12222
1751233325401 0.8543171286582947 12223
1751233326581 0.7549890279769897 12224
1751233327643 0.6473758816719055 12225
1751233328665 0.9965443015098572 12226
1751233329573 0.9610273241996765 12227
1751233330666 1.908819556236267 12228
1751233331688 0.8564376831054688 12229
1751233332721 1.11925208568573 12230
1751233333747 0.3838459551334381 12231
1751233335125 1.0384281873703003 12232
1751233336133 0.9052934050559998 12233
1751233337030 1.798269510269165 12234
1751233338100 0.79204922914505 12235
1751233339158 0.945956826210022 12236
1751233340206 0.6215580105781555 12237
1751233341197 0.6039450168609619 12238
1751233342287 1.2084037065505981 12239
1751233343308 1.014125108718872 12240
1751233344614 0.763615071773529 12241
1751233345676 0.7739116549491882 12242
1751233346744 1.0516963005065918 12243
1751233347806 0.7009888887405396 12244
1751233348914 0.07363468408584595 12245
1751233350087 0.5340664982795715 12246
1751233351148 0.4498516321182251 12247
1751233352166 0.9028443694114685 12248
1751233353235 0.6423943638801575 12249
1751233354622 0.7294319868087769 12250
1751233355659 0.6581293940544128 12251
1751233356696 0.4030430316925049 12252
1751233357718 1.6658709049224854 12253
1751233358642 1.6072262525558472 12254
1751233359494 1.639361023902893 12255
1751233360523 0.815449059009552 12256
1751233361535 0.9272059798240662 12257
1751233362546 0.7055997848510742 12258
1751233363876 1.056208610534668 12259
1751233364915 0.6169029474258423 12260
1751233365986 0.7242603898048401 12261
1751233367046 0.4337439239025116 12262
1751233368073 0.5852293372154236 12263
1751233369111 1.0093392133712769 12264
1751233370131 0.692326545715332 12265
1751233371170 0.9239446520805359 12266
1751233372175 0.7805089950561523 12267
1751233373466 0.11145740747451782 12268
1751233374535 0.32265472412109375 12269
1751233375542 0.7030025124549866 12270
1751233376551 0.6880857348442078 12271
1751233377569 0.4629325866699219 12272
1751233378600 0.9160640835762024 12273
1751233379650 0.7390756011009216 12274
1751233380653 0.593388557434082 12275
1751233381680 0.888124406337738 12276
1751233382969 0.600591242313385 12277
1751233384011 0.5306069254875183 12278
1751233385043 0.9305307269096375 12279
1751233386047 0.8688108325004578 12280
1751233387084 0.5843067169189453 12281
1751233388085 0.9076591730117798 12282
1751233389126 0.7095589637756348 12283
1751233390224 0.7284246683120728 12284
1751233391269 0.7855218648910522 12285
1751233392574 1.1936253309249878 12286
1751233393628 0.9101206064224243 12287
1751233394638 0.6114022135734558 12288
1751233395717 0.7430894374847412 12289
1751233396648 0.3111659586429596 12290
1751233397701 0.48607131838798523 12291
1751233398735 0.7495503425598145 12292
1751233399724 0.6013818979263306 12293
1751233400808 0.6814534068107605 12294
1751233402192 0.9102924466133118 12295
1751233403206 0.9490310549736023 12296
1751233404222 2.114304780960083 12297
1751233405287 1.5221271514892578 12298
1751233406324 0.8808199167251587 12299
1751233407373 1.0369189977645874 12300
1751233408420 0.5659615397453308 12301
1751233409456 0.4615231454372406 12302
1751233410464 0.6467825770378113 12303
1751233411785 1.0283257961273193 12304
1751233413045 0.6686220765113831 12305
1751233414004 0.9316820502281189 12306
1751233414880 0.5436477065086365 12307
1751233415897 0.6064731478691101 12308
1751233416914 1.1373844146728516 12309
1751233417925 0.6738325357437134 12310
1751233419013 0.9321576356887817 12311
1751233420380 0.913484513759613 12312
1751233421478 0.7896863222122192 12313
1751233422512 1.0787184238433838 12314
1751233423547 0.7804326415061951 12315
1751233424617 0.855944812297821 12316
1751233425555 1.2449525594711304 12317
1751233426573 0.7117555737495422 12318
1751233427615 0.27837562561035156 12319
1751233428709 0.4746350347995758 12320
1751233430156 0.8696138262748718 12321
1751233431207 0.920405387878418 12322
1751233432240 0.7471529841423035 12323
1751233433239 0.4613098204135895 12324
1751233434352 0.8442499041557312 12325
1751233435293 0.9046509265899658 12326
1751233436353 1.4792736768722534 12327
1751233437472 0.11792293936014175 12328
1751233438501 0.9806623458862305 12329
1751233439718 1.1710280179977417 12330
1751233440753 0.9039764404296875 12331
1751233441818 0.8987222909927368 12332
1751233442830 0.7495428919792175 12333
1751233443896 0.7779850363731384 12334
1751233444908 0.8186482787132263 12335
1751233446123 0.6899598240852356 12336
1751233447194 0.5808606743812561 12337
1751233448220 0.6444611549377441 12338
1751233449404 1.5522706508636475 12339
1751233450455 1.254603624343872 12340
1751233451472 0.558330237865448 12341
1751233452480 0.5511717200279236 12342
1751233453363 0.6928676962852478 12343
1751233454411 1.1081552505493164 12344
1751233455469 0.5567693710327148 12345
1751233456562 0.5403806567192078 12346
1751233457829 0.7534945011138916 12347
1751233458875 0.6920811533927917 12348
1751233459937 0.7946857213973999 12349
1751233460970 0.5590648651123047 12350
1751233461985 0.450979083776474 12351
1751233462857 0.06334125995635986 12352
1751233463893 0.7016634345054626 12353
1751233464913 1.3637850284576416 12354
1751233466235 1.2398674488067627 12355
1751233467261 0.7948423027992249 12356
1751233468344 0.4858960211277008 12357
1751233469334 1.1147035360336304 12358
1751233470359 1.091273546218872 12359
1751233471387 1.6960877180099487 12360
1751233472296 1.38848078250885 12361
1751233473358 0.7868154048919678 12362
1751233474349 0.9797832369804382 12363
1751233475643 0.6503092050552368 12364
1751233476655 0.5261932015419006 12365
1751233477697 0.5167959332466125 12366
1751233478710 1.214599847793579 12367
1751233479732 1.3284834623336792 12368
1751233480792 1.1670446395874023 12369
1751233481783 0.6815523505210876 12370
1751233482818 2.2958264350891113 12371
1751233483902 0.5124338865280151 12372
1751233485218 0.8156429529190063 12373
1751233486219 0.6903082728385925 12374
1751233487228 0.9285330176353455 12375
1751233488246 0.7507733702659607 12376
1751233489283 0.7277039885520935 12377
1751233490313 0.781768262386322 12378
1751233491396 0.8287212252616882 12379
1751233492440 0.8179957270622253 12380
1751233493513 0.83034747838974 12381
1751233494776 1.2229835987091064 12382
1751233495804 0.926689088344574 12383
1751233496823 0.9438835382461548 12384
1751233497875 0.9256471991539001 12385
1751233498937 0.7725183367729187 12386
1751233499956 0.5380881428718567 12387
1751233500986 0.7064837217330933 12388
1751233502008 0.7500903010368347 12389
1751233503351 0.753209114074707 12390
1751233504437 0.6781412959098816 12391
1751233505508 0.7133231163024902 12392
1751233506633 0.676328182220459 12393
1751233507759 0.5703358054161072 12394
1751233508777 0.5745751261711121 12395
1751233509828 0.604454755783081 12396
1751233510833 0.7535788416862488 12397
1751233512173 0.8976208567619324 12398
1751233513214 0.9982529878616333 12399
1751233514223 0.6161081194877625 12400
1751233515227 0.7646848559379578 12401
1751233516294 0.6102257370948792 12402
1751233517374 0.7727105617523193 12403
1751233518390 1.786688208580017 12404
1751233519401 0.6389462947845459 12405
1751233520433 0.8886657953262329 12406
1751233521767 0.9056684374809265 12407
1751233522826 1.2439974546432495 12408
1751233524006 0.5341707468032837 12409
1751233525155 0.5650478601455688 12410
1751233526183 0.5004652142524719 12411
1751233527247 0.7651249766349792 12412
1751233528273 0.07881006598472595 12413
1751233529360 0.9821481704711914 12414
1751233530388 0.682826578617096 12415
1751233531679 0.5642639398574829 12416
1751233532703 0.5570304989814758 12417
1751233533736 1.0766518115997314 12418
1751233534752 0.6867774128913879 12419
1751233535795 0.5298776626586914 12420
1751233536838 1.0545393228530884 12421
1751233537867 0.7434651255607605 12422
1751233538752 0.9578058123588562 12423
1751233539800 0.8820757269859314 12424
1751233541289 0.7387880682945251 12425
1751233542416 0.23516198992729187 12426
1751233543485 0.42564278841018677 12427
1751233544466 0.03665784373879433 12428
1751233545471 0.6807835102081299 12429
1751233546556 0.9509963989257812 12430
1751233547580 0.6245725750923157 12431
1751233548629 0.8391613364219666 12432
1751233549993 0.697915256023407 12433
1751233551035 0.8853845596313477 12434
1751233552072 1.019544243812561 12435
1751233553119 0.6968321800231934 12436
1751233554175 0.42779162526130676 12437
1751233555201 0.613831639289856 12438
1751233556210 0.5113619565963745 12439
1751233557105 1.6758960485458374 12440
1751233558412 0.7570404410362244 12441
1751233559419 0.565921425819397 12442
1751233560465 1.31340491771698 12443
1751233561523 0.6590527296066284 12444
1751233562575 0.5806070566177368 12445
1751233563487 0.5505973100662231 12446
1751233564554 0.649438738822937 12447
1751233565598 1.1042269468307495 12448
1751233566647 0.5337529182434082 12449
1751233567943 0.5435806512832642 12450
1751233568954 1.1438349485397339 12451
1751233569805 1.1046403646469116 12452
1751233570825 0.7716640830039978 12453
1751233571831 0.8827821612358093 12454
1751233572896 1.0126953125 12455
1751233574040 1.48694908618927 12456
1751233575060 1.2330931425094604 12457
1751233576077 0.9905458688735962 12458
1751233577401 0.7017566561698914 12459
1751233578445 0.86201411485672 12460
1751233579505 0.9753255844116211 12461
1751233580508 0.8622400164604187 12462
1751233581530 0.8588230013847351 12463
1751233582551 0.7579361796379089 12464
1751233583580 1.088990330696106 12465
1751233584594 0.7922419905662537 12466
1751233585849 0.9550325274467468 12467
1751233586921 0.9657770991325378 12468
1751233588007 1.0169916152954102 12469
1751233589018 0.5840114951133728 12470
1751233589902 1.7462040185928345 12471
1751233590955 0.9213649034500122 12472
1751233591987 0.4861129820346832 12473
1751233593071 0.48387452960014343 12474
1751233594115 0.6818750500679016 12475
1751233595413 0.9634802937507629 12476
1751233596462 0.8828172087669373 12477
1751233597499 0.5132384896278381 12478
1751233598503 0.6363028883934021 12479
1751233599497 0.6267809271812439 12480
