1750136828328 0.5117468237876892 1
1750136954213 0.4524443745613098 2
1750136955524 0.5109926462173462 3
1750136956841 0.4902839660644531 4
1750136958138 0.4243493974208832 5
1750136959443 0.31667694449424744 6
1750136960755 0.6774318218231201 7
1750136962050 0.33991414308547974 8
1750136963341 0.3664246201515198 9
1750136964640 0.40592432022094727 10
1750136965979 0.4131406843662262 11
1750136967314 0.2705109119415283 12
1750136968641 0.3221908211708069 13
1750136969971 0.36930742859840393 14
1750136971224 0.3542027473449707 15
1750136972558 0.42973536252975464 16
1750136973861 0.33111244440078735 17
1750136975179 0.3799772262573242 18
1750136976534 0.3085979223251343 19
1750136977850 0.30650949478149414 20
1750136979161 0.29441481828689575 21
1750136980456 0.31573575735092163 22
1750136981757 0.3488155007362366 23
1750136983059 0.505100429058075 24
1750136984384 0.40435683727264404 25
1750136985690 0.32389843463897705 26
1750136986928 0.3011632561683655 27
1750136988229 0.324968159198761 28
1750136989533 0.43969425559043884 29
1750136990835 0.4049443006515503 30
1750136992186 0.29105669260025024 31
1750136993487 0.4764694571495056 32
1750136994777 0.3659290075302124 33
1750136996074 0.31037038564682007 34
1750136997420 0.3197067379951477 35
1750136998720 0.3344331979751587 36
1750137000024 0.3278365135192871 37
1750137001324 0.4030497372150421 38
1750137002654 0.46915343403816223 39
1750137003959 0.42835259437561035 40
1750137005290 0.31490230560302734 41
1750137006584 0.447223961353302 42
1750137007908 0.303415447473526 43
1750137009130 0.41585773229599 44
1750137010417 0.27556511759757996 45
1750137011714 0.3898846209049225 46
1750137012940 0.31676530838012695 47
1750137014240 0.27371296286582947 48
1750137015543 0.4044548273086548 49
1750137016846 0.3556622564792633 50
1750137018216 0.39927729964256287 51
1750137019541 0.28973388671875 52
1750137020849 0.2908131778240204 53
1750137022136 0.3378414511680603 54
1750137023468 0.3447377681732178 55
1750137024772 0.3199795186519623 56
1750137026075 0.3372456431388855 57
1750137027365 0.37474381923675537 58
1750137028670 0.3605976104736328 59
1750137029967 0.35112249851226807 60
1750137031269 0.39121612906455994 61
1750137032561 0.3151336908340454 62
1750137033862 0.3094477653503418 63
1750137035215 0.37475278973579407 64
1750137036521 0.32113298773765564 65
1750137037829 0.2823619842529297 66
1750137039159 0.36674466729164124 67
1750137040453 0.4038640558719635 68
1750137041761 0.36066001653671265 69
1750137043064 0.35934972763061523 70
1750137044384 0.42796462774276733 71
1750137045685 0.34265536069869995 72
1750137046993 0.2965260148048401 73
1750137048307 0.32505759596824646 74
1750137049628 0.2817399501800537 75
1750137050932 0.33791834115982056 76
1750137052238 0.2924472689628601 77
1750137053562 0.3792864978313446 78
1750137054795 0.41424140334129333 79
1750137056089 0.2946072220802307 80
1750137057403 0.3398202657699585 81
1750137058699 0.30667969584465027 82
1750137060000 0.2434389889240265 83
1750137061307 0.2864950895309448 84
1750137062623 0.42349427938461304 85
1750137063943 0.3071995973587036 86
1750137065242 0.2116074562072754 87
1750137066543 0.3904975652694702 88
1750137067870 0.2562503516674042 89
1750137069090 0.29353854060173035 90
1750137070431 0.272926926612854 91
1750137071732 0.2571337819099426 92
1750137073022 0.4028274416923523 93
1750137074348 0.31601250171661377 94
1750137075648 0.27015799283981323 95
1750137076894 0.3556618094444275 96
1750137078274 0.30367153882980347 97
1750137079583 0.27187085151672363 98
1750137080892 0.36495667695999146 99
1750137082185 0.35276228189468384 100
1750137083483 0.30498966574668884 101
1750137084787 0.2924080491065979 102
1750137086083 0.3594706058502197 103
1750137087389 0.3787790536880493 104
1750137088679 0.30332913994789124 105
1750137089991 0.3122163414955139 106
1750137091296 0.31625163555145264 107
1750137092603 0.2476017326116562 108
1750137093928 0.4396550953388214 109
1750137095224 0.387359619140625 110
1750137096515 0.3459773063659668 111
1750137097819 0.32116594910621643 112
1750137099140 0.2651122808456421 113
1750137100432 0.38910725712776184 114
1750137101770 0.2387375682592392 115
1750137103066 0.40354984998703003 116
1750137104373 0.2909538745880127 117
1750137105670 0.2958868145942688 118
1750137106927 0.3701569437980652 119
1750137108224 0.25102698802948 120
1750137109533 0.25520646572113037 121
1750137110823 0.2982426583766937 122
1750137112124 0.35400211811065674 123
1750137113428 0.36296695470809937 124
1750137114734 0.40836554765701294 125
1750137115961 0.320870965719223 126
1750137117255 0.3489382266998291 127
1750137118552 0.2877238690853119 128
1750137119862 0.31601083278656006 129
1750137121164 0.30031150579452515 130
1750137122456 0.2942330241203308 131
1750137123759 0.3706216514110565 132
1750137125053 0.28437402844429016 133
1750137126370 0.32005399465560913 134
1750137127683 0.2488618940114975 135
1750137128981 0.3264157176017761 136
1750137130274 0.27283740043640137 137
1750137131576 0.3202070891857147 138
1750137132823 0.3933487832546234 139
1750137134123 0.3080595135688782 140
1750137135461 0.4019860625267029 141
1750137136766 0.30774134397506714 142
1750137138067 0.3243277668952942 143
1750137139369 0.35530179738998413 144
1750137140686 0.34191200137138367 145
1750137141982 0.24646267294883728 146
1750137143308 0.3100585341453552 147
1750137144611 0.2622356414794922 148
1750137145932 0.3573499321937561 149
1750137147234 0.3153311014175415 150
1750137148498 0.31786319613456726 151
1750137149868 0.34208863973617554 152
1750137151177 0.3337746858596802 153
1750137152514 0.26889288425445557 154
1750137153786 0.33908340334892273 155
1750137155088 0.2713955342769623 156
1750137156393 0.3249983489513397 157
1750137157736 0.3076300024986267 158
1750137159046 0.3322080373764038 159
1750137160350 0.2803993225097656 160
1750137161712 0.33745747804641724 161
1750137163028 0.32548874616622925 162
1750137164334 0.3017837703227997 163
1750137165633 0.3218144178390503 164
1750137166937 0.31265056133270264 165
1750137168230 0.33349812030792236 166
1750137169521 0.303173691034317 167
1750137170811 0.3041791021823883 168
1750137172104 0.2954496741294861 169
1750137173404 0.18669459223747253 170
1750137174777 0.3547871708869934 171
1750137176073 0.3510843515396118 172
1750137177387 0.3720773458480835 173
1750137178689 0.2482505887746811 174
1750137179991 0.3244057595729828 175
1750137181291 0.35660043358802795 176
1750137182598 0.32374709844589233 177
1750137183901 0.3141706883907318 178
1750137185204 0.30875107645988464 179
1750137186432 0.49741077423095703 180
1750137187735 0.2846840023994446 181
1750137188960 0.435665100812912 182
1750137190270 0.36463797092437744 183
1750137191595 0.3311372399330139 184
1750137192893 0.38492122292518616 185
1750137194188 0.2988124191761017 186
1750137195497 0.37538623809814453 187
1750137196803 0.42047250270843506 188
1750137198111 0.265926331281662 189
1750137199419 0.2977305054664612 190
1750137200741 0.3238367438316345 191
1750137202060 0.27391156554222107 192
1750137203377 0.2969043552875519 193
1750137204711 0.25829797983169556 194
1750137206031 0.32119065523147583 195
1750137207334 0.3309348523616791 196
1750137208638 0.3251117765903473 197
1750137209949 0.33256328105926514 198
1750137211251 0.26508042216300964 199
1750137212592 0.32725590467453003 200
1750137213887 0.29142624139785767 201
1750137215203 0.3400469422340393 202
1750137216500 0.2649593651294708 203
1750137217805 0.32024437189102173 204
1750137219091 0.28299665451049805 205
1750137220382 0.2877216935157776 206
1750137221693 0.2720041871070862 207
1750137223045 0.29689261317253113 208
1750137224369 0.3744288980960846 209
1750137225669 0.2876130938529968 210
1750137226884 0.424081414937973 211
1750137228185 0.307636559009552 212
1750137229476 0.27330300211906433 213
1750137230778 0.2199317067861557 214
1750137232073 0.37546682357788086 215
1750137233367 0.3364482820034027 216
1750137234667 0.297807514667511 217
1750137236212 0.26048755645751953 218
1750137237513 0.22385920584201813 219
1750137238824 0.24937991797924042 220
1750137240116 0.2688767611980438 221
1750137241433 0.3560786247253418 222
1750137242735 0.34986865520477295 223
1750137244022 0.41707921028137207 224
1750137245310 0.2990632951259613 225
1750137246612 0.27204596996307373 226
1750137247914 0.33890852332115173 227
1750137249210 0.30683276057243347 228
1750137250499 0.25132250785827637 229
1750137251789 0.2727295160293579 230
1750137253093 0.29516249895095825 231
1750137254383 0.28999143838882446 232
1750137255712 0.3229939937591553 233
1750137257000 0.28110575675964355 234
1750137258307 0.29080939292907715 235
1750137259598 0.2810644209384918 236
1750137260927 0.3199780285358429 237
1750137262211 0.3394802212715149 238
1750137263519 0.3399292230606079 239
1750137264807 0.3273569941520691 240
1750137266150 0.32987648248672485 241
1750137267456 0.28819555044174194 242
1750137268748 0.2751463055610657 243
1750137270034 0.30942362546920776 244
1750137271341 0.29816901683807373 245
1750137272653 0.2784201502799988 246
1750137273945 0.2962166666984558 247
1750137275254 0.2680894434452057 248
1750137276482 0.419759601354599 249
1750137277784 0.24673238396644592 250
1750137279068 0.35116320848464966 251
1750137280372 0.31159937381744385 252
1750137281668 0.3227922320365906 253
1750137282957 0.3055846691131592 254
1750137284250 0.3116985559463501 255
1750137285540 0.3840126693248749 256
1750137286855 0.2954442799091339 257
1750137288088 0.2927655279636383 258
1750137289379 0.3214187026023865 259
1750137290693 0.3191702961921692 260
1750137292025 0.3387131690979004 261
1750137293322 0.29315781593322754 262
1750137294617 0.3163759112358093 263
1750137295909 0.24675379693508148 264
1750137297221 0.28312015533447266 265
1750137298526 0.26032236218452454 266
1750137299857 0.2682996094226837 267
1750137301153 0.3193090558052063 268
1750137302445 0.3725813627243042 269
1750137303750 0.2559145390987396 270
1750137305051 0.29320216178894043 271
1750137306374 0.3151630759239197 272
1750137307634 0.3648555278778076 273
1750137308929 0.28876709938049316 274
1750137310222 0.23528480529785156 275
1750137311523 0.356774240732193 276
1750137312829 0.39329230785369873 277
1750137314123 0.355111300945282 278
1750137315419 0.2503446936607361 279
1750137316751 0.3028891384601593 280
1750137318067 0.2927761971950531 281
1750137319354 0.3546103835105896 282
1750137320657 0.37470585107803345 283
1750137321954 0.31109312176704407 284
1750137323255 0.2594706416130066 285
1750137324538 0.31340742111206055 286
1750137325847 0.29492712020874023 287
1750137327171 0.3113137483596802 288
1750137328481 0.32963693141937256 289
1750137329780 0.22751367092132568 290
1750137331088 0.22445988655090332 291
1750137332394 0.2838544249534607 292
1750137333699 0.23643693327903748 293
1750137335004 0.21482032537460327 294
1750137336309 0.27232420444488525 295
1750137337616 0.24448028206825256 296
1750137338921 0.22620584070682526 297
1750137340255 0.3512539863586426 298
1750137341591 0.2535581588745117 299
1750137342982 0.278161883354187 300
1750137344281 0.3405860364437103 301
1750137345568 0.285645067691803 302
1750137346877 0.3234645128250122 303
1750137348181 0.3280622959136963 304
1750137349488 0.25148823857307434 305
1750137350790 0.2356412261724472 306
1750137352088 0.32425379753112793 307
1750137353379 0.25040119886398315 308
1750137354668 0.31914466619491577 309
1750137355957 0.2866456210613251 310
1750137357248 0.28265970945358276 311
1750137358532 0.2052920162677765 312
1750137359837 0.2665690779685974 313
1750137361148 0.2494489997625351 314
1750137362436 0.253613144159317 315
1750137363740 0.3619158864021301 316
1750137364962 0.3060395121574402 317
1750137366213 0.4499342739582062 318
1750137367521 0.26573947072029114 319
1750137368835 0.24357767403125763 320
1750137370136 0.29888230562210083 321
1750137371427 0.2881006598472595 322
1750137372721 0.2793176472187042 323
1750137374065 0.28050023317337036 324
1750137375421 0.27892637252807617 325
1750137376723 0.27644532918930054 326
1750137378045 0.2510814964771271 327
1750137379401 0.28902021050453186 328
1750137380698 0.3316984474658966 329
1750137381998 0.29708391427993774 330
1750137383298 0.34944218397140503 331
1750137384600 0.2774381637573242 332
1750137385901 0.33557432889938354 333
1750137387206 0.3813434839248657 334
1750137388434 0.349738746881485 335
1750137389736 0.32986289262771606 336
1750137391041 0.2307572066783905 337
1750137392333 0.2701980173587799 338
1750137393569 0.23968032002449036 339
1750137394814 0.46558767557144165 340
1750137396101 0.2396651655435562 341
1750137397401 0.29438573122024536 342
1750137398715 0.2400120198726654 343
1750137400010 0.3035598397254944 344
1750137401339 0.2865208387374878 345
1750137402621 0.23375406861305237 346
1750137403946 0.25887712836265564 347
1750137405192 0.37422728538513184 348
1750137406505 0.2687106132507324 349
1750137407798 0.3034871816635132 350
1750137409100 0.33203643560409546 351
1750137410411 0.38714975118637085 352
1750137411716 0.2966179847717285 353
1750137413024 0.28987985849380493 354
1750137414315 0.326123982667923 355
1750137415639 0.3133857250213623 356
1750137416936 0.2703997492790222 357
1750137418277 0.2882866859436035 358
1750137419594 0.3619299530982971 359
1750137420884 0.31192612648010254 360
1750137422172 0.3256734013557434 361
1750137423457 0.26311373710632324 362
1750137424740 0.28387564420700073 363
1750137426041 0.2877388596534729 364
1750137427381 0.3290866017341614 365
1750137428632 0.4652235209941864 366
1750137429931 0.2953527569770813 367
1750137431231 0.30753862857818604 368
1750137432534 0.34719106554985046 369
1750137433846 0.3192072808742523 370
1750137435141 0.2700372636318207 371
1750137436445 0.2774305045604706 372
1750137437737 0.3178272247314453 373
1750137438984 0.274213045835495 374
1750137440274 0.23386472463607788 375
1750137441581 0.26311925053596497 376
1750137442891 0.29224467277526855 377
1750137444196 0.32014328241348267 378
1750137445418 0.42075949907302856 379
1750137446746 0.30194976925849915 380
1750137448058 0.28912585973739624 381
1750137449349 0.28919023275375366 382
1750137450664 0.3186090290546417 383
1750137451975 0.2078554332256317 384
1750137453273 0.282132625579834 385
1750137454566 0.2515611946582794 386
1750137455863 0.28492870926856995 387
1750137457173 0.36876311898231506 388
1750137458477 0.29316967725753784 389
1750137459793 0.32183703780174255 390
1750137461102 0.3145082890987396 391
1750137462408 0.3260840177536011 392
1750137463713 0.3173195719718933 393
1750137465012 0.2618200480937958 394
1750137466313 0.3293797969818115 395
1750137467609 0.29529786109924316 396
1750137468908 0.3519992232322693 397
1750137470207 0.293884813785553 398
1750137471509 0.29273372888565063 399
1750137472808 0.3438652753829956 400
1750137474076 0.42856207489967346 401
1750137475388 0.36638641357421875 402
1750137476688 0.25771236419677734 403
1750137477985 0.2975142002105713 404
1750137479284 0.22836202383041382 405
1750137480535 0.38702166080474854 406
1750137481846 0.3122468888759613 407
1750137483137 0.33512622117996216 408
1750137484436 0.2677444815635681 409
1750137485737 0.294793963432312 410
1750137487032 0.34086355566978455 411
1750137488324 0.16281649470329285 412
1750137489628 0.2835235297679901 413
1750137490935 0.2869177758693695 414
1750137492232 0.28034907579421997 415
1750137493542 0.33369943499565125 416
1750137494851 0.27013733983039856 417
1750137496149 0.3591042757034302 418
1750137497452 0.25230711698532104 419
1750137498743 0.30958980321884155 420
1750137500063 0.24123768508434296 421
1750137501360 0.3224962055683136 422
1750137502663 0.25637754797935486 423
1750137503953 0.2848934829235077 424
1750137505258 0.3626096248626709 425
1750137506557 0.26135513186454773 426
1750137507889 0.2623315155506134 427
1750137509188 0.3080858290195465 428
1750137510458 0.3427044749259949 429
1750137511754 0.2880035936832428 430
1750137513055 0.270718514919281 431
1750137514359 0.3482002317905426 432
1750137515718 0.21761953830718994 433
1750137517016 0.2805200517177582 434
1750137518261 0.29547733068466187 435
1750137519562 0.3010575771331787 436
1750137520858 0.27795302867889404 437
1750137522147 0.3241273760795593 438
1750137523452 0.3256813883781433 439
1750137524746 0.2802622318267822 440
1750137526047 0.3380843698978424 441
1750137527264 0.41812217235565186 442
1750137528600 0.2871663570404053 443
1750137529919 0.30229270458221436 444
1750137531218 0.3355201184749603 445
1750137532522 0.3093124032020569 446
1750137533853 0.300553560256958 447
1750137535155 0.25814288854599 448
1750137536449 0.3303348422050476 449
1750137537760 0.29860925674438477 450
1750137539066 0.2929793894290924 451
1750137540387 0.2080034613609314 452
1750137541699 0.23295076191425323 453
1750137542997 0.3008089065551758 454
1750137544325 0.29538851976394653 455
1750137545648 0.25080618262290955 456
1750137546949 0.28278714418411255 457
1750137548245 0.30620086193084717 458
1750137549550 0.2749042510986328 459
1750137550894 0.27290230989456177 460
1750137552193 0.24334710836410522 461
1750137553500 0.26809588074684143 462
1750137554803 0.3695201277732849 463
1750137556133 0.30618610978126526 464
1750137557434 0.3009938597679138 465
1750137558742 0.24271602928638458 466
1750137560065 0.2307250201702118 467
1750137561363 0.3164113163948059 468
1750137562671 0.22676435112953186 469
1750137563977 0.27425360679626465 470
1750137565344 0.26678556203842163 471
1750137566639 0.27563345432281494 472
1750137567932 0.3000114858150482 473
1750137569244 0.2768822908401489 474
1750137570545 0.2767235338687897 475
1750137571935 0.2358275055885315 476
1750137573248 0.2722502648830414 477
1750137574585 0.3170272707939148 478
1750137575891 0.29599931836128235 479
1750137577198 0.2542334794998169 480
1750137578419 0.3659403324127197 481
1750137579720 0.2540808618068695 482
1750137581024 0.24076613783836365 483
1750137582281 0.3133067190647125 484
1750137583573 0.3018549084663391 485
1750137584869 0.2377592921257019 486
1750137586186 0.3005863130092621 487
1750137587495 0.24256524443626404 488
1750137588801 0.293599396944046 489
1750137590111 0.22751420736312866 490
1750137591354 0.2637631297111511 491
1750137592638 0.32189857959747314 492
1750137593934 0.34349486231803894 493
1750137595236 0.254713773727417 494
1750137596536 0.31579098105430603 495
1750137597845 0.27873438596725464 496
1750137599138 0.321071982383728 497
1750137600453 0.29408881068229675 498
1750137601758 0.2714766561985016 499
1750137603066 0.25854942202568054 500
1750137604366 0.24179750680923462 501
1750137605669 0.32411128282546997 502
1750137606962 0.28458523750305176 503
1750137608269 0.2610369324684143 504
1750137609515 0.2389737218618393 505
1750137610819 0.2645207643508911 506
1750137612156 0.29573193192481995 507
1750137613474 0.310123085975647 508
1750137614801 0.2932024896144867 509
1750137616112 0.30418699979782104 510
1750137617525 0.27569711208343506 511
1750137618830 0.24537286162376404 512
1750137620147 0.29246771335601807 513
1750137621366 0.3284495770931244 514
1750137622709 0.2230130434036255 515
1750137624013 0.269598126411438 516
1750137625368 0.2133043110370636 517
1750137626671 0.26293274760246277 518
1750137627980 0.2630823850631714 519
1750137629280 0.29450133442878723 520
1750137630586 0.28608277440071106 521
1750137631884 0.2583051323890686 522
1750137633208 0.24686208367347717 523
1750137634550 0.27303606271743774 524
1750137635937 0.26648250222206116 525
1750137637257 0.2606979310512543 526
1750137638558 0.2906758189201355 527
1750137639909 0.32880762219429016 528
1750137641137 0.3102576434612274 529
1750137642455 0.2351604700088501 530
1750137643759 0.20669187605381012 531
1750137645068 0.2755725085735321 532
1750137646385 0.33302927017211914 533
1750137647601 0.48503872752189636 534
1750137648898 0.29662787914276123 535
1750137650214 0.2699388265609741 536
1750137651528 0.27579885721206665 537
1750137652830 0.22750896215438843 538
1750137654156 0.2517971396446228 539
1750137655533 0.2148597240447998 540
1750137656826 0.21111786365509033 541
1750137658142 0.29093122482299805 542
1750137659454 0.2640131115913391 543
1750137660751 0.26901835203170776 544
1750137662053 0.253363698720932 545
1750137663345 0.29802405834198 546
1750137664638 0.25486722588539124 547
1750137665931 0.29227393865585327 548
1750137667236 0.2780749797821045 549
1750137668574 0.27557873725891113 550
1750137669909 0.29536110162734985 551
1750137671213 0.30779463052749634 552
1750137672509 0.2563236951828003 553
1750137673808 0.2639167904853821 554
1750137675114 0.2715238332748413 555
1750137676387 0.38040709495544434 556
1750137677712 0.32830995321273804 557
1750137679043 0.28495341539382935 558
1750137680351 0.265977144241333 559
1750137681723 0.25023770332336426 560
1750137683020 0.23532889783382416 561
1750137684319 0.32320159673690796 562
1750137685642 0.2540743350982666 563
1750137686957 0.29298293590545654 564
1750137688258 0.23981723189353943 565
1750137689551 0.23741470277309418 566
1750137690879 0.2780606746673584 567
1750137692128 0.48582392930984497 568
1750137693429 0.2638360857963562 569
1750137694721 0.25278934836387634 570
1750137696026 0.279541552066803 571
1750137697319 0.2895677089691162 572
1750137698616 0.2397989183664322 573
1750137699946 0.24398201704025269 574
1750137701253 0.19865486025810242 575
1750137702561 0.2563115954399109 576
1750137703886 0.24378494918346405 577
1750137705180 0.24831677973270416 578
1750137706493 0.23484286665916443 579
1750137707793 0.27214527130126953 580
1750137709100 0.289658784866333 581
1750137710432 0.2650199830532074 582
1750137711735 0.18046270310878754 583
1750137712974 0.24312341213226318 584
1750137714273 0.27909791469573975 585
1750137715493 0.2721517086029053 586
1750137716752 0.3543912172317505 587
1750137717974 0.34988388419151306 588
1750137719278 0.23576416075229645 589
1750137720583 0.22793252766132355 590
1750137721896 0.29473865032196045 591
1750137723207 0.24120616912841797 592
1750137724642 0.3088224232196808 593
1750137725940 0.21561002731323242 594
1750137727305 0.2568465769290924 595
1750137728608 0.21990208327770233 596
1750137729909 0.2799854874610901 597
1750137731204 0.25198546051979065 598
1750137732506 0.24474486708641052 599
1750137733801 0.29188072681427 600
1750137735050 0.3338044285774231 601
1750137736335 0.2571248710155487 602
1750137737553 0.2802754044532776 603
1750137738870 0.3425174355506897 604
1750137740272 0.2733790874481201 605
1750137741575 0.2616307735443115 606
1750137742876 0.2599267363548279 607
1750137744240 0.24327445030212402 608
1750137745537 0.255351185798645 609
1750137746756 0.39185667037963867 610
1750137748060 0.2722474932670593 611
1750137749367 0.3172970414161682 612
1750137750706 0.19524411857128143 613
1750137752041 0.29376861453056335 614
1750137753374 0.25184792280197144 615
1750137754700 0.2613769769668579 616
1750137755949 0.27334272861480713 617
1750137757291 0.26847749948501587 618
1750137758543 0.25873681902885437 619
1750137759872 0.26339882612228394 620
1750137761183 0.2547014355659485 621
1750137762514 0.2917107343673706 622
1750137763818 0.2749948799610138 623
1750137765122 0.26066604256629944 624
1750137766410 0.2362610548734665 625
1750137767702 0.2502480745315552 626
1750137769001 0.22883078455924988 627
1750137770375 0.25527000427246094 628
1750137771721 0.22224684059619904 629
1750137773033 0.24556311964988708 630
1750137774342 0.2362046241760254 631
1750137775669 0.2585061490535736 632
1750137776892 0.2806532382965088 633
1750137778214 0.29328954219818115 634
1750137779517 0.2735713720321655 635
1750137780824 0.262562096118927 636
1750137782118 0.25336840748786926 637
1750137783409 0.326988160610199 638
1750137784741 0.23595768213272095 639
1750137786052 0.26711761951446533 640
1750137787344 0.29006969928741455 641
1750137788651 0.2542869746685028 642
1750137789950 0.3395141363143921 643
1750137791356 0.2222099006175995 644
1750137792692 0.25178858637809753 645
1750137794013 0.23051820695400238 646
1750137795320 0.30568718910217285 647
1750137796621 0.22217831015586853 648
1750137798007 0.26268136501312256 649
1750137799315 0.2526865005493164 650
1750137800624 0.30368664860725403 651
1750137801994 0.223499596118927 652
1750137803293 0.2451895773410797 653
1750137804600 0.2661225199699402 654
1750137805912 0.1978243887424469 655
1750137807216 0.23206466436386108 656
1750137808544 0.2711184620857239 657
1750137809880 0.2394300103187561 658
1750137811264 0.22738862037658691 659
1750137812571 0.2593250274658203 660
1750137813885 0.25830912590026855 661
1750137815214 0.2557196021080017 662
1750137816518 0.2443147599697113 663
1750137817824 0.2921963930130005 664
1750137819121 0.23611603677272797 665
1750137820421 0.2530563771724701 666
1750137821733 0.26180267333984375 667
1750137823042 0.24034452438354492 668
1750137824349 0.2923690676689148 669
1750137825678 0.28308185935020447 670
1750137826985 0.27950912714004517 671
1750137828289 0.27950233221054077 672
1750137829512 0.3371037244796753 673
1750137830801 0.24062293767929077 674
1750137832092 0.24183884263038635 675
1750137833402 0.25466370582580566 676
1750137834737 0.28537920117378235 677
1750137836052 0.2838171720504761 678
1750137837278 0.346614271402359 679
1750137838568 0.2932552397251129 680
1750137839868 0.22737690806388855 681
1750137841183 0.21453715860843658 682
1750137842485 0.24329456686973572 683
1750137843772 0.2630125880241394 684
1750137845076 0.24683187901973724 685
1750137846378 0.23635827004909515 686
1750137847702 0.21957945823669434 687
1750137849005 0.28603363037109375 688
1750137850329 0.2682904601097107 689
1750137851634 0.19072192907333374 690
1750137852956 0.24665240943431854 691
1750137854256 0.25813567638397217 692
1750137855586 0.2523728609085083 693
1750137856811 0.3104616105556488 694
1750137858120 0.25285395979881287 695
1750137859422 0.1823085993528366 696
1750137860722 0.26305755972862244 697
1750137862019 0.2524135410785675 698
1750137863348 0.2738170623779297 699
1750137864654 0.3726173937320709 700
1750137865971 0.21831093728542328 701
1750137867276 0.1937466859817505 702
1750137868578 0.23164518177509308 703
1750137869882 0.25755229592323303 704
1750137871182 0.24054789543151855 705
1750137872479 0.26636868715286255 706
1750137873782 0.2861185371875763 707
1750137875086 0.2930489778518677 708
1750137876390 0.2730407118797302 709
1750137877694 0.2333669364452362 710
1750137879021 0.24625995755195618 711
1750137880347 0.2288435995578766 712
1750137881663 0.23602810502052307 713
1750137882957 0.259787380695343 714
1750137884276 0.27381160855293274 715
1750137885577 0.24379697442054749 716
1750137886875 0.2815401554107666 717
1750137888170 0.26709800958633423 718
1750137889481 0.2248244434595108 719
1750137890847 0.26537564396858215 720
1750137892072 0.2844895124435425 721
1750137893363 0.24042877554893494 722
1750137894672 0.2637866139411926 723
1750137896050 0.22239668667316437 724
1750137897357 0.272943913936615 725
1750137898670 0.24625743925571442 726
1750137900012 0.28575801849365234 727
1750137901330 0.2297642081975937 728
1750137902632 0.2218843400478363 729
1750137903947 0.2484174370765686 730
1750137905323 0.23691067099571228 731
1750137906676 0.20357809960842133 732
1750137907972 0.21799245476722717 733
1750137909287 0.2865276038646698 734
1750137910524 0.3442108631134033 735
1750137911889 0.24611903727054596 736
1750137913205 0.24255895614624023 737
1750137914436 0.29698511958122253 738
1750137915792 0.24875326454639435 739
1750137917114 0.26314085721969604 740
1750137918468 0.24213466048240662 741
1750137919765 0.2353319227695465 742
1750137921134 0.2744542360305786 743
1750137922440 0.27077797055244446 744
1750137923759 0.2546849846839905 745
1750137925070 0.23451590538024902 746
1750137926384 0.2479850798845291 747
1750137927687 0.23134881258010864 748
1750137929026 0.23023147881031036 749
1750137930334 0.2863011062145233 750
1750137931649 0.2462431788444519 751
1750137932961 0.22486086189746857 752
1750137934313 0.155288428068161 753
1750137935613 0.233035147190094 754
1750137936935 0.25157129764556885 755
1750137938231 0.2562161087989807 756
1750137939529 0.2786121964454651 757
1750137940832 0.2385692000389099 758
1750137942129 0.2395705133676529 759
1750137943431 0.2558744549751282 760
1750137944793 0.263529896736145 761
1750137946089 0.30616965889930725 762
1750137947401 0.22331389784812927 763
1750137948731 0.2613826394081116 764
1750137950048 0.2815294861793518 765
1750137951385 0.26224473118782043 766
1750137952662 0.28175637125968933 767
1750137954045 0.23087577521800995 768
1750137955391 0.22186535596847534 769
1750137956685 0.30977386236190796 770
1750137957999 0.2144840806722641 771
1750137959273 0.2604503333568573 772
1750137960583 0.2608274519443512 773
1750137961885 0.2533800005912781 774
1750137963192 0.22039321064949036 775
1750137964491 0.27428579330444336 776
1750137965826 0.2490215301513672 777
1750137967132 0.2783171832561493 778
1750137968427 0.2576456069946289 779
1750137969727 0.23395264148712158 780
1750137971099 0.20313097536563873 781
1750137972403 0.24268147349357605 782
1750137973796 0.2705831825733185 783
1750137975101 0.2671431005001068 784
1750137976413 0.2682358920574188 785
1750137977717 0.2484159767627716 786
1750137978950 0.2143591344356537 787
1750137980239 0.24727576971054077 788
1750137981465 0.260987788438797 789
1750137982793 0.20856019854545593 790
1750137984100 0.2065657377243042 791
1750137985404 0.24519100785255432 792
1750137986709 0.2517267167568207 793
1750137988005 0.23139210045337677 794
1750137989318 0.25152522325515747 795
1750137990616 0.24736154079437256 796
1750137991919 0.23935332894325256 797
1750137993219 0.1903364062309265 798
1750137994525 0.2619796395301819 799
1750137995849 0.21728479862213135 800
1750137997144 0.23730596899986267 801
1750137998434 0.20977914333343506 802
1750137999660 0.34809058904647827 803
1750138000961 0.2854005694389343 804
1750138002287 0.25262582302093506 805
1750138003589 0.24956730008125305 806
1750138004906 0.24747799336910248 807
1750138006280 0.2412768006324768 808
1750138007584 0.27373701333999634 809
1750138008881 0.2502174377441406 810
1750138010191 0.24862702190876007 811
1750138011494 0.25150638818740845 812
1750138012726 0.26972100138664246 813
1750138014052 0.22437375783920288 814
1750138015369 0.2544804811477661 815
1750138016683 0.24197718501091003 816
1750138017987 0.22439664602279663 817
1750138019309 0.20311564207077026 818
1750138020639 0.26358842849731445 819
1750138021965 0.2685825228691101 820
1750138023265 0.2462952435016632 821
1750138024564 0.27587229013442993 822
1750138025913 0.27379971742630005 823
1750138027212 0.2535853683948517 824
1750138028524 0.2207643687725067 825
1750138029819 0.22407320141792297 826
1750138031059 0.3007492125034332 827
1750138032417 0.24743878841400146 828
1750138033726 0.2686241567134857 829
1750138035036 0.2573695182800293 830
1750138036344 0.2376868724822998 831
1750138037645 0.18260446190834045 832
1750138038949 0.22329632937908173 833
1750138040264 0.23593372106552124 834
1750138041574 0.2338617444038391 835
1750138042967 0.27154213190078735 836
1750138044189 0.2612316608428955 837
1750138045484 0.2589792013168335 838
1750138046792 0.2704944610595703 839
1750138048091 0.2647586166858673 840
1750138049393 0.22686336934566498 841
1750138050684 0.2657671868801117 842
1750138051993 0.21585574746131897 843
1750138053220 0.27079546451568604 844
1750138054442 0.35456573963165283 845
1750138055766 0.26643359661102295 846
1750138057071 0.22086021304130554 847
1750138058392 0.247865691781044 848
1750138059717 0.1916634440422058 849
1750138061026 0.22464047372341156 850
1750138062260 0.25536713004112244 851
1750138063644 0.2510067820549011 852
1750138064952 0.2331300675868988 853
1750138066258 0.23551562428474426 854
1750138067604 0.24722018837928772 855
1750138068914 0.19817888736724854 856
1750138070209 0.2360466718673706 857
1750138071528 0.22821050882339478 858
1750138072831 0.23945964872837067 859
1750138074202 0.2332722693681717 860
1750138075509 0.23542502522468567 861
1750138076823 0.2546579837799072 862
1750138078069 0.251905620098114 863
1750138079405 0.24033375084400177 864
1750138080734 0.272387832403183 865
1750138082038 0.2427094578742981 866
1750138083342 0.22716552019119263 867
1750138084685 0.2597217261791229 868
1750138085986 0.2783087491989136 869
1750138087284 0.24903005361557007 870
1750138088586 0.2231108397245407 871
1750138089888 0.22770893573760986 872
1750138091188 0.18449407815933228 873
1750138092477 0.2870326638221741 874
1750138093810 0.22456799447536469 875
1750138095052 0.28454887866973877 876
1750138096380 0.2091556191444397 877
1750138097691 0.27474695444107056 878
1750138098996 0.22815191745758057 879
1750138100280 0.24113839864730835 880
1750138101576 0.2562069892883301 881
1750138102887 0.2349185049533844 882
1750138104189 0.21854232251644135 883
1750138105745 0.24155160784721375 884
1750138107034 0.17052005231380463 885
1750138108330 0.26508939266204834 886
1750138109644 0.25820183753967285 887
1750138110979 0.257824182510376 888
1750138112285 0.25107282400131226 889
1750138113581 0.20472365617752075 890
1750138114883 0.2742152214050293 891
1750138116198 0.2541227638721466 892
1750138117504 0.21452844142913818 893
1750138118808 0.22895295917987823 894
1750138120054 0.4017379879951477 895
1750138121353 0.22914868593215942 896
1750138122644 0.2700203061103821 897
1750138123947 0.21295732259750366 898
1750138125259 0.22091099619865417 899
1750138126560 0.263791561126709 900
1750138127898 0.2495005875825882 901
1750138129205 0.2640678286552429 902
1750138130500 0.21785566210746765 903
1750138131802 0.26608511805534363 904
1750138133098 0.28932470083236694 905
1750138134398 0.25463831424713135 906
1750138135728 0.26757746934890747 907
1750138137085 0.2599608898162842 908
1750138138422 0.25704193115234375 909
1750138139735 0.23557598888874054 910
1750138141003 0.36471420526504517 911
1750138142297 0.2077871859073639 912
1750138143604 0.22132843732833862 913
1750138144830 0.391661673784256 914
1750138146129 0.2543669044971466 915
1750138147436 0.25038382411003113 916
1750138148792 0.24134406447410583 917
1750138150096 0.23595456779003143 918
1750138151406 0.2199072241783142 919
1750138152692 0.20518818497657776 920
1750138154004 0.237519770860672 921
1750138155219 0.3413272500038147 922
1750138156439 0.30641207098960876 923
1750138157730 0.2007446587085724 924
1750138159071 0.2562001645565033 925
1750138160401 0.21835386753082275 926
1750138161631 0.25589966773986816 927
1750138162941 0.2373788058757782 928
1750138164248 0.2361285388469696 929
1750138165586 0.2490118443965912 930
1750138166893 0.21098431944847107 931
1750138168192 0.2472326159477234 932
1750138169493 0.24179716408252716 933
1750138170835 0.2836739122867584 934
1750138172135 0.2360241711139679 935
1750138173429 0.2724873125553131 936
1750138174764 0.22361814975738525 937
1750138176067 0.2011476457118988 938
1750138177362 0.24436792731285095 939
1750138178684 0.2252187877893448 940
1750138180037 0.25603950023651123 941
1750138181337 0.24413689970970154 942
1750138182683 0.20070509612560272 943
1750138183978 0.2598365545272827 944
1750138185319 0.2519167959690094 945
1750138186621 0.25067993998527527 946
1750138187924 0.24470682442188263 947
1750138189235 0.2044026106595993 948
1750138190630 0.18521839380264282 949
1750138191860 0.32894062995910645 950
1750138193186 0.23549285531044006 951
1750138194513 0.237135648727417 952
1750138195816 0.2306106686592102 953
1750138197155 0.23659342527389526 954
1750138198511 0.26171842217445374 955
1750138199831 0.21484443545341492 956
1750138201167 0.2487579882144928 957
1750138202479 0.23340928554534912 958
1750138203777 0.275970458984375 959
1750138205105 0.24536731839179993 960
1750138206433 0.20584571361541748 961
1750138207745 0.26444801688194275 962
1750138209040 0.252490758895874 963
1750138210345 0.2940920889377594 964
1750138211649 0.23646867275238037 965
1750138212939 0.24112460017204285 966
1750138214286 0.23839735984802246 967
1750138215566 0.3949524164199829 968
1750138216873 0.2399727702140808 969
1750138218176 0.19138555228710175 970
1750138219469 0.257598876953125 971
1750138220782 0.24804016947746277 972
1750138222101 0.2387562096118927 973
1750138223429 0.21590033173561096 974
1750138224737 0.2262621521949768 975
1750138226052 0.24638612568378448 976
1750138227446 0.26879948377609253 977
1750138228776 0.2544363737106323 978
1750138230083 0.20611844956874847 979
1750138231330 0.30084121227264404 980
1750138232671 0.20535117387771606 981
1750138233981 0.24383430182933807 982
1750138235278 0.24742549657821655 983
1750138236575 0.24753034114837646 984
1750138237900 0.25649136304855347 985
1750138239187 0.19263947010040283 986
1750138240504 0.2051038295030594 987
1750138241784 0.41312581300735474 988
1750138243116 0.22249825298786163 989
1750138244414 0.2498680204153061 990
1750138245771 0.25542521476745605 991
1750138247103 0.22683857381343842 992
1750138248437 0.24198845028877258 993
1750138249732 0.2205299735069275 994
1750138251035 0.3011760115623474 995
1750138252349 0.2009057104587555 996
1750138253685 0.23571613430976868 997
1750138254991 0.24305512011051178 998
1750138256292 0.28136125206947327 999
1750138257617 0.17390477657318115 1000
1750138336255 0.24945184588432312 1001
1750138389591 0.24298006296157837 1002
1750138390917 0.2328641414642334 1003
1750138392231 0.2187991887331009 1004
1750138393597 0.23965871334075928 1005
1750138394898 0.26933908462524414 1006
1750138396195 0.1900898814201355 1007
1750138397507 0.26124149560928345 1008
1750138398815 0.24634316563606262 1009
1750138400105 0.20497417449951172 1010
1750138401354 0.3671947419643402 1011
1750138402689 0.22814182937145233 1012
1750138403994 0.23250743746757507 1013
1750138405298 0.2536884546279907 1014
1750138406598 0.23008717596530914 1015
1750138407895 0.2277662456035614 1016
1750138409217 0.23084938526153564 1017
1750138410516 0.21445022523403168 1018
1750138411822 0.20367777347564697 1019
1750138413152 0.22493323683738708 1020
1750138414467 0.2689555287361145 1021
1750138415798 0.24665582180023193 1022
1750138417115 0.23679345846176147 1023
1750138418449 0.251990407705307 1024
1750138419755 0.2554175555706024 1025
1750138421057 0.2265131175518036 1026
1750138422400 0.2225809395313263 1027
1750138423646 0.31372392177581787 1028
1750138425019 0.21511223912239075 1029
1750138426310 0.2460639774799347 1030
1750138427602 0.253396213054657 1031
1750138428933 0.24660927057266235 1032
1750138430233 0.255868136882782 1033
1750138431531 0.2499590516090393 1034
1750138432839 0.22290939092636108 1035
1750138434150 0.23968225717544556 1036
1750138435474 0.22874125838279724 1037
1750138436763 0.24442583322525024 1038
1750138438100 0.25244420766830444 1039
1750138439456 0.22530867159366608 1040
1750138440774 0.2486092895269394 1041
1750138442080 0.2236795723438263 1042
1750138443372 0.24501898884773254 1043
1750138444720 0.2326022982597351 1044
1750138446060 0.26159796118736267 1045
1750138447376 0.26832449436187744 1046
1750138448682 0.2456347644329071 1047
1750138449904 0.3481171727180481 1048
1750138451204 0.23537588119506836 1049
1750138452573 0.17845594882965088 1050
1750138453911 0.25008636713027954 1051
1750138455217 0.19515292346477509 1052
1750138456437 0.2757146656513214 1053
1750138457725 0.2301706075668335 1054
1750138459026 0.2586112916469574 1055
1750138460319 0.22448253631591797 1056
1750138461624 0.23293070495128632 1057
1750138462938 0.20615699887275696 1058
1750138464229 0.21682307124137878 1059
1750138465575 0.18203845620155334 1060
1750138466917 0.19841651618480682 1061
1750138468224 0.2903396487236023 1062
1750138469531 0.24636675417423248 1063
1750138470835 0.2345905601978302 1064
1750138472133 0.2667001187801361 1065
1750138473358 0.252920538187027 1066
1750138474655 0.25158804655075073 1067
1750138475951 0.2570537328720093 1068
1750138477254 0.19732807576656342 1069
1750138478553 0.24367649853229523 1070
1750138479922 0.251756489276886 1071
1750138481216 0.2426263391971588 1072
1750138482511 0.24947011470794678 1073
1750138483810 0.21782785654067993 1074
1750138485118 0.20303723216056824 1075
1750138486416 0.24746116995811462 1076
1750138487786 0.23514346778392792 1077
1750138489076 0.24499399960041046 1078
1750138490402 0.24354974925518036 1079
1750138491912 0.22938990592956543 1080
1750138493264 0.2363862544298172 1081
1750138494570 0.23481622338294983 1082
1750138495901 0.21137213706970215 1083
1750138497232 0.27116793394088745 1084
1750138498528 0.2590707540512085 1085
1750138499837 0.2564426064491272 1086
1750138501132 0.23550164699554443 1087
1750138502436 0.19567476212978363 1088
1750138503761 0.21969932317733765 1089
1750138505070 0.18563637137413025 1090
1750138506430 0.19408957660198212 1091
1750138507674 0.2344328612089157 1092
1750138509003 0.19301530718803406 1093
1750138510335 0.2168862521648407 1094
1750138511648 0.2611278295516968 1095
1750138512950 0.23866945505142212 1096
1750138514273 0.2109053134918213 1097
1750138515572 0.23719099164009094 1098
1750138516794 0.2512248456478119 1099
1750138518101 0.21883226931095123 1100
1750138519430 0.21263889968395233 1101
1750138520726 0.22322304546833038 1102
1750138522063 0.23777514696121216 1103
1750138523288 0.3588747978210449 1104
1750138524570 0.22796258330345154 1105
1750138525864 0.2405943125486374 1106
1750138527172 0.2143343985080719 1107
1750138528475 0.25668013095855713 1108
1750138529768 0.21715275943279266 1109
1750138531069 0.23431892693042755 1110
1750138532406 0.24758100509643555 1111
1750138533708 0.27364039421081543 1112
1750138535021 0.2402835190296173 1113
1750138536378 0.2556920349597931 1114
1750138537686 0.2574114203453064 1115
1750138538953 0.29327407479286194 1116
1750138540177 0.36945509910583496 1117
1750138541461 0.20503099262714386 1118
1750138542760 0.189629927277565 1119
1750138544059 0.21681571006774902 1120
1750138545348 0.22449612617492676 1121
1750138546602 0.2730366885662079 1122
1750138547897 0.20879049599170685 1123
1750138549194 0.25670069456100464 1124
1750138550462 0.383203387260437 1125
1750138551836 0.22588004171848297 1126
1750138553081 0.31769806146621704 1127
1750138554446 0.19417570531368256 1128
1750138555750 0.2208053171634674 1129
1750138557047 0.20906883478164673 1130
1750138558347 0.20036445558071136 1131
1750138559633 0.20090530812740326 1132
1750138560927 0.21756243705749512 1133
1750138562229 0.2194099724292755 1134
1750138563536 0.23788440227508545 1135
1750138564856 0.21253973245620728 1136
1750138566169 0.2329126000404358 1137
1750138567491 0.2503666281700134 1138
1750138568795 0.18943217396736145 1139
1750138570119 0.22596946358680725 1140
1750138571438 0.22696489095687866 1141
1750138572737 0.20749707520008087 1142
1750138573992 0.26855671405792236 1143
1750138575285 0.24127265810966492 1144
1750138576556 0.2360575646162033 1145
1750138577889 0.23803427815437317 1146
1750138579194 0.18333400785923004 1147
1750138580497 0.22728118300437927 1148
1750138581820 0.21004365384578705 1149
1750138583115 0.22148215770721436 1150
1750138584426 0.21329328417778015 1151
1750138585729 0.2170739471912384 1152
1750138587024 0.23911267518997192 1153
1750138588243 0.3275531828403473 1154
1750138589561 0.22110615670681 1155
1750138590877 0.2219712734222412 1156
1750138592197 0.24360084533691406 1157
1750138593529 0.23931686580181122 1158
1750138594863 0.23805171251296997 1159
1750138596160 0.22279217839241028 1160
1750138597512 0.251397967338562 1161
1750138598825 0.2486143410205841 1162
1750138600137 0.20412719249725342 1163
1750138601370 0.2951851189136505 1164
1750138602676 0.25571656227111816 1165
1750138603970 0.24103356897830963 1166
1750138605274 0.23653773963451385 1167
1750138606615 0.2523634731769562 1168
1750138607982 0.22661450505256653 1169
1750138609277 0.22124628722667694 1170
1750138610586 0.2504393458366394 1171
1750138611920 0.20428970456123352 1172
1750138613242 0.21058794856071472 1173
1750138614571 0.22001349925994873 1174
1750138615867 0.19582903385162354 1175
1750138617188 0.20878633856773376 1176
1750138618506 0.2874299883842468 1177
1750138619799 0.23837679624557495 1178
1750138621139 0.20993074774742126 1179
1750138622425 0.241245836019516 1180
1750138623726 0.2322281301021576 1181
1750138625021 0.23437939584255219 1182
1750138626358 0.22830098867416382 1183
1750138627739 0.23160766065120697 1184
1750138629113 0.23729604482650757 1185
1750138630448 0.23678481578826904 1186
1750138631684 0.4121161699295044 1187
1750138632999 0.20905083417892456 1188
1750138634337 0.22286441922187805 1189
1750138635627 0.2072037160396576 1190
1750138636934 0.2533833384513855 1191
1750138638271 0.26762908697128296 1192
1750138639559 0.22210654616355896 1193
1750138640860 0.2238636165857315 1194
1750138642158 0.24011917412281036 1195
1750138643471 0.2663188874721527 1196
1750138644816 0.26052355766296387 1197
1750138646113 0.25225546956062317 1198
1750138647485 0.21688073873519897 1199
1750138648788 0.20803147554397583 1200
1750138650115 0.24126321077346802 1201
1750138651447 0.21496708691120148 1202
1750138652740 0.2061760574579239 1203
1750138654045 0.22450187802314758 1204
1750138655340 0.19170686602592468 1205
1750138656630 0.219399094581604 1206
1750138657933 0.20161013305187225 1207
1750138659242 0.2491208165884018 1208
1750138660540 0.20870913565158844 1209
1750138661839 0.24287812411785126 1210
1750138663143 0.2177736759185791 1211
1750138664457 0.21638835966587067 1212
1750138665672 0.2762390673160553 1213
1750138666977 0.23299932479858398 1214
1750138668280 0.19147884845733643 1215
1750138669617 0.23267623782157898 1216
1750138670953 0.24162766337394714 1217
1750138672263 0.20412224531173706 1218
1750138673569 0.23212218284606934 1219
1750138674867 0.20361870527267456 1220
1750138676172 0.1998346745967865 1221
1750138677464 0.25450193881988525 1222
1750138678763 0.22605092823505402 1223
1750138680050 0.21570229530334473 1224
1750138681365 0.2475718855857849 1225
1750138682597 0.3078605532646179 1226
1750138683992 0.20792479813098907 1227
1750138685311 0.18657153844833374 1228
1750138686622 0.16761142015457153 1229
1750138687923 0.23127536475658417 1230
1750138689147 0.2864880859851837 1231
1750138690452 0.21629534661769867 1232
1750138691750 0.252846360206604 1233
1750138693043 0.2108817994594574 1234
1750138694380 0.22590796649456024 1235
1750138695719 0.2578077018260956 1236
1750138697027 0.23393061757087708 1237
1750138698317 0.24651852250099182 1238
1750138699651 0.22359919548034668 1239
1750138700953 0.26981568336486816 1240
1750138702246 0.1911925971508026 1241
1750138703462 0.340118408203125 1242
1750138704753 0.23533953726291656 1243
1750138706061 0.19374904036521912 1244
1750138707369 0.25185418128967285 1245
1750138708588 0.3267872929573059 1246
1750138709939 0.23888085782527924 1247
1750138711229 0.24215388298034668 1248
1750138712534 0.1921231746673584 1249
1750138713826 0.23639535903930664 1250
1750138715135 0.23417562246322632 1251
1750138716468 0.21378843486309052 1252
1750138717791 0.176701158285141 1253
1750138719029 0.29605889320373535 1254
1750138720363 0.2757846713066101 1255
1750138721665 0.2181999385356903 1256
1750138722973 0.18235525488853455 1257
1750138724289 0.25135520100593567 1258
1750138725645 0.24425844848155975 1259
1750138726950 0.23363545536994934 1260
1750138728272 0.21755456924438477 1261
1750138729565 0.22941148281097412 1262
1750138730849 0.28500980138778687 1263
1750138732155 0.22113581001758575 1264
1750138733465 0.2139347940683365 1265
1750138734758 0.2260366827249527 1266
1750138736093 0.23054379224777222 1267
1750138737411 0.22437646985054016 1268
1750138738629 0.3955901861190796 1269
1750138739954 0.26219815015792847 1270
1750138741258 0.2664130926132202 1271
1750138742579 0.26746606826782227 1272
1750138743872 0.24712160229682922 1273
1750138745432 0.23086519539356232 1274
1750138746731 0.201796755194664 1275
1750138748065 0.2426801323890686 1276
1750138749363 0.20069120824337006 1277
1750138750649 0.24299371242523193 1278
1750138752036 0.25287097692489624 1279
1750138753360 0.19766509532928467 1280
1750138754664 0.2145288586616516 1281
1750138755875 0.3819516897201538 1282
1750138757238 0.16877472400665283 1283
1750138758533 0.18975886702537537 1284
1750138759857 0.22947019338607788 1285
1750138761124 0.3529946804046631 1286
1750138762437 0.23077213764190674 1287
1750138763770 0.19720035791397095 1288
1750138765075 0.2610492706298828 1289
1750138766411 0.20758019387722015 1290
1750138767710 0.25185585021972656 1291
1750138769013 0.251417875289917 1292
1750138770303 0.2337786704301834 1293
1750138771604 0.22100690007209778 1294
1750138772895 0.2520536780357361 1295
1750138774192 0.2573414146900177 1296
1750138775490 0.20318631827831268 1297
1750138776783 0.20898588001728058 1298
1750138778086 0.23721295595169067 1299
1750138779404 0.18071722984313965 1300
1750138780715 0.24014419317245483 1301
1750138782027 0.22317974269390106 1302
1750138783332 0.2263016253709793 1303
1750138784626 0.23424264788627625 1304
1750138785931 0.20699511468410492 1305
1750138787225 0.22741204500198364 1306
1750138788537 0.20332325994968414 1307
1750138789838 0.28114479780197144 1308
1750138791172 0.22354039549827576 1309
1750138792472 0.21021971106529236 1310
1750138793760 0.23983779549598694 1311
1750138795063 0.23169954121112823 1312
1750138796282 0.3127739429473877 1313
1750138797607 0.27794134616851807 1314
1750138798987 0.20511731505393982 1315
1750138800311 0.24722719192504883 1316
1750138801626 0.21268799901008606 1317
1750138802926 0.2179604470729828 1318
1750138804233 0.2179587036371231 1319
1750138805550 0.20929451286792755 1320
1750138806850 0.2233211100101471 1321
1750138808210 0.19600051641464233 1322
1750138809542 0.25382357835769653 1323
1750138810874 0.22298970818519592 1324
1750138812181 0.2395036518573761 1325
1750138813400 0.29488855600357056 1326
1750138814740 0.2339351773262024 1327
1750138816061 0.22423863410949707 1328
1750138817394 0.23917219042778015 1329
1750138818707 0.22069784998893738 1330
1750138820003 0.20917856693267822 1331
1750138821310 0.26814430952072144 1332
1750138822690 0.2306436002254486 1333
1750138823991 0.20513369143009186 1334
1750138825300 0.20144903659820557 1335
1750138826635 0.26289406418800354 1336
1750138827939 0.21539154648780823 1337
1750138829280 0.22218629717826843 1338
1750138830576 0.2446683943271637 1339
1750138831870 0.20605924725532532 1340
1750138833168 0.24441319704055786 1341
1750138834475 0.24684908986091614 1342
1750138835787 0.25766369700431824 1343
1750138837083 0.19878128170967102 1344
1750138838296 0.31200894713401794 1345
1750138839607 0.2520718574523926 1346
1750138840916 0.22362929582595825 1347
1750138842139 0.23013076186180115 1348
1750138843466 0.2507314085960388 1349
1750138844698 0.32099562883377075 1350
1750138846016 0.17497187852859497 1351
1750138847242 0.2550465166568756 1352
1750138848545 0.2053314447402954 1353
1750138849826 0.21549519896507263 1354
1750138851138 0.21026843786239624 1355
1750138852435 0.20431756973266602 1356
1750138853739 0.2147688865661621 1357
1750138855116 0.2316836714744568 1358
1750138856418 0.20843125879764557 1359
1750138857705 0.23975439369678497 1360
1750138859045 0.2026580423116684 1361
1750138860331 0.20250621438026428 1362
1750138861677 0.21721866726875305 1363
1750138862981 0.27963078022003174 1364
1750138864280 0.22578831017017365 1365
1750138865573 0.22590777277946472 1366
1750138866884 0.2355264574289322 1367
1750138868140 0.3326769769191742 1368
1750138869441 0.24228790402412415 1369
1750138870744 0.23841828107833862 1370
1750138872106 0.19982782006263733 1371
1750138873412 0.19877532124519348 1372
1750138874754 0.22778820991516113 1373
1750138875971 0.3302842974662781 1374
1750138877340 0.21699336171150208 1375
1750138878686 0.2658451199531555 1376
1750138879928 0.3555014729499817 1377
1750138881222 0.21383893489837646 1378
1750138882572 0.2274734228849411 1379
1750138883900 0.23439309000968933 1380
1750138885207 0.21144694089889526 1381
1750138886494 0.1960713267326355 1382
1750138887792 0.20658907294273376 1383
1750138889141 0.1707894206047058 1384
1750138890471 0.2978466749191284 1385
1750138891765 0.19912485778331757 1386
1750138893096 0.19714483618736267 1387
1750138894398 0.20565026998519897 1388
1750138895702 0.21430984139442444 1389
1750138896923 0.2672375440597534 1390
1750138898226 0.22351449728012085 1391
1750138899594 0.25411102175712585 1392
1750138900897 0.23104563355445862 1393
1750138902211 0.25680840015411377 1394
1750138903505 0.23880627751350403 1395
1750138904860 0.21117748320102692 1396
1750138906076 0.3390577435493469 1397
1750138907380 0.22966080904006958 1398
1750138908756 0.2309267520904541 1399
1750138910066 0.22666232287883759 1400
1750138911402 0.2206352949142456 1401
1750138912734 0.23051273822784424 1402
1750138914059 0.27427273988723755 1403
1750138915360 0.23216010630130768 1404
1750138916674 0.24737247824668884 1405
1750138917972 0.22376403212547302 1406
1750138919339 0.2604212760925293 1407
1750138920633 0.21711665391921997 1408
1750138921926 0.22045008838176727 1409
1750138923218 0.23004451394081116 1410
1750138924530 0.22758330404758453 1411
1750138925824 0.17936784029006958 1412
1750138927121 0.21884964406490326 1413
1750138928406 0.21367119252681732 1414
1750138929698 0.23522785305976868 1415
1750138930992 0.2049942910671234 1416
1750138932334 0.18228819966316223 1417
1750138933666 0.22292792797088623 1418
1750138935015 0.22104772925376892 1419
1750138936363 0.22342601418495178 1420
1750138937690 0.23609495162963867 1421
1750138938986 0.2550572156906128 1422
1750138940281 0.2169751077890396 1423
1750138941621 0.22924858331680298 1424
1750138942947 0.2547842264175415 1425
1750138944260 0.2463402897119522 1426
1750138945608 0.21721069514751434 1427
1750138946933 0.2533760666847229 1428
1750138948240 0.24349641799926758 1429
1750138949566 0.1749352216720581 1430
1750138950859 0.22610251605510712 1431
1750138952165 0.21836429834365845 1432
1750138953468 0.17318472266197205 1433
1750138954790 0.20899373292922974 1434
1750138956138 0.23141801357269287 1435
1750138957447 0.2005203366279602 1436
1750138958827 0.23682744801044464 1437
1750138960118 0.21029019355773926 1438
1750138961420 0.20823776721954346 1439
1750138962671 0.2809145152568817 1440
1750138963965 0.1856585592031479 1441
1750138965268 0.23025217652320862 1442
1750138966600 0.2237360179424286 1443
1750138967908 0.2327483594417572 1444
1750138969207 0.17273864150047302 1445
1750138970498 0.2076786756515503 1446
1750138971853 0.213213711977005 1447
1750138973158 0.2102464735507965 1448
1750138974474 0.19311094284057617 1449
1750138975776 0.158735454082489 1450
1750138977072 0.2382267713546753 1451
1750138978407 0.24850142002105713 1452
1750138979736 0.18757563829421997 1453
1750138981039 0.18441031873226166 1454
1750138982332 0.17034685611724854 1455
1750138983843 0.20073838531970978 1456
1750138985072 0.3223575949668884 1457
1750138986368 0.19599008560180664 1458
1750138987696 0.2333911955356598 1459
1750138988997 0.22625994682312012 1460
1750138990290 0.19518397748470306 1461
1750138991586 0.20877806842327118 1462
1750138992893 0.2620849013328552 1463
1750138994265 0.14301899075508118 1464
1750138995572 0.2110748589038849 1465
1750138996879 0.24030765891075134 1466
1750138998188 0.20991918444633484 1467
1750138999519 0.2389644980430603 1468
1750139000816 0.2050451934337616 1469
1750139002113 0.2121163159608841 1470
1750139003423 0.24414825439453125 1471
1750139004735 0.2274964451789856 1472
1750139006064 0.23689153790473938 1473
1750139007381 0.18826411664485931 1474
1750139008754 0.21152916550636292 1475
1750139010098 0.26273494958877563 1476
1750139011324 0.34612345695495605 1477
1750139012623 0.2253652811050415 1478
1750139013923 0.21552136540412903 1479
1750139015221 0.24308112263679504 1480
1750139016516 0.185414120554924 1481
1750139017821 0.24246452748775482 1482
1750139019155 0.24804383516311646 1483
1750139020528 0.2275908887386322 1484
1750139021873 0.24826809763908386 1485
1750139023186 0.2113504707813263 1486
1750139024576 0.2145918309688568 1487
1750139025872 0.22401586174964905 1488
1750139027183 0.2432560920715332 1489
1750139028478 0.21277973055839539 1490
1750139029716 0.36640194058418274 1491
1750139031013 0.22661882638931274 1492
1750139032329 0.2399948090314865 1493
1750139033628 0.17215612530708313 1494
1750139034890 0.3247227370738983 1495
1750139036244 0.22616761922836304 1496
1750139037537 0.1969199925661087 1497
1750139038846 0.22290140390396118 1498
1750139040156 0.19274002313613892 1499
1750139041490 0.3377329707145691 1500
1750139042810 0.19973522424697876 1501
1750139044130 0.2333371490240097 1502
1750139045491 0.2303777039051056 1503
1750139046796 0.22341686487197876 1504
1750139048147 0.2536124885082245 1505
1750139049448 0.23454886674880981 1506
1750139050742 0.21013763546943665 1507
1750139052027 0.400723934173584 1508
1750139053273 0.292727530002594 1509
1750139054578 0.2072708159685135 1510
1750139055871 0.21790704131126404 1511
1750139057176 0.2299928069114685 1512
1750139058476 0.2728116512298584 1513
1750139059685 0.37573888897895813 1514
1750139060989 0.2455027848482132 1515
1750139062291 0.13296890258789062 1516
1750139063589 0.19600296020507812 1517
1750139064894 0.23850135505199432 1518
1750139066214 0.2249828428030014 1519
1750139067540 0.22973264753818512 1520
1750139068850 0.19864225387573242 1521
1750139070133 0.20864814519882202 1522
1750139071451 0.200127512216568 1523
1750139072747 0.19076429307460785 1524
1750139074048 0.237407848238945 1525
1750139075338 0.20500090718269348 1526
1750139076681 0.2091774046421051 1527
1750139078028 0.23017625510692596 1528
1750139079323 0.2169991433620453 1529
1750139080550 0.3360845446586609 1530
1750139081840 0.223526269197464 1531
1750139083142 0.21521958708763123 1532
1750139084482 0.19922354817390442 1533
1750139085783 0.22153152525424957 1534
1750139087076 0.18475840985774994 1535
1750139088411 0.23816561698913574 1536
1750139089709 0.24414557218551636 1537
1750139091009 0.2235928773880005 1538
1750139092314 0.17737728357315063 1539
1750139093683 0.17291641235351562 1540
1750139094937 0.31618809700012207 1541
1750139096206 0.2664150893688202 1542
1750139097461 0.2882671654224396 1543
1750139098808 0.22642862796783447 1544
1750139100102 0.21516430377960205 1545
1750139101318 0.2646659016609192 1546
1750139102622 0.2301865816116333 1547
1750139103958 0.22935062646865845 1548
1750139105322 0.188405379652977 1549
1750139106553 0.3204534947872162 1550
1750139107852 0.24246437847614288 1551
1750139109162 0.19945800304412842 1552
1750139110401 0.3916538953781128 1553
1750139111688 0.22572946548461914 1554
1750139113001 0.19354715943336487 1555
1750139114294 0.22645190358161926 1556
1750139115607 0.21957159042358398 1557
1750139116929 0.21985787153244019 1558
1750139118243 0.20651820302009583 1559
1750139119553 0.21571215987205505 1560
1750139120862 0.1853359490633011 1561
1750139122167 0.22094659507274628 1562
1750139123481 0.16192317008972168 1563
1750139124783 0.2237379401922226 1564
1750139126078 0.2130703628063202 1565
1750139127374 0.20910651981830597 1566
1750139128677 0.19786962866783142 1567
1750139129982 0.18040907382965088 1568
1750139131350 0.20573869347572327 1569
1750139132649 0.22147899866104126 1570
1750139133985 0.19120049476623535 1571
1750139135286 0.21583910286426544 1572
1750139136585 0.21566905081272125 1573
1750139137937 0.21918845176696777 1574
1750139139291 0.20572978258132935 1575
1750139140545 0.2587156891822815 1576
1750139141838 0.21633601188659668 1577
1750139143070 0.4379771053791046 1578
1750139144373 0.18461373448371887 1579
1750139145685 0.20083726942539215 1580
1750139147031 0.13356810808181763 1581
1750139148321 0.1749574840068817 1582
1750139149690 0.20321206748485565 1583
1750139151074 0.21360765397548676 1584
1750139152376 0.26517200469970703 1585
1750139153707 0.20024405419826508 1586
1750139154938 0.25792455673217773 1587
1750139156194 0.40025484561920166 1588
1750139157505 0.2255963236093521 1589
1750139158798 0.18312273919582367 1590
1750139160100 0.21368016302585602 1591
1750139161437 0.17977675795555115 1592
1750139162658 0.39681774377822876 1593
1750139163885 0.30101680755615234 1594
1750139165202 0.2386704981327057 1595
1750139166502 0.23807889223098755 1596
1750139167806 0.2138410061597824 1597
1750139169124 0.22514034807682037 1598
1750139170592 0.3648550510406494 1599
1750139171884 0.23276612162590027 1600
1750139173194 0.2198852002620697 1601
1750139174494 0.2013615369796753 1602
1750139175797 0.20010989904403687 1603
1750139177099 0.18875378370285034 1604
1750139178393 0.22320495545864105 1605
1750139179682 0.19773967564105988 1606
1750139181000 0.19141262769699097 1607
1750139182387 0.19249367713928223 1608
1750139183756 0.2038833200931549 1609
1750139185065 0.19901256263256073 1610
1750139186277 0.3080326020717621 1611
1750139187579 0.20826324820518494 1612
1750139188920 0.1880715787410736 1613
1750139190214 0.17940227687358856 1614
1750139191500 0.19424530863761902 1615
1750139192807 0.30007877945899963 1616
1750139194101 0.1862684041261673 1617
1750139195398 0.2119533121585846 1618
1750139196735 0.1922602355480194 1619
1750139198034 0.1974840760231018 1620
1750139199333 0.1992112547159195 1621
1750139200627 0.18430322408676147 1622
1750139201971 0.20051655173301697 1623
1750139203279 0.24619197845458984 1624
1750139204574 0.20003654062747955 1625
1750139205878 0.19864314794540405 1626
1750139207173 0.20804178714752197 1627
1750139208478 0.20716114342212677 1628
1750139209789 0.20582377910614014 1629
1750139211104 0.22847740352153778 1630
1750139212397 0.19996806979179382 1631
1750139213715 0.2247702032327652 1632
1750139215023 0.18926066160202026 1633
1750139216386 0.2197917103767395 1634
1750139217684 0.20834589004516602 1635
1750139219023 0.18739961087703705 1636
1750139220246 0.41406890749931335 1637
1750139221549 0.1811150312423706 1638
1750139222876 0.19041955471038818 1639
1750139224171 0.2213309109210968 1640
1750139225529 0.19347138702869415 1641
1750139226818 0.18147313594818115 1642
1750139228133 0.21174293756484985 1643
1750139229488 0.20647865533828735 1644
1750139230857 0.26559990644454956 1645
1750139232157 0.2103055715560913 1646
1750139233468 0.24610228836536407 1647
1750139234763 0.20479604601860046 1648
1750139236070 0.19607263803482056 1649
1750139237381 0.20960912108421326 1650
1750139238709 0.2143525630235672 1651
1750139239936 0.30214160680770874 1652
1750139241247 0.20887133479118347 1653
1750139242537 0.21682344377040863 1654
1750139243836 0.2544620633125305 1655
1750139245136 0.20980685949325562 1656
1750139246430 0.2201959192752838 1657
1750139247731 0.2111588716506958 1658
1750139249069 0.20911914110183716 1659
1750139250402 0.22899562120437622 1660
1750139251762 0.22204387187957764 1661
1750139253070 0.20617251098155975 1662
1750139254379 0.232112318277359 1663
1750139255685 0.17459729313850403 1664
1750139256985 0.23068305850028992 1665
1750139258277 0.21558347344398499 1666
1750139259578 0.20457780361175537 1667
1750139260945 0.2150927484035492 1668
1750139262242 0.19144754111766815 1669
1750139263557 0.21776945888996124 1670
1750139264864 0.20604178309440613 1671
1750139266212 0.2020692229270935 1672
1750139267510 0.22241774201393127 1673
1750139268801 0.22744247317314148 1674
1750139270168 0.19507542252540588 1675
1750139271499 0.20189209282398224 1676
1750139272832 0.2475801408290863 1677
1750139274134 0.21251803636550903 1678
1750139275531 0.19336506724357605 1679
1750139276843 0.21530097723007202 1680
1750139278137 0.1676691472530365 1681
1750139279434 0.24842512607574463 1682
1750139280754 0.2312263399362564 1683
1750139282050 0.22033804655075073 1684
1750139283372 0.25037387013435364 1685
1750139284666 0.20109626650810242 1686
1750139285972 0.20765410363674164 1687
1750139287354 0.22155450284481049 1688
1750139288632 0.29138070344924927 1689
1750139289858 0.2976126968860626 1690
1750139291156 0.20095981657505035 1691
1750139292498 0.23122645914554596 1692
1750139293861 0.1933232545852661 1693
1750139295219 0.1740138828754425 1694
1750139296589 0.21882528066635132 1695
1750139297913 0.19833625853061676 1696
1750139299291 0.19104701280593872 1697
1750139300580 0.19318115711212158 1698
1750139301882 0.20736002922058105 1699
1750139303191 0.2324647605419159 1700
1750139304483 0.2642025947570801 1701
1750139305771 0.24695564806461334 1702
1750139307074 0.22427083551883698 1703
1750139308383 0.18493765592575073 1704
1750139309690 0.17481940984725952 1705
1750139310985 0.18690833449363708 1706
1750139312286 0.2046356201171875 1707
1750139313507 0.3268793523311615 1708
1750139314808 0.1950223743915558 1709
1750139316111 0.2114945948123932 1710
1750139317408 0.19660696387290955 1711
1750139318746 0.19186270236968994 1712
1750139320045 0.2238808125257492 1713
1750139321316 0.37982022762298584 1714
1750139322636 0.16597424447536469 1715
1750139323947 0.22380654513835907 1716
1750139325308 0.20652742683887482 1717
1750139326635 0.20685693621635437 1718
1750139327942 0.17895689606666565 1719
1750139329282 0.17252644896507263 1720
1750139330583 0.22935333847999573 1721
1750139331897 0.2067735195159912 1722
1750139333206 0.17218345403671265 1723
1750139334523 0.23737457394599915 1724
1750139335821 0.20607413351535797 1725
1750139337118 0.23007526993751526 1726
1750139338407 0.20710325241088867 1727
1750139339700 0.2035595029592514 1728
1750139341068 0.2237970530986786 1729
1750139342368 0.21946193277835846 1730
1750139343663 0.21194104850292206 1731
1750139344918 0.3901408910751343 1732
1750139346215 0.21213139593601227 1733
1750139347534 0.20155438780784607 1734
1750139348846 0.21296167373657227 1735
1750139350166 0.21388430893421173 1736
1750139351467 0.2048739343881607 1737
1750139352795 0.2015862762928009 1738
1750139354113 0.21266406774520874 1739
1750139355490 0.18281692266464233 1740
1750139356793 0.1653081774711609 1741
1750139358097 0.24144934117794037 1742
1750139359396 0.19200843572616577 1743
1750139360731 0.17108029127120972 1744
1750139362065 0.1979895383119583 1745
1750139363361 0.22272413969039917 1746
1750139364668 0.2231195569038391 1747
1750139365971 0.21266895532608032 1748
1750139367278 0.22297289967536926 1749
1750139368576 0.1832820177078247 1750
1750139369878 0.19342675805091858 1751
1750139371176 0.19705602526664734 1752
1750139372512 0.2114293873310089 1753
1750139373737 0.2771238088607788 1754
1750139374976 0.2974725663661957 1755
1750139376300 0.15573278069496155 1756
1750139377595 0.20898258686065674 1757
1750139378889 0.2462679147720337 1758
1750139380203 0.2232491374015808 1759
1750139381549 0.21397501230239868 1760
1750139382880 0.19949108362197876 1761
1750139384182 0.20045946538448334 1762
1750139385510 0.2001875638961792 1763
1750139386850 0.21697169542312622 1764
1750139388365 0.18943920731544495 1765
1750139389700 0.21755650639533997 1766
1750139391004 0.23040743172168732 1767
1750139392302 0.22235073149204254 1768
1750139393606 0.1989971101284027 1769
1750139394923 0.21387964487075806 1770
1750139396285 0.20122076570987701 1771
1750139397599 0.20412614941596985 1772
1750139398895 0.1898854374885559 1773
1750139400225 0.2183178961277008 1774
1750139401582 0.1955624520778656 1775
1750139402878 0.21176210045814514 1776
1750139404218 0.22662131488323212 1777
1750139405511 0.20384538173675537 1778
1750139406829 0.1943165361881256 1779
1750139408161 0.18062256276607513 1780
1750139409469 0.23261189460754395 1781
1750139410763 0.20490065217018127 1782
1750139412066 0.21055427193641663 1783
1750139413381 0.1883528083562851 1784
1750139414684 0.19567161798477173 1785
1750139415973 0.19838780164718628 1786
1750139417332 0.1874925196170807 1787
1750139418601 0.39548107981681824 1788
1750139419907 0.19945953786373138 1789
1750139421204 0.2366693913936615 1790
1750139422498 0.21260955929756165 1791
1750139423794 0.21196630597114563 1792
1750139425094 0.192447230219841 1793
1750139426392 0.22549840807914734 1794
1750139427619 0.24502649903297424 1795
1750139428916 0.2007601112127304 1796
1750139430208 0.19227266311645508 1797
1750139431503 0.19754528999328613 1798
1750139432812 0.20736226439476013 1799
1750139434525 0.20214363932609558 1800
1750139438743 0.1903664618730545 1801
1750139440076 0.2053636610507965 1802
1750139441395 0.21765486896038055 1803
1750139442653 0.29375457763671875 1804
1750139444024 0.2353079617023468 1805
1750139445320 0.18129315972328186 1806
1750139446622 0.23554439842700958 1807
1750139447922 0.17225518822669983 1808
1750139449232 0.1615656167268753 1809
1750139450456 0.3165794610977173 1810
1750139451777 0.23118999600410461 1811
1750139453082 0.19703298807144165 1812
1750139454379 0.2125389277935028 1813
1750139455607 0.46232345700263977 1814
1750139456904 0.17444691061973572 1815
1750139458210 0.19992047548294067 1816
1750139459453 0.37669652700424194 1817
1750139460771 0.20058926939964294 1818
1750139462093 0.18914690613746643 1819
1750139463405 0.19895660877227783 1820
1750139464707 0.2016962766647339 1821
1750139466011 0.20661625266075134 1822
1750139467306 0.22149866819381714 1823
1750139468649 0.2330898940563202 1824
1750139469942 0.21307574212551117 1825
1750139471241 0.17351087927818298 1826
1750139472577 0.23954272270202637 1827
1750139473881 0.17067702114582062 1828
1750139475182 0.22752779722213745 1829
1750139476542 0.1803329885005951 1830
1750139477853 0.20871296525001526 1831
1750139479230 0.21406924724578857 1832
1750139480526 0.208133265376091 1833
1750139481823 0.22432279586791992 1834
1750139483134 0.1991550773382187 1835
1750139484374 0.33239635825157166 1836
1750139485699 0.21309778094291687 1837
1750139487003 0.211257666349411 1838
1750139488311 0.20359469950199127 1839
1750139489617 0.22375738620758057 1840
1750139490921 0.19988079369068146 1841
1750139492220 0.21160981059074402 1842
1750139493551 0.1753363311290741 1843
1750139494898 0.18377329409122467 1844
1750139496231 0.2063450962305069 1845
1750139497531 0.1875196248292923 1846
1750139498837 0.20604881644248962 1847
1750139500151 0.20523077249526978 1848
1750139501463 0.21900899708271027 1849
1750139502782 0.1561497151851654 1850
1750139504096 0.1878877580165863 1851
1750139505416 0.16056230664253235 1852
1750139506739 0.22886672616004944 1853
1750139508051 0.2025390863418579 1854
1750139509358 0.16744476556777954 1855
1750139510661 0.19671311974525452 1856
1750139511962 0.19495780766010284 1857
1750139513260 0.2058204859495163 1858
1750139514505 0.47429168224334717 1859
1750139515907 0.23562276363372803 1860
1750139517204 0.17441608011722565 1861
1750139518506 0.19961729645729065 1862
1750139519814 0.21082262694835663 1863
1750139521124 0.20626071095466614 1864
1750139522363 0.33070456981658936 1865
1750139523659 0.20125117897987366 1866
1750139524956 0.16633149981498718 1867
1750139526259 0.2174917608499527 1868
1750139527591 0.17228421568870544 1869
1750139528894 0.19987769424915314 1870
1750139530194 0.1934187114238739 1871
1750139531492 0.21008414030075073 1872
1750139532801 0.22015658020973206 1873
1750139534095 0.2223377227783203 1874
1750139535401 0.21621578931808472 1875
1750139536793 0.2135198414325714 1876
1750139538100 0.18328562378883362 1877
1750139539324 0.3865372836589813 1878
1750139540625 0.1901000738143921 1879
1750139541924 0.16879992187023163 1880
1750139543230 0.1973222941160202 1881
1750139544530 0.22719243168830872 1882
1750139545779 0.26349306106567383 1883
1750139547077 0.20297470688819885 1884
1750139548375 0.18212130665779114 1885
1750139549673 0.19644078612327576 1886
1750139551011 0.17998015880584717 1887
1750139552244 0.4047812521457672 1888
1750139553548 0.21379363536834717 1889
1750139554780 0.36429399251937866 1890
1750139556093 0.16096952557563782 1891
1750139557408 0.15861301124095917 1892
1750139558714 0.2293144315481186 1893
1750139560013 0.22160427272319794 1894
1750139561544 0.19595494866371155 1895
1750139562894 0.2621583342552185 1896
1750139564214 0.20784923434257507 1897
1750139565535 0.18456286191940308 1898
1750139566841 0.21417498588562012 1899
1750139568167 0.18012788891792297 1900
1750139569471 0.22542031109333038 1901
1750139570776 0.19934126734733582 1902
1750139572117 0.186728835105896 1903
1750139573403 0.41929158568382263 1904
1750139574751 0.17787416279315948 1905
1750139576065 0.21081140637397766 1906
1750139577376 0.2166423797607422 1907
1750139578677 0.20655009150505066 1908
1750139579974 0.22039130330085754 1909
1750139581280 0.20566688477993011 1910
1750139582510 0.3767034411430359 1911
1750139583734 0.41775012016296387 1912
1750139585088 0.1853717416524887 1913
1750139586391 0.17465081810951233 1914
1750139587733 0.12855257093906403 1915
1750139589049 0.1919810175895691 1916
1750139590346 0.200095072388649 1917
1750139591665 0.1888006329536438 1918
1750139592998 0.24611827731132507 1919
1750139594306 0.19703106582164764 1920
1750139595685 0.1829107105731964 1921
1750139596982 0.1815962791442871 1922
1750139598302 0.1829058825969696 1923
1750139599627 0.1637711524963379 1924
1750139600887 0.35626617074012756 1925
1750139602260 0.17703092098236084 1926
1750139603674 0.16395303606987 1927
1750139605107 0.19135141372680664 1928
1750139606489 0.202604740858078 1929
1750139607798 0.2022569179534912 1930
1750139609110 0.19651176035404205 1931
1750139610455 0.2075994908809662 1932
1750139611810 0.22609390318393707 1933
1750139613103 0.2021179050207138 1934
1750139614413 0.17776092886924744 1935
1750139615735 0.19221436977386475 1936
1750139617097 0.19527305662631989 1937
1750139618401 0.22046765685081482 1938
1750139619745 0.1813957393169403 1939
1750139621070 0.20500300824642181 1940
1750139622377 0.21441859006881714 1941
1750139623674 0.20199280977249146 1942
1750139624986 0.1709241271018982 1943
1750139626352 0.1796639859676361 1944
1750139627578 0.330100953578949 1945
1750139628889 0.24947965145111084 1946
1750139630193 0.1932756006717682 1947
1750139631500 0.15526047348976135 1948
1750139632806 0.21343615651130676 1949
1750139634110 0.1920071393251419 1950
1750139635435 0.16965144872665405 1951
1750139636783 0.16689451038837433 1952
1750139638093 0.1980251669883728 1953
1750139639410 0.2495529055595398 1954
1750139640723 0.18062525987625122 1955
1750139642029 0.20194104313850403 1956
1750139643369 0.20136237144470215 1957
1750139644660 0.19390302896499634 1958
1750139645963 0.19626514613628387 1959
1750139647365 0.19204922020435333 1960
1750139648773 0.1737797111272812 1961
1750139650067 0.2153034210205078 1962
1750139651420 0.18624353408813477 1963
1750139652783 0.21513590216636658 1964
1750139654105 0.18663552403450012 1965
1750139655409 0.1907685399055481 1966
1750139656726 0.2050727754831314 1967
1750139658022 0.185492604970932 1968
1750139659363 0.20686951279640198 1969
1750139660662 0.18438003957271576 1970
1750139661996 0.20280879735946655 1971
1750139663338 0.19708344340324402 1972
1750139664570 0.2895876169204712 1973
1750139665863 0.2244049459695816 1974
1750139667169 0.17391908168792725 1975
1750139668468 0.1778108924627304 1976
1750139669806 0.19546255469322205 1977
1750139671026 0.2713482677936554 1978
1750139672331 0.21529585123062134 1979
1750139673635 0.13180804252624512 1980
1750139674945 0.306759774684906 1981
1750139676395 0.16927337646484375 1982
1750139677719 0.2024947553873062 1983
1750139679016 0.15666286647319794 1984
1750139680357 0.17455589771270752 1985
1750139681586 0.43821096420288086 1986
1750139682924 0.17143067717552185 1987
1750139684271 0.18777287006378174 1988
1750139685648 0.20824769139289856 1989
1750139686978 0.22233536839485168 1990
1750139688286 0.19559301435947418 1991
1750139689597 0.19792363047599792 1992
1750139690903 0.16634920239448547 1993
1750139692199 0.2232068032026291 1994
1750139693546 0.15396705269813538 1995
1750139694850 0.1838693767786026 1996
1750139696160 0.19060036540031433 1997
1750139697455 0.18946540355682373 1998
1750139698773 0.1737596094608307 1999
1750139700086 0.17802366614341736 2000
1750139775389 0.199870765209198 2001
1750139828330 0.1958494782447815 2002
1750139829668 0.18142209947109222 2003
1750139831002 0.20582501590251923 2004
1750139832299 0.137033611536026 2005
1750139833657 0.22249674797058105 2006
1750139834961 0.20775803923606873 2007
1750139836274 0.19135290384292603 2008
1750139837612 0.22561241686344147 2009
1750139838905 0.19597148895263672 2010
1750139840201 0.17777584493160248 2011
1750139841505 0.1713997721672058 2012
1750139842843 0.17641088366508484 2013
1750139844134 0.17590531706809998 2014
1750139845440 0.1806633174419403 2015
1750139846777 0.21064166724681854 2016
1750139848084 0.2202695906162262 2017
1750139849419 0.193394273519516 2018
1750139850734 0.15793809294700623 2019
1750139852076 0.1964130699634552 2020
1750139853409 0.18225859105587006 2021
1750139854715 0.18635022640228271 2022
1750139856018 0.17205378413200378 2023
1750139857317 0.22296544909477234 2024
1750139858615 0.18479841947555542 2025
1750139859927 0.20344756543636322 2026
1750139861314 0.23189756274223328 2027
1750139862599 0.26217877864837646 2028
1750139863921 0.1719072163105011 2029
1750139865163 0.4182690382003784 2030
1750139866465 0.22709167003631592 2031
1750139867805 0.20188888907432556 2032
1750139869151 0.19951549172401428 2033
1750139870394 0.2961125671863556 2034
1750139871692 0.16331925988197327 2035
1750139873012 0.18433697521686554 2036
1750139874371 0.17026570439338684 2037
1750139875691 0.19535572826862335 2038
1750139877001 0.19296027719974518 2039
1750139878339 0.1958032250404358 2040
1750139879644 0.15385907888412476 2041
1750139880957 0.21270722150802612 2042
1750139882259 0.31688812375068665 2043
1750139883562 0.164285808801651 2044
1750139884924 0.20800794661045074 2045
1750139886213 0.2105303257703781 2046
1750139887524 0.22823631763458252 2047
1750139888857 0.19854916632175446 2048
1750139890270 0.1865500509738922 2049
1750139891516 0.32795414328575134 2050
1750139892850 0.1827925145626068 2051
1750139894170 0.18835149705410004 2052
1750139895528 0.2224067598581314 2053
1750139896838 0.1854419857263565 2054
1750139898147 0.17615199089050293 2055
1750139899444 0.1691243052482605 2056
1750139900789 0.18914900720119476 2057
1750139902092 0.19500166177749634 2058
1750139903396 0.1812632530927658 2059
1750139904707 0.19160540401935577 2060
1750139906015 0.18817868828773499 2061
1750139907328 0.21739012002944946 2062
1750139908625 0.1935608685016632 2063
1750139910011 0.19240885972976685 2064
1750139911310 0.19330811500549316 2065
1750139912611 0.17257724702358246 2066
1750139913946 0.20616650581359863 2067
1750139915270 0.1891515851020813 2068
1750139916585 0.18786382675170898 2069
1750139917901 0.22105570137500763 2070
1750139919254 0.2203277200460434 2071
1750139920560 0.18066994845867157 2072
1750139921864 0.17958319187164307 2073
1750139923231 0.18657615780830383 2074
1750139924526 0.2177053987979889 2075
1750139925909 0.1926306039094925 2076
1750139927234 0.15973183512687683 2077
1750139928536 0.18432871997356415 2078
1750139929851 0.19727933406829834 2079
1750139931163 0.20532745122909546 2080
1750139932495 0.20558282732963562 2081
1750139933799 0.18367943167686462 2082
1750139935096 0.18120411038398743 2083
1750139936403 0.1935441792011261 2084
1750139937828 0.17821359634399414 2085
1750139939136 0.187519833445549 2086
1750139940444 0.22028017044067383 2087
1750139941755 0.19769087433815002 2088
1750139943068 0.20737548172473907 2089
1750139944384 0.19398009777069092 2090
1750139945703 0.17538973689079285 2091
1750139947010 0.16887633502483368 2092
1750139948336 0.20207831263542175 2093
1750139949645 0.21323712170124054 2094
1750139950922 0.3358454406261444 2095
1750139952256 0.1762220710515976 2096
1750139953636 0.1680593192577362 2097
1750139954942 0.19229668378829956 2098
1750139956266 0.1742437183856964 2099
1750139957579 0.21048003435134888 2100
1750139958915 0.19936159253120422 2101
1750139960246 0.17826130986213684 2102
1750139961552 0.1674327552318573 2103
1750139962870 0.18438118696212769 2104
1750139964204 0.21445202827453613 2105
1750139965513 0.16604852676391602 2106
1750139966813 0.21714109182357788 2107
1750139968127 0.17015285789966583 2108
1750139969365 0.3385070264339447 2109
1750139970633 0.33692485094070435 2110
1750139971934 0.21808749437332153 2111
1750139973305 0.18482573330402374 2112
1750139974610 0.1794607937335968 2113
1750139975839 0.2834285497665405 2114
1750139977186 0.1866382658481598 2115
1750139978494 0.2388283908367157 2116
1750139979789 0.1781807839870453 2117
1750139981093 0.17426620423793793 2118
1750139982326 0.32530784606933594 2119
1750139983676 0.20565463602542877 2120
1750139985034 0.19914261996746063 2121
1750139986268 0.38806551694869995 2122
1750139987799 0.20184041559696198 2123
1750139989100 0.16620883345603943 2124
1750139990337 0.2989979684352875 2125
1750139991649 0.19409258663654327 2126
1750139992885 0.34225839376449585 2127
1750139994222 0.2001042664051056 2128
1750139995521 0.15093857049942017 2129
1750139996825 0.19656877219676971 2130
1750139998219 0.15693926811218262 2131
1750139999528 0.20264402031898499 2132
1750140000778 0.2766565978527069 2133
1750140002096 0.1746680736541748 2134
1750140003394 0.1910637766122818 2135
1750140004696 0.19426214694976807 2136
1750140006006 0.20937831699848175 2137
1750140007315 0.19635632634162903 2138
1750140008617 0.20623834431171417 2139
1750140009917 0.1807519942522049 2140
1750140011240 0.18262110650539398 2141
1750140012572 0.1822218894958496 2142
1750140013881 0.18706247210502625 2143
1750140015230 0.21087646484375 2144
1750140016577 0.17273196578025818 2145
1750140017871 0.19034892320632935 2146
1750140019185 0.17659533023834229 2147
1750140020571 0.20104239881038666 2148
1750140021877 0.1975407600402832 2149
1750140023179 0.18688681721687317 2150
1750140024487 0.19022342562675476 2151
1750140025819 0.20565983653068542 2152
1750140027179 0.1622755080461502 2153
1750140028484 0.18402816355228424 2154
1750140029801 0.1840045154094696 2155
1750140031102 0.19058740139007568 2156
1750140032426 0.18022385239601135 2157
1750140033725 0.1893724799156189 2158
1750140035026 0.1985006481409073 2159
1750140036352 0.19258946180343628 2160
1750140037656 0.17809945344924927 2161
1750140038953 0.1660272181034088 2162
1750140040248 0.18962983787059784 2163
1750140041623 0.19907322525978088 2164
1750140042933 0.18889683485031128 2165
1750140044251 0.1723526418209076 2166
1750140045565 0.1667914092540741 2167
1750140046867 0.19023939967155457 2168
1750140048178 0.2005472481250763 2169
1750140049586 0.1855754554271698 2170
1750140050896 0.20992723107337952 2171
1750140052165 0.25297850370407104 2172
1750140053529 0.190137580037117 2173
1750140054841 0.1937117576599121 2174
1750140056145 0.1559263914823532 2175
1750140057456 0.2017030566930771 2176
1750140058799 0.18671610951423645 2177
1750140060125 0.19492504000663757 2178
1750140061435 0.16956615447998047 2179
1750140062731 0.20576965808868408 2180
1750140064040 0.17025113105773926 2181
1750140065339 0.1515287160873413 2182
1750140066644 0.1837683618068695 2183
1750140067944 0.16488851606845856 2184
1750140069251 0.19357603788375854 2185
1750140070558 0.17541995644569397 2186
1750140071860 0.1516512632369995 2187
1750140073175 0.18378138542175293 2188
1750140074482 0.19641868770122528 2189
1750140075828 0.19962568581104279 2190
1750140077129 0.22346678376197815 2191
1750140078435 0.18376685678958893 2192
1750140079756 0.21786898374557495 2193
1750140081075 0.17893150448799133 2194
1750140082380 0.13994701206684113 2195
1750140083683 0.16448815166950226 2196
1750140085070 0.18643856048583984 2197
1750140086385 0.18406693637371063 2198
1750140087698 0.18947908282279968 2199
1750140089005 0.17214876413345337 2200
1750140090262 0.3125753700733185 2201
1750140091568 0.20928607881069183 2202
1750140092810 0.4369046688079834 2203
1750140094120 0.20023170113563538 2204
1750140095430 0.2028437852859497 2205
1750140096732 0.23024311661720276 2206
1750140098051 0.155424565076828 2207
1750140099362 0.21684950590133667 2208
1750140100679 0.18569093942642212 2209
1750140101961 0.24115519225597382 2210
1750140103266 0.155796617269516 2211
1750140104568 0.19160491228103638 2212
1750140105827 0.34777671098709106 2213
1750140107085 0.2808418273925781 2214
1750140108425 0.16173112392425537 2215
1750140109729 0.20900526642799377 2216
1750140111002 0.2576596140861511 2217
1750140112308 0.1904943883419037 2218
1750140113680 0.2118769884109497 2219
1750140115053 0.15193165838718414 2220
1750140116278 0.3197976350784302 2221
1750140117786 0.20250250399112701 2222
1750140119092 0.18436530232429504 2223
1750140120354 0.4093453884124756 2224
1750140121587 0.28567397594451904 2225
1750140122894 0.15346860885620117 2226
1750140124207 0.1754828691482544 2227
1750140125533 0.19572536647319794 2228
1750140126847 0.1722094863653183 2229
1750140128072 0.3187021017074585 2230
1750140129379 0.15436464548110962 2231
1750140130718 0.16797363758087158 2232
1750140132071 0.17053917050361633 2233
1750140133377 0.21474967896938324 2234
1750140134760 0.18998084962368011 2235
1750140136081 0.18366718292236328 2236
1750140137409 0.1923101842403412 2237
1750140138739 0.1611652374267578 2238
1750140140091 0.22597724199295044 2239
1750140141440 0.15121135115623474 2240
1750140142848 0.18330325186252594 2241
1750140144153 0.19933611154556274 2242
1750140145460 0.18067871034145355 2243
1750140146770 0.164008229970932 2244
1750140148080 0.17928481101989746 2245
1750140149397 0.21898308396339417 2246
1750140150737 0.1694624423980713 2247
1750140152031 0.1700555384159088 2248
1750140153350 0.2111663818359375 2249
1750140154703 0.18550576269626617 2250
1750140156077 0.18316197395324707 2251
1750140157321 0.43866991996765137 2252
1750140158634 0.18535807728767395 2253
1750140159964 0.17343969643115997 2254
1750140161272 0.18014511466026306 2255
1750140162587 0.15258681774139404 2256
1750140163928 0.217110276222229 2257
1750140165200 0.2801057696342468 2258
1750140166575 0.2331998348236084 2259
1750140167903 0.1681055724620819 2260
1750140169204 0.19311927258968353 2261
1750140170538 0.20106914639472961 2262
1750140171844 0.1952570378780365 2263
1750140173197 0.1743946075439453 2264
1750140174498 0.17315593361854553 2265
1750140175813 0.2038266658782959 2266
1750140177124 0.18928441405296326 2267
1750140178440 0.19747892022132874 2268
1750140179761 0.16486001014709473 2269
1750140181097 0.15880678594112396 2270
1750140182398 0.21586759388446808 2271
1750140183740 0.1792413294315338 2272
1750140185083 0.17713379859924316 2273
1750140186386 0.21237239241600037 2274
1750140187719 0.17696240544319153 2275
1750140189025 0.17104166746139526 2276
1750140190346 0.19859722256660461 2277
1750140191666 0.22913974523544312 2278
1750140192986 0.2026800513267517 2279
1750140194315 0.2430115044116974 2280
1750140195620 0.17068569362163544 2281
1750140196936 0.19990545511245728 2282
1750140198240 0.194148987531662 2283
1750140199538 0.16626903414726257 2284
1750140200882 0.1848646104335785 2285
1750140202185 0.1582290530204773 2286
1750140203499 0.19408224523067474 2287
1750140204798 0.19854095578193665 2288
1750140206111 0.19241352379322052 2289
1750140207407 0.3583286702632904 2290
1750140208803 0.1808636486530304 2291
1750140210138 0.15285290777683258 2292
1750140211457 0.13706329464912415 2293
1750140212796 0.18490155041217804 2294
1750140214034 0.3293718993663788 2295
1750140215376 0.17509180307388306 2296
1750140216701 0.19887368381023407 2297
1750140218020 0.18067964911460876 2298
1750140219333 0.19841304421424866 2299
1750140220656 0.17595067620277405 2300
1750140221966 0.23059770464897156 2301
1750140223266 0.16701075434684753 2302
1750140224603 0.13998116552829742 2303
1750140225925 0.17544206976890564 2304
1750140227168 0.3368455767631531 2305
1750140228473 0.20417717099189758 2306
1750140229705 0.2835142910480499 2307
1750140231013 0.20709717273712158 2308
1750140232252 0.34925276041030884 2309
1750140233552 0.1985631287097931 2310
1750140234955 0.18157631158828735 2311
1750140236331 0.16536960005760193 2312
1750140237630 0.17863082885742188 2313
1750140238937 0.1918163299560547 2314
1750140240244 0.17262215912342072 2315
1750140241822 0.16930943727493286 2316
1750140243055 0.26080435514450073 2317
1750140244348 0.16949942708015442 2318
1750140245663 0.20413902401924133 2319
1750140247016 0.16687069833278656 2320
1750140248351 0.1796817183494568 2321
1750140249657 0.17054474353790283 2322
1750140250968 0.22667363286018372 2323
1750140252284 0.1974593698978424 2324
1750140253606 0.1869528740644455 2325
1750140254908 0.19447602331638336 2326
1750140256218 0.20082995295524597 2327
1750140257519 0.1888238787651062 2328
1750140258866 0.1388476938009262 2329
1750140260102 0.25238555669784546 2330
1750140261448 0.17809073626995087 2331
1750140262765 0.18386021256446838 2332
1750140264015 0.3494946360588074 2333
1750140265315 0.1845359057188034 2334
1750140266708 0.20477482676506042 2335
1750140268013 0.19382831454277039 2336
1750140269325 0.19751518964767456 2337
1750140270693 0.1572788506746292 2338
1750140271998 0.16751396656036377 2339
1750140273348 0.19363367557525635 2340
1750140274676 0.21626126766204834 2341
1750140275920 0.2663111984729767 2342
1750140277231 0.17993618547916412 2343
1750140278559 0.19458165764808655 2344
1750140279899 0.1680566966533661 2345
1750140281206 0.1685088872909546 2346
1750140282524 0.17670193314552307 2347
1750140283836 0.14054927229881287 2348
1750140285126 0.3480656147003174 2349
1750140286441 0.1583571434020996 2350
1750140287681 0.3090130686759949 2351
1750140289050 0.21263596415519714 2352
1750140290284 0.2947864532470703 2353
1750140291604 0.20774614810943604 2354
1750140292910 0.19156712293624878 2355
1750140294215 0.18293386697769165 2356
1750140295562 0.18945273756980896 2357
1750140296880 0.18807412683963776 2358
1750140298192 0.1782507598400116 2359
1750140299493 0.19792163372039795 2360
1750140300828 0.1611184924840927 2361
1750140302140 0.1491648554801941 2362
1750140303446 0.18531525135040283 2363
1750140304682 0.30705514550209045 2364
1750140306016 0.18699146807193756 2365
1750140307320 0.23246963322162628 2366
1750140308735 0.19728374481201172 2367
1750140310098 0.22527214884757996 2368
1750140311484 0.19056127965450287 2369
1750140312775 0.19481214880943298 2370
1750140314102 0.18470779061317444 2371
1750140315454 0.17433243989944458 2372
1750140316803 0.1737796813249588 2373
1750140318112 0.145582914352417 2374
1750140319463 0.17049384117126465 2375
1750140320796 0.17743335664272308 2376
1750140322134 0.20281922817230225 2377
1750140323468 0.16139031946659088 2378
1750140324723 0.33518660068511963 2379
1750140325966 0.4009197950363159 2380
1750140327285 0.21859213709831238 2381
1750140328602 0.16242855787277222 2382
1750140329917 0.18805190920829773 2383
1750140331264 0.18594199419021606 2384
1750140332503 0.31652551889419556 2385
1750140333820 0.16980208456516266 2386
1750140335147 0.19951654970645905 2387
1750140336492 0.18590739369392395 2388
1750140337868 0.19891074299812317 2389
1750140339174 0.18431079387664795 2390
1750140340574 0.179066002368927 2391
1750140341905 0.1845216304063797 2392
1750140343265 0.16711120307445526 2393
1750140344567 0.19214406609535217 2394
1750140345873 0.2103419303894043 2395
1750140347203 0.17542332410812378 2396
1750140348559 0.2056938260793686 2397
1750140349880 0.17982646822929382 2398
1750140351230 0.19022104144096375 2399
1750140352547 0.16723403334617615 2400
1750140353857 0.16549274325370789 2401
1750140355155 0.17811964452266693 2402
1750140356503 0.20673653483390808 2403
1750140357809 0.17641021311283112 2404
1750140359162 0.19008907675743103 2405
1750140360466 0.21594348549842834 2406
1750140361788 0.19665348529815674 2407
1750140363052 0.2504562735557556 2408
1750140364361 0.18381378054618835 2409
1750140365669 0.208225816488266 2410
1750140367017 0.19761084020137787 2411
1750140368589 0.20403121411800385 2412
1750140369897 0.18095815181732178 2413
1750140371224 0.22113488614559174 2414
1750140372460 0.260148286819458 2415
1750140373837 0.1668395847082138 2416
1750140375190 0.19781100749969482 2417
1750140376460 0.3947150707244873 2418
1750140377772 0.23554351925849915 2419
1750140379094 0.1280503123998642 2420
1750140380465 0.2167743295431137 2421
1750140381768 0.18000173568725586 2422
1750140383087 0.1344648152589798 2423
1750140384394 0.16343258321285248 2424
1750140385716 0.16422654688358307 2425
1750140387028 0.1770208775997162 2426
1750140388342 0.17710766196250916 2427
1750140389665 0.1545235961675644 2428
1750140390889 0.21001815795898438 2429
1750140392200 0.2065054476261139 2430
1750140393536 0.2224980890750885 2431
1750140394905 0.21331734955310822 2432
1750140396216 0.13677388429641724 2433
1750140397518 0.1437140703201294 2434
1750140398825 0.16365188360214233 2435
1750140400144 0.1837565004825592 2436
1750140401454 0.18110424280166626 2437
1750140402764 0.17447352409362793 2438
1750140404093 0.21201777458190918 2439
1750140405414 0.18095101416110992 2440
1750140406720 0.2017199546098709 2441
1750140408058 0.17527863383293152 2442
1750140409443 0.16535094380378723 2443
1750140410852 0.16261935234069824 2444
1750140412173 0.19594554603099823 2445
1750140413468 0.19700297713279724 2446
1750140414819 0.1805357038974762 2447
1750140416132 0.17473259568214417 2448
1750140417509 0.16314752399921417 2449
1750140418833 0.1855485737323761 2450
1750140420147 0.17676594853401184 2451
1750140421463 0.19420255720615387 2452
1750140422775 0.19861949980258942 2453
1750140424076 0.1864607334136963 2454
1750140425392 0.19534708559513092 2455
1750140426765 0.2101428508758545 2456
1750140428075 0.19625864923000336 2457
1750140429369 0.17193566262722015 2458
1750140430686 0.19536960124969482 2459
1750140432059 0.1776573657989502 2460
1750140433377 0.1675543487071991 2461
1750140434685 0.1823282390832901 2462
1750140435986 0.18259693682193756 2463
1750140437334 0.198317289352417 2464
1750140438713 0.1847049593925476 2465
1750140439930 0.3334420621395111 2466
1750140441236 0.20344166457653046 2467
1750140442551 0.1679956614971161 2468
1750140443790 0.3650653064250946 2469
1750140445091 0.18379366397857666 2470
1750140446379 0.17116394639015198 2471
1750140447690 0.1994878351688385 2472
1750140449027 0.17350371181964874 2473
1750140450328 0.1588728278875351 2474
1750140451643 0.2058398723602295 2475
1750140452952 0.17978738248348236 2476
1750140454276 0.21059131622314453 2477
1750140455591 0.1760144680738449 2478
1750140456899 0.18218858540058136 2479
1750140458225 0.18778268992900848 2480
1750140459523 0.1732894331216812 2481
1750140460835 0.18638776242733002 2482
1750140462148 0.18996822834014893 2483
1750140463455 0.19223979115486145 2484
1750140464767 0.19342085719108582 2485
1750140466069 0.19287875294685364 2486
1750140467376 0.17841067910194397 2487
1750140468726 0.20334702730178833 2488
1750140470062 0.1841089278459549 2489
1750140471359 0.1557432860136032 2490
1750140472677 0.1792454719543457 2491
1750140473993 0.15736790001392365 2492
1750140475295 0.15605944395065308 2493
1750140476666 0.19112396240234375 2494
1750140477982 0.17835170030593872 2495
1750140479294 0.17436987161636353 2496
1750140480611 0.17536796629428864 2497
1750140481911 0.18635031580924988 2498
1750140483221 0.18053503334522247 2499
1750140484526 0.20161165297031403 2500
1750140486056 0.17036789655685425 2501
1750140487392 0.1870512217283249 2502
1750140488692 0.1999252289533615 2503
1750140489996 0.16822056472301483 2504
1750140491307 0.19097982347011566 2505
1750140492621 0.1878824383020401 2506
1750140493926 0.19089347124099731 2507
1750140495249 0.1826174557209015 2508
1750140496581 0.17493361234664917 2509
1750140497939 0.23259243369102478 2510
1750140499266 0.17506825923919678 2511
1750140500666 0.18997740745544434 2512
1750140501984 0.1842530071735382 2513
1750140503332 0.1792946755886078 2514
1750140504647 0.18626323342323303 2515
1750140505950 0.19133514165878296 2516
1750140507261 0.21388503909111023 2517
1750140508592 0.1841871589422226 2518
1750140509958 0.16149666905403137 2519
1750140511260 0.14618879556655884 2520
1750140512505 0.35532277822494507 2521
1750140513805 0.15402480959892273 2522
1750140515107 0.21956227719783783 2523
1750140516421 0.18064333498477936 2524
1750140517775 0.21817034482955933 2525
1750140519130 0.17417514324188232 2526
1750140520481 0.19185613095760345 2527
1750140521796 0.16981959342956543 2528
1750140523113 0.1693088412284851 2529
1750140524435 0.18379339575767517 2530
1750140525766 0.14741478860378265 2531
1750140527130 0.1994640976190567 2532
1750140528429 0.1974325031042099 2533
1750140529728 0.1601364016532898 2534
1750140531040 0.171735480427742 2535
1750140532351 0.1988343894481659 2536
1750140533735 0.19920910894870758 2537
1750140535046 0.18339848518371582 2538
1750140536361 0.17454588413238525 2539
1750140537677 0.1796560287475586 2540
1750140538905 0.2754136323928833 2541
1750140540229 0.1737915277481079 2542
1750140541609 0.20701344311237335 2543
1750140542915 0.18247364461421967 2544
1750140544205 0.3746400773525238 2545
1750140545507 0.23444312810897827 2546
1750140546852 0.18393604457378387 2547
1750140548170 0.17328596115112305 2548
1750140549518 0.20100849866867065 2549
1750140550829 0.1921328902244568 2550
1750140552142 0.19135580956935883 2551
1750140553460 0.22665157914161682 2552
1750140554762 0.178085595369339 2553
1750140556070 0.2059367299079895 2554
1750140557380 0.1623627245426178 2555
1750140558689 0.1840209662914276 2556
1750140560005 0.16018810868263245 2557
1750140561309 0.18113437294960022 2558
1750140562631 0.16080042719841003 2559
1750140563940 0.16793549060821533 2560
1750140565343 0.1767006516456604 2561
1750140566652 0.16501270234584808 2562
1750140567962 0.2056140899658203 2563
1750140569285 0.18281880021095276 2564
1750140570598 0.17868974804878235 2565
1750140571893 0.1854579746723175 2566
1750140573206 0.24734538793563843 2567
1750140574509 0.1868918091058731 2568
1750140575825 0.18358749151229858 2569
1750140577127 0.17917168140411377 2570
1750140578456 0.21171244978904724 2571
1750140579798 0.17092835903167725 2572
1750140581138 0.19911402463912964 2573
1750140582471 0.2084028720855713 2574
1750140583798 0.1971769630908966 2575
1750140585126 0.1705920398235321 2576
1750140586461 0.18580013513565063 2577
1750140587772 0.20855452120304108 2578
1750140589149 0.19318953156471252 2579
1750140590674 0.17284271121025085 2580
1750140592004 0.2090417593717575 2581
1750140593322 0.17605440318584442 2582
1750140594687 0.18881362676620483 2583
1750140596005 0.310955673456192 2584
1750140597334 0.18387821316719055 2585
1750140598629 0.19309410452842712 2586
1750140600036 0.19085346162319183 2587
1750140601344 0.19025462865829468 2588
1750140602675 0.17792436480522156 2589
1750140603991 0.19081902503967285 2590
1750140605305 0.19948723912239075 2591
1750140606658 0.1921842247247696 2592
1750140607975 0.16226235032081604 2593
1750140609285 0.15104623138904572 2594
1750140610545 0.33334359526634216 2595
1750140611844 0.17113235592842102 2596
1750140613162 0.20030927658081055 2597
1750140614504 0.19102272391319275 2598
1750140615818 0.20467253029346466 2599
1750140617125 0.19386187195777893 2600
1750140618431 0.187887042760849 2601
1750140619741 0.17866811156272888 2602
1750140621061 0.1853521466255188 2603
1750140622369 0.19731004536151886 2604
1750140623710 0.1651100516319275 2605
1750140625057 0.22325101494789124 2606
1750140626362 0.17371314764022827 2607
1750140627687 0.18649035692214966 2608
1750140629047 0.16606473922729492 2609
1750140630361 0.15070787072181702 2610
1750140631669 0.1545892208814621 2611
1750140632985 0.15873533487319946 2612
1750140634359 0.15724676847457886 2613
1750140635594 0.25968432426452637 2614
1750140636947 0.2072751224040985 2615
1750140638267 0.17821528017520905 2616
1750140639595 0.15894249081611633 2617
1750140640928 0.188414067029953 2618
1750140642244 0.17639422416687012 2619
1750140643508 0.27872881293296814 2620
1750140644774 0.3642531633377075 2621
1750140646140 0.18919892609119415 2622
1750140647452 0.16805996000766754 2623
1750140648772 0.16979466378688812 2624
1750140650037 0.3054685592651367 2625
1750140651296 0.24254116415977478 2626
1750140652607 0.17808076739311218 2627
1750140653972 0.19546879827976227 2628
1750140655331 0.1738416999578476 2629
1750140656661 0.17852351069450378 2630
1750140657975 0.15194180607795715 2631
1750140659256 0.3199349641799927 2632
1750140660586 0.1406235694885254 2633
1750140661884 0.17895987629890442 2634
1750140663194 0.16611947119235992 2635
1750140664511 0.17517638206481934 2636
1750140665820 0.1964263916015625 2637
1750140667142 0.15112777054309845 2638
1750140668449 0.1970202922821045 2639
1750140669776 0.2039918303489685 2640
1750140671130 0.1947905719280243 2641
1750140672434 0.1629064977169037 2642
1750140673749 0.145878404378891 2643
1750140675085 0.204306960105896 2644
1750140676392 0.20428045094013214 2645
1750140677707 0.16492599248886108 2646
1750140679059 0.2055082619190216 2647
1750140680395 0.20141293108463287 2648
1750140681708 0.14188122749328613 2649
1750140683012 0.16618169844150543 2650
1750140684417 0.18000802397727966 2651
1750140685731 0.16792693734169006 2652
1750140687040 0.19545818865299225 2653
1750140688348 0.17369461059570312 2654
1750140689655 0.1638648957014084 2655
1750140690973 0.2126043140888214 2656
1750140692283 0.16698528826236725 2657
1750140693591 0.1719619184732437 2658
1750140694910 0.1437436044216156 2659
1750140696445 0.2056296318769455 2660
1750140697781 0.2357228696346283 2661
1750140699099 0.18801681697368622 2662
1750140700397 0.1892370581626892 2663
1750140701708 0.19013583660125732 2664
1750140703016 0.17482686042785645 2665
1750140704332 0.18898379802703857 2666
1750140705699 0.177497997879982 2667
1750140707019 0.16423334181308746 2668
1750140708358 0.18621046841144562 2669
1750140709597 0.3644092381000519 2670
1750140710827 0.33856233954429626 2671
1750140712143 0.19225351512432098 2672
1750140713457 0.2157614827156067 2673
1750140714764 0.1921347826719284 2674
1750140716055 0.20657789707183838 2675
1750140717452 0.17198771238327026 2676
1750140718786 0.17258882522583008 2677
1750140720096 0.16904625296592712 2678
1750140721457 0.18315769731998444 2679
1750140722787 0.20163178443908691 2680
1750140724104 0.17691558599472046 2681
1750140725405 0.1828557699918747 2682
1750140726764 0.16129463911056519 2683
1750140728131 0.1789453625679016 2684
1750140729513 0.16862963140010834 2685
1750140730901 0.18262284994125366 2686
1750140732241 0.16902726888656616 2687
1750140733560 0.19194486737251282 2688
1750140734913 0.18453004956245422 2689
1750140736209 0.1744765341281891 2690
1750140737479 0.309313029050827 2691
1750140738800 0.15136103332042694 2692
1750140740153 0.2157934010028839 2693
1750140741458 0.1575486660003662 2694
1750140742781 0.14767594635486603 2695
1750140744136 0.19063764810562134 2696
1750140745506 0.17309650778770447 2697
1750140746831 0.1812523454427719 2698
1750140748167 0.1856250762939453 2699
1750140749497 0.19181713461875916 2700
1750140750809 0.1920691430568695 2701
1750140752130 0.1722840964794159 2702
1750140753481 0.18174366652965546 2703
1750140754847 0.20059743523597717 2704
1750140756157 0.16243842244148254 2705
1750140757422 0.23656243085861206 2706
1750140758739 0.18870770931243896 2707
1750140760043 0.18072287738323212 2708
1750140761358 0.17166027426719666 2709
1750140762707 0.18504077196121216 2710
1750140763936 0.3252592086791992 2711
