1750942997328 0.5521130561828613 1
1750943129213 0.4046390652656555 2
1750943130600 0.4571431279182434 3
1750943131906 0.5148789882659912 4
1750943133222 0.39198538661003113 5
1750943134572 0.36716988682746887 6
1750943135896 0.6012002229690552 7
1750943137252 0.37628164887428284 8
1750943138562 0.35469305515289307 9
1750943139923 0.4215686619281769 10
1750943141258 0.382601797580719 11
1750943142578 0.3005525469779968 12
1750943143994 0.3165038228034973 13
1750943145322 0.31957775354385376 14
1750943146574 0.32510972023010254 15
1750943147894 0.3977794647216797 16
1750943149216 0.4072064757347107 17
1750943150528 0.4569045603275299 18
1750943151872 0.37753212451934814 19
1750943153186 0.3050401210784912 20
1750943154500 0.32862573862075806 21
1750943155821 0.34927767515182495 22
1750943157140 0.3735868036746979 23
1750943158519 0.492724746465683 24
1750943159850 0.41308778524398804 25
1750943161158 0.3175407648086548 26
1750943162404 0.366311252117157 27
1750943163741 0.37273502349853516 28
1750943165080 0.46806812286376953 29
1750943166411 0.4136708676815033 30
1750943167759 0.28736668825149536 31
1750943169091 0.43500185012817383 32
1750943170444 0.35967785120010376 33
1750943171756 0.33068209886550903 34
1750943173124 0.32926979660987854 35
1750943174439 0.3824836015701294 36
1750943175751 0.3019018769264221 37
1750943177041 0.43957629799842834 38
1750943178366 0.4291583001613617 39
1750943179718 0.46196454763412476 40
1750943181027 0.29184120893478394 41
1750943182348 0.44623711705207825 42
1750943183675 0.3480115830898285 43
1750943184922 0.4504019618034363 44
1750943186372 0.2575438320636749 45
1750943187696 0.37790000438690186 46
1750943188963 0.30378127098083496 47
1750943190284 0.27630239725112915 48
1750943191632 0.3935532569885254 49
1750943192948 0.32902371883392334 50
1750943194257 0.426571249961853 51
1750943195600 0.3015593886375427 52
1750943196987 0.2689342200756073 53
1750943198307 0.3945038914680481 54
1750943199759 0.3299638330936432 55
1750943201086 0.3320612907409668 56
1750943202425 0.3322221636772156 57
1750943203772 0.42781969904899597 58
1750943205091 0.37268728017807007 59
1750943206415 0.33970576524734497 60
1750943207731 0.4178629219532013 61
1750943209042 0.33417269587516785 62
1750943210432 0.28991419076919556 63
1750943211775 0.36282050609588623 64
1750943213148 0.3450760543346405 65
1750943214473 0.29531168937683105 66
1750943215850 0.40601682662963867 67
1750943217188 0.32597166299819946 68
1750943218529 0.3830302655696869 69
1750943219833 0.36322709918022156 70
1750943221143 0.3998848497867584 71
1750943222508 0.29241591691970825 72
1750943223824 0.31786108016967773 73
1750943225147 0.30154311656951904 74
1750943226519 0.2788870930671692 75
1750943227833 0.37435340881347656 76
1750943229270 0.28225356340408325 77
1750943230580 0.30768901109695435 78
1750943231835 0.37463974952697754 79
1750943233147 0.24648460745811462 80
1750943234470 0.399111807346344 81
1750943235797 0.3533027768135071 82
1750943237187 0.23944354057312012 83
1750943238502 0.2974396347999573 84
1750943239848 0.3766419291496277 85
1750943241197 0.33750689029693604 86
1750943242504 0.23391734063625336 87
1750943243822 0.37723952531814575 88
1750943245225 0.26872551441192627 89
1750943246499 0.2578141987323761 90
1750943247814 0.316295325756073 91
1750943249119 0.24273300170898438 92
1750943250460 0.37435856461524963 93
1750943251776 0.31926411390304565 94
1750943253146 0.25749385356903076 95
1750943254429 0.37755143642425537 96
1750943255754 0.2958953380584717 97
1750943257117 0.28455162048339844 98
1750943258467 0.3810015320777893 99
1750943259824 0.36892932653427124 100
1750943261150 0.27337104082107544 101
1750943262466 0.3221525251865387 102
1750943263802 0.3175555467605591 103
1750943265154 0.3549521565437317 104
1750943266468 0.3510065972805023 105
1750943267783 0.262504518032074 106
1750943269109 0.2966904938220978 107
1750943270471 0.27947840094566345 108
1750943271772 0.3939904570579529 109
1750943273115 0.3450010418891907 110
1750943274429 0.34647244215011597 111
1750943275792 0.2724441587924957 112
1750943277118 0.29812830686569214 113
1750943278440 0.3894623816013336 114
1750943279779 0.2709108591079712 115
1750943281105 0.329837441444397 116
1750943282461 0.2729567885398865 117
1750943283780 0.31618988513946533 118
1750943285030 0.39651793241500854 119
1750943286351 0.2702201008796692 120
1750943287781 0.28629255294799805 121
1750943289106 0.2957286536693573 122
1750943290417 0.3499484062194824 123
1750943291780 0.3710489273071289 124
1750943293117 0.45196133852005005 125
1750943294351 0.3555641770362854 126
1750943295668 0.340022474527359 127
1750943297051 0.29824092984199524 128
1750943298410 0.28558921813964844 129
1750943299753 0.2953733801841736 130
1750943301089 0.3194579482078552 131
1750943302442 0.3701818585395813 132
1750943303832 0.28943145275115967 133
1750943305172 0.3376374840736389 134
1750943306514 0.23288407921791077 135
1750943307847 0.35552120208740234 136
1750943309171 0.2451857179403305 137
1750943310518 0.3481113910675049 138
1750943311767 0.37153953313827515 139
1750943313175 0.3730561435222626 140
1750943314498 0.35052216053009033 141
1750943315808 0.2897868752479553 142
1750943317141 0.3336552679538727 143
1750943318498 0.41699033975601196 144
1750943319807 0.3022906184196472 145
1750943321132 0.2637527585029602 146
1750943322453 0.2631845772266388 147
1750943323760 0.23962485790252686 148
1750943325083 0.29817691445350647 149
1750943326432 0.32265543937683105 150
1750943327682 0.3946045935153961 151
1750943328985 0.3883199095726013 152
1750943330397 0.3066784143447876 153
1750943331796 0.298774778842926 154
1750943333031 0.34092217683792114 155
1750943334343 0.3114490509033203 156
1750943335726 0.29473692178726196 157
1750943337098 0.34660854935646057 158
1750943338421 0.37872549891471863 159
1750943339728 0.3360304534435272 160
1750943341040 0.3111638128757477 161
1750943342359 0.3478844463825226 162
1750943343699 0.31216323375701904 163
1750943345038 0.3347161114215851 164
1750943346360 0.293479323387146 165
1750943347731 0.3533705770969391 166
1750943349036 0.35447126626968384 167
1750943350379 0.2642565667629242 168
1750943351690 0.2881879210472107 169
1750943353000 0.2523317337036133 170
1750943354356 0.3388627767562866 171
1750943355751 0.38328465819358826 172
1750943357060 0.3909871578216553 173
1750943358472 0.24124675989151 174
1750943359791 0.33020368218421936 175
1750943361102 0.32493913173675537 176
1750943362411 0.3592773377895355 177
1750943363714 0.35164397954940796 178
1750943365095 0.30585387349128723 179
1750943366387 0.3829885721206665 180
1750943367697 0.2867809534072876 181
1750943368970 0.4031113386154175 182
1750943370271 0.381228506565094 183
1750943371590 0.3065473437309265 184
1750943372914 0.3842048645019531 185
1750943374227 0.291659414768219 186
1750943375553 0.3936834931373596 187
1750943376859 0.4222683012485504 188
1750943378180 0.2641584575176239 189
1750943379504 0.2713281214237213 190
1750943380814 0.3020596504211426 191
1750943382119 0.2563992142677307 192
1750943383428 0.3480907678604126 193
1750943384780 0.27280932664871216 194
1750943386089 0.2809346914291382 195
1750943387404 0.3365275263786316 196
1750943388745 0.3025381863117218 197
1750943390112 0.35723769664764404 198
1750943391445 0.2974695563316345 199
1750943392802 0.35654380917549133 200
1750943394114 0.3504863381385803 201
1750943395451 0.4067137539386749 202
1750943396772 0.24691784381866455 203
1750943398099 0.32577693462371826 204
1750943399414 0.30915093421936035 205
1750943400778 0.26210951805114746 206
1750943402074 0.3204682767391205 207
1750943403383 0.3055054247379303 208
1750943404718 0.362182080745697 209
1750943406098 0.29288309812545776 210
1750943407340 0.4319358766078949 211
1750943408640 0.2795565128326416 212
1750943409974 0.30092859268188477 213
1750943411308 0.21260425448417664 214
1750943412690 0.30999767780303955 215
1750943414032 0.30812782049179077 216
1750943415376 0.27719101309776306 217
1750943416798 0.2406717836856842 218
1750943418107 0.23158396780490875 219
1750943419440 0.2931712865829468 220
1750943420754 0.2468172013759613 221
1750943422104 0.3435208201408386 222
1750943423416 0.343767374753952 223
1750943424769 0.4098557233810425 224
1750943426089 0.3299160599708557 225
1750943427408 0.2586454153060913 226
1750943428726 0.3261454701423645 227
1750943430092 0.30997398495674133 228
1750943431417 0.2596907615661621 229
1750943432754 0.24735477566719055 230
1750943434106 0.28953075408935547 231
1750943435505 0.30349111557006836 232
1750943436807 0.2914277911186218 233
1750943438118 0.27391332387924194 234
1750943439441 0.34919506311416626 235
1750943440871 0.3131451904773712 236
1750943442181 0.339508593082428 237
1750943443549 0.36392509937286377 238
1750943444884 0.3511924147605896 239
1750943446513 0.326986700296402 240
1750943447815 0.3013608455657959 241
1750943449167 0.307823121547699 242
1750943450512 0.269880086183548 243
1750943451867 0.3040176033973694 244
1750943453254 0.3105889558792114 245
1750943454578 0.2635995149612427 246
1750943455893 0.31014424562454224 247
1750943457198 0.28746429085731506 248
1750943458438 0.3851926028728485 249
1750943459814 0.2860594093799591 250
1750943461120 0.3180878758430481 251
1750943462474 0.2893766164779663 252
1750943463840 0.38611146807670593 253
1750943465155 0.296354740858078 254
1750943466584 0.32701122760772705 255
1750943467956 0.33868539333343506 256
1750943469324 0.3210764527320862 257
1750943470582 0.2778865694999695 258
1750943471906 0.3454859256744385 259
1750943473223 0.34829050302505493 260
1750943474602 0.28241634368896484 261
1750943475915 0.35644811391830444 262
1750943477339 0.34808820486068726 263
1750943478738 0.25794583559036255 264
1750943480031 0.276964396238327 265
1750943481455 0.26860055327415466 266
1750943482777 0.2515917718410492 267
1750943484081 0.28229016065597534 268
1750943485383 0.35169321298599243 269
1750943486769 0.2870575487613678 270
1750943488091 0.28171178698539734 271
1750943489403 0.2754806578159332 272
1750943490656 0.376056969165802 273
1750943491966 0.2626419961452484 274
1750943493267 0.2985130846500397 275
1750943494590 0.3635708689689636 276
1750943495925 0.39041292667388916 277
1750943497291 0.3611285090446472 278
1750943498650 0.23941084742546082 279
1750943499959 0.2954152226448059 280
1750943501267 0.31035351753234863 281
1750943502579 0.287145733833313 282
1750943503926 0.36581143736839294 283
1750943505261 0.373848557472229 284
1750943506604 0.2471914142370224 285
1750943507919 0.3414485454559326 286
1750943509316 0.2538231611251831 287
1750943510628 0.31647199392318726 288
1750943511959 0.2764993906021118 289
1750943513305 0.25835904479026794 290
1750943514618 0.2337518036365509 291
1750943515939 0.3296486437320709 292
1750943517241 0.25146788358688354 293
1750943518588 0.23730237782001495 294
1750943519899 0.29564064741134644 295
1750943521242 0.24801188707351685 296
1750943522648 0.2107006311416626 297
1750943523971 0.3527657985687256 298
1750943525374 0.2600219249725342 299
1750943526690 0.25923091173171997 300
1750943528034 0.35820239782333374 301
1750943529341 0.29359573125839233 302
1750943530697 0.33815959095954895 303
1750943532097 0.32002684473991394 304
1750943533414 0.2773052752017975 305
1750943534760 0.23574993014335632 306
1750943536087 0.3103475570678711 307
1750943537402 0.25201576948165894 308
1750943538755 0.3416717052459717 309
1750943540067 0.32727235555648804 310
1750943541404 0.28034552931785583 311
1750943542714 0.2459530532360077 312
1750943544131 0.274597704410553 313
1750943545471 0.25032079219818115 314
1750943546795 0.21009208261966705 315
1750943548133 0.3403482437133789 316
1750943549364 0.35680481791496277 317
1750943550595 0.42642873525619507 318
1750943551990 0.3020038306713104 319
1750943553381 0.2894234359264374 320
1750943554683 0.25777214765548706 321
1750943556006 0.33313360810279846 322
1750943557316 0.269166499376297 323
1750943558652 0.24932914972305298 324
1750943560010 0.2794155776500702 325
1750943561319 0.28503692150115967 326
1750943562647 0.251758873462677 327
1750943564031 0.2803311347961426 328
1750943565376 0.3235953450202942 329
1750943566698 0.2852717339992523 330
1750943568056 0.37296703457832336 331
1750943569387 0.2515631914138794 332
1750943570688 0.33809694647789 333
1750943572061 0.3430687189102173 334
1750943573304 0.349559485912323 335
1750943574677 0.361510694026947 336
1750943576030 0.250546395778656 337
1750943577421 0.2712607681751251 338
1750943578641 0.2140691727399826 339
1750943579874 0.4482634961605072 340
1750943581213 0.2889420986175537 341
1750943582516 0.26058781147003174 342
1750943583867 0.309017539024353 343
1750943585159 0.3461054265499115 344
1750943586514 0.2807387709617615 345
1750943587834 0.23813766241073608 346
1750943589147 0.2260480672121048 347
1750943590423 0.42442870140075684 348
1750943591819 0.27299362421035767 349
1750943593160 0.3597463369369507 350
1750943594479 0.3453318476676941 351
1750943595818 0.3929315209388733 352
1750943597122 0.25131312012672424 353
1750943598435 0.2758375108242035 354
1750943599790 0.33875739574432373 355
1750943601112 0.3402891159057617 356
1750943602419 0.2775235176086426 357
1750943603720 0.3229885697364807 358
1750943605030 0.3139684200286865 359
1750943606341 0.32082974910736084 360
1750943607649 0.2949535846710205 361
1750943608948 0.28595346212387085 362
1750943610267 0.3017081022262573 363
1750943611617 0.30311137437820435 364
1750943612929 0.381580114364624 365
1750943614229 0.4433806538581848 366
1750943615565 0.3665107786655426 367
1750943616909 0.30603331327438354 368
1750943618240 0.3277825117111206 369
1750943619551 0.3619472086429596 370
1750943620868 0.2418728470802307 371
1750943622179 0.26390931010246277 372
1750943623517 0.3238515257835388 373
1750943624741 0.3006015121936798 374
1750943626117 0.22740218043327332 375
1750943627454 0.28145885467529297 376
1750943628776 0.3371896743774414 377
1750943630083 0.31375667452812195 378
1750943631366 0.44700199365615845 379
1750943632675 0.29066699743270874 380
1750943633982 0.33726805448532104 381
1750943635298 0.32973986864089966 382
1750943636617 0.3409377634525299 383
1750943637920 0.21013230085372925 384
1750943639224 0.2696496546268463 385
1750943640530 0.25357311964035034 386
1750943641855 0.318506121635437 387
1750943643245 0.3416725993156433 388
1750943644553 0.2985798418521881 389
1750943645902 0.3440603017807007 390
1750943647247 0.300866961479187 391
1750943648583 0.31020641326904297 392
1750943649875 0.2896770238876343 393
1750943651185 0.23313161730766296 394
1750943652532 0.35131949186325073 395
1750943653832 0.33329951763153076 396
1750943655133 0.32690733671188354 397
1750943656455 0.2937489151954651 398
1750943657766 0.2926913797855377 399
1750943659106 0.31380248069763184 400
1750943660367 0.4342281222343445 401
1750943661706 0.3267386555671692 402
1750943663046 0.2631582021713257 403
1750943664353 0.2574821710586548 404
1750943665736 0.23112553358078003 405
1750943666971 0.40229183435440063 406
1750943668298 0.30562180280685425 407
1750943669614 0.33166366815567017 408
1750943671033 0.2622399926185608 409
1750943672347 0.2919565439224243 410
1750943673687 0.3333580791950226 411
1750943675012 0.1442217379808426 412
1750943676360 0.29402559995651245 413
1750943677706 0.25321316719055176 414
1750943679023 0.2628750801086426 415
1750943680426 0.2969813048839569 416
1750943681746 0.30141615867614746 417
1750943683072 0.3563537001609802 418
1750943684476 0.26059815287590027 419
1750943685783 0.3276320695877075 420
1750943687087 0.22391051054000854 421
1750943688417 0.2860552668571472 422
1750943689736 0.24256081879138947 423
1750943691070 0.3061894178390503 424
1750943692384 0.2937123477458954 425
1750943693692 0.25713691115379333 426
1750943695016 0.293785035610199 427
1750943696466 0.30861955881118774 428
1750943697708 0.3610991835594177 429
1750943699035 0.26079022884368896 430
1750943700403 0.2791079878807068 431
1750943701721 0.28203749656677246 432
1750943703043 0.2407941222190857 433
1750943704358 0.26014161109924316 434
1750943705591 0.2773372530937195 435
1750943706928 0.30495715141296387 436
1750943708250 0.27103665471076965 437
1750943709593 0.3825553357601166 438
1750943710928 0.355111688375473 439
1750943712235 0.29000845551490784 440
1750943713535 0.3289644122123718 441
1750943714762 0.41488105058670044 442
1750943716055 0.2875938415527344 443
1750943717370 0.2956843972206116 444
1750943718675 0.3407740592956543 445
1750943720001 0.2824864089488983 446
1750943721403 0.3080376088619232 447
1750943722740 0.2585490345954895 448
1750943724072 0.30776336789131165 449
1750943725399 0.32367604970932007 450
1750943726720 0.2921059727668762 451
1750943728048 0.24153576791286469 452
1750943729358 0.2603961229324341 453
1750943730716 0.26213937997817993 454
1750943732036 0.2945135831832886 455
1750943733345 0.2676748037338257 456
1750943734704 0.2808874249458313 457
1750943736112 0.3553064465522766 458
1750943737440 0.2872971296310425 459
1750943738818 0.2737582325935364 460
1750943740209 0.22841601073741913 461
1750943741575 0.2739945352077484 462
1750943742880 0.31616920232772827 463
1750943744198 0.34324151277542114 464
1750943745494 0.2936100959777832 465
1750943746813 0.23708397150039673 466
1750943748180 0.221807599067688 467
1750943749502 0.29622456431388855 468
1750943750810 0.2710440754890442 469
1750943752109 0.2535802125930786 470
1750943753503 0.2640892267227173 471
1750943754833 0.3216158151626587 472
1750943756147 0.2636956572532654 473
1750943757472 0.3170120120048523 474
1750943758804 0.23206095397472382 475
1750943760114 0.268312931060791 476
1750943761428 0.28929799795150757 477
1750943762779 0.3012031316757202 478
1750943764161 0.2681220471858978 479
1750943765469 0.2712576389312744 480
1750943766706 0.32073450088500977 481
1750943768033 0.27133965492248535 482
1750943769351 0.23466818034648895 483
1750943770621 0.354678750038147 484
1750943771922 0.27780798077583313 485
1750943773236 0.2474750280380249 486
1750943774584 0.290149986743927 487
1750943775958 0.26217830181121826 488
1750943777297 0.28191137313842773 489
1750943778647 0.26953694224357605 490
1750943779911 0.25704869627952576 491
1750943781341 0.3113285303115845 492
1750943782726 0.31069105863571167 493
1750943784059 0.22583545744419098 494
1750943785379 0.30366548895835876 495
1750943786774 0.2756470739841461 496
1750943788127 0.34030014276504517 497
1750943789451 0.2839881181716919 498
1750943790816 0.293758362531662 499
1750943792130 0.25634241104125977 500
1750943793452 0.26005929708480835 501
1750943794759 0.29012739658355713 502
1750943796145 0.2804550528526306 503
1750943797505 0.29899802803993225 504
1750943798737 0.24618129432201385 505
1750943800103 0.24281880259513855 506
1750943801452 0.30167895555496216 507
1750943802798 0.30492472648620605 508
1750943804106 0.2915450930595398 509
1750943805435 0.27593958377838135 510
1750943806860 0.28683847188949585 511
1750943808204 0.25383347272872925 512
1750943809583 0.2824951708316803 513
1750943810838 0.31020209193229675 514
1750943812197 0.22351036965847015 515
1750943813525 0.3079451322555542 516
1750943814836 0.23049518465995789 517
1750943816147 0.258736789226532 518
1750943817475 0.25159168243408203 519
1750943818859 0.28093811869621277 520
1750943820178 0.2768620252609253 521
1750943821549 0.26143065094947815 522
1750943822873 0.2726544737815857 523
1750943824192 0.27815353870391846 524
1750943825512 0.2732866108417511 525
1750943826860 0.24188931286334991 526
1750943828171 0.29204773902893066 527
1750943829479 0.3085405230522156 528
1750943830724 0.3042614161968231 529
1750943832021 0.24920888245105743 530
1750943833349 0.24575552344322205 531
1750943834691 0.28610777854919434 532
1750943836010 0.3157940208911896 533
1750943837246 0.40021419525146484 534
1750943838564 0.3044499158859253 535
1750943839886 0.26073017716407776 536
1750943841327 0.2674770951271057 537
1750943842651 0.2817869186401367 538
1750943844003 0.2652209401130676 539
1750943845305 0.21645911037921906 540
1750943846620 0.23858748376369476 541
1750943847922 0.2790430784225464 542
1750943849239 0.2822366952896118 543
1750943850557 0.24004685878753662 544
1750943851867 0.26251912117004395 545
1750943853189 0.2752572298049927 546
1750943854564 0.31554168462753296 547
1750943855898 0.25572362542152405 548
1750943857288 0.2897547483444214 549
1750943858612 0.25079137086868286 550
1750943859980 0.2419343888759613 551
1750943861316 0.2645527720451355 552
1750943862649 0.28098589181900024 553
1750943864046 0.28352025151252747 554
1750943865400 0.21775966882705688 555
1750943866652 0.3971545100212097 556
1750943867966 0.2721412181854248 557
1750943869274 0.2665236294269562 558
1750943870584 0.24577727913856506 559
1750943871930 0.26553550362586975 560
1750943873239 0.2484220266342163 561
1750943874540 0.3031556308269501 562
1750943875881 0.27080515027046204 563
1750943877211 0.32860511541366577 564
1750943878533 0.19640743732452393 565
1750943879881 0.2771158814430237 566
1750943881206 0.31565749645233154 567
1750943882460 0.4772602319717407 568
1750943883776 0.25594276189804077 569
1750943885089 0.2605993151664734 570
1750943886415 0.2971193194389343 571
1750943887745 0.2790568768978119 572
1750943889050 0.26530754566192627 573
1750943890377 0.2573050558567047 574
1750943891720 0.2130160927772522 575
1750943893278 0.2456158697605133 576
1750943894594 0.2144022434949875 577
1750943895910 0.26804089546203613 578
1750943897309 0.239207461476326 579
1750943898653 0.30514729022979736 580
1750943899970 0.24556750059127808 581
1750943901278 0.24740274250507355 582
1750943902597 0.21242982149124146 583
1750943903862 0.2558075785636902 584
1750943905243 0.2674403190612793 585
1750943906494 0.30842798948287964 586
1750943907736 0.35696884989738464 587
1750943908978 0.2962895631790161 588
1750943910290 0.2849038243293762 589
1750943911675 0.2746376693248749 590
1750943913011 0.2709736227989197 591
1750943914341 0.2562987506389618 592
1750943915586 0.2865237593650818 593
1750943916936 0.23976078629493713 594
1750943918254 0.2646213471889496 595
1750943919583 0.22197885811328888 596
1750943920888 0.263479083776474 597
1750943922208 0.22941510379314423 598
1750943923524 0.30869513750076294 599
1750943924904 0.2931177616119385 600
1750943926139 0.3185390830039978 601
1750943927442 0.20523375272750854 602
1750943928719 0.27324748039245605 603
1750943930034 0.30923837423324585 604
1750943931345 0.2508399784564972 605
1750943932666 0.2496451586484909 606
1750943934042 0.2602941691875458 607
1750943935392 0.3179159164428711 608
1750943936710 0.252675861120224 609
1750943937953 0.4172665774822235 610
1750943939379 0.27536070346832275 611
1750943940767 0.280761182308197 612
1750943942089 0.23440346121788025 613
1750943943400 0.2891557216644287 614
1750943944720 0.24548378586769104 615
1750943946034 0.28633803129196167 616
1750943947270 0.2480987012386322 617
1750943948632 0.2849690318107605 618
1750943949879 0.24228176474571228 619
1750943951188 0.30266502499580383 620
1750943952518 0.25278016924858093 621
1750943953828 0.24009734392166138 622
1750943955189 0.24706025421619415 623
1750943956513 0.2672617435455322 624
1750943957834 0.25472909212112427 625
1750943959163 0.2647862434387207 626
1750943960515 0.31721386313438416 627
1750943961854 0.26759809255599976 628
1750943963167 0.21895277500152588 629
1750943964482 0.26099124550819397 630
1750943965852 0.2246939241886139 631
1750943967167 0.2933083176612854 632
1750943968408 0.36285412311553955 633
1750943969724 0.29947251081466675 634
1750943971115 0.28016626834869385 635
1750943972441 0.2797900438308716 636
1750943973794 0.27572011947631836 637
1750943975109 0.28311631083488464 638
1750943976419 0.27145442366600037 639
1750943977860 0.24745750427246094 640
1750943979158 0.2704310119152069 641
1750943980535 0.24183401465415955 642
1750943981911 0.2600671648979187 643
1750943983228 0.2412710338830948 644
1750943984531 0.2597503662109375 645
1750943985912 0.25344011187553406 646
1750943987269 0.32439833879470825 647
1750943988641 0.22589083015918732 648
1750943989987 0.2921219766139984 649
1750943991296 0.22869673371315002 650
1750943992723 0.2901811897754669 651
1750943994105 0.26536211371421814 652
1750943995425 0.2804983854293823 653
1750943996736 0.26657038927078247 654
1750943998031 0.22349750995635986 655
1750943999343 0.22220881283283234 656
1750944000669 0.28394564986228943 657
1750944002030 0.23259106278419495 658
1750944003363 0.22238722443580627 659
1750944004654 0.28137731552124023 660
1750944005966 0.3039422035217285 661
1750944007291 0.26525622606277466 662
1750944008638 0.25905197858810425 663
1750944010005 0.27157720923423767 664
1750944011325 0.2379620373249054 665
1750944012701 0.2649484872817993 666
1750944014105 0.2776124179363251 667
1750944015498 0.23945972323417664 668
1750944016839 0.2749682068824768 669
1750944018161 0.2369217574596405 670
1750944019537 0.22934401035308838 671
1750944020886 0.3018166124820709 672
1750944022163 0.3537449836730957 673
1750944023466 0.24107664823532104 674
1750944024766 0.26228761672973633 675
1750944026075 0.2450655698776245 676
1750944027393 0.2821587920188904 677
1750944028693 0.23684126138687134 678
1750944029938 0.2732592523097992 679
1750944031265 0.27584996819496155 680
1750944032565 0.2313738763332367 681
1750944033896 0.21460627019405365 682
1750944035209 0.2676810622215271 683
1750944036616 0.2666753828525543 684
1750944038004 0.23333507776260376 685
1750944039314 0.22895878553390503 686
1750944040642 0.22038526833057404 687
1750944041972 0.26101410388946533 688
1750944043361 0.241374671459198 689
1750944044663 0.21797454357147217 690
1750944046023 0.23349407315254211 691
1750944047344 0.26413702964782715 692
1750944048644 0.2624834179878235 693
1750944049870 0.3183974623680115 694
1750944051189 0.2504338324069977 695
1750944052524 0.1946834772825241 696
1750944053835 0.27711787819862366 697
1750944055173 0.2556828558444977 698
1750944056511 0.23260340094566345 699
1750944057744 0.3830510079860687 700
1750944059080 0.23461653292179108 701
1750944060481 0.2163143754005432 702
1750944061798 0.22564832866191864 703
1750944063108 0.21401500701904297 704
1750944064525 0.27187657356262207 705
1750944065884 0.2712249755859375 706
1750944067234 0.2747615873813629 707
1750944068548 0.27260398864746094 708
1750944069881 0.2641633152961731 709
1750944071221 0.2115200161933899 710
1750944072547 0.2524530291557312 711
1750944073856 0.24823658168315887 712
1750944075187 0.2835923135280609 713
1750944076567 0.2613636553287506 714
1750944077888 0.27591320872306824 715
1750944079256 0.29188793897628784 716
1750944080561 0.2560305595397949 717
1750944081897 0.24147899448871613 718
1750944083214 0.2476963996887207 719
1750944084537 0.2955017685890198 720
1750944085775 0.29029539227485657 721
1750944087086 0.23774270713329315 722
1750944088444 0.3025383949279785 723
1750944089744 0.20838692784309387 724
1750944091141 0.27189522981643677 725
1750944092446 0.2640543282032013 726
1750944093756 0.2664620280265808 727
1750944095101 0.2764374613761902 728
1750944096468 0.23827508091926575 729
1750944097776 0.2338056117296219 730
1750944099110 0.2481471449136734 731
1750944100441 0.22148007154464722 732
1750944101768 0.23680157959461212 733
1750944103154 0.2739883065223694 734
1750944104403 0.3685750961303711 735
1750944105749 0.23036274313926697 736
1750944107054 0.2506479322910309 737
1750944108351 0.2968456447124481 738
1750944109682 0.25564146041870117 739
1750944111009 0.2523343861103058 740
1750944112354 0.2796819806098938 741
1750944113661 0.24866479635238647 742
1750944114989 0.27195507287979126 743
1750944116312 0.27454960346221924 744
1750944117626 0.2593052387237549 745
1750944118940 0.26152604818344116 746
1750944120242 0.21747368574142456 747
1750944121556 0.2595908045768738 748
1750944122938 0.23253297805786133 749
1750944124254 0.2286631017923355 750
1750944125577 0.23587507009506226 751
1750944126974 0.20130127668380737 752
1750944128292 0.16337904334068298 753
1750944129617 0.25038856267929077 754
1750944130945 0.2538923919200897 755
1750944132291 0.2660951018333435 756
1750944133694 0.26351428031921387 757
1750944135067 0.23030933737754822 758
1750944136381 0.246291384100914 759
1750944137715 0.28694501519203186 760
1750944139018 0.2650107145309448 761
1750944140327 0.2838117778301239 762
1750944141738 0.22065198421478271 763
1750944143043 0.20254236459732056 764
1750944144397 0.2586837410926819 765
1750944145702 0.2810555696487427 766
1750944146946 0.27220794558525085 767
1750944148267 0.23893722891807556 768
1750944149606 0.20249399542808533 769
1750944150921 0.2756834626197815 770
1750944152224 0.2219822108745575 771
1750944153528 0.28256499767303467 772
1750944154868 0.21038831770420074 773
1750944156175 0.21616581082344055 774
1750944157517 0.20241308212280273 775
1750944158840 0.2458513081073761 776
1750944160164 0.26842859387397766 777
1750944161512 0.23557999730110168 778
1750944162854 0.24369637668132782 779
1750944164182 0.24522088468074799 780
1750944165508 0.21392901241779327 781
1750944166869 0.25386911630630493 782
1750944168206 0.28689995408058167 783
1750944169528 0.2813985049724579 784
1750944170891 0.24737626314163208 785
1750944172257 0.21782979369163513 786
1750944173519 0.2264288365840912 787
1750944174833 0.26041850447654724 788
1750944176093 0.2725690007209778 789
1750944177396 0.2446291744709015 790
1750944178721 0.220597505569458 791
1750944180080 0.24210132658481598 792
1750944181389 0.22027644515037537 793
1750944182724 0.25658509135246277 794
1750944184118 0.28699058294296265 795
1750944185436 0.23037627339363098 796
1750944186810 0.2403094470500946 797
1750944188123 0.21520301699638367 798
1750944189463 0.2540184259414673 799
1750944190776 0.2134385108947754 800
1750944192073 0.24096331000328064 801
1750944193426 0.19201454520225525 802
1750944194678 0.35665303468704224 803
1750944195997 0.22643829882144928 804
1750944197300 0.24991607666015625 805
1750944198615 0.27566349506378174 806
1750944199953 0.23791277408599854 807
1750944201271 0.22773239016532898 808
1750944202627 0.3522166609764099 809
1750944203992 0.26136305928230286 810
1750944205336 0.22443245351314545 811
1750944206687 0.2366194725036621 812
1750944207926 0.2826046347618103 813
1750944209230 0.22642797231674194 814
1750944210542 0.27911823987960815 815
1750944211906 0.21983255445957184 816
1750944213225 0.19970953464508057 817
1750944214540 0.26974576711654663 818
1750944215863 0.22781211137771606 819
1750944217201 0.26421529054641724 820
1750944218512 0.2621117830276489 821
1750944219824 0.2388477921485901 822
1750944221149 0.2530533969402313 823
1750944222466 0.2186311036348343 824
1750944223796 0.21597066521644592 825
1750944225144 0.22288694977760315 826
1750944226393 0.29234838485717773 827
1750944227691 0.24790748953819275 828
1750944229010 0.26427194476127625 829
1750944230343 0.27863743901252747 830
1750944231687 0.22960135340690613 831
1750944233053 0.18301935493946075 832
1750944234400 0.2464192509651184 833
1750944235724 0.2575643062591553 834
1750944237029 0.26447421312332153 835
1750944238386 0.23859229683876038 836
1750944239646 0.29624444246292114 837
1750944240968 0.2570253014564514 838
1750944242359 0.2795403301715851 839
1750944243681 0.26086732745170593 840
1750944244988 0.2082735002040863 841
1750944246350 0.29025179147720337 842
1750944247704 0.24739870429039001 843
1750944248945 0.3063926100730896 844
1750944250227 0.3365413546562195 845
1750944251585 0.25038042664527893 846
1750944252903 0.2489432692527771 847
1750944254223 0.2692031264305115 848
1750944255549 0.1988597959280014 849
1750944256862 0.25606873631477356 850
1750944258159 0.26099640130996704 851
1750944259470 0.3093479871749878 852
1750944260847 0.24350322782993317 853
1750944262398 0.2557552754878998 854
1750944263709 0.2580568790435791 855
1750944265054 0.20271354913711548 856
1750944266449 0.24066126346588135 857
1750944267846 0.25817567110061646 858
1750944269165 0.218504399061203 859
1750944270475 0.22189274430274963 860
1750944271800 0.25773388147354126 861
1750944273117 0.25364577770233154 862
1750944274344 0.2342730462551117 863
1750944275647 0.2816504240036011 864
1750944277064 0.2781955599784851 865
1750944278389 0.2527782917022705 866
1750944279707 0.23588353395462036 867
1750944281029 0.2573307752609253 868
1750944282362 0.24896422028541565 869
1750944283714 0.26065582036972046 870
1750944285106 0.21775171160697937 871
1750944286532 0.22033989429473877 872
1750944287958 0.2091330885887146 873
1750944289333 0.2809893488883972 874
1750944290668 0.2223893105983734 875
1750944291916 0.34260520339012146 876
1750944293243 0.23435047268867493 877
1750944294549 0.26294445991516113 878
1750944296020 0.24593114852905273 879
1750944297434 0.25637421011924744 880
1750944298799 0.26823821663856506 881
1750944300230 0.23678936064243317 882
1750944301667 0.24734041094779968 883
1750944303012 0.23812076449394226 884
1750944304445 0.20276999473571777 885
1750944305788 0.21295464038848877 886
1750944307111 0.28209245204925537 887
1750944308443 0.25008514523506165 888
1750944309753 0.2917670011520386 889
1750944311149 0.24171417951583862 890
1750944312473 0.23916587233543396 891
1750944313793 0.2580753564834595 892
1750944315108 0.2555531859397888 893
1750944316430 0.23161384463310242 894
1750944317699 0.38376253843307495 895
1750944319088 0.23893138766288757 896
1750944320416 0.24159973859786987 897
1750944321758 0.22929900884628296 898
1750944323072 0.2218242883682251 899
1750944324415 0.29552972316741943 900
1750944325740 0.27144521474838257 901
1750944327055 0.2449575811624527 902
1750944328384 0.18563024699687958 903
1750944329704 0.2398935854434967 904
1750944331014 0.26531264185905457 905
1750944332327 0.26087266206741333 906
1750944333665 0.22955378890037537 907
1750944335050 0.23235681653022766 908
1750944336399 0.23447957634925842 909
1750944337738 0.22550499439239502 910
1750944339018 0.31996697187423706 911
1750944340351 0.25250178575515747 912
1750944341674 0.26428356766700745 913
1750944342938 0.38105297088623047 914
1750944344280 0.254605770111084 915
1750944345635 0.25076672434806824 916
1750944346981 0.2433086484670639 917
1750944348297 0.24169158935546875 918
1750944349646 0.20219601690769196 919
1750944351032 0.22044271230697632 920
1750944352436 0.2175864577293396 921
1750944353698 0.33376339077949524 922
1750944354955 0.30934566259384155 923
1750944356339 0.22177791595458984 924
1750944357661 0.26627177000045776 925
1750944359003 0.21431021392345428 926
1750944360238 0.23761507868766785 927
1750944361567 0.25414443016052246 928
1750944362873 0.24942634999752045 929
1750944364186 0.24161900579929352 930
1750944365505 0.20379742980003357 931
1750944366886 0.23007041215896606 932
1750944368261 0.27335864305496216 933
1750944369595 0.2332453578710556 934
1750944370943 0.23049695789813995 935
1750944372243 0.24733789265155792 936
1750944373557 0.2688196003437042 937
1750944374869 0.1752905547618866 938
1750944376283 0.24896013736724854 939
1750944377630 0.19374771416187286 940
1750944378975 0.28819507360458374 941
1750944380351 0.24836033582687378 942
1750944381705 0.2091837227344513 943
1750944383047 0.2698967456817627 944
1750944384372 0.24363698065280914 945
1750944385703 0.2380393147468567 946
1750944387085 0.23238657414913177 947
1750944388489 0.21223682165145874 948
1750944389810 0.2164967954158783 949
1750944391063 0.364321231842041 950
1750944392392 0.24207551777362823 951
1750944393743 0.23106060922145844 952
1750944395072 0.196946918964386 953
1750944396475 0.24497756361961365 954
1750944397809 0.24699485301971436 955
1750944399176 0.23136427998542786 956
1750944400570 0.2313397228717804 957
1750944401962 0.2369605451822281 958
1750944403290 0.24914206564426422 959
1750944404703 0.2568114995956421 960
1750944406081 0.21949848532676697 961
1750944407409 0.20805931091308594 962
1750944408748 0.26018384099006653 963
1750944410075 0.27157044410705566 964
1750944411470 0.27907872200012207 965
1750944412839 0.25521838665008545 966
1750944414185 0.2607347071170807 967
1750944415463 0.4716615676879883 968
1750944416793 0.20869797468185425 969
1750944418120 0.19306549429893494 970
1750944419443 0.2525244951248169 971
1750944420772 0.2346905618906021 972
1750944422092 0.2303224354982376 973
1750944423405 0.22450584173202515 974
1750944424777 0.2578393816947937 975
1750944426094 0.22715327143669128 976
1750944427412 0.228480726480484 977
1750944428766 0.22096729278564453 978
1750944430093 0.2222634106874466 979
1750944431341 0.3219699263572693 980
1750944432736 0.22681403160095215 981
1750944434048 0.284157931804657 982
1750944435442 0.24260732531547546 983
1750944436844 0.24100810289382935 984
1750944438177 0.26224809885025024 985
1750944439531 0.2007330358028412 986
1750944440876 0.17880555987358093 987
1750944442180 0.4217410683631897 988
1750944443570 0.215177983045578 989
1750944444894 0.23640120029449463 990
1750944446284 0.24184493720531464 991
1750944447715 0.2607020139694214 992
1750944449039 0.2515717148780823 993
1750944450396 0.21904173493385315 994
1750944451698 0.25601863861083984 995
1750944453020 0.22314009070396423 996
1750944454354 0.2626485526561737 997
1750944455666 0.2586343586444855 998
1750944457000 0.26660120487213135 999
1750944458305 0.17782913148403168 1000
1750944459643 0.28646329045295715 1001
1750944460958 0.25241732597351074 1002
1750944462284 0.23662884533405304 1003
1750944463639 0.24363309144973755 1004
1750944464934 0.222288578748703 1005
1750944466237 0.23770931363105774 1006
1750944467586 0.20027807354927063 1007
1750944469013 0.26569080352783203 1008
1750944470340 0.24888986349105835 1009
1750944471654 0.22844310104846954 1010
1750944472949 0.36499181389808655 1011
1750944474271 0.2326374053955078 1012
1750944475612 0.2523612380027771 1013
1750944476936 0.26066330075263977 1014
1750944478276 0.26389431953430176 1015
1750944479625 0.23129935562610626 1016
1750944481018 0.236551433801651 1017
1750944482360 0.20320279896259308 1018
1750944483724 0.22540917992591858 1019
1750944485093 0.19343793392181396 1020
1750944486417 0.23224717378616333 1021
1750944487734 0.22515106201171875 1022
1750944489035 0.23629727959632874 1023
1750944490360 0.2423211932182312 1024
1750944491724 0.2723848223686218 1025
1750944493084 0.28175827860832214 1026
1750944494421 0.2234850823879242 1027
1750944495678 0.3463239371776581 1028
1750944497079 0.24881787598133087 1029
1750944498408 0.2523736357688904 1030
1750944499746 0.20950430631637573 1031
1750944501076 0.2474786639213562 1032
1750944502401 0.24162770807743073 1033
1750944503811 0.25107067823410034 1034
1750944505142 0.2085302770137787 1035
1750944506456 0.23573240637779236 1036
1750944507818 0.2393004298210144 1037
1750944509166 0.2584792673587799 1038
1750944510503 0.22972479462623596 1039
1750944511813 0.20576180517673492 1040
1750944513164 0.26965153217315674 1041
1750944514486 0.22885766625404358 1042
1750944515867 0.24328753352165222 1043
1750944517267 0.22522415220737457 1044
1750944518626 0.21617835760116577 1045
1750944519962 0.2502262592315674 1046
1750944521309 0.21754100918769836 1047
1750944522613 0.34123730659484863 1048
1750944523945 0.21631208062171936 1049
1750944525260 0.21441355347633362 1050
1750944526592 0.2399788200855255 1051
1750944528011 0.20951303839683533 1052
1750944529251 0.28455275297164917 1053
1750944530606 0.2227822095155716 1054
1750944532009 0.2344970852136612 1055
1750944533316 0.21006500720977783 1056
1750944534719 0.2630700170993805 1057
1750944536065 0.2024228572845459 1058
1750944537435 0.20020657777786255 1059
1750944538753 0.19680866599082947 1060
1750944540077 0.21706023812294006 1061
1750944541390 0.28279513120651245 1062
1750944542719 0.25368350744247437 1063
1750944544033 0.23771414160728455 1064
1750944545369 0.27239641547203064 1065
1750944546609 0.2195916771888733 1066
1750944547940 0.2462727427482605 1067
1750944549348 0.24171218276023865 1068
1750944550704 0.22532863914966583 1069
1750944552066 0.21853819489479065 1070
1750944553385 0.23164275288581848 1071
1750944554726 0.23392051458358765 1072
1750944556088 0.24181842803955078 1073
1750944557451 0.22449487447738647 1074
1750944558768 0.2239549160003662 1075
1750944560141 0.19925272464752197 1076
1750944561523 0.23540908098220825 1077
1750944562836 0.24351757764816284 1078
1750944564185 0.20444509387016296 1079
1750944565513 0.2239571362733841 1080
1750944566890 0.22770167887210846 1081
1750944568246 0.24255195260047913 1082
1750944569559 0.22366005182266235 1083
1750944570919 0.2430359125137329 1084
1750944572256 0.22483976185321808 1085
1750944573579 0.2409190982580185 1086
1750944574926 0.26375052332878113 1087
1750944576227 0.23870337009429932 1088
1750944577596 0.22724995017051697 1089
1750944578953 0.22026482224464417 1090
1750944580314 0.22837229073047638 1091
1750944581606 0.23947924375534058 1092
1750944582958 0.2135697305202484 1093
1750944584313 0.22909171879291534 1094
1750944585666 0.235053151845932 1095
1750944587021 0.24153092503547668 1096
1750944588374 0.2351786345243454 1097
1750944589717 0.2527444362640381 1098
1750944590988 0.263100266456604 1099
1750944592307 0.23184964060783386 1100
1750944593615 0.2297959327697754 1101
1750944594920 0.24507950246334076 1102
1750944596229 0.23995324969291687 1103
1750944597483 0.36507347226142883 1104
1750944598803 0.22252842783927917 1105
1750944600125 0.21444126963615417 1106
1750944601497 0.18887755274772644 1107
1750944603146 0.2629636824131012 1108
1750944604468 0.2019800841808319 1109
1750944605816 0.23401060700416565 1110
1750944607171 0.22294381260871887 1111
1750944608513 0.21040698885917664 1112
1750944609870 0.22996950149536133 1113
1750944611236 0.2490444779396057 1114
1750944612580 0.23432433605194092 1115
1750944613839 0.3103090524673462 1116
1750944615091 0.33829376101493835 1117
1750944616416 0.2037525475025177 1118
1750944617723 0.20241254568099976 1119
1750944619093 0.23430520296096802 1120
1750944620436 0.23900705575942993 1121
1750944621703 0.23463952541351318 1122
1750944623090 0.2074529230594635 1123
1750944624406 0.24693593382835388 1124
1750944625652 0.3331280052661896 1125
1750944626974 0.23424822092056274 1126
1750944628216 0.34692931175231934 1127
1750944629541 0.21757729351520538 1128
1750944630863 0.2275857925415039 1129
1750944632303 0.2107393741607666 1130
1750944633640 0.22145546972751617 1131
1750944635035 0.2060510665178299 1132
1750944636338 0.2389058768749237 1133
1750944637829 0.21742048859596252 1134
1750944641984 0.2348005473613739 1135
1750944643557 0.215116485953331 1136
1750944644872 0.2407163679599762 1137
1750944646276 0.2463570237159729 1138
1750944647620 0.20520971715450287 1139
1750944650045 0.228034108877182 1140
1750944652841 0.22999773919582367 1141
1750944654155 0.19233179092407227 1142
1750944655460 0.2373027205467224 1143
1750944658031 0.21559873223304749 1144
1750944660587 0.23885585367679596 1145
1750944661979 0.2406420111656189 1146
1750944665324 0.18119964003562927 1147
1750944666656 0.2557184398174286 1148
1750944668359 0.2088164985179901 1149
1750944669716 0.17999179661273956 1150
1750944671048 0.23567917943000793 1151
1750944672383 0.2368161976337433 1152
1750944673751 0.2190011739730835 1153
1750944674997 0.3200795352458954 1154
1750944676332 0.24872350692749023 1155
1750944677639 0.21965333819389343 1156
1750944678970 0.21258610486984253 1157
1750944680286 0.2323722243309021 1158
1750944681629 0.27530720829963684 1159
1750944683008 0.2425020933151245 1160
1750944684350 0.23289477825164795 1161
1750944685779 0.23724007606506348 1162
1750944687091 0.19030606746673584 1163
1750944688371 0.35897791385650635 1164
1750944689693 0.22340229153633118 1165
1750944691038 0.24709993600845337 1166
1750944692387 0.25324344635009766 1167
1750944693732 0.24484756588935852 1168
1750944695076 0.22695179283618927 1169
1750944696409 0.21535764634609222 1170
1750944697758 0.2530829608440399 1171
1750944699107 0.21192802488803864 1172
1750944700446 0.250318318605423 1173
1750944701772 0.26091402769088745 1174
1750944703079 0.1853674352169037 1175
1750944704385 0.22615261375904083 1176
1750944705742 0.26903069019317627 1177
1750944707082 0.23123997449874878 1178
1750944708407 0.1931760311126709 1179
1750944709711 0.23975378274917603 1180
1750944711037 0.2367537021636963 1181
1750944712393 0.20590554177761078 1182
1750944713724 0.2603922486305237 1183
1750944715040 0.22854512929916382 1184
1750944716377 0.2730545997619629 1185
1750944717687 0.1993548423051834 1186
1750944718943 0.4087020754814148 1187
1750944720262 0.218277245759964 1188
1750944721659 0.22742892801761627 1189
1750944723004 0.17095786333084106 1190
1750944724371 0.2692618668079376 1191
1750944725684 0.23866653442382812 1192
1750944727048 0.1878121942281723 1193
1750944728393 0.2230537384748459 1194
1750944729788 0.2393123209476471 1195
1750944731158 0.25613832473754883 1196
1750944732526 0.2197462022304535 1197
1750944733837 0.27081066370010376 1198
1750944735173 0.22942952811717987 1199
1750944736556 0.22715818881988525 1200
1750944737888 0.2439066767692566 1201
1750944739198 0.1969648003578186 1202
1750944740521 0.2004363238811493 1203
1750944741836 0.2318931668996811 1204
1750944743160 0.1905517876148224 1205
1750944744507 0.22100210189819336 1206
1750944745894 0.23659323155879974 1207
1750944747256 0.2414049357175827 1208
1750944748654 0.2247357964515686 1209
1750944749993 0.2192080318927765 1210
1750944751307 0.21720483899116516 1211
1750944752632 0.20103752613067627 1212
1750944753879 0.31255537271499634 1213
1750944755223 0.25211721658706665 1214
1750944756526 0.19567228853702545 1215
1750944757836 0.2353937029838562 1216
1750944759162 0.23555901646614075 1217
1750944760506 0.23611707985401154 1218
1750944761857 0.2697834372520447 1219
1750944763256 0.21177731454372406 1220
1750944764587 0.2059645652770996 1221
1750944765913 0.2412312626838684 1222
1750944767231 0.25512635707855225 1223
1750944768556 0.21837851405143738 1224
1750944769888 0.24005116522312164 1225
1750944771135 0.34407562017440796 1226
1750944772447 0.20735210180282593 1227
1750944773824 0.2016870081424713 1228
1750944775137 0.1680782586336136 1229
1750944776455 0.23074015974998474 1230
1750944777812 0.2709014117717743 1231
1750944779117 0.20941483974456787 1232
1750944780442 0.2551271319389343 1233
1750944781765 0.22613656520843506 1234
1750944783078 0.22792933881282806 1235
1750944784397 0.2240249514579773 1236
1750944785730 0.22603179514408112 1237
1750944787040 0.2612140476703644 1238
1750944788361 0.21568885445594788 1239
1750944789663 0.22832214832305908 1240
1750944791111 0.20268192887306213 1241
1750944792366 0.3389952778816223 1242
1750944793690 0.24306339025497437 1243
1750944795003 0.20306017994880676 1244
1750944796335 0.21210692822933197 1245
1750944797582 0.3613831698894501 1246
1750944798999 0.23207597434520721 1247
1750944800333 0.20376816391944885 1248
1750944801650 0.24634462594985962 1249
1750944803018 0.2284848392009735 1250
1750944804324 0.22866997122764587 1251
1750944805645 0.2489439845085144 1252
1750944806986 0.15665175020694733 1253
1750944808238 0.2880166172981262 1254
1750944809574 0.2330487072467804 1255
1750944810901 0.2158242166042328 1256
1750944812207 0.19716911017894745 1257
1750944813522 0.25287890434265137 1258
1750944814819 0.2561051547527313 1259
1750944816129 0.25819092988967896 1260
1750944817438 0.20049013197422028 1261
1750944818817 0.23777613043785095 1262
1750944820063 0.2644137740135193 1263
1750944821383 0.2509195804595947 1264
1750944822716 0.21224993467330933 1265
1750944824024 0.2329162061214447 1266
1750944825399 0.22832930088043213 1267
1750944826709 0.23619717359542847 1268
1750944827953 0.2753504514694214 1269
1750944829319 0.2548850476741791 1270
1750944830667 0.2477075457572937 1271
1750944831995 0.25083452463150024 1272
1750944833324 0.2052580714225769 1273
1750944834646 0.2101055234670639 1274
1750944835965 0.20592723786830902 1275
1750944837303 0.22328144311904907 1276
1750944838629 0.209702268242836 1277
1750944839986 0.20718562602996826 1278
1750944841336 0.25993263721466064 1279
1750944842648 0.22844935953617096 1280
1750944843953 0.2150244116783142 1281
1750944845192 0.39937809109687805 1282
1750944846493 0.18308627605438232 1283
1750944847863 0.20472970604896545 1284
1750944849208 0.2156367301940918 1285
1750944850458 0.38278937339782715 1286
1750944851808 0.23340439796447754 1287
1750944853162 0.20223522186279297 1288
1750944854507 0.2675284743309021 1289
1750944855854 0.21000123023986816 1290
1750944857191 0.22323165833950043 1291
1750944858504 0.22447635233402252 1292
1750944859848 0.21655035018920898 1293
1750944861239 0.2247357964515686 1294
1750944862599 0.2472107708454132 1295
1750944863950 0.2322285771369934 1296
1750944865278 0.20876134932041168 1297
1750944866600 0.22694694995880127 1298
1750944867933 0.22435134649276733 1299
1750944869247 0.18758618831634521 1300
1750944870595 0.27124810218811035 1301
1750944871928 0.24247422814369202 1302
1750944873244 0.23252958059310913 1303
1750944874592 0.2484586089849472 1304
1750944876140 0.2252928912639618 1305
1750944877529 0.20349407196044922 1306
1750944878844 0.21208485960960388 1307
1750944880162 0.27045416831970215 1308
1750944881525 0.19873479008674622 1309
1750944882858 0.21322518587112427 1310
1750944884177 0.24009135365486145 1311
1750944885483 0.25366097688674927 1312
1750944886717 0.292497843503952 1313
1750944888026 0.23405298590660095 1314
1750944889400 0.19894394278526306 1315
1750944890740 0.23599281907081604 1316
1750944892125 0.24186423420906067 1317
1750944893431 0.19465069472789764 1318
1750944894746 0.20308731496334076 1319
1750944896064 0.19065332412719727 1320
1750944897434 0.2081478238105774 1321
1750944898786 0.2108653485774994 1322
1750944900100 0.23680350184440613 1323
1750944901466 0.2250431776046753 1324
1750944902793 0.24262267351150513 1325
1750944904061 0.2621243894100189 1326
1750944905450 0.24673837423324585 1327
1750944906812 0.20645274221897125 1328
1750944908165 0.21395952999591827 1329
1750944909542 0.23065093159675598 1330
1750944910863 0.24171307682991028 1331
1750944912182 0.2531934380531311 1332
1750944913531 0.22855353355407715 1333
1750944914858 0.21447399258613586 1334
1750944916199 0.21930520236492157 1335
1750944917533 0.24496857821941376 1336
1750944918892 0.19930481910705566 1337
1750944920263 0.2286064326763153 1338
1750944921576 0.23481175303459167 1339
1750944922903 0.24580790102481842 1340
1750944924257 0.20500120520591736 1341
1750944925587 0.25559648871421814 1342
1750944926927 0.23887638747692108 1343
1750944928308 0.19599485397338867 1344
1750944929572 0.34384697675704956 1345
1750944930894 0.23504546284675598 1346
1750944932239 0.22580435872077942 1347
1750944933490 0.24960985779762268 1348
1750944934818 0.235500767827034 1349
1750944936053 0.3437255024909973 1350
1750944937437 0.1942588984966278 1351
1750944938675 0.23150408267974854 1352
1750944939998 0.21374152600765228 1353
1750944941306 0.2410651445388794 1354
1750944942615 0.20711123943328857 1355
1750944943923 0.18529227375984192 1356
1750944945247 0.19618648290634155 1357
1750944946591 0.24630111455917358 1358
1750944947928 0.24259141087532043 1359
1750944949247 0.21533480286598206 1360
1750944950629 0.20720788836479187 1361
1750944951952 0.20201873779296875 1362
1750944953296 0.22209209203720093 1363
1750944954714 0.22099506855010986 1364
1750944956058 0.23322756588459015 1365
1750944957388 0.21458537876605988 1366
1750944958755 0.21543237566947937 1367
1750944960003 0.29165416955947876 1368
1750944961315 0.233873188495636 1369
1750944962625 0.25051242113113403 1370
1750944963933 0.21106380224227905 1371
1750944965256 0.24289736151695251 1372
1750944966644 0.2357245683670044 1373
1750944967889 0.3153725862503052 1374
1750944969226 0.20894521474838257 1375
1750944970533 0.2275122106075287 1376
1750944971787 0.3534543812274933 1377
1750944973156 0.18021002411842346 1378
1750944974485 0.21948376297950745 1379
1750944975817 0.23773476481437683 1380
1750944977142 0.21332789957523346 1381
1750944978450 0.19641034305095673 1382
1750944979800 0.24045121669769287 1383
1750944981161 0.18018166720867157 1384
1750944982482 0.2542688846588135 1385
1750944983811 0.23515501618385315 1386
1750944985157 0.19574275612831116 1387
1750944986498 0.22358503937721252 1388
1750944987889 0.21955648064613342 1389
1750944989145 0.27518436312675476 1390
1750944990456 0.27189934253692627 1391
1750944991783 0.25284743309020996 1392
1750944993133 0.21433782577514648 1393
1750944994503 0.22256311774253845 1394
1750944995858 0.1881485879421234 1395
1750944997167 0.22365392744541168 1396
1750944998425 0.3786187469959259 1397
1750944999756 0.21608978509902954 1398
1750945001121 0.21024130284786224 1399
1750945002458 0.2345513254404068 1400
1750945003796 0.26504045724868774 1401
1750945005102 0.24166926741600037 1402
1750945006411 0.25808870792388916 1403
1750945007730 0.2174263298511505 1404
1750945009054 0.22333455085754395 1405
1750945010398 0.2219323217868805 1406
1750945011716 0.2144554704427719 1407
1750945013040 0.3124682903289795 1408
1750945014364 0.23003005981445312 1409
1750945015681 0.22207479178905487 1410
1750945017043 0.2427479475736618 1411
1750945018408 0.19059467315673828 1412
1750945019747 0.23569315671920776 1413
1750945021059 0.21022655069828033 1414
1750945022487 0.20301583409309387 1415
1750945023860 0.2168806791305542 1416
1750945025210 0.20063018798828125 1417
1750945026547 0.22616645693778992 1418
1750945027889 0.21077872812747955 1419
1750945029206 0.2535788118839264 1420
1750945030623 0.24224776029586792 1421
1750945031933 0.21023300290107727 1422
1750945033271 0.19984379410743713 1423
1750945034599 0.2416033148765564 1424
1750945035958 0.2333533763885498 1425
1750945037271 0.21281948685646057 1426
1750945038575 0.21174205839633942 1427
1750945039887 0.22977299988269806 1428
1750945041241 0.22759032249450684 1429
1750945042592 0.20586392283439636 1430
1750945043948 0.1960737556219101 1431
1750945045278 0.20681536197662354 1432
1750945046618 0.21356023848056793 1433
1750945047938 0.19872847199440002 1434
1750945049286 0.21946218609809875 1435
1750945050599 0.22065570950508118 1436
1750945051921 0.2564777731895447 1437
1750945053271 0.22865338623523712 1438
1750945054598 0.2065354287624359 1439
1750945055887 0.3119218945503235 1440
1750945057246 0.15655410289764404 1441
1750945058561 0.22236061096191406 1442
1750945059885 0.20085680484771729 1443
1750945061199 0.20834138989448547 1444
1750945062532 0.19002890586853027 1445
1750945063882 0.21184924244880676 1446
1750945065192 0.22478309273719788 1447
1750945066514 0.24423962831497192 1448
1750945067892 0.19265112280845642 1449
1750945069215 0.1809794008731842 1450
1750945070533 0.20231755077838898 1451
1750945071845 0.20325642824172974 1452
1750945073159 0.193813294172287 1453
1750945074482 0.1751425862312317 1454
1750945075787 0.20360490679740906 1455
1750945077097 0.20358452200889587 1456
1750945078352 0.3369600176811218 1457
1750945079647 0.1991669237613678 1458
1750945080968 0.2679818272590637 1459
1750945082324 0.22460609674453735 1460
1750945083643 0.18912170827388763 1461
1750945084958 0.25323930382728577 1462
1750945086280 0.2273627072572708 1463
1750945087605 0.15790104866027832 1464
1750945088927 0.1978679597377777 1465
1750945090316 0.24926111102104187 1466
1750945091666 0.23893874883651733 1467
1750945093200 0.21187490224838257 1468
1750945094527 0.18804313242435455 1469
1750945095848 0.23607809841632843 1470
1750945097161 0.2226555496454239 1471
1750945098485 0.19745247066020966 1472
1750945099803 0.24871477484703064 1473
1750945101172 0.21383844316005707 1474
1750945102492 0.22771812975406647 1475
1750945103830 0.2093886435031891 1476
1750945105072 0.26579323410987854 1477
1750945106404 0.2211381196975708 1478
1750945107713 0.21116584539413452 1479
1750945109085 0.22931082546710968 1480
1750945110410 0.21105927228927612 1481
1750945111730 0.22861546277999878 1482
1750945113040 0.23179084062576294 1483
1750945114361 0.222967267036438 1484
1750945115738 0.2334515005350113 1485
1750945117060 0.21297544240951538 1486
1750945118374 0.23088636994361877 1487
1750945119692 0.21325966715812683 1488
1750945121031 0.2608932554721832 1489
1750945122431 0.21943679451942444 1490
1750945123664 0.3797450065612793 1491
1750945124994 0.20971018075942993 1492
1750945126364 0.21916411817073822 1493
1750945127712 0.21156823635101318 1494
1750945129041 0.2817991077899933 1495
1750945130388 0.2187739610671997 1496
1750945131738 0.20098762214183807 1497
1750945133117 0.2176940143108368 1498
1750945134429 0.23028969764709473 1499
1750945135695 0.38818973302841187 1500
1750945137010 0.17621949315071106 1501
1750945138324 0.2420826107263565 1502
1750945139745 0.2581688165664673 1503
1750945141074 0.20818527042865753 1504
1750945142444 0.23848854005336761 1505
1750945143769 0.2374223917722702 1506
1750945145150 0.2140207588672638 1507
1750945146386 0.4427822232246399 1508
1750945147631 0.29095524549484253 1509
1750945148985 0.19161225855350494 1510
1750945150310 0.1908205896615982 1511
1750945151644 0.20052285492420197 1512
1750945153015 0.21462708711624146 1513
1750945154274 0.47332438826560974 1514
1750945155684 0.26297640800476074 1515
1750945157001 0.17493590712547302 1516
1750945158327 0.2258092164993286 1517
1750945159632 0.19767087697982788 1518
1750945161021 0.23345276713371277 1519
1750945162339 0.2643994987010956 1520
1750945163676 0.21458613872528076 1521
1750945164991 0.20752353966236115 1522
1750945166355 0.2147751748561859 1523
1750945167699 0.220300555229187 1524
1750945169097 0.2278262972831726 1525
1750945170432 0.24907638132572174 1526
1750945171784 0.21556627750396729 1527
1750945173111 0.22457781434059143 1528
1750945174432 0.22459013760089874 1529
1750945175724 0.31595879793167114 1530
1750945177075 0.22747211158275604 1531
1750945178408 0.24610361456871033 1532
1750945179769 0.19366033375263214 1533
1750945181107 0.2696821093559265 1534
1750945182465 0.18225480616092682 1535
1750945183799 0.24027185142040253 1536
1750945185125 0.2488480806350708 1537
1750945186451 0.25821948051452637 1538
1750945187773 0.163535475730896 1539
1750945189103 0.18774157762527466 1540
1750945190354 0.28815191984176636 1541
1750945191590 0.25581687688827515 1542
1750945192853 0.29198092222213745 1543
1750945194162 0.20780211687088013 1544
1750945195492 0.19633617997169495 1545
1750945196736 0.23699356615543365 1546
1750945198101 0.24705055356025696 1547
1750945199414 0.2292226105928421 1548
1750945200732 0.20519155263900757 1549
1750945201986 0.3225187063217163 1550
1750945203291 0.219940185546875 1551
1750945204629 0.2185095101594925 1552
1750945205886 0.308938592672348 1553
1750945207201 0.20436051487922668 1554
1750945208528 0.19398745894432068 1555
1750945209868 0.23881632089614868 1556
1750945211183 0.22356076538562775 1557
1750945212496 0.2100287228822708 1558
1750945213831 0.23488347232341766 1559
1750945215160 0.213949516415596 1560
1750945216514 0.2146221101284027 1561
1750945217821 0.20913508534431458 1562
1750945219216 0.15940622985363007 1563
1750945220581 0.21477672457695007 1564
1750945221904 0.19132640957832336 1565
1750945223229 0.21857371926307678 1566
1750945224636 0.2200024276971817 1567
1750945225991 0.19293037056922913 1568
1750945227305 0.22274696826934814 1569
1750945228681 0.214324951171875 1570
1750945229989 0.20142751932144165 1571
1750945231300 0.20070970058441162 1572
1750945232622 0.21676483750343323 1573
1750945233957 0.20780819654464722 1574
1750945235304 0.22362656891345978 1575
1750945236539 0.3076653778553009 1576
1750945237881 0.21112766861915588 1577
1750945239213 0.360738068819046 1578
1750945240571 0.1947844922542572 1579
1750945241916 0.2384858876466751 1580
1750945243276 0.1570817083120346 1581
1750945244601 0.2199830263853073 1582
1750945245958 0.20175231993198395 1583
1750945247294 0.22885850071907043 1584
1750945248625 0.22817350924015045 1585
1750945249962 0.19572091102600098 1586
1750945251275 0.30283984541893005 1587
1750945252553 0.34694069623947144 1588
1750945253885 0.20026390254497528 1589
1750945255211 0.19555893540382385 1590
1750945256515 0.20823141932487488 1591
1750945257874 0.2058388888835907 1592
1750945259125 0.44476646184921265 1593
1750945260423 0.3047514259815216 1594
1750945261772 0.23039335012435913 1595
1750945263097 0.24775372445583344 1596
1750945264488 0.24313515424728394 1597
1750945265867 0.20176973938941956 1598
1750945267144 0.37669768929481506 1599
1750945268468 0.23930981755256653 1600
1750945269839 0.2293965071439743 1601
1750945271165 0.19240909814834595 1602
1750945272520 0.20335716009140015 1603
1750945273841 0.24248112738132477 1604
1750945275246 0.2518587112426758 1605
1750945276577 0.22560274600982666 1606
1750945277914 0.22143909335136414 1607
1750945279255 0.21891845762729645 1608
1750945280617 0.18700449168682098 1609
1750945281970 0.20650190114974976 1610
1750945283242 0.27743369340896606 1611
1750945284587 0.2201409488916397 1612
1750945285910 0.2207627296447754 1613
1750945287262 0.1831362098455429 1614
1750945288562 0.17896178364753723 1615
1750945289912 0.22274842858314514 1616
1750945291333 0.18424221873283386 1617
1750945292909 0.19810695946216583 1618
1750945294252 0.24274486303329468 1619
1750945295564 0.2493874430656433 1620
1750945296910 0.20649120211601257 1621
1750945298217 0.18754105269908905 1622
1750945299533 0.23646564781665802 1623
1750945300992 0.21755246818065643 1624
1750945302374 0.2094484567642212 1625
1750945303694 0.24385149776935577 1626
1750945305014 0.19797326624393463 1627
1750945306378 0.19452901184558868 1628
1750945307713 0.16650763154029846 1629
1750945309017 0.24823713302612305 1630
1750945310339 0.19819676876068115 1631
1750945311646 0.2297798991203308 1632
1750945312958 0.19859108328819275 1633
1750945314302 0.1799071729183197 1634
1750945315611 0.2031804323196411 1635
1750945316939 0.2061474621295929 1636
1750945318201 0.46955302357673645 1637
1750945319513 0.2263348251581192 1638
1750945320839 0.2032793015241623 1639
1750945322163 0.25895240902900696 1640
1750945323530 0.20587363839149475 1641
1750945324906 0.19077271223068237 1642
1750945326244 0.2567451596260071 1643
1750945327563 0.2197517454624176 1644
1750945328955 0.2285948097705841 1645
1750945330326 0.20370584726333618 1646
1750945331676 0.24697034060955048 1647
1750945332980 0.21547746658325195 1648
1750945334308 0.18313249945640564 1649
1750945335625 0.21425122022628784 1650
1750945337018 0.21118836104869843 1651
1750945338281 0.32656922936439514 1652
1750945339613 0.22690600156784058 1653
1750945340940 0.24972227215766907 1654
1750945342252 0.20760442316532135 1655
1750945343605 0.1862926334142685 1656
1750945344936 0.20956745743751526 1657
1750945346286 0.20606577396392822 1658
1750945347618 0.1907438039779663 1659
1750945348978 0.2467138171195984 1660
1750945350346 0.2584683299064636 1661
1750945351669 0.26234740018844604 1662
1750945352991 0.21343141794204712 1663
1750945354312 0.16507962346076965 1664
1750945355640 0.21242645382881165 1665
1750945356958 0.19322720170021057 1666
1750945358279 0.25219452381134033 1667
1750945359646 0.20965376496315002 1668
1750945361024 0.2197343111038208 1669
1750945362342 0.1971835494041443 1670
1750945363653 0.2106204330921173 1671
1750945364967 0.22273486852645874 1672
1750945366303 0.20126259326934814 1673
1750945367607 0.1745319664478302 1674
1750945368941 0.2086564302444458 1675
1750945370346 0.2016453891992569 1676
1750945371730 0.21904435753822327 1677
1750945373074 0.22111034393310547 1678
1750945374400 0.17007096111774445 1679
1750945375726 0.23900923132896423 1680
1750945377048 0.19275274872779846 1681
1750945378377 0.22148752212524414 1682
1750945379718 0.19577473402023315 1683
1750945381040 0.22212249040603638 1684
1750945382417 0.20445947349071503 1685
1750945383753 0.2175920307636261 1686
1750945385061 0.21541854739189148 1687
1750945386358 0.19538986682891846 1688
1750945387608 0.3435560464859009 1689
1750945388834 0.25069308280944824 1690
1750945390162 0.19619351625442505 1691
1750945391597 0.20456354320049286 1692
1750945392908 0.17089806497097015 1693
1750945394302 0.2068806290626526 1694
1750945395636 0.1822829246520996 1695
1750945396965 0.20133845508098602 1696
1750945398328 0.18609705567359924 1697
1750945399645 0.18717987835407257 1698
1750945401010 0.20391109585762024 1699
1750945402331 0.24379946291446686 1700
1750945403645 0.23579446971416473 1701
1750945404965 0.22794339060783386 1702
1750945406285 0.22748909890651703 1703
1750945407600 0.18566089868545532 1704
1750945408910 0.1973910629749298 1705
1750945410245 0.18816646933555603 1706
1750945411636 0.2375074326992035 1707
1750945412944 0.26230373978614807 1708
1750945414282 0.20314732193946838 1709
1750945415605 0.2235526144504547 1710
1750945416964 0.19781392812728882 1711
1750945418304 0.21112637221813202 1712
1750945419624 0.19558964669704437 1713
1750945420882 0.4036421477794647 1714
1750945422229 0.1911192238330841 1715
1750945423560 0.2334340363740921 1716
1750945424921 0.19418704509735107 1717
1750945426248 0.22706207633018494 1718
1750945427655 0.17794212698936462 1719
1750945429001 0.1900150179862976 1720
1750945430345 0.21120762825012207 1721
1750945431705 0.20109760761260986 1722
1750945433057 0.1792512834072113 1723
1750945434395 0.22053125500679016 1724
1750945435826 0.18666663765907288 1725
1750945437159 0.21042585372924805 1726
1750945438510 0.23079967498779297 1727
1750945439885 0.21437881886959076 1728
1750945441231 0.21766512095928192 1729
1750945442551 0.2013958841562271 1730
1750945443906 0.22304075956344604 1731
1750945445150 0.3231797218322754 1732
1750945446493 0.21235206723213196 1733
1750945447831 0.22516107559204102 1734
1750945449159 0.2062273919582367 1735
1750945450474 0.20818652212619781 1736
1750945451894 0.2001015841960907 1737
1750945453219 0.2423456609249115 1738
1750945454575 0.23831139504909515 1739
1750945455939 0.1745533049106598 1740
1750945457275 0.18224264681339264 1741
1750945458606 0.18331274390220642 1742
1750945459952 0.19626210629940033 1743
1750945461308 0.16219590604305267 1744
1750945462639 0.21260938048362732 1745
1750945464000 0.2328239381313324 1746
1750945465345 0.2138122320175171 1747
1750945466654 0.2224818468093872 1748
1750945467975 0.22817569971084595 1749
1750945469286 0.16445507109165192 1750
1750945470599 0.20101933181285858 1751
1750945471928 0.19448691606521606 1752
1750945473284 0.1777966022491455 1753
1750945474809 0.2845765948295593 1754
1750945476062 0.2603870630264282 1755
1750945477382 0.1664537489414215 1756
1750945478772 0.21740514039993286 1757
1750945480081 0.18666709959506989 1758
1750945481425 0.2721952199935913 1759
1750945482723 0.18995173275470734 1760
1750945484116 0.2378651201725006 1761
1750945485454 0.21436062455177307 1762
1750945486802 0.2213066816329956 1763
1750945488126 0.2218380719423294 1764
1750945489470 0.21628427505493164 1765
1750945490799 0.19132716953754425 1766
1750945492152 0.20849579572677612 1767
1750945493538 0.2139771282672882 1768
1750945494871 0.19729527831077576 1769
1750945496227 0.21376676857471466 1770
1750945497590 0.21423330903053284 1771
1750945498921 0.17891988158226013 1772
1750945500254 0.20176105201244354 1773
1750945501611 0.19913646578788757 1774
1750945502930 0.2246280163526535 1775
1750945504255 0.25082871317863464 1776
1750945505579 0.23752155900001526 1777
1750945506963 0.2239486426115036 1778
1750945508285 0.1838628351688385 1779
1750945509627 0.21418671309947968 1780
1750945510942 0.21676704287528992 1781
1750945512254 0.20577463507652283 1782
1750945513577 0.2384069561958313 1783
1750945514971 0.18862730264663696 1784
1750945516289 0.20543408393859863 1785
1750945517645 0.20698581635951996 1786
1750945518979 0.18941789865493774 1787
1750945520212 0.381185382604599 1788
1750945521554 0.2010403573513031 1789
1750945522869 0.22038546204566956 1790
1750945524208 0.24019165337085724 1791
1750945525547 0.2184479534626007 1792
1750945526860 0.20207354426383972 1793
1750945528207 0.19956599175930023 1794
1750945529461 0.29066237807273865 1795
1750945530810 0.18621864914894104 1796
1750945532205 0.21795004606246948 1797
1750945533552 0.19945700466632843 1798
1750945534864 0.1944296956062317 1799
1750945536202 0.17634573578834534 1800
1750945610677 0.2146640121936798 1801
1750945665211 0.2120324671268463 1802
1750945666534 0.20922692120075226 1803
1750945667798 0.2656444013118744 1804
1750945669151 0.18498751521110535 1805
1750945670480 0.17940561473369598 1806
1750945671829 0.20767223834991455 1807
1750945673177 0.2042979896068573 1808
1750945674592 0.20246951282024384 1809
1750945675883 0.3254813551902771 1810
1750945677203 0.24868227541446686 1811
1750945678531 0.18158063292503357 1812
1750945679899 0.21676772832870483 1813
1750945681134 0.45691922307014465 1814
1750945682512 0.20884287357330322 1815
1750945683854 0.19050678610801697 1816
1750945685114 0.35361340641975403 1817
1750945686528 0.20943298935890198 1818
1750945687842 0.20790661871433258 1819
1750945689147 0.2182024121284485 1820
1750945690461 0.2061138153076172 1821
1750945691792 0.20659491419792175 1822
1750945693118 0.2184513807296753 1823
1750945694431 0.23781880736351013 1824
1750945695792 0.18230783939361572 1825
1750945697187 0.19329002499580383 1826
1750945698511 0.23497186601161957 1827
1750945699822 0.1797393560409546 1828
1750945701204 0.22255530953407288 1829
1750945702520 0.18253150582313538 1830
1750945703847 0.21701858937740326 1831
1750945705152 0.20889988541603088 1832
1750945706495 0.18956279754638672 1833
1750945707848 0.2249399721622467 1834
1750945709221 0.2278771847486496 1835
1750945710450 0.36512821912765503 1836
1750945711792 0.19032076001167297 1837
1750945713126 0.21113243699073792 1838
1750945714465 0.22145676612854004 1839
1750945715785 0.20541131496429443 1840
1750945717114 0.22483095526695251 1841
1750945718534 0.2122911512851715 1842
1750945719908 0.21566224098205566 1843
1750945721221 0.20473146438598633 1844
1750945722591 0.23377525806427002 1845
1750945724010 0.18344107270240784 1846
1750945725328 0.21278749406337738 1847
1750945726662 0.20910373330116272 1848
1750945728013 0.19782201945781708 1849
1750945729336 0.17221367359161377 1850
1750945730667 0.23537234961986542 1851
1750945732021 0.17319568991661072 1852
1750945733330 0.20525571703910828 1853
1750945734778 0.19611965119838715 1854
1750945736087 0.18055567145347595 1855
1750945737435 0.17472194135189056 1856
1750945738771 0.23646531999111176 1857
1750945740108 0.21367698907852173 1858
1750945741574 0.3653472065925598 1859
1750945742883 0.21650217473506927 1860
1750945744210 0.1870538592338562 1861
1750945745558 0.20994748175144196 1862
1750945746861 0.21506941318511963 1863
1750945748238 0.1799030601978302 1864
1750945749507 0.3044302761554718 1865
1750945750828 0.19910135865211487 1866
1750945752166 0.17754757404327393 1867
1750945753509 0.20500631630420685 1868
1750945754828 0.17367027699947357 1869
1750945756165 0.18008127808570862 1870
1750945757511 0.20350265502929688 1871
1750945758819 0.21108484268188477 1872
1750945760215 0.19198936223983765 1873
1750945761532 0.2172253280878067 1874
1750945762854 0.2277732491493225 1875
1750945764181 0.20136448740959167 1876
1750945765499 0.19431763887405396 1877
1750945766799 0.3807816207408905 1878
1750945768168 0.18960636854171753 1879
1750945769492 0.19020125269889832 1880
1750945770814 0.24272413551807404 1881
1750945772141 0.20195074379444122 1882
1750945773414 0.292229026556015 1883
1750945774727 0.2022697478532791 1884
1750945776100 0.18465687334537506 1885
1750945777466 0.234589084982872 1886
1750945778799 0.18969237804412842 1887
1750945780055 0.4528331160545349 1888
1750945781444 0.21758490800857544 1889
1750945782707 0.4057855010032654 1890
1750945784030 0.1825699806213379 1891
1750945785393 0.18767361342906952 1892
1750945786751 0.21242335438728333 1893
1750945788059 0.20713026821613312 1894
1750945789366 0.19135954976081848 1895
1750945790715 0.21694234013557434 1896
1750945792064 0.21338756382465363 1897
1750945793420 0.2084096372127533 1898
1750945794755 0.18587511777877808 1899
1750945796104 0.2017732858657837 1900
1750945797551 0.2312150001525879 1901
1750945798926 0.17790810763835907 1902
1750945800288 0.1795015037059784 1903
1750945801548 0.424042284488678 1904
1750945802887 0.22247625887393951 1905
1750945804239 0.21286851167678833 1906
1750945805607 0.19903603196144104 1907
1750945806962 0.18584515154361725 1908
1750945808321 0.22641995549201965 1909
1750945809708 0.1936517208814621 1910
1750945811029 0.38370639085769653 1911
1750945812363 0.3660311996936798 1912
1750945813736 0.16565951704978943 1913
1750945815068 0.21242466568946838 1914
1750945816406 0.14241138100624084 1915
1750945817804 0.15792807936668396 1916
1750945819179 0.2045547366142273 1917
1750945820553 0.20352056622505188 1918
1750945821923 0.22807064652442932 1919
1750945823265 0.2029953896999359 1920
1750945824626 0.1978166401386261 1921
1750945825972 0.16811853647232056 1922
1750945827365 0.16374069452285767 1923
1750945828786 0.1780969500541687 1924
1750945830059 0.3652181625366211 1925
1750945831412 0.19621682167053223 1926
1750945832783 0.16270330548286438 1927
1750945834103 0.1936928629875183 1928
1750945835472 0.19035038352012634 1929
1750945836852 0.1957838535308838 1930
1750945838219 0.20843099057674408 1931
1750945839699 0.2044544219970703 1932
1750945841054 0.22338062524795532 1933
1750945842410 0.22058364748954773 1934
1750945843742 0.20041000843048096 1935
1750945845115 0.19350022077560425 1936
1750945846467 0.18937623500823975 1937
1750945847869 0.21340392529964447 1938
1750945849318 0.170966237783432 1939
1750945850677 0.20003342628479004 1940
1750945852030 0.18810956180095673 1941
1750945853421 0.22124400734901428 1942
1750945854755 0.19244509935379028 1943
1750945856150 0.22538629174232483 1944
1750945857470 0.351510614156723 1945
1750945858822 0.25059428811073303 1946
1750945860180 0.1690940111875534 1947
1750945861554 0.14936016499996185 1948
1750945862906 0.17972782254219055 1949
1750945864241 0.19816312193870544 1950
1750945865630 0.1843874454498291 1951
1750945866994 0.18770486116409302 1952
1750945868414 0.17738649249076843 1953
1750945869781 0.20698103308677673 1954
1750945871223 0.22076764702796936 1955
1750945872589 0.2024320662021637 1956
1750945873962 0.18232738971710205 1957
1750945875360 0.1921428143978119 1958
1750945876705 0.20453223586082458 1959
1750945878076 0.18329697847366333 1960
1750945879447 0.15540584921836853 1961
1750945880910 0.20652049779891968 1962
1750945882297 0.17638231813907623 1963
1750945883683 0.22674614191055298 1964
1750945885023 0.20292022824287415 1965
1750945886403 0.17700177431106567 1966
1750945887745 0.171750009059906 1967
1750945889104 0.19849073886871338 1968
1750945890552 0.20888249576091766 1969
1750945891922 0.19277331233024597 1970
1750945893276 0.19200700521469116 1971
1750945894652 0.1868017315864563 1972
1750945895973 0.33023619651794434 1973
1750945897384 0.2597193121910095 1974
1750945898738 0.17717722058296204 1975
1750945900101 0.18029029667377472 1976
1750945901460 0.18229272961616516 1977
1750945902731 0.26347512006759644 1978
1750945904092 0.18169042468070984 1979
1750945905463 0.15700072050094604 1980
1750945906756 0.29571038484573364 1981
1750945908152 0.16795679926872253 1982
1750945909497 0.18976080417633057 1983
1750945910840 0.16548678278923035 1984
1750945912201 0.18212753534317017 1985
1750945913504 0.3985016345977783 1986
1750945914971 0.1721312701702118 1987
1750945916310 0.17576172947883606 1988
1750945917654 0.21522696316242218 1989
1750945919277 0.21375736594200134 1990
1750945920636 0.17955312132835388 1991
1750945922054 0.17922522127628326 1992
1750945923463 0.1801590621471405 1993
1750945924843 0.2199578881263733 1994
1750945926200 0.1717454493045807 1995
1750945927609 0.19081729650497437 1996
1750945929048 0.2084292769432068 1997
1750945930419 0.20438861846923828 1998
1750945931793 0.21491822600364685 1999
1750945933191 0.17360708117485046 2000
1750945934557 0.2101212441921234 2001
1750945935915 0.2360871434211731 2002
1750945937281 0.22314587235450745 2003
1750945938682 0.21833311021327972 2004
1750945940025 0.14631500840187073 2005
1750945941392 0.22339457273483276 2006
1750945942793 0.20582325756549835 2007
1750945944162 0.19667480885982513 2008
1750945945574 0.21059083938598633 2009
1750945946957 0.18768984079360962 2010
1750945948328 0.16931985318660736 2011
1750945949701 0.204999178647995 2012
1750945951080 0.1820756494998932 2013
1750945952437 0.16375215351581573 2014
1750945953819 0.2102525532245636 2015
1750945955169 0.2074262797832489 2016
1750945956545 0.20303264260292053 2017
1750945957994 0.18238848447799683 2018
1750945959339 0.1684584617614746 2019
1750945960725 0.19176819920539856 2020
1750945962090 0.192758247256279 2021
1750945963475 0.17603614926338196 2022
1750945964899 0.21420493721961975 2023
1750945966262 0.20546376705169678 2024
1750945967638 0.20510132610797882 2025
1750945969015 0.21188044548034668 2026
1750945970384 0.24416965246200562 2027
1750945971714 0.29584431648254395 2028
1750945973111 0.171182781457901 2029
1750945974408 0.38722121715545654 2030
1750945975800 0.22650325298309326 2031
1750945977224 0.1974485218524933 2032
1750945978587 0.21208149194717407 2033
1750945979890 0.29707831144332886 2034
1750945981344 0.16655707359313965 2035
1750945982705 0.18837079405784607 2036
1750945984112 0.16124393045902252 2037
1750945985487 0.2031947374343872 2038
1750945986902 0.20348992943763733 2039
1750945988285 0.21468676626682281 2040
1750945989668 0.19323405623435974 2041
1750945991004 0.2213638424873352 2042
1750945992377 0.21637360751628876 2043
1750945993751 0.15835650265216827 2044
1750945995166 0.19949930906295776 2045
1750945996514 0.21741077303886414 2046
1750945997887 0.22088497877120972 2047
1750945999230 0.1682383120059967 2048
1750946000616 0.2018759548664093 2049
1750946001941 0.2940455377101898 2050
1750946003286 0.17612379789352417 2051
1750946004661 0.2251725047826767 2052
1750946006062 0.24344220757484436 2053
1750946007514 0.19918543100357056 2054
1750946008877 0.16059821844100952 2055
1750946010296 0.16353729367256165 2056
1750946011731 0.22227531671524048 2057
1750946013115 0.21809321641921997 2058
1750946014522 0.2045890986919403 2059
1750946015958 0.18534165620803833 2060
1750946017319 0.17908143997192383 2061
1750946018701 0.20093733072280884 2062
1750946020122 0.1774088740348816 2063
1750946021521 0.19909681379795074 2064
1750946022885 0.20427358150482178 2065
1750946024296 0.17033255100250244 2066
1750946025699 0.2098681926727295 2067
1750946027067 0.20703116059303284 2068
1750946028463 0.2086799442768097 2069
1750946029837 0.1989133656024933 2070
1750946031225 0.21175932884216309 2071
1750946032587 0.17422160506248474 2072
1750946034005 0.19168683886528015 2073
1750946035380 0.1895771026611328 2074
1750946036756 0.19893145561218262 2075
1750946038125 0.18218395113945007 2076
1750946039520 0.18238592147827148 2077
1750946040879 0.17654287815093994 2078
1750946042209 0.16637393832206726 2079
1750946043598 0.17470063269138336 2080
1750946044966 0.18467946350574493 2081
1750946046309 0.1813923716545105 2082
1750946047677 0.19938266277313232 2083
1750946049061 0.18830972909927368 2084
1750946050387 0.17807170748710632 2085
1750946051730 0.20654082298278809 2086
1750946053057 0.20521818101406097 2087
1750946054393 0.22394371032714844 2088
1750946055727 0.20157678425312042 2089
1750946057087 0.19333600997924805 2090
1750946058479 0.1816958338022232 2091
1750946059804 0.16953828930854797 2092
1750946061163 0.20838110148906708 2093
1750946062528 0.1995728760957718 2094
1750946063860 0.3480810523033142 2095
1750946065273 0.1842820644378662 2096
1750946066597 0.17293843626976013 2097
1750946067977 0.19837722182273865 2098
1750946069353 0.1940549910068512 2099
1750946070716 0.20564024150371552 2100
1750946072156 0.17197060585021973 2101
1750946073513 0.19894404709339142 2102
1750946074865 0.16579802334308624 2103
1750946076205 0.20059645175933838 2104
1750946077784 0.19801130890846252 2105
1750946079182 0.16916602849960327 2106
1750946080549 0.22628936171531677 2107
1750946081920 0.19323483109474182 2108
1750946083208 0.3419358730316162 2109
1750946084456 0.3042483925819397 2110
1750946085818 0.21643564105033875 2111
1750946087181 0.1846320629119873 2112
1750946088608 0.21275822818279266 2113
1750946089913 0.27327701449394226 2114
1750946091236 0.1819249391555786 2115
1750946092597 0.20929710566997528 2116
1750946093954 0.19195762276649475 2117
1750946095280 0.18944713473320007 2118
1750946096529 0.339501291513443 2119
1750946097865 0.2084658145904541 2120
1750946099208 0.20839156210422516 2121
1750946100461 0.3150022625923157 2122
1750946101800 0.20237793028354645 2123
1750946103127 0.2030247449874878 2124
1750946104427 0.3465753197669983 2125
1750946105797 0.21963928639888763 2126
1750946107090 0.2984609603881836 2127
1750946108416 0.23466548323631287 2128
1750946109738 0.14671030640602112 2129
1750946111063 0.19290757179260254 2130
1750946112408 0.1528548151254654 2131
1750946113725 0.17532920837402344 2132
1750946114981 0.2899913787841797 2133
1750946116364 0.18930377066135406 2134
1750946117732 0.22215086221694946 2135
1750946119087 0.18710999190807343 2136
1750946120446 0.19061411917209625 2137
1750946121782 0.19535388052463531 2138
1750946123122 0.18960052728652954 2139
1750946124498 0.1950722485780716 2140
1750946125855 0.20402055978775024 2141
1750946127278 0.19448286294937134 2142
1750946128595 0.22033387422561646 2143
1750946129920 0.21776694059371948 2144
1750946131259 0.17912209033966064 2145
1750946132605 0.19328036904335022 2146
1750946133985 0.18948853015899658 2147
1750946135316 0.2197856307029724 2148
1750946136682 0.17779284715652466 2149
1750946138125 0.2120591104030609 2150
1750946139445 0.1625353991985321 2151
1750946140785 0.2135421335697174 2152
1750946142157 0.1741379052400589 2153
1750946143504 0.20457768440246582 2154
1750946144886 0.19615790247917175 2155
1750946146255 0.204438716173172 2156
1750946147581 0.19913524389266968 2157
1750946148919 0.16249437630176544 2158
1750946150334 0.1796492040157318 2159
1750946151656 0.1783629059791565 2160
1750946152978 0.1877230405807495 2161
1750946154342 0.18613609671592712 2162
1750946155674 0.18035227060317993 2163
1750946157021 0.18364763259887695 2164
1750946158371 0.18045951426029205 2165
1750946159703 0.16913862526416779 2166
1750946161029 0.15832698345184326 2167
1750946162373 0.18843302130699158 2168
1750946163748 0.19713225960731506 2169
1750946165100 0.2021833062171936 2170
1750946166442 0.2015586644411087 2171
1750946167723 0.23269668221473694 2172
1750946169158 0.19927620887756348 2173
1750946170585 0.1950482428073883 2174
1750946171940 0.18253055214881897 2175
1750946173282 0.1895563155412674 2176
1750946174623 0.19661860167980194 2177
1750946175957 0.2072421908378601 2178
1750946177321 0.16566243767738342 2179
1750946178672 0.21541941165924072 2180
1750946180007 0.17832569777965546 2181
1750946181367 0.14523398876190186 2182
1750946182792 0.1889098435640335 2183
1750946184151 0.1858636438846588 2184
1750946185512 0.20097234845161438 2185
1750946186946 0.1791837513446808 2186
1750946188299 0.16804242134094238 2187
1750946189708 0.16820557415485382 2188
1750946191058 0.17533351480960846 2189
1750946192394 0.2438865303993225 2190
1750946193726 0.2099834382534027 2191
1750946195099 0.2080221176147461 2192
1750946196445 0.1899760365486145 2193
1750946197822 0.18877843022346497 2194
1750946199234 0.15572354197502136 2195
1750946200583 0.15648245811462402 2196
1750946201977 0.1834934800863266 2197
1750946203361 0.19474276900291443 2198
1750946204738 0.18680855631828308 2199
1750946206046 0.16958406567573547 2200
1750946207331 0.2913130521774292 2201
1750946208678 0.19439435005187988 2202
1750946209939 0.3851899802684784 2203
1750946211284 0.18528532981872559 2204
1750946212851 0.2229483276605606 2205
1750946214205 0.1895170360803604 2206
1750946215548 0.1601809710264206 2207
1750946216897 0.2032146155834198 2208
1750946218283 0.18783001601696014 2209
1750946219579 0.24378925561904907 2210
1750946220919 0.14136788249015808 2211
1750946222240 0.18822550773620605 2212
1750946223537 0.40399664640426636 2213
1750946224813 0.28238165378570557 2214
1750946226145 0.17039045691490173 2215
1750946227481 0.21443772315979004 2216
1750946228772 0.234845370054245 2217
1750946230177 0.17368553578853607 2218
1750946231559 0.18240022659301758 2219
1750946232951 0.17822913825511932 2220
1750946234270 0.3526596128940582 2221
1750946235611 0.1939295083284378 2222
1750946236955 0.20218916237354279 2223
1750946238271 0.3258965015411377 2224
1750946239536 0.2573505640029907 2225
1750946240899 0.14508816599845886 2226
1750946242268 0.17821642756462097 2227
1750946243602 0.20552030205726624 2228
1750946244984 0.17682459950447083 2229
1750946246242 0.29669612646102905 2230
1750946247620 0.17593695223331451 2231
1750946248958 0.19721770286560059 2232
1750946250277 0.16487382352352142 2233
1750946251609 0.18164180219173431 2234
1750946252949 0.2018299549818039 2235
1750946254293 0.19126848876476288 2236
1750946255680 0.1736259162425995 2237
1750946257038 0.1677444726228714 2238
1750946258382 0.21166957914829254 2239
1750946259815 0.16436487436294556 2240
1750946261132 0.20488780736923218 2241
1750946262479 0.2093333899974823 2242
1750946263840 0.23984628915786743 2243
1750946265184 0.17667976021766663 2244
1750946266521 0.18863022327423096 2245
1750946267899 0.19841869175434113 2246
1750946269278 0.18133097887039185 2247
1750946270595 0.17335061728954315 2248
1750946271979 0.20287905633449554 2249
1750946273316 0.2145700752735138 2250
1750946274653 0.2078579217195511 2251
1750946275896 0.42190200090408325 2252
1750946277271 0.20459133386611938 2253
1750946278627 0.15618132054805756 2254
1750946279949 0.17500680685043335 2255
1750946281378 0.15116581320762634 2256
1750946282792 0.2149801105260849 2257
1750946284048 0.2699218988418579 2258
1750946285392 0.20917022228240967 2259
1750946286704 0.19577813148498535 2260
1750946288070 0.20842605829238892 2261
1750946289408 0.19122950732707977 2262
1750946290801 0.2138788402080536 2263
1750946292160 0.19329902529716492 2264
1750946293522 0.19510433077812195 2265
1750946294932 0.20240440964698792 2266
1750946296300 0.2027684450149536 2267
1750946297651 0.2266463041305542 2268
1750946298987 0.16171032190322876 2269
1750946300388 0.1563589721918106 2270
1750946301777 0.2146766036748886 2271
1750946303146 0.20515502989292145 2272
1750946304491 0.1784878671169281 2273
1750946305823 0.2050364464521408 2274
1750946307132 0.16341668367385864 2275
1750946308554 0.18251252174377441 2276
1750946309966 0.15218205749988556 2277
1750946311328 0.18742342293262482 2278
1750946312662 0.21138516068458557 2279
1750946313995 0.18912775814533234 2280
1750946315375 0.16292044520378113 2281
1750946316805 0.18250024318695068 2282
1750946318135 0.19736407697200775 2283
1750946319532 0.16019076108932495 2284
1750946320910 0.18123102188110352 2285
1750946322245 0.15462926030158997 2286
1750946323608 0.2293834090232849 2287
1750946324950 0.20243310928344727 2288
1750946326325 0.198407381772995 2289
1750946327590 0.3434928357601166 2290
1750946328912 0.19706903398036957 2291
1750946330302 0.16786663234233856 2292
1750946331736 0.14871922135353088 2293
1750946333087 0.21578194200992584 2294
1750946334434 0.3180762827396393 2295
1750946335816 0.18096178770065308 2296
1750946337137 0.22739019989967346 2297
1750946338468 0.16492924094200134 2298
1750946339807 0.20694756507873535 2299
1750946341180 0.18805913627147675 2300
1750946342774 0.19779911637306213 2301
1750946344202 0.21727187931537628 2302
1750946345594 0.1537953019142151 2303
1750946346939 0.18512588739395142 2304
1750946348256 0.3275967836380005 2305
1750946349609 0.18393875658512115 2306
1750946350887 0.26207494735717773 2307
1750946352244 0.20563329756259918 2308
1750946353552 0.3747067451477051 2309
1750946354960 0.18978866934776306 2310
1750946356300 0.22292126715183258 2311
1750946357712 0.18705976009368896 2312
1750946359111 0.20406445860862732 2313
1750946360444 0.16022193431854248 2314
1750946361820 0.1614544689655304 2315
1750946363169 0.19668260216712952 2316
1750946364449 0.2882816791534424 2317
1750946365798 0.18182945251464844 2318
1750946367158 0.19767409563064575 2319
1750946368488 0.14855632185935974 2320
1750946369848 0.1949061155319214 2321
1750946371174 0.1717800498008728 2322
1750946372593 0.20287463068962097 2323
1750946373947 0.19642165303230286 2324
1750946375281 0.2092728316783905 2325
1750946376633 0.16718138754367828 2326
1750946377967 0.176756352186203 2327
1750946379417 0.17863193154335022 2328
1750946380757 0.15213412046432495 2329
1750946382024 0.3126137852668762 2330
1750946383392 0.16992555558681488 2331
1750946384765 0.2234940379858017 2332
1750946386037 0.2938610911369324 2333
1750946387358 0.17895673215389252 2334
1750946388681 0.18487299978733063 2335
1750946390015 0.2383820116519928 2336
1750946391379 0.1806754469871521 2337
1750946392744 0.16408222913742065 2338
1750946394085 0.191342294216156 2339
1750946395402 0.21540996432304382 2340
1750946396747 0.18436101078987122 2341
1750946398002 0.25728926062583923 2342
1750946399336 0.18630817532539368 2343
1750946400790 0.19600912928581238 2344
1750946402118 0.16413205862045288 2345
1750946403489 0.17666828632354736 2346
1750946404819 0.16781949996948242 2347
1750946406188 0.1574980765581131 2348
1750946407477 0.32546669244766235 2349
1750946408929 0.20156358182430267 2350
1750946410225 0.3283068537712097 2351
1750946411582 0.20365886390209198 2352
1750946412835 0.2846609354019165 2353
1750946414174 0.21311509609222412 2354
1750946415555 0.21590693295001984 2355
1750946416977 0.1760176718235016 2356
1750946418287 0.2190970480442047 2357
1750946419617 0.20009732246398926 2358
1750946420958 0.18472585082054138 2359
1750946422297 0.20506179332733154 2360
1750946423656 0.19333332777023315 2361
1750946425031 0.15905268490314484 2362
1750946426365 0.18022742867469788 2363
1750946427645 0.3108600676059723 2364
1750946429041 0.20100098848342896 2365
1750946430388 0.2129981368780136 2366
1750946431738 0.20694923400878906 2367
1750946433061 0.20790651440620422 2368
1750946434400 0.16878116130828857 2369
1750946435798 0.2142007052898407 2370
1750946437160 0.18786323070526123 2371
1750946438540 0.1785092055797577 2372
1750946439940 0.16460028290748596 2373
1750946441321 0.22892209887504578 2374
1750946442699 0.17569608986377716 2375
1750946444074 0.17300397157669067 2376
1750946445428 0.2023310661315918 2377
1750946446768 0.18653111159801483 2378
1750946448017 0.30874425172805786 2379
1750946449294 0.4364481568336487 2380
1750946450630 0.20967692136764526 2381
1750946451975 0.1803378462791443 2382
1750946453350 0.19665852189064026 2383
1750946454723 0.19239287078380585 2384
1750946455999 0.3021302819252014 2385
1750946457435 0.18152770400047302 2386
1750946458816 0.17354625463485718 2387
1750946460184 0.17435643076896667 2388
1750946461546 0.20102351903915405 2389
1750946462950 0.208415687084198 2390
1750946464333 0.15705755352973938 2391
1750946465679 0.18041732907295227 2392
1750946467031 0.19035369157791138 2393
1750946468410 0.19841885566711426 2394
1750946469782 0.1880977600812912 2395
1750946471119 0.16360343992710114 2396
1750946472728 0.18140892684459686 2397
1750946474098 0.2027481496334076 2398
1750946475479 0.21282655000686646 2399
1750946476913 0.16037175059318542 2400
1750946478278 0.17232123017311096 2401
1750946479628 0.17310893535614014 2402
1750946481003 0.20441868901252747 2403
1750946482360 0.1610749363899231 2404
1750946483706 0.19173070788383484 2405
1750946485032 0.225666344165802 2406
1750946486441 0.17235442996025085 2407
1750946487710 0.23367300629615784 2408
1750946489091 0.14503926038742065 2409
1750946490444 0.1854126751422882 2410
1750946491796 0.20917877554893494 2411
1750946493177 0.18868675827980042 2412
1750946494546 0.21957480907440186 2413
1750946495885 0.19168274104595184 2414
1750946497172 0.27220338582992554 2415
1750946498528 0.1699163019657135 2416
1750946499904 0.19533661007881165 2417
1750946501211 0.4096328616142273 2418
1750946502637 0.20969994366168976 2419
1750946503992 0.15044023096561432 2420
1750946505341 0.20497635006904602 2421
1750946506677 0.17676007747650146 2422
1750946508003 0.13787749409675598 2423
1750946509373 0.15983524918556213 2424
1750946510702 0.22294706106185913 2425
1750946512088 0.18764905631542206 2426
1750946513438 0.19725291430950165 2427
1750946514803 0.141303151845932 2428
1750946516058 0.2284753918647766 2429
1750946517423 0.1939808875322342 2430
1750946518784 0.20865756273269653 2431
1750946520167 0.19466188549995422 2432
1750946521529 0.15532027184963226 2433
1750946522866 0.1475406438112259 2434
1750946524209 0.16862492263317108 2435
1750946525567 0.16218632459640503 2436
1750946526901 0.20408527553081512 2437
1750946528224 0.17917191982269287 2438
1750946529585 0.19508321583271027 2439
1750946530976 0.20547708868980408 2440
1750946532331 0.2286447286605835 2441
1750946533688 0.17339375615119934 2442
1750946535035 0.16474592685699463 2443
1750946536397 0.1837211400270462 2444
1750946537755 0.18096214532852173 2445
1750946539169 0.23293256759643555 2446
1750946540526 0.18535912036895752 2447
1750946541885 0.17409533262252808 2448
1750946543212 0.21822196245193481 2449
1750946544615 0.1950020045042038 2450
1750946545961 0.18790452182292938 2451
1750946547304 0.2107381522655487 2452
1750946548644 0.18930576741695404 2453
1750946549984 0.20725370943546295 2454
1750946551334 0.20338980853557587 2455
1750946552701 0.1963115632534027 2456
1750946554034 0.20876312255859375 2457
1750946555404 0.17964500188827515 2458
1750946556737 0.1676613986492157 2459
1750946558108 0.16990849375724792 2460
1750946559454 0.19093292951583862 2461
1750946560803 0.21652060747146606 2462
1750946562178 0.17809206247329712 2463
1750946563516 0.19070777297019958 2464
1750946564886 0.18426115810871124 2465
1750946566147 0.35622817277908325 2466
1750946567492 0.1975441426038742 2467
1750946568842 0.17595112323760986 2468
1750946570171 0.40620481967926025 2469
1750946571490 0.1664709448814392 2470
1750946572822 0.16904039680957794 2471
1750946574182 0.18839934468269348 2472
1750946575538 0.15834051370620728 2473
1750946576894 0.17132769525051117 2474
1750946578226 0.20536360144615173 2475
1750946579621 0.19393062591552734 2476
1750946580983 0.17226853966712952 2477
1750946582368 0.1748899668455124 2478
1750946583714 0.18258258700370789 2479
1750946585101 0.17990073561668396 2480
1750946586485 0.194830983877182 2481
1750946587813 0.20369629561901093 2482
1750946589231 0.17692627012729645 2483
1750946590596 0.1899895966053009 2484
1750946591937 0.21337322890758514 2485
1750946593376 0.19291901588439941 2486
1750946594715 0.18842551112174988 2487
1750946596123 0.19942912459373474 2488
1750946597707 0.17293186485767365 2489
1750946599084 0.15227338671684265 2490
1750946600421 0.21358847618103027 2491
1750946601800 0.16168412566184998 2492
1750946603247 0.1792389154434204 2493
1750946604572 0.201051265001297 2494
1750946605910 0.18022778630256653 2495
1750946607325 0.17299899458885193 2496
1750946608679 0.20376427471637726 2497
1750946610068 0.18615910410881042 2498
1750946611403 0.20813442766666412 2499
1750946612747 0.20590592920780182 2500
1750946614077 0.2076009064912796 2501
1750946615411 0.17927294969558716 2502
1750946616745 0.2189410924911499 2503
1750946618106 0.16719409823417664 2504
1750946619452 0.20650288462638855 2505
1750946620781 0.20910027623176575 2506
1750946622222 0.22475135326385498 2507
1750946623624 0.17073892056941986 2508
1750946624952 0.21164610981941223 2509
1750946626279 0.1761353313922882 2510
1750946627622 0.18996073305606842 2511
1750946628969 0.20684382319450378 2512
1750946630293 0.2219817340373993 2513
1750946631658 0.17361673712730408 2514
1750946632987 0.18088099360466003 2515
1750946634358 0.21545135974884033 2516
1750946635707 0.1928665190935135 2517
1750946637044 0.18760430812835693 2518
1750946638376 0.17406070232391357 2519
1750946639737 0.15027287602424622 2520
1750946641034 0.3118314743041992 2521
1750946642387 0.17576861381530762 2522
1750946643738 0.17099453508853912 2523
1750946645101 0.1682327687740326 2524
1750946646461 0.20305849611759186 2525
1750946647821 0.145937979221344 2526
1750946649287 0.19373968243598938 2527
1750946650692 0.1628703474998474 2528
1750946652093 0.1512393206357956 2529
1750946653434 0.16783103346824646 2530
1750946654791 0.1613048017024994 2531
1750946656175 0.22059877216815948 2532
1750946657546 0.19404882192611694 2533
1750946658901 0.17955437302589417 2534
1750946660240 0.172122985124588 2535
1750946661614 0.19281621277332306 2536
1750946663020 0.20067021250724792 2537
1750946664384 0.22192439436912537 2538
1750946665799 0.18047337234020233 2539
1750946667128 0.1808381974697113 2540
1750946668468 0.2725481390953064 2541
1750946669825 0.1894482970237732 2542
1750946671234 0.19492748379707336 2543
1750946672593 0.18680527806282043 2544
1750946673845 0.38148048520088196 2545
1750946675185 0.1998865306377411 2546
1750946676524 0.18525753915309906 2547
1750946677848 0.16697165369987488 2548
1750946679186 0.191803976893425 2549
1750946680511 0.19595566391944885 2550
1750946681898 0.1836632788181305 2551
1750946683254 0.19851405918598175 2552
1750946684594 0.20757228136062622 2553
1750946685909 0.21108132600784302 2554
1750946687248 0.17056697607040405 2555
1750946688626 0.1894274801015854 2556
1750946689958 0.15779878199100494 2557
1750946691314 0.1568583995103836 2558
1750946692664 0.17721378803253174 2559
1750946693993 0.1693236082792282 2560
1750946695328 0.18800412118434906 2561
1750946696670 0.17056122422218323 2562
1750946697993 0.1860365867614746 2563
1750946699342 0.17493832111358643 2564
1750946700656 0.17315271496772766 2565
1750946702024 0.19790247082710266 2566
1750946703377 0.22051742672920227 2567
1750946704704 0.18421001732349396 2568
1750946706096 0.17629319429397583 2569
1750946707640 0.17479318380355835 2570
1750946708964 0.2109859585762024 2571
1750946710314 0.16219832003116608 2572
1750946711747 0.20445996522903442 2573
1750946713167 0.23017963767051697 2574
1750946714502 0.21514460444450378 2575
1750946715823 0.17096880078315735 2576
1750946717156 0.19641198217868805 2577
1750946718504 0.2021002471446991 2578
1750946719832 0.16668292880058289 2579
1750946721253 0.16055497527122498 2580
1750946722622 0.2235032021999359 2581
1750946723953 0.19798198342323303 2582
1750946725365 0.19457727670669556 2583
1750946726664 0.31096023321151733 2584
1750946727994 0.1751304566860199 2585
1750946729325 0.20343883335590363 2586
1750946730726 0.22079159319400787 2587
1750946732064 0.20429405570030212 2588
1750946733398 0.1685398370027542 2589
1750946734732 0.20042693614959717 2590
1750946736059 0.19294363260269165 2591
1750946737398 0.19909700751304626 2592
1750946738724 0.177388995885849 2593
1750946740052 0.17012488842010498 2594
1750946741350 0.31485670804977417 2595
1750946742790 0.1681402623653412 2596
1750946744210 0.20621192455291748 2597
1750946745578 0.2197360396385193 2598
1750946747013 0.18960227072238922 2599
1750946748364 0.18983493745326996 2600
1750946749692 0.20226401090621948 2601
1750946751030 0.1964435577392578 2602
1750946752382 0.1680106669664383 2603
1750946753742 0.19236122071743011 2604
1750946755095 0.1867835521697998 2605
1750946756464 0.18238401412963867 2606
1750946757801 0.14872857928276062 2607
1750946759154 0.18698221445083618 2608
1750946760522 0.2069537490606308 2609
1750946761890 0.16639339923858643 2610
1750946763256 0.15940389037132263 2611
1750946764659 0.14641645550727844 2612
1750946765993 0.17705786228179932 2613
1750946767253 0.3181208074092865 2614
1750946768630 0.17957761883735657 2615
1750946769995 0.19752973318099976 2616
1750946771380 0.18470844626426697 2617
1750946772731 0.22556832432746887 2618
1750946774160 0.1879328340291977 2619
1750946775417 0.2480195164680481 2620
1750946776705 0.3536794185638428 2621
1750946778040 0.1908695548772812 2622
1750946779383 0.16620075702667236 2623
1750946780727 0.20100601017475128 2624
1750946781988 0.3007097542285919 2625
1750946783245 0.2746220529079437 2626
1750946784590 0.1764165759086609 2627
1750946785942 0.1960487812757492 2628
1750946787356 0.2113514095544815 2629
1750946788707 0.17186933755874634 2630
1750946790057 0.13788646459579468 2631
1750946791366 0.3089889883995056 2632
1750946792748 0.13631542026996613 2633
1750946794087 0.17747873067855835 2634
1750946795518 0.1672520637512207 2635
1750946796919 0.17841124534606934 2636
1750946798254 0.17743262648582458 2637
1750946799586 0.17811265587806702 2638
1750946800916 0.1965290606021881 2639
1750946802318 0.21456289291381836 2640
1750946803705 0.18357008695602417 2641
1750946805122 0.15832722187042236 2642
1750946806489 0.160108283162117 2643
1750946807824 0.20476305484771729 2644
1750946809167 0.1902826875448227 2645
1750946810529 0.17330685257911682 2646
1750946811878 0.20236662030220032 2647
1750946813228 0.18340998888015747 2648
1750946814543 0.1536736637353897 2649
1750946816108 0.16940340399742126 2650
1750946817455 0.18314634263515472 2651
1750946818808 0.2056404948234558 2652
1750946820267 0.20296280086040497 2653
1750946821602 0.1783428192138672 2654
1750946822964 0.17241448163986206 2655
1750946824281 0.21049630641937256 2656
1750946825635 0.1431521773338318 2657
1750946826962 0.15777844190597534 2658
1750946828292 0.1704035848379135 2659
1750946829650 0.20022688806056976 2660
1750946831004 0.17747873067855835 2661
1750946832377 0.19926103949546814 2662
1750946833692 0.2080024778842926 2663
1750946835047 0.19914443790912628 2664
1750946836397 0.17453457415103912 2665
1750946837820 0.18440601229667664 2666
1750946839174 0.1988615095615387 2667
1750946840554 0.18970197439193726 2668
1750946841907 0.17292776703834534 2669
1750946843173 0.35627907514572144 2670
1750946844517 0.3078800439834595 2671
1750946845880 0.19262182712554932 2672
1750946847240 0.2058468610048294 2673
1750946848560 0.20298704504966736 2674
1750946849901 0.1861550509929657 2675
1750946851285 0.19655676186084747 2676
1750946852686 0.1756841391324997 2677
1750946854026 0.1791192889213562 2678
1750946855403 0.18312978744506836 2679
1750946856759 0.19329045712947845 2680
1750946858089 0.2065075933933258 2681
1750946859475 0.19769740104675293 2682
1750946860908 0.17749640345573425 2683
1750946862270 0.17926380038261414 2684
1750946863602 0.1942083239555359 2685
1750946864934 0.18669593334197998 2686
1750946866273 0.17321622371673584 2687
1750946867626 0.19482722878456116 2688
1750946868973 0.1946047991514206 2689
1750946870300 0.18112264573574066 2690
1750946871599 0.2874721884727478 2691
1750946873009 0.17888474464416504 2692
1750946874374 0.20331117510795593 2693
1750946875726 0.21478919684886932 2694
1750946877062 0.16962921619415283 2695
1750946878446 0.21690352261066437 2696
1750946879783 0.17347589135169983 2697
1750946881119 0.18241140246391296 2698
1750946882470 0.16389375925064087 2699
1750946883796 0.17786617577075958 2700
1750946885150 0.15356405079364777 2701
1750946886539 0.1901254504919052 2702
1750946887871 0.19658628106117249 2703
1750946889265 0.18400335311889648 2704
1750946890597 0.17413334548473358 2705
1750946891857 0.248081237077713 2706
1750946893185 0.1781574934720993 2707
1750946894534 0.2373751848936081 2708
1750946895911 0.17302671074867249 2709
1750946897254 0.14336253702640533 2710
1750946898536 0.3298012614250183 2711
1750946899880 0.33810386061668396 2712
1750946901202 0.18996089696884155 2713
1750946902563 0.19076552987098694 2714
1750946903982 0.17189010977745056 2715
1750946905308 0.1778792142868042 2716
1750946906631 0.20724424719810486 2717
1750946907984 0.2132398933172226 2718
1750946909316 0.18074050545692444 2719
1750946910657 0.2019656002521515 2720
1750946912027 0.1960565447807312 2721
1750946913393 0.2359018325805664 2722
1750946914709 0.18614062666893005 2723
1750946916072 0.18701273202896118 2724
1750946917410 0.21234577894210815 2725
1750946918735 0.19494469463825226 2726
1750946920158 0.16785618662834167 2727
1750946921475 0.19404366612434387 2728
1750946922809 0.16848862171173096 2729
1750946924416 0.2020827978849411 2730
1750946925789 0.1659056842327118 2731
1750946927130 0.16886815428733826 2732
1750946928498 0.17186088860034943 2733
1750946929816 0.19835609197616577 2734
1750946931142 0.1861158311367035 2735
1750946932482 0.17515501379966736 2736
1750946933799 0.16047215461730957 2737
1750946935179 0.1853894293308258 2738
1750946936516 0.1821342408657074 2739
1750946937891 0.15878288447856903 2740
1750946939221 0.19140878319740295 2741
1750946940616 0.1727089285850525 2742
1750946941916 0.27520084381103516 2743
1750946943247 0.1936260461807251 2744
1750946944574 0.18848101794719696 2745
1750946945958 0.219119593501091 2746
1750946947324 0.20190927386283875 2747
1750946948746 0.18047770857810974 2748
1750946950134 0.19725143909454346 2749
1750946951406 0.35429316759109497 2750
1750946952771 0.20151165127754211 2751
1750946954164 0.2105831503868103 2752
1750946955523 0.21619459986686707 2753
1750946956898 0.15241830050945282 2754
1750946958269 0.1901576966047287 2755
1750946959594 0.18821075558662415 2756
1750946960959 0.194581538438797 2757
1750946962375 0.2143474519252777 2758
1750946963700 0.1615930050611496 2759
1750946965024 0.14903146028518677 2760
1750946966381 0.20136162638664246 2761
1750946967719 0.19322647154331207 2762
1750946969049 0.17121723294258118 2763
1750946970381 0.19009163975715637 2764
1750946971713 0.18472111225128174 2765
1750946973051 0.186221182346344 2766
1750946974385 0.1831493377685547 2767
1750946975728 0.19350682199001312 2768
1750946977058 0.20073775947093964 2769
1750946978376 0.2765665650367737 2770
1750946979715 0.20138224959373474 2771
1750946981062 0.20183268189430237 2772
1750946982459 0.1852324903011322 2773
1750946983802 0.17485778033733368 2774
1750946985244 0.1596001386642456 2775
1750946986581 0.19477710127830505 2776
1750946987912 0.19199636578559875 2777
1750946989272 0.17696765065193176 2778
1750946990612 0.18000832200050354 2779
1750946991996 0.15881112217903137 2780
1750946993428 0.18340808153152466 2781
1750946994764 0.1716948300600052 2782
1750946996124 0.19371441006660461 2783
1750946997468 0.17514568567276 2784
1750946998798 0.18340110778808594 2785
1750947000081 0.2707479000091553 2786
1750947001446 0.18092334270477295 2787
1750947002816 0.18071964383125305 2788
1750947004062 0.3971419632434845 2789
1750947005394 0.19411271810531616 2790
1750947006715 0.19655156135559082 2791
1750947008062 0.1756969839334488 2792
1750947009434 0.18155306577682495 2793
1750947010824 0.199774831533432 2794
1750947012138 0.18256889283657074 2795
1750947013491 0.17804482579231262 2796
1750947014854 0.18581053614616394 2797
1750947016184 0.18370221555233002 2798
1750947017438 0.3491283059120178 2799
1750947018767 0.16786208748817444 2800
1750947020148 0.1766945719718933 2801
1750947021429 0.361819326877594 2802
1750947022790 0.1735999584197998 2803
1750947024128 0.1908101886510849 2804
1750947025460 0.20031988620758057 2805
1750947026892 0.14903485774993896 2806
1750947028165 0.3308405578136444 2807
1750947029738 0.16986247897148132 2808
1750947031080 0.20413832366466522 2809
1750947032330 0.318939745426178 2810
1750947033770 0.190663143992424 2811
1750947035096 0.18129763007164001 2812
1750947036435 0.1858341097831726 2813
1750947037752 0.3839850425720215 2814
1750947039071 0.2039448767900467 2815
1750947040475 0.19882763922214508 2816
1750947041835 0.18713213503360748 2817
1750947043192 0.1806395947933197 2818
1750947044556 0.2026505470275879 2819
1750947045892 0.19621184468269348 2820
1750947047240 0.18112868070602417 2821
1750947048663 0.1943850815296173 2822
1750947049996 0.1869802176952362 2823
1750947051329 0.181549072265625 2824
1750947052655 0.15713225305080414 2825
1750947053986 0.19283853471279144 2826
1750947055328 0.1456214189529419 2827
1750947056691 0.19655640423297882 2828
1750947058069 0.20249205827713013 2829
1750947059329 0.3071085214614868 2830
1750947060664 0.18918731808662415 2831
1750947061912 0.2956305742263794 2832
1750947063302 0.1644999086856842 2833
1750947064671 0.17868515849113464 2834
1750947066007 0.18684840202331543 2835
1750947067278 0.3246985077857971 2836
1750947068597 0.18376368284225464 2837
1750947070033 0.20827093720436096 2838
1750947071392 0.1818576157093048 2839
1750947072747 0.1803455799818039 2840
1750947074069 0.18022967875003815 2841
1750947075414 0.19714483618736267 2842
1750947076833 0.18725326657295227 2843
1750947078204 0.16001218557357788 2844
1750947079538 0.1957869529724121 2845
1750947080962 0.1789620816707611 2846
1750947082295 0.17660510540008545 2847
1750947083650 0.20024171471595764 2848
1750947084999 0.19339464604854584 2849
1750947086322 0.2016700655221939 2850
1750947087653 0.2111428678035736 2851
1750947088983 0.18325863778591156 2852
1750947090351 0.16444002091884613 2853
1750947091745 0.17349722981452942 2854
1750947093078 0.2015293389558792 2855
1750947094426 0.1829768568277359 2856
1750947095780 0.19626927375793457 2857
1750947097135 0.19549649953842163 2858
1750947098479 0.2054845243692398 2859
1750947099840 0.1997455656528473 2860
1750947101164 0.16590847074985504 2861
1750947102570 0.19050917029380798 2862
1750947103894 0.1686118096113205 2863
1750947105277 0.17174705862998962 2864
1750947106662 0.18840548396110535 2865
1750947108007 0.22075945138931274 2866
1750947109372 0.20878350734710693 2867
1750947110700 0.1649205982685089 2868
1750947112042 0.14227956533432007 2869
1750947113440 0.20459283888339996 2870
1750947114778 0.17268683016300201 2871
1750947116113 0.16665849089622498 2872
1750947117492 0.182479590177536 2873
1750947118862 0.18033018708229065 2874
1750947120185 0.1567079722881317 2875
1750947121754 0.18012374639511108 2876
1750947123115 0.17395952343940735 2877
1750947124455 0.2035904973745346 2878
1750947125798 0.20517727732658386 2879
1750947127126 0.1690932810306549 2880
1750947128483 0.18091320991516113 2881
1750947129847 0.1974996030330658 2882
1750947131160 0.18014788627624512 2883
1750947132492 0.15893542766571045 2884
1750947133837 0.17659085988998413 2885
1750947135203 0.18521910905838013 2886
1750947136578 0.16037046909332275 2887
1750947137980 0.16897784173488617 2888
1750947139314 0.1749144196510315 2889
1750947140660 0.16647395491600037 2890
1750947142024 0.186836838722229 2891
1750947143322 0.3392653465270996 2892
1750947144655 0.20841363072395325 2893
1750947145989 0.16791225969791412 2894
1750947147390 0.2125791609287262 2895
1750947148725 0.15994563698768616 2896
1750947150061 0.22959253191947937 2897
1750947151393 0.18370643258094788 2898
1750947152685 0.32793742418289185 2899
1750947154046 0.18835388123989105 2900
1750947155386 0.18966811895370483 2901
1750947156729 0.19513756036758423 2902
1750947158025 0.2611582577228546 2903
1750947159378 0.18523739278316498 2904
1750947160712 0.1947648674249649 2905
1750947162050 0.13569265604019165 2906
1750947163389 0.1888284981250763 2907
1750947164668 0.39288973808288574 2908
1750947165920 0.32439562678337097 2909
1750947167250 0.18038585782051086 2910
1750947168585 0.1911948323249817 2911
1750947169958 0.15473321080207825 2912
1750947171287 0.19562460482120514 2913
1750947172624 0.1794023960828781 2914
1750947173986 0.16715052723884583 2915
1750947175315 0.18671661615371704 2916
1750947176634 0.1693662405014038 2917
1750947177953 0.34203073382377625 2918
1750947179283 0.17690888047218323 2919
1750947180602 0.1853920817375183 2920
1750947181943 0.18947908282279968 2921
1750947183276 0.18089818954467773 2922
1750947184658 0.18306505680084229 2923
1750947186114 0.19750893115997314 2924
1750947187451 0.21214979887008667 2925
1750947188914 0.17106971144676208 2926
1750947190274 0.17615047097206116 2927
1750947191633 0.18569454550743103 2928
1750947192998 0.1918068826198578 2929
1750947194369 0.2229287326335907 2930
1750947195724 0.19530007243156433 2931
1750947197066 0.18657682836055756 2932
1750947198405 0.22589153051376343 2933
1750947199746 0.19887501001358032 2934
1750947201058 0.41444647312164307 2935
1750947202397 0.18924987316131592 2936
1750947203718 0.2087029665708542 2937
1750947205098 0.1637810617685318 2938
1750947206691 0.208746999502182 2939
1750947208045 0.20136840641498566 2940
1750947209377 0.17232933640480042 2941
1750947210710 0.1952374130487442 2942
1750947212064 0.19238325953483582 2943
1750947213421 0.17566093802452087 2944
1750947214756 0.20392581820487976 2945
1750947216173 0.18233442306518555 2946
1750947217535 0.17923519015312195 2947
1750947218896 0.15810349583625793 2948
1750947220266 0.18327593803405762 2949
1750947221623 0.21083751320838928 2950
1750947222980 0.18020972609519958 2951
1750947224367 0.2120370864868164 2952
1750947225778 0.22786517441272736 2953
1750947227103 0.21592313051223755 2954
1750947228481 0.15398408472537994 2955
1750947229828 0.15301114320755005 2956
1750947231161 0.1980585753917694 2957
1750947232533 0.1797236204147339 2958
1750947233886 0.15685859322547913 2959
1750947235269 0.18192660808563232 2960
1750947236652 0.16184601187705994 2961
1750947237941 0.3584471344947815 2962
1750947239290 0.16547498106956482 2963
1750947240623 0.19051536917686462 2964
1750947242048 0.18281987309455872 2965
1750947243383 0.18126866221427917 2966
1750947244731 0.18884466588497162 2967
1750947246097 0.16300958395004272 2968
1750947247492 0.18412187695503235 2969
1750947248932 0.15482960641384125 2970
1750947250287 0.17521998286247253 2971
1750947251683 0.14904403686523438 2972
1750947253025 0.1644669771194458 2973
1750947254404 0.1852724403142929 2974
1750947255764 0.16043215990066528 2975
1750947257112 0.18292030692100525 2976
1750947258511 0.18648426234722137 2977
1750947259853 0.2047729194164276 2978
1750947261210 0.18653061985969543 2979
1750947262673 0.1994664967060089 2980
1750947264062 0.1585969477891922 2981
1750947265384 0.3507540822029114 2982
1750947266707 0.19249564409255981 2983
1750947268064 0.18533307313919067 2984
1750947269409 0.2295035421848297 2985
1750947270749 0.19505515694618225 2986
1750947272074 0.14726820588111877 2987
1750947273403 0.19825617969036102 2988
1750947274732 0.19180160760879517 2989
1750947276155 0.18056057393550873 2990
1750947277489 0.19180646538734436 2991
1750947278886 0.15598386526107788 2992
1750947280230 0.18685618042945862 2993
1750947281548 0.24646444618701935 2994
1750947282927 0.1881830394268036 2995
1750947284172 0.28696513175964355 2996
1750947285599 0.19108650088310242 2997
1750947286890 0.295402467250824 2998
1750947288238 0.18693193793296814 2999
1750947289575 0.20090511441230774 3000
1750947290921 0.17883504927158356 3001
1750947292200 0.46021169424057007 3002
1750947293818 0.16517634689807892 3003
1750947295230 0.1610749065876007 3004
1750947296569 0.17994090914726257 3005
1750947297932 0.16155637800693512 3006
1750947299285 0.1905241161584854 3007
1750947300624 0.18197795748710632 3008
1750947301968 0.20831885933876038 3009
1750947303299 0.19997361302375793 3010
1750947304652 0.19838669896125793 3011
1750947305978 0.16591446101665497 3012
1750947307335 0.18522509932518005 3013
1750947308694 0.19726161658763885 3014
1750947310069 0.18936289846897125 3015
1750947311430 0.18692927062511444 3016
1750947312779 0.19337591528892517 3017
1750947314134 0.17125847935676575 3018
1750947315400 0.3630162179470062 3019
1750947316740 0.1844087392091751 3020
1750947318116 0.19774478673934937 3021
1750947319457 0.206284299492836 3022
1750947320815 0.16516336798667908 3023
1750947322145 0.22212648391723633 3024
1750947323479 0.18557029962539673 3025
1750947324816 0.18414774537086487 3026
1750947326166 0.19685347378253937 3027
1750947327567 0.16805684566497803 3028
1750947328916 0.21827340126037598 3029
1750947330272 0.17182692885398865 3030
1750947331597 0.19415272772312164 3031
1750947332989 0.23400166630744934 3032
1750947334311 0.19216272234916687 3033
1750947335684 0.1788598597049713 3034
1750947337035 0.1512409895658493 3035
1750947338397 0.1730467677116394 3036
1750947339755 0.18060514330863953 3037
1750947341099 0.16145838797092438 3038
1750947342443 0.20168805122375488 3039
1750947343788 0.15672865509986877 3040
1750947345133 0.18089637160301208 3041
1750947346485 0.17108730971813202 3042
1750947347832 0.1873093545436859 3043
1750947349193 0.15271687507629395 3044
1750947350548 0.199012890458107 3045
1750947351913 0.1754322201013565 3046
1750947353279 0.176845520734787 3047
1750947354636 0.1897224485874176 3048
1750947355987 0.19181188941001892 3049
1750947357355 0.17966687679290771 3050
1750947358733 0.19008226692676544 3051
1750947360108 0.1571936160326004 3052
1750947361538 0.1749684363603592 3053
1750947362878 0.18010619282722473 3054
1750947364223 0.18053025007247925 3055
1750947365577 0.15162602066993713 3056
1750947366896 0.1726624220609665 3057
1750947368224 0.20737004280090332 3058
1750947369625 0.17258742451667786 3059
1750947371000 0.16313204169273376 3060
1750947372382 0.16248327493667603 3061
1750947373725 0.1768125295639038 3062
1750947375004 0.2961638867855072 3063
1750947376290 0.3329112231731415 3064
1750947377619 0.1925845593214035 3065
1750947379025 0.18013356626033783 3066
1750947380357 0.18318238854408264 3067
1750947381763 0.16548730432987213 3068
1750947383330 0.19267946481704712 3069
1750947384689 0.18546432256698608 3070
1750947386086 0.20656371116638184 3071
1750947387500 0.19378332793712616 3072
1750947388818 0.19542764127254486 3073
1750947390153 0.1985011249780655 3074
1750947391551 0.16209262609481812 3075
1750947392922 0.24639514088630676 3076
1750947394303 0.1598924994468689 3077
1750947395642 0.1700577437877655 3078
1750947396988 0.17257556319236755 3079
1750947398343 0.2029436081647873 3080
1750947399671 0.18561208248138428 3081
1750947401022 0.17685014009475708 3082
1750947402340 0.26931288838386536 3083
1750947403690 0.2138434499502182 3084
1750947404949 0.3605862557888031 3085
1750947406225 0.33180004358291626 3086
1750947407571 0.20657935738563538 3087
1750947408903 0.15660163760185242 3088
1750947410257 0.17321206629276276 3089
1750947411604 0.18630275130271912 3090
1750947412994 0.1802394986152649 3091
1750947414318 0.17753995954990387 3092
1750947415683 0.19604021310806274 3093
1750947417012 0.19332221150398254 3094
1750947418419 0.17420250177383423 3095
1750947419781 0.16146498918533325 3096
1750947421136 0.16602516174316406 3097
1750947422463 0.19138377904891968 3098
1750947423748 0.33151352405548096 3099
1750947425117 0.21629562973976135 3100
1750947426448 0.2111133337020874 3101
1750947427791 0.1603465974330902 3102
1750947429135 0.18507811427116394 3103
1750947430500 0.2033933848142624 3104
1750947431850 0.17518816888332367 3105
1750947433192 0.21655336022377014 3106
1750947434574 0.18686352670192719 3107
1750947435929 0.1652742326259613 3108
1750947437274 0.173806831240654 3109
1750947438602 0.17442813515663147 3110
1750947439987 0.197961688041687 3111
1750947441379 0.1815555840730667 3112
1750947442712 0.2094091773033142 3113
1750947444038 0.17394542694091797 3114
1750947445376 0.19865255057811737 3115
1750947446733 0.19432193040847778 3116
1750947448002 0.23406708240509033 3117
1750947449388 0.17398762702941895 3118
1750947450719 0.19029197096824646 3119
1750947452044 0.1878969967365265 3120
1750947453374 0.15898330509662628 3121
1750947454727 0.18647298216819763 3122
1750947456077 0.195516437292099 3123
1750947457435 0.18969830870628357 3124
1750947458771 0.16501592099666595 3125
1750947460142 0.17559465765953064 3126
1750947461495 0.20892611145973206 3127
1750947462859 0.18197239935398102 3128
1750947464225 0.19193080067634583 3129
1750947465500 0.2698519229888916 3130
1750947466902 0.17001932859420776 3131
1750947468364 0.16905167698860168 3132
1750947469711 0.2105410099029541 3133
1750947471127 0.16851553320884705 3134
1750947472390 0.2993113398551941 3135
1750947473847 0.20015224814414978 3136
1750947475192 0.18039125204086304 3137
1750947476553 0.1721256524324417 3138
1750947477906 0.1842588186264038 3139
1750947479229 0.16713228821754456 3140
1750947480751 0.18404531478881836 3141
1750947482096 0.14084936678409576 3142
1750947483425 0.1998574137687683 3143
1750947484805 0.16571620106697083 3144
1750947486150 0.15404656529426575 3145
1750947487480 0.1745595633983612 3146
1750947488853 0.18716028332710266 3147
1750947490266 0.20322120189666748 3148
1750947491596 0.15266188979148865 3149
1750947492880 0.3608229458332062 3150
1750947494221 0.20052748918533325 3151
1750947495479 0.26893430948257446 3152
1750947496826 0.1907530128955841 3153
1750947498237 0.19814711809158325 3154
1750947499657 0.20909297466278076 3155
1750947501004 0.16599351167678833 3156
1750947502405 0.23548272252082825 3157
1750947503772 0.18036365509033203 3158
1750947505115 0.19518877565860748 3159
1750947506459 0.20489442348480225 3160
1750947507784 0.20566080510616302 3161
1750947509076 0.2532726228237152 3162
1750947510430 0.2070675790309906 3163
1750947511701 0.2641252875328064 3164
1750947513024 0.19441640377044678 3165
1750947514358 0.17069634795188904 3166
1750947515775 0.20813769102096558 3167
1750947517153 0.14549797773361206 3168
1750947518486 0.14029225707054138 3169
1750947519863 0.21581658720970154 3170
1750947521193 0.18237587809562683 3171
1750947522540 0.1608053743839264 3172
1750947523873 0.20464098453521729 3173
1750947525262 0.17733263969421387 3174
1750947526595 0.17521224915981293 3175
1750947527956 0.18904682993888855 3176
1750947529312 0.18400976061820984 3177
1750947530661 0.1948680281639099 3178
1750947532044 0.16491124033927917 3179
1750947533417 0.20043714344501495 3180
1750947534855 0.17344780266284943 3181
1750947536192 0.18085888028144836 3182
1750947537521 0.17927566170692444 3183
1750947538838 0.15281769633293152 3184
1750947540161 0.18840572237968445 3185
1750947541497 0.15437033772468567 3186
1750947542829 0.20758426189422607 3187
1750947544200 0.17225581407546997 3188
1750947545557 0.16937050223350525 3189
1750947546893 0.16991686820983887 3190
1750947548290 0.1609063744544983 3191
1750947549699 0.1580987572669983 3192
1750947551031 0.19234983623027802 3193
1750947552434 0.18219047784805298 3194
1750947553834 0.1881612092256546 3195
1750947555183 0.15379679203033447 3196
1750947556570 0.17558713257312775 3197
1750947557926 0.1906273066997528 3198
1750947559258 0.19540750980377197 3199
1750947560608 0.15161503851413727 3200
1750947561947 0.15444065630435944 3201
1750947563487 0.2278454452753067 3202
1750947564854 0.16944760084152222 3203
1750947566204 0.20198017358779907 3204
1750947567578 0.1953357756137848 3205
1750947568906 0.1950095295906067 3206
1750947570289 0.21743087470531464 3207
1750947571570 0.25027090311050415 3208
1750947572891 0.18484428524971008 3209
1750947574222 0.16793093085289001 3210
1750947575558 0.17829325795173645 3211
1750947576912 0.19585397839546204 3212
1750947578203 0.3285103440284729 3213
1750947579545 0.20252013206481934 3214
1750947580886 0.1813432276248932 3215
1750947582253 0.21029061079025269 3216
1750947583585 0.19258999824523926 3217
1750947585017 0.1903645396232605 3218
1750947586327 0.19591835141181946 3219
1750947587689 0.18348175287246704 3220
1750947589024 0.17482101917266846 3221
1750947590449 0.18535766005516052 3222
1750947591796 0.17148709297180176 3223
1750947593048 0.2583124041557312 3224
1750947594389 0.1879277527332306 3225
1750947595799 0.17059093713760376 3226
1750947597148 0.17334997653961182 3227
1750947598496 0.18540692329406738 3228
1750947599752 0.2643807828426361 3229
1750947601102 0.20741799473762512 3230
1750947602454 0.17658698558807373 3231
1750947603782 0.20118363201618195 3232
1750947605137 0.18079254031181335 3233
1750947606489 0.1636371612548828 3234
1750947607851 0.22657248377799988 3235
1750947609194 0.17355473339557648 3236
1750947610539 0.19610877335071564 3237
1750947611914 0.18289753794670105 3238
1750947613249 0.17396992444992065 3239
1750947614594 0.20126666128635406 3240
1750947615956 0.1613985151052475 3241
1750947617386 0.21245098114013672 3242
1750947618762 0.1781836748123169 3243
1750947620093 0.18663638830184937 3244
1750947621482 0.17826607823371887 3245
1750947622827 0.19977200031280518 3246
1750947624239 0.22176112234592438 3247
1750947625605 0.17621001601219177 3248
1750947626934 0.18013405799865723 3249
1750947628297 0.18497484922409058 3250
1750947629685 0.18270328640937805 3251
1750947631026 0.155249685049057 3252
1750947632385 0.17993810772895813 3253
1750947633733 0.1757493019104004 3254
1750947635081 0.1808229684829712 3255
1750947636352 0.23066432774066925 3256
1750947637692 0.18578988313674927 3257
1750947639042 0.18376648426055908 3258
1750947640636 0.16709578037261963 3259
1750947641997 0.17375457286834717 3260
1750947643311 0.33210405707359314 3261
1750947644654 0.1521075963973999 3262
1750947646010 0.1718064844608307 3263
1750947647363 0.1726784110069275 3264
1750947648750 0.1952333152294159 3265
1750947650131 0.18548013269901276 3266
1750947651467 0.14823079109191895 3267
1750947652817 0.16245463490486145 3268
1750947654180 0.18007990717887878 3269
1750947655519 0.16361385583877563 3270
1750947656903 0.200239360332489 3271
1750947658259 0.16923236846923828 3272
1750947659651 0.1764325201511383 3273
1750947660956 0.3404005467891693 3274
1750947662332 0.19369956851005554 3275
1750947663620 0.34140923619270325 3276
1750947665014 0.15878285467624664 3277
1750947666360 0.1348162442445755 3278
1750947667726 0.21625256538391113 3279
1750947669126 0.17861053347587585 3280
1750947670549 0.19892647862434387 3281
1750947671938 0.1926804780960083 3282
1750947673284 0.1985461413860321 3283
1750947674648 0.1858038604259491 3284
1750947675994 0.17811386287212372 3285
1750947677368 0.17610129714012146 3286
1750947678789 0.19289180636405945 3287
1750947680127 0.17987199127674103 3288
1750947681488 0.19345714151859283 3289
1750947682831 0.16981428861618042 3290
1750947684188 0.1579725444316864 3291
1750947685596 0.18910783529281616 3292
1750947686922 0.21244065463542938 3293
1750947688271 0.22260016202926636 3294
1750947689596 0.20983485877513885 3295
1750947691019 0.1875569224357605 3296
1750947692358 0.16632939875125885 3297
1750947693806 0.16845078766345978 3298
1750947695147 0.19152390956878662 3299
1750947696518 0.18308144807815552 3300
1750947697863 0.12303280830383301 3301
1750947699327 0.18559423089027405 3302
1750947700694 0.209072083234787 3303
1750947702035 0.18627293407917023 3304
1750947703317 0.35895445942878723 3305
1750947704705 0.1709461808204651 3306
1750947706043 0.20497357845306396 3307
1750947707324 0.33156120777130127 3308
1750947708682 0.2171907126903534 3309
1750947710037 0.1773049235343933 3310
1750947711389 0.17354035377502441 3311
1750947712736 0.15324907004833221 3312
1750947714383 0.2181745171546936 3313
1750947715762 0.15864717960357666 3314
1750947717082 0.22724995017051697 3315
1750947718474 0.20275753736495972 3316
1750947719795 0.17818443477153778 3317
1750947721180 0.1900501251220703 3318
1750947722516 0.18392401933670044 3319
1750947723773 0.26494091749191284 3320
1750947725172 0.18654227256774902 3321
1750947726577 0.18284043669700623 3322
1750947727910 0.17777284979820251 3323
1750947729259 0.18659041821956635 3324
1750947730578 0.19024747610092163 3325
1750947731905 0.16201625764369965 3326
1750947733265 0.22032669186592102 3327
1750947734597 0.16865551471710205 3328
1750947735961 0.16795802116394043 3329
1750947737318 0.17086926102638245 3330
1750947738704 0.17520692944526672 3331
1750947740050 0.1665055900812149 3332
1750947741392 0.17580276727676392 3333
1750947742675 0.27599865198135376 3334
1750947744039 0.14996568858623505 3335
1750947745443 0.14967820048332214 3336
1750947746795 0.17253324389457703 3337
1750947748134 0.17577572166919708 3338
1750947749498 0.18461155891418457 3339
1750947750823 0.14739927649497986 3340
1750947752149 0.20583106577396393 3341
1750947753517 0.20499253273010254 3342
1750947754874 0.18020525574684143 3343
1750947756283 0.1627773642539978 3344
1750947757620 0.18855628371238708 3345
1750947758958 0.17917200922966003 3346
1750947760318 0.18070881068706512 3347
1750947761680 0.18061009049415588 3348
1750947763030 0.1510474681854248 3349
1750947764422 0.17244523763656616 3350
1750947765781 0.16893267631530762 3351
1750947767116 0.17363125085830688 3352
1750947768531 0.1737324297428131 3353
1750947769930 0.19823956489562988 3354
1750947771348 0.2000308483839035 3355
1750947772690 0.17458213865756989 3356
1750947774046 0.1825072169303894 3357
1750947775408 0.144686758518219 3358
1750947776837 0.17475765943527222 3359
1750947778155 0.18024340271949768 3360
1750947779503 0.19522970914840698 3361
1750947780906 0.1589648425579071 3362
1750947782229 0.16303899884223938 3363
1750947783581 0.208581805229187 3364
1750947784918 0.16770635545253754 3365
1750947786248 0.1715267151594162 3366
1750947787589 0.19100752472877502 3367
1750947788958 0.1829717457294464 3368
1750947790274 0.1592552661895752 3369
1750947791897 0.17453938722610474 3370
1750947793240 0.19834642112255096 3371
1750947794571 0.16293910145759583 3372
1750947795964 0.19025221467018127 3373
1750947797306 0.19742771983146667 3374
1750947798629 0.18314939737319946 3375
1750947799980 0.1992192268371582 3376
1750947801269 0.3377637267112732 3377
1750947802637 0.15745767951011658 3378
1750947803984 0.179802805185318 3379
1750947805333 0.15213944017887115 3380
1750947806658 0.1575184166431427 3381
1750947807992 0.20179298520088196 3382
1750947809338 0.1597323715686798 3383
1750947810699 0.18575610220432281 3384
1750947812038 0.17542245984077454 3385
1750947813403 0.1916060894727707 3386
1750947814655 0.3662293553352356 3387
1750947816078 0.21015265583992004 3388
1750947817353 0.3348429203033447 3389
1750947818675 0.17983034253120422 3390
1750947820039 0.14071261882781982 3391
1750947821389 0.1939249336719513 3392
1750947822746 0.17141109704971313 3393
1750947824105 0.18474310636520386 3394
1750947825450 0.1662263423204422 3395
1750947826819 0.17772097885608673 3396
1750947828184 0.1873801052570343 3397
1750947829569 0.19094568490982056 3398
1750947830955 0.18608351051807404 3399
1750947832308 0.18775591254234314 3400
1750947833665 0.18551740050315857 3401
1750947834965 0.30030643939971924 3402
1750947836356 0.22940188646316528 3403
1750947837691 0.1919112205505371 3404
1750947839045 0.18930745124816895 3405
1750947840403 0.1890757828950882 3406
1750947841749 0.19749249517917633 3407
1750947843056 0.16922760009765625 3408
1750947844383 0.1733883023262024 3409
1750947845755 0.16697938740253448 3410
1750947847114 0.14392869174480438 3411
1750947848441 0.16079220175743103 3412
1750947849778 0.1389399617910385 3413
1750947851179 0.1901189684867859 3414
1750947852531 0.18438918888568878 3415
1750947853878 0.17799034714698792 3416
1750947855226 0.1860121488571167 3417
1750947856597 0.15115131437778473 3418
1750947857975 0.19782504439353943 3419
1750947859305 0.18714472651481628 3420
1750947860635 0.15680009126663208 3421
1750947861977 0.20541001856327057 3422
1750947863332 0.3248251676559448 3423
1750947864935 0.1797916293144226 3424
1750947866309 0.18841759860515594 3425
1750947867707 0.19084329903125763 3426
1750947869070 0.14817285537719727 3427
1750947870397 0.20915010571479797 3428
1750947871748 0.21537011861801147 3429
1750947873066 0.35125869512557983 3430
1750947874403 0.21472160518169403 3431
1750947875721 0.17696207761764526 3432
1750947877046 0.19975152611732483 3433
1750947878424 0.1807522475719452 3434
1750947879766 0.16565483808517456 3435
1750947881203 0.2023715376853943 3436
1750947882550 0.1794215738773346 3437
1750947883950 0.2103492021560669 3438
1750947885321 0.17042718827724457 3439
1750947886689 0.20886726677417755 3440
1750947888015 0.19911351799964905 3441
1750947889385 0.1859118491411209 3442
1750947890732 0.16940414905548096 3443
1750947892089 0.1790204793214798 3444
1750947893435 0.15329229831695557 3445
1750947894780 0.15685981512069702 3446
1750947896234 0.18285034596920013 3447
1750947897505 0.4911386966705322 3448
1750947898845 0.18009868264198303 3449
1750947900199 0.16753056645393372 3450
1750947901573 0.19598354399204254 3451
1750947902916 0.1941949874162674 3452
1750947904275 0.16947564482688904 3453
1750947905603 0.19165529310703278 3454
1750947906992 0.1735047698020935 3455
1750947908359 0.17467615008354187 3456
1750947909681 0.17305304110050201 3457
1750947911033 0.16154417395591736 3458
1750947912468 0.17658337950706482 3459
1750947913796 0.1664164662361145 3460
1750947915132 0.15219241380691528 3461
1750947916621 0.18098877370357513 3462
1750947918016 0.1361244171857834 3463
1750947919280 0.36299142241477966 3464
1750947920629 0.20645013451576233 3465
1750947921976 0.17839065194129944 3466
1750947923325 0.1679542064666748 3467
1750947924695 0.20110449194908142 3468
1750947926106 0.1896640658378601 3469
1750947927444 0.1908978521823883 3470
1750947928859 0.15576216578483582 3471
1750947930190 0.16757598519325256 3472
1750947931515 0.1688813865184784 3473
1750947932853 0.18642786145210266 3474
1750947934192 0.17984730005264282 3475
1750947935537 0.1808445155620575 3476
1750947936817 0.29430538415908813 3477
1750947938170 0.17179805040359497 3478
1750947939499 0.19194041192531586 3479
1750947940827 0.1826469749212265 3480
1750947942358 0.3364673852920532 3481
1750947943783 0.15228325128555298 3482
1750947945098 0.36278724670410156 3483
1750947946348 0.23069338500499725 3484
1750947947696 0.17678451538085938 3485
1750947949043 0.19080829620361328 3486
1750947950396 0.19145335257053375 3487
1750947951809 0.19480906426906586 3488
1750947953161 0.1733408272266388 3489
1750947954421 0.36162126064300537 3490
1750947955738 0.1412678211927414 3491
1750947957068 0.13656875491142273 3492
1750947958397 0.19649335741996765 3493
1750947959768 0.1840333640575409 3494
1750947961121 0.17877915501594543 3495
1750947962519 0.2264346182346344 3496
1750947963859 0.17948982119560242 3497
1750947965275 0.1641148030757904 3498
1750947966623 0.16787847876548767 3499
1750947968066 0.17149241268634796 3500
1750947969426 0.17187824845314026 3501
1750947970830 0.17567312717437744 3502
1750947972177 0.1882077306509018 3503
1750947973515 0.17620724439620972 3504
1750947974912 0.1504705548286438 3505
1750947976306 0.17527706921100616 3506
1750947977655 0.17344607412815094 3507
1750947979071 0.1643531322479248 3508
1750947980388 0.19113236665725708 3509
1750947981817 0.15499995648860931 3510
1750947983184 0.1659659445285797 3511
1750947984450 0.330083966255188 3512
1750947985726 0.35992926359176636 3513
1750947987083 0.15937843918800354 3514
1750947988458 0.160893514752388 3515
1750947989789 0.18097499012947083 3516
1750947991111 0.2639434337615967 3517
1750947992441 0.18592569231987 3518
1750947993775 0.1929715871810913 3519
1750947995168 0.1786966472864151 3520
1750947996493 0.1689433753490448 3521
1750947997845 0.17451542615890503 3522
1750947999203 0.1701740324497223 3523
1750948000536 0.1784864217042923 3524
1750948001888 0.156152606010437 3525
1750948003230 0.18196123838424683 3526
1750948004589 0.1990768313407898 3527
1750948006004 0.1694725751876831 3528
1750948007408 0.16732573509216309 3529
1750948008802 0.20086881518363953 3530
1750948010185 0.18764907121658325 3531
1750948011556 0.19014185667037964 3532
1750948012896 0.17026272416114807 3533
1750948014295 0.15168267488479614 3534
1750948015616 0.16830353438854218 3535
1750948016955 0.19736894965171814 3536
1750948018512 0.20674338936805725 3537
1750948019840 0.18562369048595428 3538
1750948021244 0.14604967832565308 3539
1750948022572 0.1823592185974121 3540
1750948023903 0.18945562839508057 3541
1750948025255 0.17597931623458862 3542
1750948026670 0.17848438024520874 3543
1750948027995 0.18753266334533691 3544
1750948029357 0.1783784031867981 3545
1750948030707 0.1838751882314682 3546
1750948032039 0.20329123735427856 3547
1750948033463 0.1733756810426712 3548
1750948034821 0.1609647572040558 3549
1750948036229 0.1695394217967987 3550
1750948037657 0.1709110140800476 3551
1750948038926 0.3692936599254608 3552
1750948040290 0.1530296355485916 3553
1750948041679 0.1475880742073059 3554
1750948043044 0.17706021666526794 3555
1750948044476 0.16756118834018707 3556
1750948045877 0.2120717167854309 3557
1750948047219 0.2018151879310608 3558
1750948048579 0.1942264437675476 3559
1750948049894 0.16379675269126892 3560
1750948051250 0.1774911880493164 3561
1750948052606 0.19670724868774414 3562
1750948053992 0.2000051885843277 3563
1750948055306 0.1976948231458664 3564
1750948056655 0.17048253118991852 3565
1750948058038 0.1438162624835968 3566
1750948059385 0.17474263906478882 3567
1750948060746 0.17815053462982178 3568
1750948062068 0.18112444877624512 3569
1750948063447 0.20544689893722534 3570
1750948064766 0.1987529844045639 3571
1750948066155 0.16774460673332214 3572
1750948067521 0.20220975577831268 3573
1750948068891 0.19373586773872375 3574
1750948070241 0.1534954011440277 3575
1750948071596 0.19282537698745728 3576
1750948072860 0.26950162649154663 3577
1750948074191 0.2928508520126343 3578
1750948075513 0.17702695727348328 3579
1750948076840 0.1845635622739792 3580
1750948078184 0.1640205830335617 3581
1750948079525 0.17853538691997528 3582
1750948080975 0.18165047466754913 3583
1750948082596 0.16542251408100128 3584
1750948083995 0.18571311235427856 3585
1750948085344 0.18684381246566772 3586
1750948086654 0.16932326555252075 3587
1750948087973 0.1691833734512329 3588
1750948089239 0.3499129116535187 3589
1750948090563 0.16806478798389435 3590
1750948091921 0.19261811673641205 3591
1750948093257 0.17990294098854065 3592
1750948094612 0.16496184468269348 3593
1750948096010 0.20662586390972137 3594
1750948097313 0.16265153884887695 3595
1750948098676 0.17935796082019806 3596
1750948100019 0.1877695620059967 3597
1750948101370 0.16307803988456726 3598
1750948102709 0.17769700288772583 3599
1750948104391 0.18138566613197327 3600
1750948181651 0.20059643685817719 3601
1750948236052 0.19964230060577393 3602
1750948237494 0.18357188999652863 3603
1750948238840 0.1644822210073471 3604
1750948240215 0.1807246208190918 3605
1750948241568 0.14775417745113373 3606
1750948242925 0.197642982006073 3607
1750948244258 0.18876606225967407 3608
1750948245610 0.2129136621952057 3609
1750948246944 0.22446665167808533 3610
1750948248272 0.2056192010641098 3611
1750948249638 0.14095064997673035 3612
1750948250934 0.3370812237262726 3613
1750948252313 0.17774951457977295 3614
1750948253607 0.3731759190559387 3615
1750948254938 0.13783714175224304 3616
1750948256290 0.17347875237464905 3617
1750948257649 0.16049018502235413 3618
1750948258995 0.18317946791648865 3619
1750948260344 0.1827821135520935 3620
1750948261681 0.1710631400346756 3621
1750948263014 0.15071670711040497 3622
1750948264362 0.17786207795143127 3623
1750948265686 0.23845171928405762 3624
1750948267052 0.1681326925754547 3625
1750948268477 0.18619105219841003 3626
1750948269806 0.19979475438594818 3627
1750948271147 0.17979076504707336 3628
1750948272495 0.15298117697238922 3629
1750948273843 0.15801703929901123 3630
1750948275186 0.19261515140533447 3631
1750948276508 0.18485575914382935 3632
1750948277867 0.21790510416030884 3633
1750948279264 0.17326438426971436 3634
1750948280617 0.19800961017608643 3635
1750948281997 0.17976808547973633 3636
1750948283376 0.16491176187992096 3637
1750948284745 0.18910259008407593 3638
1750948286110 0.2091796100139618 3639
1750948287495 0.17472563683986664 3640
1750948288850 0.20107242465019226 3641
1750948290218 0.1819937825202942 3642
1750948291566 0.18702666461467743 3643
1750948292906 0.19100424647331238 3644
1750948294179 0.3793884813785553 3645
1750948296053 0.2323145568370819 3646
1750948297409 0.2763926386833191 3647
1750948298874 0.18671847879886627 3648
1750948301600 0.1553346961736679 3649
1750948304343 0.38581985235214233 3650
1750948305671 0.1813669204711914 3651
1750948306991 0.19462306797504425 3652
1750948308327 0.20926055312156677 3653
1750948310996 0.17818346619606018 3654
1750948313679 0.16922250390052795 3655
1750948315033 0.19485537707805634 3656
1750948316974 0.33369946479797363 3657
1750948318556 0.19344252347946167 3658
1750948321118 0.18297334015369415 3659
1750948322911 0.17427943646907806 3660
1750948325753 0.1778792440891266 3661
1750948327080 0.31523945927619934 3662
1750948328420 0.18246698379516602 3663
1750948329702 0.27156907320022583 3664
1750948330963 0.2685191333293915 3665
1750948332313 0.13072872161865234 3666
1750948333647 0.15532079339027405 3667
1750948334944 0.2715475261211395 3668
1750948336278 0.17532292008399963 3669
1750948337648 0.16918402910232544 3670
1750948338908 0.31067565083503723 3671
1750948340252 0.1702914834022522 3672
1750948341629 0.16705355048179626 3673
1750948342990 0.20143485069274902 3674
1750948344341 0.17930510640144348 3675
1750948345706 0.20138387382030487 3676
1750948347048 0.17780399322509766 3677
1750948348422 0.1683775782585144 3678
1750948349701 0.33785104751586914 3679
1750948350957 0.32671108841896057 3680
1750948352250 0.28454500436782837 3681
1750948353596 0.19209504127502441 3682
1750948354933 0.17799986898899078 3683
1750948356338 0.17588719725608826 3684
1750948357676 0.1898813545703888 3685
1750948359055 0.20116670429706573 3686
1750948360405 0.17932413518428802 3687
1750948361703 0.28411054611206055 3688
1750948363044 0.18565651774406433 3689
1750948364432 0.1741286814212799 3690
1750948365794 0.17549850046634674 3691
1750948367165 0.20482118427753448 3692
1750948368729 0.2007400542497635 3693
1750948370127 0.17666345834732056 3694
1750948371445 0.16139647364616394 3695
1750948372782 0.16523073613643646 3696
1750948374112 0.1905559003353119 3697
1750948375463 0.12525993585586548 3698
1750948376792 0.19744423031806946 3699
1750948378127 0.15252849459648132 3700
1750948379453 0.2064744383096695 3701
1750948380877 0.20097514986991882 3702
1750948382299 0.18421077728271484 3703
1750948383650 0.20657792687416077 3704
1750948385057 0.18923315405845642 3705
1750948386422 0.15561026334762573 3706
1750948387743 0.17909911274909973 3707
1750948389102 0.18582290410995483 3708
1750948390398 0.24847856163978577 3709
1750948391793 0.16337192058563232 3710
1750948393145 0.1916646659374237 3711
1750948394480 0.1865883320569992 3712
1750948395811 0.1701563149690628 3713
1750948397149 0.20667418837547302 3714
1750948398483 0.15204235911369324 3715
1750948399933 0.19402474164962769 3716
1750948401272 0.195212721824646 3717
1750948402609 0.1991899162530899 3718
1750948403949 0.1419210284948349 3719
1750948405278 0.16578245162963867 3720
1750948406687 0.21251127123832703 3721
1750948408016 0.1967250406742096 3722
1750948409356 0.15882250666618347 3723
1750948410733 0.20575174689292908 3724
1750948412066 0.15203258395195007 3725
1750948413427 0.1376599669456482 3726
1750948414766 0.1796259880065918 3727
1750948416134 0.17605067789554596 3728
1750948417469 0.20577140152454376 3729
1750948418869 0.19261622428894043 3730
1750948420214 0.1878765970468521 3731
1750948421563 0.1711738407611847 3732
1750948422911 0.18173754215240479 3733
1750948424276 0.18073973059654236 3734
1750948425684 0.15868303179740906 3735
1750948427055 0.1907910406589508 3736
1750948428476 0.17125698924064636 3737
1750948429821 0.16941258311271667 3738
1750948431171 0.15886829793453217 3739
1750948432559 0.17648828029632568 3740
1750948434130 0.17357158660888672 3741
1750948435462 0.20975583791732788 3742
1750948436812 0.17634403705596924 3743
1750948438094 0.3349470794200897 3744
1750948439423 0.1742880791425705 3745
1750948440781 0.16399884223937988 3746
1750948442107 0.16992494463920593 3747
1750948443491 0.19491919875144958 3748
1750948444859 0.18752416968345642 3749
1750948446207 0.1727253943681717 3750
1750948447552 0.19375088810920715 3751
1750948448917 0.18566638231277466 3752
1750948450251 0.20541419088840485 3753
1750948451596 0.18798144161701202 3754
1750948452932 0.18601584434509277 3755
1750948454311 0.17536307871341705 3756
1750948455775 0.19830751419067383 3757
1750948457108 0.17604774236679077 3758
1750948458454 0.18028438091278076 3759
1750948459789 0.16679647564888 3760
1750948461192 0.17441067099571228 3761
1750948462541 0.18321478366851807 3762
1750948463866 0.20366987586021423 3763
1750948465218 0.16817426681518555 3764
1750948466548 0.1737380176782608 3765
1750948467870 0.1630367934703827 3766
1750948469194 0.2527642846107483 3767
1750948470629 0.17862814664840698 3768
1750948471990 0.1838626116514206 3769
1750948473366 0.17725145816802979 3770
1750948474716 0.16290944814682007 3771
1750948476049 0.18936672806739807 3772
1750948477367 0.17472435534000397 3773
1750948478639 0.2998080849647522 3774
1750948479972 0.1678144633769989 3775
1750948481387 0.18312165141105652 3776
1750948482716 0.16562247276306152 3777
1750948484041 0.18034616112709045 3778
1750948485338 0.3488539457321167 3779
1750948486754 0.17794394493103027 3780
1750948488091 0.1590372771024704 3781
1750948489593 0.19898255169391632 3782
1750948490850 0.23307661712169647 3783
1750948492227 0.22558251023292542 3784
1750948493606 0.19763588905334473 3785
1750948494935 0.19835440814495087 3786
1750948496345 0.17724095284938812 3787
1750948497694 0.158720463514328 3788
1750948499259 0.19101476669311523 3789
1750948500639 0.15343990921974182 3790
1750948501900 0.3019696772098541 3791
1750948503274 0.1401558816432953 3792
1750948504633 0.16398920118808746 3793
1750948506053 0.1714814305305481 3794
1750948507389 0.1831076592206955 3795
1750948508869 0.15206009149551392 3796
1750948510203 0.17921797931194305 3797
1750948511542 0.18284505605697632 3798
1750948512868 0.20697671175003052 3799
1750948514144 0.3790711462497711 3800
1750948515473 0.18374402821063995 3801
1750948516828 0.19056496024131775 3802
1750948518182 0.23249515891075134 3803
1750948519528 0.18130554258823395 3804
1750948520895 0.15121561288833618 3805
1750948522252 0.16803580522537231 3806
1750948523589 0.19509217143058777 3807
1750948524941 0.17490984499454498 3808
1750948526289 0.18107444047927856 3809
1750948527630 0.1856691837310791 3810
1750948528980 0.200199156999588 3811
1750948530313 0.19531166553497314 3812
1750948531663 0.1835925430059433 3813
1750948532994 0.18104033172130585 3814
1750948534321 0.18028265237808228 3815
1750948535664 0.1850639283657074 3816
1750948537013 0.1978088617324829 3817
1750948538442 0.1556655615568161 3818
1750948539831 0.18167129158973694 3819
1750948541169 0.18342481553554535 3820
1750948542550 0.19313167035579681 3821
1750948543836 0.3200697898864746 3822
1750948545171 0.2704010307788849 3823
1750948546511 0.18455034494400024 3824
1750948547849 0.16988283395767212 3825
1750948549118 0.2819359600543976 3826
1750948550483 0.180308535695076 3827
1750948551848 0.17458219826221466 3828
1750948553213 0.1844213455915451 3829
1750948554603 0.19105885922908783 3830
1750948555956 0.1867835372686386 3831
1750948557289 0.15948078036308289 3832
1750948558629 0.14865493774414062 3833
1750948559964 0.15642020106315613 3834
1750948561357 0.1891624927520752 3835
1750948562709 0.1718447208404541 3836
1750948564332 0.18838751316070557 3837
1750948565678 0.18674336373806 3838
1750948567024 0.21127043664455414 3839
1750948568298 0.2593482434749603 3840
1750948569653 0.1517089456319809 3841
1750948570999 0.18556123971939087 3842
1750948572335 0.14573082327842712 3843
1750948573669 0.1624189019203186 3844
1750948575070 0.16889353096485138 3845
1750948576421 0.18961338698863983 3846
1750948577747 0.156534343957901 3847
1750948579134 0.18041035532951355 3848
1750948580483 0.16755416989326477 3849
1750948581839 0.15149304270744324 3850
1750948583194 0.20520702004432678 3851
1750948584531 0.18214401602745056 3852
1750948585882 0.20677626132965088 3853
1750948587244 0.17839115858078003 3854
1750948588586 0.18064650893211365 3855
1750948589996 0.200126051902771 3856
1750948591383 0.16954255104064941 3857
1750948592743 0.17377109825611115 3858
1750948594135 0.19382639229297638 3859
1750948595458 0.16851964592933655 3860
1750948596821 0.1950511932373047 3861
1750948598182 0.2043529450893402 3862
1750948599518 0.16729551553726196 3863
1750948600779 0.3489481508731842 3864
1750948602126 0.2007562518119812 3865
1750948603467 0.1826057881116867 3866
1750948604838 0.16715414822101593 3867
1750948606176 0.20139667391777039 3868
1750948607334 0.4127395451068878 3869
