1751445972463 2.6652541160583496 1
1751446123950 0.40700411796569824 2
1751446125383 0.9213154315948486 3
1751446127299 0.26353320479393005 4
1751446128728 0.7761061191558838 5
1751446130105 1.0762196779251099 6
1751446132023 0.496865838766098 7
1751446133268 0.5757453441619873 8
1751446134436 1.6106011867523193 9
1751446135738 0.7747622728347778 10
1751446136994 0.4993283748626709 11
1751446138155 0.9837284088134766 12
1751446139416 0.8599035143852234 13
1751446140757 0.5954744815826416 14
1751446142049 0.7478328943252563 15
1751446143554 0.6290010213851929 16
1751446145010 0.5374568700790405 17
1751446146883 1.23819100856781 18
1751446148129 1.8611350059509277 19
1751446149809 0.7549463510513306 20
1751446151241 0.9936916828155518 21
1751446152738 0.5697965621948242 22
1751446154033 0.7037389278411865 23
1751446155571 0.9082551002502441 24
1751446156941 0.9595333933830261 25
1751446158211 2.538355588912964 26
1751446159386 0.48664161562919617 27
1751446160590 0.6616875529289246 28
1751446162501 0.42004138231277466 29
1751446163883 0.741214394569397 30
1751446165253 0.3997015357017517 31
1751446166620 0.70628422498703 32
1751446167828 0.7354051470756531 33
1751446169114 0.6688096523284912 34
1751446170389 0.6742056012153625 35
1751446171654 0.6490449905395508 36
1751446174441 0.5480642318725586 37
1751446175758 0.4037489593029022 38
1751446177014 0.5084367394447327 39
1751446178481 0.7729620933532715 40
1751446179767 1.4104223251342773 41
1751446181009 0.6797371506690979 42
1751446182231 0.8663876056671143 43
1751446183420 0.9850223660469055 44
1751446184704 0.10406176745891571 45
1751446185945 0.9472030997276306 46
1751446188374 0.8832786083221436 47
1751446199381 1.067702054977417 48
1751446200595 1.1373932361602783 49
1751446201826 0.9072809815406799 50
1751446203215 0.6194449067115784 51
1751446204720 0.6388906240463257 52
1751446206446 0.9282230138778687 53
1751446208027 0.8733671307563782 54
1751446209467 1.419797420501709 55
1751446210788 0.4752727746963501 56
1751446212273 0.6163671612739563 57
1751446214051 0.5102983117103577 58
1751446215830 0.9381363391876221 59
1751446217341 0.6025234460830688 60
1751446218720 1.1725631952285767 61
1751446220004 0.5648699998855591 62
1751446221254 0.49184080958366394 63
1751446222583 0.9595292806625366 64
1751446223811 0.778242290019989 65
1751446225075 0.5609619617462158 66
1751446226275 1.1068599224090576 67
1751446228116 0.7585446834564209 68
1751446229490 0.7903339862823486 69
1751446231242 0.9946131706237793 70
1751446233143 0.5794942378997803 71
1751446234707 1.6810834407806396 72
1751446236520 0.28847748041152954 73
1751446238637 1.0152547359466553 74
1751446240087 1.7907849550247192 75
1751446242062 0.967600405216217 76
1751446244041 0.6870119571685791 77
1751446245336 0.8249251842498779 78
1751446246644 0.7021340131759644 79
1751446247919 0.4991808533668518 80
1751446249182 0.4474257528781891 81
1751446250486 0.9296026229858398 82
1751446251744 0.6640488505363464 83
1751446253882 0.7524416446685791 84
1751446255226 0.7392320036888123 85
1751446256608 0.6116847991943359 86
1751446259555 0.6354285478591919 87
1751446261097 1.5389028787612915 88
1751446262293 0.8057549595832825 89
1751446263570 0.5096410512924194 90
1751446264895 0.519926905632019 91
1751446266268 0.5598951578140259 92
1751446267555 0.4642575979232788 93
1751446268781 0.6189380884170532 94
1751446270048 0.6604655981063843 95
1751446271346 0.6938196420669556 96
1751446272586 0.6908186078071594 97
1751446273800 0.6567084193229675 98
1751446275100 0.9770087003707886 99
1751446276088 1.8952081203460693 100
1751446277700 0.7162944078445435 101
1751446279213 0.8127509355545044 102
1751446280519 0.6473475098609924 103
1751446281776 0.5911988019943237 104
1751446283041 0.5684424638748169 105
1751446284312 0.7320547103881836 106
1751446285515 0.6060750484466553 107
1751446286790 0.2533334791660309 108
1751446288146 0.5544837713241577 109
1751446289393 0.6924797296524048 110
1751446290616 1.3050053119659424 111
1751446291841 0.7721640467643738 112
1751446293175 0.5937050580978394 113
1751446294560 0.9823607206344604 114
1751446295793 1.0547575950622559 115
1751446297062 0.3296070396900177 116
1751446298352 1.4133093357086182 117
1751446299586 0.78095543384552 118
1751446300839 1.1899926662445068 119
1751446302084 0.8992424011230469 120
1751446303330 0.6432572603225708 121
1751446304554 1.2751919031143188 122
1751446305862 0.707769513130188 123
1751446307096 1.0532876253128052 124
1751446308338 0.49929606914520264 125
1751446309550 0.6146712303161621 126
1751446310884 0.8576029539108276 127
1751446312264 0.9996971487998962 128
1751446313814 0.5286235213279724 129
1751446315441 0.7614707946777344 130
1751446316805 1.381413459777832 131
1751446318084 1.4206942319869995 132
1751446319512 0.7033884525299072 133
1751446320807 0.9687240719795227 134
1751446322260 1.5942344665527344 135
1751446323535 0.9722570180892944 136
1751446324826 0.5252001285552979 137
1751446326593 0.8045030832290649 138
1751446327916 0.5470005869865417 139
1751446329182 0.6204178929328918 140
1751446330447 1.3110007047653198 141
1751446331816 0.5809957385063171 142
1751446333225 0.27091625332832336 143
1751446334485 0.4577849209308624 144
1751446335934 0.8039233684539795 145
1751446337507 0.6189144849777222 146
1751446338858 0.7671431303024292 147
1751446340553 0.8957648277282715 148
1751446341874 0.7931184768676758 149
1751446343088 0.2399270087480545 150
1751446344331 0.554813027381897 151
1751446345571 1.1303004026412964 152
1751446346830 0.6829056739807129 153
1751446348064 0.42012014985084534 154
1751446349287 0.7145594358444214 155
1751446350558 0.8895812034606934 156
1751446351862 0.41221505403518677 157
1751446353192 0.8381179571151733 158
1751446354604 0.3677802085876465 159
1751446356146 1.371978998184204 160
1751446357447 0.8793758749961853 161
1751446358735 0.7400469779968262 162
1751446360088 1.1113917827606201 163
1751446361432 0.43666303157806396 164
1751446362689 0.7591826915740967 165
1751446363962 0.8144176602363586 166
1751446365290 0.3397473096847534 167
1751446367116 0.6870136260986328 168
1751446368379 0.6694512367248535 169
1751446369694 0.6491637229919434 170
1751446370953 0.5903018712997437 171
1751446372236 1.4118986129760742 172
1751446373563 0.5098155736923218 173
1751446374873 1.2639145851135254 174
1751446376138 0.8556209802627563 175
1751446377818 1.5060334205627441 176
1751446379035 0.10579551011323929 177
1751446380325 0.7044012546539307 178
1751446381600 0.5855504274368286 179
1751446382829 0.7235289812088013 180
1751446384055 0.5477308630943298 181
1751446385364 0.6280415058135986 182
1751446386567 0.6669067740440369 183
1751446388386 0.22093309462070465 184
1751446389754 0.6948589086532593 185
1751446391078 1.0208990573883057 186
1751446392361 0.4042801260948181 187
1751446393750 0.6872055530548096 188
1751446395131 1.1157779693603516 189
1751446396368 0.8129799962043762 190
1751446397608 0.6684325933456421 191
1751446398891 0.5552511811256409 192
1751446400129 0.669605553150177 193
1751446401327 1.1497554779052734 194
1751446402598 0.7895531058311462 195
1751446403842 1.3817651271820068 196
1751446405287 1.044369101524353 197
1751446406673 1.272519588470459 198
1751446407956 0.3281169831752777 199
1751446409200 0.7625150680541992 200
1751446410435 0.11503361165523529 201
1751446411662 1.2753801345825195 202
1751446412896 0.6532862186431885 203
1751446414172 0.15084956586360931 204
1751446415390 1.9905641078948975 205
1751446416703 0.5406493544578552 206
1751446417894 1.1525838375091553 207
1751446419142 0.3480421006679535 208
1751446420497 0.8818788528442383 209
1751446421744 0.4910062551498413 210
1751446422946 0.7415127754211426 211
1751446424211 0.5782310962677002 212
1751446425577 0.5902130603790283 213
1751446427090 0.7229123711585999 214
1751446428434 0.9240046739578247 215
1751446429760 1.5894900560379028 216
1751446431049 0.9463399648666382 217
1751446432384 0.6948262453079224 218
1751446433667 0.5821202397346497 219
1751446434973 0.8518590927124023 220
1751446436254 1.079939842224121 221
1751446437523 0.49395227432250977 222
1751446438879 0.5713542699813843 223
1751446440108 0.8611263036727905 224
1751446441356 0.7501047849655151 225
1751446442647 0.6264631748199463 226
1751446443915 0.6186460852622986 227
1751446445249 0.755355954170227 228
1751446446484 0.7475286722183228 229
1751446447730 0.6286817193031311 230
1751446449100 0.5740857124328613 231
1751446450336 0.5989250540733337 232
1751446451638 0.3230968713760376 233
1751446452859 0.9770147800445557 234
1751446454081 0.7812081575393677 235
1751446455379 1.2089221477508545 236
1751446456686 0.6935707926750183 237
1751446457985 0.7298493981361389 238
1751446459248 0.6445836424827576 239
1751446460474 0.5216922760009766 240
1751446461740 0.8318333625793457 241
1751446463111 0.7237327694892883 242
1751446464416 0.6195983290672302 243
1751446466094 0.7303707599639893 244
1751446467307 0.7776718139648438 245
1751446468581 0.5510528683662415 246
1751446469824 1.2173634767532349 247
1751446471190 0.6886243224143982 248
1751446472631 0.688273012638092 249
1751446474312 0.940773606300354 250
1751446475704 0.6486189365386963 251
1751446476955 1.2563722133636475 252
1751446478231 1.4102330207824707 253
1751446479458 1.0087592601776123 254
1751446480721 0.5032429099082947 255
1751446481920 0.6969128847122192 256
1751446483113 0.21551580727100372 257
1751446484543 0.985545814037323 258
1751446485806 1.229656457901001 259
1751446487072 1.2001198530197144 260
1751446488355 0.9796876907348633 261
1751446489590 0.7866212129592896 262
1751446490861 0.8794474601745605 263
1751446492210 1.0611724853515625 264
1751446493523 0.6345780491828918 265
1751446495207 0.49248620867729187 266
1751446496480 0.47795209288597107 267
1751446497780 0.672752320766449 268
1751446498949 0.9110580086708069 269
1751446500242 0.45975261926651 270
1751446501478 0.6357669830322266 271
1751446502726 0.6094199419021606 272
1751446503940 0.6233781576156616 273
1751446505641 0.5619071125984192 274
1751446506882 0.5586846470832825 275
1751446508174 0.5559549331665039 276
1751446509436 2.374155282974243 277
1751446510669 0.6636868715286255 278
1751446511967 0.8455877304077148 279
1751446513271 0.5694066286087036 280
1751446514536 0.6913053393363953 281
1751446515907 0.6741629838943481 282
1751446517116 0.6207386255264282 283
1751446518381 0.516714870929718 284
1751446519592 0.4859510064125061 285
1751446520854 0.9660335779190063 286
1751446522181 1.333662986755371 287
1751446523455 0.7242573499679565 288
1751446524730 1.0318670272827148 289
1751446526017 0.911976158618927 290
1751446527626 0.8442236185073853 291
1751446528864 1.4541348218917847 292
1751446530110 0.6648840308189392 293
1751446531371 0.8879770636558533 294
1751446532703 0.7650910019874573 295
1751446533972 0.16426359117031097 296
1751446535388 0.5580361485481262 297
1751446536669 0.9568219780921936 298
1751446537897 0.6290775537490845 299
1751446539146 0.4706997275352478 300
1751446540394 0.43979543447494507 301
1751446541712 0.8373938798904419 302
1751446542979 0.3433157205581665 303
1751446544199 0.6765619516372681 304
1751446545725 0.37949612736701965 305
1751446547201 1.1346560716629028 306
1751446548506 0.700258731842041 307
1751446549784 1.9898161888122559 308
1751446551065 0.3968283236026764 309
1751446552311 1.3225854635238647 310
1751446554133 0.765658974647522 311
1751446555410 0.6050574779510498 312
1751446556733 0.8084511756896973 313
1751446558139 1.1027988195419312 314
1751446559399 0.7977535128593445 315
1751446560629 0.8051546812057495 316
1751446561896 0.6396119594573975 317
1751446563202 0.8960204124450684 318
1751446565029 1.14304518699646 319
1751446566322 1.1192306280136108 320
1751446567717 0.9601644277572632 321
1751446569039 1.275052547454834 322
1751446570301 1.3395438194274902 323
1751446571596 0.6648327708244324 324
1751446572950 0.9536052942276001 325
1751446574390 1.4873275756835938 326
1751446575624 0.8434722423553467 327
1751446577072 0.3231912851333618 328
1751446578537 0.8509061932563782 329
1751446579966 0.017483321949839592 330
1751446581204 0.5674771666526794 331
1751446582465 0.5144967436790466 332
1751446583873 0.499126672744751 333
1751446585080 0.48382139205932617 334
1751446586332 2.388429641723633 335
1751446587695 0.5683335065841675 336
1751446588970 0.6039669513702393 337
1751446590219 0.8605592846870422 338
1751446591435 0.7950328588485718 339
1751446592966 0.10299509763717651 340
1751446594241 1.1802177429199219 341
1751446595438 1.1244975328445435 342
1751446596710 0.8810019493103027 343
1751446597952 0.5674837231636047 344
1751446599129 0.7282625436782837 345
1751446600453 0.6314938068389893 346
1751446601885 0.6792193651199341 347
1751446603157 0.7264447212219238 348
1751446604522 0.959147036075592 349
1751446605920 0.6789615154266357 350
1751446607153 0.7636767625808716 351
1751446608655 0.5837699770927429 352
1751446610029 0.8018538355827332 353
1751446611271 0.6991689801216125 354
1751446612569 0.9071233868598938 355
1751446613865 1.1010828018188477 356
1751446615133 0.6917110681533813 357
1751446616374 1.1311922073364258 358
1751446617658 0.8850857615470886 359
1751446618904 0.7267218828201294 360
1751446620145 3.29758620262146 361
1751446621624 0.6989191174507141 362
1751446623022 0.8580883741378784 363
1751446624278 1.3838062286376953 364
1751446625554 1.0148285627365112 365
1751446626826 0.7990372776985168 366
1751446628161 0.4669358432292938 367
1751446629436 0.8124236464500427 368
1751446630664 1.09654700756073 369
1751446631996 0.44361019134521484 370
1751446633344 0.9716958999633789 371
1751446634691 0.9204933643341064 372
1751446635959 1.246984601020813 373
1751446637221 0.9113403558731079 374
1751446638422 0.6774286031723022 375
1751446639724 0.8577970266342163 376
1751446640988 0.8515174388885498 377
1751446642253 0.5791283845901489 378
1751446643500 0.2898702025413513 379
1751446644703 0.5885822772979736 380
1751446646007 0.9366030693054199 381
1751446647238 0.5383113622665405 382
1751446648444 0.8762651085853577 383
1751446649780 0.8347378969192505 384
1751446651041 0.5914244651794434 385
1751446652576 1.000727653503418 386
1751446653869 1.3614022731781006 387
1751446655177 0.5439932942390442 388
1751446656536 1.0052244663238525 389
1751446657734 1.007077932357788 390
1751446658930 1.0414276123046875 391
1751446660176 0.8859003186225891 392
1751446661417 0.672269344329834 393
1751446662610 0.7556922435760498 394
1751446663840 0.6255822777748108 395
1751446665161 0.9151930809020996 396
1751446666447 1.7378406524658203 397
1751446667766 1.0934324264526367 398
1751446669122 0.6317422986030579 399
1751446670348 0.7947202324867249 400
1751446671616 1.2109997272491455 401
1751446673021 0.885344386100769 402
1751446674227 0.8888834714889526 403
1751446675603 0.773485541343689 404
1751446676857 0.6062450408935547 405
1751446678044 1.6739692687988281 406
1751446679822 0.8408963084220886 407
1751446681113 0.5283492803573608 408
1751446682415 1.688307523727417 409
1751446683864 0.6916486024856567 410
1751446685108 0.529463529586792 411
1751446686342 0.8054018020629883 412
1751446687588 0.6220695972442627 413
1751446688794 1.0417155027389526 414
1751446689947 1.1970945596694946 415
1751446691285 0.9740946292877197 416
1751446692471 0.6681323051452637 417
1751446694096 0.7381961345672607 418
1751446695248 0.8729867339134216 419
1751446696511 0.5260305404663086 420
1751446697778 0.6020221710205078 421
1751446699047 1.4724305868148804 422
1751446700286 0.5808385610580444 423
1751446701568 0.8054417371749878 424
1751446702808 0.18812601268291473 425
1751446704592 1.0864182710647583 426
1751446705803 0.7329435348510742 427
1751446707068 0.9130309224128723 428
1751446708379 0.9218924045562744 429
1751446709650 0.24828436970710754 430
1751446710973 0.752300500869751 431
1751446712205 0.789100170135498 432
1751446713444 0.8793927431106567 433
1751446714757 0.974278450012207 434
1751446715938 0.6656692624092102 435
1751446717131 1.1116738319396973 436
1751446718452 0.5634608864784241 437
1751446719665 0.5068910121917725 438
1751446720936 0.014811886474490166 439
1751446722130 0.7372502088546753 440
1751446723346 0.6690406799316406 441
1751446724622 1.0528886318206787 442
1751446726362 0.9288623332977295 443
1751446727610 0.5295198559761047 444
1751446728972 0.5382904410362244 445
1751446730228 0.6147788763046265 446
1751446731472 0.5158808827400208 447
1751446732785 0.5115290880203247 448
1751446734120 0.8670825362205505 449
1751446735628 0.6466907262802124 450
1751446737159 0.6600919961929321 451
1751446738498 0.8522312045097351 452
1751446739872 0.579596996307373 453
1751446741103 0.5492329001426697 454
1751446742394 0.7553231716156006 455
1751446743692 0.7301576733589172 456
1751446744986 0.34414830803871155 457
1751446746259 0.8099649548530579 458
1751446747721 0.6152376532554626 459
1751446748896 1.2259190082550049 460
1751446750186 0.2647557258605957 461
1751446751422 0.7171408534049988 462
1751446752655 0.31105268001556396 463
1751446753932 1.2277597188949585 464
1751446755256 2.052061080932617 465
1751446756507 0.6179239749908447 466
1751446758049 1.4431068897247314 467
1751446759354 0.7591527700424194 468
1751446760540 0.8052833080291748 469
1751446761799 0.6942440271377563 470
1751446763039 0.6736758351325989 471
1751446764391 1.1316585540771484 472
1751446765642 0.7149704694747925 473
1751446766926 0.9260708093643188 474
1751446768268 1.3270821571350098 475
1751446769521 0.4251026511192322 476
1751446770756 0.6852303743362427 477
1751446771995 0.5164985656738281 478
1751446773271 0.6609820127487183 479
1751446774535 0.7130584716796875 480
1751446775755 0.6331868171691895 481
1751446776971 1.4846484661102295 482
1751446778195 1.2938644886016846 483
1751446779442 1.30234694480896 484
1751446780716 0.5471090078353882 485
1751446781967 0.44997650384902954 486
1751446783204 1.2974345684051514 487
1751446784460 0.60643470287323 488
1751446785677 0.7275328636169434 489
1751446786967 0.6861993074417114 490
1751446788274 0.7902390956878662 491
1751446789595 1.0771634578704834 492
1751446790840 0.6208606362342834 493
1751446792145 0.607017993927002 494
1751446793430 0.785053014755249 495
1751446794809 0.5513073205947876 496
1751446796225 0.6290237903594971 497
1751446797530 0.5235251188278198 498
1751446798975 0.5387605428695679 499
1751446800361 0.976534366607666 500
1751446801573 3.342869520187378 501
1751446802839 0.6625977754592896 502
1751446804117 1.1303104162216187 503
1751446805348 0.9304120540618896 504
1751446806608 0.936571478843689 505
1751446807846 1.0312442779541016 506
1751446809081 0.6225666999816895 507
1751446810676 0.7843191027641296 508
1751446811947 0.626842737197876 509
1751446813188 0.8092031478881836 510
1751446814481 0.6522454023361206 511
1751446815705 0.5629853010177612 512
1751446817074 0.9039545059204102 513
1751446818337 0.7045667171478271 514
1751446819551 0.8841856718063354 515
1751446820963 0.5643454194068909 516
1751446822234 1.2215392589569092 517
1751446823448 1.2242674827575684 518
1751446824738 0.791719913482666 519
1751446826026 0.48791852593421936 520
1751446827279 0.49873027205467224 521
1751446828593 0.9826973676681519 522
1751446829914 0.8148089647293091 523
1751446831178 0.868405818939209 524
1751446832502 1.4780211448669434 525
1751446833763 0.9658427238464355 526
1751446835003 0.5914201140403748 527
1751446836170 0.7234132885932922 528
1751446837383 0.5921124815940857 529
1751446838706 1.3791214227676392 530
1751446839945 1.0925240516662598 531
1751446841176 2.6402506828308105 532
1751446842795 0.8838930130004883 533
1751446844094 1.2057901620864868 534
1751446845377 0.9431465268135071 535
1751446846651 0.7856027483940125 536
1751446848013 0.4999062120914459 537
1751446849290 0.6796561479568481 538
1751446850641 0.4545845091342926 539
1751446851864 0.532368004322052 540
1751446853162 0.6733429431915283 541
1751446854447 0.8001400828361511 542
1751446855712 0.6808732748031616 543
1751446856933 0.5637155771255493 544
1751446858234 1.0323864221572876 545
1751446859578 0.5770794749259949 546
1751446860865 1.0369058847427368 547
1751446862272 0.3613848090171814 548
1751446863520 1.0210886001586914 549
1751446864767 0.7020233273506165 550
1751446866061 0.7365454435348511 551
1751446867293 0.8564852476119995 552
1751446868610 0.3780228793621063 553
1751446869799 0.7000402212142944 554
1751446871261 0.51694655418396 555
1751446872576 0.4364067316055298 556
1751446873769 0.57943195104599 557
1751446874996 0.7379378080368042 558
1751446876275 0.8146400451660156 559
1751446877541 0.812896728515625 560
1751446878815 0.9333351850509644 561
1751446880018 0.7056260108947754 562
1751446881274 0.7466320991516113 563
1751446882489 1.2983708381652832 564
1751446883997 1.065585732460022 565
1751446885325 1.0539263486862183 566
1751446886523 0.4924350082874298 567
1751446887747 0.7994253039360046 568
1751446888976 0.7460426688194275 569
1751446890270 0.7973694801330566 570
1751446891488 0.6925207376480103 571
1751446892757 1.0463885068893433 572
1751446894291 0.8622231483459473 573
1751446895582 0.8395870923995972 574
1751446896778 1.0247070789337158 575
1751446897987 0.4889581799507141 576
1751446899232 0.7529478073120117 577
1751446900446 0.5308529138565063 578
1751446901768 0.8481216430664062 579
1751446903002 0.8345428109169006 580
1751446904217 0.6471320986747742 581
1751446905482 0.857994556427002 582
1751446906734 2.0945816040039062 583
1751446907938 1.0967040061950684 584
1751446909208 0.12543198466300964 585
1751446910443 0.5872959494590759 586
1751446911737 0.8643203973770142 587
1751446913092 0.3767354190349579 588
1751446914319 2.391589641571045 589
1751446916083 0.592640221118927 590
1751446917342 0.6928774118423462 591
1751446918611 1.560157299041748 592
1751446919953 0.9719815254211426 593
1751446921190 0.5428433418273926 594
1751446922402 0.14661206305027008 595
1751446923663 1.4840835332870483 596
1751446924901 0.5737537741661072 597
1751446926906 1.0098391771316528 598
1751446928195 0.7787984609603882 599
1751446929397 0.6802817583084106 600
1751446930616 0.8828691840171814 601
1751446931915 0.2688651978969574 602
1751446933162 0.9255551099777222 603
1751446934379 0.7339482307434082 604
1751446935639 0.86924809217453 605
1751446937212 0.6846651434898376 606
1751446938442 1.7613165378570557 607
1751446939634 0.7141143083572388 608
1751446940904 1.8873646259307861 609
1751446942130 1.06038236618042 610
1751446943382 1.0432548522949219 611
1751446944665 0.6652402281761169 612
1751446945913 1.7465792894363403 613
1751446947142 1.1479301452636719 614
1751446948416 0.8356095552444458 615
1751446949634 0.5403234958648682 616
1751446950845 0.8122599124908447 617
1751446952029 0.7494209408760071 618
1751446953250 0.5620853900909424 619
1751446954474 0.4324930012226105 620
1751446955666 0.379082590341568 621
1751446956911 0.7389491200447083 622
1751446958712 0.6823696494102478 623
1751446959980 0.7938616275787354 624
1751446961190 1.9101070165634155 625
1751446962425 1.5055562257766724 626
1751446963685 0.7493009567260742 627
1751446964946 0.6342827081680298 628
1751446966209 0.7157416343688965 629
1751446967414 0.7848021984100342 630
1751446968653 1.7948484420776367 631
1751446969859 0.6355200409889221 632
1751446971175 0.6300288438796997 633
1751446972410 0.4058370292186737 634
1751446973669 0.8550077080726624 635
1751446974875 0.8148850202560425 636
1751446976067 0.8756510019302368 637
1751446977401 0.9331176280975342 638
1751446978596 0.7692420482635498 639
1751446979952 1.9129886627197266 640
1751446981243 0.9658195376396179 641
1751446982468 0.022572627291083336 642
1751446983777 0.5045583248138428 643
1751446985095 0.6247919797897339 644
1751446986450 1.661023736000061 645
1751446987742 0.3001493215560913 646
1751446989047 1.3166648149490356 647
1751446990297 1.0101983547210693 648
1751446991581 0.7857620716094971 649
1751446992917 0.9897817373275757 650
1751446994143 3.0749199390411377 651
1751446995756 0.4196411967277527 652
1751446997000 0.5073246955871582 653
1751446998302 1.2153100967407227 654
1751446999575 0.9492900967597961 655
1751447000795 0.3495442271232605 656
1751447002059 0.9651844501495361 657
1751447003236 0.7058203816413879 658
1751447004643 0.693342924118042 659
1751447006132 0.9005619287490845 660
1751447007352 0.582541823387146 661
1751447008687 1.3535070419311523 662
1751447009942 0.44654393196105957 663
1751447011318 0.6194685697555542 664
1751447012533 0.7483224868774414 665
1751447013780 0.6241106390953064 666
1751447015099 0.33188849687576294 667
1751447016738 0.5681021809577942 668
1751447017950 0.9521812200546265 669
1751447019159 0.6715139150619507 670
1751447020387 0.5082226395606995 671
1751447021746 0.3856688439846039 672
1751447022965 0.8732075691223145 673
1751447024200 0.6808570623397827 674
1751447025398 0.882476806640625 675
1751447026620 0.8160582780838013 676
1751447027888 0.5917587280273438 677
1751447029149 0.5477735996246338 678
1751447030469 1.2144908905029297 679
1751447031974 1.3958773612976074 680
1751447033237 0.6059771776199341 681
1751447034558 0.48258358240127563 682
1751447035739 0.8887730836868286 683
1751447037013 0.7989296913146973 684
1751447038248 1.0375251770019531 685
1751447039539 1.0449483394622803 686
1751447040924 0.5346592664718628 687
1751447042618 0.5561138987541199 688
1751447043880 0.8295046091079712 689
1751447045125 1.0285226106643677 690
1751447046359 0.46084147691726685 691
1751447047634 0.49370795488357544 692
1751447048879 0.7096092700958252 693
1751447050208 0.7897175550460815 694
1751447051538 0.3757299780845642 695
1751447052782 1.2319732904434204 696
1751447054122 1.3362336158752441 697
1751447055394 1.1032054424285889 698
1751447056655 0.5539207458496094 699
1751447057909 0.45475369691848755 700
1751447059195 0.5322670936584473 701
1751447060397 1.0964844226837158 702
1751447061593 0.9750908017158508 703
1751447062887 0.017999785020947456 704
1751447064111 0.6115962266921997 705
1751447065440 0.6180452108383179 706
1751447066708 0.4264701008796692 707
1751447068059 0.949317455291748 708
1751447069311 0.5721168518066406 709
1751447070543 0.9422245025634766 710
1751447071797 0.8365697860717773 711
1751447073666 0.5468672513961792 712
1751447074902 1.103490948677063 713
1751447076176 0.8564168214797974 714
1751447077392 1.1285178661346436 715
1751447078571 0.5453185439109802 716
1751447079852 0.5612424612045288 717
1751447081112 0.4684513211250305 718
1751447082490 0.6812942624092102 719
1751447083957 1.2554430961608887 720
1751447085300 0.6554737687110901 721
1751447086610 0.5675026178359985 722
1751447087944 0.6783963441848755 723
1751447089276 0.680173933506012 724
1751447090509 0.7521222233772278 725
1751447091956 1.1163184642791748 726
1751447093240 0.6407129764556885 727
1751447094484 2.0261168479919434 728
1751447095816 0.8451836109161377 729
1751447097105 0.761844277381897 730
1751447098355 0.7433676719665527 731
1751447099622 0.6642284989356995 732
1751447100891 0.1706959456205368 733
1751447102175 1.1664515733718872 734
1751447103448 0.5142372250556946 735
1751447104762 0.4972233176231384 736
1751447105955 0.971148669719696 737
1751447107199 0.708891749382019 738
1751447108448 0.3206213116645813 739
1751447109782 1.3691151142120361 740
1751447111014 0.8879899978637695 741
1751447112269 0.684117317199707 742
1751447113552 0.9117968082427979 743
1751447114722 0.7796130180358887 744
1751447116026 0.6897332668304443 745
1751447117310 2.3122949600219727 746
1751447118512 0.5952728390693665 747
1751447119794 0.5833919048309326 748
1751447121058 2.045772075653076 749
1751447122322 0.5365759134292603 750
1751447123651 1.0024878978729248 751
1751447124897 0.913640022277832 752
1751447126264 1.9780858755111694 753
1751447127641 0.7275816202163696 754
1751447128857 0.4572042226791382 755
1751447130201 0.7569026350975037 756
1751447131411 0.9141977429389954 757
1751447132655 1.2412421703338623 758
1751447133931 1.8588497638702393 759
1751447135130 0.7188241481781006 760
1751447136451 0.13258743286132812 761
1751447137721 0.7772015929222107 762
1751447138943 0.6123573780059814 763
1751447140221 0.6429353356361389 764
1751447141482 2.389533042907715 765
1751447142765 0.8546206951141357 766
1751447144267 0.5484161376953125 767
1751447145489 0.06171838939189911 768
1751447146744 2.137840747833252 769
1751447147997 0.728085994720459 770
1751447149223 0.5441954135894775 771
1751447150404 0.5074107050895691 772
1751447151681 0.8452019691467285 773
1751447152917 0.6171615719795227 774
1751447154090 0.40490585565567017 775
1751447155271 0.9899531602859497 776
1751447157152 1.2065982818603516 777
1751447158416 0.631318211555481 778
1751447159678 0.5747024416923523 779
1751447161059 0.11038948595523834 780
1751447162355 0.10053697973489761 781
1751447163608 0.5500003099441528 782
1751447164874 0.6942993998527527 783
1751447166099 0.6961565613746643 784
1751447167367 0.6062232255935669 785
1751447168621 0.4020349681377411 786
1751447169845 0.9990106821060181 787
1751447171219 1.0035680532455444 788
1751447172453 0.927586555480957 789
1751447173655 0.8936824202537537 790
1751447174909 0.7816250324249268 791
1751447176089 0.7276953458786011 792
1751447177335 1.1596379280090332 793
1751447178625 1.3117235898971558 794
1751447179903 0.5506197214126587 795
1751447181231 0.5255868434906006 796
1751447182471 0.20114947855472565 797
1751447183722 0.7497379779815674 798
1751447185009 0.6786918640136719 799
1751447186218 0.9244260787963867 800
1751447187458 0.4886331558227539 801
1751447188694 0.8324469327926636 802
1751447189961 0.853888750076294 803
1751447191272 0.6378247737884521 804
1751447192585 1.0376098155975342 805
1751447193843 1.1307036876678467 806
1751447195047 0.8191118836402893 807
1751447196258 1.0995969772338867 808
1751447197737 0.8023087382316589 809
1751447198994 1.0259634256362915 810
1751447200272 0.6419909000396729 811
1751447201555 0.49641162157058716 812
1751447202779 1.8190668821334839 813
1751447204046 0.6496840715408325 814
1751447205248 0.6877394318580627 815
1751447207185 0.7138616442680359 816
1751447208433 0.5437552332878113 817
1751447209733 1.0260190963745117 818
1751447211099 0.5825359225273132 819
1751447212718 0.7420955896377563 820
1751447214008 0.61501544713974 821
1751447215271 0.15359720587730408 822
1751447216528 0.6319184303283691 823
1751447217768 0.6591078042984009 824
1751447219019 0.7381744980812073 825
1751447220364 0.6844483017921448 826
1751447221686 1.1287345886230469 827
1751447222975 0.562856137752533 828
1751447224247 0.8432018756866455 829
1751447225538 0.3471553325653076 830
1751447226766 0.6403197646141052 831
1751447228029 0.49371784925460815 832
1751447229308 1.243847131729126 833
1751447230611 0.6354497671127319 834
1751447231872 0.4773722290992737 835
1751447233225 0.7586134672164917 836
1751447234555 1.3413649797439575 837
1751447235834 1.3255435228347778 838
1751447237095 0.5524648427963257 839
1751447238365 1.140122890472412 840
1751447239721 0.7051994800567627 841
1751447240990 0.8434900641441345 842
1751447242205 0.862130880355835 843
1751447243473 0.7661416530609131 844
1751447244756 0.5347253084182739 845
1751447246008 0.9251623153686523 846
1751447247192 0.5908834934234619 847
1751447248493 0.6371224522590637 848
1751447249691 1.3486171960830688 849
1751447250973 0.7996076941490173 850
1751447252155 1.4505120515823364 851
1751447253388 1.2439794540405273 852
1751447254659 0.624238133430481 853
1751447255993 0.5018699169158936 854
1751447257229 1.347130298614502 855
1751447258460 0.7205601930618286 856
1751447259631 0.9245040416717529 857
1751447260805 0.6427381634712219 858
1751447262122 0.8543514013290405 859
1751447263398 0.789957582950592 860
1751447264670 2.0728163719177246 861
1751447265881 0.8014324903488159 862
1751447267151 0.8751795887947083 863
1751447268287 0.6866660714149475 864
1751447269803 0.7467413544654846 865
1751447271427 0.634416937828064 866
1751447272700 0.631081223487854 867
1751447274009 0.6979786157608032 868
1751447275202 0.43653035163879395 869
1751447276586 0.5778040885925293 870
1751447277805 0.8684043288230896 871
1751447279056 0.9435495734214783 872
1751447280212 0.4601241648197174 873
1751447281857 0.48387956619262695 874
1751447283098 1.140087604522705 875
1751447284473 0.263696551322937 876
1751447285652 1.2610714435577393 877
1751447286869 0.6972207427024841 878
1751447288115 0.8909434080123901 879
1751447289499 1.7567615509033203 880
1751447291002 0.5743891000747681 881
1751447292531 0.6616965532302856 882
1751447293811 0.08329370617866516 883
1751447295061 0.6673952341079712 884
1751447296314 0.6190149784088135 885
1751447297638 0.7806435227394104 886
1751447298869 0.8561522960662842 887
1751447300157 0.5513075590133667 888
1751447301503 0.5106755495071411 889
1751447303433 0.08084683865308762 890
1751447304674 0.6480623483657837 891
1751447305910 0.927991509437561 892
1751447307129 0.38280579447746277 893
1751447308488 1.3809101581573486 894
1751447309704 1.1460840702056885 895
1751447310964 1.016197919845581 896
1751447312190 0.7692605257034302 897
1751447313400 0.4480699300765991 898
1751447314663 0.658717155456543 899
1751447315902 0.14183050394058228 900
1751447317249 0.9200072884559631 901
1751447318541 0.5323514938354492 902
1751447319793 0.7163814902305603 903
1751447321075 1.2709532976150513 904
1751447322299 0.6462770700454712 905
1751447323540 1.138279914855957 906
1751447324788 0.7558569312095642 907
1751447325969 0.8303154706954956 908
1751447327235 0.39925649762153625 909
1751447328682 0.4522415101528168 910
1751447330348 0.8731637001037598 911
1751447331646 0.6085166335105896 912
1751447333007 0.9823249578475952 913
1751447334303 1.2576303482055664 914
1751447335494 0.5385748147964478 915
1751447336681 0.6306158304214478 916
1751447337971 0.5583734512329102 917
1751447339276 0.9653835892677307 918
1751447340997 0.7929667830467224 919
1751447342218 0.6574692726135254 920
1751447343798 0.7473975419998169 921
1751447345031 0.7776483297348022 922
1751447346333 0.7487231492996216 923
1751447347535 1.1749435663223267 924
1751447348768 0.6915865540504456 925
1751447349967 0.4092211127281189 926
1751447351257 0.6858089566230774 927
1751447352519 0.44058987498283386 928
1751447353729 1.3638603687286377 929
1751447355043 0.6179558634757996 930
1751447356250 0.5315771102905273 931
1751447357517 0.9066286087036133 932
1751447358804 0.7377534508705139 933
1751447360053 0.916273832321167 934
1751447361297 0.8463187217712402 935
1751447362671 0.7117158770561218 936
1751447364270 0.5402345061302185 937
1751447365567 1.1277391910552979 938
1751447366827 0.4628162086009979 939
1751447368115 1.5221339464187622 940
1751447369429 0.27200666069984436 941
1751447370643 0.6612268090248108 942
1751447371835 0.5510745048522949 943
1751447373082 1.453118085861206 944
1751447374323 0.8762660026550293 945
1751447375534 0.8785504698753357 946
1751447376798 0.5970218777656555 947
1751447378076 0.5301333069801331 948
1751447379914 0.9429794549942017 949
1751447381260 0.9838426113128662 950
1751447382484 0.7067550420761108 951
1751447383729 0.6555371880531311 952
1751447384989 0.8556894063949585 953
1751447386193 0.8410161733627319 954
1751447387488 0.6708987355232239 955
1751447388734 1.8546125888824463 956
1751447389925 0.6358522176742554 957
1751447391191 0.3400936722755432 958
1751447392453 0.6868120431900024 959
1751447393733 0.8175351023674011 960
1751447395059 1.2079963684082031 961
1751447396296 1.7154459953308105 962
1751447397508 0.733521044254303 963
1751447398756 0.7043730616569519 964
1751447400020 0.7625133395195007 965
1751447401244 1.6404744386672974 966
1751447402529 0.9990292191505432 967
1751447403803 0.5380502939224243 968
1751447405159 0.6909944415092468 969
1751447407012 0.5514518022537231 970
1751447408233 0.8751673698425293 971
1751447409470 1.4703569412231445 972
1751447410679 0.5406473278999329 973
1751447412015 0.6152536273002625 974
1751447413251 0.9200693368911743 975
1751447414588 0.7132737636566162 976
1751447415882 0.8722950220108032 977
1751447418098 0.3118135929107666 978
1751447419464 0.6471738219261169 979
1751447420651 1.158844232559204 980
1751447421914 0.7761838436126709 981
1751447423183 0.6706607341766357 982
1751447424452 0.6091281175613403 983
1751447425720 0.6754558086395264 984
1751447426927 1.1388033628463745 985
1751447428162 0.9071388840675354 986
1751447429424 1.482612133026123 987
1751447430716 1.0187394618988037 988
1751447432000 1.087308645248413 989
1751447433346 0.548154354095459 990
1751447434639 0.23790888488292694 991
1751447435894 0.570541501045227 992
1751447437094 0.6909818649291992 993
1751447438837 0.8036555051803589 994
1751447440058 0.9502534866333008 995
1751447441263 0.7894492745399475 996
1751447442490 0.6648746728897095 997
1751447443771 0.7335002422332764 998
1751447445034 1.2857813835144043 999
1751447446268 1.5338950157165527 1000
1751447447503 0.04593108966946602 1001
1751447448798 0.7683281898498535 1002
1751447450004 0.6638400554656982 1003
1751447451317 0.6159552335739136 1004
1751447452779 0.9976497292518616 1005
1751447454051 0.6560052037239075 1006
1751447455298 0.7615361213684082 1007
1751447456627 0.9805001020431519 1008
1751447457892 0.704495906829834 1009
1751447459106 0.7061282396316528 1010
1751447460329 1.385235071182251 1011
1751447461641 0.5901426672935486 1012
1751447462902 0.8350232839584351 1013
1751447464221 0.8537777662277222 1014
1751447465472 0.691673994064331 1015
1751447466741 0.7820503115653992 1016
1751447467993 0.6237478852272034 1017
1751447469123 1.2415642738342285 1018
1751447470341 1.3996610641479492 1019
1751447471608 0.8573439717292786 1020
1751447472924 0.5561069250106812 1021
1751447474241 0.6247775554656982 1022
1751447475904 0.39050525426864624 1023
1751447477213 1.555757761001587 1024
1751447478499 0.6912065744400024 1025
1751447479649 0.8509726524353027 1026
1751447480910 0.9099893569946289 1027
1751447482149 1.2652921676635742 1028
1751447483380 0.4861134886741638 1029
1751447484612 0.5157071352005005 1030
1751447485830 0.795718252658844 1031
1751447487093 0.8397191762924194 1032
1751447488289 0.8151537179946899 1033
1751447489448 0.8573284149169922 1034
1751447490663 1.0932520627975464 1035
1751447491942 0.955065131187439 1036
1751447493182 0.9982491731643677 1037
1751447494389 1.5263957977294922 1038
1751447495565 1.681103229522705 1039
1751447496837 1.4184017181396484 1040
1751447498050 1.4098427295684814 1041
1751447499289 1.1926054954528809 1042
1751447500551 1.1300365924835205 1043
1751447501845 0.9408717155456543 1044
1751447503122 0.6506674289703369 1045
1751447504337 1.922752857208252 1046
1751447505542 0.2496837079524994 1047
1751447506913 1.0358690023422241 1048
1751447508160 2.189835548400879 1049
1751447509389 0.47011423110961914 1050
1751447510596 0.998558759689331 1051
1751447511862 0.6518528461456299 1052
1751447513364 0.7246806621551514 1053
1751447514606 0.13793905079364777 1054
1751447515808 1.8107123374938965 1055
1751447517075 0.288860023021698 1056
1751447518896 1.0122430324554443 1057
1751447520143 0.7530102133750916 1058
1751447521495 2.838196039199829 1059
1751447522762 0.8113481998443604 1060
1751447523953 0.8581418395042419 1061
1751447525099 0.8211261034011841 1062
1751447526301 0.8602749109268188 1063
1751447527464 1.3365787267684937 1064
1751447528702 0.7299718856811523 1065
1751447529999 0.6781735420227051 1066
1751447531243 0.83446204662323 1067
1751447532473 0.6021078824996948 1068
1751447533696 0.6454058885574341 1069
1751447534938 0.6249369978904724 1070
1751447536253 0.6622517704963684 1071
1751447537462 0.608654797077179 1072
1751447538667 0.9424376487731934 1073
1751447540196 0.6602383852005005 1074
1751447541504 0.6758442521095276 1075
1751447542786 0.5689069628715515 1076
1751447544025 0.9031816124916077 1077
1751447545248 0.6347262859344482 1078
1751447546451 0.9586169719696045 1079
1751447547669 1.3432819843292236 1080
1751447548929 0.5622345209121704 1081
1751447550197 0.5811866521835327 1082
1751447551478 1.0893843173980713 1083
1751447552746 0.6449106335639954 1084
1751447553925 0.9024533629417419 1085
1751447555131 0.7075679302215576 1086
1751447556350 0.5509433746337891 1087
1751447557640 0.5692771673202515 1088
1751447558907 0.477139949798584 1089
1751447560141 0.7652866840362549 1090
1751447561361 0.9213870763778687 1091
1751447562657 0.6833362579345703 1092
1751447563864 2.7091782093048096 1093
1751447565023 0.7349992990493774 1094
1751447566387 1.039095163345337 1095
1751447567698 1.399116039276123 1096
1751447568978 0.992591142654419 1097
1751447570206 0.4598662257194519 1098
1751447571446 0.9628602266311646 1099
1751447572693 1.206209421157837 1100
1751447573951 1.4981491565704346 1101
1751447575254 1.0002927780151367 1102
1751447576545 0.5779500007629395 1103
1751447577850 1.588850498199463 1104
1751447579110 1.3923544883728027 1105
1751447580420 0.9829977750778198 1106
1751447581786 0.627290666103363 1107
1751447583042 0.60051429271698 1108
1751447584311 0.8145655393600464 1109
1751447585577 0.7639180421829224 1110
1751447586840 1.1274819374084473 1111
1751447588070 0.7182276248931885 1112
1751447589375 0.9569361209869385 1113
1751447590679 0.645258367061615 1114
1751447591945 0.6912178993225098 1115
1751447593754 0.9781514406204224 1116
1751447595031 0.49304836988449097 1117
1751447596289 0.5578098893165588 1118
1751447597558 0.7385345101356506 1119
1751447598760 0.6250986456871033 1120
1751447600041 0.40429481863975525 1121
1751447601314 0.79295814037323 1122
1751447602601 0.9572422504425049 1123
1751447603902 0.6444737911224365 1124
1751447605300 1.0591702461242676 1125
1751447606576 0.8890880942344666 1126
1751447607862 1.7845215797424316 1127
1751447609132 0.7487598061561584 1128
1751447610405 2.0566000938415527 1129
1751447611628 0.33827632665634155 1130
1751447612865 0.31619951128959656 1131
1751447614112 0.8326408863067627 1132
1751447615282 1.420116901397705 1133
1751447616530 1.7627575397491455 1134
1751447618116 1.014769196510315 1135
1751447619353 0.7944509983062744 1136
1751447620607 0.925166130065918 1137
1751447621909 0.5084295272827148 1138
1751447623113 0.6624484658241272 1139
1751447624361 1.0928510427474976 1140
1751447625626 0.8350326418876648 1141
1751447627060 0.5800962448120117 1142
1751447628576 0.8538984060287476 1143
1751447629849 0.6912473440170288 1144
1751447631166 0.8462679386138916 1145
1751447632513 1.395094871520996 1146
1751447633798 0.4315926432609558 1147
1751447635118 0.9997252821922302 1148
1751447636302 0.05005039647221565 1149
1751447637611 0.6086813807487488 1150
1751447638974 0.019207775592803955 1151
1751447640267 0.6178594827651978 1152
1751447641530 0.6522592902183533 1153
1751447642749 0.7815002202987671 1154
1751447644276 1.3405190706253052 1155
1751447645515 0.7845328450202942 1156
1751447646787 1.719003438949585 1157
1751447648041 0.6716675758361816 1158
1751447649268 0.784359335899353 1159
1751447650488 0.5657219886779785 1160
1751447651758 0.6954821348190308 1161
1751447653043 0.8347131013870239 1162
1751447654309 1.0700833797454834 1163
1751447655605 0.652774453163147 1164
1751447656839 1.9942220449447632 1165
1751447658105 0.7759527564048767 1166
1751447659401 0.7261317372322083 1167
1751447660569 0.7292028069496155 1168
1751447661852 1.5452303886413574 1169
1751447663127 0.7692350149154663 1170
1751447664501 0.4631783366203308 1171
1751447666193 0.743266224861145 1172
1751447667547 0.6040676832199097 1173
1751447668738 1.7080373764038086 1174
1751447669960 0.5711116790771484 1175
1751447671200 1.5736991167068481 1176
1751447672496 1.1791071891784668 1177
1751447673738 0.5224738121032715 1178
1751447675014 0.7227300405502319 1179
1751447676279 0.8855962753295898 1180
1751447677571 0.9061895608901978 1181
1751447678735 0.12645424902439117 1182
1751447679986 0.5437682867050171 1183
1751447681148 1.9811235666275024 1184
1751447682317 0.6665471792221069 1185
1751447683568 1.0995442867279053 1186
1751447684839 0.4591474235057831 1187
1751447686108 0.8165820837020874 1188
1751447687335 0.47526973485946655 1189
1751447688631 0.8481731414794922 1190
1751447689965 0.8784704208374023 1191
1751447691251 0.971171498298645 1192
1751447692943 0.6830440759658813 1193
1751447694204 0.42183682322502136 1194
1751447695460 0.8238735795021057 1195
1751447696714 0.9853253364562988 1196
1751447698051 0.6447182893753052 1197
1751447699167 2.860102653503418 1198
1751447700442 0.8137122392654419 1199
1751447701743 0.5087743997573853 1200
1751447703616 0.9012248516082764 1201
1751447704920 0.9028543829917908 1202
1751447706287 0.5963066816329956 1203
1751447707592 0.6861927509307861 1204
1751447708868 1.2559012174606323 1205
1751447710099 0.581062912940979 1206
1751447711349 0.6040515303611755 1207
1751447712611 0.5107650756835938 1208
1751447713877 0.7755481004714966 1209
1751447715105 0.9376475811004639 1210
1751447716360 0.5242977142333984 1211
1751447717721 1.5081855058670044 1212
1751447719769 0.7987459897994995 1213
1751447721004 1.0295329093933105 1214
1751447722342 1.4356350898742676 1215
1751447723583 1.0925233364105225 1216
1751447724862 0.48260238766670227 1217
1751447726144 0.6775189638137817 1218
1751447727369 0.6157082915306091 1219
1751447728695 0.8634493350982666 1220
1751447729975 0.6416776180267334 1221
1751447731248 0.7484279870986938 1222
1751447732465 1.0579278469085693 1223
1751447733747 0.7258608937263489 1224
1751447735232 0.8638202548027039 1225
1751447736486 0.8132292032241821 1226
1751447737799 1.401777982711792 1227
1751447739101 0.13174515962600708 1228
1751447740355 0.8441951274871826 1229
1751447741607 0.8864907026290894 1230
1751447742872 0.5222455263137817 1231
1751447744081 0.8700424432754517 1232
1751447745381 1.8448805809020996 1233
1751447746813 0.4895927309989929 1234
1751447748115 0.6952676773071289 1235
1751447749647 0.6122287511825562 1236
1751447751000 0.7337621450424194 1237
1751447752335 1.597888469696045 1238
1751447753614 0.6737207174301147 1239
1751447755319 0.6864035129547119 1240
1751447756600 0.6624464988708496 1241
1751447758052 0.9881737232208252 1242
1751447759346 1.089671015739441 1243
1751447760592 1.4854220151901245 1244
1751447761802 1.4091531038284302 1245
1751447763200 0.6601271033287048 1246
1751447764614 0.7419342994689941 1247
1751447766367 1.087864875793457 1248
1751447767731 0.5184964537620544 1249
1751447769009 0.8667842149734497 1250
1751447770655 0.6710863709449768 1251
1751447772064 1.1960785388946533 1252
1751447773371 0.8607413172721863 1253
1751447774786 0.9380491375923157 1254
1751447776265 0.620599627494812 1255
1751447777503 0.717064380645752 1256
1751447778774 1.421034574508667 1257
1751447780967 0.6265558004379272 1258
1751447782419 0.6328707933425903 1259
1751447783658 0.7278952598571777 1260
1751447784818 1.8764594793319702 1261
1751447786164 0.7469274997711182 1262
1751447787442 0.688600480556488 1263
1751447788664 0.8477874994277954 1264
1751447789934 0.6845090389251709 1265
1751447791224 0.5661548972129822 1266
1751447792463 0.40976864099502563 1267
1751447793805 0.8130794763565063 1268
1751447795083 0.8733559846878052 1269
1751447796344 0.8024101853370667 1270
1751447797638 0.8053641319274902 1271
1751447798761 1.5729222297668457 1272
1751447800155 0.8222945332527161 1273
1751447801416 0.13285301625728607 1274
1751447802680 0.7589457035064697 1275
1751447803930 0.6170239448547363 1276
1751447805227 0.7241566181182861 1277
1751447807196 0.5530720949172974 1278
1751447808432 1.1134862899780273 1279
1751447809599 1.635521650314331 1280
1751447810787 1.2354791164398193 1281
1751447812087 0.8692176938056946 1282
1751447813337 0.6588109135627747 1283
1751447814594 0.5433952808380127 1284
1751447815809 0.5116607546806335 1285
1751447817576 0.7334970831871033 1286
1751447818833 1.016767978668213 1287
1751447820037 0.9749908447265625 1288
1751447821237 0.7541284561157227 1289
1751447822524 0.7356835007667542 1290
1751447823757 0.6599773168563843 1291
1751447825007 2.1188464164733887 1292
1751447826240 0.8225165605545044 1293
1751447828079 0.6335012912750244 1294
1751447829403 0.6130579113960266 1295
1751447830677 0.8427944779396057 1296
1751447831976 0.8870554566383362 1297
1751447833295 0.7259626388549805 1298
1751447834626 1.2912765741348267 1299
1751447835972 1.3137260675430298 1300
1751447837265 0.6587197184562683 1301
1751447838619 0.8391312956809998 1302
1751447839811 0.7013354301452637 1303
1751447841054 0.5559250116348267 1304
1751447842259 0.41975128650665283 1305
1751447843462 1.47379469871521 1306
1751447844661 1.1564619541168213 1307
1751447845936 0.7409824132919312 1308
1751447847181 0.7713867425918579 1309
1751447848501 0.6884034872055054 1310
1751447850222 0.9156604409217834 1311
1751447851516 1.208456039428711 1312
1751447852799 1.0463690757751465 1313
1751447854148 0.573150098323822 1314
1751447855413 0.4017522633075714 1315
1751447856640 1.6970105171203613 1316
1751447857955 0.27678802609443665 1317
1751447859140 0.5096660852432251 1318
1751447860391 0.1926053911447525 1319
1751447861600 1.0972013473510742 1320
1751447862922 0.801609992980957 1321
1751447864099 0.1620839387178421 1322
1751447865281 0.9011114835739136 1323
1751447866512 0.5758823156356812 1324
1751447867795 0.6321884393692017 1325
1751447869169 1.1922942399978638 1326
1751447870486 0.9518840909004211 1327
1751447871709 0.5339846611022949 1328
1751447872933 0.7779430150985718 1329
1751447874124 0.6295343041419983 1330
1751447875405 0.6230078935623169 1331
1751447876671 0.4284737706184387 1332
1751447877894 0.7710838913917542 1333
1751447879154 0.819184422492981 1334
1751447880364 0.6128063797950745 1335
1751447881666 0.7789536714553833 1336
1751447883007 0.5860406756401062 1337
1751447884399 0.8294914960861206 1338
1751447885704 0.73842453956604 1339
1751447887149 0.6535435318946838 1340
1751447888529 1.5983023643493652 1341
1751447889785 0.7838598489761353 1342
1751447891151 0.705181896686554 1343
1751447892496 0.854366660118103 1344
1751447893744 0.6180641651153564 1345
1751447895176 0.5267751216888428 1346
1751447896486 1.0938538312911987 1347
1751447897786 0.6190120577812195 1348
1751447899149 1.0653390884399414 1349
1751447900531 0.6255375146865845 1350
1751447901978 0.40344491600990295 1351
1751447903233 0.8612984418869019 1352
1751447904564 1.7715275287628174 1353
1751447905957 0.7322420477867126 1354
1751447907174 0.808176577091217 1355
1751447908422 0.6552278399467468 1356
1751447909834 1.0222986936569214 1357
1751447911421 0.7643885016441345 1358
1751447912719 0.7312982678413391 1359
1751447914038 2.309772491455078 1360
1751447915809 0.46086639165878296 1361
1751447917122 0.8776214122772217 1362
1751447918576 0.5688528418540955 1363
1751447920388 0.8178592920303345 1364
1751447921747 0.4270970821380615 1365
1751447923078 0.3314095139503479 1366
1751447924285 0.7167680263519287 1367
1751447925504 0.7280271053314209 1368
1751447926743 0.5668259859085083 1369
1751447927955 0.5479714870452881 1370
1751447929317 0.7665887475013733 1371
1751447930531 0.593873143196106 1372
1751447931692 0.7821390628814697 1373
1751447932880 0.8383041620254517 1374
1751447934120 0.6470563411712646 1375
1751447935301 0.2125028669834137 1376
1751447936536 0.7613616585731506 1377
1751447937755 0.8955286741256714 1378
1751447938895 0.7341160774230957 1379
1751447940221 0.5963821411132812 1380
1751447941489 0.7528666853904724 1381
1751447942772 2.133577585220337 1382
1751447943992 0.8346701264381409 1383
1751447945287 0.9306222200393677 1384
1751447946513 0.44254329800605774 1385
1751447947828 0.6274686455726624 1386
1751447949083 0.7249042987823486 1387
1751447950382 0.38838517665863037 1388
1751447951627 0.8563749194145203 1389
1751447952935 1.1690083742141724 1390
1751447954189 0.8718522191047668 1391
1751447955446 1.1061049699783325 1392
1751447957431 0.4743611216545105 1393
1751447958646 0.5697242021560669 1394
1751447959937 1.7186442613601685 1395
1751447961192 0.9990269541740417 1396
1751447962418 1.3228850364685059 1397
1751447963669 1.2708396911621094 1398
1751447965007 0.7397739291191101 1399
1751447966225 0.7033372521400452 1400
1751447967439 1.6806142330169678 1401
1751447968738 1.218500018119812 1402
1751447970044 0.9046215415000916 1403
1751447971337 0.6155799031257629 1404
1751447972581 1.1712021827697754 1405
1751447973819 1.1470699310302734 1406
1751447975030 0.7635737657546997 1407
1751447976256 0.472307026386261 1408
1751447977495 0.8617967367172241 1409
1751447978831 0.5117229223251343 1410
1751447980152 0.6067768335342407 1411
1751447981422 1.0726580619812012 1412
1751447982655 0.785552442073822 1413
1751447983893 0.6393235921859741 1414
1751447985222 0.9899656176567078 1415
1751447986472 0.8368968963623047 1416
1751447987700 0.6082922220230103 1417
1751447989453 0.5045877695083618 1418
1751447990740 3.7604422569274902 1419
1751447992149 0.6800472140312195 1420
1751447993398 0.9674608707427979 1421
1751447994660 0.48016947507858276 1422
1751447995896 0.5965948104858398 1423
1751447997183 1.10236656665802 1424
1751447998395 0.6822065114974976 1425
1751448000299 0.7987732291221619 1426
1751448001588 0.8693022727966309 1427
1751448002903 0.766637921333313 1428
1751448004122 0.7332296371459961 1429
1751448005377 0.8287772536277771 1430
1751448006716 0.6039291620254517 1431
1751448008000 0.6936292052268982 1432
1751448009242 0.8897479772567749 1433
1751448010527 0.9712523221969604 1434
1751448011781 0.7695132493972778 1435
1751448013032 0.7679815888404846 1436
1751448014278 0.9600235223770142 1437
1751448016086 0.9001021385192871 1438
1751448017384 1.047239065170288 1439
1751448018602 1.121008276939392 1440
1751448019925 0.44681745767593384 1441
1751448021229 0.6753978133201599 1442
1751448022442 0.7005578279495239 1443
1751448023667 0.9188635349273682 1444
1751448024875 0.9591923952102661 1445
1751448026048 1.2963457107543945 1446
1751448027281 0.6128500699996948 1447
1751448028551 0.6132408380508423 1448
1751448029747 0.6112561225891113 1449
1751448030925 0.7575786113739014 1450
1751448032435 0.7118226885795593 1451
1751448033636 0.2516061067581177 1452
1751448034882 0.8521523475646973 1453
1751448036115 1.5420987606048584 1454
1751448037368 0.8081359267234802 1455
1751448038596 1.4197534322738647 1456
1751448039861 0.5885032415390015 1457
1751448041101 0.5412896871566772 1458
1751448042297 0.5371968746185303 1459
1751448043588 0.9267725944519043 1460
1751448044888 1.018362045288086 1461
1751448046158 0.8167901635169983 1462
1751448047696 0.5180583596229553 1463
1751448049037 0.5825697183609009 1464
1751448050241 0.575106143951416 1465
1751448051476 0.715867280960083 1466
1751448052723 0.7518894076347351 1467
1751448054305 0.23642666637897491 1468
1751448055556 0.605343759059906 1469
1751448056856 1.0170046091079712 1470
1751448058444 0.5608170032501221 1471
1751448059699 0.9605319499969482 1472
1751448060913 0.9776259660720825 1473
1751448062233 0.9620577692985535 1474
1751448063467 1.7052626609802246 1475
1751448064736 0.6484491229057312 1476
1751448066018 0.8253321647644043 1477
1751448067314 0.9128830432891846 1478
1751448069238 0.6287384629249573 1479
1751448070465 0.7695795297622681 1480
1751448071693 1.38730788230896 1481
1751448072912 0.7142118215560913 1482
1751448074188 0.7554523348808289 1483
1751448075461 0.6297861337661743 1484
1751448076710 0.6131225824356079 1485
1751448077986 1.467716932296753 1486
1751448079302 0.11092767864465714 1487
1751448080571 0.5165461897850037 1488
1751448081849 0.8864786624908447 1489
1751448083040 0.690015435218811 1490
1751448084324 0.6619625687599182 1491
1751448085616 0.5456598401069641 1492
1751448086872 0.5449099540710449 1493
1751448088127 0.7920420169830322 1494
1751448089388 1.0311321020126343 1495
1751448090606 0.5830898284912109 1496
1751448091891 1.0826671123504639 1497
1751448093201 1.0669931173324585 1498
1751448094482 1.3077683448791504 1499
1751448096340 0.6549916863441467 1500
1751448097579 1.8235505819320679 1501
1751448098835 1.2554394006729126 1502
1751448100047 0.9899682998657227 1503
1751448101269 0.6713600754737854 1504
1751448102421 0.7359638214111328 1505
1751448103624 0.9909343719482422 1506
1751448104974 0.5335049629211426 1507
1751448106542 0.5109525918960571 1508
1751448107903 0.6759014129638672 1509
1751448109152 0.6663381457328796 1510
1751448110423 0.8086341023445129 1511
1751448111618 0.141044482588768 1512
1751448112836 1.5633702278137207 1513
1751448114043 1.2453609704971313 1514
1751448115245 0.5776591897010803 1515
1751448116421 1.4299137592315674 1516
1751448117816 0.6723002195358276 1517
1751448119058 0.7029165029525757 1518
1751448120302 1.3309472799301147 1519
1751448121520 0.6600388288497925 1520
1751448122804 0.8733662366867065 1521
1751448124101 0.7154998779296875 1522
1751448125349 0.6326394081115723 1523
1751448126550 0.4952322244644165 1524
1751448127825 0.3999055027961731 1525
1751448129034 0.9412516355514526 1526
1751448130290 0.6196311116218567 1527
1751448131588 0.6587655544281006 1528
1751448132858 0.6824966669082642 1529
1751448134082 0.6245533227920532 1530
1751448135344 1.1170644760131836 1531
1751448136600 0.7553701400756836 1532
1751448137888 1.457533836364746 1533
1751448139150 1.018683671951294 1534
1751448140410 0.5622653365135193 1535
1751448141598 0.8648357391357422 1536
1751448142832 1.1491416692733765 1537
1751448144152 0.8019241690635681 1538
1751448145505 0.5189168453216553 1539
1751448146830 0.9480390548706055 1540
1751448148096 0.7809426784515381 1541
1751448149776 0.5543659925460815 1542
1751448151003 0.7354816794395447 1543
1751448152237 0.48646971583366394 1544
1751448153501 0.594963550567627 1545
1751448154801 0.7249146699905396 1546
1751448156092 0.9634677171707153 1547
1751448157329 0.5780550241470337 1548
1751448158616 0.692873477935791 1549
1751448160542 1.0968611240386963 1550
1751448161829 0.6650977730751038 1551
1751448163127 0.6128796935081482 1552
1751448164439 0.4705268442630768 1553
1751448165827 0.8575472831726074 1554
1751448167064 0.9591102004051208 1555
1751448168236 3.1876957416534424 1556
1751448169466 0.9144915342330933 1557
1751448171316 0.6588240265846252 1558
1751448172559 1.156126618385315 1559
1751448173870 1.7586803436279297 1560
1751448175219 0.4630546569824219 1561
1751448176384 0.9480741620063782 1562
1751448177601 0.7133992910385132 1563
1751448178842 0.5008066892623901 1564
1751448180178 0.18654993176460266 1565
1751448181981 0.7045649886131287 1566
1751448183264 0.5846186876296997 1567
1751448184574 0.7096170783042908 1568
1751448185791 0.721124529838562 1569
1751448187030 1.1397051811218262 1570
1751448188588 1.0086402893066406 1571
1751448189886 1.141627550125122 1572
1751448191192 0.7204339504241943 1573
1751448192518 0.5046328902244568 1574
1751448193852 0.8758890628814697 1575
1751448195084 0.3956068158149719 1576
1751448196335 0.6791340112686157 1577
1751448198108 1.5649094581604004 1578
1751448199352 0.48867174983024597 1579
1751448200599 0.3649452030658722 1580
1751448201941 0.5739395618438721 1581
1751448203158 2.2032670974731445 1582
1751448204421 0.6891481876373291 1583
1751448205643 1.1949275732040405 1584
1751448206877 1.3265624046325684 1585
1751448208205 0.7661328911781311 1586
1751448209497 0.9618496298789978 1587
1751448210770 0.6436922550201416 1588
1751448212084 0.7003076672554016 1589
1751448213800 0.7536919116973877 1590
1751448215072 0.4691789150238037 1591
1751448216356 0.6032437682151794 1592
1751448217628 0.799191951751709 1593
1751448218897 0.7742030620574951 1594
1751448220126 0.6663578748703003 1595
1751448221334 0.890525221824646 1596
1751448222670 0.7323447465896606 1597
1751448224366 0.5523025393486023 1598
1751448225611 1.033017635345459 1599
1751448226832 0.11468721181154251 1600
1751448228155 0.9725404977798462 1601
1751448229415 0.37759914994239807 1602
1751448230745 0.6458531618118286 1603
1751448231973 1.099071741104126 1604
1751448233241 1.897363305091858 1605
1751448235109 0.6055854558944702 1606
1751448236404 0.5457618236541748 1607
1751448237690 0.7459755539894104 1608
1751448238934 0.9782018065452576 1609
1751448240215 1.0062153339385986 1610
1751448241465 0.42794159054756165 1611
1751448242679 0.22951740026474 1612
1751448243956 0.577757716178894 1613
1751448245248 0.786101222038269 1614
1751448246509 0.7364400029182434 1615
1751448247746 0.6810586452484131 1616
1751448249013 0.7948384284973145 1617
1751448250629 1.146425485610962 1618
1751448251914 0.6242427229881287 1619
1751448253255 0.6676424145698547 1620
1751448254557 0.8596455454826355 1621
1751448255876 0.8136177062988281 1622
1751448257150 0.9390839338302612 1623
1751448258325 2.180711507797241 1624
1751448259499 0.19063244760036469 1625
1751448260846 0.6231807470321655 1626
1751448262127 0.7553881406784058 1627
1751448263406 0.8288435935974121 1628
1751448264632 0.6923054456710815 1629
1751448265836 0.7160712480545044 1630
1751448267015 0.6901256442070007 1631
1751448268232 0.5799671411514282 1632
1751448269452 1.0521461963653564 1633
1751448270794 0.9439692497253418 1634
1751448272053 0.5944398045539856 1635
1751448273285 0.26921048760414124 1636
1751448274495 0.6193100810050964 1637
1751448276370 0.9175418019294739 1638
1751448277669 0.5719286799430847 1639
1751448278975 0.5616284012794495 1640
1751448280233 0.6511067152023315 1641
1751448281532 0.8788133859634399 1642
1751448282751 0.7876608967781067 1643
1751448283955 1.0292896032333374 1644
1751448285214 0.8771650791168213 1645
1751448286473 1.0113716125488281 1646
1751448287675 1.3087767362594604 1647
1751448288884 0.7288438081741333 1648
1751448290277 0.6383398771286011 1649
1751448291931 0.6055241227149963 1650
1751448293201 0.890350341796875 1651
1751448294480 0.2596643269062042 1652
1751448295780 0.6400039196014404 1653
1751448297042 0.6322357654571533 1654
1751448298279 0.9055312871932983 1655
1751448299491 0.8790690898895264 1656
1751448300707 3.2522668838500977 1657
1751448301969 0.22006690502166748 1658
1751448303214 0.5699740648269653 1659
1751448304501 2.1872920989990234 1660
1751448305802 0.5606339573860168 1661
1751448307058 1.1603024005889893 1662
1751448308295 1.1995949745178223 1663
1751448309603 1.2685856819152832 1664
1751448310886 0.30919650197029114 1665
1751448312148 1.4690828323364258 1666
1751448313458 1.4949755668640137 1667
1751448314676 0.6388158798217773 1668
1751448316024 0.49153605103492737 1669
1751448317792 0.6413058042526245 1670
1751448319055 0.9948210120201111 1671
1751448320269 0.4037977159023285 1672
1751448321510 0.7528489828109741 1673
1751448322978 1.1490652561187744 1674
1751448324228 0.7352806329727173 1675
1751448325426 1.94974684715271 1676
1751448326676 0.9005421996116638 1677
1751448327912 0.761563777923584 1678
1751448329145 0.5636312961578369 1679
1751448330424 0.6596300601959229 1680
1751448331783 0.6487753987312317 1681
1751448333336 0.5785064697265625 1682
1751448334632 1.2104045152664185 1683
1751448335862 0.838475227355957 1684
1751448337233 1.0965033769607544 1685
1751448338499 0.6141871213912964 1686
1751448339728 0.9194313287734985 1687
1751448340970 0.6427077054977417 1688
1751448342368 0.615998387336731 1689
1751448343823 1.0674036741256714 1690
1751448345066 0.6807484030723572 1691
1751448346341 1.3381561040878296 1692
1751448347598 0.5971550941467285 1693
1751448348813 0.9202197790145874 1694
1751448350030 1.5386066436767578 1695
1751448351274 0.6340082883834839 1696
1751448352560 0.7080330848693848 1697
1751448353767 0.3298039138317108 1698
1751448355182 0.9836333990097046 1699
1751448356454 1.0526459217071533 1700
1751448357816 0.6951806545257568 1701
1751448359620 0.47750139236450195 1702
1751448360953 0.3466082513332367 1703
1751448362267 0.7565688490867615 1704
1751448363520 0.4483749568462372 1705
1751448364812 0.4289376437664032 1706
1751448366068 0.8030784726142883 1707
1751448367316 0.7085321545600891 1708
1751448368610 0.673651397228241 1709
1751448369831 0.6800777316093445 1710
1751448371078 0.7124893665313721 1711
1751448372343 0.7313775420188904 1712
1751448373652 0.47763916850090027 1713
1751448374973 0.2861100137233734 1714
1751448376265 0.8461772203445435 1715
1751448377512 0.6627964973449707 1716
1751448378712 0.8541524410247803 1717
1751448379992 0.7546000480651855 1718
1751448381209 1.003575086593628 1719
1751448382426 0.6999467611312866 1720
1751448383637 1.5987951755523682 1721
1751448384940 0.3466378450393677 1722
1751448386175 1.6895618438720703 1723
1751448387423 0.7915660738945007 1724
1751448388672 0.9592145681381226 1725
1751448389942 1.8350931406021118 1726
1751448391189 0.5620959401130676 1727
1751448392403 0.555385410785675 1728
1751448393638 0.900057852268219 1729
1751448394989 0.3323551416397095 1730
1751448396238 0.636271595954895 1731
1751448397566 0.40829771757125854 1732
1751448398784 0.680419921875 1733
1751448399981 1.10255765914917 1734
1751448401449 3.1486926078796387 1735
1751448402660 0.7166816592216492 1736
1751448403956 0.6555995941162109 1737
1751448405106 0.7531811594963074 1738
1751448406406 0.9609073400497437 1739
1751448407692 0.6333950757980347 1740
1751448408955 0.5519645810127258 1741
1751448410291 0.8051595091819763 1742
1751448411950 0.5013654232025146 1743
1751448413226 0.49631834030151367 1744
1751448414502 1.1189907789230347 1745
1751448415760 0.9059813618659973 1746
1751448417009 0.03226490318775177 1747
1751448418329 1.6780338287353516 1748
1751448419557 0.6461590528488159 1749
1751448420831 0.5960999727249146 1750
1751448422193 0.8584889769554138 1751
1751448423456 1.0251073837280273 1752
1751448424699 0.7401350140571594 1753
1751448426110 0.8752847909927368 1754
1751448427653 0.6551046371459961 1755
1751448428872 0.7342243194580078 1756
1751448430129 0.6493476629257202 1757
1751448431477 0.6557449102401733 1758
1751448432710 0.8522835373878479 1759
1751448434025 0.8483288288116455 1760
1751448435268 0.8665814399719238 1761
1751448436538 0.5653185844421387 1762
1751448438251 0.44263213872909546 1763
1751448439485 0.6717302203178406 1764
1751448440818 1.2810826301574707 1765
1751448442069 0.594271183013916 1766
1751448443357 0.7987125515937805 1767
1751448444616 0.5085399150848389 1768
1751448445890 0.6724851131439209 1769
1751448447136 0.5424383282661438 1770
1751448449023 0.9722245931625366 1771
1751448450313 0.7624497413635254 1772
1751448451547 1.344599723815918 1773
1751448452779 0.5964925289154053 1774
1751448454017 0.6241968870162964 1775
1751448455300 0.7405375242233276 1776
1751448456609 0.27122023701667786 1777
1751448457816 1.0632715225219727 1778
1751448459019 0.65634685754776 1779
1751448460259 0.45992767810821533 1780
1751448461736 0.6125305891036987 1781
1751448463039 1.0277814865112305 1782
1751448464336 1.1677759885787964 1783
1751448465556 0.6498388051986694 1784
1751448466953 0.5814573764801025 1785
1751448468368 0.9345709681510925 1786
1751448469596 0.356331467628479 1787
1751448470864 0.6024498343467712 1788
1751448472180 0.6060895323753357 1789
1751448473422 0.5385692715644836 1790
1751448474680 0.7706682682037354 1791
1751448476306 0.9142842292785645 1792
1751448477594 0.8593118190765381 1793
1751448478842 0.4595351219177246 1794
1751448480221 0.4156495928764343 1795
1751448481544 0.22012527287006378 1796
1751448482857 1.5254428386688232 1797
1751448484085 0.8068444728851318 1798
1751448485368 1.1859655380249023 1799
1751448487443 0.45182541012763977 1800
1751448569359 1.0701695680618286 1801
1751448570607 0.707751452922821 1802
1751448571885 1.132796049118042 1803
1751448573185 0.7934895753860474 1804
1751448574423 0.40858194231987 1805
1751448575621 0.5860230326652527 1806
1751448576792 1.0383274555206299 1807
1751448578037 1.128174901008606 1808
1751448579326 0.9226833581924438 1809
1751448580652 0.9251452088356018 1810
1751448581987 0.9298294186592102 1811
1751448583235 0.7212769389152527 1812
1751448584487 1.0392382144927979 1813
1751448585755 1.1980607509613037 1814
1751448587048 0.9135077595710754 1815
1751448588262 0.5225597620010376 1816
1751448589751 0.6529852151870728 1817
1751448591024 0.9347456693649292 1818
1751448592272 1.0469183921813965 1819
1751448593577 3.2072525024414062 1820
1751448594897 0.7541224956512451 1821
1751448596137 0.4498293101787567 1822
1751448597347 0.6409114599227905 1823
1751448598562 0.5367391109466553 1824
1751448600220 0.8180745840072632 1825
1751448601936 0.5450470447540283 1826
1751448603218 0.34225255250930786 1827
1751448604496 0.8774704933166504 1828
1751448605799 0.7675593495368958 1829
1751448607054 1.2795629501342773 1830
1751448608341 0.7128041982650757 1831
1751448609632 0.7261562943458557 1832
1751448611022 0.6114472150802612 1833
1751448612274 0.7226082682609558 1834
1751448613561 0.8434770703315735 1835
1751448614758 1.6787068843841553 1836
1751448616011 0.6021484136581421 1837
1751448617269 0.5564709901809692 1838
1751448618557 0.803705096244812 1839
1751448619779 0.5808420777320862 1840
1751448621035 0.5783182382583618 1841
1751448622336 0.9446471333503723 1842
1751448623530 0.5026428699493408 1843
1751448624761 0.6119616031646729 1844
1751448625964 0.9443523287773132 1845
1751448627237 0.6419406533241272 1846
1751448628536 0.40157777070999146 1847
1751448629879 0.6032394170761108 1848
1751448631190 2.098262310028076 1849
1751448632436 0.9522173404693604 1850
1751448634401 0.49284836649894714 1851
1751448635695 1.6865642070770264 1852
1751448636902 0.658228874206543 1853
1751448638120 0.943018913269043 1854
1751448639352 0.10623195767402649 1855
1751448640622 0.5328208208084106 1856
1751448641858 0.7495239973068237 1857
1751448643095 1.0354112386703491 1858
1751448644368 0.6775556802749634 1859
1751448645673 1.5138113498687744 1860
1751448647009 1.2543950080871582 1861
1751448648193 1.2859911918640137 1862
1751448649472 0.8299245238304138 1863
1751448650724 1.0603307485580444 1864
1751448651940 0.5701918601989746 1865
1751448653205 0.16217270493507385 1866
1751448654542 1.1759817600250244 1867
1751448655762 0.6020101308822632 1868
1751448657115 1.0765804052352905 1869
1751448658316 1.0159265995025635 1870
1751448659775 0.7338707447052002 1871
1751448661309 0.670508861541748 1872
1751448662556 1.1664711236953735 1873
1751448663746 5.080756664276123 1874
1751448664982 0.6862399578094482 1875
1751448666208 0.933034360408783 1876
1751448667352 0.7598778605461121 1877
1751448668556 0.18492823839187622 1878
1751448669821 0.5354124307632446 1879
1751448671016 0.7373870611190796 1880
1751448672392 0.663480281829834 1881
1751448673677 0.5885419845581055 1882
1751448674982 0.9575890302658081 1883
1751448676714 1.2578015327453613 1884
1751448677990 0.7019691467285156 1885
1751448679311 0.8407072424888611 1886
1751448680634 0.5925701856613159 1887
1751448681830 0.6503675580024719 1888
1751448683159 1.0015267133712769 1889
1751448684375 1.0177597999572754 1890
1751448685592 0.5882565975189209 1891
1751448686830 0.5835445523262024 1892
1751448688096 0.5178449153900146 1893
1751448689399 0.5912163257598877 1894
1751448690643 0.7415853142738342 1895
1751448691903 1.047811508178711 1896
1751448693150 0.5969129800796509 1897
1751448694417 0.7230767011642456 1898
1751448695824 0.7694125175476074 1899
1751448697055 0.589280366897583 1900
1751448698300 0.9726981520652771 1901
1751448699546 1.0872795581817627 1902
1751448700739 1.4194319248199463 1903
1751448701983 0.8086197972297668 1904
1751448703219 1.2244117259979248 1905
1751448704531 0.9964016675949097 1906
1751448705917 0.9625673294067383 1907
1751448707225 1.787358283996582 1908
1751448708450 0.7691718935966492 1909
1751448709688 0.7892376184463501 1910
1751448710976 0.9288390874862671 1911
1751448712216 0.8158630132675171 1912
1751448713470 0.9796053171157837 1913
1751448714829 0.7902601361274719 1914
1751448716071 1.024038553237915 1915
1751448717502 1.0204384326934814 1916
1751448718754 0.8712558150291443 1917
1751448719970 1.0479168891906738 1918
1751448721221 0.5837919116020203 1919
1751448722432 0.9497912526130676 1920
1751448723696 1.087545394897461 1921
1751448724942 0.9734413623809814 1922
1751448726443 0.8069795370101929 1923
1751448727730 0.5704917907714844 1924
1751448728946 0.629965603351593 1925
1751448730167 0.6351476907730103 1926
1751448731401 0.4897664785385132 1927
1751448732643 0.5548252463340759 1928
1751448733895 0.879988431930542 1929
1751448735120 1.217415690422058 1930
1751448736386 0.7071431279182434 1931
1751448737604 1.790783166885376 1932
1751448738868 1.0043922662734985 1933
1751448740187 1.1461460590362549 1934
1751448741461 1.5765409469604492 1935
1751448742689 0.6762956380844116 1936
1751448743885 0.6076470613479614 1937
1751448745135 0.6233181953430176 1938
1751448746332 0.9829200506210327 1939
1751448747569 1.1593363285064697 1940
1751448748835 1.4826170206069946 1941
1751448750147 0.568193793296814 1942
1751448751557 0.7794135808944702 1943
1751448752808 1.43519127368927 1944
1751448754443 0.6919323801994324 1945
1751448755674 0.6020159125328064 1946
1751448756865 0.7027770280838013 1947
1751448758066 1.5021426677703857 1948
1751448759311 0.2834080159664154 1949
1751448760666 0.8420655727386475 1950
1751448761950 0.8231680393218994 1951
1751448763170 0.6002197265625 1952
1751448764379 0.615519106388092 1953
1751448765722 0.6799019575119019 1954
1751448767027 0.7415322065353394 1955
1751448768337 1.6778910160064697 1956
1751448769944 0.7593761682510376 1957
1751448771193 0.8931649923324585 1958
1751448772494 1.062504768371582 1959
1751448773806 0.6857459545135498 1960
1751448775167 0.8531702756881714 1961
1751448776388 1.5974502563476562 1962
1751448777727 0.5626187324523926 1963
1751448779041 0.7626748085021973 1964
1751448780305 0.7064020037651062 1965
1751448781592 1.0002093315124512 1966
1751448782919 0.2711601257324219 1967
1751448784124 0.832537829875946 1968
1751448785598 0.6861732006072998 1969
1751448786867 1.068310260772705 1970
1751448788063 0.6410041451454163 1971
1751448789358 0.8893294334411621 1972
1751448790567 0.9525985717773438 1973
1751448791834 1.421555519104004 1974
1751448793091 0.7346532344818115 1975
1751448794297 0.972416341304779 1976
1751448795685 0.6904247999191284 1977
1751448796902 0.8753156661987305 1978
1751448798213 0.9562779068946838 1979
1751448799488 0.7241803407669067 1980
1751448801269 0.33939749002456665 1981
1751448802653 1.1364009380340576 1982
1751448803918 1.2177348136901855 1983
1751448805160 1.258491039276123 1984
1751448806439 0.30055394768714905 1985
1751448807699 1.1173678636550903 1986
1751448808913 0.6378004550933838 1987
1751448810132 0.6202455759048462 1988
1751448811464 0.8373878002166748 1989
1751448812689 0.8015398979187012 1990
1751448814022 0.923125147819519 1991
1751448815281 1.347537636756897 1992
1751448816570 0.5749868154525757 1993
1751448817834 0.7290067672729492 1994
1751448819139 0.523353099822998 1995
1751448820398 0.1479770690202713 1996
1751448821705 0.7672566771507263 1997
1751448823195 0.7201097011566162 1998
1751448824431 0.671758770942688 1999
1751448825644 1.3138108253479004 2000
1751448826889 1.6528517007827759 2001
1751448828475 0.918503999710083 2002
1751448829734 0.7528001070022583 2003
1751448830936 2.786566972732544 2004
1751448832248 0.6723273992538452 2005
1751448833526 0.4982607960700989 2006
1751448834784 0.6603705883026123 2007
1751448835983 0.6224386692047119 2008
1751448837225 0.7233873605728149 2009
1751448839140 0.5957399606704712 2010
1751448840381 0.801501989364624 2011
1751448841641 0.6617041826248169 2012
1751448843022 0.5232136249542236 2013
1751448844315 0.48592182993888855 2014
1751448845562 0.8973543643951416 2015
1751448846831 2.102080821990967 2016
1751448848105 1.2639412879943848 2017
1751448849994 1.2907819747924805 2018
1751448851276 0.50043785572052 2019
1751448852519 0.529447078704834 2020
1751448853831 0.6453027725219727 2021
1751448855084 0.9951090812683105 2022
1751448856323 0.7193712592124939 2023
1751448857626 0.8010684251785278 2024
1751448858917 0.33859631419181824 2025
1751448860847 1.2108814716339111 2026
1751448862056 0.42222321033477783 2027
1751448863299 0.10770050436258316 2028
1751448864531 0.5553661584854126 2029
1751448865830 0.6441715955734253 2030
1751448867097 0.5599998235702515 2031
1751448868339 0.8990232944488525 2032
1751448869596 0.7227221131324768 2033
1751448871485 0.5913753509521484 2034
1751448872797 1.0575323104858398 2035
1751448874138 1.1041053533554077 2036
1751448875421 0.7164903283119202 2037
1751448876629 0.9644656777381897 2038
1751448877980 0.2851431965827942 2039
1751448879199 0.8574237823486328 2040
1751448880404 1.159299612045288 2041
1751448881693 0.6129841804504395 2042
1751448882953 0.764746904373169 2043
1751448884267 0.8823177218437195 2044
1751448885442 0.4006752073764801 2045
1751448887646 0.7952163219451904 2046
1751448888889 0.43856948614120483 2047
1751448890086 0.5917593836784363 2048
1751448891303 0.8286866545677185 2049
1751448892559 0.7231259346008301 2050
1751448893894 0.5102846026420593 2051
1751448895089 0.9395943284034729 2052
1751448896288 0.6675469875335693 2053
1751448897535 0.9391932487487793 2054
1751448898794 0.7908263206481934 2055
1751448900054 0.7572646141052246 2056
1751448901294 0.9265574216842651 2057
1751448902550 0.5078539848327637 2058
1751448903805 0.9803848266601562 2059
1751448905260 0.6291124224662781 2060
1751448906546 0.5107259750366211 2061
1751448907886 0.9618526697158813 2062
1751448909506 0.5834996104240417 2063
1751448910753 1.0389460325241089 2064
1751448911997 0.6776405572891235 2065
1751448913349 0.6282119750976562 2066
1751448914676 0.6739983558654785 2067
1751448915942 1.127002477645874 2068
1751448917288 1.5337198972702026 2069
1751448918768 0.5598399639129639 2070
1751448920021 0.5063927173614502 2071
1751448921232 0.73264080286026 2072
1751448922480 0.5132302641868591 2073
1751448923704 1.0626246929168701 2074
1751448924973 0.6699786186218262 2075
1751448926253 0.3191399872303009 2076
1751448927502 0.6722555160522461 2077
1751448928775 0.5065666437149048 2078
1751448930050 1.1892045736312866 2079
1751448931384 0.5995215177536011 2080
1751448932641 0.8482227325439453 2081
1751448933974 0.8867079019546509 2082
1751448935455 0.7513372302055359 2083
1751448936762 0.7562963962554932 2084
1751448938087 0.8989164233207703 2085
1751448939422 0.3984537422657013 2086
1751448941134 0.6325110197067261 2087
1751448942526 1.1408075094223022 2088
1751448944058 0.8992382287979126 2089
1751448945370 0.12920719385147095 2090
1751448946976 1.0783276557922363 2091
1751448948521 0.868457555770874 2092
1751448949900 0.565474271774292 2093
1751448951754 0.7053367495536804 2094
1751448953070 1.582156777381897 2095
1751448954694 0.7148118019104004 2096
1751448955921 0.9477955102920532 2097
1751448957155 0.6698724031448364 2098
1751448958586 0.5876543521881104 2099
1751448959837 0.6775159239768982 2100
1751448961326 0.10541962087154388 2101
1751448962550 2.782256841659546 2102
1751448963773 0.6102640628814697 2103
1751448965113 1.443817377090454 2104
1751448966382 0.5319949388504028 2105
1751448967673 0.9836746454238892 2106
1751448969138 0.776792049407959 2107
1751448970387 0.6098753809928894 2108
1751448971922 0.660266637802124 2109
1751448973199 0.6648422479629517 2110
1751448974555 0.5665767788887024 2111
1751448976049 0.6283355355262756 2112
1751448977325 0.7758292555809021 2113
1751448978598 0.6765612363815308 2114
1751448980075 0.6595150828361511 2115
1751448981403 0.6755892634391785 2116
1751448983401 0.6952535510063171 2117
1751448984846 0.7911935448646545 2118
1751448986124 1.5712041854858398 2119
1751448987283 0.674168586730957 2120
1751448988588 0.5096045732498169 2121
1751448989803 0.9915112257003784 2122
1751448991074 0.8960553407669067 2123
1751448992285 0.5440698862075806 2124
1751448993583 0.43205592036247253 2125
1751448994997 0.9207643866539001 2126
1751448996237 0.5842591524124146 2127
1751448997504 0.5411671996116638 2128
1751448998847 0.5218633413314819 2129
1751449000141 0.9022819995880127 2130
1751449001374 0.6177129149436951 2131
1751449002680 0.9305946826934814 2132
1751449003929 0.495502233505249 2133
1751449005164 0.9010328054428101 2134
1751449006651 0.6928282976150513 2135
1751449007940 1.1111756563186646 2136
1751449009199 0.6342325210571289 2137
1751449010593 0.8055282831192017 2138
1751449011824 0.9101344347000122 2139
1751449013122 0.6264834403991699 2140
1751449014358 1.264939785003662 2141
1751449015617 0.8149835467338562 2142
1751449016910 0.7692627906799316 2143
1751449018209 0.5662692785263062 2144
1751449019442 0.5984252095222473 2145
1751449021241 0.6329755783081055 2146
1751449022455 0.6702703237533569 2147
1751449023736 1.4072659015655518 2148
1751449024994 0.7612733840942383 2149
1751449026705 0.8321678042411804 2150
1751449027949 1.3853240013122559 2151
1751449029132 0.9318529367446899 2152
1751449030373 2.516181468963623 2153
1751449032229 0.791069507598877 2154
1751449033487 0.6489486694335938 2155
1751449034714 0.8450753688812256 2156
1751449036035 0.6675072908401489 2157
1751449037326 0.9154014587402344 2158
1751449038638 1.2588626146316528 2159
1751449039932 1.1856898069381714 2160
1751449041297 1.1429600715637207 2161
1751449042795 1.339905023574829 2162
1751449044066 0.6231105327606201 2163
1751449045437 0.8551983833312988 2164
1751449046761 0.9531610608100891 2165
1751449048298 0.5894443988800049 2166
1751449049508 1.4283843040466309 2167
1751449050695 1.0669856071472168 2168
1751449051984 0.6457992196083069 2169
1751449053679 0.8540636897087097 2170
1751449055009 0.410564661026001 2171
1751449056209 1.1297504901885986 2172
1751449057455 0.4076317250728607 2173
1751449058728 0.8563261032104492 2174
1751449059985 1.2127059698104858 2175
1751449061301 0.6695706844329834 2176
1751449062612 0.8452276587486267 2177
1751449064348 0.741260290145874 2178
1751449065584 0.710033655166626 2179
1751449066812 0.9420437812805176 2180
1751449068083 1.1156407594680786 2181
1751449069345 0.8400453329086304 2182
1751449070629 0.49810171127319336 2183
1751449072013 0.17927968502044678 2184
1751449073257 0.7959138751029968 2185
1751449074525 0.859107255935669 2186
1751449075837 1.3032681941986084 2187
1751449077122 0.5444369316101074 2188
1751449078373 1.4729753732681274 2189
1751449079771 0.6036328077316284 2190
1751449081450 0.7111340761184692 2191
1751449082785 0.6903680562973022 2192
1751449084034 0.5707215070724487 2193
1751449085359 0.6097429394721985 2194
1751449086640 0.719907820224762 2195
1751449088035 1.5548160076141357 2196
1751449089320 0.6886796951293945 2197
1751449090667 1.1282243728637695 2198
1751449092171 0.27419427037239075 2199
1751449093478 0.5188479423522949 2200
1751449094755 0.9623202085494995 2201
1751449095986 0.9954055547714233 2202
1751449097200 0.7003347873687744 2203
1751449098583 0.6142575740814209 2204
1751449099863 0.8121564388275146 2205
1751449101098 0.5496331453323364 2206
1751449102359 1.0983808040618896 2207
1751449103884 0.8494506478309631 2208
1751449105158 0.7291534543037415 2209
1751449106383 0.6355262994766235 2210
1751449107679 1.0088469982147217 2211
1751449109075 0.28430309891700745 2212
1751449110436 0.8280346989631653 2213
1751449111629 1.5748722553253174 2214
1751449112873 0.5788871049880981 2215
1751449114121 0.6892014741897583 2216
1751449116051 0.7098612785339355 2217
1751449117337 0.6929028034210205 2218
1751449118616 0.6143677234649658 2219
1751449119948 0.6218217015266418 2220
1751449121194 0.6265912055969238 2221
1751449122563 0.409252405166626 2222
1751449123777 0.540504515171051 2223
1751449125085 0.8180138468742371 2224
1751449126596 1.432356595993042 2225
1751449127823 0.7999820113182068 2226
1751449129154 0.5702067613601685 2227
1751449130473 0.6034102439880371 2228
1751449132046 0.8408758640289307 2229
1751449133359 1.1481950283050537 2230
1751449134864 0.7575061321258545 2231
1751449136055 0.8130735158920288 2232
1751449137350 0.8574356436729431 2233
1751449138733 0.47849246859550476 2234
1751449139959 0.8235934972763062 2235
1751449141157 0.580022394657135 2236
1751449142419 0.4001927673816681 2237
1751449143599 0.9315770864486694 2238
1751449144974 0.7139018774032593 2239
1751449146292 1.1654794216156006 2240
1751449147527 0.6100603938102722 2241
1751449148824 0.9963439106941223 2242
1751449150220 1.1568076610565186 2243
1751449151453 1.1150963306427002 2244
1751449152742 0.6292380690574646 2245
1751449154071 0.552173912525177 2246
1751449155759 0.7449699640274048 2247
1751449156938 2.400749683380127 2248
1751449158339 0.7224627137184143 2249
1751449159596 0.8761090040206909 2250
1751449160881 0.8021586537361145 2251
1751449162091 0.9100971221923828 2252
1751449163400 0.6429412961006165 2253
1751449164677 0.8412967324256897 2254
1751449165932 0.7780650854110718 2255
1751449167249 1.3831030130386353 2256
1751449168497 1.1800575256347656 2257
1751449169826 0.5301495790481567 2258
1751449171156 0.572950541973114 2259
1751449172607 0.7411201000213623 2260
1751449173833 0.6814695596694946 2261
1751449175071 0.4300966262817383 2262
1751449176370 1.0708808898925781 2263
1751449177717 0.8785982131958008 2264
1751449179185 0.6573387980461121 2265
1751449180603 0.5989959239959717 2266
1751449181892 0.8692101240158081 2267
1751449183155 0.7550543546676636 2268
1751449184457 0.2711559534072876 2269
1751449185775 0.9670611023902893 2270
1751449187042 0.7677062749862671 2271
1751449188297 0.6816080808639526 2272
1751449189582 0.714162290096283 2273
1751449190829 0.9716806411743164 2274
1751449192129 0.6845805644989014 2275
1751449193465 0.4987514019012451 2276
1751449194709 0.8146615028381348 2277
1751449195959 1.1006757020950317 2278
1751449197271 0.38658764958381653 2279
1751449198677 0.6889705061912537 2280
1751449200113 0.5617141127586365 2281
1751449201655 0.4434451460838318 2282
1751449203103 0.9271010756492615 2283
1751449204615 0.8059965372085571 2284
1751449206098 0.7225804924964905 2285
1751449207406 1.4328830242156982 2286
1751449208830 0.5921993255615234 2287
1751449210140 0.8748835325241089 2288
1751449211420 0.743069052696228 2289
1751449212711 0.7360799312591553 2290
1751449213940 0.6795534491539001 2291
1751449215356 0.6152961254119873 2292
1751449217430 0.7685226798057556 2293
1751449218738 1.1134731769561768 2294
1751449220098 2.1188602447509766 2295
1751449221707 1.511578917503357 2296
1751449222964 1.1232787370681763 2297
1751449224223 1.0887318849563599 2298
1751449225499 0.6385940313339233 2299
1751449226842 0.7186455726623535 2300
1751449228075 0.4760715663433075 2301
1751449229449 0.5356055498123169 2302
1751449230876 1.6623547077178955 2303
1751449232174 0.8131478428840637 2304
1751449233402 0.9185969233512878 2305
1751449234796 0.5270271301269531 2306
1751449236025 0.7729707956314087 2307
1751449237375 0.3996413052082062 2308
1751449238647 0.5136865377426147 2309
1751449240234 0.6644816398620605 2310
1751449242712 0.5465872287750244 2311
1751449244015 3.109797477722168 2312
1751449245297 0.7437410354614258 2313
1751449246583 0.7687128782272339 2314
1751449247830 0.729134202003479 2315
1751449249083 0.2167111039161682 2316
1751449250296 0.4674924612045288 2317
1751449251538 2.1174707412719727 2318
1751449252788 0.7680114507675171 2319
1751449254175 1.0393160581588745 2320
1751449255460 0.5360405445098877 2321
1751449256970 0.7036168575286865 2322
1751449258226 0.9828425049781799 2323
1751449259505 0.8716593980789185 2324
1751449260795 0.6509997844696045 2325
1751449262092 0.4908369481563568 2326
1751449263300 0.25490373373031616 2327
1751449264615 0.5196393728256226 2328
1751449265906 1.618569254875183 2329
1751449267149 1.0036529302597046 2330
1751449268407 0.1722305566072464 2331
1751449269676 0.5911363363265991 2332
1751449270893 0.6825950145721436 2333
1751449272114 0.0988406389951706 2334
1751449273361 1.4683500528335571 2335
1751449275280 0.7954384088516235 2336
1751449276565 0.45364272594451904 2337
1751449277803 1.384135365486145 2338
1751449279212 0.9115487337112427 2339
1751449280581 0.589919924736023 2340
1751449281880 0.6863454580307007 2341
1751449283132 0.7061963677406311 2342
1751449284646 1.092033863067627 2343
1751449286090 0.39783793687820435 2344
1751449287389 0.01906076818704605 2345
1751449288636 0.8143173456192017 2346
1751449290091 0.493480920791626 2347
1751449291695 0.7136929631233215 2348
1751449292984 0.3693075180053711 2349
1751449294229 1.0187839269638062 2350
1751449295760 0.8317147493362427 2351
1751449297208 0.69834965467453 2352
1751449298497 1.1545687913894653 2353
1751449299743 1.2280818223953247 2354
1751449301098 0.3293432593345642 2355
1751449302873 0.5708608627319336 2356
1751449304111 0.5611270666122437 2357
1751449305417 0.7338953614234924 2358
1751449306741 0.5228431224822998 2359
1751449308361 0.7460079193115234 2360
1751449309981 0.8171677589416504 2361
1751449311361 0.519309401512146 2362
1751449312673 0.45394426584243774 2363
1751449313883 0.6535232663154602 2364
1751449315115 0.5108838677406311 2365
1751449316357 1.3496307134628296 2366
1751449317659 0.5730428099632263 2367
1751449319062 0.9345075488090515 2368
1751449320293 0.7298156023025513 2369
1751449321541 0.6041394472122192 2370
1751449322811 0.6670222878456116 2371
1751449324079 0.654854416847229 2372
1751449325466 0.6530653238296509 2373
1751449326752 0.8037176132202148 2374
1751449327988 0.7283653616905212 2375
1751449329243 0.5460882186889648 2376
1751449330552 0.5698807239532471 2377
1751449331779 0.6308857202529907 2378
1751449333022 1.4393949508666992 2379
1751449334231 1.102351188659668 2380
1751449335498 0.5654737949371338 2381
1751449336785 0.4481290578842163 2382
1751449337987 0.4560450613498688 2383
1751449339212 1.0264575481414795 2384
1751449340527 0.650078535079956 2385
1751449341747 0.6078770160675049 2386
1751449343022 0.3898468017578125 2387
1751449344265 0.5200534462928772 2388
1751449346014 0.864233136177063 2389
1751449347376 0.6592323184013367 2390
1751449348676 0.538216233253479 2391
1751449349944 0.3265014886856079 2392
1751449351238 0.7405370473861694 2393
1751449352554 0.9607698321342468 2394
1751449353844 1.1452159881591797 2395
1751449355069 0.9107184410095215 2396
1751449356856 1.4116361141204834 2397
1751449358148 0.6911742687225342 2398
1751449359384 1.1911513805389404 2399
1751449360644 1.4656480550765991 2400
1751449362474 1.0091571807861328 2401
1751449363719 1.183503270149231 2402
1751449364995 1.6068964004516602 2403
1751449366236 0.6946069002151489 2404
1751449367542 0.7663624286651611 2405
1751449368950 0.7055119276046753 2406
1751449370232 0.6489790678024292 2407
1751449371693 0.19346116483211517 2408
1751449372971 0.6931004524230957 2409
1751449374237 0.5321069359779358 2410
1751449375552 0.4309099018573761 2411
1751449376859 1.0823177099227905 2412
1751449378151 0.39599958062171936 2413
1751449379528 0.5480465888977051 2414
1751449380867 1.0041972398757935 2415
1751449382075 1.0445661544799805 2416
1751449383335 0.7347261905670166 2417
1751449384568 0.31436437368392944 2418
1751449385951 0.6800934076309204 2419
1751449387285 0.6728919148445129 2420
1751449388571 1.180943489074707 2421
1751449389884 0.6110934019088745 2422
1751449391134 1.2587006092071533 2423
1751449392389 0.5784832835197449 2424
1751449393756 1.1124773025512695 2425
1751449395079 0.700790286064148 2426
1751449396437 1.091660976409912 2427
1751449397851 0.45765388011932373 2428
1751449399119 0.8726161122322083 2429
1751449400544 0.6273694038391113 2430
1751449401836 0.14228424429893494 2431
1751449403181 0.754489004611969 2432
1751449404621 0.4060102701187134 2433
1751449405943 0.5453997850418091 2434
1751449407493 1.5101068019866943 2435
1751449408735 1.8604587316513062 2436
1751449409935 0.9623467922210693 2437
1751449411678 1.0471361875534058 2438
1751449413265 0.7074059247970581 2439
1751449414505 0.6451436281204224 2440
1751449415757 0.5380595922470093 2441
1751449417033 0.6761863827705383 2442
1751449418245 0.5896537899971008 2443
1751449419490 1.106593132019043 2444
1751449420808 1.1097590923309326 2445
1751449422016 0.6598352193832397 2446
1751449423483 0.4244030714035034 2447
1751449424746 0.6453696489334106 2448
1751449426028 0.9902994632720947 2449
1751449427309 0.36399948596954346 2450
1751449428609 0.6411980390548706 2451
1751449429932 0.6172468662261963 2452
1751449431252 0.8706092834472656 2453
1751449432582 0.6136193871498108 2454
1751449433827 0.6509085893630981 2455
1751449435068 0.675902247428894 2456
1751449436303 0.7213325500488281 2457
1751449437547 0.8711892366409302 2458
1751449438892 0.8106356263160706 2459
1751449440139 0.26666009426116943 2460
1751449441373 0.8772631883621216 2461
1751449442650 0.627189576625824 2462
1751449443934 0.9565602540969849 2463
1751449445165 0.7349903583526611 2464
1751449446416 0.749295711517334 2465
1751449447723 0.786912202835083 2466
1751449448939 0.6115108728408813 2467
1751449450207 0.9338979721069336 2468
1751449451427 0.6636264324188232 2469
1751449452739 0.6988274455070496 2470
1751449454092 1.0473172664642334 2471
1751449455617 0.8306054472923279 2472
1751449456828 0.8148200511932373 2473
1751449458088 0.6110132336616516 2474
1751449459435 0.8704477548599243 2475
1751449460690 0.6282803416252136 2476
1751449461990 0.808639407157898 2477
1751449463175 0.8940284848213196 2478
1751449464622 0.6910325288772583 2479
1751449465888 1.0010327100753784 2480
1751449467101 1.0019724369049072 2481
1751449468373 1.3213573694229126 2482
1751449469651 0.9953835010528564 2483
1751449470951 1.0055725574493408 2484
1751449472216 1.1277148723602295 2485
1751449473450 0.49910858273506165 2486
1751449474657 0.9549921154975891 2487
1751449475955 0.43623197078704834 2488
1751449477146 0.8679487705230713 2489
1751449478480 0.6833603978157043 2490
1751449479734 0.3909716010093689 2491
1751449481109 0.7985320091247559 2492
1751449482437 0.64698326587677 2493
1751449483983 0.4748411774635315 2494
1751449485234 0.6270539164543152 2495
1751449486564 1.164408564567566 2496
1751449488170 0.4567779302597046 2497
1751449489497 0.7288289070129395 2498
1751449490718 0.59363853931427 2499
1751449491971 0.6350600123405457 2500
1751449493230 0.8510333299636841 2501
1751449494588 0.8043246865272522 2502
1751449495863 0.450927734375 2503
1751449497116 0.7584682703018188 2504
1751449498416 0.5141137838363647 2505
1751449499785 0.2724643051624298 2506
1751449501311 0.6022717952728271 2507
1751449502637 1.1021696329116821 2508
1751449503817 1.3214417695999146 2509
1751449505072 0.7776885628700256 2510
1751449506400 0.9645386934280396 2511
1751449507746 0.8786152601242065 2512
1751449509050 1.3056175708770752 2513
1751449510293 0.677243173122406 2514
1751449511598 0.6601160168647766 2515
1751449512857 1.0475432872772217 2516
1751449514287 0.3021688461303711 2517
1751449515578 0.6157839894294739 2518
1751449516893 0.6850774884223938 2519
1751449518124 0.8265403509140015 2520
1751449519378 1.031359314918518 2521
1751449520841 0.7449231743812561 2522
1751449522221 1.618417501449585 2523
1751449523554 0.9593445658683777 2524
1751449524791 1.4487043619155884 2525
1751449526214 1.273142695426941 2526
1751449527549 0.8711062073707581 2527
1751449528743 1.255248785018921 2528
1751449530129 1.0103662014007568 2529
1751449531367 0.5929173231124878 2530
1751449532710 1.0009442567825317 2531
1751449534021 0.26723426580429077 2532
1751449535347 0.5740259885787964 2533
1751449536615 0.5623459219932556 2534
1751449537905 0.18064247071743011 2535
1751449539176 0.7670350074768066 2536
1751449540368 1.330288290977478 2537
1751449541670 0.6017374396324158 2538
1751449542990 0.9012994766235352 2539
1751449544338 0.6114624738693237 2540
1751449545729 0.9541430473327637 2541
1751449547054 0.5231410264968872 2542
1751449548276 2.966440200805664 2543
1751449549587 1.0204427242279053 2544
1751449550837 0.7153282165527344 2545
1751449552087 0.9423243999481201 2546
1751449553404 0.6579854488372803 2547
1751449555335 0.5116223692893982 2548
1751449556692 1.9042720794677734 2549
1751449557982 1.613270878791809 2550
1751449559299 0.9306201934814453 2551
1751449560622 0.5938794612884521 2552
1751449561947 0.8411535024642944 2553
1751449563330 1.1956799030303955 2554
1751449564565 1.1056344509124756 2555
1751449566068 0.6062818169593811 2556
1751449567380 0.7216019630432129 2557
1751449568627 0.6287717819213867 2558
1751449569880 0.7957969903945923 2559
1751449571157 0.6233639717102051 2560
1751449572365 0.8192218542098999 2561
1751449573656 0.7539299130439758 2562
1751449574867 0.6787115335464478 2563
1751449576123 0.7270313501358032 2564
1751449577451 1.1570219993591309 2565
1751449578766 1.1895291805267334 2566
1751449579993 0.03242780640721321 2567
1751449581170 2.516078472137451 2568
1751449582432 0.9126152992248535 2569
1751449583643 0.9485143423080444 2570
1751449584917 0.6183030009269714 2571
1751449586234 0.6703084111213684 2572
1751449587485 0.8771292567253113 2573
1751449589010 0.8956152200698853 2574
1751449590269 0.754258930683136 2575
1751449591573 0.7233451008796692 2576
1751449592801 0.47603100538253784 2577
1751449594601 0.5870737433433533 2578
1751449595889 0.8012681007385254 2579
1751449597153 0.7107853889465332 2580
1751449598430 0.988523542881012 2581
1751449599775 0.7199841737747192 2582
1751449601010 0.538578987121582 2583
1751449602256 0.9264050722122192 2584
1751449603806 0.8115785121917725 2585
1751449605270 0.6390149593353271 2586
1751449606477 0.7187418341636658 2587
1751449607757 1.2355906963348389 2588
1751449609106 0.7167581915855408 2589
1751449610421 0.9685131907463074 2590
1751449611797 0.7239966988563538 2591
1751449613078 0.9089287519454956 2592
1751449614514 1.2435429096221924 2593
1751449615929 0.6052975654602051 2594
1751449617224 0.6788519620895386 2595
1751449618412 0.6826816201210022 2596
1751449619752 0.8027372360229492 2597
1751449621303 0.6052259206771851 2598
1751449622493 0.7627091407775879 2599
1751449623703 0.5187721848487854 2600
1751449624998 0.857035756111145 2601
1751449626613 0.4724888205528259 2602
1751449627852 0.8992101550102234 2603
1751449629172 0.9977399706840515 2604
1751449630449 1.044144868850708 2605
1751449631852 0.8497364521026611 2606
1751449633068 0.5008795857429504 2607
1751449634297 0.6805251240730286 2608
1751449635548 0.6614924073219299 2609
1751449636803 0.6296690702438354 2610
1751449638114 0.7111073136329651 2611
1751449639461 1.2025049924850464 2612
1751449640690 0.6193835139274597 2613
1751449642232 0.96063232421875 2614
1751449643466 1.2159199714660645 2615
1751449644831 0.6330307722091675 2616
1751449646147 0.5600249767303467 2617
1751449647417 0.13359564542770386 2618
1751449648630 0.6211206912994385 2619
1751449649935 0.6183081269264221 2620
1751449651673 0.967434287071228 2621
1751449652939 0.8746135830879211 2622
1751449654258 0.9673947691917419 2623
1751449655664 1.0662660598754883 2624
1751449657214 0.6864748001098633 2625
1751449658615 1.6136765480041504 2626
1751449659901 0.1285581886768341 2627
1751449661132 1.8703104257583618 2628
1751449662400 0.6719923615455627 2629
1751449663656 0.5522174835205078 2630
1751449664976 0.3832300305366516 2631
1751449666229 0.4066053628921509 2632
1751449667473 0.5865479707717896 2633
1751449668798 0.9733564257621765 2634
1751449670084 0.809072732925415 2635
1751449671396 0.7373756766319275 2636
1751449672824 0.6821019649505615 2637
1751449674407 0.734683632850647 2638
1751449675596 0.7414687275886536 2639
1751449676773 0.20952968299388885 2640
1751449678019 0.5496892929077148 2641
1751449679227 1.5859272480010986 2642
1751449680491 0.7706459164619446 2643
1751449681798 1.0434272289276123 2644
1751449683094 0.5929418206214905 2645
1751449684370 0.6100324392318726 2646
1751449685680 0.4263010621070862 2647
1751449686895 0.4139030873775482 2648
1751449688538 0.9442217350006104 2649
1751449689765 0.5273938179016113 2650
1751449691113 0.6198694705963135 2651
1751449692353 0.13795410096645355 2652
1751449693665 1.0641560554504395 2653
1751449695012 0.8138889074325562 2654
1751449696483 0.6578617095947266 2655
1751449697857 0.7528310418128967 2656
1751449699681 0.7563425302505493 2657
1751449700907 0.9631328582763672 2658
1751449702158 0.4416104853153229 2659
1751449703440 0.7353574633598328 2660
1751449704637 0.6257849931716919 2661
1751449705890 1.3054171800613403 2662
1751449707089 0.8724803924560547 2663
1751449708349 1.4952576160430908 2664
1751449709500 0.5843120813369751 2665
1751449710772 1.300229549407959 2666
1751449712061 0.8999320268630981 2667
1751449713388 0.7345607280731201 2668
1751449714702 0.9317001700401306 2669
1751449716683 0.3768054246902466 2670
1751449717916 0.5856896638870239 2671
1751449719224 0.790776789188385 2672
1751449720463 0.35756486654281616 2673
1751449721747 0.6612030267715454 2674
1751449722992 1.8039484024047852 2675
1751449724206 0.9365168809890747 2676
1751449725487 0.7097768187522888 2677
1751449726888 1.148982048034668 2678
1751449728191 0.44658786058425903 2679
1751449729453 0.608903169631958 2680
1751449730741 0.5990909337997437 2681
1751449731961 0.057296622544527054 2682
1751449733265 1.0915584564208984 2683
1751449734553 0.8852428197860718 2684
1751449735784 1.0542874336242676 2685
1751449737008 0.22647333145141602 2686
1751449738205 1.9262511730194092 2687
1751449739528 0.8446642160415649 2688
1751449740812 0.6592798233032227 2689
1751449742110 0.8092279434204102 2690
1751449743583 0.6967769861221313 2691
1751449745579 0.7548207640647888 2692
1751449746757 0.9123414754867554 2693
1751449748036 0.7050190567970276 2694
1751449749350 1.0160192251205444 2695
1751449750672 1.1574313640594482 2696
1751449751921 0.6370435953140259 2697
1751449753256 1.123274326324463 2698
1751449754766 0.11809857934713364 2699
1751449756271 0.9051312208175659 2700
1751449757560 0.6912062764167786 2701
1751449758833 0.2977890968322754 2702
1751449760496 1.0033785104751587 2703
1751449761934 0.6500499248504639 2704
1751449763172 0.975277304649353 2705
1751449764508 0.3548615872859955 2706
1751449765867 0.5140308737754822 2707
1751449767791 0.8812450170516968 2708
1751449769029 0.5699418783187866 2709
1751449770269 0.9043782949447632 2710
1751449771558 0.5774649381637573 2711
1751449772800 0.9779830574989319 2712
1751449774049 0.6935784220695496 2713
1751449775352 0.9496713876724243 2714
1751449776636 0.4340170621871948 2715
1751449777890 0.5167880058288574 2716
1751449779085 0.5962461233139038 2717
1751449780379 0.6906002759933472 2718
1751449781641 0.9043919444084167 2719
1751449782958 1.1028087139129639 2720
1751449784297 0.7947306632995605 2721
1751449785551 0.6972264051437378 2722
1751449786800 1.0967127084732056 2723
1751449788041 0.6830946803092957 2724
1751449789317 0.4429547190666199 2725
1751449790564 0.5895487070083618 2726
1751449791850 0.9932764768600464 2727
1751449793142 0.8338737487792969 2728
1751449794333 0.9193516373634338 2729
1751449795798 0.8329051733016968 2730
1751449797091 1.7747668027877808 2731
1751449798416 0.8904739618301392 2732
1751449799725 0.8465398550033569 2733
1751449800980 0.48255008459091187 2734
1751449802223 0.5701842308044434 2735
1751449803561 2.1137447357177734 2736
1751449804892 0.23381589353084564 2737
1751449806489 0.9822756052017212 2738
1751449807711 0.9765914678573608 2739
1751449808917 0.553080141544342 2740
1751449810181 1.1576164960861206 2741
1751449811518 0.5777773857116699 2742
1751449812914 1.0731524229049683 2743
1751449814130 0.7890202403068542 2744
1751449815438 0.4552030563354492 2745
1751449816761 0.8076812624931335 2746
1751449817991 1.2616316080093384 2747
1751449819219 1.137739658355713 2748
1751449820535 0.7290791273117065 2749
1751449821986 0.6256492733955383 2750
1751449823339 0.957929253578186 2751
1751449824685 0.8687456846237183 2752
1751449826014 0.6282236576080322 2753
1751449827326 0.9573008418083191 2754
1751449828779 1.346238374710083 2755
1751449830034 0.38513416051864624 2756
1751449831361 0.5497390627861023 2757
1751449832665 0.5390419960021973 2758
1751449834337 0.6316908001899719 2759
1751449835611 0.44047677516937256 2760
1751449836831 0.7808884382247925 2761
1751449838154 0.7184767127037048 2762
1751449839395 1.0721242427825928 2763
1751449840713 0.811343789100647 2764
1751449842060 1.2177391052246094 2765
1751449843542 0.6652624607086182 2766
1751449844817 0.6773617267608643 2767
1751449846047 0.5945374369621277 2768
1751449847361 0.9593023061752319 2769
1751449848663 1.0772312879562378 2770
1751449850061 0.6249945759773254 2771
1751449851489 0.652890682220459 2772
1751449852686 1.4966351985931396 2773
1751449853962 0.6558291912078857 2774
1751449856117 0.6418855786323547 2775
1751449857535 0.4651038348674774 2776
1751449858785 0.5738157033920288 2777
1751449860013 0.6307728290557861 2778
1751449861343 0.7519481182098389 2779
1751449862606 0.5910191535949707 2780
1751449863853 1.0640599727630615 2781
1751449865052 0.684476375579834 2782
1751449866286 0.7629445791244507 2783
1751449867639 0.6450648307800293 2784
1751449868890 0.8051506280899048 2785
1751449870115 0.47632139921188354 2786
1751449871370 0.8755204677581787 2787
1751449872690 0.7161362171173096 2788
1751449873876 0.4059295058250427 2789
1751449875216 0.48698022961616516 2790
1751449876469 0.28703606128692627 2791
1751449877804 0.9951738119125366 2792
1751449879129 0.28495436906814575 2793
1751449880477 0.6392860412597656 2794
1751449881783 0.481147438287735 2795
1751449883025 0.8095694780349731 2796
1751449884247 0.49858638644218445 2797
1751449885979 1.3294388055801392 2798
1751449887269 0.6508214473724365 2799
1751449888544 0.8156344294548035 2800
1751449889828 0.8431997299194336 2801
1751449891105 0.8950240612030029 2802
1751449892343 0.5273362398147583 2803
1751449893652 0.47621047496795654 2804
1751449894881 0.684226393699646 2805
1751449896654 0.7018060088157654 2806
1751449897904 1.3220489025115967 2807
1751449899201 0.8533017039299011 2808
1751449900523 0.6406917572021484 2809
1751449901661 0.8493823409080505 2810
1751449902995 0.8092605471611023 2811
1751449904244 0.9442516565322876 2812
1751449905469 0.6456851959228516 2813
1751449906790 0.9636256694793701 2814
1751449908058 0.4402121901512146 2815
1751449909347 0.7958676815032959 2816
1751449910590 0.8984507918357849 2817
1751449911842 1.3832862377166748 2818
1751449913093 0.3487313687801361 2819
1751449914372 1.2899266481399536 2820
1751449915590 1.0548455715179443 2821
1751449916801 1.1757323741912842 2822
1751449918097 1.2879878282546997 2823
1751449919428 0.7134302258491516 2824
1751449920767 0.5258088111877441 2825
1751449922237 0.7787087559700012 2826
1751449923684 0.6172446012496948 2827
1751449924915 0.9004353880882263 2828
1751449926131 0.9049776792526245 2829
1751449927358 0.9949064254760742 2830
1751449928673 0.8588004112243652 2831
1751449929912 0.6101759076118469 2832
1751449931396 0.29877614974975586 2833
1751449932493 2.4844651222229004 2834
1751449933686 0.47726166248321533 2835
1751449934863 1.1909160614013672 2836
1751449936031 0.10193394869565964 2837
1751449937285 0.34839141368865967 2838
1751449938508 1.092617392539978 2839
1751449939791 0.5571813583374023 2840
1751449941023 0.5961159467697144 2841
1751449942250 0.9345806837081909 2842
1751449943545 0.7700929641723633 2843
1751449944769 2.60023832321167 2844
1751449946099 1.5192275047302246 2845
1751449947323 0.5936292409896851 2846
1751449948770 1.1485997438430786 2847
1751449950443 0.5994529724121094 2848
1751449951670 0.4641784727573395 2849
1751449952886 0.5808596611022949 2850
1751449954182 1.3739502429962158 2851
1751449955455 0.8905037641525269 2852
1751449956775 0.6379379630088806 2853
1751449958072 0.5438976883888245 2854
1751449959354 0.5016969442367554 2855
1751449960718 0.7860950231552124 2856
1751449961899 1.6923447847366333 2857
1751449963165 0.5249976515769958 2858
1751449964389 0.7600061297416687 2859
1751449965680 2.2251930236816406 2860
1751449966964 0.44422945380210876 2861
1751449968244 0.6172848343849182 2862
1751449969515 0.9764238595962524 2863
1751449971276 0.7081686854362488 2864
1751449972539 1.2310901880264282 2865
1751449973866 0.7847191095352173 2866
1751449975273 1.1445496082305908 2867
1751449976507 0.58540940284729 2868
1751449977742 0.8180456161499023 2869
1751449979012 0.8379071950912476 2870
1751449980224 0.9932804107666016 2871
1751449981481 0.8356833457946777 2872
1751449982788 0.7108740210533142 2873
1751449984003 0.8728064298629761 2874
1751449985267 0.7458480596542358 2875
1751449986469 0.8646230101585388 2876
1751449987736 1.1198842525482178 2877
1751449988947 1.182608962059021 2878
1751449990216 0.49229395389556885 2879
1751449991665 0.8117967247962952 2880
1751449992895 0.5845242738723755 2881
1751449994127 1.0851187705993652 2882
1751449995379 0.8266849517822266 2883
1751449996633 0.8014600276947021 2884
1751449997809 1.683018684387207 2885
1751449999067 0.7772963643074036 2886
1751450000547 0.963903546333313 2887
1751450001865 0.8544268012046814 2888
1751450003194 0.9117391109466553 2889
1751450004557 0.5808224678039551 2890
1751450005865 0.25741294026374817 2891
1751450007154 0.9169067144393921 2892
1751450008462 0.8147021532058716 2893
1751450009681 0.4734266400337219 2894
1751450010983 0.9034399390220642 2895
1751450012640 0.6189384460449219 2896
1751450013894 0.6059037446975708 2897
1751450015306 0.9687610864639282 2898
1751450016561 0.5549005270004272 2899
1751450017858 0.7295984029769897 2900
1751450019100 1.1822714805603027 2901
1751450020419 0.5708301663398743 2902
1751450021680 0.8020060062408447 2903
1751450023472 0.984449565410614 2904
1751450024727 1.374257206916809 2905
1751450025992 0.5147150158882141 2906
1751450027241 0.5077885985374451 2907
1751450028458 0.6440861225128174 2908
1751450029720 1.0282995700836182 2909
1751450030988 1.0398303270339966 2910
1751450032343 0.7309801578521729 2911
1751450034246 0.8684123754501343 2912
1751450035539 0.3784632384777069 2913
1751450036864 0.9907954931259155 2914
1751450038045 0.45096156001091003 2915
1751450039251 1.6457395553588867 2916
1751450040522 1.085545301437378 2917
1751450041728 0.6691883206367493 2918
1751450042991 0.98564612865448 2919
1751450044258 0.7909724116325378 2920
1751450045541 0.7188436985015869 2921
1751450046796 0.8431857824325562 2922
1751450048056 1.189723253250122 2923
1751450049259 0.732569694519043 2924
1751450050521 0.41939106583595276 2925
1751450051751 0.7225407958030701 2926
1751450052947 0.49252045154571533 2927
1751450054309 0.8692843317985535 2928
1751450055765 0.6904929876327515 2929
1751450057092 0.7755367755889893 2930
1751450058324 0.9688562750816345 2931
1751450059492 1.3590989112854004 2932
1751450060746 0.7768700122833252 2933
1751450062069 0.4916435480117798 2934
1751450063303 0.689784824848175 2935
1751450064547 0.4871436357498169 2936
1751450065809 1.4746198654174805 2937
1751450067074 0.7281748652458191 2938
1751450068362 0.6397902965545654 2939
1751450069738 2.64450740814209 2940
1751450070952 1.0558745861053467 2941
1751450072169 0.6555113196372986 2942
1751450073919 0.572834849357605 2943
1751450075451 0.6683070659637451 2944
1751450076713 0.8198791146278381 2945
1751450078026 0.51009202003479 2946
1751450079255 0.7153182029724121 2947
1751450080526 0.502685546875 2948
1751450081830 1.550257682800293 2949
1751450083158 0.6009273529052734 2950
1751450084440 1.252026081085205 2951
1751450085672 0.6674505472183228 2952
1751450086912 0.6318040490150452 2953
1751450088145 0.8335839509963989 2954
1751450089368 0.5166222453117371 2955
1751450090626 0.5831044912338257 2956
1751450091998 0.6695963144302368 2957
1751450093292 1.2202438116073608 2958
1751450094673 0.7732071280479431 2959
1751450095898 0.5259208083152771 2960
1751450097087 0.7896081209182739 2961
1751450098369 0.7964889407157898 2962
1751450099581 1.088599443435669 2963
1751450100907 0.5395745038986206 2964
1751450102167 0.6639691591262817 2965
1751450103447 0.30389368534088135 2966
1751450104633 1.3824087381362915 2967
1751450105878 0.6487768888473511 2968
1751450107110 0.7931349277496338 2969
1751450108341 1.021105408668518 2970
1751450109626 1.2465646266937256 2971
1751450110857 0.7413263916969299 2972
1751450112124 1.5358989238739014 2973
1751450113327 0.12661325931549072 2974
1751450114569 0.7895745038986206 2975
1751450116309 0.8764206171035767 2976
1751450117602 0.9093853235244751 2977
1751450118940 1.0902997255325317 2978
1751450120281 1.3642048835754395 2979
1751450121521 0.5589127540588379 2980
1751450122828 1.6210625171661377 2981
1751450124164 0.7052152156829834 2982
1751450125487 1.169100046157837 2983
1751450126879 2.6792807579040527 2984
1751450128132 0.782001793384552 2985
1751450129382 0.9023640155792236 2986
1751450130596 0.7633338570594788 2987
1751450131871 0.4947308897972107 2988
1751450133074 0.1426011174917221 2989
1751450134284 1.5312368869781494 2990
1751450135772 1.2168827056884766 2991
1751450137179 0.8399754762649536 2992
1751450138417 0.7059237957000732 2993
1751450139684 0.8962387442588806 2994
1751450140918 1.1796948909759521 2995
1751450142190 0.575833261013031 2996
1751450143460 0.7413265705108643 2997
1751450144771 0.36008673906326294 2998
1751450146075 1.0637640953063965 2999
1751450148054 0.34562569856643677 3000
1751450149283 0.588070273399353 3001
1751450150587 0.6937708258628845 3002
1751450151821 0.6091021299362183 3003
1751450152912 3.5449466705322266 3004
1751450154292 0.6441047191619873 3005
1751450155667 0.852506160736084 3006
1751450157174 1.8207204341888428 3007
1751450158729 0.6505388021469116 3008
1751450159963 0.9638277292251587 3009
1751450161288 0.7582368850708008 3010
1751450162821 1.0830650329589844 3011
1751450164335 1.5285065174102783 3012
1751450165623 0.5361207127571106 3013
1751450167111 0.6482923626899719 3014
1751450168346 0.7218599915504456 3015
1751450169541 1.0362942218780518 3016
1751450170995 2.1809234619140625 3017
1751450172360 1.0105412006378174 3018
1751450173726 1.7090086936950684 3019
1751450174990 0.630168080329895 3020
1751450176243 0.18452578783035278 3021
1751450177632 1.3177013397216797 3022
1751450179137 0.8312733173370361 3023
1751450180584 0.6712820529937744 3024
1751450181967 0.4316052198410034 3025
1751450183405 0.8722678422927856 3026
1751450185082 0.6219261288642883 3027
1751450186318 0.9763534665107727 3028
1751450187795 0.8072187900543213 3029
1751450190999 1.2065784931182861 3030
1751450192263 0.5034271478652954 3031
1751450193553 0.7232709527015686 3032
1751450194724 2.940791130065918 3033
1751450195903 0.49564409255981445 3034
1751450197220 0.30943337082862854 3035
1751450198501 0.48503682017326355 3036
1751450199722 1.0465002059936523 3037
1751450201049 1.0492572784423828 3038
1751450202347 1.3108701705932617 3039
1751450203613 0.5070402026176453 3040
1751450204915 0.7747064828872681 3041
1751450206299 0.6500503420829773 3042
1751450207551 0.6766462922096252 3043
1751450208911 1.3215925693511963 3044
1751450210229 0.5973361730575562 3045
1751450211382 0.34656625986099243 3046
1751450212725 1.434556484222412 3047
1751450213956 0.5659884810447693 3048
1751450215295 0.7388259172439575 3049
1751450216585 1.1199992895126343 3050
1751450217846 0.8063104152679443 3051
1751450219133 0.9787014722824097 3052
1751450220373 0.7434687614440918 3053
1751450221644 0.9254122972488403 3054
1751450223446 0.9159812331199646 3055
1751450224695 0.499139666557312 3056
1751450225923 0.6598374843597412 3057
1751450227166 0.6226313710212708 3058
1751450228452 0.5038608908653259 3059
1751450229705 0.6583309173583984 3060
1751450231009 0.666335940361023 3061
1751450232175 1.0850918292999268 3062
1751450233427 1.0287913084030151 3063
1751450234664 0.771812915802002 3064
1751450235853 1.1501175165176392 3065
1751450237049 0.9738712906837463 3066
1751450238394 0.5590806007385254 3067
1751450239652 0.5894543528556824 3068
1751450241008 0.5199110507965088 3069
1751450242274 0.8488436341285706 3070
1751450244077 1.797288417816162 3071
1751450245388 0.4992172122001648 3072
1751450246715 0.8883878588676453 3073
1751450247963 0.606185793876648 3074
1751450249224 0.5631952881813049 3075
1751450250443 0.7005859613418579 3076
1751450251703 0.6352648735046387 3077
1751450252977 1.1963582038879395 3078
1751450254801 0.6119092106819153 3079
1751450256041 1.7447096109390259 3080
1751450257359 0.4953807592391968 3081
1751450258691 0.6105867624282837 3082
1751450259885 0.5494866967201233 3083
1751450261094 1.2512540817260742 3084
1751450262414 0.8078612089157104 3085
1751450263669 0.8502399921417236 3086
1751450265015 0.5649601221084595 3087
1751450266276 0.7086668014526367 3088
1751450267477 0.7981466054916382 3089
1751450268653 0.6055502891540527 3090
1751450270448 0.6198725700378418 3091
1751450271699 0.9449449777603149 3092
1751450272970 0.4696970283985138 3093
1751450274204 0.8649779558181763 3094
1751450275429 0.5539177060127258 3095
1751450276747 0.5076236128807068 3096
1751450277979 0.4247574806213379 3097
1751450279345 1.4935801029205322 3098
1751450280964 0.6760945916175842 3099
1751450282287 0.846086859703064 3100
1751450283541 0.6958156824111938 3101
1751450284812 1.0721518993377686 3102
1751450285962 0.285822331905365 3103
1751450287176 0.5910015106201172 3104
1751450288469 0.4205947518348694 3105
1751450289683 0.5103155374526978 3106
1751450290916 1.307601809501648 3107
1751450292244 0.5546713471412659 3108
1751450293611 1.3130347728729248 3109
1751450294853 0.8744202852249146 3110
1751450296105 0.42706868052482605 3111
1751450297556 0.47969627380371094 3112
1751450298828 0.6079070568084717 3113
1751450300069 0.9000908136367798 3114
1751450301295 1.025620698928833 3115
1751450302701 0.6226023435592651 3116
1751450303945 0.6665304899215698 3117
1751450305181 0.4161834716796875 3118
1751450306463 1.0732982158660889 3119
1751450308043 1.040605902671814 3120
1751450309386 0.8394761085510254 3121
1751450310600 0.588887095451355 3122
1751450311864 0.7011065483093262 3123
1751450313160 0.7623730301856995 3124
1751450314437 0.8192703723907471 3125
1751450315649 0.8618978261947632 3126
1751450316984 0.19413305819034576 3127
1751450318665 0.7489884495735168 3128
1751450319863 1.4581272602081299 3129
1751450321201 0.0679006353020668 3130
1751450322477 0.684512734413147 3131
1751450323759 0.9273403882980347 3132
1751450325041 0.5549733638763428 3133
1751450326235 2.6234488487243652 3134
1751450327493 0.909133791923523 3135
1751450329161 0.7234633564949036 3136
1751450330454 0.7798839807510376 3137
1751450331742 1.0119330883026123 3138
1751450333044 0.9750645160675049 3139
1751450334370 0.598010241985321 3140
1751450335678 1.7221406698226929 3141
1751450336881 0.5566117763519287 3142
1751450338138 0.013076703995466232 3143
1751450340087 0.9280894994735718 3144
1751450341409 0.5254510641098022 3145
1751450342657 0.8551474213600159 3146
1751450343846 2.416417360305786 3147
1751450345115 0.72796630859375 3148
1751450346405 0.8967539072036743 3149
1751450347614 0.70647794008255 3150
1751450348859 1.0843205451965332 3151
1751450350681 0.2864774763584137 3152
1751450351949 0.7033398151397705 3153
1751450353278 0.46548619866371155 3154
1751450354517 0.5671167373657227 3155
1751450355771 0.7327187657356262 3156
1751450357016 0.5390787124633789 3157
1751450358295 0.7684311866760254 3158
1751450359493 0.9233037233352661 3159
1751450360732 0.6191239356994629 3160
1751450362109 0.9117252826690674 3161
1751450363381 0.4446296691894531 3162
1751450364691 0.2752187252044678 3163
1751450366075 0.7550889849662781 3164
1751450367306 0.521288275718689 3165
1751450368588 0.56227707862854 3166
1751450370032 0.5166629552841187 3167
1751450371312 0.7280006408691406 3168
1751450372498 0.9151662588119507 3169
1751450373678 0.9130949974060059 3170
1751450374882 0.7652472853660583 3171
1751450376157 1.1394449472427368 3172
1751450377375 0.7212466597557068 3173
1751450378602 0.69718337059021 3174
1751450379844 0.8381239771842957 3175
1751450381150 1.6772886514663696 3176
1751450382945 0.5654510259628296 3177
1751450384267 1.0342342853546143 3178
1751450385560 0.031178932636976242 3179
1751450386838 0.6224234104156494 3180
1751450388143 0.5877975225448608 3181
1751450389399 0.5776247978210449 3182
1751450390690 1.0006687641143799 3183
1751450391987 0.6451276540756226 3184
1751450393834 0.9288098216056824 3185
1751450395052 0.39085653424263 3186
1751450396356 0.43616783618927 3187
1751450397648 0.6942753791809082 3188
1751450399003 0.564329981803894 3189
1751450400351 0.3124541938304901 3190
1751450401612 0.7098148465156555 3191
1751450402895 0.8566890358924866 3192
1751450404538 0.8486968278884888 3193
1751450405814 0.7693735361099243 3194
1751450407068 1.1249544620513916 3195
1751450408240 0.8492913246154785 3196
1751450409585 0.627121090888977 3197
1751450410828 0.8070022463798523 3198
1751450412127 0.638857901096344 3199
1751450413391 1.2716825008392334 3200
1751450414912 1.514347791671753 3201
1751450416172 0.6986821889877319 3202
1751450417440 1.0351331233978271 3203
1751450418721 1.4891467094421387 3204
1751450419978 0.48367413878440857 3205
1751450421265 0.7121580839157104 3206
1751450422501 1.2481250762939453 3207
1751450423803 0.7716374397277832 3208
1751450425573 0.9278231263160706 3209
1751450426776 0.9578027725219727 3210
1751450427979 1.081808090209961 3211
1751450429242 0.38176268339157104 3212
1751450430469 1.111122727394104 3213
1751450431697 0.6366577744483948 3214
1751450432940 0.6186636686325073 3215
1751450434180 0.6217734217643738 3216
1751450435746 0.5783523321151733 3217
1751450437054 1.0593165159225464 3218
1751450438331 0.06867622584104538 3219
1751450439592 1.4344468116760254 3220
1751450440893 0.10195057839155197 3221
1751450442134 0.7257850766181946 3222
1751450443381 0.35379844903945923 3223
1751450444661 0.6555616855621338 3224
1751450446021 0.8544999361038208 3225
1751450447344 1.0160102844238281 3226
1751450448775 0.9032208919525146 3227
1751450450038 0.6662325263023376 3228
1751450451361 0.7234163880348206 3229
1751450452622 0.556545615196228 3230
1751450453933 1.5878170728683472 3231
1751450455203 1.0755850076675415 3232
1751450456449 0.5408288836479187 3233
1751450458074 0.8186545968055725 3234
1751450459416 0.41010114550590515 3235
1751450460647 1.0747779607772827 3236
1751450461908 0.5702136754989624 3237
1751450463150 0.6596533060073853 3238
1751450464388 0.6356071829795837 3239
1751450465653 0.7523766160011292 3240
1751450466889 1.0019855499267578 3241
1751450468110 0.6939077377319336 3242
1751450469391 0.6669458150863647 3243
1751450470608 0.9132768511772156 3244
1751450471885 0.046662189066410065 3245
1751450473151 1.3927760124206543 3246
1751450474409 0.9520895481109619 3247
1751450475622 0.43736568093299866 3248
1751450476973 1.1040349006652832 3249
1751450478195 0.743625283241272 3250
1751450479656 0.8372504711151123 3251
1751450480897 0.14419928193092346 3252
1751450482143 0.6100404262542725 3253
1751450483383 0.7151744365692139 3254
1751450484680 0.5941095352172852 3255
1751450485916 0.7584027051925659 3256
1751450487198 0.7994126081466675 3257
1751450488459 0.7204372882843018 3258
1751450489793 0.7578070163726807 3259
1751450491090 1.287716031074524 3260
1751450492367 0.5099167227745056 3261
1751450493604 0.906511664390564 3262
1751450494888 1.0403845310211182 3263
1751450496322 0.6426132917404175 3264
1751450497577 0.8324545621871948 3265
1751450498784 0.4678835868835449 3266
1751450500242 0.5840972661972046 3267
1751450501535 0.470744788646698 3268
1751450502806 0.5507158041000366 3269
1751450504054 0.5940296649932861 3270
1751450505276 0.9755537509918213 3271
1751450506501 0.3314097821712494 3272
1751450507764 0.567962646484375 3273
1751450509024 1.028243899345398 3274
1751450510838 0.5009625554084778 3275
1751450512104 0.4707448482513428 3276
1751450513381 0.4802442193031311 3277
1751450514578 0.7391117811203003 3278
1751450515755 2.1215710639953613 3279
1751450517008 0.07928556948900223 3280
1751450518233 0.6120543479919434 3281
1751450519466 0.441504567861557 3282
1751450521095 0.785875678062439 3283
1751450522389 1.6365195512771606 3284
1751450523627 0.6029336452484131 3285
1751450524893 0.10157876461744308 3286
1751450526252 1.0141634941101074 3287
1751450527499 0.1309150755405426 3288
1751450528779 0.715435266494751 3289
1751450530302 0.6584393382072449 3290
1751450532043 0.5726438760757446 3291
1751450533439 0.9462717771530151 3292
1751450534710 1.085848093032837 3293
1751450536010 0.6312531232833862 3294
1751450537259 0.7816299200057983 3295
1751450538731 1.225277304649353 3296
1751450540206 1.564429759979248 3297
1751450541369 1.4394934177398682 3298
1751450542647 0.7802995443344116 3299
1751450543883 0.7527045607566833 3300
1751450545262 1.0386912822723389 3301
1751450546485 0.6470168828964233 3302
1751450547769 0.7556335926055908 3303
1751450549165 0.703294038772583 3304
1751450550431 0.705894410610199 3305
1751450551662 1.0773330926895142 3306
1751450553008 0.22019502520561218 3307
1751450554390 1.6330245733261108 3308
1751450555844 1.0848162174224854 3309
1751450557967 0.5083882808685303 3310
1751450559929 0.6294968128204346 3311
1751450561275 0.7797495126724243 3312
1751450563092 2.339170455932617 3313
1751450564601 0.5109502077102661 3314
1751450565939 0.7395402789115906 3315
1751450567193 1.1164681911468506 3316
1751450569516 0.5796444416046143 3317
1751450570792 0.951556921005249 3318
1751450572024 1.4811042547225952 3319
1751450573218 1.0945866107940674 3320
1751450574486 0.9422953724861145 3321
1751450575744 0.7761960625648499 3322
1751450576987 0.5488680601119995 3323
1751450578228 0.7306132316589355 3324
1751450579464 1.0568727254867554 3325
1751450580705 0.14478564262390137 3326
1751450581988 0.6488087177276611 3327
1751450583340 0.7224528193473816 3328
1751450584502 1.5955095291137695 3329
1751450585779 0.5650174617767334 3330
1751450587049 0.8600300550460815 3331
1751450588354 1.4138609170913696 3332
1751450589799 0.7037566900253296 3333
1751450591033 0.9884554743766785 3334
1751450592295 0.7426472902297974 3335
1751450593583 0.3889137804508209 3336
1751450594809 0.5923012495040894 3337
1751450596100 0.5915485620498657 3338
1751450597356 1.3300180435180664 3339
1751450598590 0.5379335880279541 3340
1751450599886 0.6967810392379761 3341
1751450601113 0.5934045314788818 3342
1751450602348 0.6958919763565063 3343
1751450603652 0.6887097358703613 3344
1751450605051 0.865132212638855 3345
1751450606407 1.0366064310073853 3346
1751450607630 0.7472285032272339 3347
1751450608905 1.673181176185608 3348
1751450610218 0.7233783602714539 3349
1751450611529 0.4743548035621643 3350
1751450612821 0.7817994952201843 3351
1751450614071 0.8004134893417358 3352
1751450615819 0.6210335493087769 3353
1751450617066 1.139467477798462 3354
1751450618339 1.1673707962036133 3355
1751450619659 0.7397943735122681 3356
1751450620933 1.1469182968139648 3357
1751450622255 0.6202168464660645 3358
1751450623781 0.703961968421936 3359
1751450625023 0.9866055250167847 3360
1751450626445 0.43864935636520386 3361
1751450627694 0.7505073547363281 3362
1751450628934 0.619834303855896 3363
1751450630176 1.0147103071212769 3364
1751450631362 1.341015338897705 3365
1751450632726 0.788637101650238 3366
1751450634014 0.8490428924560547 3367
1751450635466 0.9074825048446655 3368
1751450637080 1.043581247329712 3369
1751450638378 0.8902801871299744 3370
1751450639732 0.9168812036514282 3371
1751450641011 0.6431243419647217 3372
1751450642441 0.5332270264625549 3373
1751450643808 0.853361964225769 3374
1751450645109 0.3648125231266022 3375
1751450646376 0.6165807843208313 3376
1751450647646 1.0639901161193848 3377
1751450648938 0.7792034149169922 3378
1751450650197 0.6890063285827637 3379
1751450651536 0.7226654291152954 3380
1751450653141 1.5011544227600098 3381
1751450654502 0.6079673767089844 3382
1751450655769 1.0466785430908203 3383
1751450657083 0.5461916923522949 3384
1751450658317 1.2965999841690063 3385
1751450659695 0.48131170868873596 3386
1751450661076 0.6808316707611084 3387
1751450662324 0.6499634385108948 3388
1751450663532 0.07420020550489426 3389
1751450664945 0.768743634223938 3390
1751450666372 1.0813555717468262 3391
1751450667625 1.4819238185882568 3392
1751450669348 0.5952115058898926 3393
1751450670648 0.6423720121383667 3394
1751450671935 0.9431347846984863 3395
1751450673184 0.17634133994579315 3396
1751450674509 0.7277106046676636 3397
1751450675793 0.8131813406944275 3398
1751450677065 0.5594996809959412 3399
1751450678353 0.8549089431762695 3400
1751450680167 0.6227376461029053 3401
1751450681464 0.8930232524871826 3402
1751450682726 0.8092062473297119 3403
1751450684038 1.1419694423675537 3404
1751450685305 0.9824995994567871 3405
1751450686508 0.7258381843566895 3406
1751450688041 0.26631155610084534 3407
1751450689365 0.6211819648742676 3408
1751450690730 0.9742046594619751 3409
1751450692023 0.8712753057479858 3410
1751450693274 0.9159237146377563 3411
1751450694464 0.2635999023914337 3412
1751450695802 0.6529505848884583 3413
1751450697033 0.6962908506393433 3414
1751450698345 0.6216295957565308 3415
1751450699605 0.5620218515396118 3416
1751450701313 0.9499770402908325 3417
1751450702585 0.9749042987823486 3418
1751450703847 0.731330394744873 3419
1751450705114 1.1906516551971436 3420
1751450706309 0.7184604406356812 3421
1751450707551 0.514592707157135 3422
1751450708741 0.7306849956512451 3423
1751450710002 0.4375726282596588 3424
1751450711300 1.4579386711120605 3425
1751450712583 1.2339340448379517 3426
1751450713878 0.7567656636238098 3427
1751450715054 1.3576091527938843 3428
1751450716339 0.4956565499305725 3429
1751450717524 1.0553311109542847 3430
1751450718800 0.7666523456573486 3431
1751450720060 1.2985589504241943 3432
1751450721384 1.0621583461761475 3433
1751450722811 0.2955709397792816 3434
1751450724090 0.8158271908760071 3435
1751450725416 0.4648445248603821 3436
1751450726682 0.41342347860336304 3437
1751450727876 1.172007441520691 3438
1751450729134 0.2815413773059845 3439
1751450730343 1.5950353145599365 3440
1751450731618 0.9924300909042358 3441
1751450733316 0.5410786867141724 3442
1751450734570 0.7897011041641235 3443
1751450735873 0.7103704214096069 3444
1751450737145 0.44410330057144165 3445
1751450738368 0.7583187818527222 3446
1751450739731 0.20288591086864471 3447
1751450740986 0.7301262021064758 3448
1751450742244 0.586920440196991 3449
1751450744113 0.8784592151641846 3450
1751450745311 1.0636255741119385 3451
1751450746660 0.6480327844619751 3452
1751450747897 0.5514209270477295 3453
1751450749311 0.7957634329795837 3454
1751450750574 0.688728928565979 3455
1751450751811 0.853557825088501 3456
1751450753086 0.5650392770767212 3457
1751450754632 0.7013920545578003 3458
1751450755853 0.574424684047699 3459
1751450757145 0.59581059217453 3460
1751450758365 0.7633324861526489 3461
1751450759626 0.5419658422470093 3462
1751450760866 0.805345892906189 3463
1751450762164 0.49205178022384644 3464
1751450763390 1.4959783554077148 3465
1751450764639 0.8148156404495239 3466
1751450765956 1.0860819816589355 3467
1751450767234 0.5276798009872437 3468
1751450768497 0.8860321044921875 3469
1751450769781 0.6271679401397705 3470
1751450771164 1.2443150281906128 3471
1751450772458 0.9686666131019592 3472
1751450773776 0.9056094884872437 3473
1751450775021 0.9835134744644165 3474
1751450776340 2.2101123332977295 3475
1751450777580 1.1873615980148315 3476
1751450778887 0.5065434575080872 3477
1751450780277 0.91084885597229 3478
1751450781531 0.843482494354248 3479
1751450782787 0.6567594408988953 3480
1751450784085 0.6835815906524658 3481
1751450785317 0.7302728891372681 3482
1751450787129 0.4677993655204773 3483
1751450788399 0.6810564994812012 3484
1751450789627 1.1421170234680176 3485
1751450790903 0.6488945484161377 3486
1751450792236 0.6521272659301758 3487
1751450793510 0.7059488296508789 3488
1751450794879 0.4897388219833374 3489
1751450796200 0.8270736932754517 3490
1751450797751 0.70173180103302 3491
1751450799078 0.4872906804084778 3492
1751450800296 0.9127693772315979 3493
1751450801590 1.149877905845642 3494
1751450802871 0.805844247341156 3495
1751450804243 0.526263415813446 3496
1751450805490 0.7691152691841125 3497
1751450806821 0.9714895486831665 3498
1751450808461 1.194573163986206 3499
1751450809696 0.6509437561035156 3500
1751450810864 3.271951675415039 3501
1751450812375 0.6961780786514282 3502
1751450813632 0.6093863844871521 3503
1751450814869 0.8302629590034485 3504
1751450816080 0.6501626968383789 3505
1751450817295 0.8380506038665771 3506
1751450819074 0.8519666194915771 3507
1751450820292 0.9036189317703247 3508
1751450821543 0.35491976141929626 3509
1751450822780 0.9270685911178589 3510
1751450824076 0.9163684844970703 3511
1751450825395 0.5661203861236572 3512
1751450826649 1.7848036289215088 3513
1751450827954 0.745783805847168 3514
1751450829873 0.9298623204231262 3515
1751450831207 0.6111342310905457 3516
1751450832485 0.5648723840713501 3517
1751450833684 0.7754198908805847 3518
1751450834947 0.917719841003418 3519
1751450836197 0.8293343186378479 3520
1751450837434 1.0584440231323242 3521
1751450838688 0.7540720701217651 3522
1751450839919 0.7223258018493652 3523
1751450841257 0.5485602617263794 3524
1751450842497 0.8194543123245239 3525
1751450843801 0.7518150806427002 3526
1751450844984 1.5117955207824707 3527
1751450846208 0.5567278861999512 3528
1751450847444 0.6644536852836609 3529
1751450848750 0.8180015683174133 3530
1751450850105 0.6968905329704285 3531
1751450851726 0.7845349311828613 3532
1751450852970 0.7603631019592285 3533
1751450854294 0.7717356085777283 3534
1751450855525 0.6149381995201111 3535
1751450856798 0.7445468306541443 3536
1751450858070 0.7366421222686768 3537
1751450859305 0.7031693458557129 3538
1751450860609 0.4702528715133667 3539
1751450862279 0.9772705435752869 3540
1751450863507 0.9231430888175964 3541
1751450864828 0.6009123921394348 3542
1751450866049 0.9570644497871399 3543
1751450867267 1.5805258750915527 3544
1751450868554 0.6212353706359863 3545
1751450870132 1.0152862071990967 3546
1751450871373 0.869206428527832 3547
1751450872979 1.3991546630859375 3548
1751450874210 1.316675066947937 3549
1751450875471 1.0057435035705566 3550
1751450876688 0.49987176060676575 3551
1751450877930 1.3145884275436401 3552
1751450879224 0.5216109752655029 3553
1751450880451 0.6112664937973022 3554
1751450881767 0.4840291738510132 3555
1751450883251 0.6239070892333984 3556
1751450884529 1.3773815631866455 3557
1751450885774 0.7522237300872803 3558
1751450887052 0.9728615880012512 3559
1751450888271 0.7756103873252869 3560
1751450889604 0.8510929346084595 3561
1751450890875 1.0333926677703857 3562
1751450892115 0.6683957576751709 3563
1751450893949 0.5537496209144592 3564
1751450895201 0.7930801510810852 3565
1751450896451 0.25344228744506836 3566
1751450897795 0.8990083932876587 3567
1751450899134 0.6535603404045105 3568
1751450900378 1.6938762664794922 3569
1751450901656 0.7359106540679932 3570
1751450902975 0.6843670606613159 3571
1751450904771 0.7880700826644897 3572
1751450906043 0.7307526469230652 3573
1751450907352 0.7067157626152039 3574
1751450908622 0.5605846643447876 3575
1751450909920 0.7733983993530273 3576
1751450911181 0.86578369140625 3577
1751450912471 0.7761934399604797 3578
1751450913813 1.181383728981018 3579
1751450915070 0.12237413227558136 3580
1751450916961 0.5941314697265625 3581
1751450918337 0.784589409828186 3582
1751450919616 0.854132890701294 3583
1751450920889 0.9081891775131226 3584
1751450922430 1.350388765335083 3585
1751450923698 0.031066160649061203 3586
1751450925047 0.4592345058917999 3587
1751450926380 0.5275334119796753 3588
1751450928100 3.6687803268432617 3589
1751450929563 0.3858497440814972 3590
1751450930825 0.9449765086174011 3591
1751450932083 0.8773309588432312 3592
1751450933428 0.7924509048461914 3593
1751450934688 0.6373797655105591 3594
1751450935955 0.7686370611190796 3595
1751450937214 0.4909428358078003 3596
1751450938478 0.3908420205116272 3597
1751450939743 0.29174619913101196 3598
1751450940993 0.9022444486618042 3599
1751450942243 0.5613354444503784 3600
1751451024836 1.4077179431915283 3601
1751451026195 1.0558770895004272 3602
1751451027471 0.39285025000572205 3603
1751451028749 0.7240228056907654 3604
1751451030083 0.5894864797592163 3605
1751451031339 0.7557874917984009 3606
1751451032618 0.711777925491333 3607
1751451033959 0.6784709692001343 3608
1751451035313 1.0340511798858643 3609
1751451036597 0.8696617484092712 3610
1751451037890 0.6818907260894775 3611
1751451039092 0.6399762630462646 3612
1751451040318 0.8017233610153198 3613
1751451041528 0.49629083275794983 3614
1751451042795 1.3654863834381104 3615
1751451044613 0.7764737010002136 3616
1751451045872 1.2830513715744019 3617
1751451047136 0.7946937084197998 3618
1751451048433 1.8835077285766602 3619
1751451050070 2.7103629112243652 3620
1751451051285 0.6792231798171997 3621
1751451052589 0.5925397872924805 3622
1751451053919 1.3181302547454834 3623
1751451055094 1.6058841943740845 3624
1751451056402 1.0788166522979736 3625
1751451057697 0.48271632194519043 3626
1751451059006 1.2792716026306152 3627
1751451060629 1.2166088819503784 3628
1751451061867 0.9059421420097351 3629
1751451063163 0.49899423122406006 3630
1751451064598 0.7231541872024536 3631
1751451066011 0.8652938604354858 3632
1751451067345 1.442068338394165 3633
1751451068631 1.1946018934249878 3634
1751451069853 1.313401699066162 3635
1751451071126 0.4537903368473053 3636
1751451072419 1.713940143585205 3637
1751451073636 0.8166699409484863 3638
1751451074879 0.5434259176254272 3639
1751451076643 0.4605153203010559 3640
1751451077916 0.8869955539703369 3641
1751451079189 0.7557656168937683 3642
1751451080388 0.5841355323791504 3643
1751451081638 0.6695600152015686 3644
1751451082908 1.0706021785736084 3645
1751451084238 1.2179492712020874 3646
1751451085486 0.8908204436302185 3647
1751451086753 1.039564847946167 3648
1751451088034 0.04430017247796059 3649
1751451089341 0.8172513246536255 3650
1751451090533 2.106732130050659 3651
1751451091735 1.1600854396820068 3652
1751451092950 0.5237649083137512 3653
1751451094256 0.9104499816894531 3654
1751451095470 0.8010657429695129 3655
1751451096793 0.8152999877929688 3656
1751451098256 0.7593768835067749 3657
1751451099550 0.43950867652893066 3658
1751451100770 0.6227388381958008 3659
1751451102026 1.0197311639785767 3660
1751451103291 0.7544346451759338 3661
1751451104585 1.2143871784210205 3662
1751451105877 0.8622806072235107 3663
1751451107158 0.5496946573257446 3664
1751451108970 0.49884870648384094 3665
1751451110173 0.7248316407203674 3666
1751451111462 0.8789653778076172 3667
1751451112757 0.747464656829834 3668
1751451114008 0.6632185578346252 3669
1751451115531 0.9683886766433716 3670
1751451116806 0.5614184737205505 3671
1751451118101 0.6890921592712402 3672
1751451119335 0.10255759209394455 3673
1751451120680 0.7345977425575256 3674
1751451122001 0.8660784363746643 3675
1751451123266 0.892408013343811 3676
1751451124639 0.6609359979629517 3677
1751451126205 0.39343178272247314 3678
1751451127448 0.8261584639549255 3679
1751451128729 0.8460649251937866 3680
1751451130025 0.617946982383728 3681
1751451131294 0.43851280212402344 3682
1751451132553 0.3602600693702698 3683
1751451133763 0.8831560611724854 3684
1751451135233 0.7235350608825684 3685
1751451136540 1.5843770503997803 3686
1751451137797 0.7934528589248657 3687
1751451139059 0.7142002582550049 3688
1751451140355 1.1566212177276611 3689
1751451141615 0.9970450401306152 3690
1751451142885 2.4536633491516113 3691
1751451144140 1.0103436708450317 3692
1751451145388 0.30547910928726196 3693
1751451146653 0.6547361612319946 3694
1751451147983 0.3218831419944763 3695
1751451149268 0.62679123878479 3696
1751451150447 1.198319435119629 3697
1751451151698 1.2491347789764404 3698
1751451152938 0.9098188281059265 3699
1751451154208 1.0135456323623657 3700
1751451155434 2.042609930038452 3701
1751451156731 1.2452101707458496 3702
1751451158043 0.612726092338562 3703
1751451159330 0.6704298853874207 3704
1751451160579 0.8089147806167603 3705
1751451161828 0.7409253120422363 3706
1751451163178 0.8616867065429688 3707
1751451164424 0.6180884838104248 3708
1751451165693 0.6889203190803528 3709
1751451167003 0.5177463889122009 3710
1751451168265 0.6948840618133545 3711
1751451169510 0.7251096367835999 3712
1751451171101 0.7583038806915283 3713
1751451172374 0.3483349084854126 3714
1751451173617 0.9829674363136292 3715
1751451174869 0.8532416224479675 3716
1751451176145 0.8384352326393127 3717
1751451177411 1.0540287494659424 3718
1751451178719 0.8749719858169556 3719
1751451179984 0.7863063216209412 3720
1751451181297 0.4022042155265808 3721
1751451182604 0.8025810718536377 3722
1751451183799 1.1146074533462524 3723
1751451185036 0.5702321529388428 3724
1751451186230 0.8483926653862 3725
1751451187464 0.6121901869773865 3726
1751451188708 0.5597086548805237 3727
1751451190501 0.6678783893585205 3728
1751451191776 0.8121243119239807 3729
1751451192999 0.8600666522979736 3730
1751451194230 2.247492790222168 3731
1751451195501 0.10882479697465897 3732
1751451196753 0.5627696514129639 3733
1751451197990 0.9042949676513672 3734
1751451199281 0.5289053916931152 3735
1751451200531 0.4440435767173767 3736
1751451201891 0.7208892107009888 3737
1751451203156 0.8507014513015747 3738
1751451204318 0.814666748046875 3739
1751451205587 0.9633801579475403 3740
1751451206878 0.7869858741760254 3741
1751451208134 0.7226962447166443 3742
1751451209342 2.1003994941711426 3743
1751451210608 0.7262676954269409 3744
1751451211973 0.672184407711029 3745
1751451213228 0.4135548174381256 3746
1751451214493 0.7279039025306702 3747
1751451215767 0.6673489809036255 3748
1751451216991 0.6425790190696716 3749
1751451218239 1.1016011238098145 3750
1751451219459 0.5834377408027649 3751
1751451221108 0.7853403091430664 3752
1751451222565 0.4443749189376831 3753
1751451223957 1.2788214683532715 3754
1751451225223 0.555060625076294 3755
1751451226459 0.8438007831573486 3756
1751451227821 1.2874176502227783 3757
1751451229097 0.3863956332206726 3758
1751451230479 0.7549564838409424 3759
1751451231818 1.204698085784912 3760
1751451233668 0.9347560405731201 3761
1751451234937 0.739383339881897 3762
1751451236221 0.5220457315444946 3763
1751451237530 0.833986759185791 3764
1751451238888 0.9722797870635986 3765
1751451240120 0.9193189144134521 3766
1751451241378 0.7010952830314636 3767
1751451242608 0.9345208406448364 3768
1751451244158 0.46025508642196655 3769
1751451245427 0.9910784363746643 3770
1751451246724 0.4923217296600342 3771
1751451247987 0.7147208452224731 3772
1751451249237 0.823201060295105 3773
1751451250416 0.6618658900260925 3774
1751451251834 1.125019907951355 3775
1751451253061 0.888023853302002 3776
1751451254987 1.1503591537475586 3777
1751451256378 0.5346986651420593 3778
1751451257596 0.207321435213089 3779
1751451258853 0.8672252893447876 3780
1751451260099 0.31508558988571167 3781
1751451261366 0.16088321805000305 3782
1751451262691 0.809627890586853 3783
1751451264002 0.9276512861251831 3784
1751451265813 0.8864542245864868 3785
1751451267341 0.8592222332954407 3786
1751451268637 0.7299551963806152 3787
1751451269839 0.7078787088394165 3788
1751451271117 0.616138219833374 3789
1751451272416 0.43787622451782227 3790
1751451273694 1.678228735923767 3791
1751451275055 0.8923619985580444 3792
1751451276303 0.4273194968700409 3793
1751451277606 0.8450943827629089 3794
1751451279121 0.6678212285041809 3795
1751451280365 1.1293671131134033 3796
1751451281690 0.6135008931159973 3797
1751451283001 0.43863847851753235 3798
1751451284242 0.5224512815475464 3799
1751451285501 0.5284930467605591 3800
1751451286734 1.5955078601837158 3801
1751451288079 0.9999587535858154 3802
1751451289334 1.222160816192627 3803
1751451290644 0.8375928401947021 3804
1751451291938 1.5691053867340088 3805
1751451293816 1.0952365398406982 3806
1751451295073 0.6767877340316772 3807
1751451296332 0.870679497718811 3808
1751451297595 1.0443676710128784 3809
1751451298841 0.19697622954845428 3810
1751451300149 1.0984264612197876 3811
1751451301458 0.8065628409385681 3812
1751451302729 0.744659960269928 3813
1751451304387 1.3208317756652832 3814
1751451305598 0.7828850746154785 3815
1751451306826 0.7474415302276611 3816
1751451308089 1.1948840618133545 3817
1751451309427 1.1240739822387695 3818
1751451310757 1.1675150394439697 3819
1751451312231 0.44673952460289 3820
1751451313514 0.7865117788314819 3821
1751451314807 0.6611989736557007 3822
1751451316097 0.6593676805496216 3823
1751451317444 0.20801973342895508 3824
1751451318620 0.844455361366272 3825
1751451319828 1.0280992984771729 3826
1751451321122 0.5427941083908081 3827
1751451322438 0.9259693622589111 3828
1751451323730 0.8855584859848022 3829
1751451325093 1.0679503679275513 3830
1751451326366 0.7515180706977844 3831
1751451327678 0.6324054002761841 3832
1751451328940 0.7671098709106445 3833
1751451330245 0.9785326719284058 3834
1751451331659 0.36560681462287903 3835
1751451332911 0.6294503211975098 3836
1751451334198 0.7632045149803162 3837
1751451335513 0.6787248253822327 3838
1751451336855 0.7730571031570435 3839
1751451338144 0.46756643056869507 3840
1751451339435 0.6375108957290649 3841
1751451340787 3.3546993732452393 3842
1751451342041 0.6196892857551575 3843
1751451343293 0.5566882491111755 3844
1751451344579 0.6289558410644531 3845
1751451346184 0.607853889465332 3846
1751451347534 2.397738218307495 3847
1751451348884 0.6104340553283691 3848
1751451350448 0.31677114963531494 3849
1751451351787 0.5870001316070557 3850
1751451353113 0.6785850524902344 3851
1751451354535 0.7646205425262451 3852
1751451355794 0.4879400432109833 3853
1751451357251 0.8422415852546692 3854
1751451358505 0.4866512715816498 3855
1751451359925 0.6457779407501221 3856
1751451361757 0.620682954788208 3857
1751451363122 0.7741492986679077 3858
1751451364589 0.9002025127410889 3859
1751451365870 0.7089220285415649 3860
1751451367267 1.157900333404541 3861
1751451368544 0.9046945571899414 3862
1751451369874 0.9403148293495178 3863
1751451371105 0.14976131916046143 3864
1751451372440 1.3238579034805298 3865
1751451373608 0.2807944118976593 3866
1751451374814 2.296234130859375 3867
1751451376197 0.6326733827590942 3868
1751451377526 0.7511805891990662 3869
1751451379063 0.8396389484405518 3870
1751451380506 0.9998137950897217 3871
1751451381731 1.1519427299499512 3872
1751451383232 0.6379947662353516 3873
1751451384876 1.1391979455947876 3874
1751451387361 0.573555588722229 3875
1751451389184 0.5100488662719727 3876
1751451390458 0.42992815375328064 3877
1751451391738 0.13193725049495697 3878
1751451392998 0.5799211263656616 3879
1751451394217 0.5665155053138733 3880
1751451395451 0.5701919794082642 3881
1751451396812 1.1216015815734863 3882
1751451398036 0.4921475052833557 3883
1751451399299 0.48946741223335266 3884
1751451400536 0.5035500526428223 3885
1751451401823 1.0163244009017944 3886
1751451403087 1.4170105457305908 3887
1751451404301 0.9992406368255615 3888
1751451405592 0.7772662043571472 3889
1751451406846 1.6125743389129639 3890
1751451408125 1.2367507219314575 3891
1751451409457 0.39552071690559387 3892
1751451410691 0.6144518852233887 3893
1751451411951 0.489536315202713 3894
1751451413271 1.5591830015182495 3895
1751451414519 0.6234483122825623 3896
1751451415782 0.9000407457351685 3897
1751451417101 0.6092237234115601 3898
1751451418314 0.9645119309425354 3899
1751451419645 0.5863064527511597 3900
1751451420888 0.28334328532218933 3901
1751451422162 0.8733655214309692 3902
1751451423950 1.023593544960022 3903
1751451425154 1.4321283102035522 3904
1751451426378 0.7893389463424683 3905
1751451427566 0.2306215465068817 3906
1751451428842 0.4938246011734009 3907
1751451430059 0.8950914144515991 3908
1751451431257 0.84199059009552 3909
1751451432486 0.7811567783355713 3910
1751451433720 1.130039930343628 3911
1751451434926 0.777349054813385 3912
1751451436479 0.8077343106269836 3913
1751451437792 0.7822391986846924 3914
1751451439069 0.9062987565994263 3915
1751451440311 0.5131816267967224 3916
1751451441629 0.5523951649665833 3917
1751451442928 0.698413610458374 3918
1751451444208 1.114670753479004 3919
1751451445700 0.7486708164215088 3920
1751451446960 0.9908002614974976 3921
1751451448188 0.8418806195259094 3922
1751451449480 0.9393808841705322 3923
1751451450760 1.0766589641571045 3924
1751451452166 1.113250732421875 3925
1751451453389 0.6672088503837585 3926
1751451454730 0.8054572343826294 3927
1751451456032 0.7372363805770874 3928
1751451457281 1.1565124988555908 3929
1751451458564 0.7749342918395996 3930
1751451459816 0.8430848121643066 3931
1751451461141 0.727195143699646 3932
1751451462408 0.1907401978969574 3933
1751451463702 0.6970500946044922 3934
1751451464990 0.6650822758674622 3935
1751451466445 0.6948983669281006 3936
1751451467751 0.6945730447769165 3937
1751451468981 2.6069681644439697 3938
1751451470247 0.7465271353721619 3939
1751451471616 0.7507003545761108 3940
1751451472839 0.5584689378738403 3941
1751451474117 0.6133019924163818 3942
1751451475481 1.0024571418762207 3943
1751451477034 1.0167005062103271 3944
1751451478309 1.0617177486419678 3945
1751451479549 0.642591655254364 3946
1751451480919 0.8216845393180847 3947
1751451482242 0.5713918209075928 3948
1751451483919 1.0525583028793335 3949
1751451485199 0.6656359434127808 3950
1751451486572 0.6719545125961304 3951
1751451487853 1.1091634035110474 3952
1751451489053 0.6530985832214355 3953
1751451490274 0.8234583139419556 3954
1751451491639 0.4919213652610779 3955
1751451493150 0.6465434432029724 3956
1751451494435 0.8794129490852356 3957
1751451495659 0.8848488330841064 3958
1751451496962 0.8091362714767456 3959
1751451498222 1.574161410331726 3960
1751451499425 1.3053393363952637 3961
1751451500710 1.0466835498809814 3962
1751451501935 0.30262964963912964 3963
1751451503732 0.8481711745262146 3964
1751451504966 0.9177742004394531 3965
1751451506240 1.044508934020996 3966
1751451507650 1.314954400062561 3967
1751451508967 0.7870651483535767 3968
1751451510253 1.076791763305664 3969
1751451511461 0.5651841163635254 3970
1751451512835 0.9743233919143677 3971
1751451514628 0.813914954662323 3972
1751451515904 0.5999233722686768 3973
1751451517247 0.701142430305481 3974
1751451518459 1.619655966758728 3975
1751451519686 1.4287176132202148 3976
1751451521063 0.6242316961288452 3977
1751451522310 0.7775120735168457 3978
1751451523620 0.5239787101745605 3979
1751451525395 0.8244237899780273 3980
1751451526636 0.6296770572662354 3981
1751451527916 0.8774265050888062 3982
1751451529311 0.9600683450698853 3983
1751451530601 0.7378488779067993 3984
1751451532054 0.8431296944618225 3985
1751451533354 0.1969939023256302 3986
1751451534587 0.334213525056839 3987
1751451535831 1.038522481918335 3988
1751451537055 0.6618411540985107 3989
1751451538357 0.4669727683067322 3990
1751451539617 0.49252259731292725 3991
1751451540882 0.8764572143554688 3992
1751451542146 0.7235004901885986 3993
1751451543318 1.245474934577942 3994
1751451544529 1.0777201652526855 3995
1751451546344 1.0522879362106323 3996
1751451547611 0.8972645998001099 3997
1751451548890 0.5848588943481445 3998
1751451550131 0.5969664454460144 3999
1751451551391 1.1057887077331543 4000
1751451552766 1.2392412424087524 4001
1751451554007 0.4903812110424042 4002
1751451555417 0.6878551840782166 4003
1751451557003 0.753943920135498 4004
1751451558367 0.45643582940101624 4005
1751451559673 0.618593692779541 4006
1751451560950 0.70310378074646 4007
1751451562233 1.0013484954833984 4008
1751451563521 0.8989396095275879 4009
1751451564731 1.1567246913909912 4010
1751451565973 0.8344955444335938 4011
1751451567401 1.5125758647918701 4012
1751451568807 1.2141234874725342 4013
1751451570081 0.5705327391624451 4014
1751451571371 1.0288569927215576 4015
1751451572613 0.6941932439804077 4016
1751451573904 0.5592531561851501 4017
1751451575332 1.0595555305480957 4018
1751451576612 0.8635244965553284 4019
1751451577930 0.49010324478149414 4020
1751451579410 0.5155630111694336 4021
1751451580716 0.6969022750854492 4022
1751451582015 0.6000927686691284 4023
1751451583275 1.0524760484695435 4024
1751451584506 0.7234368920326233 4025
1751451585832 0.8463053107261658 4026
1751451587076 0.7920843362808228 4027
1751451588786 0.5014588832855225 4028
1751451590085 0.6026776432991028 4029
1751451591400 0.7638351917266846 4030
1751451592690 0.7685796022415161 4031
1751451593917 1.1378138065338135 4032
1751451595186 0.8111873865127563 4033
1751451596468 0.4933127164840698 4034
1751451597856 1.1454421281814575 4035
1751451599286 1.820803165435791 4036
1751451600524 0.739936888217926 4037
1751451601764 0.744672954082489 4038
1751451603053 0.5002623796463013 4039
1751451604801 0.5554896593093872 4040
1751451606134 0.5075696706771851 4041
1751451607407 0.6380198001861572 4042
1751451608689 0.8001364469528198 4043
1751451609992 1.5524498224258423 4044
1751451611254 0.6644107103347778 4045
1751451612476 0.6854844689369202 4046
1751451613779 0.7724548578262329 4047
1751451615599 0.7515588402748108 4048
1751451616910 0.6200078129768372 4049
1751451617946 2.600426435470581 4050
1751451619257 0.7428668737411499 4051
1751451620550 0.7064509391784668 4052
1751451621829 0.9294430613517761 4053
1751451623103 0.9122350215911865 4054
1751451624455 0.8784369826316833 4055
1751451625837 1.8928205966949463 4056
1751451627399 0.531887948513031 4057
1751451628741 0.6759403944015503 4058
1751451629994 0.716864287853241 4059
1751451631308 0.8467234373092651 4060
1751451632590 0.6713129878044128 4061
1751451633787 1.004425287246704 4062
1751451635013 1.1109471321105957 4063
1751451636324 0.6317967176437378 4064
1751451637681 0.9671284556388855 4065
1751451638863 0.6513704061508179 4066
1751451640123 0.3033592402935028 4067
1751451641347 0.8817706108093262 4068
1751451642624 1.530118703842163 4069
1751451643909 1.1714078187942505 4070
1751451645130 2.9530766010284424 4071
1751451646551 2.570405960083008 4072
1751451647816 0.46686506271362305 4073
1751451649096 0.6261575222015381 4074
1751451650323 0.4630802571773529 4075
1751451651624 0.9632134437561035 4076
1751451652835 0.8132250905036926 4077
1751451653989 1.0176959037780762 4078
1751451655266 0.16313312947750092 4079
1751451656598 1.9489555358886719 4080
1751451657806 0.4863862991333008 4081
1751451659019 0.7466826438903809 4082
1751451660242 0.5941696166992188 4083
1751451661589 0.7657814025878906 4084
1751451662894 0.7733170986175537 4085
1751451664118 0.8749581575393677 4086
1751451665325 0.5374640226364136 4087
1751451666648 1.4812935590744019 4088
1751451667950 1.236156702041626 4089
1751451669194 0.7452367544174194 4090
1751451670535 0.7682533264160156 4091
1751451672106 0.8204945921897888 4092
1751451673361 0.5550133585929871 4093
1751451674551 0.5814917683601379 4094
1751451675786 1.1280301809310913 4095
1751451677074 0.7083323001861572 4096
1751451678348 1.2793939113616943 4097
1751451679717 0.5460543036460876 4098
1751451680970 0.7160284519195557 4099
1751451682222 0.3459760546684265 4100
1751451683422 0.8889162540435791 4101
1751451684636 0.4687499701976776 4102
1751451685946 0.5246095061302185 4103
1751451687785 1.1255311965942383 4104
1751451689030 0.734700083732605 4105
1751451690287 0.8043564558029175 4106
1751451691729 0.718176007270813 4107
1751451692984 0.9821010828018188 4108
1751451694221 0.9402424693107605 4109
1751451695432 0.6199723482131958 4110
1751451696626 1.8483901023864746 4111
1751451698269 0.8976417183876038 4112
1751451699570 0.5010376572608948 4113
1751451700834 0.6533703804016113 4114
1751451702138 0.9314550161361694 4115
1751451703414 0.5054136514663696 4116
1751451704674 0.8175588846206665 4117
1751451705960 0.924113392829895 4118
1751451707250 0.9018375873565674 4119
1751451708477 1.6596713066101074 4120
1751451709761 0.5911495685577393 4121
1751451711026 0.5927762985229492 4122
1751451712381 0.8044997453689575 4123
1751451713689 0.44424158334732056 4124
1751451714900 0.8640913367271423 4125
1751451716297 1.0053396224975586 4126
1751451717619 0.4872123599052429 4127
1751451718837 0.6497080326080322 4128
1751451720099 0.08089079707860947 4129
1751451721786 0.10472986847162247 4130
1751451723021 0.6667466163635254 4131
1751451724261 0.5793908834457397 4132
1751451725516 0.7636289000511169 4133
1751451726779 0.5106878280639648 4134
1751451728077 0.50174880027771 4135
1751451729291 0.5097066760063171 4136
1751451730498 0.47678646445274353 4137
1751451731787 0.8441696166992188 4138
1751451733156 0.2562493085861206 4139
1751451734800 0.8589387536048889 4140
1751451736035 0.9527508020401001 4141
1751451737213 1.7789462804794312 4142
1751451738473 0.8821678757667542 4143
1751451739643 1.1277424097061157 4144
1751451740932 0.8053188920021057 4145
1751451742288 0.6609072685241699 4146
1751451743573 0.370843768119812 4147
1751451745508 0.8426786661148071 4148
1751451746797 0.8377600908279419 4149
1751451748095 0.28375399112701416 4150
1751451749350 1.0271098613739014 4151
1751451750526 0.9207667112350464 4152
1751451751803 1.2334191799163818 4153
1751451753103 0.9624617695808411 4154
1751451754331 0.7449893951416016 4155
1751451756069 0.9530027508735657 4156
1751451757355 0.644639790058136 4157
1751451758562 0.8180748224258423 4158
1751451759814 0.11031166464090347 4159
1751451761037 0.8963557481765747 4160
1751451762285 0.7629085779190063 4161
1751451763536 0.6955679655075073 4162
1751451765006 0.7188138961791992 4163
1751451766401 0.5032706260681152 4164
1751451767667 1.7196531295776367 4165
1751451769154 0.8333030939102173 4166
1751451770361 0.4643878936767578 4167
1751451771738 0.4595140814781189 4168
1751451772987 0.6363467574119568 4169
1751451774246 0.6837947368621826 4170
1751451775518 1.4320273399353027 4171
1751451776925 1.0811203718185425 4172
1751451778263 0.37740910053253174 4173
1751451779539 0.6231745481491089 4174
1751451780788 0.6735103726387024 4175
1751451782009 0.6655378341674805 4176
1751451783265 0.6792230606079102 4177
1751451784550 0.9982888698577881 4178
1751451785827 1.4293911457061768 4179
1751451787509 0.7624315023422241 4180
1751451788774 0.6304585337638855 4181
1751451790057 0.6397292613983154 4182
1751451791235 1.5080451965332031 4183
1751451792502 0.7936350107192993 4184
1751451793771 0.7038931846618652 4185
1751451795028 1.1413630247116089 4186
1751451796254 0.8294192552566528 4187
1751451798092 1.0436792373657227 4188
1751451799440 0.5764050483703613 4189
1751451800780 0.45976120233535767 4190
1751451801989 0.866308331489563 4191
1751451803301 0.42701101303100586 4192
1751451804609 0.9035179615020752 4193
1751451805865 0.6495033502578735 4194
1751451807121 1.0098053216934204 4195
1751451808849 0.6381248235702515 4196
1751451810139 1.1256968975067139 4197
1751451811367 0.6298579573631287 4198
1751451812659 1.0046045780181885 4199
1751451813961 0.6206860542297363 4200
1751451815276 0.6436119079589844 4201
1751451816823 0.48784923553466797 4202
1751451818089 0.6508562564849854 4203
1751451819693 1.553346872329712 4204
1751451820970 0.7836697101593018 4205
1751451822228 0.6867390275001526 4206
1751451823449 0.724759042263031 4207
1751451824660 0.7411729693412781 4208
1751451825941 0.5491398572921753 4209
1751451827215 1.087909460067749 4210
1751451828436 0.5896790027618408 4211
1751451829781 0.712639570236206 4212
1751451831059 0.09319701045751572 4213
1751451832386 0.8111940622329712 4214
1751451833688 0.5906461477279663 4215
1751451834984 0.6778913140296936 4216
1751451836326 0.6864306330680847 4217
1751451837591 0.7950844168663025 4218
1751451838816 0.7413635849952698 4219
1751451840095 0.9339699745178223 4220
1751451841339 0.1307826191186905 4221
1751451842598 0.47840380668640137 4222
1751451843838 0.6041597127914429 4223
1751451845093 1.0627341270446777 4224
1751451846443 2.435187339782715 4225
1751451847693 0.5945675373077393 4226
1751451848968 1.4915884733200073 4227
1751451850219 1.1049118041992188 4228
1751451851444 1.1624219417572021 4229
1751451852825 1.2046239376068115 4230
1751451854353 0.6115214228630066 4231
1751451855775 0.6875839233398438 4232
1751451857241 2.238981008529663 4233
1751451858535 0.8417750597000122 4234
1751451859882 2.5301427841186523 4235
1751451861127 0.8983412981033325 4236
1751451862422 0.6355346441268921 4237
1751451863716 0.6011064052581787 4238
1751451865991 0.7288374900817871 4239
1751451867303 0.6355867385864258 4240
1751451868753 0.28818967938423157 4241
1751451870097 0.7957274317741394 4242
1751451871356 1.8678874969482422 4243
1751451872709 0.6521599888801575 4244
1751451874093 0.5610237121582031 4245
1751451875313 1.6876708269119263 4246
1751451876543 0.785647988319397 4247
1751451877994 1.0955915451049805 4248
1751451879361 0.9004038572311401 4249
1751451880571 1.9635143280029297 4250
1751451882085 0.8953018188476562 4251
1751451883396 1.2398202419281006 4252
1751451884918 0.9269421696662903 4253
1751451886245 0.9223273992538452 4254
1751451887524 0.9921399354934692 4255
1751451888959 1.2640466690063477 4256
1751451891866 0.547950029373169 4257
1751451893102 0.8362665772438049 4258
1751451894339 0.38430285453796387 4259
1751451895659 1.0359711647033691 4260
1751451896906 0.5283046960830688 4261
1751451898153 1.1551543474197388 4262
1751451899387 0.6831412315368652 4263
1751451900594 0.7968097925186157 4264
1751451901846 0.7106857299804688 4265
1751451903197 0.5178661942481995 4266
1751451904452 1.000367283821106 4267
1751451905704 0.8000551462173462 4268
1751451907177 0.7510014176368713 4269
1751451908442 0.6991561055183411 4270
1751451909734 0.4106593728065491 4271
1751451910959 0.48759573698043823 4272
1751451912305 0.4851996600627899 4273
1751451913579 1.009148359298706 4274
1751451914865 1.1328715085983276 4275
1751451916290 0.9355663061141968 4276
1751451917552 0.5631434321403503 4277
1751451918875 0.8039573431015015 4278
1751451920173 0.14846083521842957 4279
1751451921393 0.5412924289703369 4280
1751451922620 0.6660836935043335 4281
1751451923831 1.4109103679656982 4282
1751451925088 0.631280243396759 4283
1751451926306 1.5516021251678467 4284
1751451927613 0.47819218039512634 4285
1751451928864 1.0585215091705322 4286
1751451930345 0.8067407608032227 4287
1751451931862 1.2836039066314697 4288
1751451933223 0.6055634617805481 4289
1751451934505 0.7302073240280151 4290
1751451935752 1.4965858459472656 4291
1751451936993 0.7659993171691895 4292
1751451938280 0.6860016584396362 4293
1751451939536 1.1462578773498535 4294
1751451940738 0.8699270486831665 4295
1751451942687 0.6714781522750854 4296
1751451943938 0.7025735378265381 4297
1751451945166 0.6491972208023071 4298
1751451946395 0.3357209861278534 4299
1751451947701 0.6129906177520752 4300
1751451948991 0.6133090853691101 4301
1751451950588 0.7007379531860352 4302
1751451951818 0.734801173210144 4303
1751451952986 0.5889464616775513 4304
1751451954198 0.6395278573036194 4305
1751451955422 1.0221247673034668 4306
1751451956635 1.339722752571106 4307
1751451957906 0.8726706504821777 4308
1751451959173 0.7107083797454834 4309
1751451960353 0.6197167038917542 4310
1751451961587 0.8008012175559998 4311
1751451962866 0.46640920639038086 4312
1751451964078 0.5355876088142395 4313
1751451965325 0.6289792060852051 4314
1751451966560 1.4463462829589844 4315
1751451967828 0.6769077777862549 4316
1751451969098 0.766066312789917 4317
1751451970370 0.5968438982963562 4318
1751451971670 0.9249943494796753 4319
1751451972910 1.1600431203842163 4320
1751451974335 0.8023531436920166 4321
1751451975581 0.6021045446395874 4322
1751451976842 0.5335882902145386 4323
1751451978107 0.6448219418525696 4324
1751451979440 0.24822424352169037 4325
1751451980745 0.8705865740776062 4326
1751451982036 0.6445106863975525 4327
1751451983310 0.712178647518158 4328
1751451984789 0.7599611878395081 4329
1751451986025 0.9276530742645264 4330
1751451987425 0.7926915884017944 4331
1751451988834 0.556354284286499 4332
1751451990077 0.84285569190979 4333
1751451991705 0.8251280784606934 4334
1751451993110 1.0476176738739014 4335
1751451994341 0.5362534523010254 4336
1751451995639 0.7623927593231201 4337
1751451996861 1.0872783660888672 4338
1751451998088 1.5240075588226318 4339
1751451999318 0.5452621579170227 4340
1751452000677 0.6785811185836792 4341
1751452001889 0.7245060205459595 4342
1751452003125 0.4457949697971344 4343
1751452004408 1.3063952922821045 4344
1751452006035 1.077844500541687 4345
1751452007399 0.6697009801864624 4346
1751452008676 1.0503556728363037 4347
1751452009958 0.7233138084411621 4348
1751452011300 0.7023208141326904 4349
1751452012535 2.169083595275879 4350
1751452013819 0.5352675318717957 4351
1751452015404 0.7165119647979736 4352
1751452016939 0.9201092720031738 4353
1751452018166 1.1956125497817993 4354
1751452019364 1.8580162525177002 4355
1751452020624 0.8340668678283691 4356
1751452021823 0.4925991892814636 4357
1751452023063 1.2811760902404785 4358
1751452024312 2.5957963466644287 4359
1751452025626 0.5528891682624817 4360
1751452026859 0.6326191425323486 4361
1751452028136 0.48073989152908325 4362
1751452029344 0.7904708981513977 4363
1751452030580 0.9984881281852722 4364
1751452031888 0.6498819589614868 4365
1751452033414 0.7865904569625854 4366
1751452034682 0.9181798696517944 4367
1751452036736 0.5167763829231262 4368
1751452038001 0.9661220908164978 4369
1751452039288 0.7158401608467102 4370
1751452040503 0.8471336364746094 4371
1751452041828 0.6558868885040283 4372
1751452043085 0.8662011623382568 4373
1751452044368 0.5100187063217163 4374
1751452045763 0.4903583824634552 4375
1751452047336 0.12740661203861237 4376
1751452048595 0.24076947569847107 4377
1751452049887 0.8758418560028076 4378
1751452051181 1.0045433044433594 4379
1751452052411 0.96621173620224 4380
1751452053745 1.1770435571670532 4381
1751452055136 0.6150472164154053 4382
1751452056445 0.8811761140823364 4383
1751452057886 1.2061667442321777 4384
1751452059192 0.6044104695320129 4385
1751452060452 0.4174707531929016 4386
1751452061704 0.6800394654273987 4387
1751452062944 1.148545742034912 4388
1751452064208 0.7227334976196289 4389
1751452065562 1.2005581855773926 4390
1751452066744 0.7407034635543823 4391
1751452068390 0.4680293798446655 4392
1751452069671 0.9304803609848022 4393
1751452071072 0.6835278272628784 4394
1751452072408 0.6761159896850586 4395
1751452073697 0.7767093777656555 4396
1751452075007 0.8785864114761353 4397
1751452076559 0.5567982792854309 4398
1751452077847 0.9145423173904419 4399
1751452079402 0.06396216154098511 4400
1751452080817 0.027066294103860855 4401
1751452082063 0.47915640473365784 4402
1751452083291 0.7791500687599182 4403
1751452084638 0.7908080220222473 4404
1751452085960 0.7447826862335205 4405
1751452087222 0.5810596942901611 4406
1751452088555 0.887410044670105 4407
1751452090019 0.6361986398696899 4408
1751452091277 0.5727050304412842 4409
1751452092536 0.9175705909729004 4410
1751452093780 1.464128017425537 4411
1751452095643 0.0995478630065918 4412
1751452096879 0.9580336809158325 4413
1751452098155 0.7806586027145386 4414
1751452099516 0.6877200603485107 4415
1751452100777 1.411982536315918 4416
1751452102073 0.5951021313667297 4417
1751452103333 1.3504359722137451 4418
1751452104583 0.8854326009750366 4419
1751452106622 0.35018467903137207 4420
1751452107950 0.39821574091911316 4421
1751452109152 0.5501067638397217 4422
1751452110379 1.679628849029541 4423
1751452111646 0.6524244546890259 4424
1751452112896 2.031238555908203 4425
1751452114206 1.3222554922103882 4426
1751452115497 0.7609456181526184 4427
1751452117210 0.6789647936820984 4428
1751452118520 1.2390601634979248 4429
1751452120163 0.693386971950531 4430
1751452121438 0.6085788011550903 4431
1751452122698 0.4731835126876831 4432
1751452123994 0.5480351448059082 4433
1751452125241 0.6264870166778564 4434
1751452126507 0.7203183174133301 4435
1751452127907 0.5125264525413513 4436
1751452129180 1.1013747453689575 4437
1751452130556 0.7536595463752747 4438
1751452131831 0.34706640243530273 4439
1751452133099 1.093000888824463 4440
1751452134370 0.3528258800506592 4441
1751452135726 0.953789234161377 4442
1751452137166 0.9238141775131226 4443
1751452138773 0.5004100203514099 4444
1751452140059 0.6462115049362183 4445
1751452141323 1.5624529123306274 4446
1751452142598 0.7380573749542236 4447
1751452143862 1.4761767387390137 4448
1751452145277 0.6678760647773743 4449
1751452146550 0.9849041700363159 4450
1751452147763 1.5075113773345947 4451
1751452149355 1.7711875438690186 4452
1751452150639 0.6193802952766418 4453
1751452151957 1.2168326377868652 4454
1751452153323 1.6168882846832275 4455
1751452154585 0.9732356071472168 4456
1751452155790 1.3283851146697998 4457
1751452157040 0.7473644018173218 4458
1751452158287 0.2901465594768524 4459
1751452160057 0.56449294090271 4460
1751452161334 0.982499897480011 4461
1751452162958 1.282181739807129 4462
1751452164552 0.7842265367507935 4463
1751452165876 0.672034502029419 4464
1751452167378 0.5271885395050049 4465
1751452168698 0.5206308364868164 4466
1751452170461 0.39115679264068604 4467
1751452172875 0.3821440637111664 4468
1751452174463 0.6934006214141846 4469
1751452175678 0.8116995096206665 4470
1751452176928 1.0263904333114624 4471
1751452178257 0.7781941890716553 4472
1751452179646 1.1812469959259033 4473
1751452180995 0.5143586993217468 4474
1751452182361 0.47272416949272156 4475
1751452183645 6.82137393951416 4476
1751452184946 0.46706488728523254 4477
1751452186225 0.8930349946022034 4478
1751452187535 1.1743074655532837 4479
1751452188810 0.5755019187927246 4480
1751452190073 0.552985668182373 4481
1751452191328 0.8316385746002197 4482
1751452192596 0.7829073071479797 4483
1751452193866 0.4981918931007385 4484
1751452195092 0.4822818636894226 4485
1751452196362 1.5828824043273926 4486
1751452197709 0.8774492740631104 4487
1751452199162 0.5288283228874207 4488
1751452200391 0.8222998976707458 4489
1751452201686 0.6251080632209778 4490
1751452202926 0.8412903547286987 4491
1751452204102 0.5650361776351929 4492
1751452205362 1.7203729152679443 4493
1751452206959 0.036966804414987564 4494
1751452208281 0.5002210140228271 4495
1751452209580 0.9170835018157959 4496
1751452210745 0.9489653706550598 4497
1751452212169 0.9868612289428711 4498
1751452213500 1.0919189453125 4499
1751452215245 1.6583402156829834 4500
1751452216429 0.5389474630355835 4501
1751452217657 0.7649811506271362 4502
1751452218939 0.794367790222168 4503
1751452220214 1.4295648336410522 4504
1751452221467 1.3231120109558105 4505
1751452222732 0.6194074153900146 4506
1751452224081 0.5382592678070068 4507
1751452225999 0.6938318014144897 4508
1751452227240 0.5886763334274292 4509
1751452228482 1.5258398056030273 4510
1751452229852 0.6372265219688416 4511
1751452231104 0.5236845016479492 4512
1751452232339 0.34941208362579346 4513
1751452233658 0.8544219732284546 4514
1751452234960 0.666844367980957 4515
1751452236348 0.4693915843963623 4516
1751452237579 1.5201489925384521 4517
1751452238889 0.830661416053772 4518
1751452240257 1.5522844791412354 4519
1751452241599 0.8401832580566406 4520
1751452242905 1.483016014099121 4521
1751452244177 0.8620349764823914 4522
1751452246103 0.7363158464431763 4523
1751452247369 0.25059664249420166 4524
1751452248686 0.6540361046791077 4525
1751452250003 0.6514116525650024 4526
1751452251238 0.5719419121742249 4527
1751452252454 0.776789665222168 4528
1751452253760 0.8743166923522949 4529
1751452254996 0.5525374412536621 4530
1751452256299 1.301222324371338 4531
1751452257572 0.8393232226371765 4532
1751452258903 0.7577291131019592 4533
1751452260128 1.443176031112671 4534
1751452261401 0.05760997533798218 4535
1751452262652 0.5058662295341492 4536
1751452263852 0.7833260297775269 4537
1751452265176 0.45197758078575134 4538
1751452266330 0.8952403664588928 4539
1751452267539 1.0387160778045654 4540
1751452268786 0.6179815530776978 4541
1751452270070 1.1679729223251343 4542
1751452271593 0.41152215003967285 4543
1751452272822 0.7855703234672546 4544
1751452274127 0.7934286594390869 4545
1751452275409 0.67177814245224 4546
1751452276665 1.848630666732788 4547
1751452277928 0.7885656356811523 4548
1751452279300 0.7035446166992188 4549
1751452280526 1.4219005107879639 4550
1751452282007 0.8711943030357361 4551
1751452283202 0.3236665725708008 4552
1751452284523 1.0678104162216187 4553
1751452286216 0.9625087380409241 4554
1751452287747 1.7015857696533203 4555
1751452289068 0.9236017465591431 4556
1751452290408 1.7830318212509155 4557
1751452291711 0.6958656311035156 4558
1751452292969 0.5965993404388428 4559
1751452294300 0.680273175239563 4560
1751452295564 0.6646614074707031 4561
1751452296811 0.4771404266357422 4562
1751452298112 0.8336476683616638 4563
1751452299470 0.6236443519592285 4564
1751452300782 0.8579460382461548 4565
1751452302067 1.049135684967041 4566
1751452303375 0.21129903197288513 4567
1751452304599 1.3402209281921387 4568
1751452305966 0.6481376886367798 4569
1751452307249 0.13310852646827698 4570
1751452308493 0.5221483707427979 4571
1751452309847 0.6496145725250244 4572
1751452311094 0.7795430421829224 4573
1751452312335 1.125206470489502 4574
1751452313576 0.7232421040534973 4575
1751452314827 0.8638640642166138 4576
1751452316165 0.8188815116882324 4577
1751452317465 1.5480411052703857 4578
1751452318795 0.9868074059486389 4579
1751452320161 1.0752345323562622 4580
1751452321418 0.7213436365127563 4581
1751452322712 0.5054773688316345 4582
1751452323962 1.0511109828948975 4583
1751452325313 0.6600884199142456 4584
1751452326889 0.7726550102233887 4585
1751452328165 0.6587634086608887 4586
1751452329471 0.7198047041893005 4587
1751452330767 0.6627597808837891 4588
1751452332023 1.2526898384094238 4589
1751452333243 0.5074299573898315 4590
1751452334500 0.45899495482444763 4591
1751452335725 0.9786078333854675 4592
1751452337168 0.5811942219734192 4593
1751452338432 0.8174776434898376 4594
1751452339829 1.0561769008636475 4595
1751452341387 0.30461207032203674 4596
1751452342737 1.6302974224090576 4597
1751452343932 0.9137840270996094 4598
1751452345237 0.5726392269134521 4599
1751452346545 0.7131286859512329 4600
1751452347826 0.537173867225647 4601
1751452349092 0.7844359874725342 4602
1751452350373 0.9947205185890198 4603
1751452352086 0.5977106690406799 4604
1751452353325 1.0226300954818726 4605
1751452354581 1.0636335611343384 4606
1751452355886 0.31387630105018616 4607
1751452357130 0.7745137214660645 4608
1751452358303 0.9778997898101807 4609
1751452359655 1.2738391160964966 4610
1751452361045 0.9587463140487671 4611
1751452362919 0.7067831754684448 4612
1751452364441 0.6836646795272827 4613
1751452365707 0.6049249172210693 4614
1751452366973 0.7848737239837646 4615
1751452368140 1.0657713413238525 4616
1751452369457 0.3356890380382538 4617
1751452370708 0.6942408680915833 4618
1751452372142 0.772457480430603 4619
1751452373552 0.8233463764190674 4620
1751452374844 1.040043830871582 4621
1751452376137 2.152491807937622 4622
1751452377436 0.82097327709198 4623
1751452378748 0.7295044660568237 4624
1751452379966 0.3112248480319977 4625
1751452381229 1.0547500848770142 4626
1751452382475 1.1104249954223633 4627
1751452384050 0.5084375739097595 4628
1751452385296 0.5822086930274963 4629
1751452386509 0.7804868221282959 4630
1751452387728 0.21250033378601074 4631
1751452388897 3.760255813598633 4632
1751452390188 0.6823862195014954 4633
1751452391453 1.3190147876739502 4634
1751452392718 0.857602596282959 4635
1751452394670 0.8051570057868958 4636
1751452395974 0.6885753870010376 4637
1751452397224 1.1688075065612793 4638
1751452398566 0.5850343704223633 4639
1751452399796 0.7062787413597107 4640
1751452401262 1.960970163345337 4641
1751452402462 1.0351310968399048 4642
1751452403801 0.6292272210121155 4643
1751452405376 0.5647690892219543 4644
1751452406597 0.5894781351089478 4645
1751452407847 1.128743290901184 4646
1751452409141 0.4537348449230194 4647
1751452410634 0.4641725420951843 4648
1751452411909 1.380082368850708 4649
1751452413149 0.6170262098312378 4650
1751452414346 1.5214979648590088 4651
1751452415638 0.38992035388946533 4652
1751452416940 0.7164525985717773 4653
1751452418272 0.6482060551643372 4654
1751452419555 0.5903018116950989 4655
1751452420859 0.796973466873169 4656
1751452422088 0.9268494844436646 4657
1751452423355 0.5144810080528259 4658
1751452424694 1.0821738243103027 4659
1751452426385 0.46017172932624817 4660
1751452427704 0.8524367809295654 4661
1751452428928 0.6531527042388916 4662
1751452430418 3.2396645545959473 4663
1751452431725 0.6288933753967285 4664
1751452432961 0.9192200899124146 4665
1751452434272 0.579423189163208 4666
1751452435521 0.7089194059371948 4667
1751452436799 0.6180531978607178 4668
1751452438389 0.6922957897186279 4669
1751452439645 0.794802725315094 4670
1751452440886 0.5759531855583191 4671
1751452442179 0.5368503332138062 4672
1751452443436 0.8574836850166321 4673
1751452444669 0.39438119530677795 4674
1751452445959 0.7869051694869995 4675
1751452447286 0.6711969375610352 4676
1751452448495 1.3587749004364014 4677
1751452449848 0.7220672965049744 4678
1751452451092 0.7127557992935181 4679
1751452452467 0.30473625659942627 4680
1751452453674 0.6894394159317017 4681
1751452455136 0.42619824409484863 4682
1751452456751 0.8656001091003418 4683
1751452457980 0.5308449268341064 4684
1751452459273 1.1211014986038208 4685
1751452460553 0.22520865499973297 4686
1751452461775 0.716202437877655 4687
1751452463068 1.2544162273406982 4688
1751452464386 0.5876692533493042 4689
1751452465594 1.1847529411315918 4690
1751452466873 0.8620404601097107 4691
1751452468079 0.6941111087799072 4692
1751452469362 0.47435104846954346 4693
1751452470767 0.9119864106178284 4694
1751452472010 0.38897815346717834 4695
1751452473472 0.683929443359375 4696
1751452474790 0.7207540273666382 4697
1751452476015 0.6902657151222229 4698
1751452477271 0.596471905708313 4699
1751452478538 1.5196213722229004 4700
1751452479848 0.6394140720367432 4701
1751452481120 1.2050215005874634 4702
1751452482412 0.44914284348487854 4703
1751452483678 0.8914441466331482 4704
1751452485064 0.9509660005569458 4705
1751452486316 1.7344081401824951 4706
1751452488253 0.9634805917739868 4707
1751452489663 0.8923107981681824 4708
1751452490862 0.661367654800415 4709
1751452492080 1.2072184085845947 4710
1751452493369 0.9019327163696289 4711
1751452494718 0.4271564781665802 4712
1751452496036 0.8255481123924255 4713
1751452497840 0.4972550868988037 4714
1751452499150 0.5477681159973145 4715
1751452500407 1.3613691329956055 4716
1751452501738 0.697987973690033 4717
1751452503492 0.7268338799476624 4718
1751452504809 0.6272827982902527 4719
1751452505995 0.7772814035415649 4720
1751452507231 0.8831068277359009 4721
1751452508420 0.6178009510040283 4722
1751452509653 0.8367370367050171 4723
1751452511141 0.7902493476867676 4724
1751452512424 0.6315433979034424 4725
1751452513713 0.7678530216217041 4726
1751452514995 0.7683669328689575 4727
1751452516193 0.5822544097900391 4728
1751452517434 0.9253687858581543 4729
1751452518704 0.4531087875366211 4730
1751452519936 1.6471790075302124 4731
1751452521186 1.0289983749389648 4732
1751452523225 0.6729863882064819 4733
1751452524448 0.44258296489715576 4734
1751452525684 1.1636395454406738 4735
1751452526873 0.8727666139602661 4736
1751452528190 1.1392271518707275 4737
1751452529472 0.12163526564836502 4738
1751452531410 0.6865986585617065 4739
1751452532738 0.508395254611969 4740
1751452533985 0.8197479248046875 4741
1751452535229 0.9052371978759766 4742
1751452536521 1.2010639905929565 4743
1751452537786 0.6888309717178345 4744
1751452539002 0.6425154209136963 4745
1751452540236 0.6587796807289124 4746
1751452541449 0.6786381602287292 4747
1751452542696 1.0867884159088135 4748
1751452543947 0.5669540166854858 4749
1751452545245 0.9009811878204346 4750
1751452546741 0.7512684464454651 4751
1751452548474 0.48047149181365967 4752
1751452550313 0.5568191409111023 4753
1751452551998 0.8316640853881836 4754
1751452553406 0.4002012610435486 4755
1751452554823 0.5711121559143066 4756
1751452556182 0.32365813851356506 4757
1751452557619 0.7464185357093811 4758
1751452558876 1.4192531108856201 4759
1751452560275 0.7032623291015625 4760
1751452561714 0.960555911064148 4761
1751452563158 0.5470452904701233 4762
1751452564538 0.6851643919944763 4763
1751452566074 0.7761633396148682 4764
1751452567585 1.0060505867004395 4765
1751452569431 0.7329440116882324 4766
1751452570853 0.9665955305099487 4767
1751452572360 0.6750514507293701 4768
1751452573600 0.6984999775886536 4769
1751452575089 1.0429222583770752 4770
1751452576481 0.7981017827987671 4771
1751452577908 0.6652638912200928 4772
1751452579170 0.5066463947296143 4773
1751452580452 0.49945583939552307 4774
1751452581944 1.2242934703826904 4775
1751452583255 0.8018817901611328 4776
1751452584598 0.9233672618865967 4777
1751452585877 0.5819169878959656 4778
1751452587796 0.6826126575469971 4779
1751452589386 0.5131262540817261 4780
1751452590729 0.7789865136146545 4781
1751452592322 1.0818402767181396 4782
1751452593608 0.6644304990768433 4783
1751452594917 0.8361932039260864 4784
1751452596141 1.7122204303741455 4785
1751452597355 0.7040395736694336 4786
1751452598720 0.7389408946037292 4787
1751452599957 0.685187816619873 4788
1751452601182 1.1011958122253418 4789
1751452602393 0.665664792060852 4790
1751452603685 0.7678102254867554 4791
1751452604955 0.7736227512359619 4792
1751452606247 0.9747915267944336 4793
1751452607547 0.8817998170852661 4794
1751452608752 1.1140568256378174 4795
1751452610040 0.6865062713623047 4796
1751452611322 0.8910136222839355 4797
1751452612598 0.5848081707954407 4798
1751452613909 0.8797683119773865 4799
1751452615163 0.1252611130475998 4800
1751452616402 0.7358761429786682 4801
1751452617651 0.4452803134918213 4802
1751452618862 0.590293824672699 4803
1751452620155 0.20431384444236755 4804
1751452621393 0.671726644039154 4805
1751452622619 1.0906541347503662 4806
1751452624243 0.6615482568740845 4807
1751452625465 1.4305877685546875 4808
1751452626738 0.5833883285522461 4809
1751452627949 0.930063009262085 4810
1751452629386 0.5704365968704224 4811
1751452630752 0.6907228231430054 4812
1751452632090 0.5390415787696838 4813
1751452633310 1.0837023258209229 4814
1751452634679 0.6071040630340576 4815
1751452635968 0.4293440580368042 4816
1751452637227 0.6788982152938843 4817
1751452638590 0.8748899102210999 4818
1751452639864 0.08062281459569931 4819
1751452641064 0.8580081462860107 4820
1751452642348 0.8494601249694824 4821
1751452643619 1.5280991792678833 4822
1751452644891 0.8055789470672607 4823
1751452646140 0.7719476222991943 4824
1751452647516 0.9738022089004517 4825
1751452648825 0.589670717716217 4826
1751452650455 0.7137072086334229 4827
1751452651769 0.5535876750946045 4828
1751452653019 0.8617790937423706 4829
1751452654328 0.91681969165802 4830
1751452655589 0.7508574724197388 4831
1751452656868 0.5427426099777222 4832
1751452658187 0.9000909924507141 4833
1751452659547 0.7004197239875793 4834
1751452660809 0.8891199827194214 4835
1751452661970 0.8119081258773804 4836
1751452663245 0.6616687774658203 4837
1751452664595 1.2570912837982178 4838
1751452665843 0.8212739825248718 4839
1751452667421 0.9886674880981445 4840
1751452668653 0.5344507098197937 4841
1751452669895 0.7060770392417908 4842
1751452671261 0.5920624732971191 4843
1751452672475 1.6924537420272827 4844
1751452673757 0.564125657081604 4845
1751452675017 0.5060088634490967 4846
1751452676319 1.1255748271942139 4847
1751452677592 0.5363129377365112 4848
1751452678892 0.39762431383132935 4849
1751452680161 0.16207033395767212 4850
1751452681444 0.9133629202842712 4851
1751452682666 1.2301247119903564 4852
1751452683882 1.1356209516525269 4853
1751452685120 0.7769178748130798 4854
1751452686369 1.1918373107910156 4855
1751452687619 0.8855139017105103 4856
1751452688845 0.6477961540222168 4857
1751452690070 0.5091253519058228 4858
1751452691322 0.5628174543380737 4859
1751452692581 0.7744355201721191 4860
1751452693939 1.4455070495605469 4861
1751452695190 0.8089781999588013 4862
1751452696477 1.0905975103378296 4863
1751452697888 1.1107170581817627 4864
1751452699361 0.6808475255966187 4865
1751452700591 2.5248446464538574 4866
1751452701819 0.4942035377025604 4867
1751452703506 0.5226699113845825 4868
1751452704740 0.6887274384498596 4869
1751452705972 0.7442324161529541 4870
1751452707266 1.0656793117523193 4871
1751452708574 0.7438699007034302 4872
1751452710015 0.04428783059120178 4873
1751452711196 0.8818191289901733 4874
1751452712494 0.5990578532218933 4875
1751452713844 0.6739213466644287 4876
1751452715130 0.48875394463539124 4877
1751452716419 0.7762446403503418 4878
1751452717748 0.9745821952819824 4879
1751452719172 0.7731994986534119 4880
1751452720704 0.22228063642978668 4881
1751452721882 0.48307493329048157 4882
1751452723084 0.7730520963668823 4883
1751452724319 0.7928698658943176 4884
1751452725572 1.051673173904419 4885
1751452726928 0.47435256838798523 4886
1751452728166 0.6449460983276367 4887
1751452729480 0.953004002571106 4888
1751452731421 0.6215928196907043 4889
1751452732796 0.8807445764541626 4890
1751452734102 1.2723326683044434 4891
1751452735361 0.681315541267395 4892
1751452736617 0.380828857421875 4893
1751452738022 0.7025953531265259 4894
1751452739376 0.9299578070640564 4895
1751452741677 0.5059893131256104 4896
1751452742966 0.7443698644638062 4897
1751452744357 1.0663806200027466 4898
1751452745631 0.4473949074745178 4899
1751452746907 0.5869003534317017 4900
1751452748281 1.2412011623382568 4901
1751452749556 0.6930620074272156 4902
1751452750883 0.6600085496902466 4903
1751452752223 1.1026437282562256 4904
1751452753604 1.153307557106018 4905
1751452754923 0.7302465438842773 4906
1751452756219 0.752671480178833 4907
1751452757572 1.0329649448394775 4908
1751452758817 0.7240777611732483 4909
1751452760028 0.3085610270500183 4910
1751452761300 0.8175413608551025 4911
1751452762662 1.0152193307876587 4912
1751452763991 0.15271815657615662 4913
1751452765264 0.7523787617683411 4914
1751452766580 0.875175952911377 4915
1751452767923 0.915258526802063 4916
1751452769239 0.8830839395523071 4917
1751452770473 1.0048918724060059 4918
1751452771748 0.5582403540611267 4919
1751452773015 0.5911636352539062 4920
1751452774250 0.3815542459487915 4921
1751452775756 0.7430292367935181 4922
1751452777021 0.5043912529945374 4923
1751452778272 0.7198051810264587 4924
1751452779473 0.6325693130493164 4925
1751452780744 1.118818759918213 4926
1751452781997 1.096665859222412 4927
1751452783831 1.4850728511810303 4928
1751452785075 0.7715300917625427 4929
1751452786380 0.7565909624099731 4930
1751452787719 1.0273901224136353 4931
1751452789066 0.9868727922439575 4932
1751452790352 0.6225106120109558 4933
1751452791655 0.5942813754081726 4934
1751452792951 0.5924625396728516 4935
1751452794531 0.6356058120727539 4936
1751452795712 1.0822527408599854 4937
1751452796955 0.828779399394989 4938
1751452798252 1.035508632659912 4939
1751452799486 0.7891656756401062 4940
1751452800732 0.8186876773834229 4941
1751452801953 0.7196159958839417 4942
1751452803258 0.18885990977287292 4943
1751452805194 0.6450080871582031 4944
1751452806466 1.5015456676483154 4945
1751452807744 0.9625736474990845 4946
1751452808971 0.9513201713562012 4947
1751452810423 0.6254982352256775 4948
1751452811718 0.7987940311431885 4949
1751452812924 0.8945291042327881 4950
1751452814157 0.9569951295852661 4951
1751452815599 1.598945140838623 4952
1751452816807 1.2764025926589966 4953
1751452818103 0.5166922211647034 4954
1751452819405 0.7038518786430359 4955
1751452820656 1.0226308107376099 4956
1751452821898 0.8230890035629272 4957
1751452823207 0.6834015846252441 4958
1751452824400 0.8009481430053711 4959
1751452826378 0.5558649301528931 4960
1751452827628 0.6922285556793213 4961
1751452828881 0.7515160441398621 4962
1751452830205 0.5606450438499451 4963
1751452831456 0.7307308912277222 4964
1751452832748 0.9063530564308167 4965
1751452834042 1.9857507944107056 4966
1751452835306 1.3361341953277588 4967
1751452837131 0.6038951277732849 4968
1751452838380 0.6349148154258728 4969
1751452839650 0.6336154937744141 4970
1751452840921 0.8701587915420532 4971
1751452842184 0.5776273608207703 4972
1751452843770 0.6071612238883972 4973
1751452845040 1.2483539581298828 4974
1751452846265 0.8185752034187317 4975
1751452847564 0.6701684594154358 4976
1751452848804 1.1557939052581787 4977
1751452850055 0.4618294835090637 4978
1751452851340 0.6178087592124939 4979
1751452852937 0.6079422831535339 4980
1751452854152 0.4174007177352905 4981
1751452855391 0.5367308259010315 4982
1751452856601 0.8606793284416199 4983
1751452857827 0.8591512441635132 4984
1751452859042 0.9943556785583496 4985
1751452860341 1.7263792753219604 4986
1751452861605 0.4227319359779358 4987
1751452862833 1.5155423879623413 4988
1751452864156 0.4368289113044739 4989
1751452865415 0.6641048192977905 4990
1751452866682 1.2585073709487915 4991
1751452867941 0.6880272626876831 4992
1751452869244 0.6629170179367065 4993
1751452870505 0.27432894706726074 4994
1751452871773 0.925479531288147 4995
1751452873015 0.8156024217605591 4996
1751452874486 0.8121265172958374 4997
1751452875759 0.5810830593109131 4998
1751452877349 0.8050762414932251 4999
1751452878720 0.8055599331855774 5000
1751452879932 0.9704217910766602 5001
1751452881200 0.6722538471221924 5002
1751452882446 1.4643932580947876 5003
1751452883732 0.3728356957435608 5004
1751452885169 0.5304005146026611 5005
1751452886459 1.1523168087005615 5006
1751452887776 0.8913382291793823 5007
1751452889070 0.5549812316894531 5008
1751452890310 2.8814449310302734 5009
1751452891526 3.841994285583496 5010
1751452892739 0.8350184559822083 5011
1751452894007 0.4570862650871277 5012
1751452895299 0.6946094036102295 5013
1751452896568 0.9962316751480103 5014
1751452897886 0.8895223140716553 5015
1751452899184 0.9103088974952698 5016
1751452901018 0.9619705677032471 5017
1751452902317 0.6988958716392517 5018
1751452903637 1.7444188594818115 5019
1751452904822 0.7422734498977661 5020
1751452906063 0.830138087272644 5021
1751452907431 1.0162183046340942 5022
1751452908831 0.5511876344680786 5023
1751452910501 0.7838436961174011 5024
1751452911794 0.8135641813278198 5025
1751452913072 1.0383325815200806 5026
1751452914290 0.9450647234916687 5027
1751452915536 0.5933740139007568 5028
1751452916927 0.5865195989608765 5029
1751452918677 0.8558658957481384 5030
1751452919941 0.7011313438415527 5031
1751452921233 1.0003182888031006 5032
1751452922503 0.8828158378601074 5033
1751452923794 0.8646315336227417 5034
1751452925083 0.5446779727935791 5035
1751452926387 0.6320475935935974 5036
1751452927930 0.6070181131362915 5037
1751452929601 1.1828786134719849 5038
1751452930897 0.6636571884155273 5039
1751452932140 0.32599973678588867 5040
1751452933396 0.6333619356155396 5041
1751452934646 0.5829302072525024 5042
1751452935982 0.6465834379196167 5043
1751452937264 0.6426980495452881 5044
1751452938583 0.7768978476524353 5045
1751452940044 0.09114827960729599 5046
1751452941285 0.5418276786804199 5047
1751452942571 0.9928682446479797 5048
1751452943786 0.8608818054199219 5049
1751452945256 0.5952290296554565 5050
1751452946493 0.8531094789505005 5051
1751452947854 0.660517692565918 5052
1751452949328 0.478215754032135 5053
1751452950791 0.6709108948707581 5054
1751452952041 1.4819746017456055 5055
1751452953311 0.6519002914428711 5056
1751452954590 0.47233134508132935 5057
1751452955875 0.9932069778442383 5058
1751452957155 0.5913031101226807 5059
1751452958379 1.2106575965881348 5060
1751452959819 0.8706709146499634 5061
1751452961286 1.1727790832519531 5062
1751452962506 0.4690661132335663 5063
1751452963823 0.7816777229309082 5064
1751452965114 0.8486906886100769 5065
1751452966377 1.0073299407958984 5066
1751452967712 0.711607813835144 5067
1751452968986 0.7503595352172852 5068
1751452970413 1.3798855543136597 5069
1751452971988 0.6664949655532837 5070
1751452973202 0.6826947331428528 5071
1751452974481 0.8012098670005798 5072
1751452975826 0.6425888538360596 5073
1751452977053 1.004300594329834 5074
1751452978650 0.7179989814758301 5075
1751452980065 0.7182140350341797 5076
1751452981336 1.2704267501831055 5077
1751452982585 0.6537871956825256 5078
1751452983866 0.8925427198410034 5079
1751452985169 0.5447984933853149 5080
1751452986543 0.45490872859954834 5081
1751452987810 0.6141157150268555 5082
1751452989019 0.7911520004272461 5083
1751452990239 0.4859933853149414 5084
1751452991608 0.5763001441955566 5085
1751452993373 0.5685555338859558 5086
1751452994629 0.5905874967575073 5087
1751452995836 0.6105062365531921 5088
1751452997129 0.5751861333847046 5089
1751452998409 0.9991551637649536 5090
1751452999632 1.5434969663619995 5091
1751453000891 0.49053603410720825 5092
1751453002299 0.8732675313949585 5093
1751453003788 1.1344969272613525 5094
1751453005051 0.839490532875061 5095
1751453006330 1.2374637126922607 5096
1751453007579 0.8385974168777466 5097
1751453008854 0.18823093175888062 5098
1751453010167 0.8695918321609497 5099
1751453011826 0.6277316808700562 5100
1751453013067 0.6553128361701965 5101
1751453014235 0.9451882839202881 5102
1751453015531 0.48251184821128845 5103
1751453016795 0.22957369685173035 5104
1751453018048 0.724967360496521 5105
1751453019214 0.8862526416778564 5106
1751453020498 0.8642998933792114 5107
1751453021772 0.48495718836784363 5108
1751453023032 0.5854424238204956 5109
1751453024725 1.3023335933685303 5110
1751453026026 0.7813699841499329 5111
1751453027323 0.509283185005188 5112
1751453028871 0.5498993992805481 5113
1751453030248 0.491301953792572 5114
1751453031527 0.7798639535903931 5115
1751453032743 0.9526206254959106 5116
1751453034003 1.252912998199463 5117
1751453035280 0.6953833699226379 5118
1751453036541 0.6086350679397583 5119
1751453037821 0.5139604210853577 5120
1751453039181 0.9677127003669739 5121
1751453040708 1.5977811813354492 5122
1751453041968 0.7655580043792725 5123
1751453043222 0.7631049752235413 5124
1751453044531 1.6449782848358154 5125
1751453046112 0.5885963439941406 5126
1751453047407 0.7100666165351868 5127
1751453048639 0.6191956996917725 5128
1751453049911 0.6935553550720215 5129
1751453051358 0.6498514413833618 5130
1751453052648 0.8048051595687866 5131
1751453053921 1.2401721477508545 5132
1751453055168 1.6001014709472656 5133
1751453056423 0.7219225764274597 5134
1751453057799 0.6742379069328308 5135
1751453059150 0.1625414937734604 5136
1751453060410 0.5362536311149597 5137
1751453061752 0.7087026834487915 5138
1751453062973 0.8861465454101562 5139
1751453064211 0.6989923715591431 5140
1751453065361 1.0791795253753662 5141
1751453066617 1.362506628036499 5142
1751453067848 0.8860988616943359 5143
1751453069153 0.6886658668518066 5144
1751453070568 0.3617129325866699 5145
1751453072556 0.9275809526443481 5146
1751453073936 0.7580126523971558 5147
1751453075275 0.6530743837356567 5148
1751453076559 0.8690052628517151 5149
1751453077905 0.6150097250938416 5150
1751453079170 0.40945783257484436 5151
1751453080844 0.6808192133903503 5152
1751453082800 0.6285644173622131 5153
1751453084152 0.5355191230773926 5154
1751453085425 1.0795667171478271 5155
1751453086735 0.6244136095046997 5156
1751453088021 0.6630023717880249 5157
1751453089284 0.28695935010910034 5158
1751453090525 0.6585654020309448 5159
1751453091808 1.011718988418579 5160
1751453093760 0.8709227442741394 5161
1751453095005 0.3206370174884796 5162
1751453096355 1.093980312347412 5163
1751453097603 1.270493745803833 5164
1751453098873 0.6144533157348633 5165
1751453100151 0.09130330383777618 5166
1751453101431 1.052903175354004 5167
1751453102775 0.6500213146209717 5168
1751453104305 0.244088277220726 5169
1751453105584 1.133565902709961 5170
1751453106870 0.9900597929954529 5171
1751453108145 1.2913024425506592 5172
1751453109437 0.6827603578567505 5173
1751453110697 1.0684406757354736 5174
1751453111959 0.883176326751709 5175
1751453113180 1.863314151763916 5176
1751453115365 0.6773825883865356 5177
1751453116794 0.8862345218658447 5178
1751453118340 1.055214285850525 5179
1751453119603 0.7046990394592285 5180
1751453120831 0.5892579555511475 5181
1751453122148 0.6803425550460815 5182
1751453123461 0.8196732997894287 5183
1751453124771 0.38867324590682983 5184
1751453126026 0.6415698528289795 5185
1751453127317 0.5277941823005676 5186
1751453128596 0.8119189739227295 5187
1751453129905 0.5245886445045471 5188
1751453131170 0.5037432312965393 5189
1751453132502 0.5113952159881592 5190
1751453134026 0.5541636347770691 5191
1751453135367 0.5611612200737 5192
1751453136651 0.8860198259353638 5193
1751453137901 0.7427806258201599 5194
1751453139202 0.6154465675354004 5195
1751453140461 0.49835216999053955 5196
1751453141707 0.6839988231658936 5197
1751453143054 0.7748515009880066 5198
1751453145064 0.7472703456878662 5199
1751453146331 0.6369718313217163 5200
1751453147605 0.5495650768280029 5201
1751453149103 1.0258171558380127 5202
1751453150646 0.7399814128875732 5203
1751453151876 0.49988269805908203 5204
1751453153137 0.970381498336792 5205
1751453154356 1.4631965160369873 5206
1751453155735 0.6530743837356567 5207
1751453157029 0.6117439270019531 5208
1751453158356 0.6855789422988892 5209
1751453159726 1.2138893604278564 5210
1751453161111 0.4491499066352844 5211
1751453162426 0.640103816986084 5212
1751453164132 1.0404775142669678 5213
1751453165373 0.9677428007125854 5214
1751453166653 1.9785611629486084 5215
1751453167840 0.8361758589744568 5216
1751453169503 0.910863995552063 5217
1751453170751 0.6678082346916199 5218
1751453171983 0.3794199824333191 5219
1751453173322 0.26712995767593384 5220
1751453174513 0.8089239001274109 5221
1751453175810 0.8668138980865479 5222
1751453177011 1.0154728889465332 5223
1751453178340 0.3201221823692322 5224
1751453180059 0.6841064691543579 5225
1751453181289 0.5381757616996765 5226
1751453182591 0.6573139429092407 5227
1751453183768 0.4729754626750946 5228
1751453185359 0.8000115156173706 5229
1751453186682 0.7554312944412231 5230
1751453188010 0.3836728036403656 5231
1751453189329 1.016441822052002 5232
1751453190855 0.6143286228179932 5233
1751453192129 0.6074669361114502 5234
1751453193350 1.1048405170440674 5235
1751453194626 0.6532910466194153 5236
1751453195878 0.9691972732543945 5237
1751453197127 0.83445143699646 5238
1751453198465 0.474682092666626 5239
1751453199761 1.305140495300293 5240
1751453201543 0.5855077505111694 5241
1751453202818 0.5000671744346619 5242
1751453204124 0.7416566610336304 5243
1751453205338 1.228630781173706 5244
1751453206569 1.0900042057037354 5245
1751453207812 0.6441236138343811 5246
1751453209078 0.5588106513023376 5247
1751453210347 0.5651537775993347 5248
1751453212226 0.7312222719192505 5249
1751453213476 0.5579588413238525 5250
1751453214800 0.6787574291229248 5251
1751453216032 1.492405652999878 5252
1751453217294 1.0065096616744995 5253
1751453218935 0.5004141926765442 5254
1751453220193 1.2617926597595215 5255
1751453221824 1.0452446937561035 5256
1751453223438 0.6727405786514282 5257
1751453224718 0.4357239007949829 5258
1751453225967 0.594238817691803 5259
1751453227200 0.573544979095459 5260
1751453228470 0.8154515624046326 5261
1751453229758 0.7747163772583008 5262
1751453231023 0.7566040754318237 5263
1751453232340 0.6133385896682739 5264
1751453233694 1.0978121757507324 5265
1751453234981 0.6825372576713562 5266
1751453236253 1.1797230243682861 5267
1751453237508 0.7342865467071533 5268
1751453238773 1.1051703691482544 5269
1751453240126 0.7164966464042664 5270
1751453241354 1.1529009342193604 5271
1751453242926 1.1520575284957886 5272
1751453244375 0.7510878443717957 5273
1751453245603 0.7061533331871033 5274
1751453246768 0.8703409433364868 5275
1751453247988 1.1709117889404297 5276
1751453249276 0.5949995517730713 5277
1751453250563 0.7988992929458618 5278
1751453251786 0.32668277621269226 5279
1751453253525 1.0608866214752197 5280
1751453254821 1.3519399166107178 5281
1751453256130 1.089857816696167 5282
1751453257394 0.9615150094032288 5283
1751453258719 0.7244496941566467 5284
1751453260071 0.6160446405410767 5285
1751453261340 0.42713621258735657 5286
1751453262599 1.0708496570587158 5287
1751453263924 0.5897889733314514 5288
1751453265388 0.5947132110595703 5289
1751453266679 0.7312406301498413 5290
1751453267932 0.8853151798248291 5291
1751453269288 1.0426809787750244 5292
1751453270573 0.8795874118804932 5293
1751453271840 0.7327879071235657 5294
1751453273048 0.8331180810928345 5295
1751453274341 0.5165535807609558 5296
1751453275920 0.838188648223877 5297
1751453277221 0.6373497247695923 5298
1751453278548 0.2761128842830658 5299
1751453279811 0.6369103789329529 5300
1751453281052 0.5479522347450256 5301
1751453282392 0.6228952407836914 5302
1751453284082 0.6773083209991455 5303
1751453285343 1.0034018754959106 5304
1751453286659 0.889419436454773 5305
1751453287920 0.7544394731521606 5306
1751453289178 0.8081676959991455 5307
1751453290425 0.5812662839889526 5308
1751453291697 0.9433201551437378 5309
1751453293090 0.623982310295105 5310
1751453294282 0.6075719594955444 5311
1751453295553 0.701336145401001 5312
1751453297303 1.2219257354736328 5313
1751453298489 0.38894960284233093 5314
1751453299787 0.9081846475601196 5315
1751453301029 0.9628059267997742 5316
1751453302327 0.7232428193092346 5317
1751453303559 0.6150516271591187 5318
1751453304839 0.7489141225814819 5319
1751453306120 0.1420692801475525 5320
1751453307416 0.8881648778915405 5321
1751453308700 0.463207483291626 5322
1751453309920 1.3529140949249268 5323
1751453311099 1.471374750137329 5324
1751453312309 0.6887484788894653 5325
1751453313830 0.6881942749023438 5326
1751453315200 0.9952167272567749 5327
1751453316528 0.5982505083084106 5328
1751453318211 0.5882056355476379 5329
1751453319641 0.092136912047863 5330
1751453320875 0.9171465635299683 5331
1751453322121 0.2516286075115204 5332
1751453323352 0.7951902151107788 5333
1751453324676 0.05736638605594635 5334
1751453325851 1.321847677230835 5335
1751453327169 0.9245740175247192 5336
1751453328890 0.6134090423583984 5337
1751453330124 0.9052250385284424 5338
1751453331384 0.29642871022224426 5339
1751453332564 0.7812196016311646 5340
1751453333778 0.6003401279449463 5341
1751453335042 1.0597466230392456 5342
1751453336280 0.7599727511405945 5343
1751453337553 0.6679988503456116 5344
1751453339213 0.8566722273826599 5345
1751453340509 0.8832978010177612 5346
1751453341787 1.3401589393615723 5347
1751453343054 0.4835827350616455 5348
1751453344676 1.2263152599334717 5349
1751453345894 3.3130366802215576 5350
1751453347141 0.4373636841773987 5351
1751453348378 0.7477768659591675 5352
1751453350382 1.023063063621521 5353
1751453351630 1.5666258335113525 5354
1751453352912 1.4262921810150146 5355
1751453354165 0.5995596647262573 5356
1751453355451 1.344355821609497 5357
1751453356707 0.8254964351654053 5358
1751453357991 0.40940240025520325 5359
1751453359309 0.7629011869430542 5360
1751453361268 0.8700941801071167 5361
1751453362517 0.9913203716278076 5362
1751453363790 0.5688058733940125 5363
1751453365073 1.516150712966919 5364
1751453366458 1.6748337745666504 5365
1751453367683 0.621172308921814 5366
1751453368942 1.0628471374511719 5367
1751453370137 1.7513823509216309 5368
1751453371420 0.8581691980361938 5369
1751453372767 0.8754017353057861 5370
1751453373997 0.9083462953567505 5371
1751453375589 0.6702168583869934 5372
1751453376857 0.5649815797805786 5373
1751453378108 0.7381924390792847 5374
1751453379354 0.7208113670349121 5375
1751453380682 0.9511781930923462 5376
1751453381990 0.7814741730690002 5377
1751453383249 0.5023300647735596 5378
1751453384568 0.6599718332290649 5379
1751453385838 1.1828505992889404 5380
1751453387150 0.9484641551971436 5381
1751453388514 0.737861692905426 5382
1751453389768 1.1853032112121582 5383
1751453390997 0.5171199440956116 5384
1751453392319 0.6060380935668945 5385
1751453393637 0.6383218169212341 5386
1751453394919 1.003330945968628 5387
1751453396167 1.3445156812667847 5388
1751453397420 0.4318646788597107 5389
1751453398673 0.6261430978775024 5390
1751453399999 0.6762995719909668 5391
1751453401290 0.16504545509815216 5392
1751453402582 0.7154462933540344 5393
1751453403820 1.0249367952346802 5394
1751453405290 1.0697920322418213 5395
1751453406839 0.5343700051307678 5396
1751453408152 1.1032817363739014 5397
1751453409449 1.0784194469451904 5398
1751453410760 0.471786767244339 5399
1751453412019 1.1041744947433472 5400
1751453494249 1.0743438005447388 5401
1751453495647 0.4591335356235504 5402
1751453496901 0.45419377088546753 5403
1751453498160 1.7250560522079468 5404
1751453499398 0.8564419150352478 5405
1751453500637 0.9063031077384949 5406
1751453501886 0.46977460384368896 5407
1751453503223 0.5203664302825928 5408
1751453504494 1.057541012763977 5409
1751453505666 2.3680460453033447 5410
1751453507034 0.3971248269081116 5411
1751453508239 0.6210598349571228 5412
1751453509516 0.5153408050537109 5413
1751453510734 0.7447975277900696 5414
1751453512042 0.9427283406257629 5415
1751453513419 0.9718605279922485 5416
1751453514673 0.7370707988739014 5417
1751453516375 0.9894059300422668 5418
1751453517575 2.2306318283081055 5419
1751453518946 0.9980701208114624 5420
1751453520181 0.7503801584243774 5421
1751453521498 0.8906719088554382 5422
1751453522735 0.7236262559890747 5423
1751453523971 1.2011914253234863 5424
1751453525178 1.3557868003845215 5425
1751453526468 0.5885574221611023 5426
1751453528146 1.7708492279052734 5427
1751453529373 0.6331157684326172 5428
1751453530693 1.1485921144485474 5429
1751453531991 0.5660803318023682 5430
1751453533211 1.0744068622589111 5431
1751453534353 1.410309076309204 5432
1751453535763 0.5920849442481995 5433
1751453537037 1.2824289798736572 5434
1751453538506 0.7212960720062256 5435
1751453539790 0.5401070713996887 5436
1751453541034 0.8421286344528198 5437
1751453542314 0.8764387369155884 5438
1751453543593 0.5410916805267334 5439
1751453544859 0.553642749786377 5440
1751453546108 0.5515623092651367 5441
1751453547784 0.8038129806518555 5442
1751453549049 0.7229405641555786 5443
1751453550364 0.9770257472991943 5444
1751453551626 0.6793454885482788 5445
1751453552863 0.4732096791267395 5446
1751453554136 2.384640693664551 5447
1751453555439 0.4722108244895935 5448
1751453556725 0.7807289361953735 5449
1751453558070 0.6842676401138306 5450
1751453559833 0.758819043636322 5451
1751453561132 1.4489136934280396 5452
1751453562402 1.1015151739120483 5453
1751453563773 0.6211199164390564 5454
1751453565139 0.6997914910316467 5455
1751453566501 0.5193445086479187 5456
1751453567790 0.46018701791763306 5457
1751453569261 0.4450666904449463 5458
1751453570619 0.8796452283859253 5459
1751453571896 0.43830743432044983 5460
1751453573262 0.7578999996185303 5461
1751453574500 0.6497164964675903 5462
1751453575717 1.2048710584640503 5463
1751453576972 0.49755996465682983 5464
1751453578243 0.599632978439331 5465
1751453579831 0.377280056476593 5466
1751453581123 1.1924707889556885 5467
1751453582415 0.642604649066925 5468
1751453583778 0.6131285429000854 5469
1751453585079 1.3249162435531616 5470
1751453586412 0.6105605363845825 5471
1751453587647 0.4971006512641907 5472
1751453588992 0.6192428469657898 5473
1751453590270 0.9745250940322876 5474
1751453591515 0.8163598775863647 5475
1751453592819 0.6900243163108826 5476
1751453594109 0.7030143737792969 5477
1751453595405 0.7464198470115662 5478
1751453596598 1.6680829524993896 5479
1751453597851 0.824480414390564 5480
1751453599122 0.5923366546630859 5481
1751453600394 0.9170538187026978 5482
1751453601626 0.344621479511261 5483
1751453602941 0.7232041954994202 5484
1751453604253 0.5968057513237 5485
1751453605475 0.20216825604438782 5486
1751453606706 0.9045207500457764 5487
1751453608110 0.7253551483154297 5488
1751453609826 0.9089689254760742 5489
1751453611114 1.420224905014038 5490
1751453612487 0.9991189241409302 5491
1751453613765 0.5822653770446777 5492
1751453615099 0.6483501195907593 5493
1751453616329 0.5952415466308594 5494
1751453617597 0.5661820769309998 5495
1751453618896 0.6783139705657959 5496
1751453620209 0.9533352851867676 5497
1751453621409 0.5409224033355713 5498
1751453622622 0.6640538573265076 5499
1751453623816 1.545780897140503 5500
1751453625089 0.96277916431427 5501
1751453626361 0.509853720664978 5502
1751453627648 0.8707021474838257 5503
1751453628924 0.5086694955825806 5504
1751453630649 0.8326201438903809 5505
1751453631917 0.28088828921318054 5506
1751453633246 0.6463851928710938 5507
1751453634581 0.6937054991722107 5508
1751453635841 0.6106254458427429 5509
1751453637198 0.7090984582901001 5510
1751453638403 1.146771788597107 5511
1751453639830 1.5011913776397705 5512
1751453641557 0.6147496700286865 5513
1751453642789 0.2795887589454651 5514
1751453644016 0.836972713470459 5515
1751453645359 0.41106635332107544 5516
1751453646556 0.6804969310760498 5517
1751453647920 0.7330321073532104 5518
1751453649202 2.1726112365722656 5519
1751453650534 0.869377613067627 5520
1751453652240 0.6027414798736572 5521
1751453653545 1.2966187000274658 5522
1751453654817 0.7187013626098633 5523
1751453656155 0.7067495584487915 5524
1751453657425 0.533035933971405 5525
1751453658596 0.7270662784576416 5526
1751453659883 0.4791325330734253 5527
1751453661218 0.5855131149291992 5528
1751453662753 0.8359900712966919 5529
1751453664114 0.7442008256912231 5530
1751453665441 0.29550623893737793 5531
1751453666676 0.3533291518688202 5532
1751453667910 1.2925441265106201 5533
1751453669142 3.9501938819885254 5534
1751453670695 0.8845889568328857 5535
1751453672108 0.682065486907959 5536
1751453673448 0.6125603914260864 5537
1751453674727 0.719068706035614 5538
1751453676004 1.1819497346878052 5539
1751453677435 1.0051214694976807 5540
1751453678617 1.3646633625030518 5541
1751453679801 0.5242775082588196 5542
1751453681065 0.8921709060668945 5543
1751453682278 0.8348680734634399 5544
1751453683585 0.8156588077545166 5545
1751453684835 1.1097694635391235 5546
1751453686070 0.7154034376144409 5547
1751453687362 0.8465728163719177 5548
1751453688680 0.753738284111023 5549
1751453689981 0.601497232913971 5550
1751453691278 0.6481716632843018 5551
1751453692644 0.8396023511886597 5552
1751453693962 0.5566533803939819 5553
1751453695175 0.6182100176811218 5554
1751453696467 0.7197787165641785 5555
1751453697735 0.9364783763885498 5556
1751453699107 0.3887072801589966 5557
1751453700609 0.7390620708465576 5558
1751453701845 0.7850559949874878 5559
1751453703194 0.5831737518310547 5560
1751453704482 0.5369220972061157 5561
1751453705868 0.3983873724937439 5562
1751453707120 1.4183107614517212 5563
1751453708555 0.8232660889625549 5564
1751453709808 0.7530317306518555 5565
1751453711075 1.1206125020980835 5566
1751453712376 1.3547329902648926 5567
1751453713606 0.6504023671150208 5568
1751453714994 0.682461142539978 5569
1751453716300 1.0429661273956299 5570
1751453717547 1.0733630657196045 5571
1751453718881 0.0585087426006794 5572
1751453720203 0.8454098701477051 5573
1751453721491 0.5451622009277344 5574
1751453722814 0.7884957194328308 5575
1751453724203 0.8600691556930542 5576
1751453725478 0.5753592252731323 5577
1751453726847 0.6568412184715271 5578
1751453728157 1.304741621017456 5579
1751453729390 0.08779577165842056 5580
1751453730655 0.4430287182331085 5581
1751453732124 0.6899006962776184 5582
1751453733407 1.3808964490890503 5583
1751453734664 0.9774941205978394 5584
1751453735919 0.7332749962806702 5585
1751453737650 1.0639879703521729 5586
1751453738915 1.0275157690048218 5587
1751453740159 0.34237879514694214 5588
1751453741450 1.107195258140564 5589
1751453742722 0.11720927804708481 5590
1751453744038 0.9106885194778442 5591
1751453745362 1.0781340599060059 5592
1751453746844 0.6452121138572693 5593
1751453748493 1.006899118423462 5594
1751453749717 1.0176200866699219 5595
1751453750944 0.6546000242233276 5596
1751453752220 0.5530664920806885 5597
1751453753447 1.6948091983795166 5598
1751453754719 0.6230833530426025 5599
1751453755973 1.3721609115600586 5600
1751453757270 0.5318257808685303 5601
1751453759039 1.800527572631836 5602
1751453760348 0.7975318431854248 5603
1751453761639 7.0275421142578125 5604
1751453762904 0.6570265293121338 5605
1751453764608 0.22314709424972534 5606
1751453765942 0.9188154935836792 5607
1751453767300 1.8567512035369873 5608
1751453768546 0.660835325717926 5609
1751453769818 1.2075570821762085 5610
1751453771051 0.7399916648864746 5611
1751453772314 0.6499131321907043 5612
1751453773607 1.0704177618026733 5613
1751453774878 0.6233355402946472 5614
1751453776226 0.9007763862609863 5615
1751453777560 0.6693293452262878 5616
1751453778834 2.478236436843872 5617
1751453780776 0.553691029548645 5618
1751453782067 0.8130980730056763 5619
1751453783290 1.266204833984375 5620
1751453784552 0.7323774099349976 5621
1751453785869 0.9221946001052856 5622
1751453787159 0.9270734786987305 5623
1751453788396 1.3286442756652832 5624
1751453789679 0.5111639499664307 5625
1751453791063 0.5963573455810547 5626
1751453792340 0.5902402400970459 5627
1751453793538 1.1886951923370361 5628
1751453795108 0.7849452495574951 5629
1751453796376 0.6059356331825256 5630
1751453797657 0.7254314422607422 5631
1751453798959 0.6492035984992981 5632
1751453800254 0.9343479871749878 5633
1751453801523 0.7620777487754822 5634
1751453802776 0.8568371534347534 5635
1751453804109 0.7923855781555176 5636
1751453805479 0.882238507270813 5637
1751453807526 0.6762659549713135 5638
1751453808877 0.42577826976776123 5639
1751453810173 0.7448729872703552 5640
1751453811434 0.8152343034744263 5641
1751453812645 1.0320312976837158 5642
1751453813898 0.530514121055603 5643
1751453815297 2.4824867248535156 5644
1751453816548 0.8009952902793884 5645
1751453818019 0.5798081755638123 5646
1751453819287 0.6925438642501831 5647
1751453820542 0.4270830452442169 5648
1751453821794 0.2799130976200104 5649
1751453822959 1.110464096069336 5650
1751453824570 0.09835243225097656 5651
1751453825865 0.8764504194259644 5652
1751453827125 0.6142824292182922 5653
1751453828837 0.6299619674682617 5654
1751453830090 0.674355149269104 5655
1751453831341 1.2373192310333252 5656
1751453832671 0.6495897173881531 5657
1751453833968 0.7047286629676819 5658
1751453835333 0.4908667206764221 5659
1751453836565 1.1247172355651855 5660
1751453837983 0.5240162014961243 5661
1751453839828 1.7158629894256592 5662
1751453841214 5.58830451965332 5663
1751453842507 0.9528117179870605 5664
1751453843767 0.8015220761299133 5665
1751453844997 0.6716556549072266 5666
1751453846268 0.41618382930755615 5667
1751453847630 0.6888149976730347 5668
1751453848855 2.410750150680542 5669
1751453850429 1.3154395818710327 5670
1751453851726 0.8822348117828369 5671
1751453853260 0.42410945892333984 5672
1751453854532 0.41716909408569336 5673
1751453855796 0.9558390378952026 5674
1751453857071 0.8452551364898682 5675
1751453858458 0.4673241972923279 5676
1751453859731 0.5967373847961426 5677
1751453861138 0.5263839960098267 5678
1751453862384 0.7773531079292297 5679
1751453863819 0.6660797595977783 5680
1751453865086 0.894587516784668 5681
1751453866374 1.0953282117843628 5682
1751453867658 0.17628668248653412 5683
1751453868992 0.7209165096282959 5684
1751453870203 3.351417303085327 5685
1751453871830 0.8306446075439453 5686
1751453873074 0.8138493895530701 5687
1751453874313 0.6934386491775513 5688
1751453875555 0.6346633434295654 5689
1751453876773 0.7312231063842773 5690
1751453878060 0.971923291683197 5691
1751453879292 0.6605677604675293 5692
1751453880879 0.5380522608757019 5693
1751453882112 0.6075742840766907 5694
1751453883379 0.5951052904129028 5695
1751453884636 1.6831930875778198 5696
1751453885922 0.305846631526947 5697
1751453887273 0.7496914863586426 5698
1751453888481 1.110424280166626 5699
1751453889701 0.49999797344207764 5700
1751453890953 0.7917474508285522 5701
1751453892265 0.7299497723579407 5702
1751453894174 0.8428558111190796 5703
1751453895500 0.8008668422698975 5704
1751453896768 1.0191642045974731 5705
1751453898352 0.7926472425460815 5706
1751453899710 0.44059810042381287 5707
1751453901037 1.3323047161102295 5708
1751453902324 0.9647161960601807 5709
1751453903608 1.2780661582946777 5710
1751453904961 0.6984215378761292 5711
1751453906287 0.7376234531402588 5712
1751453907559 1.0870046615600586 5713
1751453908830 0.8488130569458008 5714
1751453910317 0.4335476756095886 5715
1751453911604 1.0008195638656616 5716
1751453913605 0.9423031806945801 5717
1751453914888 0.6013538837432861 5718
1751453916193 0.8558815717697144 5719
1751453917470 1.0586926937103271 5720
1751453918712 0.6020691990852356 5721
1751453920146 0.8302023410797119 5722
1751453921394 0.21303048729896545 5723
1751453922670 0.6537747979164124 5724
1751453924028 0.3529044985771179 5725
1751453925370 1.070556402206421 5726
1751453926704 0.6613584756851196 5727
1751453927906 2.7692532539367676 5728
1751453929180 0.3237340748310089 5729
1751453930525 1.4388666152954102 5730
1751453931898 0.590609073638916 5731
1751453933132 0.8799123764038086 5732
1751453934992 0.5981168150901794 5733
1751453936187 0.7662992477416992 5734
1751453937573 0.786708414554596 5735
1751453939120 0.1571258157491684 5736
1751453940369 0.8247243165969849 5737
1751453941649 0.669510006904602 5738
1751453942936 0.5325501561164856 5739
1751453944203 1.8850312232971191 5740
1751453945555 0.5572265982627869 5741
1751453946973 0.6478103399276733 5742
1751453948259 1.0290861129760742 5743
1751453949537 0.6986443400382996 5744
1751453950862 0.7285130620002747 5745
1751453952163 0.7754786610603333 5746
1751453953408 0.5652915835380554 5747
1751453954654 1.139332890510559 5748
1751453955955 0.6818198561668396 5749
1751453957196 2.778653860092163 5750
1751453958486 0.7485933899879456 5751
1751453959755 1.584476351737976 5752
1751453961187 1.4456543922424316 5753
1751453962429 0.3808142840862274 5754
1751453963767 0.503287672996521 5755
1751453965022 0.7035897970199585 5756
1751453966337 1.7544174194335938 5757
1751453967984 0.4575096368789673 5758
1751453969238 0.7567072510719299 5759
1751453970449 1.315773844718933 5760
1751453971714 1.0666916370391846 5761
1751453973065 0.9976934790611267 5762
1751453974229 0.7920752763748169 5763
1751453975506 0.46554720401763916 5764
1751453976746 0.9386709928512573 5765
1751453978000 1.318542242050171 5766
1751453979284 0.6636005640029907 5767
1751453980557 0.6228352785110474 5768
1751453981841 1.2699263095855713 5769
1751453983106 0.7465956211090088 5770
1751453984408 0.8534516096115112 5771
1751453985710 0.30536264181137085 5772
1751453986916 1.6183290481567383 5773
1751453988159 0.7351844310760498 5774
1751453989394 1.2141685485839844 5775
1751453990641 0.6268543004989624 5776
1751453992103 0.8870255947113037 5777
1751453993398 0.5530679225921631 5778
1751453994971 0.9920675754547119 5779
1751453996305 1.0678658485412598 5780
1751453997635 0.7650591731071472 5781
1751453998884 0.7746062278747559 5782
1751454000209 0.11105860769748688 5783
1751454001541 0.34791746735572815 5784
1751454002849 0.6904129385948181 5785
1751454004136 1.8592640161514282 5786
1751454005419 0.530860185623169 5787
1751454006660 0.5893349051475525 5788
1751454007974 1.1676654815673828 5789
1751454009201 0.6222490072250366 5790
1751454010505 0.5605613589286804 5791
1751454011788 0.5992732048034668 5792
1751454013281 0.5932265520095825 5793
1751454014524 1.1015522480010986 5794
1751454015762 1.3120895624160767 5795
1751454017046 0.5465835332870483 5796
1751454018285 1.3798606395721436 5797
1751454019535 0.7864477038383484 5798
1751454020767 0.7797554135322571 5799
1751454022077 0.6735963821411133 5800
1751454023908 0.7915910482406616 5801
1751454025206 0.5881848335266113 5802
1751454026508 1.267017126083374 5803
1751454027735 1.4405572414398193 5804
1751454029006 1.277340292930603 5805
1751454030350 0.4729452133178711 5806
1751454031590 0.9521710872650146 5807
1751454032826 0.5409085750579834 5808
1751454034425 1.8038134574890137 5809
1751454035611 0.6915022730827332 5810
1751454036871 0.689513623714447 5811
1751454038108 2.366654396057129 5812
1751454039503 0.8214073181152344 5813
1751454040775 1.1440777778625488 5814
1751454042061 0.6408300995826721 5815
1751454043480 0.3185838460922241 5816
1751454044969 0.7454758882522583 5817
1751454046248 0.9212072491645813 5818
1751454047511 1.2254129648208618 5819
1751454048879 0.9597302675247192 5820
1751454050172 0.8323160409927368 5821
1751454051445 0.6296385526657104 5822
1751454053112 1.0331172943115234 5823
1751454054432 0.07436815649271011 5824
1751454055717 0.6911588907241821 5825
1751454056896 2.2865850925445557 5826
1751454058174 0.634716272354126 5827
1751454059460 0.7643831968307495 5828
1751454060759 1.188617467880249 5829
1751454062030 0.46019017696380615 5830
1751454063306 0.8012903928756714 5831
1751454064670 0.7523903846740723 5832
1751454065934 0.3604629337787628 5833
1751454067233 1.033007264137268 5834
1751454068569 0.7032403945922852 5835
1751454069900 0.6634680032730103 5836
1751454071211 0.6773431301116943 5837
1751454072508 0.3844268023967743 5838
1751454073803 0.7473560571670532 5839
1751454075172 0.6652880907058716 5840
1751454076648 1.4783406257629395 5841
1751454077916 0.5758708119392395 5842
1751454079193 0.9372778534889221 5843
1751454080470 0.9290176630020142 5844
1751454082002 0.7453188896179199 5845
1751454083329 0.6932656168937683 5846
1751454084547 0.8794942498207092 5847
1751454085965 0.6594645977020264 5848
1751454087373 1.0419700145721436 5849
1751454088644 0.8191742300987244 5850
1751454089876 0.8365647792816162 5851
1751454091138 0.5347920656204224 5852
1751454092487 0.8060453534126282 5853
1751454093736 0.7314010858535767 5854
1751454095002 0.6335668563842773 5855
1751454096369 0.7711631059646606 5856
1751454098126 0.715954601764679 5857
1751454099518 0.9670286178588867 5858
1751454100790 0.9418258666992188 5859
1751454102044 0.6625002026557922 5860
1751454103353 2.288835048675537 5861
1751454104596 1.5990228652954102 5862
1751454105815 1.0463740825653076 5863
1751454107091 1.03560471534729 5864
1751454108812 0.6568477153778076 5865
1751454110334 0.11119240522384644 5866
1751454111655 0.45117294788360596 5867
1751454112935 1.2692303657531738 5868
1751454114161 0.857265055179596 5869
1751454115365 0.36569932103157043 5870
1751454116594 0.6084489226341248 5871
1751454117978 0.6818814277648926 5872
1751454119485 1.1708135604858398 5873
1751454120804 0.9491390585899353 5874
1751454122097 0.5059542655944824 5875
1751454123359 0.6298869848251343 5876
1751454124620 0.8255815505981445 5877
1751454125814 0.6899886131286621 5878
1751454127036 1.148962378501892 5879
1751454128324 0.2853873670101166 5880
1751454129624 0.712221622467041 5881
1751454130849 0.5964691638946533 5882
1751454132063 0.7573944330215454 5883
1751454133290 0.8454163074493408 5884
1751454134524 0.7209057807922363 5885
1751454135755 0.415294349193573 5886
1751454137243 0.7702846527099609 5887
1751454138422 0.5200451016426086 5888
1751454139665 0.7464758157730103 5889
1751454140904 1.0510530471801758 5890
1751454142090 0.5261963605880737 5891
1751454143359 0.76983642578125 5892
1751454144594 0.9937306046485901 5893
1751454145866 0.4882367253303528 5894
1751454147075 0.9619390964508057 5895
1751454148352 0.783388614654541 5896
1751454150389 0.7254742383956909 5897
1751454151587 0.6042647361755371 5898
1751454152879 0.5987969636917114 5899
1751454154154 0.7250081300735474 5900
1751454155476 0.5416541695594788 5901
1751454156632 0.9026764035224915 5902
1751454157786 0.7638757228851318 5903
1751454158990 1.0151041746139526 5904
1751454160207 1.2534661293029785 5905
1751454161459 0.5120313167572021 5906
1751454162675 0.5567066073417664 5907
1751454164084 0.5708657503128052 5908
1751454165330 1.0692293643951416 5909
1751454166642 0.7511254549026489 5910
1751454167885 1.0552873611450195 5911
1751454169173 0.5151885151863098 5912
1751454170518 0.5876833200454712 5913
1751454171827 0.8644264340400696 5914
1751454173195 0.7665150165557861 5915
1751454174486 0.7359767556190491 5916
1751454176664 0.31832122802734375 5917
1751454178003 0.509144127368927 5918
1751454179288 0.7358418703079224 5919
1751454180544 0.976935863494873 5920
1751454181870 1.1059074401855469 5921
1751454183102 0.6098223924636841 5922
1751454184333 0.9865639209747314 5923
1751454185568 0.5507174134254456 5924
1751454186852 0.5451523065567017 5925
1751454188117 0.794162929058075 5926
1751454189390 0.5832281112670898 5927
1751454190635 0.5670639276504517 5928
1751454191933 0.9214704036712646 5929
1751454193476 0.5276543498039246 5930
1751454194747 0.6951022148132324 5931
1751454196076 0.6492557525634766 5932
1751454197559 0.8541349768638611 5933
1751454198821 0.422131210565567 5934
1751454200081 0.6786552667617798 5935
1751454201416 0.4443824887275696 5936
1751454202698 0.9219474792480469 5937
1751454203950 0.8639706373214722 5938
1751454205823 1.4152988195419312 5939
1751454207145 0.6513765454292297 5940
1751454208390 1.1688625812530518 5941
1751454209739 0.8154685497283936 5942
1751454211015 1.5806875228881836 5943
1751454212378 0.4735904932022095 5944
1751454213870 0.3184390366077423 5945
1751454215125 0.6079359650611877 5946
1751454216398 1.0165910720825195 5947
1751454217723 1.2356929779052734 5948
1751454218936 1.632434368133545 5949
1751454220269 1.891789436340332 5950
1751454221666 0.6344096660614014 5951
1751454223255 0.5121026039123535 5952
1751454224583 0.6016737818717957 5953
1751454225869 0.26046857237815857 5954
1751454227125 0.3160673975944519 5955
1751454228433 0.8412107229232788 5956
1751454229727 1.0069191455841064 5957
1751454230979 0.4984508454799652 5958
1751454232254 0.6347949504852295 5959
1751454233461 0.5663699507713318 5960
1751454234707 0.6565698981285095 5961
1751454235979 0.6110421419143677 5962
1751454237261 0.5131722688674927 5963
1751454238548 0.6133716106414795 5964
1751454239821 0.833307147026062 5965
1751454241038 0.9884281158447266 5966
1751454242449 0.9829941987991333 5967
1751454243692 0.7334205508232117 5968
1751454245006 0.587055504322052 5969
1751454246378 0.8927925825119019 5970
1751454247694 0.9083207845687866 5971
1751454249001 0.8607452511787415 5972
1751454250295 0.8904479146003723 5973
1751454252334 0.6434180736541748 5974
1751454253863 1.3356876373291016 5975
1751454255321 0.8331317901611328 5976
1751454256822 0.9364633560180664 5977
1751454258089 1.2853984832763672 5978
1751454259497 0.7322454452514648 5979
1751454260941 0.6263247728347778 5980
1751454262664 0.6219037771224976 5981
1751454264489 0.7899340391159058 5982
1751454265821 0.7786787748336792 5983
1751454267303 0.5462723970413208 5984
1751454268676 0.6395730376243591 5985
1751454270079 0.7235121726989746 5986
1751454271394 0.5874143242835999 5987
1751454272774 1.1542489528656006 5988
1751454274277 0.7006486654281616 5989
1751454275508 0.4804004430770874 5990
1751454276938 0.502159595489502 5991
1751454278778 1.09474778175354 5992
1751454280090 1.7581920623779297 5993
1751454283421 1.0071518421173096 5994
1751454284720 0.48119235038757324 5995
1751454285961 1.023442029953003 5996
1751454287217 0.9532299041748047 5997
1751454288506 1.107704520225525 5998
1751454289763 0.8814979791641235 5999
1751454291034 0.5937535166740417 6000
1751454292285 0.6529493927955627 6001
1751454293530 0.6151067018508911 6002
1751454294796 0.697554349899292 6003
1751454296035 0.6839274168014526 6004
1751454297286 0.9624991416931152 6005
1751454298539 0.7574180364608765 6006
1751454299833 1.4911465644836426 6007
1751454301087 0.8313590288162231 6008
1751454302323 1.1417536735534668 6009
1751454303583 1.6467533111572266 6010
1751454304923 0.8898894190788269 6011
1751454306186 0.6394957304000854 6012
1751454307462 0.5605220794677734 6013
1751454309173 0.7268619537353516 6014
1751454310437 0.7808699607849121 6015
1751454311655 0.3069356679916382 6016
1751454312939 0.5616922378540039 6017
1751454314149 1.062151551246643 6018
1751454315422 0.5090959072113037 6019
1751454316903 0.5758748650550842 6020
1751454318232 0.9501428604125977 6021
1751454319523 1.2391114234924316 6022
1751454320776 1.182020664215088 6023
1751454322154 0.6926453709602356 6024
1751454323392 0.7506416440010071 6025
1751454324659 0.7765938639640808 6026
1751454325948 0.48546934127807617 6027
1751454327303 0.684826672077179 6028
1751454328814 0.8565705418586731 6029
1751454330059 0.6385109424591064 6030
1751454331304 0.4609224200248718 6031
1751454332674 1.306127905845642 6032
1751454333943 1.8493759632110596 6033
1751454335483 0.856056272983551 6034
1751454336821 1.8290449380874634 6035
1751454338101 0.8169112205505371 6036
1751454339662 0.48401129245758057 6037
1751454340915 0.5172784328460693 6038
1751454342210 0.5412160158157349 6039
1751454343497 1.3694870471954346 6040
1751454344752 0.4074651002883911 6041
1751454346110 0.7001352906227112 6042
1751454347339 0.6726422309875488 6043
1751454348666 0.9518671035766602 6044
1751454350076 1.107741117477417 6045
1751454351385 0.6088024377822876 6046
1751454352639 0.5505359172821045 6047
1751454353978 0.601081371307373 6048
1751454355261 0.6747590899467468 6049
1751454356587 0.5363675355911255 6050
1751454357993 0.6101539134979248 6051
1751454359169 0.6454026699066162 6052
1751454360403 0.5680198669433594 6053
1751454362022 0.6911420226097107 6054
1751454363282 1.0120301246643066 6055
1751454364569 0.8469769358634949 6056
1751454365831 0.812488317489624 6057
1751454367092 0.7010365724563599 6058
1751454368407 0.7740738391876221 6059
1751454369619 0.8257118463516235 6060
1751454370896 0.7047843337059021 6061
1751454372232 1.0769565105438232 6062
1751454373475 1.2613792419433594 6063
1751454374833 0.7242650389671326 6064
1751454376044 0.7020895481109619 6065
1751454377481 0.5693825483322144 6066
1751454378748 0.9929582476615906 6067
1751454380046 0.8954982757568359 6068
1751454381378 0.9902757406234741 6069
1751454382590 0.7715286016464233 6070
1751454383855 1.0993404388427734 6071
1751454385077 0.691990077495575 6072
1751454386471 1.1830705404281616 6073
1751454388185 0.6898462176322937 6074
1751454389468 0.3642248213291168 6075
1751454390848 1.0094478130340576 6076
1751454392182 1.0929409265518188 6077
1751454393469 0.6017159223556519 6078
1751454394789 0.9653168320655823 6079
1751454396036 0.5554810762405396 6080
1751454397301 0.8071061968803406 6081
1751454398506 1.7473769187927246 6082
1751454399894 0.6926974058151245 6083
1751454401149 0.5921909809112549 6084
1751454402470 0.6460245847702026 6085
1751454404243 0.9894165396690369 6086
1751454405475 0.4073506295681 6087
1751454406725 0.4581798315048218 6088
1751454408032 0.9842332601547241 6089
1751454409374 0.494148850440979 6090
1751454410799 0.40557071566581726 6091
1751454411973 0.9017186164855957 6092
1751454413292 0.5327170491218567 6093
1751454414977 0.49167686700820923 6094
1751454416315 0.7212739586830139 6095
1751454417569 1.848717212677002 6096
1751454418834 1.6687390804290771 6097
1751454420180 0.8516205549240112 6098
1751454421475 0.7786464095115662 6099
1751454422723 0.19964930415153503 6100
1751454424015 0.9431717395782471 6101
1751454425573 1.2393510341644287 6102
1751454426841 0.1097864955663681 6103
1751454428071 0.6787912845611572 6104
1751454429410 3.273747682571411 6105
1751454430633 0.6888552904129028 6106
1751454431921 0.667108952999115 6107
1751454433225 1.232499599456787 6108
1751454434520 1.0574184656143188 6109
1751454435778 0.6835912466049194 6110
1751454437423 0.6726307272911072 6111
1751454438729 0.5794508457183838 6112
1751454439998 1.181814432144165 6113
1751454441289 0.6184338331222534 6114
1751454442584 0.12153997272253036 6115
1751454443938 1.2929240465164185 6116
1751454445252 1.0321605205535889 6117
1751454446561 1.4549188613891602 6118
1751454447834 0.8141215443611145 6119
1751454449111 1.2449325323104858 6120
1751454450409 0.8056196570396423 6121
1751454451957 3.0117673873901367 6122
1751454453208 0.4609864354133606 6123
1751454454437 0.30426034331321716 6124
1751454455714 0.6209344863891602 6125
1751454456972 0.49491703510284424 6126
1751454458257 0.6770027279853821 6127
1751454459569 0.19957204163074493 6128
1751454460927 1.1623265743255615 6129
1751454462887 0.520649790763855 6130
1751454464264 0.8714598417282104 6131
1751454465506 0.8969810009002686 6132
1751454466736 0.6994948387145996 6133
1751454468044 1.0887477397918701 6134
1751454469337 0.49575215578079224 6135
1751454470610 1.5585861206054688 6136
1751454471854 0.6797736883163452 6137
1751454473740 0.6025000214576721 6138
1751454475090 0.851211667060852 6139
1751454476320 0.9698516130447388 6140
1751454477611 0.5521207451820374 6141
1751454478906 0.7790926098823547 6142
1751454480201 0.7852317094802856 6143
1751454481628 0.7343069314956665 6144
1751454482838 0.8209213614463806 6145
1751454484143 0.9592955708503723 6146
1751454485376 0.8564525246620178 6147
1751454486626 0.6934525966644287 6148
1751454487895 0.6466243267059326 6149
1751454489161 1.0758779048919678 6150
1751454490904 0.8405199646949768 6151
1751454492423 0.7590866088867188 6152
1751454493723 1.0331263542175293 6153
1751454495057 0.36256521940231323 6154
1751454496917 1.0351712703704834 6155
1751454498194 0.6301886439323425 6156
1751454499529 1.146000862121582 6157
1751454500838 0.7877334356307983 6158
1751454502143 0.7152796983718872 6159
1751454503464 0.915848970413208 6160
1751454504721 4.245934963226318 6161
1751454505927 0.6299071311950684 6162
1751454507253 0.685194730758667 6163
1751454508491 0.9290921688079834 6164
1751454509748 0.7014866471290588 6165
1751454511056 3.2443222999572754 6166
1751454512825 0.7118486166000366 6167
1751454514081 1.5329211950302124 6168
1751454515473 0.8848437070846558 6169
1751454516838 0.6425955891609192 6170
1751454518496 0.8672552108764648 6171
1751454519839 1.120500087738037 6172
1751454521161 0.934874415397644 6173
1751454522468 0.9331684112548828 6174
1751454523698 0.6330088376998901 6175
1751454524961 0.6120321750640869 6176
1751454526224 0.7822583317756653 6177
1751454527447 0.5207927227020264 6178
1751454528677 2.1908059120178223 6179
1751454529956 1.0638102293014526 6180
1751454531225 0.8085589408874512 6181
1751454532663 2.0188210010528564 6182
1751454534277 0.70405113697052 6183
1751454535581 0.742485523223877 6184
1751454536844 0.6518679261207581 6185
1751454538066 0.9806950688362122 6186
1751454539256 0.8423901796340942 6187
1751454540559 2.6373558044433594 6188
1751454541891 0.8216667175292969 6189
1751454543174 0.8992244601249695 6190
1751454544405 1.1620609760284424 6191
1751454546081 0.7878084182739258 6192
1751454547341 0.5953044295310974 6193
1751454548549 0.5720930099487305 6194
1751454549852 0.6109461784362793 6195
1751454551214 0.5742758512496948 6196
1751454552512 1.4921799898147583 6197
1751454553763 1.0147300958633423 6198
1751454555019 0.7186495065689087 6199
1751454556359 0.4858799874782562 6200
1751454557604 0.736985445022583 6201
1751454558952 1.0802433490753174 6202
1751454560209 0.5058386325836182 6203
1751454561438 0.7444822192192078 6204
1751454562766 0.6157369017601013 6205
1751454564000 1.278278112411499 6206
1751454565273 0.6226526498794556 6207
1751454566523 0.5938558578491211 6208
1751454567813 0.60150146484375 6209
1751454569405 1.165553092956543 6210
1751454570685 0.7009863257408142 6211
1751454571911 0.5840737819671631 6212
1751454573290 1.7993073463439941 6213
1751454574570 0.41128185391426086 6214
1751454575855 0.72064208984375 6215
1751454577117 1.63986337184906 6216
1751454578386 0.7121323347091675 6217
1751454579629 0.725671648979187 6218
1751454580871 0.7471115589141846 6219
1751454582170 0.49757057428359985 6220
1751454583455 0.6112343072891235 6221
1751454585277 0.9392356872558594 6222
1751454586556 0.811805784702301 6223
1751454587917 0.8450202941894531 6224
1751454589174 0.6431950926780701 6225
1751454590557 1.3425703048706055 6226
1751454591845 0.6144239902496338 6227
1751454593079 0.5487949848175049 6228
1751454594381 0.9014012813568115 6229
1751454595796 0.6732901930809021 6230
1751454597012 1.303483247756958 6231
1751454598344 1.4703383445739746 6232
1751454599614 0.5590488314628601 6233
1751454601462 0.5823509097099304 6234
1751454602654 0.5362287163734436 6235
1751454603865 0.9103066921234131 6236
1751454605168 0.5009728074073792 6237
1751454606364 0.6333591938018799 6238
1751454607695 0.4901866018772125 6239
1751454609006 0.7595000863075256 6240
1751454610284 0.9607722759246826 6241
1751454612190 0.7467374801635742 6242
1751454613447 0.8244981169700623 6243
1751454614732 0.6021301746368408 6244
1751454616026 0.7138388752937317 6245
1751454617287 0.6145761013031006 6246
1751454618538 0.8419893980026245 6247
1751454620031 0.5943018198013306 6248
1751454621391 0.7071496844291687 6249
1751454622968 0.381890207529068 6250
1751454624222 1.345886468887329 6251
1751454625559 0.5603546500205994 6252
1751454626822 0.7777977585792542 6253
1751454628170 0.6431081891059875 6254
1751454629458 0.967721700668335 6255
1751454630749 1.1221745014190674 6256
1751454632035 0.08306531608104706 6257
1751454633294 0.8465092182159424 6258
1751454634523 0.6119201183319092 6259
1751454635879 1.1774502992630005 6260
1751454637122 0.5981744527816772 6261
1751454638340 1.3396108150482178 6262
1751454639818 0.9597541093826294 6263
1751454641049 1.0901511907577515 6264
1751454642351 0.9102863073348999 6265
1751454643645 0.665627121925354 6266
1751454644931 2.339421033859253 6267
1751454646184 1.5874216556549072 6268
1751454647428 0.947368860244751 6269
1751454648922 0.48881083726882935 6270
1751454650307 1.2701820135116577 6271
1751454651696 0.8214906454086304 6272
1751454652935 0.8814775943756104 6273
1751454654205 1.4605785608291626 6274
1751454655490 1.174604058265686 6275
1751454656713 0.40710800886154175 6276
1751454657966 1.8839638233184814 6277
1751454659270 0.9096882939338684 6278
1751454660503 1.0378893613815308 6279
1751454661997 0.5515397787094116 6280
1751454663266 0.812618613243103 6281
1751454664462 0.37442514300346375 6282
1751454665723 0.5030033588409424 6283
1751454666914 1.7510206699371338 6284
1751454668198 1.0477792024612427 6285
1751454669426 0.5649508833885193 6286
1751454670698 0.5996679067611694 6287
1751454672175 0.7113243341445923 6288
1751454673455 0.4297359883785248 6289
1751454674749 0.5498096346855164 6290
1751454676065 0.6256511211395264 6291
1751454677442 0.9703102111816406 6292
1751454678739 0.908942461013794 6293
1751454680139 0.5130022764205933 6294
1751454681424 1.3709278106689453 6295
1751454683039 1.0100044012069702 6296
1751454684381 2.2345709800720215 6297
1751454685663 0.8723608255386353 6298
1751454686962 0.6014676690101624 6299
1751454688201 0.4675978124141693 6300
1751454689448 0.653545618057251 6301
1751454690734 0.6634342670440674 6302
1751454692043 1.321934461593628 6303
1751454693308 4.1175432205200195 6304
1751454694653 0.7924144268035889 6305
1751454695979 0.8463920950889587 6306
1751454697282 0.6695431470870972 6307
1751454698821 0.8806270360946655 6308
1751454700106 0.9243735074996948 6309
1751454701401 0.5709383487701416 6310
1751454702893 0.8898235559463501 6311
1751454704498 0.6934237480163574 6312
1751454705875 0.8140991926193237 6313
1751454707105 1.3387351036071777 6314
1751454708406 1.0747556686401367 6315
1751454709637 0.49147725105285645 6316
1751454710911 0.46065929532051086 6317
1751454712171 0.8090325593948364 6318
1751454713384 0.7620545029640198 6319
1751454715009 0.583404541015625 6320
1751454716278 0.5691688060760498 6321
1751454717597 0.7827783823013306 6322
1751454718820 1.1682910919189453 6323
1751454720153 0.7162462472915649 6324
1751454721401 0.506538450717926 6325
1751454722725 0.8344107866287231 6326
1751454724100 1.1855701208114624 6327
1751454725963 0.7073771953582764 6328
1751454727202 0.9398443102836609 6329
1751454728508 0.6683976650238037 6330
1751454729783 0.5904539823532104 6331
1751454731082 0.7522411346435547 6332
1751454732415 0.6652199029922485 6333
1751454733820 0.5764324069023132 6334
1751454735135 1.0020636320114136 6335
1751454736579 1.3291279077529907 6336
1751454737847 0.9143043756484985 6337
1751454739141 0.6337567567825317 6338
1751454740370 0.532731831073761 6339
1751454741617 0.14637646079063416 6340
1751454742901 0.6808322072029114 6341
1751454744197 0.5473482608795166 6342
1751454745516 0.6962260007858276 6343
1751454747367 0.7627750635147095 6344
1751454748727 1.3663430213928223 6345
1751454750005 0.6038177013397217 6346
1751454751627 1.1387561559677124 6347
1751454752946 0.6270468831062317 6348
1751454754224 0.5454682111740112 6349
1751454755485 0.6159287095069885 6350
1751454756762 0.7051265835762024 6351
1751454757985 0.8146314024925232 6352
1751454759217 1.0680937767028809 6353
1751454760432 0.9466782808303833 6354
1751454761697 0.8685435056686401 6355
1751454762891 0.6808613538742065 6356
1751454764141 1.3071260452270508 6357
1751454765350 0.8736593127250671 6358
1751454766634 1.1056430339813232 6359
1751454768046 0.5700844526290894 6360
1751454769341 0.9806468486785889 6361
1751454770579 1.4569579362869263 6362
1751454771897 1.0701351165771484 6363
1751454773256 0.5968307852745056 6364
1751454774945 0.9863235950469971 6365
1751454776166 0.506828784942627 6366
1751454777477 0.9397421479225159 6367
1751454778751 0.6861269474029541 6368
1751454779972 1.2418177127838135 6369
1751454781185 0.7525125741958618 6370
1751454782410 0.6119245290756226 6371
1751454783662 0.6912192106246948 6372
1751454784901 0.664191722869873 6373
1751454786187 1.3305072784423828 6374
1751454787492 0.6144706010818481 6375
1751454788833 0.5228782892227173 6376
1751454790097 1.0634071826934814 6377
1751454791320 0.11270970106124878 6378
1751454792584 0.802778959274292 6379
1751454793906 0.2081814557313919 6380
1751454795223 0.7186468243598938 6381
1751454796526 0.7810062170028687 6382
1751454798040 0.6662919521331787 6383
1751454799360 0.3057969808578491 6384
1751454800604 0.6977572441101074 6385
1751454801906 0.5152709484100342 6386
1751454803163 1.0719454288482666 6387
1751454804411 0.8553333282470703 6388
1751454805713 0.6184170246124268 6389
1751454807039 0.4842931628227234 6390
1751454808368 0.49797746539115906 6391
1751454809724 1.9457499980926514 6392
1751454811004 0.7499954104423523 6393
1751454812265 1.0989221334457397 6394
1751454813643 1.0396056175231934 6395
1751454814871 0.8547995090484619 6396
1751454816072 0.6057621240615845 6397
1751454817435 0.7944914698600769 6398
1751454818673 0.6765727996826172 6399
1751454819879 0.21757259964942932 6400
1751454821176 0.5603216886520386 6401
1751454822708 0.6213425993919373 6402
1751454823947 0.6498560905456543 6403
1751454825253 1.5853087902069092 6404
1751454826544 0.046454887837171555 6405
1751454827787 1.2491861581802368 6406
1751454829069 0.756030261516571 6407
1751454830362 1.266690969467163 6408
1751454831655 0.7959086894989014 6409
1751454832960 0.9706805944442749 6410
1751454834187 0.8576579093933105 6411
1751454835472 0.7534568905830383 6412
1751454836678 0.5916934609413147 6413
1751454837948 1.2887787818908691 6414
1751454839198 0.6344555616378784 6415
1751454841089 0.725701093673706 6416
1751454842392 0.6067883968353271 6417
1751454843717 0.9014829993247986 6418
1751454844970 0.8118600845336914 6419
1751454846588 0.4774470925331116 6420
1751454847892 0.5180720090866089 6421
1751454849250 0.5774993896484375 6422
1751454850546 0.9680007100105286 6423
1751454852033 0.5205670595169067 6424
1751454853283 0.9932554960250854 6425
1751454854622 1.0050979852676392 6426
1751454855863 0.7605206966400146 6427
1751454857126 0.5453497767448425 6428
1751454858350 0.7212415933609009 6429
1751454859695 1.421905279159546 6430
1751454860973 0.5554546117782593 6431
1751454862452 0.36358776688575745 6432
1751454863674 0.654590368270874 6433
1751454864906 0.8022572994232178 6434
1751454866124 0.5903962850570679 6435
1751454867358 0.6201691627502441 6436
1751454868673 0.7329564690589905 6437
1751454869898 0.43848735094070435 6438
1751454871321 0.8909738659858704 6439
1751454872708 0.581017017364502 6440
1751454873956 0.8901604413986206 6441
1751454875156 0.95444655418396 6442
1751454876521 0.4859922528266907 6443
1751454877798 0.873259425163269 6444
1751454879121 0.27522408962249756 6445
1751454880461 0.6236072182655334 6446
1751454881717 1.0077776908874512 6447
1751454882998 0.888538658618927 6448
1751454884237 1.233323574066162 6449
1751454885476 0.6444112658500671 6450
1751454886770 1.7000706195831299 6451
1751454888029 0.6263130903244019 6452
1751454889298 1.0923417806625366 6453
1751454890536 0.5674559473991394 6454
1751454891861 0.6437432169914246 6455
1751454893105 0.8467379808425903 6456
1751454894699 0.8458176851272583 6457
1751454895952 0.8626265525817871 6458
1751454897286 1.3511887788772583 6459
1751454898562 1.2740333080291748 6460
1751454900062 0.6426743268966675 6461
1751454901277 1.9813640117645264 6462
1751454902539 1.4912070035934448 6463
1751454903811 0.28672125935554504 6464
1751454905028 0.7606374025344849 6465
1751454906316 0.7120081186294556 6466
1751454907570 0.742182195186615 6467
1751454908982 0.5127653479576111 6468
1751454910674 0.8627956509590149 6469
1751454911914 1.141101360321045 6470
1751454913182 1.0450353622436523 6471
1751454914471 0.8800393342971802 6472
1751454915721 0.6804547309875488 6473
1751454917041 0.47581765055656433 6474
1751454918601 0.97088623046875 6475
1751454919990 0.8530087471008301 6476
1751454921466 0.759879469871521 6477
1751454922750 0.5658068060874939 6478
1751454924044 1.1306999921798706 6479
1751454925287 0.7572873830795288 6480
1751454926620 0.39366862177848816 6481
1751454927948 0.4478442370891571 6482
1751454929214 0.7252404689788818 6483
1751454930536 0.5292681455612183 6484
1751454932148 0.8273857831954956 6485
1751454933396 0.5986175537109375 6486
1751454934646 0.37137624621391296 6487
1751454935933 1.0375235080718994 6488
1751454937182 0.6523917317390442 6489
1751454938474 0.7055343389511108 6490
1751454939832 0.9005502462387085 6491
1751454941176 0.6380735039710999 6492
1751454942789 1.0049669742584229 6493
1751454944415 0.775562047958374 6494
1751454945677 2.5003509521484375 6495
1751454947058 0.7644838690757751 6496
1751454948285 0.9795048832893372 6497
1751454949514 0.41927528381347656 6498
1751454950785 0.1699794977903366 6499
1751454951996 0.9116747379302979 6500
1751454953261 0.667880654335022 6501
1751454954547 0.9829134941101074 6502
1751454955854 0.4421139359474182 6503
1751454957124 1.305379867553711 6504
1751454958435 0.5337979793548584 6505
1751454959708 0.6200014352798462 6506
1751454960990 0.6710917949676514 6507
1751454962207 0.5560997724533081 6508
1751454964191 0.15171250700950623 6509
1751454965544 0.6418028473854065 6510
1751454966841 0.7188125848770142 6511
1751454968501 1.2595282793045044 6512
1751454969728 1.2948215007781982 6513
1751454971043 1.200242519378662 6514
1751454972308 0.5855734348297119 6515
1751454973543 0.8138858079910278 6516
1751454974802 1.0709065198898315 6517
1751454976041 0.766655683517456 6518
1751454977370 0.802404522895813 6519
1751454978691 0.5905650854110718 6520
1751454979901 1.018189787864685 6521
1751454981159 0.5081432461738586 6522
1751454982522 1.9557514190673828 6523
1751454983952 2.3438448905944824 6524
1751454985480 0.44887855648994446 6525
1751454986769 0.4354994297027588 6526
1751454988006 1.3333401679992676 6527
1751454989296 0.5675737261772156 6528
1751454990502 1.0179970264434814 6529
1751454991957 0.5872228145599365 6530
1751454993209 0.9196067452430725 6531
1751454994554 0.9395837783813477 6532
1751454996175 0.5027047395706177 6533
1751454997510 0.6680384874343872 6534
1751454998726 0.9754653573036194 6535
1751455000050 0.8948668241500854 6536
1751455001369 0.6661291718482971 6537
1751455002572 0.604475200176239 6538
1751455003758 0.48905378580093384 6539
1751455004996 0.8454892635345459 6540
1751455006331 0.4590805768966675 6541
1751455007614 1.2923102378845215 6542
1751455008873 0.6436694264411926 6543
1751455010132 0.5274962186813354 6544
1751455011368 0.5367818474769592 6545
1751455012656 1.0271048545837402 6546
1751455014039 0.9186735153198242 6547
1751455015524 1.2329912185668945 6548
1751455017371 0.7707234621047974 6549
1751455018618 0.9785099625587463 6550
1751455019920 0.9791280031204224 6551
1751455021256 0.7699113488197327 6552
1751455022496 1.187685489654541 6553
1751455023745 0.599822998046875 6554
1751455025045 0.7423114776611328 6555
1751455026267 0.9668659567832947 6556
1751455027979 0.5846787691116333 6557
1751455029154 0.6946489810943604 6558
1751455030400 0.6474183797836304 6559
1751455031689 0.8350546956062317 6560
1751455032912 0.41897889971733093 6561
1751455034191 0.9574213027954102 6562
1751455035502 0.784920871257782 6563
1751455036752 0.8913670778274536 6564
1751455038591 0.3867538869380951 6565
1751455039819 0.8558231592178345 6566
1751455041531 0.6433497667312622 6567
1751455042830 0.6918640732765198 6568
1751455044144 0.9854748249053955 6569
1751455045433 0.4537350833415985 6570
1751455046825 0.6815608143806458 6571
1751455048079 0.6674512624740601 6572
1751455049372 0.8634255528450012 6573
1751455050608 1.4271764755249023 6574
1751455051909 1.2362322807312012 6575
1751455053261 1.6217138767242432 6576
1751455054486 0.7912719249725342 6577
1751455055855 1.27725350856781 6578
1751455057112 0.8961429595947266 6579
1751455058456 0.9211477637290955 6580
1751455060117 0.9013860821723938 6581
1751455061361 0.48736539483070374 6582
1751455062667 1.1490204334259033 6583
1751455063930 0.6862884759902954 6584
1751455065183 0.5998291373252869 6585
1751455066852 0.9643899202346802 6586
1751455068156 0.45221349596977234 6587
1751455069442 0.8569833040237427 6588
1751455071201 0.5516831874847412 6589
1751455072467 0.472459077835083 6590
1751455073739 0.6484681963920593 6591
1751455074999 1.057188630104065 6592
1751455076278 0.4891473054885864 6593
1751455077572 0.8047319650650024 6594
1751455078827 2.0900490283966064 6595
1751455080062 0.8014532327651978 6596
1751455081401 0.5100793838500977 6597
1751455082697 0.9678777456283569 6598
1751455084008 1.1915512084960938 6599
1751455085342 0.8937538862228394 6600
1751455086656 0.5740275382995605 6601
1751455087935 1.8528480529785156 6602
1751455089192 1.0678552389144897 6603
1751455090802 0.788025438785553 6604
1751455092086 0.5119022727012634 6605
1751455093406 0.6718226671218872 6606
1751455094696 0.6069803237915039 6607
1751455095979 0.5438189506530762 6608
1751455097238 0.43727847933769226 6609
1751455098535 0.9418456554412842 6610
1751455099873 0.7388997077941895 6611
1751455101119 0.9224190711975098 6612
1751455102327 0.584690272808075 6613
1751455103632 0.8449068665504456 6614
1751455104938 0.575974702835083 6615
1751455106249 1.049218773841858 6616
1751455107562 1.1473908424377441 6617
1751455108895 1.7497035264968872 6618
1751455110193 0.8020087480545044 6619
1751455111403 1.0034544467926025 6620
1751455112659 0.7784871459007263 6621
1751455114164 0.6448204517364502 6622
1751455115428 0.8521090745925903 6623
1751455116706 0.6966378688812256 6624
1751455118010 0.8551061153411865 6625
1751455119275 0.5145930647850037 6626
1751455120493 1.007190465927124 6627
1751455121746 0.7734817266464233 6628
1751455123194 0.9103288650512695 6629
1751455124578 1.0686757564544678 6630
1751455125877 1.5130438804626465 6631
1751455127148 0.705048680305481 6632
1751455128416 0.720959484577179 6633
1751455129641 1.1466176509857178 6634
1751455130953 1.033223032951355 6635
1751455132261 0.40630245208740234 6636
1751455133508 0.5348612070083618 6637
1751455135342 0.8892189264297485 6638
1751455136587 0.5263534784317017 6639
1751455137856 0.8398263454437256 6640
1751455139437 0.8773641586303711 6641
1751455140783 0.7940621972084045 6642
1751455142073 1.6105163097381592 6643
1751455143305 1.0343127250671387 6644
1751455144572 0.5401328802108765 6645
1751455146070 0.9446344971656799 6646
1751455147334 0.8473889827728271 6647
1751455148593 1.0953891277313232 6648
1751455149852 0.8334506154060364 6649
1751455151112 1.0830527544021606 6650
1751455152351 0.5090392827987671 6651
1751455153715 1.0135838985443115 6652
1751455154986 1.137678623199463 6653
1751455156831 0.5137068629264832 6654
1751455158056 0.8210999965667725 6655
1751455159388 0.8073183298110962 6656
1751455160737 0.7123290300369263 6657
1751455162023 1.4689189195632935 6658
1751455163523 0.5417938232421875 6659
1751455164879 0.7908826470375061 6660
1751455166206 0.7886940240859985 6661
1751455167605 0.5789775848388672 6662
1751455168985 0.7850044369697571 6663
1751455170356 1.094272494316101 6664
1751455171714 0.5730677247047424 6665
1751455172931 1.1182386875152588 6666
1751455174226 0.4957500696182251 6667
1751455175648 0.5903241634368896 6668
1751455177004 2.166226625442505 6669
1751455178372 0.8132649660110474 6670
1751455179788 1.0206854343414307 6671
1751455181048 0.8609673976898193 6672
1751455182373 0.6006530523300171 6673
1751455183754 0.6638087630271912 6674
1751455185071 0.9169950485229492 6675
1751455186388 0.08484361320734024 6676
1751455187877 0.5246630907058716 6677
1751455189176 0.8661635518074036 6678
1751455190486 0.5146465301513672 6679
1751455191788 0.3013497292995453 6680
1751455193040 1.1718746423721313 6681
1751455194214 0.9218719005584717 6682
1751455195591 0.9298773407936096 6683
1751455196831 0.6077320575714111 6684
1751455198109 1.4581854343414307 6685
1751455199560 1.0626370906829834 6686
1751455200869 0.7004294991493225 6687
1751455202107 0.8806313276290894 6688
1751455203431 0.5000680685043335 6689
1751455204667 0.997577428817749 6690
1751455205957 0.4664935767650604 6691
1751455207271 0.6923168897628784 6692
1751455208596 0.7321637868881226 6693
1751455210294 0.8703641891479492 6694
1751455211781 0.9748415350914001 6695
1751455213082 1.0672005414962769 6696
1751455214332 0.9075915813446045 6697
1751455215618 0.7306978702545166 6698
1751455216895 0.9622930288314819 6699
1751455218721 0.8189942836761475 6700
1751455219973 0.8209057450294495 6701
1751455221160 1.0246628522872925 6702
1751455222396 0.8162945508956909 6703
1751455223633 0.7444430589675903 6704
1751455224872 0.7755659222602844 6705
1751455226195 0.5893294811248779 6706
1751455227475 1.0165756940841675 6707
1751455229323 0.8744797706604004 6708
1751455230564 1.2894210815429688 6709
1751455231823 0.8071568608283997 6710
1751455232865 3.5150718688964844 6711
1751455234506 0.5864429473876953 6712
1751455235733 0.8736402988433838 6713
1751455237019 1.0601304769515991 6714
1751455238249 0.8554691672325134 6715
1751455239533 1.0286660194396973 6716
1751455240887 0.676548957824707 6717
1751455242087 0.645409107208252 6718
1751455243292 0.918620228767395 6719
1751455244643 0.90408855676651 6720
1751455245925 0.946678876876831 6721
1751455247191 0.8468388319015503 6722
1751455248470 0.853075385093689 6723
1751455249759 1.0052416324615479 6724
1751455251056 0.9547686576843262 6725
1751455252291 0.7216981053352356 6726
1751455253587 0.6369774341583252 6727
1751455254872 0.5732750296592712 6728
1751455256159 0.8023672103881836 6729
1751455257649 1.0077075958251953 6730
1751455258876 0.6577184796333313 6731
1751455260270 1.976977825164795 6732
1751455261544 0.5244511961936951 6733
1751455262854 1.0644071102142334 6734
1751455264087 0.7297574281692505 6735
1751455265406 0.7657164335250854 6736
1751455266784 0.43670645356178284 6737
1751455268082 0.6220310926437378 6738
1751455269335 0.7226892113685608 6739
1751455271210 0.4782644808292389 6740
1751455272483 1.3172115087509155 6741
1751455273715 0.7226088047027588 6742
1751455274960 0.9661551713943481 6743
1751455276258 1.2344698905944824 6744
1751455277457 0.6409251689910889 6745
1751455278733 0.8327025175094604 6746
1751455280304 0.7516489028930664 6747
1751455281889 1.0659066438674927 6748
1751455283216 0.4856492877006531 6749
1751455284620 0.9326646327972412 6750
1751455285900 0.9959583282470703 6751
1751455287091 0.7727559208869934 6752
1751455288312 0.5319051146507263 6753
1751455289615 0.6609429121017456 6754
1751455291002 0.5733627676963806 6755
1751455292809 1.2871798276901245 6756
1751455294148 0.8648163080215454 6757
1751455295385 0.635547935962677 6758
1751455296770 0.9515780210494995 6759
1751455298058 1.000352144241333 6760
1751455299299 0.8818677663803101 6761
1751455300588 0.8759397864341736 6762
1751455301830 0.678285539150238 6763
1751455303774 2.560170888900757 6764
1751455305051 3.113971710205078 6765
1751455306335 0.5699430704116821 6766
1751455307654 0.8501714468002319 6767
1751455308943 1.0147416591644287 6768
1751455310266 1.3352088928222656 6769
1751455311612 0.5748271346092224 6770
1751455312941 0.7626969814300537 6771
1751455314274 0.7921274304389954 6772
1751455315629 0.08831461519002914 6773
1751455316890 0.8587216734886169 6774
1751455318119 1.1492483615875244 6775
1751455319369 0.1845581829547882 6776
1751455320609 0.6142376065254211 6777
1751455321825 0.7706417441368103 6778
1751455323185 0.8545292615890503 6779
1751455324811 1.4738128185272217 6780
1751455326450 0.5168819427490234 6781
1751455327712 0.7183541655540466 6782
1751455328984 0.1807951182126999 6783
1751455330282 0.7762479782104492 6784
1751455331585 0.6219545602798462 6785
1751455332828 0.5498628616333008 6786
1751455334110 1.0790501832962036 6787
1751455335377 0.5086002349853516 6788
1751455336684 0.786521852016449 6789
1751455337949 0.741779088973999 6790
1751455339235 0.934461772441864 6791
1751455340559 1.5750644207000732 6792
1751455341895 1.1475681066513062 6793
1751455343216 1.0014172792434692 6794
1751455344678 0.851261556148529 6795
1751455345964 1.2449030876159668 6796
1751455347209 0.48101335763931274 6797
1751455348437 0.8335226774215698 6798
1751455349920 0.27481433749198914 6799
1751455351162 0.6384825110435486 6800
1751455352441 0.8693825006484985 6801
1751455353754 0.751369297504425 6802
1751455355076 1.1234498023986816 6803
1751455356319 2.359321117401123 6804
1751455357660 0.6375420093536377 6805
1751455358941 0.6773371696472168 6806
1751455360229 0.823258638381958 6807
1751455361534 0.7203230857849121 6808
1751455362829 0.665496826171875 6809
1751455364157 0.6531527042388916 6810
1751455365411 0.7968331575393677 6811
1751455366760 0.3031182289123535 6812
1751455368050 0.737186074256897 6813
1751455369293 0.628913938999176 6814
1751455370585 0.5816482305526733 6815
1751455372187 0.8131576180458069 6816
1751455373460 0.5763777494430542 6817
1751455374789 0.6062299609184265 6818
1751455376055 0.7435142993927002 6819
1751455377388 0.8439147472381592 6820
1751455378760 0.809025764465332 6821
1751455379992 0.8466933965682983 6822
1751455381358 0.9369024038314819 6823
1751455383155 0.7574865818023682 6824
1751455384389 0.9168926477432251 6825
1751455385641 0.768753707408905 6826
1751455386929 0.7084169387817383 6827
1751455388250 0.44347575306892395 6828
1751455389523 0.8655705451965332 6829
1751455390819 0.6804578304290771 6830
1751455392124 0.6036413908004761 6831
1751455394089 0.8500016331672668 6832
1751455395419 0.3807404637336731 6833
1751455396954 1.196419596672058 6834
1751455398235 0.8469915390014648 6835
1751455399496 0.7730816602706909 6836
1751455400804 0.5137637853622437 6837
1751455402105 0.9069298505783081 6838
1751455403345 0.48417937755584717 6839
1751455404794 1.054373025894165 6840
1751455405996 0.7304655313491821 6841
1751455407361 0.7772021293640137 6842
1751455408607 0.7306956052780151 6843
1751455409956 0.45843565464019775 6844
1751455411263 0.9822344183921814 6845
1751455412646 0.7312438488006592 6846
1751455414038 0.7621703147888184 6847
1751455415436 1.2057862281799316 6848
1751455416670 0.6526445150375366 6849
1751455417981 0.7945520877838135 6850
1751455419666 0.6033459901809692 6851
1751455420953 0.893736720085144 6852
1751455422260 0.6710158586502075 6853
1751455423560 1.1627541780471802 6854
1751455424866 0.9265357255935669 6855
1751455426153 0.8212202191352844 6856
1751455427647 1.067443609237671 6857
1751455429074 0.5634363889694214 6858
1751455430506 0.9820694923400879 6859
1751455431875 0.4504835605621338 6860
1751455433309 0.6703860759735107 6861
1751455434622 0.8859800100326538 6862
1751455436445 0.35516196489334106 6863
1751455437926 0.39507949352264404 6864
1751455439176 1.083766222000122 6865
1751455440680 0.6355133652687073 6866
1751455442009 1.4506123065948486 6867
1751455443704 1.000798225402832 6868
1751455445027 0.07327477633953094 6869
1751455446798 0.6031585335731506 6870
1751455448342 1.008586049079895 6871
1751455449800 0.2804577946662903 6872
1751455451117 0.46616247296333313 6873
1751455452379 0.8289849758148193 6874
1751455453936 0.7390528321266174 6875
1751455455246 0.7509357929229736 6876
1751455456904 1.2939856052398682 6877
1751455458368 1.7068238258361816 6878
1751455459721 1.030347466468811 6879
1751455461167 0.5735654830932617 6880
1751455462484 0.6285182237625122 6881
1751455465369 0.7903088331222534 6882
1751455466721 0.4798039197921753 6883
1751455467984 0.7740041613578796 6884
1751455469496 0.34904026985168457 6885
1751455470762 1.516169548034668 6886
1751455471948 0.6642061471939087 6887
1751455473192 0.6241477727890015 6888
1751455474393 0.8604982495307922 6889
1751455475672 0.5661218762397766 6890
1751455476925 1.129690408706665 6891
1751455478179 0.8191940784454346 6892
1751455479464 0.7365049123764038 6893
1751455480726 0.9541494250297546 6894
1751455482037 1.1568708419799805 6895
1751455483277 0.8198899626731873 6896
1751455484545 0.5575783848762512 6897
1751455485778 0.6503735780715942 6898
1751455486981 0.8204280138015747 6899
1751455488226 0.7286434769630432 6900
1751455489625 0.8514665365219116 6901
1751455491137 0.7491490840911865 6902
1751455492415 0.8975849151611328 6903
1751455493716 0.5808200240135193 6904
1751455494940 0.8379574418067932 6905
1751455496215 0.7853790521621704 6906
1751455497558 0.6293014883995056 6907
1751455498886 0.8899180889129639 6908
1751455500354 1.1200326681137085 6909
1751455501610 0.6741741895675659 6910
1751455502829 1.5749754905700684 6911
1751455504035 1.3360775709152222 6912
1751455505263 0.6404730677604675 6913
1751455506445 2.081728219985962 6914
1751455507778 1.051018476486206 6915
1751455509098 0.30670487880706787 6916
1751455510356 1.1740193367004395 6917
1751455511593 0.5407587289810181 6918
1751455513208 1.236548662185669 6919
1751455514471 1.2003830671310425 6920
1751455515739 0.6566767692565918 6921
1751455516946 0.3974669277667999 6922
1751455518261 0.7900673151016235 6923
1751455519644 0.746293306350708 6924
1751455520925 0.4409954845905304 6925
1751455522122 1.3110361099243164 6926
1751455523395 1.4319404363632202 6927
1751455524666 1.0219788551330566 6928
1751455525956 0.8868753910064697 6929
1751455527204 0.7409290075302124 6930
1751455528505 0.5293941497802734 6931
1751455529822 0.6988424062728882 6932
1751455531116 0.5792883634567261 6933
1751455532573 0.6743857860565186 6934
1751455533849 0.6932739019393921 6935
1751455535159 2.2132318019866943 6936
1751455536671 0.3842371702194214 6937
1751455537924 2.350137710571289 6938
1751455539191 0.7143568396568298 6939
1751455540480 0.7131730914115906 6940
1751455541752 1.1249433755874634 6941
1751455543378 0.40288639068603516 6942
1751455544740 0.584526002407074 6943
1751455545997 0.4423491954803467 6944
1751455547245 0.52785325050354 6945
1751455548514 1.1597672700881958 6946
1751455549809 2.572445869445801 6947
1751455551029 0.8472453951835632 6948
1751455552337 0.8678809404373169 6949
1751455553736 0.660274088382721 6950
1751455554998 0.6752076745033264 6951
1751455556283 0.7376278638839722 6952
1751455557574 0.544124960899353 6953
1751455559070 1.1742448806762695 6954
1751455560317 1.7337968349456787 6955
1751455561578 0.7230897545814514 6956
1751455562804 0.6334936022758484 6957
1751455564210 0.6473937630653381 6958
1751455565473 0.6711335182189941 6959
1751455566746 1.281951665878296 6960
1751455567990 0.8624845743179321 6961
1751455569210 0.8628098964691162 6962
1751455570508 1.308100700378418 6963
1751455571753 1.5391005277633667 6964
1751455573230 0.9273602962493896 6965
1751455574653 1.2717328071594238 6966
1751455575955 0.8058999180793762 6967
1751455577235 0.7079153656959534 6968
1751455578506 0.5801099538803101 6969
1751455579710 0.7299633622169495 6970
1751455581273 0.7128869891166687 6971
1751455582467 0.48932918906211853 6972
1751455583738 0.6747533679008484 6973
1751455585297 0.6358336210250854 6974
1751455586606 0.9455461502075195 6975
1751455587994 0.23199975490570068 6976
1751455589308 2.414869546890259 6977
1751455590510 2.3670148849487305 6978
1751455591740 0.8324880599975586 6979
1751455593001 0.3000708520412445 6980
1751455594228 0.726862370967865 6981
1751455595522 0.7643188834190369 6982
1751455596768 0.5133413672447205 6983
1751455598015 0.7567306160926819 6984
1751455599277 0.7186279892921448 6985
1751455600638 0.8774338960647583 6986
1751455601875 0.668148398399353 6987
1751455603496 0.7111454606056213 6988
1751455604754 0.2930997610092163 6989
1751455606030 0.7591668963432312 6990
1751455607345 0.45842689275741577 6991
1751455608889 0.5278881192207336 6992
1751455610117 1.1809020042419434 6993
1751455611401 1.1415743827819824 6994
1751455612817 0.7844259738922119 6995
1751455614038 0.8055311441421509 6996
1751455615293 1.5597385168075562 6997
1751455616556 0.647489070892334 6998
1751455617861 1.2747807502746582 6999
1751455619629 0.923509955406189 7000
1751455620911 0.616869330406189 7001
1751455622154 0.8929663896560669 7002
1751455623421 0.3743886351585388 7003
1751455624639 0.9442813396453857 7004
1751455625936 0.6076257824897766 7005
1751455627549 1.230802059173584 7006
1751455628743 1.915400743484497 7007
1751455630612 0.8150744438171387 7008
1751455631916 1.5634692907333374 7009
1751455633197 0.6933552622795105 7010
1751455634428 0.560767412185669 7011
1751455635784 0.9838426113128662 7012
1751455637020 0.23419518768787384 7013
1751455638326 0.7011816501617432 7014
1751455639645 0.8042409420013428 7015
1751455640976 1.064157485961914 7016
1751455642186 0.9840030670166016 7017
1751455643398 0.8363223075866699 7018
1751455644695 0.9006965160369873 7019
1751455645982 1.0032809972763062 7020
1751455647277 0.5975363254547119 7021
1751455648505 0.7449514269828796 7022
1751455650004 1.0555243492126465 7023
1751455651545 0.5810235738754272 7024
1751455652791 0.5902789831161499 7025
1751455654044 1.077301025390625 7026
1751455655276 0.892005443572998 7027
1751455656525 0.8670945167541504 7028
1751455657833 1.0967026948928833 7029
1751455659162 0.5925451517105103 7030
1751455660421 1.1028691530227661 7031
1751455661754 0.7665789723396301 7032
1751455662987 0.36337247490882874 7033
1751455664236 0.9291321039199829 7034
1751455665607 0.5395845770835876 7035
1751455666978 1.0498846769332886 7036
1751455668250 0.6199572682380676 7037
1751455669569 0.3689829409122467 7038
1751455670868 0.6302604675292969 7039
1751455672333 1.6801488399505615 7040
1751455673568 0.738777756690979 7041
1751455674712 1.1735570430755615 7042
1751455675953 0.6010046601295471 7043
1751455677208 0.43967297673225403 7044
1751455678541 0.8293389678001404 7045
1751455679860 0.49121227860450745 7046
1751455681218 0.21066415309906006 7047
1751455682499 0.7479358315467834 7048
1751455683774 0.6951040029525757 7049
1751455685175 0.41472864151000977 7050
1751455686398 0.5803770422935486 7051
1751455687770 0.7504542469978333 7052
1751455689133 0.46577781438827515 7053
1751455690524 1.2932071685791016 7054
1751455691826 0.947567880153656 7055
1751455693142 0.7572947144508362 7056
1751455694925 0.45525017380714417 7057
1751455696239 0.4415910840034485 7058
1751455697576 0.6634109020233154 7059
1751455698850 0.9244903326034546 7060
1751455700183 1.0290062427520752 7061
1751455701404 0.4969610869884491 7062
1751455702706 0.5564560890197754 7063
1751455704033 0.8692023754119873 7064
1751455705379 0.43208643794059753 7065
1751455706740 0.9060571193695068 7066
1751455707982 0.5595744848251343 7067
1751455709259 1.0081031322479248 7068
1751455710536 0.6666286587715149 7069
1751455711902 1.4923458099365234 7070
1751455713170 0.988670825958252 7071
1751455714419 0.045742422342300415 7072
1751455716344 0.696147620677948 7073
1751455717576 0.9159444570541382 7074
1751455718884 0.5364032983779907 7075
1751455720087 0.6713870167732239 7076
1751455721368 0.8422974348068237 7077
1751455722624 1.0127125978469849 7078
1751455723886 0.837448239326477 7079
1751455725115 0.6439981460571289 7080
1751455726606 1.170872449874878 7081
1751455727876 0.8257221579551697 7082
1751455729107 1.5782471895217896 7083
1751455730355 0.8125761151313782 7084
1751455731581 0.8685581684112549 7085
1751455732814 0.7568720579147339 7086
1751455734069 0.4746047556400299 7087
1751455735496 1.4672954082489014 7088
1751455737492 0.7136991024017334 7089
1751455738732 0.6752848625183105 7090
1751455740065 0.4663466811180115 7091
1751455741431 1.1059647798538208 7092
1751455742693 0.7956564426422119 7093
1751455743912 1.0472060441970825 7094
1751455745245 0.15169090032577515 7095
1751455746477 0.5738904476165771 7096
1751455747754 0.23548053205013275 7097
1751455748994 1.1099202632904053 7098
1751455750246 0.7793331146240234 7099
1751455751503 0.28205662965774536 7100
1751455752802 0.766584038734436 7101
1751455754073 0.786365270614624 7102
1751455755353 0.5664848685264587 7103
1751455756589 0.7477622032165527 7104
1751455758967 0.6975089311599731 7105
1751455760239 0.9639819860458374 7106
1751455761542 0.6734699010848999 7107
1751455762828 0.6834708452224731 7108
1751455764118 1.140566110610962 7109
1751455765327 0.5746387243270874 7110
1751455766577 0.5306092500686646 7111
1751455767814 0.4064454436302185 7112
1751455769024 0.9995063543319702 7113
1751455770368 0.9052761197090149 7114
1751455771598 1.157565712928772 7115
1751455772839 0.7693512439727783 7116
1751455774146 0.7060930728912354 7117
1751455775446 0.6506457328796387 7118
1751455777219 0.8877195119857788 7119
1751455778490 0.7154015302658081 7120
1751455779760 0.9598804116249084 7121
1751455781405 1.328437089920044 7122
1751455782634 0.7459709644317627 7123
1751455783864 1.6674267053604126 7124
1751455785103 0.7161439657211304 7125
1751455786350 0.7701927423477173 7126
1751455788102 0.45034775137901306 7127
1751455789401 1.0907719135284424 7128
1751455790693 0.8600101470947266 7129
1751455792011 0.6224019527435303 7130
1751455793360 0.8544259071350098 7131
1751455794712 1.390981674194336 7132
1751455795962 1.1277812719345093 7133
1751455797239 0.6523330807685852 7134
1751455798967 0.862305760383606 7135
1751455800327 0.09010785073041916 7136
1751455801928 0.6970005631446838 7137
1751455803223 0.6856604814529419 7138
1751455804489 0.7510957717895508 7139
1751455805758 0.4932151436805725 7140
1751455807053 0.912139892578125 7141
1751455808520 1.280630111694336 7142
1751455809802 0.6598838567733765 7143
1751455811102 0.7408068180084229 7144
1751455812336 1.001051902770996 7145
1751455813679 1.1268545389175415 7146
1751455814973 1.491548776626587 7147
1751455816336 1.1841716766357422 7148
1751455817608 0.5580490231513977 7149
1751455819021 0.6382267475128174 7150
1751455820535 0.3384650647640228 7151
1751455821884 0.8396559953689575 7152
1751455823139 1.5747473239898682 7153
1751455824665 1.1100406646728516 7154
1751455826001 1.0244327783584595 7155
1751455827294 1.0602660179138184 7156
1751455828609 0.9749295711517334 7157
1751455829884 0.9589120149612427 7158
1751455831164 0.21961309015750885 7159
1751455832412 0.5121356844902039 7160
1751455833681 0.7624375820159912 7161
1751455834896 0.7306702136993408 7162
1751455836062 0.9032273292541504 7163
1751455837319 0.9715245962142944 7164
1751455838739 0.20825909078121185 7165
1751455840011 0.9181629419326782 7166
1751455841595 0.9461081027984619 7167
1751455842829 0.7556345462799072 7168
1751455844330 0.9291579723358154 7169
1751455845763 0.7949979305267334 7170
1751455847241 1.0531413555145264 7171
1751455848482 0.5016162991523743 7172
1751455849810 0.8067873120307922 7173
1751455851102 0.9609201550483704 7174
1751455852443 0.5098432302474976 7175
1751455853755 0.0883459597826004 7176
1751455855040 0.8094627261161804 7177
1751455856376 0.7065879106521606 7178
1751455858084 1.2214924097061157 7179
1751455859380 0.4741668105125427 7180
1751455860708 0.6363429427146912 7181
1751455861929 1.2065308094024658 7182
1751455863258 0.7238999605178833 7183
1751455864591 0.8085097670555115 7184
1751455866202 1.089743733406067 7185
1751455867571 0.4660625159740448 7186
1751455868911 1.0108165740966797 7187
1751455870155 0.808192253112793 7188
1751455871392 0.4195646047592163 7189
1751455872613 0.8846830129623413 7190
1751455873848 0.7093867659568787 7191
1751455875201 1.0876572132110596 7192
1751455876444 0.7192500829696655 7193
1751455877743 0.9487464427947998 7194
1751455879446 0.9354754090309143 7195
1751455880703 0.5303225517272949 7196
1751455881938 0.5125848054885864 7197
1751455883171 0.5567247271537781 7198
1751455884398 0.5193800926208496 7199
1751455885643 0.859185516834259 7200
1751455968980 0.8954834938049316 7201
1751455970340 1.0614306926727295 7202
1751455971575 0.8748324513435364 7203
1751455972906 0.41098150610923767 7204
1751455974569 1.1061222553253174 7205
1751455975811 1.1640969514846802 7206
1751455977105 0.9364048838615417 7207
1751455978402 0.5243972539901733 7208
1751455979711 0.6215846538543701 7209
1751455981065 1.5214622020721436 7210
1751455982357 0.4658275544643402 7211
1751455983620 0.22172124683856964 7212
1751455985232 0.5847551822662354 7213
1751455986450 0.7142421007156372 7214
1751455987669 1.1940054893493652 7215
1751455989063 1.049640417098999 7216
1751455990538 1.7551608085632324 7217
1751455991805 0.6806830167770386 7218
1751455993039 1.0409564971923828 7219
1751455994238 0.882778525352478 7220
1751455996087 0.8199833035469055 7221
1751455997362 0.6449702978134155 7222
1751455998716 0.8584611415863037 7223
1751455999985 0.9656815528869629 7224
1751456001217 1.0617504119873047 7225
1751456002520 1.089639663696289 7226
1751456003747 0.8952968716621399 7227
1751456005098 0.5839791893959045 7228
1751456006596 0.5164833068847656 7229
1751456007909 0.5473482012748718 7230
1751456009139 0.8273107409477234 7231
1751456010389 0.7276207804679871 7232
1751456011923 0.5606828331947327 7233
1751456013301 0.7188010215759277 7234
1751456014629 1.0315923690795898 7235
1751456015885 0.6746724843978882 7236
1751456017317 0.5361294746398926 7237
1751456018540 0.8182587623596191 7238
1751456019791 0.689542829990387 7239
1751456021041 2.0303192138671875 7240
1751456022282 0.8411237001419067 7241
1751456023650 0.9856370687484741 7242
1751456024891 0.7783070802688599 7243
1751456026179 0.7173713445663452 7244
1751456028006 0.5503714680671692 7245
1751456029303 0.8057209253311157 7246
1751456030512 1.3263025283813477 7247
1751456031796 0.5907994508743286 7248
1751456033375 0.8818087577819824 7249
1751456034636 0.6928911805152893 7250
1751456035842 0.4322957992553711 7251
1751456037064 0.7024032473564148 7252
1751456038493 1.1183258295059204 7253
1751456039818 0.5813454985618591 7254
1751456041164 1.136958122253418 7255
1751456042444 0.9286864399909973 7256
1751456043755 0.8053613901138306 7257
1751456045028 0.7307839393615723 7258
1751456046313 0.6984043121337891 7259
1751456047573 0.258175253868103 7260
1751456048855 1.1955946683883667 7261
1751456050144 0.9461793899536133 7262
1751456051388 0.8176941871643066 7263
1751456052591 0.8055440783500671 7264
1751456054170 0.5232043266296387 7265
1751456055433 0.5186442732810974 7266
1751456056694 0.6050360202789307 7267
1751456057975 0.8219577670097351 7268
1751456059354 1.0149798393249512 7269
1751456060627 0.8684542179107666 7270
1751456061849 0.9893971681594849 7271
1751456063073 0.8398863673210144 7272
1751456064334 1.2179291248321533 7273
1751456065611 0.7935351133346558 7274
1751456066859 0.7752764225006104 7275
1751456068111 0.8017840385437012 7276
1751456070031 1.4233096837997437 7277
1751456071348 0.7827762365341187 7278
1751456072663 0.9224293828010559 7279
1751456074021 0.9351913928985596 7280
1751456075642 0.6977226734161377 7281
1751456076885 0.7597206830978394 7282
1751456078265 0.7858595252037048 7283
1751456079521 1.1254404783248901 7284
1751456080869 0.8249421119689941 7285
1751456082133 0.8272376656532288 7286
1751456083338 1.059401273727417 7287
1751456084518 1.9715492725372314 7288
1751456085720 0.8044263124465942 7289
1751456087052 0.6331123113632202 7290
1751456088327 0.5881606340408325 7291
1751456089756 0.7103133201599121 7292
1751456091479 0.4890672564506531 7293
1751456092810 0.7789129614830017 7294
1751456094131 0.6030194759368896 7295
1751456095450 0.7656236886978149 7296
1751456096686 0.5833032131195068 7297
1751456098343 0.02144697494804859 7298
1751456099590 0.6775422692298889 7299
1751456100870 0.9906919002532959 7300
1751456102181 1.2602778673171997 7301
1751456103433 0.9438657760620117 7302
1751456104725 0.65326988697052 7303
1751456105932 0.7469943761825562 7304
1751456107193 0.12582403421401978 7305
1751456108497 0.7501152753829956 7306
1751456109820 0.9644678235054016 7307
1751456111078 0.9812271595001221 7308
1751456112943 0.7933541536331177 7309
1751456114181 0.737406849861145 7310
1751456115467 0.9204051494598389 7311
1751456116719 0.8516574501991272 7312
1751456118004 0.887204647064209 7313
1751456119716 0.8517951369285583 7314
1751456120937 0.7145029902458191 7315
1751456122217 0.7638283371925354 7316
1751456123559 0.6751671433448792 7317
1751456124822 1.0377942323684692 7318
1751456126088 0.9465036392211914 7319
1751456127333 0.688788652420044 7320
1751456128694 0.3988085389137268 7321
1751456129968 0.7485421895980835 7322
1751456131194 1.4415979385375977 7323
1751456132463 1.0626089572906494 7324
1751456133846 2.521759033203125 7325
1751456135231 0.6793124675750732 7326
1751456136486 0.6564289331436157 7327
1751456137731 0.41214489936828613 7328
1751456138956 0.43721210956573486 7329
1751456140199 1.0493147373199463 7330
1751456141647 1.050093173980713 7331
1751456142895 0.686068594455719 7332
1751456144180 0.758313000202179 7333
1751456145393 0.7038520574569702 7334
1751456146613 1.0630286931991577 7335
1751456147816 0.37854692339897156 7336
1751456149120 0.5870169401168823 7337
1751456150354 0.6601258516311646 7338
1751456151627 0.7806596159934998 7339
1751456152919 0.4565230906009674 7340
1751456154836 0.7661119699478149 7341
1751456156108 0.8368226289749146 7342
1751456157428 0.4230771064758301 7343
1751456158707 1.2757234573364258 7344
1751456159922 0.6441746354103088 7345
1751456161252 0.6865414381027222 7346
1751456162923 0.3778449594974518 7347
1751456164218 1.858541488647461 7348
1751456165585 0.7566288113594055 7349
1751456166781 0.9057127833366394 7350
1751456167994 0.6284019351005554 7351
1751456169281 0.6468164920806885 7352
1751456170516 0.5090835094451904 7353
1751456171792 0.6533399820327759 7354
1751456173071 0.8871526718139648 7355
1751456174353 0.5987731218338013 7356
1751456176128 0.5213192701339722 7357
1751456177352 0.25807204842567444 7358
1751456178583 0.39842861890792847 7359
1751456179796 1.0788806676864624 7360
1751456181011 0.7694288492202759 7361
1751456182276 1.0595552921295166 7362
1751456183857 0.6885889172554016 7363
1751456185206 0.8900909423828125 7364
1751456186981 1.4814980030059814 7365
1751456188405 0.6769731640815735 7366
1751456189683 0.5354940891265869 7367
1751456190940 0.13300813734531403 7368
1751456192217 0.6107138395309448 7369
1751456193453 1.1424164772033691 7370
1751456194738 0.7263928651809692 7371
1751456196023 0.7975834608078003 7372
1751456197820 0.6147415041923523 7373
1751456199108 1.577065348625183 7374
1751456200330 0.9747886061668396 7375
1751456201567 0.882299542427063 7376
1751456202867 0.6043691635131836 7377
1751456204175 1.6337616443634033 7378
1751456205518 1.2253949642181396 7379
1751456207201 0.8724957704544067 7380
1751456208494 0.8198122382164001 7381
1751456209726 1.263649344444275 7382
1751456211021 1.6878451108932495 7383
1751456212310 0.4979003667831421 7384
1751456213546 0.605729341506958 7385
1751456214798 1.2331665754318237 7386
1751456216079 0.5957155227661133 7387
1751456217378 0.6519550085067749 7388
1751456219286 0.8634948134422302 7389
1751456220554 0.7682338356971741 7390
1751456221712 0.5654794573783875 7391
1751456222999 1.1793004274368286 7392
1751456224301 0.5917983651161194 7393
1751456225813 1.1024115085601807 7394
1751456227074 0.8258864283561707 7395
1751456228383 0.7054286003112793 7396
1751456230414 0.9905987977981567 7397
1751456231686 1.1860976219177246 7398
1751456233012 0.5191970467567444 7399
1751456234305 0.496574729681015 7400
1751456235600 0.7738238573074341 7401
1751456237036 0.4980495572090149 7402
1751456238298 1.9687480926513672 7403
1751456239555 0.6194981336593628 7404
1751456240827 0.7298807501792908 7405
1751456242082 1.2076371908187866 7406
1751456243356 0.7921161651611328 7407
1751456244598 1.216936707496643 7408
1751456246149 0.700161337852478 7409
1751456247438 0.5246599316596985 7410
1751456248657 0.657078742980957 7411
1751456249952 1.0056684017181396 7412
1751456251508 0.5007753372192383 7413
1751456252775 0.6551461815834045 7414
1751456254088 0.7419865727424622 7415
1751456255372 0.6815705299377441 7416
1751456256646 0.6404646635055542 7417
1751456257882 0.5641460418701172 7418
1751456259146 0.5230281352996826 7419
1751456260495 0.5883721113204956 7420
1751456262252 0.5499262809753418 7421
1751456263618 0.6827847957611084 7422
1751456264856 0.8213276863098145 7423
1751456266517 0.8525275588035583 7424
1751456267793 0.43505990505218506 7425
1751456269099 0.5341405272483826 7426
1751456270439 0.50712651014328 7427
1751456271796 0.629925549030304 7428
1751456273292 0.5069236159324646 7429
1751456274538 0.9539250731468201 7430
1751456275826 1.2455508708953857 7431
1751456277093 0.6192057728767395 7432
1751456278364 0.7725227475166321 7433
1751456279626 0.9225083589553833 7434
1751456280949 0.8058481812477112 7435
1751456282288 0.5592430830001831 7436
1751456283846 1.078554391860962 7437
1751456285098 0.7261251211166382 7438
1751456286627 1.5697174072265625 7439
1751456287879 0.7598164081573486 7440
1751456289164 0.5406383275985718 7441
1751456290478 0.8182603120803833 7442
1751456291807 0.6273033022880554 7443
1751456293118 0.9227015972137451 7444
1751456294446 0.5789514780044556 7445
1751456295679 0.5668087601661682 7446
1751456296866 1.2787740230560303 7447
1751456298163 1.1505801677703857 7448
1751456299458 0.6587717533111572 7449
1751456300728 1.446183681488037 7450
1751456302020 0.7064071893692017 7451
1751456303252 0.8904191255569458 7452
1751456304892 0.5689581036567688 7453
1751456306121 0.7307759523391724 7454
1751456307647 0.7801536321640015 7455
1751456308983 0.682640790939331 7456
1751456310271 1.4213643074035645 7457
1751456311531 0.15614750981330872 7458
1751456312818 0.8627463579177856 7459
1751456314071 1.2708876132965088 7460
1751456315636 2.078212261199951 7461
1751456316931 0.6708811521530151 7462
1751456318170 1.4023010730743408 7463
1751456319425 0.3261183202266693 7464
1751456320686 1.8120607137680054 7465
1751456321929 1.2003850936889648 7466
1751456323199 0.6799301505088806 7467
1751456324447 0.8202337026596069 7468
1751456326063 0.7373825311660767 7469
1751456327630 1.398169994354248 7470
1751456328892 0.5908554792404175 7471
1751456330116 0.6054277420043945 7472
1751456331454 0.717682957649231 7473
1751456332673 0.8229453563690186 7474
1751456333978 0.8051983118057251 7475
1751456335230 0.5943229794502258 7476
1751456336512 0.2770441174507141 7477
1751456337788 0.8733958005905151 7478
1751456339079 0.5339969396591187 7479
1751456340410 0.8670471906661987 7480
1751456341863 0.8198341131210327 7481
1751456343254 0.5935264229774475 7482
1751456344566 0.5702804327011108 7483
1751456345870 0.5150229930877686 7484
1751456347452 0.5875868201255798 7485
1751456348716 0.6195095777511597 7486
1751456350078 1.353332757949829 7487
1751456351306 0.7616996765136719 7488
1751456352629 1.4850348234176636 7489
1751456353847 1.002507209777832 7490
1751456355080 1.7990361452102661 7491
1751456356420 0.6547836065292358 7492
1751456357844 0.6922944188117981 7493
1751456359166 0.8233886957168579 7494
1751456360419 1.2112658023834229 7495
1751456361713 0.5446590781211853 7496
1751456363064 0.7359133958816528 7497
1751456364399 0.9329968094825745 7498
1751456365670 0.630314826965332 7499
1751456367284 1.1390748023986816 7500
1751456368629 0.8895331621170044 7501
1751456369945 0.70152747631073 7502
1751456371242 1.176619291305542 7503
1751456372552 0.5472292900085449 7504
1751456373791 0.5746841430664062 7505
1751456375024 0.6838726997375488 7506
1751456376262 0.6800525188446045 7507
1751456377577 1.4005519151687622 7508
1751456378812 0.5966587066650391 7509
1751456380065 0.46996963024139404 7510
1751456381373 0.4371660351753235 7511
1751456382647 0.6061525344848633 7512
1751456383978 0.9436938762664795 7513
1751456385283 0.5886505246162415 7514
1751456386895 0.7163369655609131 7515
1751456388175 1.0372456312179565 7516
1751456389496 2.623938798904419 7517
1751456390789 0.7343185544013977 7518
1751456392041 0.8775128126144409 7519
1751456393358 0.8944761157035828 7520
1751456394751 0.990017294883728 7521
1751456396067 0.801137387752533 7522
1751456397385 0.6947631239891052 7523
1751456398648 1.0924638509750366 7524
1751456399917 0.5825979113578796 7525
1751456401159 0.6104808449745178 7526
1751456402452 1.376049280166626 7527
1751456403677 0.36351948976516724 7528
1751456405246 0.6642003655433655 7529
1751456406727 0.6653563380241394 7530
1751456408047 0.9056849479675293 7531
1751456409329 0.1773238629102707 7532
1751456410596 0.7423487901687622 7533
1751456411906 0.6015217900276184 7534
1751456413178 1.0160257816314697 7535
1751456414460 0.7044507265090942 7536
1751456415875 0.7105776071548462 7537
1751456417160 0.44175028800964355 7538
1751456418483 0.417161226272583 7539
1751456419771 0.8101441860198975 7540
1751456421007 0.7936632633209229 7541
1751456422225 0.7583405375480652 7542
1751456423497 0.5293699502944946 7543
1751456424804 0.9603673815727234 7544
1751456427134 0.6662827134132385 7545
1751456428386 0.6320806741714478 7546
1751456429662 0.4554606080055237 7547
1751456430939 0.8825627565383911 7548
1751456432270 0.5500024557113647 7549
1751456433550 0.5012155771255493 7550
1751456434893 1.072248935699463 7551
1751456436200 0.4910541772842407 7552
1751456437504 0.6273244619369507 7553
1751456438830 0.9171953797340393 7554
1751456440186 0.28376108407974243 7555
1751456441419 0.7631474733352661 7556
1751456442639 1.2182831764221191 7557
1751456443940 0.8095417618751526 7558
1751456445194 0.6333636045455933 7559
1751456446562 0.8349928855895996 7560
1751456448108 0.6714968681335449 7561
1751456449450 0.6208226680755615 7562
1751456450737 0.4997652769088745 7563
1751456452124 0.5926834344863892 7564
1751456453581 0.5936092138290405 7565
1751456454836 0.5470302104949951 7566
1751456456131 1.3553409576416016 7567
1751456457357 0.8159498572349548 7568
1751456458633 0.8429454565048218 7569
1751456459917 0.7333942651748657 7570
1751456461177 0.5319225788116455 7571
1751456462524 0.6233580112457275 7572
1751456463768 0.3861009180545807 7573
1751456465003 0.7022603154182434 7574
1751456466237 0.8005425333976746 7575
1751456467819 1.0889952182769775 7576
1751456469134 0.6945639848709106 7577
1751456470427 1.7670961618423462 7578
1751456471713 0.7387025356292725 7579
1751456472960 0.20626607537269592 7580
1751456474271 0.6130581498146057 7581
1751456475507 0.937721848487854 7582
1751456476833 2.1978142261505127 7583
1751456478148 1.2324403524398804 7584
1751456479771 0.7216125130653381 7585
1751456481099 0.6928862929344177 7586
1751456482350 0.608201801776886 7587
1751456483620 0.5250039100646973 7588
1751456484829 0.7654241323471069 7589
1751456486053 0.6800003051757812 7590
1751456487733 0.6663845777511597 7591
1751456489052 0.9683796167373657 7592
1751456490519 0.6085374355316162 7593
1751456491831 0.9398865699768066 7594
1751456493070 1.2234293222427368 7595
1751456494375 0.7216760516166687 7596
1751456495649 0.7790787220001221 7597
1751456496941 0.6203769445419312 7598
1751456498180 0.7604825496673584 7599
1751456499473 1.2091622352600098 7600
1751456500771 0.6158007383346558 7601
1751456502066 0.5458616018295288 7602
1751456503385 0.6041253805160522 7603
1751456504659 0.6579242944717407 7604
1751456505971 0.6877486109733582 7605
1751456507299 0.7191667556762695 7606
1751456508927 0.6896353960037231 7607
1751456510173 0.7720311880111694 7608
1751456511883 0.14782088994979858 7609
1751456513243 1.0236762762069702 7610
1751456514493 0.7747794389724731 7611
1751456515834 0.591211199760437 7612
1751456517114 0.8111072778701782 7613
1751456518510 1.060268521308899 7614
1751456519736 0.7351800203323364 7615
1751456520953 0.11370771378278732 7616
1751456522686 1.010561466217041 7617
1751456524012 0.8822308778762817 7618
1751456525303 0.6852548718452454 7619
1751456526621 0.5879511833190918 7620
1751456527873 1.3083820343017578 7621
1751456529298 0.31960511207580566 7622
1751456530607 5.092262268066406 7623
1751456531845 0.9385536909103394 7624
1751456533112 0.19493713974952698 7625
1751456534372 1.0319340229034424 7626
1751456535721 0.6831665635108948 7627
1751456536993 1.127651333808899 7628
1751456538228 0.7011293172836304 7629
1751456539511 0.877315878868103 7630
1751456540771 0.8708093762397766 7631
1751456541986 1.085349440574646 7632
1751456543265 0.5709131360054016 7633
1751456544498 0.9855806827545166 7634
1751456545846 0.912022054195404 7635
1751456547090 0.5799695253372192 7636
1751456548732 0.7652822732925415 7637
1751456549971 0.8000218868255615 7638
1751456551223 0.4100869596004486 7639
1751456552461 0.6564751863479614 7640
1751456553640 1.4236929416656494 7641
1751456554942 1.0328540802001953 7642
1751456556260 0.6388941407203674 7643
1751456557517 0.7283715009689331 7644
1751456558790 0.6302720308303833 7645
1751456560062 0.6447250247001648 7646
1751456561396 0.4658314287662506 7647
1751456562689 0.019660400226712227 7648
1751456563981 1.0394320487976074 7649
1751456565308 0.5441082715988159 7650
1751456566582 0.4663141667842865 7651
1751456567810 0.9979112148284912 7652
1751456569332 0.7937025427818298 7653
1751456570593 1.5601080656051636 7654
1751456572086 1.114743947982788 7655
1751456573358 0.5930261015892029 7656
1751456574615 0.23881414532661438 7657
1751456575893 0.5048091411590576 7658
1751456577143 0.624329686164856 7659
1751456578381 0.6270214915275574 7660
1751456579609 0.22295492887496948 7661
1751456581072 0.20092955231666565 7662
1751456582585 0.7961122989654541 7663
1751456583817 0.6884855031967163 7664
1751456585110 0.5761949419975281 7665
1751456586445 0.5533263087272644 7666
1751456587752 0.8195154666900635 7667
1751456589248 1.0572218894958496 7668
1751456590515 0.6221790313720703 7669
1751456591769 1.0438508987426758 7670
1751456593013 0.7622277736663818 7671
1751456594335 1.057196855545044 7672
1751456595621 0.8567147254943848 7673
1751456596891 0.7254859209060669 7674
1751456598167 0.6048605442047119 7675
1751456599505 0.5336703062057495 7676
1751456600800 0.800818920135498 7677
1751456602091 0.49730604887008667 7678
1751456603398 0.7285170555114746 7679
1751456604615 0.4760119915008545 7680
1751456605960 0.9613196849822998 7681
1751456607250 0.752848744392395 7682
1751456608753 1.0643303394317627 7683
1751456610249 0.5385643243789673 7684
1751456611522 1.1173410415649414 7685
1751456612949 1.200898289680481 7686
1751456614370 1.0881764888763428 7687
1751456615692 0.6055200099945068 7688
1751456617393 0.5372419953346252 7689
1751456618788 0.5318078994750977 7690
1751456620015 1.2271783351898193 7691
1751456621436 1.059833288192749 7692
1751456622699 0.5763910412788391 7693
1751456624080 0.9568370580673218 7694
1751456625616 0.7002744078636169 7695
1751456626948 0.6170034408569336 7696
1751456628324 6.254154682159424 7697
1751456629691 0.7131701707839966 7698
1751456631262 0.5125457644462585 7699
1751456632683 0.6191017031669617 7700
1751456634498 1.072066307067871 7701
1751456635854 0.4236172139644623 7702
1751456637139 0.6650452613830566 7703
1751456638489 0.4893127679824829 7704
1751456640344 0.7601529359817505 7705
1751456641825 0.5170025825500488 7706
1751456643302 0.631475031375885 7707
1751456644584 0.770581841468811 7708
1751456645867 0.5645570755004883 7709
1751456647666 0.5107993483543396 7710
1751456649534 0.741854190826416 7711
1751456650777 0.6768603920936584 7712
1751456652148 0.6446859836578369 7713
1751456653649 0.7235008478164673 7714
1751456654991 0.40503546595573425 7715
1751456656237 0.39108720421791077 7716
1751456657537 1.3659628629684448 7717
1751456658781 0.6326755881309509 7718
1751456660008 1.241957187652588 7719
1751456661223 1.1680471897125244 7720
1751456662469 1.2424290180206299 7721
1751456663707 0.5863609313964844 7722
1751456665035 0.5598639249801636 7723
1751456666330 0.9012069702148438 7724
1751456667776 1.2738063335418701 7725
1751456669051 0.8048367500305176 7726
1751456670370 0.8109925985336304 7727
1751456671666 0.5284298062324524 7728
1751456673301 1.149610996246338 7729
1751456674660 0.5829432010650635 7730
1751456675874 0.5986193418502808 7731
1751456677227 0.76210618019104 7732
1751456678956 0.9604021310806274 7733
1751456680215 1.002678632736206 7734
1751456681472 1.3745832443237305 7735
1751456682755 1.61005699634552 7736
1751456684028 1.0953205823898315 7737
1751456685349 0.873455286026001 7738
1751456686639 0.7828174233436584 7739
1751456687953 0.6704826951026917 7740
1751456689518 0.9713684320449829 7741
1751456690757 0.504639744758606 7742
1751456692064 0.7471537590026855 7743
1751456693644 0.7207512855529785 7744
1751456695166 0.8175140023231506 7745
1751456696472 3.824246406555176 7746
1751456697705 0.6365123987197876 7747
1751456698953 0.7296395897865295 7748
1751456700161 0.9301198720932007 7749
1751456701447 1.5601422786712646 7750
1751456702838 1.0889270305633545 7751
1751456704124 0.599519670009613 7752
1751456705518 0.6183521747589111 7753
1751456706985 1.8467581272125244 7754
1751456708346 1.3253180980682373 7755
1751456709682 0.9591543674468994 7756
1751456711051 0.5145403742790222 7757
1751456712471 0.9542946815490723 7758
1751456713735 0.3897435665130615 7759
1751456715051 0.9241466522216797 7760
1751456716396 1.0739784240722656 7761
1751456717656 0.3252243995666504 7762
1751456718960 0.5974621772766113 7763
1751456720205 1.0008254051208496 7764
1751456721524 0.7002509236335754 7765
1751456722890 1.0229625701904297 7766
1751456724138 0.5470662117004395 7767
1751456725450 1.1777349710464478 7768
1751456726761 1.0929510593414307 7769
1751456728056 0.6078976988792419 7770
1751456729345 0.6859906315803528 7771
1751456731112 0.4601925313472748 7772
1751456732525 0.6657886505126953 7773
1751456733826 0.7192965745925903 7774
1751456735102 0.9908256530761719 7775
1751456736396 0.6684119701385498 7776
1751456737702 1.186055064201355 7777
1751456739124 0.980955958366394 7778
1751456740402 0.7259542942047119 7779
1751456741671 0.8758901357650757 7780
1751456742936 0.7260951995849609 7781
1751456744308 0.889701247215271 7782
1751456745555 0.9344751834869385 7783
1751456746883 0.6468679904937744 7784
1751456748178 0.6913706064224243 7785
1751456749687 2.471872568130493 7786
1751456751044 1.2642366886138916 7787
1751456752327 0.7799971103668213 7788
1751456753638 0.696777880191803 7789
1751456754929 0.708890438079834 7790
1751456756202 0.6424468159675598 7791
1751456757493 0.7748796939849854 7792
1751456758813 0.5187156200408936 7793
1751456760238 0.6074892282485962 7794
1751456761477 1.1276359558105469 7795
1751456762727 0.8532669544219971 7796
1751456764026 0.9816967844963074 7797
1751456765326 0.5657995939254761 7798
1751456766690 0.47576993703842163 7799
1751456767941 0.3377252519130707 7800
1751456769466 0.6056733727455139 7801
1751456770835 0.3794807195663452 7802
1751456772104 1.1591442823410034 7803
1751456773382 0.6740074157714844 7804
1751456774718 0.6291323304176331 7805
1751456775982 0.691702663898468 7806
1751456777271 0.973811686038971 7807
1751456778613 0.6148202419281006 7808
1751456779939 0.8642056584358215 7809
1751456781343 0.9141451716423035 7810
1751456782602 0.5744301080703735 7811
1751456783901 0.7535667419433594 7812
1751456785228 0.6846057772636414 7813
1751456786504 0.8295984268188477 7814
1751456787829 0.723106861114502 7815
1751456789447 0.45862552523612976 7816
1751456790711 1.0596308708190918 7817
1751456791976 0.5945674180984497 7818
1751456793294 0.9781489372253418 7819
1751456794577 0.5000635385513306 7820
1751456795920 0.7547306418418884 7821
1751456797225 0.8776782155036926 7822
1751456798474 0.31065601110458374 7823
1751456799736 0.7540351152420044 7824
1751456801190 1.1112549304962158 7825
1751456802586 0.41339775919914246 7826
1751456803903 0.5707392692565918 7827
1751456805159 1.0351532697677612 7828
1751456806436 1.1790976524353027 7829
1751456807940 0.5589379072189331 7830
1751456809209 0.5708092451095581 7831
1751456810459 0.7063743472099304 7832
1751456811744 1.1512110233306885 7833
1751456812995 0.4769231081008911 7834
1751456814320 1.093047857284546 7835
1751456815581 0.6815997362136841 7836
1751456816936 0.7177636623382568 7837
1751456819016 0.983408510684967 7838
1751456820361 0.6478663682937622 7839
1751456821678 0.7669212818145752 7840
1751456823016 0.6101944446563721 7841
1751456824312 0.821429431438446 7842
1751456825575 1.0564647912979126 7843
1751456826851 0.6480626463890076 7844
1751456828438 0.6202330589294434 7845
1751456829743 1.249300479888916 7846
1751456830970 0.9538155794143677 7847
1751456832226 0.9916316270828247 7848
1751456833505 1.6979886293411255 7849
1751456834841 0.5097708106040955 7850
1751456836147 1.5914918184280396 7851
1751456837360 0.7974119186401367 7852
1751456838630 0.6410816311836243 7853
1751456840020 0.9040699005126953 7854
1751456841258 0.3115307688713074 7855
1751456842523 0.6776896715164185 7856
1751456843832 1.8693294525146484 7857
1751456845135 0.796985387802124 7858
1751456846333 0.9365312457084656 7859
1751456847943 0.7926801443099976 7860
1751456849279 0.6511096358299255 7861
1751456850891 0.6458817720413208 7862
1751456852150 0.6255189180374146 7863
1751456853382 3.418490171432495 7864
1751456854755 0.43097954988479614 7865
1751456856068 1.1656906604766846 7866
1751456857342 0.6454424262046814 7867
1751456858604 0.8545687198638916 7868
1751456859970 0.6515305042266846 7869
1751456861358 0.5077639818191528 7870
1751456862691 0.6908104419708252 7871
1751456863943 0.9941838979721069 7872
1751456865237 0.14765819907188416 7873
1751456866844 0.7784387469291687 7874
1751456868109 0.6930235624313354 7875
1751456869448 1.3141193389892578 7876
1751456870710 0.2869183123111725 7877
1751456872157 0.7107033729553223 7878
1751456873443 0.5584567189216614 7879
1751456874738 1.2603081464767456 7880
1751456875962 2.5525805950164795 7881
1751456877230 0.3537237048149109 7882
1751456878595 0.6386948227882385 7883
1751456879883 1.182944893836975 7884
1751456881167 1.0523724555969238 7885
1751456882832 0.8274155259132385 7886
1751456884105 0.08913463354110718 7887
1751456885680 0.6172213554382324 7888
1751456886969 0.7456943988800049 7889
1751456888291 0.5929417014122009 7890
1751456889499 0.977677583694458 7891
1751456890925 0.5088492631912231 7892
1751456892221 0.9858354926109314 7893
1751456893496 0.6948181390762329 7894
1751456894851 0.7294338941574097 7895
1751456896141 0.6352273225784302 7896
1751456897418 0.41378626227378845 7897
1751456898754 1.103603482246399 7898
1751456900036 1.224723219871521 7899
1751456901332 0.6639837026596069 7900
1751456902557 0.06810701638460159 7901
1751456904361 0.6425355672836304 7902
1751456905979 0.960013747215271 7903
1751456907156 0.8602667450904846 7904
1751456908457 0.787996232509613 7905
1751456909728 0.8277210593223572 7906
1751456911122 0.8760102987289429 7907
1751456912364 1.0492111444473267 7908
1751456913852 1.890716791152954 7909
1751456915335 0.5801777839660645 7910
1751456916653 0.6664156317710876 7911
1751456917884 1.2121905088424683 7912
1751456919141 1.7802516222000122 7913
1751456920411 0.7187764644622803 7914
1751456921682 0.8273834586143494 7915
1751456923008 0.7487624287605286 7916
1751456924543 1.0748977661132812 7917
1751456926051 0.6519088745117188 7918
1751456927317 0.49471622705459595 7919
1751456928532 0.46352776885032654 7920
1751456929748 1.3488377332687378 7921
1751456931001 0.6402543783187866 7922
1751456932307 1.1316442489624023 7923
1751456933560 0.7805577516555786 7924
1751456934798 0.7073683142662048 7925
1751456936734 0.568901777267456 7926
1751456937980 1.425158977508545 7927
1751456939315 0.4554409086704254 7928
1751456940648 1.181848168373108 7929
1751456941903 0.5564625859260559 7930
1751456943468 0.6465702652931213 7931
1751456944738 0.9241715669631958 7932
1751456946147 0.7250880599021912 7933
1751456947430 1.1007583141326904 7934
1751456948720 1.2817761898040771 7935
1751456950048 0.48923760652542114 7936
1751456951321 0.6599490642547607 7937
1751456952604 0.07167527824640274 7938
1751456953865 1.1652172803878784 7939
1751456955181 0.6809682250022888 7940
1751456956443 1.6862540245056152 7941
1751456958114 0.6292094588279724 7942
1751456959496 0.5288571119308472 7943
1751456960726 0.6869256496429443 7944
1751456962005 0.35276806354522705 7945
1751456963551 0.8848992586135864 7946
1751456964833 0.7097814083099365 7947
1751456966125 0.5334920287132263 7948
1751456967542 0.9772628545761108 7949
1751456968934 0.9302300214767456 7950
1751456970180 1.2822530269622803 7951
1751456971472 0.57672518491745 7952
1751456972730 0.7718182802200317 7953
1751456974040 1.2069432735443115 7954
1751456975385 0.08990593254566193 7955
1751456976667 0.642074704170227 7956
1751456977973 1.1981267929077148 7957
1751456979820 1.086637020111084 7958
1751456981095 0.6723673343658447 7959
1751456982662 0.8641228079795837 7960
1751456983915 1.4625349044799805 7961
1751456985164 0.7678124904632568 7962
1751456986432 0.45875322818756104 7963
1751456987669 1.5522303581237793 7964
1751456989127 0.5814154148101807 7965
1751456990441 0.8081539273262024 7966
1751456991850 0.649018406867981 7967
1751456993125 1.2754604816436768 7968
1751456994442 0.7780699133872986 7969
1751456995729 0.6637970209121704 7970
1751456996937 2.396012306213379 7971
1751456998237 0.5262552499771118 7972
1751456999526 0.657975971698761 7973
1751457000945 1.7084006071090698 7974
1751457002557 0.42505162954330444 7975
1751457003807 0.5734716057777405 7976
1751457005046 0.5389242172241211 7977
1751457006311 0.9162551164627075 7978
1751457007603 0.9955250024795532 7979
1751457008894 0.6487454771995544 7980
1751457010125 1.2554123401641846 7981
1751457011392 0.576266884803772 7982
1751457012628 0.7947238683700562 7983
1751457014023 1.005888819694519 7984
1751457015303 0.7953405976295471 7985
1751457016577 0.6748084425926208 7986
1751457017922 0.9227789640426636 7987
1751457019223 0.5299777388572693 7988
1751457020551 1.147735595703125 7989
1751457022498 0.6441613435745239 7990
1751457023774 3.1107263565063477 7991
1751457025027 1.009842038154602 7992
1751457026291 0.9288250207901001 7993
1751457027559 1.1661865711212158 7994
1751457028850 0.6273342370986938 7995
1751457030154 0.7983100414276123 7996
1751457031364 1.3769681453704834 7997
1751457032892 0.5335510969161987 7998
1751457034165 1.0904743671417236 7999
1751457035435 0.7583411931991577 8000
1751457036684 0.6289880275726318 8001
1751457037909 0.6861745119094849 8002
1751457039183 0.667544960975647 8003
1751457040515 0.6211658120155334 8004
1751457042339 0.9095381498336792 8005
1751457043625 0.6529800891876221 8006
1751457044856 0.8299249410629272 8007
1751457046240 0.5652168393135071 8008
1751457047534 0.8482489585876465 8009
1751457048819 1.0336698293685913 8010
1751457050125 1.2916523218154907 8011
1751457051421 1.0268218517303467 8012
1751457052658 1.0355870723724365 8013
1751457053981 0.7845834493637085 8014
1751457055189 0.7083332538604736 8015
1751457056477 2.134509563446045 8016
1751457057786 0.7827465534210205 8017
1751457059464 0.9819165468215942 8018
1751457061181 0.8867932558059692 8019
1751457062378 1.1964974403381348 8020
1751457063641 0.512969970703125 8021
1751457064941 0.8011003732681274 8022
1751457066178 0.6049022674560547 8023
1751457067505 0.8026093244552612 8024
1751457068790 0.6197816133499146 8025
1751457070391 1.7396833896636963 8026
1751457071652 0.8607710003852844 8027
1751457073020 0.6205074787139893 8028
1751457074358 1.1934094429016113 8029
1751457075576 0.9396198987960815 8030
1751457076881 1.0169183015823364 8031
1751457078122 0.5772113800048828 8032
1751457079707 0.7335691452026367 8033
1751457080961 0.5613564252853394 8034
1751457082272 0.557105302810669 8035
1751457083555 0.4882967174053192 8036
1751457084755 0.8665352463722229 8037
1751457085976 0.9950592517852783 8038
1751457087220 0.5342885255813599 8039
1751457088453 0.45012372732162476 8040
1751457089675 0.7375727295875549 8041
1751457091563 0.6989033222198486 8042
1751457092770 0.6346390247344971 8043
1751457094019 0.598933219909668 8044
1751457095361 0.7230058908462524 8045
1751457096586 0.7166742086410522 8046
1751457098150 0.7790415287017822 8047
1751457099471 1.0579876899719238 8048
1751457100737 1.2633811235427856 8049
1751457102706 1.120154857635498 8050
1751457103984 0.8080108165740967 8051
1751457105262 0.8794857859611511 8052
1751457106577 0.5082865357398987 8053
1751457107888 1.415007472038269 8054
1751457109179 0.6073548793792725 8055
1751457110576 1.1601512432098389 8056
1751457111932 0.6688798666000366 8057
1751457113205 0.7442711591720581 8058
1751457114419 0.8042413592338562 8059
1751457115586 1.0550297498703003 8060
1751457116845 0.8072231411933899 8061
1751457118383 0.8821876645088196 8062
1751457119638 1.5925503969192505 8063
1751457120894 1.8366563320159912 8064
1751457122115 1.0649616718292236 8065
1751457123376 0.8936817646026611 8066
1751457124654 2.013766288757324 8067
1751457125960 1.2058873176574707 8068
1751457127158 0.6522088646888733 8069
1751457128388 1.3792979717254639 8070
1751457129686 0.8755689859390259 8071
1751457131123 0.42216944694519043 8072
1751457132442 0.850135862827301 8073
1751457134071 0.5320345759391785 8074
1751457135350 0.2019297480583191 8075
1751457136607 1.3489149808883667 8076
1751457138249 0.4273608922958374 8077
1751457139492 1.0942046642303467 8078
1751457140755 0.785112738609314 8079
1751457142030 0.8058627247810364 8080
1751457143266 0.9185435771942139 8081
1751457144494 0.5483004450798035 8082
1751457145771 0.5635216236114502 8083
1751457147183 0.9863637685775757 8084
1751457148550 0.9069502353668213 8085
1751457149861 0.5690250396728516 8086
1751457151191 0.6053769588470459 8087
1751457152468 1.0443322658538818 8088
1751457153736 0.8312610387802124 8089
1751457155439 0.8921353816986084 8090
1751457157087 0.6313649415969849 8091
1751457158364 0.9341837167739868 8092
1751457159627 0.46471846103668213 8093
1751457160907 1.1747994422912598 8094
1751457162218 0.6549558639526367 8095
1751457163469 1.421871542930603 8096
1751457164740 0.6820752620697021 8097
1751457166029 1.1326756477355957 8098
1751457167293 0.741278350353241 8099
1751457168609 1.5270369052886963 8100
1751457169900 0.33724144101142883 8101
1751457171158 1.0654207468032837 8102
1751457172399 1.2930032014846802 8103
1751457173982 0.7327261567115784 8104
1751457175414 0.7435060739517212 8105
1751457176826 0.9008626341819763 8106
1751457178092 0.8992903828620911 8107
1751457179304 1.0249292850494385 8108
1751457180488 0.5067963004112244 8109
1751457181792 0.7629204988479614 8110
1751457183037 0.47683078050613403 8111
1751457184279 1.0017396211624146 8112
1751457185534 1.255536675453186 8113
1751457187427 0.7057009935379028 8114
1751457188748 1.0374670028686523 8115
1751457190022 0.7235138416290283 8116
1751457191309 1.051109790802002 8117
1751457192773 0.3891993463039398 8118
1751457194073 0.9777038097381592 8119
1751457195284 0.8318750262260437 8120
1751457196588 0.755446195602417 8121
1751457198184 0.6883288025856018 8122
1751457199452 1.175249695777893 8123
1751457200830 0.44744420051574707 8124
1751457202097 0.8618628978729248 8125
1751457203399 0.5285124182701111 8126
1751457204713 0.6396732330322266 8127
1751457205917 0.44449877738952637 8128
1751457207188 1.5463385581970215 8129
1751457208963 1.3837438821792603 8130
1751457210281 0.6017522811889648 8131
1751457211820 1.2379190921783447 8132
1751457213063 0.6913425922393799 8133
1751457214403 1.1171995401382446 8134
1751457215733 0.9100646376609802 8135
1751457217074 0.3632398545742035 8136
1751457218310 0.5384678840637207 8137
1751457219588 0.5554133653640747 8138
1751457220971 1.1166986227035522 8139
1751457222224 0.10994826257228851 8140
1751457223497 0.7123987674713135 8141
1751457224814 0.9030153155326843 8142
1751457226101 0.08635636419057846 8143
1751457227359 0.5405118465423584 8144
1751457228749 0.6606080532073975 8145
1751457230615 0.9443169832229614 8146
1751457231920 0.594640851020813 8147
1751457233197 0.9508154392242432 8148
1751457234496 0.4997202754020691 8149
1751457235803 0.7176283597946167 8150
1751457237068 0.5011165142059326 8151
1751457238361 0.9499472379684448 8152
1751457239734 0.9688340425491333 8153
1751457241001 0.8612383008003235 8154
1751457242278 0.877045750617981 8155
1751457243562 0.8756784200668335 8156
1751457244844 0.6125975251197815 8157
1751457246061 0.8453755378723145 8158
1751457247315 0.8774738907814026 8159
1751457248888 0.8996191024780273 8160
1751457250195 0.731625497341156 8161
1751457251400 0.6003960371017456 8162
1751457252675 0.8696334958076477 8163
1751457254037 0.626097559928894 8164
1751457255335 0.7141311168670654 8165
1751457256692 0.6847527623176575 8166
1751457258726 0.5285968780517578 8167
1751457260054 0.5389264822006226 8168
1751457261302 0.7446155548095703 8169
1751457262514 0.795281171798706 8170
1751457263783 0.5241042375564575 8171
1751457265079 0.9215528964996338 8172
1751457266626 1.3118250370025635 8173
1751457267889 0.4189624786376953 8174
1751457269273 0.6193745136260986 8175
1751457270578 1.2497625350952148 8176
1751457271863 0.5375122427940369 8177
1751457273161 0.8673752546310425 8178
1751457274424 0.670891284942627 8179
1751457275760 0.7465136051177979 8180
1751457277009 0.8739176988601685 8181
1751457278307 0.522275447845459 8182
1751457279740 1.3487823009490967 8183
1751457281052 0.6423883438110352 8184
1751457282309 0.7560743093490601 8185
1751457283581 0.7896230816841125 8186
1751457285078 0.9767103791236877 8187
1751457286324 0.6767048239707947 8188
1751457287642 0.6912643909454346 8189
1751457289085 1.0319364070892334 8190
1751457290511 0.6119691729545593 8191
1751457291840 0.794252872467041 8192
1751457293083 0.6953564286231995 8193
1751457294492 1.1912777423858643 8194
1751457295771 0.8985005021095276 8195
1751457297054 0.8128277659416199 8196
1751457298345 1.3423415422439575 8197
1751457299674 0.3890238404273987 8198
1751457301219 0.7282571196556091 8199
1751457302570 0.593505859375 8200
1751457304286 0.9619510769844055 8201
1751457305608 0.7028659582138062 8202
1751457306988 0.6385758519172668 8203
1751457308270 0.7427184581756592 8204
1751457309542 0.6425351500511169 8205
1751457310783 1.1054303646087646 8206
1751457312099 0.5056006908416748 8207
1751457313406 0.6133540868759155 8208
1751457314802 0.23468737304210663 8209
1751457316093 1.0402703285217285 8210
1751457317410 0.4933135211467743 8211
1751457318778 0.76198410987854 8212
1751457320050 0.6467800140380859 8213
1751457321313 0.7085697650909424 8214
1751457323003 0.6238065958023071 8215
1751457324272 0.8315336108207703 8216
1751457325512 1.2396591901779175 8217
1751457326798 0.9943842887878418 8218
1751457328058 0.5958173274993896 8219
1751457329358 0.6398401260375977 8220
1751457330741 0.658483624458313 8221
1751457332074 0.7094204425811768 8222
1751457333361 0.9643517732620239 8223
1751457334620 0.17446884512901306 8224
1751457335889 1.1699450016021729 8225
1751457337139 0.494392454624176 8226
1751457338429 0.726161777973175 8227
1751457340015 0.565941333770752 8228
1751457341262 0.7727886438369751 8229
1751457342517 0.5752501487731934 8230
1751457343799 1.2105419635772705 8231
1751457345029 1.0820627212524414 8232
1751457346336 1.154990792274475 8233
1751457347677 0.9020743370056152 8234
1751457348938 0.8979472517967224 8235
1751457350252 0.5439939498901367 8236
1751457351587 0.6839406490325928 8237
1751457352888 0.611096203327179 8238
1751457354445 0.4970625042915344 8239
1751457355755 0.711425244808197 8240
1751457357254 0.990179181098938 8241
1751457358575 0.6700835227966309 8242
1751457359845 0.623409628868103 8243
1751457361092 0.49614229798316956 8244
1751457362457 0.8196759223937988 8245
1751457363737 1.039962887763977 8246
1751457365231 0.43207651376724243 8247
1751457366572 1.4292919635772705 8248
1751457367841 0.9459691643714905 8249
1751457369152 1.0636831521987915 8250
1751457370366 0.9252272844314575 8251
1751457371699 0.894997239112854 8252
1751457373044 0.54002845287323 8253
1751457374404 0.591124415397644 8254
1751457376329 0.6492851972579956 8255
1751457377512 1.1700146198272705 8256
1751457378834 1.6024385690689087 8257
1751457380159 0.5955378413200378 8258
1751457381424 0.5701751708984375 8259
1751457382630 1.9989553689956665 8260
1751457383878 1.1403056383132935 8261
1751457385306 1.0463557243347168 8262
1751457386786 1.4273974895477295 8263
1751457388012 0.8060817122459412 8264
1751457389228 1.752808690071106 8265
1751457390558 0.58049476146698 8266
1751457391853 0.6971758604049683 8267
1751457393114 1.436361312866211 8268
1751457394642 0.8595985770225525 8269
1751457395983 0.765266478061676 8270
1751457397431 1.0293247699737549 8271
1751457398646 1.3588099479675293 8272
1751457399908 0.6788738369941711 8273
1751457401231 0.6107234954833984 8274
1751457402509 0.6801844835281372 8275
1751457403773 0.5413458347320557 8276
1751457405049 0.6645062565803528 8277
1751457406390 1.0612421035766602 8278
1751457408054 0.6244253516197205 8279
1751457409356 0.8138867020606995 8280
1751457410692 1.0206003189086914 8281
1751457412259 0.9342715740203857 8282
1751457413481 0.6854181885719299 8283
1751457414871 1.4986125230789185 8284
1751457416139 0.5548142790794373 8285
1751457417473 0.5933911800384521 8286
1751457419183 0.687818706035614 8287
1751457420405 1.2514663934707642 8288
1751457421667 1.1185710430145264 8289
1751457423086 0.6614004969596863 8290
1751457424406 0.6742913126945496 8291
1751457425649 0.8853293657302856 8292
1751457426905 0.5477082133293152 8293
1751457428183 0.7620953917503357 8294
1751457429540 0.9283921718597412 8295
1751457431227 0.7435038685798645 8296
1751457432489 0.6643944978713989 8297
1751457433788 0.9690582752227783 8298
1751457435150 1.9841974973678589 8299
1751457436548 1.6133782863616943 8300
1751457437737 1.8160781860351562 8301
1751457439001 0.7018156051635742 8302
1751457440346 1.2664350271224976 8303
1751457441643 0.6173008680343628 8304
1751457442903 0.9142597913742065 8305
1751457444175 1.0399609804153442 8306
1751457445451 0.8447468280792236 8307
1751457446665 0.7301109433174133 8308
1751457447962 0.5706971287727356 8309
1751457449447 0.9306317567825317 8310
1751457450698 1.083756446838379 8311
1751457452024 0.6036854982376099 8312
1751457453333 0.7271590828895569 8313
1751457454591 0.5553556680679321 8314
1751457455942 0.6973196268081665 8315
1751457457245 0.7124154567718506 8316
1751457458570 0.06540432572364807 8317
1751457459882 1.2474002838134766 8318
1751457461125 1.503861904144287 8319
1751457462461 0.45369258522987366 8320
1751457463720 0.5083618760108948 8321
1751457464887 0.8284887671470642 8322
1751457466222 0.5230636596679688 8323
1751457467835 1.057112455368042 8324
1751457469135 0.5228479504585266 8325
1751457470386 2.9177937507629395 8326
1751457471647 0.8663784265518188 8327
1751457472898 1.0043165683746338 8328
1751457474149 0.5739892721176147 8329
1751457475394 1.4801640510559082 8330
1751457476646 0.763231635093689 8331
1751457477891 0.6383343935012817 8332
1751457479317 0.6891195178031921 8333
1751457480717 0.7866078615188599 8334
1751457482029 0.8756848573684692 8335
1751457483304 0.5994461178779602 8336
1751457484880 0.5880558490753174 8337
1751457486165 0.896662712097168 8338
1751457487358 0.7301490902900696 8339
1751457488640 0.6743110418319702 8340
1751457489917 0.6644033193588257 8341
1751457491469 1.021659255027771 8342
1751457492739 0.5126954317092896 8343
1751457493978 2.1255040168762207 8344
1751457495271 0.37909799814224243 8345
1751457496489 0.7685083746910095 8346
1751457497857 0.6042454242706299 8347
1751457499243 1.012637734413147 8348
1751457500533 0.6556533575057983 8349
1751457502376 0.5606951713562012 8350
1751457503755 0.40785959362983704 8351
1751457505068 0.818315327167511 8352
1751457506351 0.6719493269920349 8353
1751457507636 0.7414687871932983 8354
1751457508972 0.5934333801269531 8355
1751457510268 1.427520751953125 8356
1751457511535 0.8985008597373962 8357
1751457512826 0.7974265813827515 8358
1751457514059 0.8600176572799683 8359
1751457515349 0.8820277452468872 8360
1751457516664 0.6142094135284424 8361
1751457518020 0.7792904376983643 8362
1751457519247 0.5761922597885132 8363
1751457520791 0.8169201612472534 8364
1751457522080 1.2475608587265015 8365
1751457523532 0.7621074914932251 8366
1751457524779 0.6922370791435242 8367
1751457526051 1.1165052652359009 8368
1751457527323 0.6718020439147949 8369
1751457528548 1.6061205863952637 8370
1751457529876 0.7093108892440796 8371
1751457531138 0.6018915176391602 8372
1751457532450 0.16520513594150543 8373
1751457534348 0.7044765949249268 8374
1751457535644 0.7501257658004761 8375
1751457536953 0.9793256521224976 8376
1751457538291 0.657974362373352 8377
1751457539939 0.6662812232971191 8378
1751457541257 0.6497830152511597 8379
1751457542563 1.2642865180969238 8380
1751457543856 0.8626821041107178 8381
1751457545132 0.7679212093353271 8382
1751457546349 0.797536313533783 8383
1751457547658 0.9414393305778503 8384
1751457548934 0.1373387575149536 8385
1751457550211 0.8405967950820923 8386
1751457551485 0.7887212038040161 8387
1751457552741 0.4689519703388214 8388
1751457554058 1.7727572917938232 8389
1751457555333 1.0902817249298096 8390
1751457556614 0.6189630031585693 8391
1751457558251 0.8544613122940063 8392
1751457559547 0.709811270236969 8393
1751457560804 0.7877506017684937 8394
1751457562043 0.967017412185669 8395
1751457563317 0.1621939241886139 8396
1751457564656 0.6380980610847473 8397
1751457565955 0.7769253253936768 8398
1751457567224 0.6598983407020569 8399
1751457568441 1.1180323362350464 8400
1751457569694 0.7808237671852112 8401
1751457571009 1.2220714092254639 8402
1751457572369 0.6382913589477539 8403
1751457573548 2.764829158782959 8404
1751457575226 0.6553043127059937 8405
1751457576549 0.7673221826553345 8406
1751457577837 0.5376099348068237 8407
1751457579056 0.41767582297325134 8408
1751457580440 0.5437638163566589 8409
1751457581679 0.5184764266014099 8410
1751457582917 0.6650525331497192 8411
1751457584134 1.0149896144866943 8412
1751457585380 1.1024513244628906 8413
1751457586795 1.1330136060714722 8414
1751457588068 0.6724442839622498 8415
1751457589424 0.7678661346435547 8416
1751457590646 0.4638592004776001 8417
1751457592028 0.5970473289489746 8418
1751457593797 0.7399158477783203 8419
1751457595117 1.3964591026306152 8420
1751457596461 0.6172671318054199 8421
1751457597807 0.7525147199630737 8422
1751457599053 0.49837541580200195 8423
1751457600320 2.1867098808288574 8424
1751457601560 0.6623210906982422 8425
1751457602820 0.7358289361000061 8426
1751457604129 1.1020987033843994 8427
1751457605403 0.8898923993110657 8428
1751457606748 0.6058013439178467 8429
1751457608035 1.0164480209350586 8430
1751457609346 0.219882532954216 8431
1751457610800 0.6104993224143982 8432
1751457612147 0.5087087154388428 8433
1751457613710 0.7189360857009888 8434
1751457614992 0.8511357307434082 8435
1751457616290 0.7926441431045532 8436
1751457617562 0.5803841948509216 8437
1751457618861 0.7443554401397705 8438
1751457620181 0.9335111379623413 8439
1751457621466 0.6149646043777466 8440
1751457622766 0.4313860535621643 8441
1751457624014 1.124054193496704 8442
1751457625308 0.6989941596984863 8443
1751457626578 0.5904384851455688 8444
1751457627799 0.7366479635238647 8445
1751457629103 0.15854230523109436 8446
1751457630825 0.8090914487838745 8447
1751457632212 0.9053868055343628 8448
1751457633502 0.6657852530479431 8449
1751457634764 1.0236780643463135 8450
1751457636016 0.9211655259132385 8451
1751457637256 0.5279793739318848 8452
1751457638521 0.9661920070648193 8453
1751457639813 0.8917645215988159 8454
1751457641059 0.3038896322250366 8455
1751457642332 0.8925939798355103 8456
1751457643850 0.751338005065918 8457
1751457645129 0.9806410670280457 8458
1751457646413 0.8279240727424622 8459
1751457647975 0.6658036708831787 8460
1751457649361 0.8400509357452393 8461
1751457650707 0.5085381269454956 8462
1751457652045 0.7853724956512451 8463
1751457653357 1.0954482555389404 8464
1751457654609 0.6735018491744995 8465
1751457655904 0.21433013677597046 8466
1751457657197 0.7638635635375977 8467
1751457658496 0.7217625975608826 8468
1751457659774 0.7032134532928467 8469
1751457661014 0.6094333529472351 8470
1751457662320 0.4978596270084381 8471
1751457663677 0.49247005581855774 8472
1751457665343 0.4996076226234436 8473
1751457666591 0.6745023727416992 8474
1751457667904 0.9206727147102356 8475
1751457669183 2.0576305389404297 8476
1751457670448 0.921631932258606 8477
1751457671726 0.5007510185241699 8478
1751457672982 0.34467098116874695 8479
1751457674409 0.6124972105026245 8480
1751457675717 0.824941098690033 8481
1751457676975 1.0745370388031006 8482
1751457678233 0.06304766982793808 8483
1751457679541 1.0100750923156738 8484
1751457680836 0.5783330202102661 8485
1751457682413 0.13785028457641602 8486
1751457683663 2.018216133117676 8487
1751457684963 1.0183384418487549 8488
1751457686319 0.633797287940979 8489
1751457687857 0.6169930100440979 8490
1751457689211 0.823147177696228 8491
1751457690462 1.1224063634872437 8492
1751457691787 1.2234387397766113 8493
1751457693021 1.091482400894165 8494
1751457694209 0.6496553421020508 8495
1751457695500 0.7935695648193359 8496
1751457696766 0.7392654418945312 8497
1751457698674 0.8634619116783142 8498
1751457700277 0.8379641771316528 8499
1751457701565 1.7862269878387451 8500
1751457702845 0.7626244425773621 8501
1751457704093 1.6202560663223267 8502
1751457705441 0.5954738855361938 8503
1751457706669 0.7924739122390747 8504
1751457707967 0.836313009262085 8505
1751457709251 0.6982654333114624 8506
1751457710547 0.8573838472366333 8507
1751457711835 0.7147411108016968 8508
1751457713179 1.6563661098480225 8509
1751457714439 1.1039800643920898 8510
1751457715961 0.747692346572876 8511
1751457717229 1.275858759880066 8512
1751457718453 0.23413465917110443 8513
1751457719935 0.9750237464904785 8514
1751457721253 0.8628454208374023 8515
1751457722519 0.8261447548866272 8516
1751457723808 1.3274710178375244 8517
1751457725150 1.149291753768921 8518
1751457726460 0.432884156703949 8519
1751457727839 0.7337217330932617 8520
1751457729202 0.7467149496078491 8521
1751457730559 1.0387072563171387 8522
1751457731908 0.630858302116394 8523
1751457733131 1.3428410291671753 8524
1751457734657 0.6645911931991577 8525
1751457735984 0.8403390645980835 8526
1751457737259 0.2597036361694336 8527
1751457738597 0.8713693618774414 8528
1751457739908 0.4618358016014099 8529
1751457741180 0.19678206741809845 8530
1751457742455 0.8058136105537415 8531
1751457743750 0.7848491668701172 8532
1751457745024 0.6651400327682495 8533
1751457746297 0.7654746770858765 8534
1751457747523 0.6910004615783691 8535
1751457748888 0.9928390383720398 8536
1751457750210 1.3681453466415405 8537
1751457752100 0.8213127851486206 8538
1751457753414 0.6358236074447632 8539
1751457754761 1.238673448562622 8540
1751457756033 0.6806367635726929 8541
1751457757360 0.7077743411064148 8542
1751457758646 0.8080915212631226 8543
1751457759922 0.6194630265235901 8544
1751457761206 0.8007052540779114 8545
1751457762457 0.7254014015197754 8546
1751457763761 1.0668888092041016 8547
1751457764996 0.7728735208511353 8548
1751457766207 0.6634640693664551 8549
1751457767562 0.9111671447753906 8550
1751457769261 0.24892231822013855 8551
1751457770555 0.5142706036567688 8552
1751457771805 1.0578184127807617 8553
1751457773200 0.5282399654388428 8554
1751457774451 0.8439375162124634 8555
1751457775670 0.757340669631958 8556
1751457777084 0.03452882915735245 8557
1751457778399 0.5811810493469238 8558
1751457779691 1.176706075668335 8559
1751457780950 1.2581136226654053 8560
1751457782241 1.1209349632263184 8561
1751457783518 0.6417638063430786 8562
1751457784788 0.6884211897850037 8563
1751457786320 0.7605986595153809 8564
1751457787582 0.8214142918586731 8565
1751457789008 0.6949567794799805 8566
1751457790232 0.8126294016838074 8567
1751457791476 1.0770925283432007 8568
1751457792737 0.7372666597366333 8569
1751457793959 0.5242549777030945 8570
1751457795220 0.5118365287780762 8571
1751457796556 0.8904903531074524 8572
1751457797889 0.6370722055435181 8573
1751457799219 0.1566055566072464 8574
1751457800530 0.43098682165145874 8575
1751457802156 0.6786172986030579 8576
1751457804043 0.5786705613136292 8577
1751457805367 0.7036744356155396 8578
1751457806678 1.185304880142212 8579
1751457808194 0.707338809967041 8580
1751457809748 0.14167368412017822 8581
1751457811143 1.1273772716522217 8582
1751457812527 0.8730777502059937 8583
1751457813880 1.0299655199050903 8584
1751457815121 0.7661566734313965 8585
1751457816572 1.1621127128601074 8586
1751457817984 0.5909820795059204 8587
1751457819397 0.7198112607002258 8588
1751457820686 0.7326027154922485 8589
1751457822300 1.1125414371490479 8590
1751457823631 0.6953325271606445 8591
1751457825309 0.9200073480606079 8592
1751457826787 0.4084547758102417 8593
1751457828217 1.2225053310394287 8594
1751457830117 0.8876312971115112 8595
1751457831715 1.0979450941085815 8596
1751457832965 0.7765733599662781 8597
1751457835422 0.9240643978118896 8598
1751457836749 0.48957663774490356 8599
1751457838031 2.0190906524658203 8600
1751457839324 0.771162748336792 8601
1751457840831 1.9607945680618286 8602
1751457842076 1.039402723312378 8603
1751457843418 1.0665652751922607 8604
1751457844682 0.5631677508354187 8605
1751457846001 1.8530288934707642 8606
1751457847388 1.204277515411377 8607
1751457848629 0.5836876630783081 8608
1751457849971 1.2954260110855103 8609
1751457851243 0.6048108339309692 8610
1751457852562 1.4808820486068726 8611
1751457853848 1.299891710281372 8612
1751457855042 0.697531521320343 8613
1751457856352 0.6679314374923706 8614
1751457857806 1.6115868091583252 8615
1751457859173 0.2996199429035187 8616
1751457860465 0.4152306616306305 8617
1751457861731 0.6453449726104736 8618
1751457863078 0.6174626350402832 8619
1751457864335 1.0506947040557861 8620
1751457865621 0.7511647939682007 8621
1751457867008 0.8910998106002808 8622
1751457868409 0.5751534700393677 8623
1751457869797 0.9064323902130127 8624
1751457871729 1.247546911239624 8625
1751457873004 0.7770627737045288 8626
1751457874282 0.8469792604446411 8627
1751457875962 1.0233417749404907 8628
1751457877297 0.8500397205352783 8629
1751457878572 0.6393730640411377 8630
1751457879841 0.5437963008880615 8631
1751457881087 0.6031655669212341 8632
1751457882428 0.43099308013916016 8633
1751457883725 0.64837646484375 8634
1751457885018 1.1651768684387207 8635
1751457886323 0.7019354701042175 8636
1751457887580 0.5984965562820435 8637
1751457888916 0.6329065561294556 8638
1751457890232 0.5006832480430603 8639
1751457891634 0.6305375099182129 8640
1751457893431 0.45420408248901367 8641
1751457894684 0.7921991348266602 8642
1751457895969 0.8510177135467529 8643
1751457897222 0.6317024230957031 8644
1751457898465 0.8776840567588806 8645
1751457899750 0.5623598098754883 8646
1751457901025 0.44143086671829224 8647
1751457902269 1.0326666831970215 8648
1751457903604 0.6307533979415894 8649
1751457904996 0.8336290121078491 8650
1751457906410 0.43313366174697876 8651
1751457907746 0.5745990872383118 8652
1751457909084 0.5803139209747314 8653
1751457910610 0.9050085544586182 8654
1751457912031 0.6105957627296448 8655
1751457913428 0.5412868857383728 8656
1751457914784 0.5290331840515137 8657
1751457916014 0.05444241687655449 8658
1751457917301 0.3809654414653778 8659
1751457918627 0.08907441794872284 8660
1751457919965 0.5158930420875549 8661
1751457921209 1.0329265594482422 8662
1751457922471 0.9841821789741516 8663
1751457923712 0.4944770932197571 8664
1751457925106 0.875970721244812 8665
1751457926407 1.1075901985168457 8666
1751457927999 0.536294162273407 8667
1751457929337 0.880020022392273 8668
1751457930685 1.0253026485443115 8669
1751457931997 0.7632494568824768 8670
1751457933337 1.1410260200500488 8671
1751457934621 0.7760372161865234 8672
1751457935947 0.6314202547073364 8673
1751457937259 0.07713178545236588 8674
1751457938519 0.6845822334289551 8675
1751457939829 0.8524553775787354 8676
1751457941115 0.7254035472869873 8677
1751457942384 0.7473223209381104 8678
1751457943714 0.806404173374176 8679
1751457945348 0.7257051467895508 8680
1751457946576 0.2935469448566437 8681
1751457947873 0.6958581805229187 8682
1751457949169 1.3025951385498047 8683
1751457950442 0.5584393739700317 8684
1751457951722 0.806389331817627 8685
1751457953007 0.585770845413208 8686
1751457954301 0.8062065839767456 8687
1751457956231 1.075971245765686 8688
1751457957586 0.5442745685577393 8689
1751457958874 0.2578226625919342 8690
1751457960073 0.2479781210422516 8691
1751457961412 0.6339775919914246 8692
1751457962989 1.6211398839950562 8693
1751457964368 0.6044934988021851 8694
1751457965662 1.6360572576522827 8695
1751457966962 0.6950235366821289 8696
1751457968288 0.8776693344116211 8697
1751457969588 0.5365852117538452 8698
1751457970876 0.7342863082885742 8699
1751457972197 0.6915849447250366 8700
1751457973577 0.7252011895179749 8701
1751457974849 0.7170141935348511 8702
1751457976082 0.7675207853317261 8703
1751457977580 0.4585568606853485 8704
1751457978869 0.8481398820877075 8705
1751457980474 0.9003391265869141 8706
1751457981659 0.7951858043670654 8707
1751457982888 0.6399731636047363 8708
1751457984148 0.8280256986618042 8709
1751457985388 0.023189933970570564 8710
1751457986786 0.8701207637786865 8711
1751457988256 0.7878497242927551 8712
1751457989524 0.7673389911651611 8713
1751457990695 1.2217921018600464 8714
1751457992050 0.8696848154067993 8715
1751457993327 0.576168954372406 8716
1751457994631 0.4618222415447235 8717
1751457995883 1.46002995967865 8718
1751457997171 0.5331728458404541 8719
1751457998954 1.3102797269821167 8720
1751458000195 1.9837136268615723 8721
1751458001480 0.7360532283782959 8722
1751458002774 0.6509056687355042 8723
1751458004087 0.8822641372680664 8724
1751458005425 0.5426946878433228 8725
1751458006716 0.6031448841094971 8726
1751458007983 0.8065848350524902 8727
1751458009748 0.5959315299987793 8728
1751458011014 0.6582201719284058 8729
1751458012237 1.729285717010498 8730
1751458013517 0.5692101716995239 8731
1751458014864 0.6687341332435608 8732
1751458016402 0.7383426427841187 8733
1751458017655 1.1288319826126099 8734
1751458019090 0.3741042912006378 8735
1751458020674 0.6638596653938293 8736
1751458021971 0.9925894737243652 8737
1751458023205 0.5455068349838257 8738
1751458024555 0.7974252104759216 8739
1751458025847 0.8710561990737915 8740
1751458027126 0.45204052329063416 8741
1751458028420 0.7325806021690369 8742
1751458029645 0.9416602253913879 8743
1751458031361 0.6546576023101807 8744
1751458032654 0.5777677893638611 8745
1751458034112 0.6452717781066895 8746
1751458035422 0.5996327996253967 8747
1751458036728 0.8106095790863037 8748
1751458038077 0.6630196571350098 8749
1751458039641 1.2754886150360107 8750
1751458040871 0.8509806394577026 8751
1751458042176 0.14283373951911926 8752
1751458043440 2.1428472995758057 8753
1751458044710 0.4125862121582031 8754
1751458045963 0.8322000503540039 8755
1751458047348 0.5071477293968201 8756
1751458048678 0.5118784308433533 8757
1751458050319 0.6152986288070679 8758
1751458051906 0.9763431549072266 8759
1751458053194 1.5293716192245483 8760
1751458054476 1.5097044706344604 8761
1751458055733 0.6640832424163818 8762
1751458056990 0.898658275604248 8763
1751458058322 0.732638418674469 8764
1751458059788 0.7055730819702148 8765
1751458061250 1.0576910972595215 8766
1751458062491 2.047748327255249 8767
1751458063747 0.3791595995426178 8768
1751458065060 0.6133359670639038 8769
1751458066373 0.8431590795516968 8770
1751458067962 0.7850818634033203 8771
1751458069298 1.3430404663085938 8772
1751458070509 2.065845012664795 8773
1751458071925 0.979921281337738 8774
1751458073179 0.774571418762207 8775
1751458074403 0.914438009262085 8776
1751458075665 0.6838136911392212 8777
1751458076930 0.5627843141555786 8778
1751458078221 0.6319156885147095 8779
1751458079512 0.652794361114502 8780
1751458080812 0.5772813558578491 8781
1751458082151 1.2687766551971436 8782
1751458083430 0.8051105737686157 8783
1751458084899 3.6527163982391357 8784
1751458086197 0.569362998008728 8785
1751458087511 0.5498913526535034 8786
1751458088877 0.3861963748931885 8787
1751458090187 0.5035251975059509 8788
1751458091446 1.385947823524475 8789
1751458092860 0.8913609981536865 8790
1751458094153 1.208223581314087 8791
1751458095506 1.0648906230926514 8792
1751458096750 1.2256619930267334 8793
1751458098093 1.0528957843780518 8794
1751458099366 1.0393946170806885 8795
1751458100722 0.6880346536636353 8796
1751458102287 0.4899778366088867 8797
1751458103542 0.4521311819553375 8798
1751458104824 1.416088342666626 8799
1751458106125 0.4744188189506531 8800
1751458107356 1.0599828958511353 8801
1751458108636 1.950758695602417 8802
1751458109892 0.6222431659698486 8803
1751458111184 0.7314398884773254 8804
1751458112430 0.6495633125305176 8805
1751458114396 1.1967544555664062 8806
1751458115675 0.8875126838684082 8807
1751458117020 1.0715863704681396 8808
1751458118343 0.7201870679855347 8809
1751458119959 1.2676563262939453 8810
1751458121213 0.676274299621582 8811
1751458122527 0.8923118114471436 8812
1751458123831 0.6778321862220764 8813
1751458125165 0.9291292428970337 8814
1751458126404 0.5010584592819214 8815
1751458127663 0.8337454795837402 8816
1751458128943 0.4394080638885498 8817
1751458130263 0.8588842153549194 8818
1751458131541 0.8022575378417969 8819
1751458132863 0.8162826299667358 8820
1751458134122 0.5815938115119934 8821
1751458135548 0.525286078453064 8822
1751458137113 0.5752979516983032 8823
1751458138372 0.7378168106079102 8824
1751458139637 1.213671088218689 8825
1751458140925 0.5575928688049316 8826
1751458142221 0.783496618270874 8827
1751458143597 1.0894834995269775 8828
1751458144925 0.8905189633369446 8829
1751458146400 0.7996565103530884 8830
1751458147688 0.5246635675430298 8831
1751458149001 0.9626402854919434 8832
1751458150241 0.9035532474517822 8833
1751458151478 0.7989435195922852 8834
1751458152961 0.8177616596221924 8835
1751458154215 0.6704851984977722 8836
1751458155477 2.3898661136627197 8837
1751458156677 1.2532974481582642 8838
1751458157958 0.5444059371948242 8839
1751458159263 2.072591781616211 8840
1751458160594 0.8593612313270569 8841
1751458161854 0.8994156122207642 8842
1751458163125 0.6586089134216309 8843
1751458164381 0.5355083346366882 8844
1751458165674 0.2480509728193283 8845
1751458167308 0.7304807901382446 8846
1751458168871 0.7651983499526978 8847
1751458170163 0.6018503308296204 8848
1751458171426 0.8677430748939514 8849
1751458172718 1.2843618392944336 8850
1751458173965 0.7522132992744446 8851
1751458175252 0.8412511348724365 8852
1751458176567 0.6612794399261475 8853
1751458178078 1.1417129039764404 8854
1751458179375 1.013346791267395 8855
1751458180703 0.8669888973236084 8856
1751458181999 1.0439848899841309 8857
1751458183292 1.2212471961975098 8858
1751458184623 0.7170305252075195 8859
1751458186280 0.9541510343551636 8860
1751458187955 0.5659737586975098 8861
1751458189291 0.6870191097259521 8862
1751458190611 0.899543285369873 8863
1751458191895 1.3349705934524536 8864
1751458193259 1.079019546508789 8865
1751458194571 0.5235177874565125 8866
1751458195893 0.37547120451927185 8867
1751458197212 0.8055997490882874 8868
1751458198519 1.4172875881195068 8869
1751458199788 1.0052087306976318 8870
1751458201056 0.7012191414833069 8871
1751458202580 1.1072018146514893 8872
1751458203866 1.1369134187698364 8873
1751458205109 0.7559077739715576 8874
1751458206442 0.8266938924789429 8875
1751458207728 1.1229674816131592 8876
1751458208916 1.6017460823059082 8877
1751458210239 1.5959724187850952 8878
1751458211573 1.1104986667633057 8879
1751458212868 0.5607789754867554 8880
1751458214130 0.5145521759986877 8881
1751458215425 0.3379074037075043 8882
1751458216613 0.2720397710800171 8883
1751458218151 0.5674057602882385 8884
1751458219430 0.8324129581451416 8885
1751458220688 1.0334391593933105 8886
1751458221939 0.8747198581695557 8887
1751458223212 0.8804218769073486 8888
1751458224583 0.4818260669708252 8889
1751458225886 0.5531169176101685 8890
1751458227134 1.5340802669525146 8891
1751458228471 0.9496296644210815 8892
1751458229708 0.7172791957855225 8893
1751458230968 0.9830795526504517 8894
1751458232184 0.7387380599975586 8895
1751458233671 0.29941314458847046 8896
1751458235095 0.6177085638046265 8897
1751458236385 1.1336617469787598 8898
1751458237738 0.7318959832191467 8899
1751458239023 0.8637885451316833 8900
1751458240411 1.2910758256912231 8901
1751458241709 0.6317775249481201 8902
1751458243022 0.48554709553718567 8903
1751458244295 0.6328083276748657 8904
1751458245604 0.8336764574050903 8905
1751458246949 0.9870931506156921 8906
1751458248259 0.7742753028869629 8907
1751458249881 1.3220107555389404 8908
1751458251214 0.7529076337814331 8909
1751458252477 0.8142005801200867 8910
1751458253739 0.8458202481269836 8911
1751458255013 0.4305625259876251 8912
1751458256295 1.7067753076553345 8913
1751458257663 0.8152550458908081 8914
1751458259017 2.563758373260498 8915
1751458260353 0.10312531143426895 8916
1751458261597 0.7103683352470398 8917
1751458262879 0.5187860727310181 8918
1751458264169 0.9830182790756226 8919
1751458266340 0.8631420731544495 8920
1751458267653 0.8179115056991577 8921
1751458268926 0.8233742713928223 8922
1751458270219 1.4956669807434082 8923
1751458271464 0.6211256980895996 8924
1751458272775 0.9048938751220703 8925
1751458274109 1.0175727605819702 8926
1751458275317 0.9250867366790771 8927
1751458277242 0.6569628715515137 8928
1751458278487 0.8169873952865601 8929
1751458279761 0.4608279764652252 8930
1751458281069 1.0710852146148682 8931
1751458282575 0.664503812789917 8932
1751458283945 1.1132550239562988 8933
1751458285309 0.5820547938346863 8934
1751458286648 0.47211676836013794 8935
1751458287940 1.1474833488464355 8936
1751458289176 0.8162963390350342 8937
1751458290582 0.4438672959804535 8938
1751458291887 0.8260797262191772 8939
1751458293285 1.977834701538086 8940
1751458294564 0.9265598058700562 8941
1751458295853 0.5847842693328857 8942
1751458297414 0.6710412502288818 8943
1751458298668 0.924830436706543 8944
1751458300388 0.916313648223877 8945
1751458301616 0.7452630996704102 8946
1751458302867 1.3924742937088013 8947
1751458304154 0.9600957036018372 8948
1751458305416 0.2924284338951111 8949
1751458306685 0.4144189953804016 8950
1751458308095 0.6561740040779114 8951
1751458309357 0.9037664532661438 8952
1751458310747 0.7975012063980103 8953
1751458312011 0.5365787744522095 8954
1751458313338 0.811322808265686 8955
1751458314625 0.5694893002510071 8956
1751458315873 1.2125020027160645 8957
1751458317493 0.23221145570278168 8958
1751458318760 0.2428019791841507 8959
1751458320049 0.5602097511291504 8960
1751458321418 0.45685288310050964 8961
1751458322606 1.7466306686401367 8962
1751458323864 0.9242136478424072 8963
1751458325239 0.932977557182312 8964
1751458326513 0.6262906193733215 8965
1751458327814 0.6104484796524048 8966
1751458329097 0.6337328553199768 8967
1751458330422 0.8518581390380859 8968
1751458331800 0.7049640417098999 8969
1751458333448 1.8009192943572998 8970
1751458334692 1.2704006433486938 8971
1751458336034 0.7592259049415588 8972
1751458337322 1.1878916025161743 8973
1751458338564 0.6923993229866028 8974
1751458339846 3.0152587890625 8975
1751458341150 0.7786397337913513 8976
1751458342456 1.162603735923767 8977
1751458343716 0.6270469427108765 8978
1751458345007 0.4175400137901306 8979
1751458346348 1.1923608779907227 8980
1751458347889 0.6442300081253052 8981
1751458349242 0.6090057492256165 8982
1751458350527 0.5658035278320312 8983
1751458351902 0.5312232375144958 8984
1751458353267 0.6323742866516113 8985
1751458354836 0.796373188495636 8986
1751458356111 0.5172473192214966 8987
1751458357490 1.2070344686508179 8988
1751458358850 1.0192770957946777 8989
1751458361059 1.6374748945236206 8990
1751458362597 0.5699485540390015 8991
1751458363858 1.6566174030303955 8992
1751458365162 0.9202862977981567 8993
1751458366715 1.113412857055664 8994
1751458368329 0.5013346672058105 8995
1751458369841 0.7984298467636108 8996
1751458371209 0.9377439022064209 8997
1751458372725 1.0266591310501099 8998
1751458374880 0.5677586793899536 8999
1751458376457 0.5570333003997803 9000
1751458461588 0.6744121313095093 9001
1751458462880 0.5096388459205627 9002
1751458464158 0.6335451602935791 9003
1751458465484 1.0381827354431152 9004
1751458466836 0.3718522787094116 9005
1751458468932 0.9371566772460938 9006
1751458470176 0.5601086616516113 9007
1751458471443 0.6424015760421753 9008
1751458472755 0.8269790410995483 9009
1751458473997 0.626966655254364 9010
1751458475299 0.6071783900260925 9011
1751458476632 0.8269831538200378 9012
1751458477932 1.3560914993286133 9013
1751458479205 0.04817250743508339 9014
1751458480521 1.260077953338623 9015
1751458481823 1.1282395124435425 9016
1751458483089 0.840010404586792 9017
1751458484469 0.7347347736358643 9018
1751458485741 0.8770803809165955 9019
1751458487063 1.2195804119110107 9020
1751458488350 0.8197898864746094 9021
1751458489602 0.6973462700843811 9022
1751458490903 1.3214610815048218 9023
1751458492188 0.7902158498764038 9024
1751458493466 0.5851752758026123 9025
1751458494748 0.029356690123677254 9026
1751458495984 0.620919942855835 9027
1751458497269 0.8116455674171448 9028
1751458498634 0.8718550205230713 9029
1751458500324 0.9289442300796509 9030
1751458501933 0.671063244342804 9031
1751458503151 0.43521392345428467 9032
1751458504401 0.752582848072052 9033
1751458505710 1.480985164642334 9034
1751458506978 0.7396941184997559 9035
1751458508266 0.746364951133728 9036
1751458509566 1.204601526260376 9037
1751458510950 0.5660161972045898 9038
1751458512146 0.8062337636947632 9039
1751458513362 1.1833049058914185 9040
1751458514700 1.540366291999817 9041
1751458516038 1.5577630996704102 9042
1751458517659 0.5214415788650513 9043
1751458518948 0.7655673623085022 9044
1751458520231 0.9021664261817932 9045
1751458521763 1.2523534297943115 9046
1751458523067 0.6830031871795654 9047
1751458524298 0.9037092924118042 9048
1751458525578 0.5903440713882446 9049
1751458526841 0.1008584052324295 9050
1751458528119 0.48498988151550293 9051
1751458529397 0.2495490163564682 9052
1751458530705 0.891205370426178 9053
1751458532496 2.2312328815460205 9054
1751458534158 0.4718058109283447 9055
1751458535564 0.4285261034965515 9056
1751458536930 1.348379135131836 9057
1751458538243 1.1310349702835083 9058
1751458539616 0.9553884267807007 9059
1751458541008 0.6193627715110779 9060
1751458542324 0.7642885446548462 9061
1751458543554 0.7040693759918213 9062
1751458544942 0.7169866561889648 9063
1751458546221 0.48708856105804443 9064
1751458547471 0.9361772537231445 9065
1751458548863 0.7145242094993591 9066
1751458550416 1.157923698425293 9067
1751458551879 0.5774588584899902 9068
1751458553310 0.284552663564682 9069
1751458554528 1.7598692178726196 9070
1751458555828 1.27870774269104 9071
1751458557119 0.9929307103157043 9072
1751458558332 0.7742756605148315 9073
1751458559661 1.9174411296844482 9074
1751458560932 0.9942026138305664 9075
1751458562359 0.7586820125579834 9076
1751458563937 1.0263909101486206 9077
1751458565203 0.49818703532218933 9078
1751458566485 0.9430453181266785 9079
1751458568079 0.9462698101997375 9080
1751458569420 0.12246278673410416 9081
1751458570632 0.8115317821502686 9082
1751458571988 0.45650365948677063 9083
1751458573259 0.6449462175369263 9084
1751458574498 0.5966280698776245 9085
1751458575821 1.0091180801391602 9086
1751458577093 0.8194743990898132 9087
1751458578402 0.5890392065048218 9088
1751458579662 1.1496275663375854 9089
1751458580863 2.9460978507995605 9090
1751458582193 0.4251011610031128 9091
1751458583813 0.37935560941696167 9092
1751458585195 0.5854200124740601 9093
1751458586485 0.5700156092643738 9094
1751458587850 0.9989849328994751 9095
1751458589118 0.5796811580657959 9096
1751458590415 0.6553255319595337 9097
1751458591699 0.5393742918968201 9098
1751458593009 1.7485800981521606 9099
1751458594793 0.8623850345611572 9100
1751458596029 0.5836499929428101 9101
1751458597367 1.0287806987762451 9102
1751458598630 1.2405767440795898 9103
1751458599912 0.6333511471748352 9104
1751458601523 1.2656285762786865 9105
1751458602815 0.7103143334388733 9106
1751458604226 0.6612315773963928 9107
1751458605799 1.268586277961731 9108
1751458607035 1.0362845659255981 9109
1751458608366 0.9215943813323975 9110
1751458609638 0.7830944061279297 9111
1751458610971 0.6636648178100586 9112
1751458612211 0.5122853517532349 9113
1751458613447 0.8151714205741882 9114
1751458614646 0.6876892447471619 9115
1751458616509 0.6452439427375793 9116
1751458618085 0.4827961027622223 9117
1751458619383 0.8971796035766602 9118
1751458620681 0.3477907180786133 9119
1751458621996 0.6483436822891235 9120
1751458623197 0.7712222933769226 9121
1751458624424 1.4774858951568604 9122
1751458625681 0.5048904418945312 9123
1751458627027 0.8744005560874939 9124
1751458628280 0.4817512333393097 9125
1751458629574 0.4514426589012146 9126
1751458630834 0.5417466759681702 9127
1751458632193 0.9762725830078125 9128
1751458633413 1.0651063919067383 9129
1751458635177 1.2179603576660156 9130
1751458636381 0.8683050274848938 9131
1751458637639 0.9484593272209167 9132
1751458638967 0.3744834065437317 9133
1751458640259 1.106448769569397 9134
1751458641599 0.1280907541513443 9135
1751458642883 0.5171086192131042 9136
1751458644169 0.9785850048065186 9137
1751458645435 1.1745600700378418 9138
1751458646908 0.6050284504890442 9139
1751458648102 0.6429852247238159 9140
1751458649399 0.9814748167991638 9141
1751458650979 1.1757055521011353 9142
1751458652268 0.7529789209365845 9143
1751458653540 0.7444249391555786 9144
1751458654725 0.5481928586959839 9145
1751458656027 0.8664839863777161 9146
1751458657262 0.915561318397522 9147
1751458658925 1.3763046264648438 9148
1751458660230 0.6857216358184814 9149
1751458661534 0.7614657878875732 9150
1751458662806 0.6597824096679688 9151
1751458664075 0.7343292832374573 9152
1751458665340 0.5801131725311279 9153
1751458666980 0.6375405788421631 9154
1751458668324 0.6443557739257812 9155
1751458669978 0.9086471199989319 9156
1751458671262 0.5529698729515076 9157
1751458672520 1.06398344039917 9158
1751458673865 0.7797954082489014 9159
1751458675112 0.9530136585235596 9160
1751458676456 0.8627711534500122 9161
1751458677787 0.6466162800788879 9162
1751458679109 0.9456560611724854 9163
1751458680510 0.6259512901306152 9164
1751458681696 0.3175818920135498 9165
1751458683269 0.5657769441604614 9166
1751458684499 1.1896233558654785 9167
1751458685904 1.3314545154571533 9168
1751458687207 0.8922560214996338 9169
1751458688439 1.1135131120681763 9170
1751458689806 2.3772287368774414 9171
1751458691465 1.2932020425796509 9172
1751458692718 0.6478402614593506 9173
1751458693987 0.5914963483810425 9174
1751458695386 0.11091823130846024 9175
1751458696623 0.5716480612754822 9176
1751458698007 0.2731887996196747 9177
1751458699621 1.0514624118804932 9178
1751458700873 0.6591154336929321 9179
1751458702314 0.7762398719787598 9180
1751458703637 0.9553491473197937 9181
1751458704851 0.9224514365196228 9182
1751458706116 1.1862690448760986 9183
1751458707299 1.19734525680542 9184
1751458708540 0.7394675016403198 9185
1751458709826 1.1396446228027344 9186
1751458711223 0.5332027673721313 9187
1751458712783 0.7698740363121033 9188
1751458714081 0.5418040156364441 9189
1751458715682 0.7829092144966125 9190
1751458716990 0.8303681015968323 9191
1751458718295 0.5148183703422546 9192
1751458719585 0.8765422701835632 9193
1751458720927 0.816653847694397 9194
1751458722257 0.6471332311630249 9195
1751458723510 0.7349107265472412 9196
1751458724835 0.7073072791099548 9197
1751458726158 1.1756727695465088 9198
1751458727409 0.7211813926696777 9199
1751458728698 0.7173776626586914 9200
1751458729976 0.7895358204841614 9201
1751458731570 0.9591357707977295 9202
1751458732932 0.7229299545288086 9203
1751458734210 0.43018829822540283 9204
1751458735455 0.6398792266845703 9205
1751458736700 2.2083466053009033 9206
1751458737977 0.5794388651847839 9207
1751458739253 0.7800313234329224 9208
1751458740568 0.8817068934440613 9209
1751458741846 0.8513172268867493 9210
1751458743164 1.0333688259124756 9211
1751458744519 1.3938417434692383 9212
1751458745815 1.2889668941497803 9213
1751458747433 0.4622495770454407 9214
1751458748673 0.8045464158058167 9215
1751458749963 0.6401048898696899 9216
1751458751210 0.8067032694816589 9217
1751458752515 0.7153353095054626 9218
1751458753853 1.1452538967132568 9219
1751458755182 0.7617659568786621 9220
1751458756407 0.4177069067955017 9221
1751458757655 1.6579134464263916 9222
1751458759032 0.5827276110649109 9223
1751458760330 0.6297903060913086 9224
1751458761677 0.6677564382553101 9225
1751458763402 0.646862804889679 9226
1751458764687 0.4403363764286041 9227
1751458766083 0.8889535069465637 9228
1751458767332 0.7768838405609131 9229
1751458768662 0.7744994163513184 9230
1751458769926 0.5109384655952454 9231
1751458771195 0.5679694414138794 9232
1751458772434 0.7236709594726562 9233
1751458773704 0.6452882885932922 9234
1751458774944 0.626933217048645 9235
1751458776174 0.6039841175079346 9236
1751458777379 0.9257470965385437 9237
1751458778827 0.49625083804130554 9238
1751458780023 0.7199756503105164 9239
1751458781283 0.7121361494064331 9240
1751458782601 1.3966140747070312 9241
1751458783886 0.6046844720840454 9242
1751458785527 0.4855990409851074 9243
1751458786748 0.6509104371070862 9244
1751458788052 0.5568090081214905 9245
1751458789356 1.2530548572540283 9246
1751458790620 0.7799501419067383 9247
1751458791842 1.0205081701278687 9248
1751458793084 1.0610239505767822 9249
1751458794638 0.6433932781219482 9250
1751458795867 0.43166106939315796 9251
1751458797090 0.9145536422729492 9252
1751458798345 0.8408000469207764 9253
1751458799612 0.6559867262840271 9254
1751458800824 0.48697686195373535 9255
1751458802041 1.025607705116272 9256
1751458803293 0.7714358568191528 9257
1751458804508 0.6128300428390503 9258
1751458806024 1.159390926361084 9259
1751458807318 1.0252771377563477 9260
1751458808554 0.9151747822761536 9261
1751458810063 0.8409931659698486 9262
1751458811363 0.648812472820282 9263
1751458812716 0.6911535263061523 9264
1751458813946 0.3979383707046509 9265
1751458815227 0.0540345199406147 9266
1751458816547 0.8361035585403442 9267
1751458817798 0.5043656826019287 9268
1751458819068 1.2238343954086304 9269
1751458820345 0.30333223938941956 9270
1751458821713 0.8392781019210815 9271
1751458822929 1.9706162214279175 9272
1751458824483 0.34172511100769043 9273
1751458825737 0.6666840314865112 9274
1751458826991 0.5227281451225281 9275
1751458828244 2.2092013359069824 9276
1751458829545 0.9679712057113647 9277
1751458830777 0.8026859164237976 9278
1751458831950 1.2164337635040283 9279
1751458833138 0.5904061794281006 9280
1751458834399 0.6613436937332153 9281
1751458835615 0.36854687333106995 9282
1751458836801 1.326793909072876 9283
1751458838108 0.6577587127685547 9284
1751458839711 1.087235927581787 9285
1751458840930 0.5605822801589966 9286
1751458842150 0.677581250667572 9287
1751458843365 0.44332459568977356 9288
1751458844594 0.8191976547241211 9289
1751458845646 4.141644477844238 9290
1751458846890 0.42616188526153564 9291
1751458848167 1.298914909362793 9292
1751458849399 0.8434678912162781 9293
1751458850651 0.8714084625244141 9294
1751458851880 1.1773428916931152 9295
1751458853142 0.4906593859195709 9296
1751458854452 0.5473858118057251 9297
1751458855943 0.6018505096435547 9298
1751458857135 1.1212691068649292 9299
1751458858436 0.6030966639518738 9300
1751458859661 0.5536770224571228 9301
1751458861043 1.077073335647583 9302
1751458862380 0.3582180440425873 9303
1751458863644 1.0771743059158325 9304
1751458864953 1.1619412899017334 9305
1751458866236 0.546502947807312 9306
1751458867514 0.8630052804946899 9307
1751458868748 0.709764838218689 9308
1751458870002 0.7678647637367249 9309
1751458871514 0.5410556793212891 9310
1751458872802 0.5352495908737183 9311
1751458874046 0.7909506559371948 9312
1751458875288 0.9080513715744019 9313
1751458876563 0.9502664804458618 9314
1751458877830 0.6897964477539062 9315
1751458879061 0.8155093789100647 9316
1751458880226 1.2810304164886475 9317
1751458881584 0.883171558380127 9318
1751458882859 1.1883149147033691 9319
1751458884079 0.7029147148132324 9320
1751458885657 1.039870262145996 9321
1751458886948 0.46348485350608826 9322
1751458888202 0.8287817239761353 9323
1751458889396 0.7619800567626953 9324
1751458890681 0.7565343976020813 9325
1751458891946 1.330077886581421 9326
1751458893174 0.890652060508728 9327
1751458894490 0.9154084324836731 9328
1751458895743 0.5296106934547424 9329
1751458897006 0.9599083662033081 9330
1751458898259 0.5072493553161621 9331
1751458899469 0.6928874254226685 9332
1751458900837 0.634414553642273 9333
1751458902102 0.5784599184989929 9334
1751458903341 0.8052955865859985 9335
1751458904607 1.0266361236572266 9336
1751458905853 1.0254276990890503 9337
1751458907138 0.7987027168273926 9338
1751458908431 0.8803646564483643 9339
1751458909744 0.8240047097206116 9340
1751458911057 0.6225011944770813 9341
1751458912387 0.5809247493743896 9342
1751458913634 0.911573588848114 9343
1751458914900 0.5951159596443176 9344
1751458916434 0.4184665381908417 9345
1751458917702 1.0080257654190063 9346
1751458919010 1.0282001495361328 9347
1751458920229 0.8846828937530518 9348
1751458921497 1.149183750152588 9349
1751458922797 0.6118100881576538 9350
1751458924079 1.159740686416626 9351
1751458925400 0.8868959546089172 9352
1751458926656 0.5893956422805786 9353
1751458927956 0.552208423614502 9354
1751458929290 0.7340959310531616 9355
1751458930598 1.006839632987976 9356
1751458932127 0.6044762134552002 9357
1751458933391 0.027988668531179428 9358
1751458934759 0.5227546691894531 9359
1751458935999 0.6629923582077026 9360
1751458937330 0.5571051836013794 9361
1751458938662 0.5766795873641968 9362
1751458939999 0.7598418593406677 9363
1751458941274 0.8184407949447632 9364
1751458942642 0.7380498647689819 9365
1751458943975 0.702976405620575 9366
1751458945283 1.0387248992919922 9367
1751458946843 1.227459192276001 9368
1751458948143 0.4532213807106018 9369
1751458949425 0.4290251135826111 9370
1751458950657 0.8960566520690918 9371
1751458951936 0.19226332008838654 9372
1751458953201 0.3891195058822632 9373
1751458954452 0.8417704105377197 9374
1751458955758 0.641772449016571 9375
1751458957068 0.8005131483078003 9376
1751458958317 0.8194631934165955 9377
1751458959604 0.9403271675109863 9378
1751458960874 0.5353220701217651 9379
1751458962440 1.1729774475097656 9380
1751458963696 0.489607036113739 9381
1751458965075 0.29189303517341614 9382
1751458966358 1.2761728763580322 9383
1751458967614 0.49439024925231934 9384
1751458968881 0.5873013734817505 9385
1751458970164 0.2534869313240051 9386
1751458971451 0.6633896827697754 9387
1751458972816 0.5596704483032227 9388
1751458974170 0.6402842998504639 9389
1751458975413 1.4832072257995605 9390
1751458976657 0.4526141583919525 9391
1751458978195 0.6314646601676941 9392
1751458979463 0.8258589506149292 9393
1751458980736 0.18836431205272675 9394
1751458982006 0.737687885761261 9395
1751458983251 0.5412837266921997 9396
1751458984676 0.7563024163246155 9397
1751458985940 1.0346089601516724 9398
1751458987172 0.5579028725624084 9399
1751458988422 1.0881050825119019 9400
1751458989725 0.7965390682220459 9401
1751458990996 1.5704054832458496 9402
1751458992282 0.5833491683006287 9403
1751458993910 0.4879823923110962 9404
1751458995182 1.6633117198944092 9405
1751458996460 0.6297855973243713 9406
1751458998252 0.6506521105766296 9407
1751458999525 1.1978578567504883 9408
1751459000835 1.4852991104125977 9409
1751459002124 1.625108003616333 9410
1751459003354 0.8473935723304749 9411
1751459004630 0.6048674583435059 9412
1751459005897 0.4245951771736145 9413
1751459007186 0.5358298420906067 9414
1751459008903 0.8630346059799194 9415
1751459010263 0.47606170177459717 9416
1751459011643 0.9798046350479126 9417
1751459013456 0.8520494699478149 9418
1751459014870 0.74811851978302 9419
1751459016124 0.47548097372055054 9420
1751459017513 0.6590825915336609 9421
1751459018885 1.2537777423858643 9422
1751459020211 0.7389497756958008 9423
1751459021559 0.582057774066925 9424
1751459023537 1.8122000694274902 9425
1751459025238 0.7277891039848328 9426
1751459026782 0.5012897849082947 9427
1751459028080 1.2480882406234741 9428
1751459029355 0.5557569861412048 9429
1751459030592 0.5107491612434387 9430
1751459031817 0.8538614511489868 9431
1751459033178 0.9147007465362549 9432
1751459034424 0.4901193082332611 9433
1751459035641 0.686331033706665 9434
1751459036874 0.4587857723236084 9435
1751459038104 0.32318538427352905 9436
1751459039370 0.5042447447776794 9437
1751459040620 1.1138508319854736 9438
1751459042137 0.8568274974822998 9439
1751459043372 0.6084907054901123 9440
1751459044652 0.8670480847358704 9441
1751459045919 0.8118261098861694 9442
1751459047158 0.6988257169723511 9443
1751459048393 0.8159520626068115 9444
1751459049629 0.5020688772201538 9445
1751459050875 0.36907216906547546 9446
1751459052149 0.4613041877746582 9447
1751459053384 1.0740371942520142 9448
1751459054649 0.8241511583328247 9449
1751459055844 0.5360759496688843 9450
1751459057240 0.8427284955978394 9451
1751459058608 1.0549225807189941 9452
1751459059864 0.7959887981414795 9453
1751459061082 1.0910730361938477 9454
1751459062379 0.986535906791687 9455
1751459063661 0.5331528782844543 9456
1751459064914 0.9206597208976746 9457
1751459066172 2.7777490615844727 9458
1751459067424 0.7012247443199158 9459
1751459068700 0.6908248662948608 9460
1751459070041 0.36965441703796387 9461
1751459071381 0.7724555730819702 9462
1751459072948 0.777330756187439 9463
1751459074153 0.65993332862854 9464
1751459075452 0.49955806136131287 9465
1751459076755 0.2761622369289398 9466
1751459078036 1.3738456964492798 9467
1751459079308 1.113778829574585 9468
1751459080610 1.002224087715149 9469
1751459081855 0.5800204873085022 9470
1751459083112 0.7857128977775574 9471
1751459084278 0.8462291359901428 9472
1751459085529 0.8291553258895874 9473
1751459086821 1.4426140785217285 9474
1751459088412 0.8168085217475891 9475
1751459089659 0.7548016309738159 9476
1751459090916 0.7306986451148987 9477
1751459092168 0.701905369758606 9478
1751459093406 0.6332361698150635 9479
1751459094637 1.033626914024353 9480
1751459095916 0.3655022084712982 9481
1751459097223 0.6270995140075684 9482
1751459098500 0.4055987596511841 9483
1751459099822 0.699714720249176 9484
1751459101082 0.44118329882621765 9485
1751459102484 0.6560394763946533 9486
1751459104034 0.7901114821434021 9487
1751459105331 0.6544722318649292 9488
1751459106666 1.1389505863189697 9489
1751459107914 2.564401865005493 9490
1751459109164 0.6373851895332336 9491
1751459110498 0.6053138375282288 9492
1751459111811 1.2972168922424316 9493
1751459113104 0.4953988790512085 9494
1751459114394 0.572822093963623 9495
1751459115693 0.8830711245536804 9496
1751459116999 0.7431660890579224 9497
1751459118226 1.0257949829101562 9498
1751459119752 0.645330548286438 9499
1751459121001 0.823246419429779 9500
1751459122352 0.5215709805488586 9501
1751459123580 1.028357744216919 9502
1751459124933 0.6264832019805908 9503
1751459126187 1.2116527557373047 9504
1751459127454 1.1827354431152344 9505
1751459128856 1.013115644454956 9506
1751459130117 0.07231752574443817 9507
1751459131398 0.6807589530944824 9508
1751459132669 0.6711491346359253 9509
1751459134241 1.4204508066177368 9510
1751459135472 0.3943824768066406 9511
1751459136689 0.6106462478637695 9512
1751459137897 0.07577478885650635 9513
1751459139111 0.8270357847213745 9514
1751459140301 0.7665694952011108 9515
1751459141573 0.5459304451942444 9516
1751459142895 0.4361339211463928 9517
1751459144196 0.9473956823348999 9518
1751459145465 0.4465561509132385 9519
1751459146795 1.1055024862289429 9520
1751459148251 0.8127373456954956 9521
1751459149572 1.1087327003479004 9522
1751459150808 1.0435450077056885 9523
1751459152069 1.1755900382995605 9524
1751459153341 0.9574825763702393 9525
1751459154609 0.7835162878036499 9526
1751459155877 0.9727011919021606 9527
1751459157246 0.6420514583587646 9528
1751459158493 1.0806348323822021 9529
1751459159772 0.5818448066711426 9530
1751459161027 0.5110843181610107 9531
1751459162344 0.3878124952316284 9532
1751459163973 0.5969029664993286 9533
1751459165321 0.5919219255447388 9534
1751459166582 0.5370234251022339 9535
1751459167880 0.7206563949584961 9536
1751459169150 0.951339602470398 9537
1751459170560 0.6647111177444458 9538
1751459171800 0.8468339443206787 9539
1751459173079 0.6774606108665466 9540
1751459174319 0.5546259880065918 9541
1751459175639 0.9964232444763184 9542
1751459176920 0.9215652942657471 9543
1751459178379 0.7174910306930542 9544
1751459179655 0.6178444623947144 9545
1751459180989 0.7938539981842041 9546
1751459182334 1.0964891910552979 9547
1751459183598 1.1749811172485352 9548
1751459184918 0.8780386447906494 9549
1751459186284 0.7983285784721375 9550
1751459187543 0.7409775257110596 9551
1751459188821 0.30615660548210144 9552
1751459190121 0.8096833229064941 9553
1751459191406 0.6422824263572693 9554
1751459192968 0.4161713123321533 9555
1751459194237 0.8868610262870789 9556
1751459195480 1.707590103149414 9557
1751459196741 0.7261571288108826 9558
1751459198091 0.5036723017692566 9559
1751459199364 0.49397012591362 9560
1751459200669 0.7156370282173157 9561
1751459201916 0.8858920335769653 9562
1751459203145 0.6544889211654663 9563
1751459204439 1.0364247560501099 9564
1751459205683 0.5871527194976807 9565
1751459206910 0.8929408192634583 9566
1751459208403 0.9155160784721375 9567
1751459209701 1.0302784442901611 9568
1751459210917 0.9869769215583801 9569
1751459212191 1.4892044067382812 9570
1751459213509 0.6689637899398804 9571
1751459214767 1.1991299390792847 9572
1751459216012 0.7843896746635437 9573
1751459217283 0.7934943437576294 9574
1751459218558 0.7213771939277649 9575
1751459219829 1.421506643295288 9576
1751459221123 0.5003243088722229 9577
1751459222685 0.6620826721191406 9578
1751459223981 0.7023602724075317 9579
1751459225288 1.2981740236282349 9580
1751459226590 0.5585594177246094 9581
1751459227893 0.18658551573753357 9582
1751459229058 0.6861622333526611 9583
1751459230329 1.2682629823684692 9584
1751459231637 0.7392624616622925 9585
1751459232852 1.2647373676300049 9586
1751459234161 0.9572387933731079 9587
1751459235430 0.9680229425430298 9588
1751459237078 0.9785965085029602 9589
1751459238347 0.5356463193893433 9590
1751459239586 0.6516323089599609 9591
1751459240867 0.9002153873443604 9592
1751459242102 0.43955808877944946 9593
1751459243381 0.1611858308315277 9594
1751459244658 1.3164939880371094 9595
1751459245928 0.507389485836029 9596
1751459247168 0.8568693399429321 9597
1751459248461 0.8608898520469666 9598
1751459249766 0.8084465265274048 9599
1751459251377 0.8763610124588013 9600
1751459252688 0.944369912147522 9601
1751459253909 2.0020952224731445 9602
1751459255119 0.5497901439666748 9603
1751459256357 0.6720065474510193 9604
1751459257637 0.6514605283737183 9605
1751459258934 1.1305732727050781 9606
1751459260142 0.6087667942047119 9607
1751459261389 0.36172375082969666 9608
1751459262666 0.9798291921615601 9609
1751459263913 0.15880133211612701 9610
1751459265161 0.800317645072937 9611
1751459266753 0.7588135600090027 9612
1751459268004 0.49664565920829773 9613
1751459269199 1.4773313999176025 9614
1751459270491 0.5565379858016968 9615
1751459271750 0.6504489183425903 9616
1751459272986 0.7033965587615967 9617
1751459274291 0.8080728054046631 9618
1751459275548 0.4807097017765045 9619
1751459276796 0.7805470824241638 9620
1751459278067 0.6127223968505859 9621
1751459279307 1.490251064300537 9622
1751459280809 0.6407794952392578 9623
1751459282113 0.5320585370063782 9624
1751459283363 0.8400545120239258 9625
1751459284729 0.39026355743408203 9626
1751459285978 0.6025383472442627 9627
1751459287270 1.0886175632476807 9628
1751459288537 0.9536290168762207 9629
1751459289783 0.8967294096946716 9630
1751459291005 1.1364377737045288 9631
1751459292246 0.5891438126564026 9632
1751459293529 0.6804918050765991 9633
1751459295036 0.4532759189605713 9634
1751459296330 1.3368782997131348 9635
1751459297577 0.680872917175293 9636
1751459298855 0.34684059023857117 9637
1751459300069 0.7026669383049011 9638
1751459301271 0.8012055158615112 9639
1751459302499 0.7235651612281799 9640
1751459303694 1.543067455291748 9641
1751459304972 1.047529935836792 9642
1751459306291 0.6739036440849304 9643
1751459307459 1.0334153175354004 9644
1751459308730 0.6346198320388794 9645
1751459310324 0.38455209136009216 9646
1751459311611 0.686312198638916 9647
1751459312879 0.46210041642189026 9648
1751459314185 0.5493113398551941 9649
1751459315453 0.4087253510951996 9650
1751459316732 0.4950161874294281 9651
1751459317978 0.6732876896858215 9652
1751459319241 0.7080830335617065 9653
1751459320468 0.3613263964653015 9654
1751459321652 0.6310310363769531 9655
1751459322928 0.7450828552246094 9656
1751459324493 0.8093750476837158 9657
1751459325750 0.6395137906074524 9658
1751459327255 0.5241912007331848 9659
1751459328713 1.5275132656097412 9660
1751459330005 0.6718232035636902 9661
1751459331304 0.5246627926826477 9662
1751459332608 1.0987353324890137 9663
1751459333877 0.586310625076294 9664
1751459335163 0.8531309366226196 9665
1751459336523 0.8357440233230591 9666
1751459337835 1.089083194732666 9667
1751459339450 0.6524507403373718 9668
1751459340697 0.7960333228111267 9669
1751459341965 0.6394573450088501 9670
1751459343258 0.8412708640098572 9671
1751459344569 0.3980419337749481 9672
1751459345867 0.6162654757499695 9673
1751459347170 0.6625797748565674 9674
1751459348501 1.0688315629959106 9675
1751459349805 1.004028558731079 9676
1751459351114 0.7865034937858582 9677
1751459352411 0.731331467628479 9678
1751459353666 1.1340701580047607 9679
1751459355285 0.6390581130981445 9680
1751459356503 1.4463067054748535 9681
1751459357720 1.2632946968078613 9682
1751459359026 2.8944454193115234 9683
1751459360317 0.9566128849983215 9684
1751459361587 0.804882287979126 9685
1751459362802 0.6437864899635315 9686
1751459364045 1.0889692306518555 9687
1751459365258 0.8576865196228027 9688
1751459366548 0.7297042012214661 9689
1751459367785 0.5301094055175781 9690
1751459369400 0.5657159686088562 9691
1751459370714 0.6894313097000122 9692
1751459371945 0.6890500783920288 9693
1751459373167 1.4447404146194458 9694
1751459374383 0.5467020273208618 9695
1751459375570 0.8718951940536499 9696
1751459376785 0.6935890913009644 9697
1751459378030 1.4734059572219849 9698
1751459379245 0.5207919478416443 9699
1751459380553 0.5958226919174194 9700
1751459381792 0.7528136968612671 9701
1751459383367 1.0668787956237793 9702
1751459384640 0.952286958694458 9703
1751459385857 1.0561113357543945 9704
1751459387148 0.7110650539398193 9705
1751459388398 0.5910238027572632 9706
1751459389602 1.1610968112945557 9707
1751459390917 0.6176183223724365 9708
1751459392160 1.0501132011413574 9709
1751459393499 0.9092142581939697 9710
1751459394732 1.0082043409347534 9711
1751459395974 0.7273498773574829 9712
1751459397603 0.9297118186950684 9713
1751459398907 0.5603025555610657 9714
1751459400193 0.6770110130310059 9715
1751459401445 1.0737800598144531 9716
1751459402712 1.7646152973175049 9717
1751459404035 0.729131281375885 9718
1751459405230 0.644285261631012 9719
1751459406526 0.7800592184066772 9720
1751459407790 1.2494577169418335 9721
1751459409129 1.1537246704101562 9722
1751459410426 0.771641194820404 9723
1751459411853 0.6519153118133545 9724
1751459413049 0.7069718837738037 9725
1751459414268 2.0060040950775146 9726
1751459415573 0.5373458862304688 9727
1751459416834 0.5093322992324829 9728
1751459418122 1.770860195159912 9729
1751459419448 0.6538289189338684 9730
1751459420676 1.5994077920913696 9731
1751459421903 0.8536136746406555 9732
1751459423171 0.845701277256012 9733
1751459424416 0.5426909923553467 9734
1751459425717 0.5514974594116211 9735
1751459427299 0.5714191794395447 9736
1751459428567 0.4297793209552765 9737
1751459429832 0.6810715198516846 9738
1751459431178 1.1052467823028564 9739
1751459432410 1.1030216217041016 9740
1751459433652 0.6598239541053772 9741
1751459434908 0.5705506205558777 9742
1751459436167 1.024531602859497 9743
1751459437390 1.1727606058120728 9744
1751459438600 0.602173924446106 9745
1751459439861 0.7702921032905579 9746
1751459441511 1.096268653869629 9747
1751459442868 0.8311865925788879 9748
1751459444128 0.843798041343689 9749
1751459445355 0.663536787033081 9750
1751459446564 0.3913708031177521 9751
1751459447849 0.6193910241127014 9752
1751459449148 0.9517825245857239 9753
1751459450428 0.3325708508491516 9754
1751459451707 0.9171742796897888 9755
1751459453006 0.7130526304244995 9756
1751459454198 0.49311548471450806 9757
1751459455664 0.7948193550109863 9758
1751459456997 0.7288045287132263 9759
1751459458227 0.8312509059906006 9760
1751459459484 1.2966554164886475 9761
1751459460730 0.12216143310070038 9762
1751459461982 0.6939781308174133 9763
1751459463333 0.7888729572296143 9764
1751459464574 0.8922092318534851 9765
1751459465854 0.4953269958496094 9766
1751459467112 0.8959469795227051 9767
1751459468329 0.575574517250061 9768
1751459469856 0.6296119689941406 9769
1751459471207 1.3450250625610352 9770
1751459472441 0.15341264009475708 9771
1751459473713 1.9314579963684082 9772
1751459474892 0.6427317261695862 9773
1751459476147 1.0787781476974487 9774
1751459477511 0.6733810305595398 9775
1751459478822 0.6842777132987976 9776
1751459480046 0.775532603263855 9777
1751459481342 0.8764269351959229 9778
1751459482579 0.8241895437240601 9779
1751459483833 0.9779465198516846 9780
1751459485199 0.04332050681114197 9781
1751459486409 1.0350537300109863 9782
1751459487672 4.510262489318848 9783
1751459488861 1.4005470275878906 9784
1751459490127 0.571422278881073 9785
1751459491330 1.218416690826416 9786
1751459492645 1.2763051986694336 9787
1751459493892 0.9476380944252014 9788
1751459495183 1.0742175579071045 9789
1751459496388 1.028651237487793 9790
1751459497682 1.0011892318725586 9791
1751459499079 0.8065427541732788 9792
1751459500323 0.45063620805740356 9793
1751459501485 1.038941502571106 9794
1751459502728 0.5137616395950317 9795
1751459503922 0.7986029386520386 9796
1751459505160 0.7668939828872681 9797
1751459506398 0.8802202939987183 9798
1751459507574 0.6539892554283142 9799
1751459508896 0.43148723244667053 9800
1751459510149 0.650153636932373 9801
1751459511444 0.5007196068763733 9802
1751459513123 1.1292002201080322 9803
1751459514404 1.2942981719970703 9804
1751459515619 2.2534308433532715 9805
1751459516953 1.7964636087417603 9806
1751459518320 0.7065726518630981 9807
1751459519568 1.1706182956695557 9808
1751459520771 2.1145477294921875 9809
1751459522056 0.8165584802627563 9810
1751459523290 1.094369649887085 9811
1751459524451 1.3186681270599365 9812
1751459525758 1.3388386964797974 9813
1751459527330 0.6099872589111328 9814
1751459528615 0.8700886964797974 9815
1751459529913 0.4353342652320862 9816
1751459531211 0.5936171412467957 9817
1751459532485 0.4736573100090027 9818
1751459533671 0.9290916919708252 9819
1751459534862 0.6537118554115295 9820
1751459536115 1.264613389968872 9821
1751459537406 0.6186442375183105 9822
1751459538769 0.2751184105873108 9823
1751459539993 1.062606930732727 9824
1751459541446 0.6243429183959961 9825
1751459542625 1.941321611404419 9826
1751459543878 0.6981006860733032 9827
1751459545106 0.32349681854248047 9828
1751459546297 0.71906578540802 9829
1751459547502 0.43821394443511963 9830
1751459548728 0.050651319324970245 9831
1751459549950 0.599851131439209 9832
1751459551345 0.19616936147212982 9833
1751459552626 0.4320622980594635 9834
1751459553903 0.4808695316314697 9835
1751459555178 0.7808272838592529 9836
1751459556623 0.8663658499717712 9837
1751459557901 0.5874337553977966 9838
1751459559197 0.4756926894187927 9839
1751459560440 0.8413575887680054 9840
1751459561705 0.8642683029174805 9841
1751459562926 0.7147653698921204 9842
1751459564178 0.4801221489906311 9843
1751459565389 1.07398521900177 9844
1751459566596 1.3050683736801147 9845
1751459567906 0.7697318196296692 9846
1751459569132 1.6433560848236084 9847
1751459570783 2.2939562797546387 9848
1751459572053 0.676912784576416 9849
1751459573303 0.9625226855278015 9850
1751459574488 0.3059196472167969 9851
1751459575727 1.1703619956970215 9852
1751459576961 0.44352179765701294 9853
1751459578190 0.7474050521850586 9854
1751459579400 0.2774856984615326 9855
1751459580673 1.108983039855957 9856
1751459581961 0.9406149387359619 9857
1751459583282 0.498830646276474 9858
1751459584823 0.7561888694763184 9859
1751459586123 0.9619325399398804 9860
1751459587320 0.618801474571228 9861
1751459588601 0.5055961012840271 9862
1751459589857 0.6858745217323303 9863
1751459591211 1.8570713996887207 9864
1751459592479 0.8032497763633728 9865
1751459593720 0.9413220286369324 9866
1751459594944 0.6806105375289917 9867
1751459596147 1.0636444091796875 9868
1751459597390 0.5791130065917969 9869
1751459598834 0.43900835514068604 9870
1751459600119 0.6381796598434448 9871
1751459601303 1.0493052005767822 9872
1751459602525 0.5439208745956421 9873
1751459603747 0.9616802930831909 9874
1751459605092 0.6992839574813843 9875
1751459606372 0.2766334116458893 9876
1751459607623 0.6522896885871887 9877
1751459608884 0.4683018624782562 9878
1751459610145 0.4274507164955139 9879
1751459611676 0.9530619382858276 9880
1751459612909 1.1703524589538574 9881
1751459614105 1.3607666492462158 9882
1751459615329 0.8004137277603149 9883
1751459616565 0.8639470338821411 9884
1751459617850 1.0232428312301636 9885
1751459619087 0.7226065397262573 9886
1751459620370 0.8547751903533936 9887
1751459621644 0.5238269567489624 9888
1751459622877 0.8745883107185364 9889
1751459624122 1.8483777046203613 9890
1751459625710 0.6272521018981934 9891
1751459626965 0.858801007270813 9892
1751459628235 0.7586082816123962 9893
1751459629418 0.9313778281211853 9894
1751459630618 1.0673625469207764 9895
1751459631809 1.0944325923919678 9896
1751459633037 0.9256132245063782 9897
1751459634388 0.6982048749923706 9898
1751459635735 0.928493857383728 9899
1751459637002 0.6756644248962402 9900
1751459638281 1.3653491735458374 9901
1751459639924 1.0511150360107422 9902
1751459641223 1.2876036167144775 9903
1751459642507 0.5781232714653015 9904
1751459643841 2.4504575729370117 9905
1751459645036 1.5742064714431763 9906
1751459646304 1.1129908561706543 9907
1751459647640 0.759620189666748 9908
1751459648961 1.2322487831115723 9909
1751459650242 0.6566922068595886 9910
1751459651492 1.2876702547073364 9911
1751459652768 0.7794021964073181 9912
1751459654376 0.9143351912498474 9913
1751459655656 0.5324287414550781 9914
1751459656860 0.7565573453903198 9915
1751459658143 0.5792669057846069 9916
1751459659421 0.8883997797966003 9917
1751459660735 0.3300543427467346 9918
1751459662040 0.5999222993850708 9919
1751459663288 0.5457775592803955 9920
1751459664541 0.8272298574447632 9921
1751459665872 0.8254748582839966 9922
1751459667169 0.7805430889129639 9923
1751459668721 1.0598859786987305 9924
1751459670039 0.9057600498199463 9925
1751459671339 0.7819680571556091 9926
1751459672590 1.0465586185455322 9927
1751459673818 0.7585646510124207 9928
1751459675072 0.6035237312316895 9929
1751459676283 0.6860859990119934 9930
1751459677475 0.6951544284820557 9931
1751459678670 0.807195246219635 9932
1751459679931 0.5735023021697998 9933
1751459681241 0.4710513949394226 9934
1751459682749 1.071711778640747 9935
1751459684012 1.1474237442016602 9936
1751459685288 0.5943256616592407 9937
1751459686527 1.2969913482666016 9938
1751459687768 0.7989813089370728 9939
1751459689089 0.5412625074386597 9940
1751459690376 0.6042447686195374 9941
1751459691673 0.7577114105224609 9942
1751459692905 0.7597161531448364 9943
1751459694167 0.615544319152832 9944
1751459695413 0.5853844881057739 9945
1751459696989 0.31774890422821045 9946
1751459698255 0.945170521736145 9947
1751459699491 0.6755744814872742 9948
1751459700740 0.7456297874450684 9949
1751459702062 0.9823001623153687 9950
1751459703437 0.6694127321243286 9951
1751459704694 0.8548762798309326 9952
1751459705968 0.7435191869735718 9953
1751459707185 0.972678542137146 9954
1751459708501 0.5831809639930725 9955
1751459709695 0.7434539198875427 9956
1751459711331 0.8160951733589172 9957
1751459712562 0.7138804793357849 9958
1751459713762 1.2339487075805664 9959
1751459714978 2.372166633605957 9960
1751459716210 0.9639713764190674 9961
1751459717524 0.820584774017334 9962
1751459718770 0.8112537860870361 9963
1751459720198 0.5227438807487488 9964
1751459721489 1.134317398071289 9965
1751459722729 0.7003504037857056 9966
1751459724050 1.2002265453338623 9967
1751459725596 1.4761474132537842 9968
1751459726932 0.7086904048919678 9969
1751459728224 0.7457050085067749 9970
1751459729518 0.09503339231014252 9971
1751459730817 0.806954562664032 9972
1751459732077 0.24993303418159485 9973
1751459733296 0.936007022857666 9974
1751459734508 2.2516722679138184 9975
1751459735781 0.9681285619735718 9976
1751459737049 0.7081606984138489 9977
1751459738651 0.12026996910572052 9978
1751459739917 0.20387186110019684 9979
1751459741160 0.14235055446624756 9980
1751459742379 0.9424082040786743 9981
1751459743584 0.7953590154647827 9982
1751459744887 0.4122450351715088 9983
1751459746165 1.0232501029968262 9984
1751459747485 1.0664235353469849 9985
1751459748728 0.8211433291435242 9986
1751459749969 0.6932899951934814 9987
1751459751312 0.5456031560897827 9988
1751459752824 0.7088881731033325 9989
1751459754080 0.9436554908752441 9990
1751459755381 0.6336294412612915 9991
1751459756632 0.4255952537059784 9992
1751459757940 0.5789616107940674 9993
1751459759204 0.9673349261283875 9994
1751459760479 0.5888876914978027 9995
1751459761757 0.7158434987068176 9996
1751459762975 0.7651441097259521 9997
1751459764232 0.7899702787399292 9998
1751459765422 0.954606294631958 9999
1751459767012 0.891252875328064 10000
1751459768260 0.6346723437309265 10001
1751459769463 0.6647801399230957 10002
1751459770697 0.656019926071167 10003
1751459771927 0.5797982215881348 10004
1751459773231 0.6416951417922974 10005
1751459774505 0.5132853388786316 10006
1751459775752 0.3195696473121643 10007
1751459776997 0.9611337184906006 10008
1751459778211 0.9509299993515015 10009
1751459779485 0.8669272661209106 10010
1751459780996 0.4468933045864105 10011
1751459782242 0.5750224590301514 10012
1751459783441 1.0871351957321167 10013
1751459784649 1.610020399093628 10014
1751459785976 0.5352449417114258 10015
1751459787211 0.867089569568634 10016
1751459788557 0.9838029146194458 10017
1751459789803 1.876389741897583 10018
1751459791090 0.9862430691719055 10019
1751459792431 0.7028374075889587 10020
1751459793901 0.9219909906387329 10021
1751459795102 0.7255245447158813 10022
1751459796460 0.33110311627388 10023
1751459797664 0.83327716588974 10024
1751459798867 0.9424956440925598 10025
1751459800105 0.5185168981552124 10026
1751459801361 0.7376001477241516 10027
1751459802595 1.0747759342193604 10028
1751459803876 0.7444906830787659 10029
1751459805079 1.4294147491455078 10030
1751459806326 0.44905322790145874 10031
1751459807872 1.0147897005081177 10032
1751459809139 0.943603515625 10033
1751459810372 0.4649888277053833 10034
1751459811648 0.8724148273468018 10035
1751459812902 0.4910147190093994 10036
1751459814259 0.5545068383216858 10037
1751459815556 0.45674777030944824 10038
1751459816853 0.3379267156124115 10039
1751459818141 0.6676785349845886 10040
1751459819429 0.9766935706138611 10041
1751459820634 1.3337692022323608 10042
1751459822155 0.3145071566104889 10043
1751459823520 0.5420312881469727 10044
1751459824784 0.8584959506988525 10045
1751459826027 0.6779862642288208 10046
1751459827258 0.7974878549575806 10047
1751459828608 0.6826539039611816 10048
1751459829829 0.6174002289772034 10049
1751459831091 1.3951871395111084 10050
1751459832256 0.5498546957969666 10051
1751459833467 1.0872056484222412 10052
1751459834738 0.720456600189209 10053
1751459836244 1.0159788131713867 10054
1751459837484 0.28794729709625244 10055
1751459838754 1.896525502204895 10056
1751459839981 0.6064616441726685 10057
1751459841243 0.5560088157653809 10058
1751459842529 0.6025230884552002 10059
1751459843754 0.5902367830276489 10060
1751459845111 0.7178648710250854 10061
1751459846366 1.178737759590149 10062
1751459847641 0.987657904624939 10063
1751459848838 0.44774240255355835 10064
1751459850304 0.7979563474655151 10065
1751459851556 0.7808973789215088 10066
1751459852926 1.415041208267212 10067
1751459854189 0.6775200963020325 10068
1751459855457 1.0053563117980957 10069
1751459856761 0.6323142051696777 10070
1751459857985 1.3806462287902832 10071
1751459859210 4.07831335067749 10072
1751459860424 0.5014405846595764 10073
1751459861650 0.619651198387146 10074
1751459862886 0.9494376182556152 10075
1751459864497 0.8165658712387085 10076
1751459865813 0.7092374563217163 10077
1751459867051 0.7249929904937744 10078
1751459868288 0.7055152058601379 10079
1751459869597 0.6352222561836243 10080
1751459870922 1.0983576774597168 10081
1751459872235 1.1749200820922852 10082
1751459873502 0.7111824154853821 10083
1751459874714 0.4799557328224182 10084
1751459875960 1.019986629486084 10085
1751459877238 0.5778845548629761 10086
1751459879010 0.8944591283798218 10087
1751459880252 0.8323154449462891 10088
1751459881458 1.3124761581420898 10089
1751459882675 0.5845052003860474 10090
1751459883923 0.5719462633132935 10091
1751459885186 1.2858415842056274 10092
1751459886425 0.5246666669845581 10093
1751459887692 0.6018767356872559 10094
1751459888955 1.329031229019165 10095
1751459890211 0.9064459800720215 10096
1751459891571 0.7664204239845276 10097
1751459893069 0.5984782576560974 10098
1751459894363 0.8895891308784485 10099
1751459895637 0.633628249168396 10100
1751459896906 0.3972557485103607 10101
1751459898110 0.9843461513519287 10102
1751459899446 0.6737093925476074 10103
1751459900715 0.8094137907028198 10104
1751459901965 0.7957254648208618 10105
1751459903225 0.6930733919143677 10106
1751459904557 0.6395180225372314 10107
1751459906130 0.5471887588500977 10108
1751459907380 1.0124025344848633 10109
1751459908783 0.5552048683166504 10110
1751459910058 0.5490572452545166 10111
1751459911288 0.632973313331604 10112
1751459912575 0.4996909499168396 10113
1751459913865 0.4264058768749237 10114
1751459915175 0.5146764516830444 10115
1751459916423 0.5516481995582581 10116
1751459917700 0.8298730850219727 10117
1751459918931 0.8859679102897644 10118
1751459920460 0.7201827168464661 10119
1751459921653 2.0724544525146484 10120
1751459922865 0.6712287664413452 10121
1751459924131 0.6186718940734863 10122
1751459925424 0.8162716627120972 10123
1751459926684 0.5138262510299683 10124
1751459927941 0.5534967184066772 10125
1751459929329 0.20190396904945374 10126
1751459930660 0.7316906452178955 10127
1751459931919 0.6870224475860596 10128
1751459933152 0.7321764230728149 10129
1751459934729 0.840807318687439 10130
1751459935980 1.9919259548187256 10131
1751459937249 0.7378462553024292 10132
1751459938478 0.5611827969551086 10133
1751459939669 0.32743313908576965 10134
1751459940972 1.1277515888214111 10135
1751459942253 0.8141937255859375 10136
1751459943495 0.4450834393501282 10137
1751459944715 0.5192840695381165 10138
1751459946033 0.7602638006210327 10139
1751459947293 0.5340849161148071 10140
1751459948842 0.24493782222270966 10141
1751459950151 0.5428644418716431 10142
1751459951375 0.5944998264312744 10143
1751459952618 1.1734122037887573 10144
1751459953828 0.9132082462310791 10145
1751459955110 0.6733995079994202 10146
1751459956404 0.21473808586597443 10147
1751459957711 1.2008857727050781 10148
1751459958963 1.0589032173156738 10149
1751459960132 0.7963171005249023 10150
1751459961404 1.8840782642364502 10151
1751459962940 0.6916391849517822 10152
1751459964183 1.101819396018982 10153
1751459965488 0.6955341696739197 10154
1751459966739 0.42519330978393555 10155
1751459967969 0.5071057677268982 10156
1751459969223 2.0347046852111816 10157
1751459970472 0.7041512727737427 10158
1751459971739 0.49820467829704285 10159
1751459972958 0.6922474503517151 10160
1751459974253 1.4948359727859497 10161
1751459975523 0.8369747400283813 10162
1751459977016 1.504951000213623 10163
1751459978327 0.951899528503418 10164
1751459979592 1.0229345560073853 10165
1751459980881 0.5100396275520325 10166
1751459982130 0.8516169190406799 10167
1751459983431 0.8196941614151001 10168
1751459984677 1.0585124492645264 10169
1751459985919 0.6089764833450317 10170
1751459987131 0.7787290811538696 10171
1751459988411 0.7651010751724243 10172
1751459989624 0.9285070300102234 10173
1751459991192 1.4313905239105225 10174
1751459992407 0.5037012696266174 10175
1751459993615 0.8561322689056396 10176
1751459994864 1.1310694217681885 10177
1751459996126 0.9206528663635254 10178
1751459997400 0.6833487153053284 10179
1751459998663 0.4019872546195984 10180
1751459999967 1.0064574480056763 10181
1751460001268 0.9021836519241333 10182
1751460002475 0.6252593398094177 10183
1751460003734 0.8329187631607056 10184
1751460005297 1.2989387512207031 10185
1751460006581 0.8426274061203003 10186
1751460007837 0.6753124594688416 10187
1751460009124 0.5783390998840332 10188
1751460010345 1.3423582315444946 10189
1751460011557 0.4037981927394867 10190
1751460012800 1.2065131664276123 10191
1751460013980 0.9583120346069336 10192
1751460015298 0.7294962406158447 10193
1751460016541 1.2817473411560059 10194
1751460017779 1.4217289686203003 10195
1751460019195 0.9426164031028748 10196
1751460020431 0.7924487590789795 10197
1751460021604 1.2696359157562256 10198
1751460022852 0.7625205516815186 10199
1751460024079 0.9682008028030396 10200
1751460025295 0.8446954488754272 10201
1751460026547 0.6778572797775269 10202
1751460027784 0.8915212154388428 10203
1751460029016 0.6694291830062866 10204
1751460030268 0.887241780757904 10205
1751460031801 0.6965832710266113 10206
1751460033057 0.9493786692619324 10207
1751460034223 2.6545603275299072 10208
1751460035453 1.025712251663208 10209
1751460036702 0.5641038417816162 10210
1751460037910 1.2578990459442139 10211
1751460039114 0.6027563810348511 10212
1751460040388 0.8274155855178833 10213
1751460041604 1.0003633499145508 10214
1751460042909 0.7114113569259644 10215
1751460044133 0.6748095750808716 10216
1751460045565 0.6067124605178833 10217
1751460046799 0.6842868328094482 10218
1751460048027 0.42078685760498047 10219
1751460049335 0.9668946266174316 10220
1751460050608 0.7858093976974487 10221
1751460051880 1.5504261255264282 10222
1751460053143 1.0517303943634033 10223
1751460054425 0.44298088550567627 10224
1751460055690 0.8327087163925171 10225
1751460056930 0.7431495189666748 10226
1751460058476 0.5801644325256348 10227
1751460059651 0.5397144556045532 10228
1751460060913 0.41268542408943176 10229
1751460062133 0.5858759880065918 10230
1751460063340 1.150536060333252 10231
1751460064537 0.49563392996788025 10232
1751460065748 0.708151638507843 10233
1751460066955 0.9239014983177185 10234
1751460068300 0.587611198425293 10235
1751460069531 0.6950520277023315 10236
1751460070779 0.9270223379135132 10237
1751460072220 0.6792504191398621 10238
1751460073467 0.47373828291893005 10239
1751460074705 0.7478059530258179 10240
1751460075935 0.7630184888839722 10241
1751460077132 0.5272301435470581 10242
1751460078361 0.9705687761306763 10243
1751460079627 0.325263112783432 10244
1751460080870 0.8002893924713135 10245
1751460082096 0.6682109832763672 10246
1751460083343 0.7692015171051025 10247
1751460084924 1.0284554958343506 10248
1751460086273 0.6336507797241211 10249
1751460087507 2.0751869678497314 10250
1751460088839 0.5343295335769653 10251
1751460090107 0.8517323732376099 10252
1751460091362 0.644690215587616 10253
1751460092651 0.5968928337097168 10254
1751460093896 0.6343079209327698 10255
1751460095128 0.7177936434745789 10256
1751460096416 1.700956106185913 10257
1751460097977 0.5678014159202576 10258
1751460099223 0.44875290989875793 10259
1751460100468 0.6326870918273926 10260
1751460101814 0.4809334874153137 10261
1751460103131 0.7425168752670288 10262
1751460104401 0.9530799388885498 10263
1751460105706 0.6580609083175659 10264
1751460106977 0.7580485343933105 10265
1751460108254 0.7766547799110413 10266
1751460109531 0.9267637133598328 10267
1751460110751 0.6744324564933777 10268
1751460112393 0.8783652782440186 10269
1751460113694 1.0746140480041504 10270
1751460114928 0.31794294714927673 10271
1751460116248 0.5254865884780884 10272
1751460117508 0.5770434141159058 10273
1751460118749 0.9646972417831421 10274
1751460119982 0.7274264097213745 10275
1751460121210 0.7316983938217163 10276
1751460122497 0.8192092776298523 10277
1751460123729 0.5671499967575073 10278
1751460125326 0.6411175727844238 10279
1751460126606 0.34020283818244934 10280
1751460127878 0.8450484275817871 10281
1751460129114 0.7401454448699951 10282
1751460130378 0.8429473042488098 10283
1751460131633 1.1513229608535767 10284
1751460132862 0.5376380681991577 10285
1751460134092 0.6949623823165894 10286
1751460135416 0.9158020615577698 10287
1751460136610 0.03036753088235855 10288
1751460137854 0.7549800872802734 10289
1751460139298 0.5508445501327515 10290
1751460140549 0.6794878840446472 10291
1751460141738 0.764283299446106 10292
1751460142999 0.7269577383995056 10293
1751460144290 0.8101496696472168 10294
1751460145545 0.4227607846260071 10295
1751460146774 0.9015493988990784 10296
1751460148014 0.6091717481613159 10297
1751460149230 0.42558565735816956 10298
1751460150567 0.8904741406440735 10299
1751460152154 0.9615368843078613 10300
1751460153420 0.8014712929725647 10301
1751460154646 1.1265580654144287 10302
1751460155887 0.2785181701183319 10303
1751460157143 1.1776820421218872 10304
1751460158386 0.7721478939056396 10305
1751460159647 0.42014485597610474 10306
1751460160857 1.2751563787460327 10307
1751460162092 0.6027349829673767 10308
1751460163365 0.6543736457824707 10309
1751460164626 4.556611061096191 10310
1751460166212 1.3171323537826538 10311
1751460167449 1.3590781688690186 10312
1751460168721 0.843062162399292 10313
1751460170021 0.6753217577934265 10314
1751460171227 0.5559437274932861 10315
1751460172433 0.5714531540870667 10316
1751460173703 0.551730215549469 10317
1751460174940 0.8873857259750366 10318
1751460176169 0.42550981044769287 10319
1751460177394 0.9815143346786499 10320
1751460178693 2.484102725982666 10321
1751460179923 0.6863176822662354 10322
1751460181128 1.1435279846191406 10323
1751460182421 1.1447341442108154 10324
1751460183676 0.3088836669921875 10325
1751460184936 0.9725522994995117 10326
1751460186170 0.6884709000587463 10327
1751460187545 0.5390400886535645 10328
1751460188805 0.8975247144699097 10329
1751460190127 0.9347214698791504 10330
1751460191663 0.3853495121002197 10331
1751460192881 1.5737221240997314 10332
1751460194117 1.469304084777832 10333
1751460195311 0.6383675336837769 10334
1751460196581 0.620823323726654 10335
1751460197844 0.8273515701293945 10336
1751460199251 0.6819520592689514 10337
1751460200545 1.4252088069915771 10338
1751460201751 1.1957790851593018 10339
1751460202995 0.6724255084991455 10340
1751460204270 0.499237596988678 10341
1751460205836 1.2622416019439697 10342
1751460207089 0.6083288788795471 10343
1751460208306 0.7914474010467529 10344
1751460209544 0.5688546895980835 10345
1751460210766 0.7296727299690247 10346
1751460212035 0.5091409683227539 10347
1751460213254 0.6416540145874023 10348
1751460214437 0.6491473913192749 10349
1751460215655 1.4983407258987427 10350
1751460216950 1.049791932106018 10351
1751460218481 1.179307222366333 10352
1751460219736 1.2875443696975708 10353
1751460221003 0.9709341526031494 10354
1751460222234 1.0471036434173584 10355
1751460223536 0.8726087808609009 10356
1751460224806 0.7165989875793457 10357
1751460226105 1.6545593738555908 10358
1751460227420 2.099961757659912 10359
1751460228674 0.9542446136474609 10360
1751460229945 0.686430037021637 10361
1751460231192 0.7543575763702393 10362
1751460232722 0.7223306894302368 10363
1751460234024 0.8388522863388062 10364
1751460235262 0.38080698251724243 10365
1751460236626 0.7632607221603394 10366
1751460237895 0.9725253582000732 10367
1751460239058 0.6726233959197998 10368
1751460240282 0.6560964584350586 10369
1751460241509 0.7684071660041809 10370
1751460242781 0.22051973640918732 10371
1751460244004 0.8460049629211426 10372
1751460245337 0.821469783782959 10373
1751460246832 0.464304655790329 10374
1751460248077 1.1478047370910645 10375
1751460249452 0.5018293857574463 10376
1751460250752 0.8553394079208374 10377
1751460252035 0.38211968541145325 10378
1751460253368 0.4113380014896393 10379
1751460254732 0.9380794167518616 10380
1751460256018 0.7939547896385193 10381
1751460257276 1.2438920736312866 10382
1751460258492 0.8102331161499023 10383
1751460259945 0.6108053922653198 10384
1751460261168 0.6734265089035034 10385
1751460262432 0.7189892530441284 10386
1751460263745 0.8113850355148315 10387
1751460265012 0.6450400352478027 10388
1751460266214 0.7460640668869019 10389
1751460267473 1.0467078685760498 10390
1751460268673 1.637038230895996 10391
1751460270005 0.7328181862831116 10392
1751460271259 0.7094188332557678 10393
1751460272776 0.8504010438919067 10394
1751460274030 1.9270025491714478 10395
1751460275276 0.969016432762146 10396
1751460276527 0.5037384033203125 10397
1751460277780 1.307328462600708 10398
1751460279036 0.5770517587661743 10399
1751460280296 0.6416143178939819 10400
1751460281546 0.5998263955116272 10401
1751460282832 0.628752589225769 10402
1751460284035 1.0986130237579346 10403
1751460285245 0.7929887175559998 10404
1751460286739 0.8060250282287598 10405
1751460288040 0.5902860164642334 10406
1751460289347 0.7309079170227051 10407
1751460290620 0.5768343210220337 10408
1751460291877 1.0690340995788574 10409
1751460293043 0.5645343065261841 10410
1751460294379 0.753277063369751 10411
1751460295698 0.9226649403572083 10412
1751460297015 0.7471644282341003 10413
1751460298191 0.8510136604309082 10414
1751460299798 0.8530781865119934 10415
1751460301050 1.1170376539230347 10416
1751460302300 0.6794228553771973 10417
1751460303537 0.9983883500099182 10418
1751460304840 0.8948179483413696 10419
1751460306078 0.7044905424118042 10420
1751460307329 0.5932756662368774 10421
1751460308606 0.5195205807685852 10422
1751460309829 0.6235934495925903 10423
1751460311181 1.8788377046585083 10424
1751460312519 0.6874276399612427 10425
1751460314110 0.47090572118759155 10426
1751460315376 1.150907278060913 10427
1751460316659 0.6516960859298706 10428
1751460317837 0.5187128782272339 10429
1751460319068 0.5908322334289551 10430
1751460320348 0.991564154624939 10431
1751460321587 1.1227679252624512 10432
1751460322786 0.7645429372787476 10433
1751460324007 0.816668689250946 10434
1751460325253 1.1781437397003174 10435
1751460326718 0.8133823871612549 10436
1751460328056 0.6081342101097107 10437
1751460329306 0.8818429112434387 10438
1751460330574 0.8570739030838013 10439
1751460331860 1.158353567123413 10440
1751460333113 1.2767457962036133 10441
1751460334365 1.2450165748596191 10442
1751460335652 0.6986470818519592 10443
1751460336931 0.7623119950294495 10444
1751460338232 1.0267243385314941 10445
1751460339472 1.0938091278076172 10446
1751460340956 1.506904125213623 10447
1751460342271 1.2497200965881348 10448
1751460343541 1.146691918373108 10449
1751460344810 0.7878174781799316 10450
1751460346027 0.6465397477149963 10451
1751460347299 0.33377277851104736 10452
1751460348538 0.9709497690200806 10453
1751460349807 0.9850334525108337 10454
1751460351071 0.31488168239593506 10455
1751460352387 1.0623232126235962 10456
1751460354085 1.0572757720947266 10457
1751460355335 0.5773445963859558 10458
1751460356625 0.6777220964431763 10459
1751460357910 0.4843837320804596 10460
1751460359153 0.7721755504608154 10461
1751460360391 0.5849181413650513 10462
1751460361586 0.6785730123519897 10463
1751460362811 0.8816837072372437 10464
1751460364007 0.8279986381530762 10465
1751460365222 0.1930743008852005 10466
1751460366392 0.6880332231521606 10467
1751460367844 1.1482385396957397 10468
1751460369169 0.0738968476653099 10469
1751460370391 0.4862430691719055 10470
1751460371674 0.8045132756233215 10471
1751460372934 1.3556900024414062 10472
1751460374198 0.5705350041389465 10473
1751460375497 0.5994771718978882 10474
1751460376786 0.5291816592216492 10475
1751460378061 0.8616098761558533 10476
1751460379341 0.2998068034648895 10477
1751460380938 0.3667432963848114 10478
1751460382202 0.7704819440841675 10479
1751460383431 1.3731296062469482 10480
1751460384690 0.565216064453125 10481
1751460385970 0.769145667552948 10482
1751460387177 0.6521626710891724 10483
1751460388484 0.5678435564041138 10484
1751460389743 0.9213756322860718 10485
1751460391043 1.641862154006958 10486
1751460392274 1.147608757019043 10487
1751460393547 0.7646486163139343 10488
1751460395090 0.9888824820518494 10489
1751460396420 0.6879091858863831 10490
1751460397605 0.7007451057434082 10491
1751460398867 0.6266841888427734 10492
1751460400115 0.4451799690723419 10493
1751460401401 0.47650855779647827 10494
1751460402681 1.223374366760254 10495
1751460403950 0.5709600448608398 10496
1751460405296 0.9784524440765381 10497
1751460406605 0.6231238842010498 10498
1751460408098 0.5843491554260254 10499
1751460409405 1.0572350025177002 10500
1751460410700 0.554018497467041 10501
1751460411968 0.4685586392879486 10502
1751460413196 0.65306556224823 10503
1751460414425 1.0632798671722412 10504
1751460415698 0.667203426361084 10505
1751460416971 1.3254706859588623 10506
1751460418226 1.3665075302124023 10507
1751460419478 1.2240538597106934 10508
1751460420723 0.627223551273346 10509
1751460422311 0.5335502624511719 10510
1751460423539 1.3377652168273926 10511
1751460424757 0.6651620864868164 10512
1751460425909 0.7515034675598145 10513
1751460427117 0.5474222302436829 10514
1751460428399 0.6128701567649841 10515
1751460429549 0.7351945042610168 10516
1751460430866 0.9212480783462524 10517
1751460432249 0.4786083698272705 10518
1751460433516 1.087021827697754 10519
1751460435007 0.5573877096176147 10520
1751460436259 0.44216278195381165 10521
1751460437496 0.47479137778282166 10522
1751460438777 0.6372920274734497 10523
1751460440036 0.7703900337219238 10524
1751460441340 0.6808851361274719 10525
1751460442650 0.6052190065383911 10526
1751460443903 0.5294023752212524 10527
1751460445118 0.43829602003097534 10528
1751460446337 1.5162744522094727 10529
1751460447856 0.8562487363815308 10530
1751460449100 0.46898043155670166 10531
1751460450340 1.0010802745819092 10532
1751460451586 1.157489538192749 10533
1751460452793 0.3369826376438141 10534
1751460453940 0.6864318251609802 10535
1751460455250 1.6831519603729248 10536
1751460456498 0.6457829475402832 10537
1751460457762 0.4436624050140381 10538
1751460459009 0.4959246516227722 10539
1751460460225 0.6568954586982727 10540
1751460461648 1.5871633291244507 10541
1751460462931 0.950393795967102 10542
1751460464244 0.5560217499732971 10543
1751460465587 0.6874516010284424 10544
1751460466826 0.896519660949707 10545
1751460468143 0.6259870529174805 10546
1751460469426 0.6100560426712036 10547
1751460470729 1.0081145763397217 10548
1751460472001 0.858275830745697 10549
1751460473301 1.7611082792282104 10550
1751460474848 0.5221376419067383 10551
1751460476133 0.743058979511261 10552
1751460477370 1.3859033584594727 10553
1751460478622 0.9844355583190918 10554
1751460479894 0.6095035076141357 10555
1751460481254 0.837282657623291 10556
1751460482465 0.3854702115058899 10557
1751460483692 0.5216038227081299 10558
1751460484950 0.553590714931488 10559
1751460486257 0.6088007688522339 10560
1751460487776 0.5137553811073303 10561
1751460489042 0.7175365686416626 10562
1751460490279 0.8244327306747437 10563
1751460491524 0.6041703820228577 10564
1751460492797 0.6520393490791321 10565
1751460494148 0.9513859748840332 10566
1751460495480 0.6178651452064514 10567
1751460496729 0.6814086437225342 10568
1751460497921 0.855497419834137 10569
1751460499234 0.730027437210083 10570
1751460500796 1.9084367752075195 10571
1751460501992 1.0913102626800537 10572
1751460503240 0.03784357011318207 10573
1751460504429 0.6698606014251709 10574
1751460505623 0.6854777932167053 10575
1751460506783 1.1787971258163452 10576
1751460508026 0.5327203869819641 10577
1751460509323 0.5161455273628235 10578
1751460510574 0.5339263677597046 10579
1751460511846 0.7012227773666382 10580
1751460513111 0.9372419118881226 10581
1751460514673 0.8706190586090088 10582
1751460515918 0.6074128150939941 10583
1751460517166 0.5867879390716553 10584
1751460518408 0.736798882484436 10585
1751460519704 0.5507074594497681 10586
1751460520936 1.2013822793960571 10587
1751460522192 0.6532993912696838 10588
1751460523433 0.48791974782943726 10589
1751460524625 0.6081512570381165 10590
1751460525898 2.330986976623535 10591
1751460527523 0.4611426591873169 10592
1751460528839 0.7829639911651611 10593
1751460530070 0.4592802822589874 10594
1751460531371 1.353672742843628 10595
1751460532629 0.7616683840751648 10596
1751460533902 0.8033340573310852 10597
1751460535120 2.3164756298065186 10598
1751460536341 1.1924782991409302 10599
1751460537682 0.6169667840003967 10600
1751460538928 0.8461838364601135 10601
1751460540475 0.6404253840446472 10602
1751460541775 0.8184689879417419 10603
1751460543070 0.9621855020523071 10604
1751460544387 0.748314619064331 10605
1751460545653 0.6492958664894104 10606
1751460546902 0.8534749746322632 10607
1751460548240 1.1055908203125 10608
1751460549514 0.4100556969642639 10609
1751460550743 1.0292309522628784 10610
1751460552021 0.9665347933769226 10611
1751460553577 0.44230982661247253 10612
1751460554874 0.655565083026886 10613
1751460556230 0.6845262050628662 10614
1751460557464 0.7822725772857666 10615
1751460558740 0.6749936938285828 10616
1751460560007 0.31017565727233887 10617
1751460561207 1.6322340965270996 10618
1751460562436 0.9500297904014587 10619
1751460563691 0.44797390699386597 10620
1751460564952 0.7751730680465698 10621
1751460566422 0.8506089448928833 10622
1751460567692 0.5267009735107422 10623
1751460568962 0.6685543656349182 10624
1751460570262 0.5598143339157104 10625
1751460571518 1.1613212823867798 10626
1751460572733 0.9691006541252136 10627
1751460573974 2.320591449737549 10628
1751460575262 0.9718693494796753 10629
1751460576534 1.4783837795257568 10630
1751460577838 0.6637938022613525 10631
1751460579281 0.5876680016517639 10632
1751460580566 0.6862921714782715 10633
1751460581812 0.9656084775924683 10634
1751460583116 0.6724062561988831 10635
1751460584431 0.5719534158706665 10636
1751460585726 0.6253326535224915 10637
1751460586951 0.9923145771026611 10638
1751460588227 0.5450782775878906 10639
1751460589418 0.8077816963195801 10640
1751460590609 0.7508084774017334 10641
1751460592040 0.6597311496734619 10642
1751460593289 0.6633684635162354 10643
1751460594618 0.8494102954864502 10644
1751460595952 0.614156186580658 10645
1751460597169 0.2971140146255493 10646
1751460598508 0.8382605314254761 10647
1751460599810 0.45973554253578186 10648
1751460601172 0.9355330467224121 10649
1751460602409 0.790708065032959 10650
1751460603648 0.7489631175994873 10651
1751460605222 0.8909780979156494 10652
1751460606474 0.9114593863487244 10653
1751460607761 0.6562394499778748 10654
1751460609031 0.8344649076461792 10655
1751460610256 0.5758426189422607 10656
1751460611527 0.7445801496505737 10657
1751460612798 0.6628001928329468 10658
1751460614088 0.8246041536331177 10659
1751460615352 0.9142765402793884 10660
1751460616629 0.6184133291244507 10661
1751460618120 0.6213697195053101 10662
1751460619408 0.7008796334266663 10663
1751460620640 0.9473072290420532 10664
1751460621936 0.4624321460723877 10665
1751460623206 0.6836774349212646 10666
1751460624443 0.44617003202438354 10667
1751460625756 0.7538052797317505 10668
1751460627111 0.9495352506637573 10669
1751460628327 0.8433684706687927 10670
1751460629640 0.7984409332275391 10671
1751460631181 0.9828330278396606 10672
1751460632469 0.8322857618331909 10673
1751460633708 1.5938324928283691 10674
1751460634797 1.8706705570220947 10675
1751460636068 0.4717675447463989 10676
1751460637418 0.5589321851730347 10677
1751460638655 1.0961918830871582 10678
1751460639933 0.7304574847221375 10679
1751460641253 1.0548564195632935 10680
1751460642554 0.7107646465301514 10681
1751460644054 2.318077325820923 10682
1751460645365 0.6766853332519531 10683
1751460646630 0.7832210063934326 10684
1751460647867 1.0045192241668701 10685
1751460649139 0.8545995950698853 10686
1751460650451 0.17318414151668549 10687
1751460651725 0.5558747053146362 10688
1751460652982 1.29193913936615 10689
1751460654182 0.5389263033866882 10690
1751460655431 0.5848081111907959 10691
1751460657027 1.850550889968872 10692
1751460658277 0.648535966873169 10693
1751460659677 0.8704690933227539 10694
1751460660973 0.9648475646972656 10695
1751460662248 0.823983907699585 10696
1751460663545 0.7382792830467224 10697
1751460664800 0.7446748614311218 10698
1751460666087 0.7077710032463074 10699
1751460667297 0.8558740615844727 10700
1751460668465 0.6331607103347778 10701
1751460669935 0.36009877920150757 10702
1751460671238 0.5927178263664246 10703
1751460672552 1.0163935422897339 10704
1751460673756 0.6365654468536377 10705
1751460675006 0.5240037441253662 10706
1751460676301 0.5494071245193481 10707
1751460677664 0.5692340135574341 10708
1751460678911 0.5390414595603943 10709
1751460680156 0.31939664483070374 10710
1751460681491 0.5117213726043701 10711
1751460682996 0.6668402552604675 10712
1751460684226 0.42759793996810913 10713
1751460685560 0.42700260877609253 10714
1751460686837 0.7719436883926392 10715
1751460688087 0.818315863609314 10716
1751460689322 0.7812762260437012 10717
1751460690539 0.6076390743255615 10718
1751460691766 0.5033388137817383 10719
1751460693003 0.7450358867645264 10720
1751460694315 1.0492558479309082 10721
1751460695905 0.7410163879394531 10722
1751460697149 1.0422558784484863 10723
1751460698453 0.5999548435211182 10724
1751460699715 0.4473220705986023 10725
1751460701045 0.6907708644866943 10726
1751460702282 0.6171945333480835 10727
1751460703537 0.7134639024734497 10728
1751460704846 1.0295324325561523 10729
1751460706112 1.0952001810073853 10730
1751460707323 0.7903497219085693 10731
1751460708794 0.9032249450683594 10732
1751460710035 0.7737061381340027 10733
1751460711292 0.7694945931434631 10734
1751460712598 0.6196727752685547 10735
1751460713838 0.8510335087776184 10736
1751460715114 1.0690187215805054 10737
1751460716346 0.5391814112663269 10738
1751460717589 1.2549517154693604 10739
1751460718806 0.9256353378295898 10740
1751460720105 0.7052075862884521 10741
1751460721621 0.6427115201950073 10742
1751460722876 1.7450292110443115 10743
1751460724200 0.6115442514419556 10744
1751460725448 0.70378178358078 10745
1751460726709 0.7506206035614014 10746
1751460728019 0.8084610104560852 10747
1751460729315 0.7181541919708252 10748
1751460730592 0.7497829794883728 10749
1751460731882 0.5136108994483948 10750
1751460733131 0.5986782312393188 10751
1751460734643 0.9657570123672485 10752
1751460735890 0.8263387680053711 10753
1751460737143 0.3751339316368103 10754
1751460738372 0.7112487554550171 10755
1751460739627 0.7110717296600342 10756
1751460740903 0.7665911316871643 10757
1751460742127 1.069931983947754 10758
1751460743371 0.4445791244506836 10759
1751460744630 0.6994156241416931 10760
1751460745974 0.4984983801841736 10761
1751460747275 0.5589240193367004 10762
1751460748874 0.7091642618179321 10763
1751460750131 1.0968012809753418 10764
1751460751366 0.7068748474121094 10765
1751460752635 0.9092116355895996 10766
1751460753906 1.0701556205749512 10767
1751460755187 0.5631826519966125 10768
1751460756532 0.7554934620857239 10769
1751460757721 1.2167938947677612 10770
1751460758979 0.8921480774879456 10771
1751460760205 0.7534461617469788 10772
1751460761769 1.3817400932312012 10773
1751460763031 0.5716885924339294 10774
1751460764327 0.51387619972229 10775
1751460765620 0.7417448163032532 10776
1751460766967 0.33086109161376953 10777
1751460768248 0.7564319968223572 10778
1751460769456 0.5678337216377258 10779
1751460770639 0.7539335489273071 10780
1751460771897 0.5940237641334534 10781
1751460773229 0.6687999963760376 10782
1751460774771 1.420149564743042 10783
1751460776028 0.5365846157073975 10784
1751460777289 0.4364764094352722 10785
1751460778551 0.6205545663833618 10786
1751460779879 0.9110668301582336 10787
1751460781128 0.4207489788532257 10788
1751460782456 0.5985426902770996 10789
1751460783767 0.9122887849807739 10790
1751460785024 0.605132520198822 10791
1751460786381 0.6016208529472351 10792
1751460787907 0.9714994430541992 10793
1751460789179 1.1947145462036133 10794
1751460790390 0.721368134021759 10795
1751460791644 0.671661913394928 10796
1751460792912 0.6190609931945801 10797
1751460794147 0.4728122055530548 10798
1751460795375 0.9673339128494263 10799
1751460796704 0.7537835836410522 10800
1751460874884 0.7585853338241577 10801
1751460876491 0.6195312738418579 10802
1751460877674 0.7385475039482117 10803
1751460878836 1.2624685764312744 10804
1751460879998 0.47871333360671997 10805
1751460881172 0.7531929016113281 10806
1751460882380 0.5591912269592285 10807
1751460883642 0.38718992471694946 10808
1751460884860 0.7171927690505981 10809
1751460886121 0.49866658449172974 10810
1751460887383 0.778956413269043 10811
1751460888942 1.0399866104125977 10812
1751460890181 0.6595235466957092 10813
1751460891438 0.5365264415740967 10814
1751460892715 1.0365526676177979 10815
1751460893959 0.3519231081008911 10816
1751460895310 0.8268377780914307 10817
1751460896590 0.9792256355285645 10818
1751460897823 0.9904016852378845 10819
1751460899123 0.7970114946365356 10820
1751460900395 0.5591025352478027 10821
1751460901810 1.2607828378677368 10822
1751460903014 0.544526219367981 10823
1751460904215 0.4449085295200348 10824
1751460905408 0.9132840633392334 10825
1751460906714 0.5213368535041809 10826
1751460907938 0.6320098638534546 10827
1751460909139 1.0643298625946045 10828
1751460910386 0.9752275347709656 10829
1751460911719 0.816127359867096 10830
1751460912986 1.0924639701843262 10831
1751460914535 0.7356952428817749 10832
1751460915830 1.1433463096618652 10833
1751460917064 0.613105833530426 10834
1751460918307 0.8055304288864136 10835
1751460919620 0.5421009659767151 10836
1751460920845 0.8192660808563232 10837
1751460922150 0.7198121547698975 10838
1751460923406 0.14854632318019867 10839
1751460924671 0.7206494808197021 10840
1751460925935 0.6415724754333496 10841
1751460927186 2.2404592037200928 10842
1751460928787 0.4459848403930664 10843
1751460930063 0.85262531042099 10844
1751460931350 0.6910781264305115 10845
1751460932515 1.7005763053894043 10846
1751460933707 0.8708992600440979 10847
1751460935044 1.4192129373550415 10848
1751460936467 0.5950146913528442 10849
1751460937689 0.8699190616607666 10850
1751460938886 1.2986891269683838 10851
1751460940153 0.4845200181007385 10852
1751460941629 0.6506577730178833 10853
1751460942914 0.9253904223442078 10854
1751460944121 0.5144959092140198 10855
1751460945359 0.4954949617385864 10856
1751460946621 1.7099783420562744 10857
1751460947818 0.5128703117370605 10858
1751460949096 0.35445383191108704 10859
1751460950359 1.0859694480895996 10860
1751460951615 0.671596348285675 10861
1751460952892 0.6981602311134338 10862
1751460954401 0.7731831073760986 10863
1751460955549 1.0004103183746338 10864
1751460956746 0.8445110321044922 10865
1751460958010 0.637503445148468 10866
1751460959214 0.335723340511322 10867
1751460960416 0.6206387281417847 10868
1751460961623 0.9339861869812012 10869
1751460962876 1.7667593955993652 10870
1751460964135 0.6578156352043152 10871
1751460965405 0.06162547692656517 10872
1751460966874 0.6685115098953247 10873
1751460968151 0.19161170721054077 10874
1751460969487 1.3535542488098145 10875
1751460970704 1.2457592487335205 10876
1751460971991 0.49452027678489685 10877
1751460973322 1.0458519458770752 10878
1751460974634 0.7515357136726379 10879
1751460975895 0.7410297393798828 10880
1751460977226 0.5965178608894348 10881
1751460978562 0.8565899133682251 10882
1751460980070 1.00079345703125 10883
1751460981300 0.6417011022567749 10884
1751460982524 0.6252905130386353 10885
1751460983762 0.7944796085357666 10886
1751460984980 0.48763957619667053 10887
1751460986192 0.7041979432106018 10888
1751460987473 0.487251877784729 10889
1751460988782 1.230764389038086 10890
1751460990022 0.6067187786102295 10891
1751460991354 0.2619840204715729 10892
1751460993073 0.6713796257972717 10893
1751460994348 1.5891419649124146 10894
1751460995563 0.7619843482971191 10895
1751460996804 0.6770224571228027 10896
1751460998022 0.7654865980148315 10897
1751460999303 0.8309994339942932 10898
1751461000618 0.3870716094970703 10899
1751461002013 0.5837653875350952 10900
1751461003274 1.779030680656433 10901
1751461004915 0.7173601388931274 10902
1751461006169 0.5787268280982971 10903
1751461007440 0.5914582014083862 10904
1751461008751 1.011243224143982 10905
1751461010080 1.1425153017044067 10906
1751461011325 0.4306114912033081 10907
1751461012577 0.5179864168167114 10908
1751461013869 1.0320135354995728 10909
1751461015091 1.7890276908874512 10910
1751461016363 0.8414743542671204 10911
1751461017911 0.23686684668064117 10912
1751461019178 0.32684576511383057 10913
1751461020385 1.2882834672927856 10914
1751461021685 1.1708083152770996 10915
1751461022939 0.7248883843421936 10916
1751461024246 0.6960017681121826 10917
1751461025653 0.35690540075302124 10918
1751461026938 0.6540671586990356 10919
1751461028176 0.4015904664993286 10920
1751461029595 1.0997838973999023 10921
1751461030854 1.0018789768218994 10922
1751461032045 1.7647459506988525 10923
1751461033289 0.9234598278999329 10924
1751461034569 0.6238229274749756 10925
1751461035856 0.6364153623580933 10926
1751461037121 0.7947193384170532 10927
1751461038380 0.8416666984558105 10928
1751461039682 0.8733047842979431 10929
1751461040948 0.5027865767478943 10930
1751461042533 0.8457223176956177 10931
1751461043846 0.40281254053115845 10932
1751461045110 0.71356600522995 10933
1751461046571 0.7616562247276306 10934
1751461047868 0.461450457572937 10935
1751461049119 1.6446270942687988 10936
1751461050415 0.5587205290794373 10937
1751461051689 0.7130067944526672 10938
1751461052980 0.6705250144004822 10939
1751461054271 0.7957324385643005 10940
1751461055790 0.9703837633132935 10941
1751461057097 1.1298965215682983 10942
1751461058404 0.7539133429527283 10943
1751461059632 1.5027860403060913 10944
1751461060883 0.951046347618103 10945
1751461062167 0.9532108306884766 10946
1751461063463 0.638819694519043 10947
1751461064787 0.967953085899353 10948
1751461066020 0.7744220495223999 10949
1751461067520 0.6048681139945984 10950
1751461068740 0.7917447090148926 10951
1751461069998 0.607700765132904 10952
1751461071227 0.5848156213760376 10953
1751461072490 0.8936026096343994 10954
1751461073806 1.0628329515457153 10955
1751461075089 0.6303537487983704 10956
1751461076317 4.050864219665527 10957
1751461077613 0.8718926906585693 10958
1751461078896 0.5535115003585815 10959
1751461080395 0.4442202150821686 10960
1751461081619 0.9342583417892456 10961
1751461082825 1.3211941719055176 10962
1751461084059 1.1273937225341797 10963
1751461085329 0.6786430478096008 10964
1751461086696 0.42008042335510254 10965
1751461087897 1.3265929222106934 10966
1751461089207 0.643460214138031 10967
1751461090521 0.5008973479270935 10968
1751461091774 2.9798946380615234 10969
1751461093303 1.0004794597625732 10970
1751461094523 2.8268399238586426 10971
1751461095775 0.5096737742424011 10972
1751461097049 0.6345223784446716 10973
1751461098399 0.4909640848636627 10974
1751461099716 0.4810628592967987 10975
1751461101031 0.903672456741333 10976
1751461102328 0.7714687585830688 10977
1751461103596 0.5777568817138672 10978
1751461104902 0.5035272836685181 10979
1751461106542 1.1526418924331665 10980
1751461107785 1.0504238605499268 10981
1751461109042 0.6725908517837524 10982
1751461110272 0.9658437967300415 10983
1751461111456 1.1854841709136963 10984
1751461112723 0.48976683616638184 10985
1751461113962 0.6733925938606262 10986
1751461115257 1.5730352401733398 10987
1751461116561 2.936267375946045 10988
1751461118217 0.6283689737319946 10989
1751461119540 0.8228816390037537 10990
1751461120797 0.8413177728652954 10991
1751461122075 0.7053506970405579 10992
1751461123300 0.8294793367385864 10993
1751461124539 0.10361465811729431 10994
1751461125869 0.7946735620498657 10995
1751461127150 0.5888610482215881 10996
1751461128368 0.9974660873413086 10997
1751461129782 0.7718884944915771 10998
1751461131355 0.6450879573822021 10999
1751461132628 1.0196034908294678 11000
1751461133870 0.5640679001808167 11001
1751461135168 0.5189215540885925 11002
1751461136444 0.7989648580551147 11003
1751461137772 0.606203556060791 11004
1751461139109 0.7080740332603455 11005
1751461140439 0.8745922446250916 11006
1751461141706 0.7497153282165527 11007
1751461143309 1.9516642093658447 11008
1751461144567 0.61708664894104 11009
1751461145901 1.3410396575927734 11010
1751461147193 1.5833427906036377 11011
1751461148555 0.3541327118873596 11012
1751461149793 0.5953977108001709 11013
1751461151075 0.8847659826278687 11014
1751461152340 0.49798351526260376 11015
1751461153602 0.6574833989143372 11016
1751461154892 0.874542236328125 11017
1751461156426 1.0148309469223022 11018
1751461157679 0.9492833614349365 11019
1751461158927 0.6257702112197876 11020
1751461160267 0.9898654222488403 11021
1751461161555 0.7131149172782898 11022
1751461162833 1.1850529909133911 11023
1751461164101 0.5768471956253052 11024
1751461165354 1.3541827201843262 11025
1751461166628 0.8095183372497559 11026
1751461167923 0.8850857615470886 11027
1751461169497 0.9094671607017517 11028
1751461170781 0.6567001342773438 11029
1751461172059 0.8577348589897156 11030
1751461173376 0.7873408198356628 11031
1751461174613 0.5506985783576965 11032
1751461175893 0.5976927280426025 11033
1751461177141 0.9161672592163086 11034
1751461178433 0.5383777022361755 11035
1751461179659 2.3681516647338867 11036
1751461181192 0.8732222318649292 11037
1751461182436 1.5550578832626343 11038
1751461183703 0.6497551202774048 11039
1751461184937 0.6318672895431519 11040
1751461186169 0.8597588539123535 11041
1751461187435 0.47192326188087463 11042
1751461188668 0.8174989819526672 11043
1751461190026 0.05573764443397522 11044
1751461191357 0.633223295211792 11045
1751461192668 1.0201709270477295 11046
1751461194230 0.850202202796936 11047
1751461195492 0.7564010620117188 11048
1751461196799 1.5792146921157837 11049
1751461198094 0.43295425176620483 11050
1751461199359 0.629331648349762 11051
1751461200694 0.9047273397445679 11052
1751461202060 0.7750309109687805 11053
1751461203392 0.7482361793518066 11054
1751461204660 0.7674044966697693 11055
1751461205938 0.7150432467460632 11056
1751461207501 1.7022416591644287 11057
1751461208860 0.987219512462616 11058
1751461210091 1.3696377277374268 11059
1751461211451 0.49160170555114746 11060
1751461212809 0.39231783151626587 11061
1751461214039 0.8027287721633911 11062
1751461215279 1.2691504955291748 11063
1751461216586 0.6986885666847229 11064
1751461217857 1.1084277629852295 11065
1751461219137 0.672792375087738 11066
1751461220580 0.6546683311462402 11067
1751461221916 0.7783424854278564 11068
1751461223230 1.5023372173309326 11069
1751461224498 0.7236953973770142 11070
1751461225835 1.4603753089904785 11071
1751461227069 1.1189637184143066 11072
1751461228321 0.9034193754196167 11073
1751461229574 0.7551179528236389 11074
1751461230817 0.9723230600357056 11075
1751461232381 1.4870359897613525 11076
1751461233558 0.7347934246063232 11077
1751461234842 0.7413500547409058 11078
1751461236103 0.8394949436187744 11079
1751461237414 0.20120425522327423 11080
1751461238713 0.545209527015686 11081
1751461239941 1.287177562713623 11082
1751461241267 0.992529034614563 11083
1751461242528 0.6893174648284912 11084
1751461243769 0.8719818592071533 11085
1751461245216 0.9864439368247986 11086
1751461246533 0.5784382820129395 11087
1751461247797 0.48941725492477417 11088
1751461249077 0.41235852241516113 11089
1751461250364 1.0181326866149902 11090
1751461251649 0.8129318356513977 11091
1751461252915 0.6240965127944946 11092
1751461254211 0.4848490357398987 11093
1751461255478 0.532588005065918 11094
1751461257066 0.8678670525550842 11095
1751461258302 1.4507800340652466 11096
1751461259566 1.311628818511963 11097
1751461260799 0.711077094078064 11098
1751461262036 0.5641475915908813 11099
1751461263314 0.9279330968856812 11100
1751461264636 0.6405924558639526 11101
1751461265930 0.9401590824127197 11102
1751461267238 0.7054612636566162 11103
1751461268551 1.0843536853790283 11104
1751461270239 0.5822939872741699 11105
1751461271574 0.5566046237945557 11106
1751461272826 1.440654993057251 11107
1751461274067 0.932392954826355 11108
1751461275391 0.9653161764144897 11109
1751461276691 0.5425846576690674 11110
1751461278001 4.213558197021484 11111
1751461279413 0.5295801162719727 11112
1751461280621 0.8272512555122375 11113
1751461282116 0.7793885469436646 11114
1751461283459 0.979829728603363 11115
1751461284749 0.5711098313331604 11116
1751461286084 1.0299996137619019 11117
1751461287359 0.4259171485900879 11118
1751461288636 0.9064875245094299 11119
1751461289911 1.1839323043823242 11120
1751461291267 0.7506871223449707 11121
1751461292604 0.8685614466667175 11122
1751461293890 0.7212729454040527 11123
1751461295613 0.7104288935661316 11124
1751461296937 0.8241661190986633 11125
1751461298228 0.5539941191673279 11126
1751461299539 0.49613937735557556 11127
1751461300751 0.28111639618873596 11128
1751461301972 0.13179606199264526 11129
1751461303215 1.2821519374847412 11130
1751461304449 0.7153152227401733 11131
1751461305705 0.37181907892227173 11132
1751461307245 0.5263519883155823 11133
1751461308566 1.8828271627426147 11134
1751461309839 0.6878966093063354 11135
1751461311106 0.1606186032295227 11136
1751461312470 0.5206544399261475 11137
1751461313714 0.9186903238296509 11138
1751461314982 0.8349705934524536 11139
1751461316263 0.9515720009803772 11140
1751461317577 0.8056103587150574 11141
1751461318880 1.1856273412704468 11142
1751461320492 0.8465970754623413 11143
1751461321828 0.5835608839988708 11144
1751461323100 1.8701918125152588 11145
1751461324499 0.8639794588088989 11146
1751461325753 0.8920971155166626 11147
1751461327089 0.7850669026374817 11148
1751461328291 0.7930881977081299 11149
1751461329566 0.39254701137542725 11150
1751461330838 0.21171973645687103 11151
1751461332096 0.6127287149429321 11152
1751461333643 1.0744093656539917 11153
1751461334839 0.5492287278175354 11154
1751461336128 0.23358729481697083 11155
1751461337463 0.6962519884109497 11156
1751461338691 0.6840690970420837 11157
1751461339878 0.15503808856010437 11158
1751461341105 1.0570069551467896 11159
1751461342412 1.1420223712921143 11160
1751461343665 0.6218075752258301 11161
1751461345149 0.8239015340805054 11162
1751461346436 1.2246482372283936 11163
1751461347716 0.7221421003341675 11164
1751461348890 0.627812385559082 11165
1751461350102 0.9653194546699524 11166
1751461351321 1.0212968587875366 11167
1751461352540 0.8101302981376648 11168
1751461353816 0.49586910009384155 11169
1751461355140 0.5370203256607056 11170
1751461356392 0.985192060470581 11171
1751461357811 0.8164438605308533 11172
1751461359021 0.9866951107978821 11173
1751461360368 1.012945294380188 11174
1751461361713 0.9804639220237732 11175
1751461363076 0.8859331011772156 11176
1751461364400 2.121211528778076 11177
1751461365653 0.6224196553230286 11178
1751461366970 0.8803895711898804 11179
1751461368131 1.129352331161499 11180
1751461369376 1.204671859741211 11181
1751461370858 0.5611108541488647 11182
1751461372098 0.49209603667259216 11183
1751461373381 0.6193373203277588 11184
1751461374624 0.8931612968444824 11185
1751461375840 0.6388387084007263 11186
1751461377042 0.8392248153686523 11187
1751461378278 0.6541748046875 11188
1751461379590 0.9309457540512085 11189
1751461380869 0.9631932973861694 11190
1751461382134 0.965422511100769 11191
1751461383654 0.45556268095970154 11192
1751461384965 1.125274658203125 11193
1751461386225 1.0342786312103271 11194
1751461387434 0.8175139427185059 11195
1751461388739 0.628565788269043 11196
1751461389953 0.9211112260818481 11197
1751461391223 0.068215012550354 11198
1751461392441 0.43512317538261414 11199
1751461393790 0.7250115871429443 11200
1751461395328 0.7346076965332031 11201
1751461396591 0.6472252607345581 11202
1751461397882 1.6332160234451294 11203
1751461399177 0.9067289233207703 11204
1751461400432 0.523044764995575 11205
1751461401704 0.5410337448120117 11206
1751461402926 0.759576141834259 11207
1751461404186 0.011386454105377197 11208
1751461405481 0.8884361386299133 11209
1751461406730 1.1621180772781372 11210
1751461408280 0.4904771149158478 11211
1751461409543 0.7848010063171387 11212
1751461410797 0.7072181701660156 11213
1751461412104 0.9349331855773926 11214
1751461413386 0.15618441998958588 11215
1751461414668 0.9482821226119995 11216
1751461415914 0.7421339750289917 11217
1751461417176 1.041860818862915 11218
1751461418506 1.0519883632659912 11219
1751461419784 0.8309980630874634 11220
1751461421512 0.6805157661437988 11221
1751461422796 0.7570608854293823 11222
1751461424081 1.4613690376281738 11223
1751461425378 0.7260253429412842 11224
1751461426671 0.6138717532157898 11225
1751461427963 0.3599283695220947 11226
1751461429168 1.0916616916656494 11227
1751461430394 1.0574909448623657 11228
1751461431655 0.5436581969261169 11229
1751461432904 0.864745020866394 11230
1751461434501 0.7565322518348694 11231
1751461435826 0.3921409547328949 11232
1751461437096 0.09871476143598557 11233
1751461438330 1.0094547271728516 11234
1751461439630 0.574109673500061 11235
1751461440857 0.7112118005752563 11236
1751461442119 0.9558099508285522 11237
1751461443342 0.5324443578720093 11238
1751461444561 1.3184962272644043 11239
1751461445774 0.7270585298538208 11240
1751461447236 0.7215332984924316 11241
1751461448544 0.691818356513977 11242
1751461449778 0.6016502976417542 11243
1751461451099 0.7274205088615417 11244
1751461452356 0.4649294912815094 11245
1751461453598 0.7526184916496277 11246
1751461454935 0.7232121229171753 11247
1751461456206 0.7643915414810181 11248
1751461457488 0.8840631246566772 11249
1751461459158 0.8315623998641968 11250
1751461460387 1.3269330263137817 11251
1751461461612 0.654598593711853 11252
1751461462883 1.062666416168213 11253
1751461464133 0.7140070199966431 11254
1751461465389 0.6392114162445068 11255
1751461466662 0.5891287326812744 11256
1751461467906 1.092139720916748 11257
1751461469335 0.41759514808654785 11258
1751461470718 0.02369130216538906 11259
1751461472327 0.6257919073104858 11260
1751461473568 0.7355424761772156 11261
1751461474803 0.7716149091720581 11262
1751461476075 0.4281725287437439 11263
1751461477343 0.9268494248390198 11264
1751461478682 0.4677796959877014 11265
1751461480000 0.4028424918651581 11266
1751461481295 1.111487627029419 11267
1751461482549 0.6857903599739075 11268
1751461484097 0.4055097699165344 11269
1751461485374 2.6352615356445312 11270
1751461486734 0.38650229573249817 11271
1751461488178 0.6881424188613892 11272
1751461489756 1.052944540977478 11273
1751461491100 0.7591143846511841 11274
1751461492576 0.9782926440238953 11275
1751461494030 1.4027154445648193 11276
1751461495506 0.6656010746955872 11277
1751461497249 0.9484748244285583 11278
1751461498614 0.7202613949775696 11279
1751461499961 0.4242709279060364 11280
1751461501384 0.7390027642250061 11281
1751461502709 0.7030499577522278 11282
1751461504047 0.6633202433586121 11283
1751461505349 0.814556896686554 11284
1751461506601 0.676124632358551 11285
1751461507956 0.8644734621047974 11286
1751461509591 0.9945434927940369 11287
1751461512074 0.5568318367004395 11288
1751461514455 0.6393895149230957 11289
1751461516562 0.8604815006256104 11290
1751461518212 0.6643356084823608 11291
1751461520198 1.7101954221725464 11292
1751461521826 1.000394344329834 11293
1751461523061 1.0060219764709473 11294
1751461524369 0.4688522219657898 11295
1751461525648 0.6071219444274902 11296
1751461527291 0.33995652198791504 11297
1751461530219 0.575088381767273 11298
1751461531486 0.4915134906768799 11299
1751461532875 0.6316640377044678 11300
1751461534230 0.9036811590194702 11301
1751461535595 1.353151798248291 11302
1751461536853 0.763762354850769 11303
1751461538059 0.8569771647453308 11304
1751461539308 0.5896841287612915 11305
1751461540896 0.5952609777450562 11306
1751461542390 0.37636038661003113 11307
1751461543662 0.6474460363388062 11308
1751461544922 0.2365674525499344 11309
1751461546169 0.9199292659759521 11310
1751461547456 0.5798693895339966 11311
1751461548694 0.4307061433792114 11312
1751461549913 0.5636245012283325 11313
1751461551165 0.9539270997047424 11314
1751461552697 0.8738530278205872 11315
1751461553855 0.8487657904624939 11316
1751461555144 1.326282024383545 11317
1751461556392 0.6266060471534729 11318
1751461557677 0.6162927746772766 11319
1751461559020 0.5577950477600098 11320
1751461560251 0.9457108974456787 11321
1751461561564 0.576896071434021 11322
1751461562871 1.1192620992660522 11323
1751461564192 1.484692096710205 11324
1751461565702 1.198297142982483 11325
1751461567040 0.9431847333908081 11326
1751461568287 0.5638910531997681 11327
1751461569637 0.5874378681182861 11328
1751461570958 1.0494098663330078 11329
1751461572277 1.1181671619415283 11330
1751461573602 0.46690690517425537 11331
1751461574907 0.6302865743637085 11332
1751461576171 0.33689814805984497 11333
1751461577714 0.35295331478118896 11334
1751461579075 0.9284528493881226 11335
1751461580368 1.022179126739502 11336
1751461581667 0.764960527420044 11337
1751461582943 0.11241462826728821 11338
1751461584184 1.2981916666030884 11339
1751461585413 0.5073687434196472 11340
1751461586685 0.5173753499984741 11341
1751461587936 0.5933003425598145 11342
1751461589457 1.4071073532104492 11343
1751461590756 0.6535674333572388 11344
1751461591983 0.9067142009735107 11345
1751461593236 0.8113135695457458 11346
1751461594559 0.7711752653121948 11347
1751461595782 1.382054090499878 11348
1751461597157 0.906550407409668 11349
1751461598424 0.962162971496582 11350
1751461599699 0.8597639799118042 11351
1751461600944 0.9349967837333679 11352
1751461602451 1.676182746887207 11353
1751461603765 1.0598020553588867 11354
1751461605042 0.7360490560531616 11355
1751461606315 0.9125938415527344 11356
1751461607549 1.101491093635559 11357
1751461608778 0.9354678392410278 11358
1751461610014 0.44542884826660156 11359
1751461611284 0.8658928871154785 11360
1751461612553 2.0376205444335938 11361
1751461614069 0.6334100961685181 11362
1751461615338 0.4858502149581909 11363
1751461616604 1.0798372030258179 11364
1751461617987 0.7482344508171082 11365
1751461619339 0.7321587204933167 11366
1751461620602 0.7488477826118469 11367
1751461621854 0.43969202041625977 11368
1751461623114 1.2663393020629883 11369
1751461624314 0.9810367226600647 11370
1751461625846 1.0492051839828491 11371
1751461627091 0.6637444496154785 11372
1751461628374 0.6057621240615845 11373
1751461629652 0.8379001617431641 11374
1751461630880 0.8313021063804626 11375
1751461632087 1.5679328441619873 11376
1751461633320 0.46390071511268616 11377
1751461634657 1.4880342483520508 11378
1751461635921 0.6642307043075562 11379
1751461637241 0.7289464473724365 11380
1751461638801 1.9684977531433105 11381
1751461640043 0.49400272965431213 11382
1751461641290 0.4248743951320648 11383
1751461642568 1.0844990015029907 11384
1751461643808 0.6636544466018677 11385
1751461645020 1.3717081546783447 11386
1751461646234 0.7710170745849609 11387
1751461647492 0.8477383852005005 11388
1751461648725 0.6572064161300659 11389
1751461650323 0.5710031986236572 11390
1751461651503 1.2322466373443604 11391
1751461652782 0.6351038217544556 11392
1751461653981 0.6686007976531982 11393
1751461655245 0.6995303630828857 11394
1751461656467 0.600178599357605 11395
1751461657689 0.7294291257858276 11396
1751461658935 0.5545327663421631 11397
1751461660158 0.678637683391571 11398
1751461661367 0.1762068271636963 11399
1751461662879 0.602613091468811 11400
1751461664167 0.4478726089000702 11401
1751461665435 0.6382226943969727 11402
1751461666709 0.7264708876609802 11403
1751461668081 0.12738701701164246 11404
1751461669375 0.5546742081642151 11405
1751461670604 1.2904094457626343 11406
1751461671945 0.8743017911911011 11407
1751461673144 0.48078620433807373 11408
1751461674579 1.0855519771575928 11409
1751461675854 0.8484704494476318 11410
1751461677152 0.6048024296760559 11411
1751461678397 0.6728132367134094 11412
1751461679683 0.9684481620788574 11413
1751461680967 0.8103371858596802 11414
1751461682151 1.1740899085998535 11415
1751461683421 0.8742615580558777 11416
1751461684626 0.4133218228816986 11417
1751461686118 0.9678456783294678 11418
1751461687321 0.5588554739952087 11419
1751461688675 0.7421400547027588 11420
1751461689990 2.5181074142456055 11421
1751461691301 0.6203497648239136 11422
1751461692568 0.6926466226577759 11423
1751461693851 0.36660483479499817 11424
1751461695109 0.8322608470916748 11425
1751461696352 1.27250075340271 11426
1751461698038 0.4782818853855133 11427
1751461699349 0.5465900897979736 11428
1751461700600 0.6252095699310303 11429
1751461701837 0.7556790709495544 11430
1751461703114 1.1422393321990967 11431
1751461704408 1.1878597736358643 11432
1751461705632 0.8471174240112305 11433
1751461706849 0.8184442520141602 11434
1751461708110 0.941468358039856 11435
1751461709354 0.4841006100177765 11436
1751461710876 0.33328691124916077 11437
1751461712113 0.8864651918411255 11438
1751461713376 0.7799120545387268 11439
1751461714610 0.24967914819717407 11440
1751461715834 0.8469025492668152 11441
1751461717093 0.7359555959701538 11442
1751461718342 0.7969660758972168 11443
1751461719538 2.0249276161193848 11444
1751461720805 0.6766424179077148 11445
1751461722346 0.4666711688041687 11446
1751461723701 1.371654748916626 11447
1751461724972 0.6904832124710083 11448
1751461726251 0.8514130711555481 11449
1751461727585 0.7686246633529663 11450
1751461728831 0.7293936014175415 11451
1751461730080 0.5934671759605408 11452
1751461731369 0.6136497259140015 11453
1751461732675 0.8470751047134399 11454
1751461734259 0.641610860824585 11455
1751461735598 0.6485658288002014 11456
1751461736956 0.7671310901641846 11457
1751461738274 0.8470312356948853 11458
1751461739506 1.0182887315750122 11459
1751461740692 0.6659715175628662 11460
1751461741919 0.6473325490951538 11461
1751461743195 0.8926874399185181 11462
1751461744445 0.4729909300804138 11463
1751461745975 0.4224228858947754 11464
1751461747212 0.7726001739501953 11465
1751461748427 0.5087899565696716 11466
1751461749666 0.615868866443634 11467
1751461750947 0.6334908604621887 11468
1751461752236 0.9298794865608215 11469
1751461753508 0.7623767256736755 11470
1751461754835 0.7659391760826111 11471
1751461756092 0.9815061688423157 11472
1751461757325 1.2406482696533203 11473
1751461758874 0.47428417205810547 11474
1751461760104 0.6791964769363403 11475
1751461761384 0.6877983212471008 11476
1751461762640 1.1399173736572266 11477
1751461763927 1.4861952066421509 11478
1751461765242 0.7754015922546387 11479
1751461766517 0.7758458852767944 11480
1751461767805 0.7152871489524841 11481
1751461769147 0.5434337258338928 11482
1751461770690 0.8924025297164917 11483
1751461771989 0.6889704465866089 11484
1751461773247 0.6900254487991333 11485
1751461774491 0.4554649591445923 11486
1751461775726 0.8093761205673218 11487
1751461776981 0.6145278215408325 11488
1751461778216 0.9485765695571899 11489
1751461779472 0.9514116048812866 11490
1751461780733 0.8898535370826721 11491
1751461781977 0.5672063827514648 11492
1751461783522 1.2166976928710938 11493
1751461784782 0.47874918580055237 11494
1751461786052 0.23242606222629547 11495
1751461787308 0.5639951825141907 11496
1751461788588 0.9811060428619385 11497
1751461789885 0.7462912797927856 11498
1751461791127 0.7860909700393677 11499
1751461792396 0.7243831753730774 11500
1751461793624 0.7556312084197998 11501
1751461795111 0.629270613193512 11502
1751461796487 1.0923688411712646 11503
1751461797826 0.6118056774139404 11504
1751461799137 0.5636637210845947 11505
1751461800422 0.888071596622467 11506
1751461801701 0.7156752347946167 11507
1751461803034 0.1849830597639084 11508
1751461804353 0.7982957363128662 11509
1751461805646 0.69889235496521 11510
1751461807144 0.5769612789154053 11511
1751461808376 1.2885717153549194 11512
1751461809642 0.7734144926071167 11513
1751461811023 0.1812983751296997 11514
1751461812276 0.8451592922210693 11515
1751461813527 0.9727140665054321 11516
1751461814821 0.4401179552078247 11517
1751461816119 1.8313093185424805 11518
1751461817441 2.1182143688201904 11519
1751461818745 0.711970865726471 11520
1751461820380 0.6875673532485962 11521
1751461821674 0.6283539533615112 11522
1751461822908 0.7840272188186646 11523
1751461824160 1.0348504781723022 11524
1751461825411 0.6673464179039001 11525
1751461826716 0.9879230260848999 11526
1751461827989 0.8850740194320679 11527
1751461829306 0.46908771991729736 11528
1751461830576 0.5088664293289185 11529
1751461832083 0.7934659719467163 11530
1751461833467 0.955430269241333 11531
1751461834777 0.6379259824752808 11532
1751461836056 0.1744053065776825 11533
1751461837298 0.909454345703125 11534
1751461838548 0.3935399055480957 11535
1751461839829 0.5428580641746521 11536
1751461841018 0.5883643627166748 11537
1751461842312 0.43488651514053345 11538
1751461843828 1.110363245010376 11539
1751461845172 0.8568077087402344 11540
1751461846441 0.9822984933853149 11541
1751461847768 0.7973665595054626 11542
1751461849123 0.5498602390289307 11543
1751461850364 0.7199848294258118 11544
1751461851619 0.8054064512252808 11545
1751461852956 0.36895066499710083 11546
1751461854247 1.01902437210083 11547
1751461855526 1.1028704643249512 11548
1751461857120 0.9149131774902344 11549
1751461858413 0.8269681930541992 11550
1751461859697 0.8780156373977661 11551
1751461860958 0.8445984125137329 11552
1751461862257 0.8418256640434265 11553
1751461863530 1.2456355094909668 11554
1751461864852 1.1962063312530518 11555
1751461866107 0.5951162576675415 11556
1751461867347 0.7777771949768066 11557
1751461868862 0.6229233741760254 11558
1751461870137 0.5965964794158936 11559
1751461871362 0.8338418006896973 11560
1751461872595 0.6786683797836304 11561
1751461873872 0.6597265601158142 11562
1751461875254 0.5627871751785278 11563
1751461876550 1.7762746810913086 11564
1751461877853 1.0334430932998657 11565
1751461879167 0.5279232263565063 11566
1751461880684 2.923111915588379 11567
1751461882000 0.9367372989654541 11568
1751461883183 0.5040292143821716 11569
1751461884425 0.9899138808250427 11570
1751461885794 0.8715298771858215 11571
1751461887098 0.5667331218719482 11572
1751461888358 0.9059967994689941 11573
1751461889588 0.7479592561721802 11574
1751461890844 0.9836158156394958 11575
1751461892157 0.45599496364593506 11576
1751461893673 0.758094310760498 11577
1751461894978 0.723653256893158 11578
1751461896363 0.21588067710399628 11579
1751461897700 0.598058819770813 11580
1751461898943 2.047028064727783 11581
1751461900240 0.727918267250061 11582
1751461901541 0.5930944681167603 11583
1751461902754 0.8066926002502441 11584
1751461903964 1.0975158214569092 11585
1751461905516 0.35757362842559814 11586
1751461906867 1.4124212265014648 11587
1751461908108 0.7726784348487854 11588
1751461909422 1.9602487087249756 11589
1751461910709 1.0307297706604004 11590
1751461912031 0.9085105657577515 11591
1751461913333 0.7252811193466187 11592
1751461914535 0.6910104155540466 11593
1751461915846 0.7671769857406616 11594
1751461917445 0.5278841853141785 11595
1751461918620 0.9350162744522095 11596
1751461919880 0.613038182258606 11597
1751461921174 0.7699387073516846 11598
1751461922492 0.6906355619430542 11599
1751461923720 0.9499735236167908 11600
1751461924984 0.296595960855484 11601
1751461926230 0.9342107772827148 11602
1751461927502 0.6049036979675293 11603
1751461929065 0.6836420297622681 11604
1751461930404 0.7172162532806396 11605
1751461931660 0.7268260717391968 11606
1751461932995 0.43296054005622864 11607
1751461934232 0.16359971463680267 11608
1751461935462 1.5011662244796753 11609
1751461936601 0.9494760632514954 11610
1751461937830 0.5797612071037292 11611
1751461939125 0.7389695644378662 11612
1751461940670 0.7841958999633789 11613
1751461941929 0.86304771900177 11614
1751461943173 0.9400091171264648 11615
1751461944456 0.4617145359516144 11616
1751461945714 0.4979306757450104 11617
1751461946972 0.6933559775352478 11618
1751461948212 1.5790935754776 11619
1751461949450 0.6988850831985474 11620
1751461950704 0.6993717551231384 11621
1751461952318 0.5593632459640503 11622
1751461953664 2.04245662689209 11623
1751461954996 0.579238772392273 11624
1751461956226 0.5326372385025024 11625
1751461957464 0.6312083005905151 11626
1751461958689 0.8212982416152954 11627
1751461959910 1.6542184352874756 11628
1751461961112 1.0542858839035034 11629
1751461962331 1.0884358882904053 11630
1751461963876 0.8673184514045715 11631
1751461965172 0.8077191710472107 11632
1751461966376 2.0542945861816406 11633
1751461967607 0.9491738677024841 11634
1751461968971 0.6777117252349854 11635
1751461970213 0.3899848759174347 11636
1751461971515 1.1123144626617432 11637
1751461972753 0.48477646708488464 11638
1751461974066 0.663693904876709 11639
1751461975674 0.8425905704498291 11640
1751461976892 1.0192453861236572 11641
1751461978191 0.8575510382652283 11642
1751461979441 1.2586040496826172 11643
1751461980742 1.113720417022705 11644
1751461982021 0.43310314416885376 11645
1751461983300 1.14119553565979 11646
1751461984547 0.6876668930053711 11647
1751461985842 0.7831525206565857 11648
1751461987394 1.0351712703704834 11649
1751461988643 0.501892626285553 11650
1751461989916 0.9207345247268677 11651
1751461991169 1.0460937023162842 11652
1751461992381 1.1840612888336182 11653
1751461993643 1.3431224822998047 11654
1751461994941 0.8336644172668457 11655
1751461996180 3.194365978240967 11656
1751461997457 0.6210064888000488 11657
1751461999021 0.9066992998123169 11658
1751462000286 1.023643970489502 11659
1751462001530 0.7373620271682739 11660
1751462002815 0.6679515242576599 11661
1751462004066 0.8407412767410278 11662
1751462005314 0.8869196176528931 11663
1751462006549 0.6869821548461914 11664
1751462007842 0.47216612100601196 11665
1751462009065 0.5703989863395691 11666
1751462010526 0.6232954263687134 11667
1751462011792 0.5716276168823242 11668
1751462013098 0.7631567716598511 11669
1751462014329 0.4729362726211548 11670
1751462015685 0.49240541458129883 11671
1751462016978 0.5717096924781799 11672
1751462018277 0.23794826865196228 11673
1751462019524 0.4906424283981323 11674
1751462020914 0.6907492280006409 11675
1751462022515 0.4795069694519043 11676
1751462023803 0.4528750479221344 11677
1751462025108 0.9745142459869385 11678
1751462026387 1.15724778175354 11679
1751462027666 0.5846627950668335 11680
1751462028899 1.2140446901321411 11681
1751462030181 0.5474390983581543 11682
1751462031432 0.5294972658157349 11683
1751462032719 0.30413636565208435 11684
1751462034305 1.636709213256836 11685
1751462035552 0.6434653997421265 11686
1751462036793 0.6477941274642944 11687
1751462038061 0.8233596086502075 11688
1751462039314 1.2266845703125 11689
1751462040586 1.2466932535171509 11690
1751462041947 0.8884822130203247 11691
1751462043167 0.6777734756469727 11692
1751462044515 1.8580374717712402 11693
1751462045855 0.7969714999198914 11694
1751462047084 0.528305172920227 11695
1751462048464 0.6036990284919739 11696
1751462049880 0.7787898778915405 11697
1751462051163 0.47603195905685425 11698
1751462052405 0.5828497409820557 11699
1751462053626 1.3453235626220703 11700
1751462054841 0.9529619216918945 11701
1751462056035 0.4749215841293335 11702
1751462057483 0.648343563079834 11703
1751462058764 0.6899781227111816 11704
1751462060120 0.6111260652542114 11705
1751462061358 1.2855920791625977 11706
1751462062550 0.3678398132324219 11707
1751462063780 0.516165018081665 11708
1751462064995 1.1140328645706177 11709
1751462066143 0.85779869556427 11710
1751462067343 0.6441280245780945 11711
1751462068785 0.6269163489341736 11712
1751462070057 0.7750148773193359 11713
1751462071336 0.4426470994949341 11714
1751462072600 1.1185311079025269 11715
1751462073832 0.7772427797317505 11716
1751462075120 0.8697530031204224 11717
1751462076371 0.7681981325149536 11718
1751462077643 0.8469920754432678 11719
1751462078913 0.6474227905273438 11720
1751462080231 0.9261953830718994 11721
1751462081749 0.7778828144073486 11722
1751462083064 0.6750010251998901 11723
1751462084372 0.4862920641899109 11724
1751462085453 2.9938833713531494 11725
1751462086720 0.8064044117927551 11726
1751462087957 0.6099734306335449 11727
1751462089229 0.3352295160293579 11728
1751462090484 0.4811379015445709 11729
1751462091746 0.6076036095619202 11730
1751462093304 0.4935583174228668 11731
1751462094593 0.7637153267860413 11732
1751462095877 0.46833059191703796 11733
1751462097271 0.7202110290527344 11734
1751462098644 1.1036938428878784 11735
1751462099751 7.0644001960754395 11736
1751462101071 0.7556656002998352 11737
1751462102354 0.571205735206604 11738
1751462103940 1.018802523612976 11739
1751462105232 0.9339101314544678 11740
1751462106543 0.831683337688446 11741
1751462107801 0.6299779415130615 11742
1751462109049 3.028208017349243 11743
1751462110392 0.8175228834152222 11744
1751462111646 0.6234540939331055 11745
1751462112898 1.4836735725402832 11746
1751462114260 0.4479520618915558 11747
1751462115776 1.0466480255126953 11748
1751462117179 0.5630376935005188 11749
1751462118413 0.9851728081703186 11750
1751462119684 0.9739080667495728 11751
1751462120975 1.2503981590270996 11752
1751462122228 0.9265148639678955 11753
1751462123533 0.4243168830871582 11754
1751462124776 0.7099090814590454 11755
1751462126151 1.1496702432632446 11756
1751462127773 0.6202964782714844 11757
1751462128978 0.5234850645065308 11758
1751462130286 0.31175023317337036 11759
1751462131498 1.8023030757904053 11760
1751462132779 1.0616023540496826 11761
1751462134025 0.5008894205093384 11762
1751462135320 0.6050362586975098 11763
1751462136596 0.8681832551956177 11764
1751462137880 1.1462538242340088 11765
1751462139413 0.5636968612670898 11766
1751462140662 0.7960671782493591 11767
1751462142010 0.7774454355239868 11768
1751462143321 1.4374034404754639 11769
1751462144560 0.6843240857124329 11770
1751462145840 0.5892949104309082 11771
1751462147107 0.9373552799224854 11772
1751462148376 0.8119561672210693 11773
1751462149696 0.699697732925415 11774
1751462151243 0.053377676755189896 11775
1751462152533 1.3560576438903809 11776
1751462153761 0.6179024577140808 11777
1751462155136 0.7399536371231079 11778
1751462156441 0.9886780381202698 11779
1751462157814 1.2517688274383545 11780
1751462159093 0.5258870720863342 11781
1751462160389 1.0035878419876099 11782
1751462161647 0.6996455788612366 11783
1751462162968 0.5891952514648438 11784
1751462164512 1.2089240550994873 11785
1751462165693 2.2209689617156982 11786
1751462166860 1.0731642246246338 11787
1751462168166 0.7746322154998779 11788
1751462169441 0.5399949550628662 11789
1751462170717 0.776054859161377 11790
1751462172025 0.44708025455474854 11791
1751462173342 0.43432560563087463 11792
1751462174628 0.7377391457557678 11793
1751462176326 1.1184585094451904 11794
1751462177592 0.6562433242797852 11795
1751462178822 0.728071391582489 11796
1751462180037 0.88434898853302 11797
1751462181248 1.296364665031433 11798
1751462182461 0.5867347717285156 11799
1751462183785 0.3316902816295624 11800
1751462185081 0.7576866149902344 11801
1751462186357 0.8135191202163696 11802
1751462187937 0.889519214630127 11803
1751462189206 0.752527117729187 11804
1751462190407 0.562894880771637 11805
1751462191614 2.526193618774414 11806
1751462192824 1.260080337524414 11807
1751462194130 1.5847923755645752 11808
1751462195408 0.8889361023902893 11809
1751462196743 0.7941526770591736 11810
1751462197959 0.657974362373352 11811
1751462199378 0.7389862537384033 11812
1751462200591 0.6777632236480713 11813
1751462201911 1.738670825958252 11814
1751462203153 0.7525802254676819 11815
1751462204372 1.103823184967041 11816
1751462205610 0.6149430871009827 11817
1751462206867 0.5325612425804138 11818
1751462208161 0.6744682192802429 11819
1751462209431 0.6939035654067993 11820
1751462210928 0.7439366579055786 11821
1751462212230 0.9789502620697021 11822
1751462213566 0.668174147605896 11823
1751462214858 0.498100221157074 11824
1751462216064 0.796999454498291 11825
1751462217418 0.6566100716590881 11826
1751462218703 0.930518627166748 11827
1751462219993 0.6344836950302124 11828
1751462221308 1.1359384059906006 11829
1751462222902 0.7932736873626709 11830
1751462224226 1.68861985206604 11831
1751462225480 0.5392858982086182 11832
1751462226895 1.1666009426116943 11833
1751462228152 0.7839395403862 11834
1751462229365 0.8145759105682373 11835
1751462230594 0.6516720056533813 11836
1751462231915 1.213884711265564 11837
1751462233174 0.22911526262760162 11838
1751462234604 0.42807552218437195 11839
1751462235896 0.575404167175293 11840
1751462237141 1.7435181140899658 11841
1751462238370 1.2999818325042725 11842
1751462239649 0.09148558974266052 11843
1751462240915 0.5055125951766968 11844
1751462242184 0.5810534954071045 11845
1751462243461 0.780090868473053 11846
1751462244770 0.8394920229911804 11847
1751462246445 0.46712109446525574 11848
1751462247652 0.4649112820625305 11849
1751462248966 0.8503435850143433 11850
1751462250251 0.49543505907058716 11851
1751462251488 0.4314885437488556 11852
1751462252750 0.6955207586288452 11853
1751462254024 0.4164577126502991 11854
1751462255204 0.028002846986055374 11855
1751462256460 0.8196403980255127 11856
1751462258052 0.7062757015228271 11857
1751462259285 0.6203081011772156 11858
1751462260509 0.7576512694358826 11859
1751462261753 0.8513850569725037 11860
1751462263038 0.5229382514953613 11861
1751462264284 0.7465724945068359 11862
1751462265570 0.742577850818634 11863
1751462266791 2.330676555633545 11864
1751462268150 0.5430603623390198 11865
1751462269759 1.5523066520690918 11866
1751462271000 0.6202890872955322 11867
1751462272327 0.5759756565093994 11868
1751462273592 0.710160493850708 11869
1751462274833 0.89955735206604 11870
1751462276483 0.9816300868988037 11871
1751462278361 0.8278375267982483 11872
1751462280101 0.6464956998825073 11873
1751462281953 0.5925019979476929 11874
1751462283720 0.793708324432373 11875
1751462284984 0.7507113814353943 11876
1751462286419 0.7086527347564697 11877
1751462287769 0.4610213041305542 11878
1751462289122 0.7010529041290283 11879
1751462290474 0.7851307392120361 11880
1751462291919 0.4251690208911896 11881
1751462293408 0.8919994831085205 11882
1751462294860 0.4126768112182617 11883
1751462296478 0.828675389289856 11884
1751462297730 0.5489270091056824 11885
1751462299021 1.0635285377502441 11886
1751462300300 0.7582072019577026 11887
1751462301593 2.1101632118225098 11888
1751462302841 0.8880864381790161 11889
1751462304051 0.8761222958564758 11890
1751462305279 0.8456801176071167 11891
1751462306584 0.6553739309310913 11892
1751462308148 0.8300666213035583 11893
1751462309401 0.4847220778465271 11894
1751462310690 0.8883539438247681 11895
1751462312017 0.8115489482879639 11896
1751462313216 0.6724636554718018 11897
1751462314447 1.1240167617797852 11898
1751462315688 0.6102092266082764 11899
1751462316993 0.9093165397644043 11900
1751462318268 1.2005774974822998 11901
1751462319705 0.7481960654258728 11902
1751462321042 0.7199820280075073 11903
1751462322384 0.9483412504196167 11904
1751462323770 0.9493924379348755 11905
1751462325205 0.40612947940826416 11906
1751462326476 0.8031047582626343 11907
1751462327814 0.6235861778259277 11908
1751462329152 0.678662121295929 11909
1751462330477 0.6129511594772339 11910
1751462332091 0.6049551367759705 11911
1751462333398 0.45489180088043213 11912
1751462334686 0.9389708638191223 11913
1751462336006 0.806439220905304 11914
1751462337388 1.752072811126709 11915
1751462338626 0.08449055254459381 11916
1751462339858 1.1104960441589355 11917
1751462341170 0.5860873460769653 11918
1751462342426 0.5057907104492188 11919
1751462343929 0.5282485485076904 11920
1751462345183 1.5192127227783203 11921
1751462346536 1.3025236129760742 11922
1751462347890 0.23933757841587067 11923
1751462349122 0.01875174418091774 11924
1751462350372 0.9208676815032959 11925
1751462351647 0.6797648072242737 11926
1751462352920 0.909401535987854 11927
1751462354091 1.0755250453948975 11928
1751462355647 0.49495312571525574 11929
1751462356991 0.7471685409545898 11930
1751462358385 0.18338516354560852 11931
1751462359825 0.8321014046669006 11932
1751462361213 0.7594531774520874 11933
1751462362488 0.44762617349624634 11934
1751462363616 2.495126247406006 11935
1751462364948 1.0352733135223389 11936
1751462366272 1.1206023693084717 11937
1751462367535 0.7899115681648254 11938
1751462368951 1.705195665359497 11939
1751462370204 0.4438190460205078 11940
1751462371503 0.6172500252723694 11941
1751462372746 0.5383222103118896 11942
1751462374078 1.5401782989501953 11943
1751462375365 0.6871671676635742 11944
1751462376640 0.7082662582397461 11945
1751462378021 1.2098848819732666 11946
1751462379707 0.8790642023086548 11947
1751462381169 0.7257717847824097 11948
1751462382566 0.5683428049087524 11949
1751462383922 0.9417701959609985 11950
1751462385284 0.6841446161270142 11951
1751462386623 1.0073161125183105 11952
1751462388007 0.8350664973258972 11953
1751462389425 2.5002071857452393 11954
1751462390793 0.5782197713851929 11955
1751462392415 0.8004249334335327 11956
1751462393775 0.4775816798210144 11957
1751462395190 0.8157088756561279 11958
1751462396549 0.6590738892555237 11959
1751462397887 0.6587451696395874 11960
1751462399231 1.4546582698822021 11961
1751462400628 0.8943699598312378 11962
1751462401876 0.7162682414054871 11963
1751462403120 0.6715693473815918 11964
1751462404619 0.6857392191886902 11965
1751462405894 0.7704672813415527 11966
1751462407142 0.6277599930763245 11967
1751462408497 1.3650102615356445 11968
1751462409837 0.885199248790741 11969
1751462411277 0.661090612411499 11970
1751462412593 0.5407315492630005 11971
1751462413828 1.2112460136413574 11972
1751462415070 0.7295830845832825 11973
1751462416749 0.26798877120018005 11974
1751462418032 0.6942221522331238 11975
1751462419297 0.5534692406654358 11976
1751462420774 0.7141725420951843 11977
1751462422300 0.4881335198879242 11978
1751462423757 0.9306318759918213 11979
1751462425078 1.0125755071640015 11980
1751462426481 1.3525325059890747 11981
1751462427984 0.6976815462112427 11982
1751462429606 0.2147856205701828 11983
1751462430944 0.062486227601766586 11984
1751462432351 0.6139609813690186 11985
1751462433650 1.1001307964324951 11986
1751462435101 0.5855972766876221 11987
1751462436522 0.7473152875900269 11988
1751462437811 0.8598067760467529 11989
1751462439153 0.5907868146896362 11990
1751462440632 0.7539931535720825 11991
1751462442076 1.2109310626983643 11992
1751462443324 0.5403951406478882 11993
1751462444580 0.6230440139770508 11994
1751462445855 0.6284418702125549 11995
1751462447177 1.1462311744689941 11996
1751462448494 0.849560022354126 11997
1751462449825 0.709328830242157 11998
1751462451103 0.5703938007354736 11999
1751462452715 0.7751095294952393 12000
1751462454043 0.6418040990829468 12001
1751462455356 0.765633761882782 12002
1751462456591 0.599794864654541 12003
1751462457841 1.0550689697265625 12004
1751462459068 0.6297463178634644 12005
1751462460325 1.2080693244934082 12006
1751462461557 1.2056586742401123 12007
1751462462790 1.0423998832702637 12008
1751462464350 0.9563258290290833 12009
1751462465598 1.051321029663086 12010
1751462466877 1.3096954822540283 12011
1751462468183 0.5369304418563843 12012
1751462469493 0.8765975832939148 12013
1751462470743 0.8789973258972168 12014
1751462472106 1.0117521286010742 12015
1751462473401 0.7348302602767944 12016
1751462474691 1.201429843902588 12017
1751462476292 0.9973587393760681 12018
1751462477700 0.49113041162490845 12019
1751462478947 0.6880723834037781 12020
1751462480282 0.5867558121681213 12021
1751462481546 1.160150408744812 12022
1751462482823 0.5836639404296875 12023
1751462484111 1.2225605249404907 12024
1751462485494 0.5534734725952148 12025
1751462487066 0.9184613227844238 12026
1751462488332 1.1845192909240723 12027
1751462489620 0.5314487218856812 12028
1751462490817 0.5255571603775024 12029
1751462492051 0.4289875030517578 12030
1751462493271 0.8191171288490295 12031
1751462494543 0.6548304557800293 12032
1751462495805 0.706928551197052 12033
1751462497087 0.948171854019165 12034
1751462498630 0.44601157307624817 12035
1751462499952 0.3809496760368347 12036
1751462501265 0.35727810859680176 12037
1751462502528 0.7168254256248474 12038
1751462503783 0.9264575242996216 12039
1751462505052 0.5859211683273315 12040
1751462506317 1.3935809135437012 12041
1751462507653 0.7246987819671631 12042
1751462508975 0.517316997051239 12043
1751462510563 0.6408547163009644 12044
1751462511877 0.705342173576355 12045
1751462513132 0.9095770716667175 12046
1751462514449 0.618895411491394 12047
1751462515697 0.7556911706924438 12048
1751462516975 0.8991310596466064 12049
1751462518184 1.3838512897491455 12050
1751462519414 0.5869654417037964 12051
1751462520622 0.14714805781841278 12052
1751462522298 0.6480257511138916 12053
1751462523586 0.46301740407943726 12054
1751462525010 0.9465526342391968 12055
1751462526310 1.2731034755706787 12056
1751462527570 0.45142149925231934 12057
1751462528895 0.5439550280570984 12058
1751462530254 1.7728779315948486 12059
1751462531536 0.44589269161224365 12060
1751462532823 0.8369405269622803 12061
1751462534436 1.1605823040008545 12062
1751462535758 0.7583986520767212 12063
1751462537015 0.8830302953720093 12064
1751462538274 0.2511557936668396 12065
1751462539550 0.5812495350837708 12066
1751462540784 0.72011399269104 12067
1751462542017 0.5191054344177246 12068
1751462543342 0.8334592580795288 12069
1751462544685 0.42050695419311523 12070
1751462546425 0.9546260237693787 12071
1751462547681 1.0905314683914185 12072
1751462549034 0.830450177192688 12073
1751462550342 2.2726564407348633 12074
1751462551600 0.3021283745765686 12075
1751462552967 0.8395991325378418 12076
1751462554240 0.5746703147888184 12077
1751462555543 1.2699198722839355 12078
1751462557135 0.8165854215621948 12079
1751462558551 1.1454848051071167 12080
1751462559803 0.7439422607421875 12081
1751462561142 0.6771332621574402 12082
1751462562432 0.7966117858886719 12083
1751462563707 0.6085994839668274 12084
1751462565003 1.7633321285247803 12085
1751462566292 0.6812439560890198 12086
1751462567585 0.6578376293182373 12087
1751462569237 0.6405215263366699 12088
1751462570552 0.9119085669517517 12089
1751462571811 0.8860077857971191 12090
1751462573122 0.6206375956535339 12091
1751462574390 1.219075083732605 12092
1751462575690 0.43110260367393494 12093
1751462576989 0.7199162840843201 12094
1751462578309 0.709364652633667 12095
1751462579595 0.6222412586212158 12096
1751462581127 1.0424329042434692 12097
1751462582395 0.7979730367660522 12098
1751462583703 0.979150116443634 12099
1751462584957 0.8648764491081238 12100
1751462586227 0.7862048149108887 12101
1751462587430 1.0839953422546387 12102
1751462588710 0.5965346097946167 12103
1751462590097 0.8477911949157715 12104
1751462591601 1.628061294555664 12105
1751462592857 0.8826440572738647 12106
1751462594117 0.15011893212795258 12107
1751462595345 0.41550102829933167 12108
1751462596598 0.6318297386169434 12109
1751462597906 0.7572237253189087 12110
1751462599233 0.5814385414123535 12111
1751462600493 0.646113395690918 12112
1751462601706 0.016191264614462852 12113
1751462603286 0.9623246192932129 12114
1751462604683 0.8036943078041077 12115
1751462605972 0.6220866441726685 12116
1751462607216 0.7280099391937256 12117
1751462608543 0.5774433612823486 12118
1751462609828 0.5189117789268494 12119
1751462611252 0.3781958818435669 12120
1751462612611 0.8252809643745422 12121
1751462613890 1.1227729320526123 12122
1751462615603 1.186354160308838 12123
1751462616876 1.0372153520584106 12124
1751462618196 0.6930088400840759 12125
1751462619497 0.4955638647079468 12126
1751462620767 0.7456973791122437 12127
1751462622019 0.8316652774810791 12128
1751462623329 1.2254226207733154 12129
1751462624621 0.868976354598999 12130
1751462625961 0.8272650837898254 12131
1751462627572 0.7626508474349976 12132
1751462628900 0.6839011907577515 12133
1751462630212 0.9909422397613525 12134
1751462631487 0.5822628140449524 12135
1751462632786 1.0632374286651611 12136
1751462634104 0.6428931355476379 12137
1751462635385 0.5590804815292358 12138
1751462636681 0.66144859790802 12139
1751462637936 0.982334554195404 12140
1751462639575 1.1459981203079224 12141
1751462640937 0.7313178181648254 12142
1751462642290 0.23422805964946747 12143
1751462643687 0.6296921968460083 12144
1751462645056 0.8862615823745728 12145
1751462646336 0.5262092351913452 12146
1751462647655 0.8876786828041077 12147
1751462648895 1.430330753326416 12148
1751462650250 0.2673291563987732 12149
1751462651876 1.7049391269683838 12150
1751462653108 0.6311887502670288 12151
1751462654395 1.1905887126922607 12152
1751462655713 0.781424880027771 12153
1751462656988 0.9232087135314941 12154
1751462658238 0.6196553707122803 12155
1751462659499 1.25319504737854 12156
1751462660805 0.5339387655258179 12157
1751462662238 0.5804347991943359 12158
1751462663504 0.9762470722198486 12159
1751462664817 0.7611931562423706 12160
1751462666056 1.2434253692626953 12161
1751462667292 0.7945129871368408 12162
1751462668518 0.11181104183197021 12163
1751462669716 1.4310834407806396 12164
1751462670918 0.8674420118331909 12165
1751462672129 1.1722016334533691 12166
1751462673703 0.8310221433639526 12167
1751462675005 0.571956992149353 12168
1751462676342 0.602582573890686 12169
1751462677636 0.7451829314231873 12170
1751462678899 0.6282560229301453 12171
1751462680177 0.6468921303749084 12172
1751462681445 1.1907762289047241 12173
1751462682684 0.7411761283874512 12174
1751462684042 0.7436891198158264 12175
1751462685631 0.6384384632110596 12176
1751462686933 0.9600117206573486 12177
1751462688290 1.0416713953018188 12178
1751462689548 1.111345648765564 12179
1751462690925 0.692986249923706 12180
1751462692281 0.7373142242431641 12181
1751462693556 0.836811900138855 12182
1751462694777 0.580830454826355 12183
1751462696100 1.3162412643432617 12184
1751462697671 1.3495959043502808 12185
1751462698976 0.8847397565841675 12186
1751462700264 0.6328662633895874 12187
1751462701588 0.6447667479515076 12188
1751462702877 0.7488653659820557 12189
1751462704137 0.7357545495033264 12190
1751462705392 0.5130386352539062 12191
1751462706680 0.9216694831848145 12192
1751462708000 0.846976637840271 12193
1751462709579 0.799658477306366 12194
1751462710851 0.6552110910415649 12195
1751462712093 0.6762038469314575 12196
1751462713324 0.8094385862350464 12197
1751462714720 0.5417078733444214 12198
1751462716044 0.7916890382766724 12199
1751462717300 0.9280458688735962 12200
1751462718567 1.190680742263794 12201
1751462720218 0.6888361573219299 12202
1751462721527 1.189384937286377 12203
1751462722856 1.035651445388794 12204
1751462724121 0.6688196659088135 12205
1751462725411 0.7620922327041626 12206
1751462726698 0.8564661145210266 12207
1751462728059 0.5781838893890381 12208
1751462729352 0.6504871249198914 12209
1751462730549 0.42512020468711853 12210
1751462732268 0.9797701239585876 12211
1751462733533 0.31035664677619934 12212
1751462734799 0.7273637056350708 12213
1751462736114 0.5838629007339478 12214
1751462737360 0.5314860343933105 12215
1751462738657 0.4263771176338196 12216
1751462739919 1.2212400436401367 12217
1751462741243 0.8722007274627686 12218
1751462742912 0.7992229461669922 12219
1751462744204 0.6462810039520264 12220
1751462745514 0.6725834608078003 12221
1751462746790 0.5549319982528687 12222
1751462748047 0.7415437698364258 12223
1751462749380 0.5083333253860474 12224
1751462750689 0.7058525681495667 12225
1751462751901 1.0579805374145508 12226
1751462753188 0.8151039481163025 12227
1751462754850 1.6275694370269775 12228
1751462756154 0.6620354652404785 12229
1751462757422 0.6610643863677979 12230
1751462758690 0.5623980760574341 12231
1751462759990 0.8523889183998108 12232
1751462761231 1.021323800086975 12233
1751462762513 1.2747931480407715 12234
1751462763774 0.6954709887504578 12235
1751462765042 1.40611732006073 12236
1751462766659 0.6153824329376221 12237
1751462768014 0.7404268980026245 12238
1751462769319 1.0208866596221924 12239
1751462770590 0.9144266247749329 12240
1751462771837 0.7226225137710571 12241
1751462773087 0.8756535053253174 12242
1751462774331 0.9417222142219543 12243
1751462775664 0.6610537767410278 12244
1751462776906 0.053622182458639145 12245
1751462778499 1.166201114654541 12246
1751462779765 0.318215936422348 12247
1751462781030 0.863217830657959 12248
1751462782421 0.7204551696777344 12249
1751462783687 1.7285504341125488 12250
1751462785017 1.0444928407669067 12251
1751462786351 0.328553169965744 12252
1751462787650 2.841062307357788 12253
1751462788883 0.7827274799346924 12254
1751462790533 1.228579044342041 12255
1751462791830 0.7260825037956238 12256
1751462793120 0.9269330501556396 12257
1751462794446 0.37140461802482605 12258
1751462795824 0.7039215564727783 12259
1751462797107 0.6916893124580383 12260
1751462798391 0.8728858232498169 12261
1751462799661 1.07761549949646 12262
1751462800977 0.7481680512428284 12263
1751462802493 0.4250040650367737 12264
1751462803811 1.170365571975708 12265
1751462805193 0.6139910817146301 12266
1751462806551 0.6067526936531067 12267
1751462807840 0.14747311174869537 12268
1751462809171 0.26454874873161316 12269
1751462810427 0.6430065631866455 12270
1751462811737 0.9774942398071289 12271
1751462813392 0.7669082283973694 12272
1751462814737 0.6912958025932312 12273
1751462816040 1.3596956729888916 12274
1751462817300 0.7631733417510986 12275
1751462818620 0.911510705947876 12276
1751462819913 0.4836096167564392 12277
1751462821177 0.5953068733215332 12278
1751462822429 0.8211697340011597 12279
1751462823648 1.3964612483978271 12280
1751462825115 1.182314395904541 12281
1751462826528 0.8435430526733398 12282
1751462827821 2.8962860107421875 12283
1751462829077 0.6074468493461609 12284
1751462830400 0.7121284604072571 12285
1751462831646 1.647660493850708 12286
1751462832939 0.848861575126648 12287
1751462834245 0.3382914066314697 12288
1751462835594 0.8750979900360107 12289
1751462837152 0.30115726590156555 12290
1751462838502 0.6405736804008484 12291
1751462839848 0.775473952293396 12292
1751462841117 0.9350918531417847 12293
1751462842391 0.6959769129753113 12294
1751462843679 0.8010299205780029 12295
1751462844929 1.3814653158187866 12296
1751462846278 0.6406772136688232 12297
1751462847564 2.700249195098877 12298
1751462849216 0.8547379970550537 12299
1751462850543 1.2201602458953857 12300
1751462851808 1.01171875 12301
1751462853099 1.2639508247375488 12302
1751462854382 0.8865934610366821 12303
1751462855693 1.0127421617507935 12304
1751462856896 1.3970507383346558 12305
1751462858132 0.7818130850791931 12306
1751462859796 1.0115993022918701 12307
1751462861065 1.031980037689209 12308
1751462862382 0.6696812510490417 12309
1751462863666 0.5323677062988281 12310
1751462865034 0.5626949667930603 12311
1751462866382 0.5747803449630737 12312
1751462867645 0.6050042510032654 12313
1751462868913 0.561962366104126 12314
1751462870134 0.959473192691803 12315
1751462871690 0.7022379040718079 12316
1751462872956 0.9578060507774353 12317
1751462874180 0.7365928888320923 12318
1751462875478 0.3585023581981659 12319
1751462876765 0.8249502778053284 12320
1751462878038 0.5263999104499817 12321
1751462879326 1.1927995681762695 12322
1751462880577 0.7809951305389404 12323
1751462882164 0.6778319478034973 12324
1751462883363 0.9802724123001099 12325
1751462884641 0.5298694968223572 12326
1751462885850 0.8642693758010864 12327
1751462887097 0.08910785615444183 12328
1751462888324 1.1633999347686768 12329
1751462889587 1.0676583051681519 12330
1751462890871 0.8727071285247803 12331
1751462892494 1.0133578777313232 12332
1751462893713 0.7055914998054504 12333
1751462895080 1.4767708778381348 12334
1751462896300 0.5581126809120178 12335
1751462897569 0.82016921043396 12336
1751462898871 0.8073574304580688 12337
1751462900201 1.2808427810668945 12338
1751462901474 0.787306010723114 12339
1751462902687 0.664639949798584 12340
1751462904277 0.7380111217498779 12341
1751462905487 0.5459286570549011 12342
1751462906853 0.925241231918335 12343
1751462908128 0.8383834958076477 12344
1751462909368 0.886069118976593 12345
1751462910644 1.1087939739227295 12346
1751462911978 0.6835887432098389 12347
1751462913215 0.35528141260147095 12348
1751462914691 0.9683067798614502 12349
1751462915985 0.7289493083953857 12350
1751462917244 1.042381763458252 12351
1751462918491 0.062227990478277206 12352
1751462919746 0.7486468553543091 12353
1751462921005 0.8870347738265991 12354
1751462922313 1.0565176010131836 12355
1751462923576 0.5781267881393433 12356
1751462925200 0.673973798751831 12357
1751462926539 1.2239264249801636 12358
1751462927866 0.709295392036438 12359
1751462929044 1.7300169467926025 12360
1751462930270 0.9342511892318726 12361
1751462931487 0.6524812579154968 12362
1751462932759 0.6975514888763428 12363
1751462934021 0.7530484199523926 12364
1751462935317 0.6400995850563049 12365
1751462936916 0.6142680048942566 12366
1751462938218 1.733750820159912 12367
1751462939595 0.6906610131263733 12368
1751462940905 1.0135040283203125 12369
1751462942177 0.811294674873352 12370
1751462943441 1.4903738498687744 12371
1751462944727 0.8926625847816467 12372
1751462946025 1.1044673919677734 12373
1751462947701 0.45137518644332886 12374
1751462949024 1.2559318542480469 12375
1751462950331 0.5201547145843506 12376
1751462951516 0.9533497095108032 12377
1751462952731 0.9449361562728882 12378
1751462954103 0.4988430142402649 12379
1751462955484 0.9298954010009766 12380
1751462956800 0.6695494651794434 12381
1751462958061 0.6709433794021606 12382
1751462959609 0.9026390314102173 12383
1751462960887 0.6443966627120972 12384
1751462962153 0.5367887020111084 12385
1751462963405 1.0884932279586792 12386
1751462964753 0.556191086769104 12387
1751462966087 0.466378390789032 12388
1751462967393 0.7841892242431641 12389
1751462968719 0.5387917757034302 12390
1751462970271 1.154783010482788 12391
1751462971609 0.703635573387146 12392
1751462972870 0.6072748303413391 12393
1751462974180 0.684445858001709 12394
1751462975480 0.4906207025051117 12395
1751462976726 0.563452959060669 12396
1751462978055 0.6085708141326904 12397
1751462979274 0.8168058395385742 12398
1751462980552 1.0541528463363647 12399
1751462982063 0.7961243391036987 12400
1751462983277 0.8089684844017029 12401
1751462984471 0.819381594657898 12402
1751462985744 1.1107821464538574 12403
1751462987082 0.5729042291641235 12404
1751462988369 0.5878677368164062 12405
1751462989670 0.8631250858306885 12406
1751462990962 0.6008304953575134 12407
1751462992537 1.100904941558838 12408
1751462993932 0.9338638782501221 12409
1751462995271 0.5204421877861023 12410
1751462996522 0.9514851570129395 12411
1751462997800 0.6455708742141724 12412
1751462999160 0.07026743143796921 12413
1751463000629 0.9820718765258789 12414
1751463001900 1.2024645805358887 12415
1751463003314 0.6185859441757202 12416
1751463004899 0.6477426886558533 12417
1751463006152 0.7302027344703674 12418
1751463007501 0.7818811535835266 12419
1751463008811 0.7900675535202026 12420
1751463010102 0.646167516708374 12421
1751463011259 0.77508544921875 12422
1751463012541 0.5819247961044312 12423
1751463013797 0.6727375984191895 12424
1751463015389 0.767673671245575 12425
1751463016657 0.1814640760421753 12426
1751463017950 0.6838268637657166 12427
1751463019197 0.04093165695667267 12428
1751463020481 0.671638548374176 12429
1751463021774 1.232740879058838 12430
1751463023022 0.6950893402099609 12431
1751463024277 0.9821689128875732 12432
1751463025583 0.4834563136100769 12433
1751463027154 0.7361123561859131 12434
1751463028445 1.8837010860443115 12435
1751463029736 0.719633162021637 12436
1751463031068 0.41502493619918823 12437
1751463032293 0.6304670572280884 12438
1751463033551 0.6286939382553101 12439
1751463034864 1.1035480499267578 12440
1751463036253 0.8463854789733887 12441
1751463037810 0.5015814304351807 12442
1751463039106 1.2670447826385498 12443
1751463040422 0.5614984631538391 12444
1751463041666 1.302611231803894 12445
1751463043051 1.0821537971496582 12446
1751463044421 0.4980080723762512 12447
1751463045784 0.6109840869903564 12448
1751463047314 0.6833187937736511 12449
1751463048822 1.3425393104553223 12450
1751463050375 1.2727851867675781 12451
1751463051891 0.5711249113082886 12452
1751463053464 0.8310136795043945 12453
1751463054952 0.795036792755127 12454
1751463056436 0.9035215973854065 12455
1751463057946 0.7626913189888 12456
1751463059439 1.409048080444336 12457
1751463060883 0.8794305324554443 12458
1751463062642 0.5977421998977661 12459
1751463064020 0.8141567707061768 12460
1751463065337 0.5794640779495239 12461
1751463066763 0.5062286853790283 12462
1751463068008 0.5334193706512451 12463
1751463069351 0.6772337555885315 12464
1751463071915 0.8577418923377991 12465
1751463074086 0.5954911112785339 12466
1751463075716 1.2428466081619263 12467
1751463077266 0.6044250130653381 12468
1751463078665 0.8170821070671082 12469
1751463079940 0.9673009514808655 12470
1751463081150 1.1285133361816406 12471
1751463083800 0.6885119080543518 12472
1751463085526 0.6746593117713928 12473
1751463086810 0.8397840261459351 12474
1751463088161 0.6547587513923645 12475
1751463089827 0.6029595136642456 12476
1751463091080 0.877665638923645 12477
1751463092283 0.9245851039886475 12478
1751463093523 0.9246596097946167 12479
1751463094798 0.6870590448379517 12480
1751463096044 0.7319043278694153 12481
1751463097355 0.6712455153465271 12482
1751463098717 0.738138735294342 12483
1751463100028 0.8970922231674194 12484
1751463101602 1.2276175022125244 12485
1751463102874 0.49304574728012085 12486
1751463104153 0.8609979152679443 12487
1751463105544 0.8281494379043579 12488
1751463106851 0.7173997759819031 12489
1751463108121 0.623395562171936 12490
1751463109430 0.6390277743339539 12491
1751463110750 0.9987448453903198 12492
1751463112265 0.6425857543945312 12493
1751463113561 0.42835772037506104 12494
1751463114872 0.9666595458984375 12495
1751463116178 0.782336413860321 12496
1751463117489 0.6635987758636475 12497
1751463118727 0.566581666469574 12498
1751463119983 0.4757515490055084 12499
1751463121280 0.745308518409729 12500
1751463122944 0.689451277256012 12501
1751463124253 0.6226037740707397 12502
1751463125518 0.43226158618927 12503
1751463126892 0.7213581800460815 12504
1751463128214 1.9890782833099365 12505
1751463129547 1.3292615413665771 12506
1751463130810 1.0696134567260742 12507
1751463132094 0.5516858100891113 12508
1751463133401 0.45642104744911194 12509
1751463134959 0.5109356641769409 12510
1751463136198 0.6210497617721558 12511
1751463137496 0.9351807832717896 12512
1751463138749 0.5194472074508667 12513
1751463139945 0.471127450466156 12514
1751463141244 0.4822685122489929 12515
1751463142550 0.6951193809509277 12516
1751463143869 0.9577590227127075 12517
1751463145419 1.294799566268921 12518
1751463146682 0.5716723203659058 12519
1751463147900 0.688751757144928 12520
1751463149136 1.0490553379058838 12521
1751463150492 0.717413067817688 12522
1751463151822 1.7384812831878662 12523
1751463153070 0.703762412071228 12524
1751463154368 0.6350228786468506 12525
1751463155617 2.5605149269104004 12526
1751463157172 0.8610243201255798 12527
1751463158482 1.2786076068878174 12528
1751463159728 0.5728176832199097 12529
1751463161032 0.460525780916214 12530
1751463162280 0.917576014995575 12531
1751463163598 0.7576131224632263 12532
1751463164911 0.49827146530151367 12533
1751463166219 0.7011930346488953 12534
1751463167714 2.0211238861083984 12535
1751463169013 0.7215781807899475 12536
1751463170247 0.8094881176948547 12537
1751463171459 0.9394129514694214 12538
1751463172692 0.7739037275314331 12539
1751463173971 1.056852102279663 12540
1751463175219 0.9393139481544495 12541
1751463176472 0.5171431303024292 12542
1751463177865 1.1395304203033447 12543
1751463179541 0.7748183608055115 12544
1751463180938 1.39884614944458 12545
1751463182220 0.9364288449287415 12546
1751463183496 0.5410701036453247 12547
1751463184752 0.7445031404495239 12548
1751463186048 0.6746628284454346 12549
1751463187393 0.5051290988922119 12550
1751463188687 0.6143755912780762 12551
1751463190213 0.5269161462783813 12552
1751463191454 0.5793945789337158 12553
1751463192748 1.294041395187378 12554
1751463193960 0.6542694568634033 12555
1751463195260 0.5129470825195312 12556
1751463196600 1.3036375045776367 12557
1751463197950 1.2578585147857666 12558
1751463199251 0.7827879190444946 12559
1751463200549 1.4733030796051025 12560
1751463202111 1.036780595779419 12561
1751463203418 0.6664314866065979 12562
1751463204726 0.9797770977020264 12563
1751463205998 0.4194035232067108 12564
1751463207196 0.9104436635971069 12565
1751463208388 0.5320538282394409 12566
1751463209619 0.6486716270446777 12567
1751463210860 0.9104973077774048 12568
1751463212313 0.8725277185440063 12569
1751463213555 0.8874715566635132 12570
1751463214775 0.7204569578170776 12571
1751463215969 0.4770843982696533 12572
1751463217227 0.7314192652702332 12573
1751463218527 0.6570904850959778 12574
1751463219813 1.2943000793457031 12575
1751463221094 0.799310028553009 12576
1751463222344 0.42186903953552246 12577
1751463223945 0.6973902583122253 12578
1751463225223 0.28285759687423706 12579
1751463226510 0.8851348757743835 12580
1751463227783 0.9322210550308228 12581
1751463229063 0.6882296800613403 12582
1751463230302 0.8575537800788879 12583
1751463231600 0.5939269065856934 12584
1751463232875 0.8065898418426514 12585
1751463234410 0.2625817060470581 12586
1751463235717 1.0411285161972046 12587
1751463237004 0.49648189544677734 12588
1751463238326 0.844466507434845 12589
1751463239585 0.6857374310493469 12590
1751463240859 0.5704736113548279 12591
1751463242102 0.6482694745063782 12592
1751463243394 0.6318448781967163 12593
1751463244672 0.46066805720329285 12594
1751463246296 1.0132280588150024 12595
1751463247636 0.7664622068405151 12596
1751463248913 0.9978666305541992 12597
1751463250288 0.38028278946876526 12598
1751463251525 0.8122990131378174 12599
1751463252910 0.7816891670227051 12600
1751463333474 0.6720190048217773 12601
1751463334819 0.6278477907180786 12602
1751463336367 0.5031124949455261 12603
1751463337680 0.6474910974502563 12604
1751463338926 0.5862183570861816 12605
1751463340244 0.5863243341445923 12606
1751463341511 1.2100868225097656 12607
1751463342791 0.6655876636505127 12608
1751463344124 0.6440517902374268 12609
1751463345442 1.0043847560882568 12610
1751463346745 0.5455968379974365 12611
1751463348336 0.6913164854049683 12612
1751463349677 0.7203277945518494 12613
1751463350981 0.8681620955467224 12614
1751463352343 0.570540189743042 12615
1751463353721 0.9128706455230713 12616
1751463355078 0.5286691188812256 12617
1751463356323 0.8544923067092896 12618
1751463357620 0.8964415192604065 12619
1751463359317 0.4816775321960449 12620
1751463360599 0.5445924997329712 12621
1751463361873 1.4275094270706177 12622
1751463363199 0.7035691738128662 12623
1751463364492 0.5887605547904968 12624
1751463365773 1.388407588005066 12625
1751463367071 1.033739686012268 12626
1751463368355 0.8722221851348877 12627
1751463369622 0.5223079919815063 12628
1751463371215 0.33210301399230957 12629
1751463372472 0.8497539758682251 12630
1751463373820 0.2804897427558899 12631
1751463375108 0.6539997458457947 12632
1751463376369 0.604988157749176 12633
1751463377670 0.5059168338775635 12634
1751463378998 0.9187321066856384 12635
1751463380257 0.7500789761543274 12636
1751463381699 1.8412754535675049 12637
1751463382941 0.5326149463653564 12638
1751463384226 0.6049247980117798 12639
1751463385505 0.785534143447876 12640
1751463386799 0.7150900959968567 12641
1751463388068 0.8092095851898193 12642
1751463389334 0.6325644254684448 12643
1751463390485 0.232935830950737 12644
1751463391734 1.1419055461883545 12645
1751463393411 0.6253166198730469 12646
1751463394679 0.8765925168991089 12647
1751463395993 0.3697349429130554 12648
1751463397274 0.5451253652572632 12649
1751463398559 0.7034444808959961 12650
1751463399867 0.5847740173339844 12651
1751463401155 0.6249197721481323 12652
1751463402510 0.9954911470413208 12653
1751463404169 0.864438533782959 12654
1751463405441 0.8013385534286499 12655
1751463406674 0.5806774497032166 12656
1751463407918 0.6872701644897461 12657
1751463409191 0.8268829584121704 12658
1751463410396 1.1228606700897217 12659
1751463411585 0.8177658915519714 12660
1751463412872 1.031982660293579 12661
1751463414483 0.713415265083313 12662
1751463415820 1.0384585857391357 12663
1751463417078 1.0456748008728027 12664
1751463418303 0.8121346235275269 12665
1751463419514 0.9940872192382812 12666
1751463420803 1.2340235710144043 12667
1751463422037 1.1392920017242432 12668
1751463423614 0.6055675745010376 12669
1751463424861 0.6469704508781433 12670
1751463426120 1.0274226665496826 12671
1751463427419 0.7894709706306458 12672
1751463428719 0.5612499117851257 12673
1751463429934 1.0924811363220215 12674
1751463431163 0.6835923790931702 12675
1751463432394 0.7343941330909729 12676
1751463433650 2.7350869178771973 12677
1751463435080 0.7367417216300964 12678
1751463436298 1.65799880027771 12679
1751463437599 0.7183862924575806 12680
1751463438869 0.19876673817634583 12681
1751463440155 0.536716103553772 12682
1751463441456 0.6437831521034241 12683
1751463442735 0.9151973724365234 12684
1751463444003 0.8215855360031128 12685
1751463445633 0.7587949633598328 12686
1751463446932 0.6090801358222961 12687
1751463448227 0.46907272934913635 12688
1751463449500 0.4267701506614685 12689
1751463450776 0.7448493242263794 12690
1751463452016 0.49194106459617615 12691
1751463453292 0.46429377794265747 12692
1751463454480 0.15242405235767365 12693
1751463455962 0.8624430894851685 12694
1751463457259 0.6465238928794861 12695
1751463458517 0.5368005037307739 12696
1751463459846 1.0789737701416016 12697
1751463461071 0.5133392214775085 12698
1751463462300 0.6359155178070068 12699
1751463463596 0.5826557874679565 12700
1751463464846 0.5016711950302124 12701
1751463466277 1.320859432220459 12702
1751463467539 0.7311277985572815 12703
1751463468836 0.46026867628097534 12704
1751463470105 0.7562240362167358 12705
1751463471353 1.9373408555984497 12706
1751463472651 1.0810215473175049 12707
1751463473912 0.730865478515625 12708
1751463475174 1.9012706279754639 12709
1751463476670 0.9590619802474976 12710
1751463477938 0.5492790341377258 12711
1751463479223 3.5864126682281494 12712
1751463480471 0.7761765122413635 12713
1751463481708 2.4116172790527344 12714
1751463482978 1.083609700202942 12715
1751463484224 0.5301814675331116 12716
1751463485551 0.7412163615226746 12717
1751463486748 0.7087003588676453 12718
1751463488247 0.6881503462791443 12719
1751463489566 0.6361842751502991 12720
1751463490860 1.440070390701294 12721
1751463492127 0.6058833599090576 12722
1751463493420 0.6484159827232361 12723
1751463494665 1.0205720663070679 12724
1751463496022 0.4866320490837097 12725
1751463497223 0.7982921600341797 12726
1751463498631 1.0233538150787354 12727
1751463499941 0.7981303930282593 12728
1751463501205 0.5714958906173706 12729
1751463502419 0.679197371006012 12730
1751463503674 0.4401877820491791 12731
1751463504947 0.5574812889099121 12732
1751463506176 0.7803698182106018 12733
1751463507464 0.4456115663051605 12734
1751463508961 0.570904016494751 12735
1751463510297 0.5737018585205078 12736
1751463511521 0.5222000479698181 12737
1751463512820 0.7334871292114258 12738
1751463514140 0.2466192990541458 12739
1751463515498 0.9316129684448242 12740
1751463516800 0.7606825232505798 12741
1751463518008 0.8631443977355957 12742
1751463519478 0.6031668186187744 12743
1751463520783 0.8870853185653687 12744
1751463522050 0.6731522083282471 12745
1751463523338 0.9974892139434814 12746
1751463524593 0.7402709722518921 12747
1751463525843 0.6489695310592651 12748
1751463527142 0.7493396997451782 12749
1751463528424 0.5707579255104065 12750
1751463530023 0.7611299753189087 12751
1751463531268 1.1623873710632324 12752
1751463532586 3.193082571029663 12753
1751463533864 0.805799126625061 12754
1751463535064 1.4714248180389404 12755
1751463536274 0.6654773354530334 12756
1751463537569 0.5832440853118896 12757
1751463538985 1.0672752857208252 12758
1751463540524 0.8270273804664612 12759
1751463541833 0.4730886220932007 12760
1751463543079 0.6582116484642029 12761
1751463544297 0.9219390153884888 12762
1751463545540 0.6336528658866882 12763
1751463546755 0.9751209616661072 12764
1751463548022 0.7529164552688599 12765
1751463549233 0.5240988731384277 12766
1751463550513 0.25880518555641174 12767
1751463552158 0.7855105400085449 12768
1751463553534 0.8861799836158752 12769
1751463554802 0.8338208198547363 12770
1751463556034 0.4714469909667969 12771
1751463557354 1.07721745967865 12772
1751463558629 0.8842811584472656 12773
1751463559929 0.8953655958175659 12774
1751463561214 0.7581346035003662 12775
1751463562737 0.8813545107841492 12776
1751463564110 0.8786590695381165 12777
1751463565389 0.8366210460662842 12778
1751463566681 0.6760751605033875 12779
1751463567940 0.611177384853363 12780
1751463569159 0.8359671831130981 12781
1751463570406 0.2808757722377777 12782
1751463571720 1.894529938697815 12783
1751463573290 1.0069893598556519 12784
1751463574536 0.7627421617507935 12785
1751463575808 0.37778350710868835 12786
1751463577125 0.9864374399185181 12787
1751463578401 0.6099700927734375 12788
1751463579791 0.7975790500640869 12789
1751463580991 1.1621688604354858 12790
1751463582343 0.9484371542930603 12791
1751463584021 0.5258203744888306 12792
1751463585370 1.570801019668579 12793
1751463586623 1.656640648841858 12794
1751463587902 0.5500982999801636 12795
1751463589170 0.578569233417511 12796
1751463590399 1.0510884523391724 12797
1751463591721 0.8319442868232727 12798
1751463593078 1.2700884342193604 12799
1751463594338 0.28635257482528687 12800
1751463595916 1.955392837524414 12801
1751463597186 0.6202835440635681 12802
1751463598451 2.3235535621643066 12803
1751463599710 0.9599430561065674 12804
1751463600994 1.0156903266906738 12805
1751463602275 0.7584337592124939 12806
1751463603583 0.8279095888137817 12807
1751463605114 0.5435045957565308 12808
1751463606372 1.731431245803833 12809
1751463607604 0.5312092304229736 12810
1751463608929 0.9700098037719727 12811
1751463610177 0.8671346306800842 12812
1751463611387 0.7193484306335449 12813
1751463612634 0.37225013971328735 12814
1751463613887 0.6145462393760681 12815
1751463615320 0.626563310623169 12816
1751463616524 1.1599653959274292 12817
1751463617951 1.143022060394287 12818
1751463619264 0.5785270929336548 12819
1751463620606 0.7296950817108154 12820
1751463621855 0.8572798371315002 12821
1751463623068 0.8245851397514343 12822
1751463624299 0.509658932685852 12823
1751463625572 0.8025472164154053 12824
1751463627178 0.8477759957313538 12825
1751463628434 0.6362950801849365 12826
1751463629623 0.8987805247306824 12827
1751463630926 0.973080039024353 12828
1751463632191 0.5155062079429626 12829
1751463633460 0.9919008016586304 12830
1751463634685 0.5859920978546143 12831
1751463635983 0.9121605157852173 12832
1751463637508 0.7410399317741394 12833
1751463638774 0.4670654535293579 12834
1751463639972 2.008589506149292 12835
1751463641290 0.7399314641952515 12836
1751463642573 1.0441970825195312 12837
1751463643908 1.115579605102539 12838
1751463645164 1.0440123081207275 12839
1751463646462 0.5662504434585571 12840
1751463648052 0.594304084777832 12841
1751463649363 0.9653834700584412 12842
1751463650592 1.0775259733200073 12843
1751463651829 0.6333968639373779 12844
1751463653049 0.6678058505058289 12845
1751463654273 0.2126881331205368 12846
1751463655531 0.8446245193481445 12847
1751463656803 0.5610328912734985 12848
1751463658256 1.8479604721069336 12849
1751463659539 0.747234582901001 12850
1751463660786 0.9151957035064697 12851
1751463662047 0.20675668120384216 12852
1751463663370 0.6608086824417114 12853
1751463664635 0.9859530925750732 12854
1751463665897 0.786429226398468 12855
1751463667135 0.8025879859924316 12856
1751463668428 0.3614802360534668 12857
1751463669969 0.8241068124771118 12858
1751463671184 0.8697066307067871 12859
1751463672458 0.9965733289718628 12860
1751463673693 0.8145272731781006 12861
1751463675054 0.910142183303833 12862
1751463676420 0.8450595140457153 12863
1751463677646 0.8742435574531555 12864
1751463678848 0.436184287071228 12865
1751463680330 0.5334609746932983 12866
1751463681551 0.9729201197624207 12867
1751463682862 0.6091633439064026 12868
1751463684174 1.15608811378479 12869
1751463685480 1.3077507019042969 12870
1751463686728 0.5071042776107788 12871
1751463688034 0.8401101231575012 12872
1751463689289 0.8997437953948975 12873
1751463690939 0.6997754573822021 12874
1751463692194 0.6921234726905823 12875
1751463693364 0.170281782746315 12876
1751463694668 0.6322603225708008 12877
1751463695950 0.79054856300354 12878
1751463697235 1.2074499130249023 12879
1751463698436 0.6114933490753174 12880
1751463699658 0.8917186260223389 12881
1751463701244 0.5531367659568787 12882
1751463702534 0.6685939431190491 12883
1751463703840 0.49542954564094543 12884
1751463705121 0.939856767654419 12885
1751463706383 1.3432064056396484 12886
1751463707635 0.5738978385925293 12887
1751463708854 0.8021541237831116 12888
1751463710045 1.0039329528808594 12889
1751463711647 0.9118938446044922 12890
1751463712945 0.4360758066177368 12891
1751463714174 0.8103500008583069 12892
1751463715544 0.4849998950958252 12893
1751463716799 1.061551809310913 12894
1751463718042 0.765387237071991 12895
1751463719333 1.1068683862686157 12896
1751463720582 0.8082229495048523 12897
1751463722063 0.9593456983566284 12898
1751463723264 0.7613611817359924 12899
1751463724599 1.1704660654067993 12900
1751463725895 0.9002602100372314 12901
1751463727164 0.9074944257736206 12902
1751463728457 2.0145881175994873 12903
1751463729704 1.2938027381896973 12904
1751463730947 0.6387536525726318 12905
1751463732496 0.44185829162597656 12906
1751463733822 0.7324656248092651 12907
1751463735041 0.9301589727401733 12908
1751463736280 0.5130945444107056 12909
1751463737552 0.6863701343536377 12910
1751463738867 0.4206204116344452 12911
1751463740132 0.6290097236633301 12912
1751463741447 1.0432589054107666 12913
1751463742676 0.6896458864212036 12914
1751463744226 0.5049285292625427 12915
1751463745483 1.0067048072814941 12916
1751463746738 0.9009484052658081 12917
1751463748140 1.3085236549377441 12918
1751463749358 0.9781176447868347 12919
1751463750615 0.6860795021057129 12920
1751463751879 0.7809309959411621 12921
1751463753132 1.480299472808838 12922
1751463754677 1.1933448314666748 12923
1751463755979 0.5977230072021484 12924
1751463757320 0.7367199063301086 12925
1751463758661 0.9489886164665222 12926
1751463759957 0.979022741317749 12927
1751463761157 0.4696422815322876 12928
1751463762450 0.09986207634210587 12929
1751463763702 0.40277230739593506 12930
1751463765271 0.49106457829475403 12931
1751463766508 0.869114100933075 12932
1751463767875 0.5497003197669983 12933
1751463769137 1.007641077041626 12934
1751463770477 0.3164655566215515 12935
1751463771765 0.6479270458221436 12936
1751463773106 0.2964496612548828 12937
1751463774438 1.141511082649231 12938
1751463775702 0.9983803033828735 12939
1751463777330 0.9858639240264893 12940
1751463778567 0.7143882513046265 12941
1751463779807 0.8256763219833374 12942
1751463781052 1.1074457168579102 12943
1751463782297 0.5468405485153198 12944
1751463783539 0.5596883296966553 12945
1751463784820 0.7351607084274292 12946
1751463786120 0.8266156315803528 12947
1751463787739 0.4931880235671997 12948
1751463789033 0.4054657816886902 12949
1751463790285 0.7623050808906555 12950
1751463791541 0.5180460810661316 12951
1751463792808 0.9347022771835327 12952
1751463794120 0.7329521179199219 12953
1751463795385 0.5386044383049011 12954
1751463796562 0.9775993824005127 12955
1751463798078 0.5349556803703308 12956
1751463799319 1.0571913719177246 12957
1751463800519 0.022456271573901176 12958
1751463801757 0.5926859378814697 12959
1751463803018 0.8837640881538391 12960
1751463804252 0.988314151763916 12961
1751463805483 2.0629262924194336 12962
1751463806713 0.7561062574386597 12963
1751463807933 0.8819289207458496 12964
1751463809548 1.0409293174743652 12965
1751463810836 0.6791497468948364 12966
1751463812133 1.021967887878418 12967
1751463813405 0.7452901601791382 12968
1751463814631 0.5703646540641785 12969
1751463815891 0.826104998588562 12970
1751463817211 0.7829434275627136 12971
1751463818508 0.720647394657135 12972
1751463820061 0.6114554405212402 12973
1751463821310 0.9467107057571411 12974
1751463822601 0.6756995320320129 12975
1751463823897 0.9843955636024475 12976
1751463825135 0.930933952331543 12977
1751463826448 0.7920193672180176 12978
1751463827722 0.7517462968826294 12979
1751463829006 0.7752295732498169 12980
1751463830466 0.9469029307365417 12981
1751463831677 0.7514752149581909 12982
1751463832897 1.3496235609054565 12983
1751463834233 0.7418203353881836 12984
1751463835517 0.6817711591720581 12985
1751463836764 0.5645091533660889 12986
1751463837980 0.4581892490386963 12987
1751463839310 0.988283097743988 12988
1751463840878 0.6543532609939575 12989
1751463842190 0.9193238615989685 12990
1751463843438 0.9526395797729492 12991
1751463844804 0.5761462450027466 12992
1751463846118 0.1564236879348755 12993
1751463847450 0.9715803861618042 12994
1751463848758 0.5665836334228516 12995
1751463849999 1.0687823295593262 12996
1751463851251 0.14885762333869934 12997
1751463852729 0.9461963176727295 12998
1751463854039 0.43961748480796814 12999
1751463855350 0.9018736481666565 13000
1751463856731 1.6332430839538574 13001
1751463857951 0.8686516284942627 13002
1751463859353 0.6150530576705933 13003
1751463860731 0.8928457498550415 13004
1751463862007 0.6468310952186584 13005
1751463863479 1.0605199337005615 13006
1751463864876 0.8674894571304321 13007
1751463866141 0.5484017729759216 13008
1751463867386 0.6242555379867554 13009
1751463868631 0.5859280824661255 13010
1751463869895 0.5141628980636597 13011
1751463871130 0.7445033192634583 13012
1751463872417 0.9594262838363647 13013
1751463873989 1.2110488414764404 13014
1751463875263 0.7276184558868408 13015
1751463876586 0.5805190801620483 13016
1751463877899 0.492235004901886 13017
1751463879200 0.6185437440872192 13018
1751463880428 1.1696370840072632 13019
1751463881640 0.6535292863845825 13020
1751463882940 1.8285942077636719 13021
1751463884510 0.7740903496742249 13022
1751463885776 0.5999840497970581 13023
1751463887023 1.265763521194458 13024
1751463888281 0.7305735945701599 13025
1751463889617 0.650951623916626 13026
1751463890788 2.119892120361328 13027
1751463892042 0.93364417552948 13028
1751463893339 0.4324929118156433 13029
1751463894910 0.7148022651672363 13030
1751463896247 1.2159245014190674 13031
1751463897584 0.9652040004730225 13032
1751463898789 0.45158371329307556 13033
1751463900050 0.593266487121582 13034
1751463901379 0.7022320032119751 13035
1751463902623 0.8304439783096313 13036
1751463903947 0.6397053003311157 13037
1751463905382 0.6313031315803528 13038
1751463906715 0.6400829553604126 13039
1751463907983 0.9728705286979675 13040
1751463909311 0.9688196778297424 13041
1751463910617 1.2103055715560913 13042
1751463911937 0.7876695394515991 13043
1751463913298 0.7330602407455444 13044
1751463914547 0.8516885042190552 13045
1751463916157 0.6248033046722412 13046
1751463917392 0.3799878656864166 13047
1751463918673 0.33920881152153015 13048
1751463919885 0.5079091787338257 13049
1751463921176 0.1571858674287796 13050
1751463922436 0.6152099370956421 13051
1751463923844 0.4376715123653412 13052
1751463925507 0.5912260413169861 13053
1751463926783 0.6537856459617615 13054
1751463928015 0.586627721786499 13055
1751463929267 0.5909111499786377 13056
1751463930535 0.7195345163345337 13057
1751463931811 0.17020480334758759 13058
1751463933111 0.49758362770080566 13059
1751463934379 0.9049365520477295 13060
1751463935864 0.761430025100708 13061
1751463937110 0.6634819507598877 13062
1751463938377 0.5982202887535095 13063
1751463939786 1.2508835792541504 13064
1751463941035 0.9021012783050537 13065
1751463942302 0.5917066335678101 13066
1751463943490 0.8144125938415527 13067
1751463944738 1.3715704679489136 13068
1751463946238 1.384020447731018 13069
1751463947417 0.8300945162773132 13070
1751463948644 0.9921340942382812 13071
1751463949917 1.6198842525482178 13072
1751463951223 0.49956443905830383 13073
1751463952492 1.0846805572509766 13074
1751463953735 0.8185960054397583 13075
1751463954996 0.6448244452476501 13076
1751463956603 0.5496066808700562 13077
1751463957794 1.6181719303131104 13078
1751463959052 0.8112501502037048 13079
1751463960301 0.8970060348510742 13080
1751463961508 0.7941642999649048 13081
1751463962865 0.6508069038391113 13082
1751463964165 0.4950101375579834 13083
1751463965478 0.6001096963882446 13084
1751463967072 0.8809859752655029 13085
1751463968378 0.45809367299079895 13086
1751463969532 1.942516565322876 13087
1751463970780 0.5097472667694092 13088
1751463972042 0.5118023753166199 13089
1751463973320 0.7827342748641968 13090
1751463974597 0.601252555847168 13091
1751463975858 0.647350013256073 13092
1751463977385 1.1040894985198975 13093
1751463978586 0.7115142345428467 13094
1751463979879 0.8142231106758118 13095
1751463981147 0.6273833513259888 13096
1751463982399 0.5269743800163269 13097
1751463983695 0.4334586560726166 13098
1751463985057 1.2397069931030273 13099
1751463986322 0.8559837937355042 13100
1751463987831 1.233644723892212 13101
1751463989116 0.557441234588623 13102
1751463990440 1.7630499601364136 13103
1751463991767 0.7001686692237854 13104
1751463993176 0.7064899206161499 13105
1751463994486 0.10064958035945892 13106
1751463995738 0.920383095741272 13107
1751463997069 0.8209903240203857 13108
1751463998550 0.7878375053405762 13109
1751463999891 0.9118176698684692 13110
1751464001239 0.48196136951446533 13111
1751464002576 0.5840364694595337 13112
1751464003829 0.7414900064468384 13113
1751464005003 0.6989337205886841 13114
1751464006253 0.6156756281852722 13115
1751464007735 1.4319274425506592 13116
1751464009061 0.9588553309440613 13117
1751464010263 0.7065258026123047 13118
1751464011569 1.0737025737762451 13119
1751464012934 1.2651491165161133 13120
1751464014295 1.2439934015274048 13121
1751464015644 0.9879211187362671 13122
1751464017044 0.4966643452644348 13123
1751464018604 0.6623836159706116 13124
1751464019981 1.2240639925003052 13125
1751464021298 0.5374656319618225 13126
1751464022656 0.5466357469558716 13127
1751464023989 0.770912766456604 13128
1751464025378 0.696388304233551 13129
1751464026693 0.7086473703384399 13130
1751464027963 1.02903151512146 13131
1751464029605 0.29975205659866333 13132
1751464030848 0.6996855139732361 13133
1751464032120 0.6828950047492981 13134
1751464033433 0.7891116142272949 13135
1751464034762 0.513433575630188 13136
1751464036029 0.7628327012062073 13137
1751464037319 0.9114629626274109 13138
1751464038612 1.6080870628356934 13139
1751464040376 0.6381168365478516 13140
1751464041696 0.6625136137008667 13141
1751464042999 1.105515956878662 13142
1751464044287 0.7196193337440491 13143
1751464045550 0.458423376083374 13144
1751464046867 0.036136239767074585 13145
1751464048174 0.9792252779006958 13146
1751464049503 0.9308079481124878 13147
1751464051031 0.7563763856887817 13148
1751464052341 0.9652690887451172 13149
1751464053650 0.8222817778587341 13150
1751464054998 0.4677443206310272 13151
1751464056230 0.5409919023513794 13152
1751464057589 0.3461633622646332 13153
1751464058921 0.6037547588348389 13154
1751464060314 1.286498785018921 13155
1751464061837 0.6104233860969543 13156
1751464063110 0.6823022365570068 13157
1751464064379 0.5152165293693542 13158
1751464065687 0.8313306570053101 13159
1751464067067 1.1947345733642578 13160
1751464068347 0.6700460314750671 13161
1751464069654 1.2499700784683228 13162
1751464070907 1.24055814743042 13163
1751464072500 0.9167265892028809 13164
1751464073795 0.7281457185745239 13165
1751464075096 1.8057191371917725 13166
1751464076384 0.7242888808250427 13167
1751464077647 1.6272412538528442 13168
1751464078974 0.5632519721984863 13169
1751464080357 0.2957996726036072 13170
1751464081617 0.6197406649589539 13171
1751464083174 0.6645008325576782 13172
1751464084422 0.9164339303970337 13173
1751464085746 0.6974855065345764 13174
1751464086988 0.9154539108276367 13175
1751464088248 0.6961092352867126 13176
1751464089631 0.6661791801452637 13177
1751464090899 1.2237563133239746 13178
1751464092287 0.7937285304069519 13179
1751464093855 0.6975427865982056 13180
1751464095104 0.9000136852264404 13181
1751464096375 0.6358236074447632 13182
1751464097660 0.43986013531684875 13183
1751464098966 0.42877018451690674 13184
1751464100214 0.5119916200637817 13185
1751464101470 0.8252278566360474 13186
1751464102766 0.408685564994812 13187
1751464104312 1.1098042726516724 13188
1751464105671 0.6785619258880615 13189
1751464107002 1.0431941747665405 13190
1751464108318 0.6288808584213257 13191
1751464109718 1.0154695510864258 13192
1751464111038 0.05999193340539932 13193
1751464112314 0.516112208366394 13194
1751464113601 1.4164385795593262 13195
1751464115171 0.9743417501449585 13196
1751464116436 0.4252060651779175 13197
1751464117755 0.9285336136817932 13198
1751464119047 0.9966571927070618 13199
1751464120412 0.5097348093986511 13200
1751464121655 0.5322475433349609 13201
1751464122950 0.5368143320083618 13202
1751464124232 0.8284509181976318 13203
1751464125766 0.6760867834091187 13204
1751464127001 0.8809019327163696 13205
1751464128229 0.6283138394355774 13206
1751464129462 0.7810073494911194 13207
1751464130726 0.7289627194404602 13208
1751464132008 1.0481202602386475 13209
1751464133241 0.541979968547821 13210
1751464134522 0.6090269088745117 13211
1751464136084 0.6566835045814514 13212
1751464137362 1.0067017078399658 13213
1751464138575 0.7212543487548828 13214
1751464139843 0.758696973323822 13215
1751464141182 0.9396106600761414 13216
1751464142473 0.7334668636322021 13217
1751464143762 1.249808430671692 13218
1751464144980 0.6308586001396179 13219
1751464146549 0.7967904806137085 13220
1751464147823 0.7316401600837708 13221
1751464149098 0.7801507115364075 13222
1751464150352 0.6688189506530762 13223
1751464151634 0.5518912076950073 13224
1751464152875 1.333106279373169 13225
1751464154148 0.6029448509216309 13226
1751464155684 1.1032768487930298 13227
1751464156912 1.2271685600280762 13228
1751464158261 0.7624825835227966 13229
1751464159505 0.8383616209030151 13230
1751464160833 0.7511701583862305 13231
1751464162021 1.1420905590057373 13232
1751464163340 0.6200068593025208 13233
1751464164628 1.7726974487304688 13234
1751464166237 1.3097360134124756 13235
1751464167491 0.43772396445274353 13236
1751464168757 0.5723084211349487 13237
1751464170132 0.7731806039810181 13238
1751464171372 0.7520496249198914 13239
1751464172633 0.6125627756118774 13240
1751464173927 0.6349871158599854 13241
1751464175184 0.6916247010231018 13242
1751464176634 0.9286885261535645 13243
1751464177903 0.5629081726074219 13244
1751464179232 0.37057527899742126 13245
1751464180505 0.6263318061828613 13246
1751464181771 1.0306925773620605 13247
1751464183023 1.573785662651062 13248
1751464184258 0.5912086963653564 13249
1751464185411 0.9533947706222534 13250
1751464186879 0.7669733762741089 13251
1751464188145 0.8391552567481995 13252
1751464189366 0.5394395589828491 13253
1751464190676 1.0639066696166992 13254
1751464191909 0.888079047203064 13255
1751464193210 0.49513131380081177 13256
1751464194426 0.7691806554794312 13257
1751464195682 1.6374315023422241 13258
1751464197136 0.7802603244781494 13259
1751464198407 0.1963982731103897 13260
1751464199614 0.8463310599327087 13261
1751464200794 1.0375847816467285 13262
1751464202030 0.905297040939331 13263
1751464203242 0.4072378873825073 13264
1751464204619 1.0552524328231812 13265
1751464206004 1.4664028882980347 13266
1751464207513 0.8319355249404907 13267
1751464208851 0.7268133163452148 13268
1751464210061 0.7066189646720886 13269
1751464211435 0.6321408748626709 13270
1751464212726 0.5882245898246765 13271
1751464213992 0.5762056112289429 13272
1751464215316 0.6484783291816711 13273
1751464216567 0.928542971611023 13274
1751464218119 0.5988660454750061 13275
1751464219511 0.8554503917694092 13276
1751464220818 0.5221590995788574 13277
1751464222091 0.8127433061599731 13278
1751464223376 1.3713467121124268 13279
1751464224698 0.7986215353012085 13280
1751464226011 1.4176170825958252 13281
1751464227629 0.7970040440559387 13282
1751464228905 0.35921379923820496 13283
1751464230245 0.4374428391456604 13284
1751464231522 0.7224169969558716 13285
1751464232852 0.514317512512207 13286
1751464234153 0.7318514585494995 13287
1751464235379 0.8735626935958862 13288
1751464236679 0.6436983346939087 13289
1751464238309 0.8077030181884766 13290
1751464239710 0.7250531911849976 13291
1751464241180 1.350422978401184 13292
1751464242566 1.5062577724456787 13293
1751464243880 1.1445823907852173 13294
1751464245188 0.6914116144180298 13295
1751464246541 0.5075892210006714 13296
1751464247850 0.6402736306190491 13297
1751464249492 0.7881181240081787 13298
1751464250576 1.038011074066162 13299
1751464251934 0.48362115025520325 13300
1751464253206 0.7009987831115723 13301
1751464254510 0.6428680419921875 13302
1751464255801 0.8422079086303711 13303
1751464257120 0.7508940696716309 13304
1751464258400 0.9683655500411987 13305
1751464259676 0.8797123432159424 13306
1751464261117 0.6690866947174072 13307
1751464262390 0.5976986885070801 13308
1751464263659 0.6528110504150391 13309
1751464264943 0.8587546348571777 13310
1751464266180 0.54476398229599 13311
1751464267362 2.247241973876953 13312
1751464268581 0.6605243682861328 13313
1751464270180 0.4435754716396332 13314
1751464271461 1.6143512725830078 13315
1751464272792 0.7761356234550476 13316
1751464274112 0.5569658279418945 13317
1751464275354 0.6173937320709229 13318
1751464276625 1.3021020889282227 13319
1751464277907 0.3709784746170044 13320
1751464279321 0.8890527486801147 13321
1751464280990 0.5786157250404358 13322
1751464282280 0.5839171409606934 13323
1751464283558 0.689877986907959 13324
1751464284850 0.39803436398506165 13325
1751464286147 0.8399915099143982 13326
1751464287460 1.6470246315002441 13327
1751464288776 1.2665644884109497 13328
1751464290030 0.6707102060317993 13329
1751464291618 0.8443217277526855 13330
1751464292931 0.4872268736362457 13331
1751464294293 0.5954360365867615 13332
1751464295588 0.9522697925567627 13333
1751464296953 0.5420162081718445 13334
1751464298220 0.8140106201171875 13335
1751464299461 0.5819647312164307 13336
1751464300706 0.6707667112350464 13337
1751464302271 1.299537181854248 13338
1751464303579 0.5929688215255737 13339
1751464304809 0.5677526593208313 13340
1751464306035 0.5517482757568359 13341
1751464307317 0.717097282409668 13342
1751464308623 1.494918704032898 13343
1751464309902 0.7516800761222839 13344
1751464311173 1.3108656406402588 13345
1751464312751 0.9428952932357788 13346
1751464314021 0.4664405584335327 13347
1751464315321 2.180116653442383 13348
1751464316656 0.5235477685928345 13349
1751464317895 1.0850235223770142 13350
1751464319190 0.7183341979980469 13351
1751464320482 0.6260918974876404 13352
1751464321738 0.6180543899536133 13353
1751464323234 1.110464096069336 13354
1751464324522 0.657157301902771 13355
1751464325811 0.4508534371852875 13356
1751464327095 2.014986515045166 13357
1751464328403 0.8346356153488159 13358
1751464329612 0.5775384306907654 13359
1751464330854 0.7861335873603821 13360
1751464332335 0.7325471639633179 13361
1751464333583 0.4099139869213104 13362
1751464334757 1.4348413944244385 13363
1751464336049 0.5843935608863831 13364
1751464337330 0.6114518642425537 13365
1751464338741 1.2892181873321533 13366
1751464339971 0.6662472486495972 13367
1751464341185 0.7599122524261475 13368
1751464342758 1.1630151271820068 13369
1751464343985 0.7778270840644836 13370
1751464345247 2.2068963050842285 13371
1751464346559 0.8526007533073425 13372
1751464347922 1.0089852809906006 13373
1751464349170 0.7858238220214844 13374
1751464350410 1.110077142715454 13375
1751464351667 0.6124674081802368 13376
1751464353125 0.9488603472709656 13377
1751464354457 0.7016639709472656 13378
1751464355758 1.073283076286316 13379
1751464357043 1.1430569887161255 13380
1751464358294 0.7425858974456787 13381
1751464359638 1.0782804489135742 13382
1751464360938 0.6673377156257629 13383
1751464362521 0.5451383590698242 13384
1751464363750 0.3244546949863434 13385
1751464365017 0.8261147737503052 13386
1751464366261 1.0199624300003052 13387
1751464367649 1.5873123407363892 13388
1751464368954 0.5408034920692444 13389
1751464370191 0.5442618727684021 13390
1751464371474 0.8530287742614746 13391
1751464373065 0.5166627168655396 13392
1751464374369 0.6108558177947998 13393
1751464375619 0.8232604265213013 13394
1751464376988 0.6253823637962341 13395
1751464378294 1.0254931449890137 13396
1751464379512 2.0949840545654297 13397
1751464380744 0.672529935836792 13398
1751464382319 0.826513409614563 13399
1751464383587 0.7036242485046387 13400
1751464384858 2.053435802459717 13401
1751464386232 0.9504302740097046 13402
1751464387540 2.301647186279297 13403
1751464388843 0.794281005859375 13404
1751464390139 0.6068783402442932 13405
1751464391430 0.4701046347618103 13406
1751464393064 0.904546856880188 13407
1751464394349 0.5680159330368042 13408
1751464395656 0.7580404877662659 13409
1751464396931 0.6032789945602417 13410
1751464398260 0.9918195605278015 13411
1751464399541 0.9214586615562439 13412
1751464400868 0.9308997392654419 13413
1751464402170 0.7630082964897156 13414
1751464403780 0.42577630281448364 13415
1751464405131 0.6970092058181763 13416
1751464406446 0.7528175115585327 13417
1751464407760 0.7996082901954651 13418
1751464409047 0.9110593199729919 13419
1751464410353 0.7093737125396729 13420
1751464411595 1.288161039352417 13421
1751464413112 0.42101168632507324 13422
1751464414355 0.5001839399337769 13423
1751464415570 0.736829400062561 13424
1751464416801 0.7335302233695984 13425
1751464418108 0.6953834295272827 13426
1751464419394 0.7527058124542236 13427
1751464420700 0.46255308389663696 13428
1751464421946 0.7466344833374023 13429
1751464423591 0.7833636403083801 13430
1751464424898 1.5585412979125977 13431
1751464426194 0.7903138995170593 13432
1751464427474 1.1753499507904053 13433
1751464428752 0.8213363885879517 13434
1751464430003 0.5779356956481934 13435
1751464431280 0.722923994064331 13436
1751464432567 0.8531613349914551 13437
1751464434062 1.0419801473617554 13438
1751464435361 0.5940072536468506 13439
1751464436618 1.432614803314209 13440
1751464437853 0.6216228008270264 13441
1751464439073 0.7897418141365051 13442
1751464440327 0.8606127500534058 13443
1751464441737 0.6390613317489624 13444
1751464443262 1.1544790267944336 13445
1751464444527 0.6758189797401428 13446
1751464445773 0.6216950416564941 13447
1751464446971 1.2247194051742554 13448
1751464448252 1.1213781833648682 13449
1751464449519 1.237464427947998 13450
1751464450814 0.9018828272819519 13451
1751464452048 1.1713725328445435 13452
1751464453564 0.5276962518692017 13453
1751464454832 0.8244287967681885 13454
1751464456081 0.7489195466041565 13455
1751464457417 1.5013102293014526 13456
1751464458677 1.082732915878296 13457
1751464459972 1.0144362449645996 13458
1751464461326 0.5256271362304688 13459
1751464462679 1.727630376815796 13460
1751464464310 0.5626470446586609 13461
1751464465642 0.7139629125595093 13462
1751464466920 0.5752968192100525 13463
1751464468169 0.954702615737915 13464
1751464469473 0.5167902708053589 13465
1751464470771 0.6054335236549377 13466
1751464472074 0.6936318278312683 13467
1751464473692 0.8375117778778076 13468
1751464474982 1.5064897537231445 13469
1751464476310 0.9035323858261108 13470
1751464477677 0.6017504930496216 13471
1751464478995 1.0672869682312012 13472
1751464480235 0.5316267013549805 13473
1751464481559 1.118863821029663 13474
1751464482873 0.46337348222732544 13475
1751464484463 0.7081688046455383 13476
1751464485749 1.0768691301345825 13477
1751464487033 1.593245029449463 13478
1751464488350 0.902309775352478 13479
1751464489657 0.8900331258773804 13480
1751464490953 1.3455250263214111 13481
1751464492209 0.6392618417739868 13482
1751464493538 0.6454552412033081 13483
1751464495144 1.221492052078247 13484
1751464496402 0.8784152865409851 13485
1751464497634 0.6553233861923218 13486
1751464498982 0.8682035207748413 13487
1751464500266 0.7960710525512695 13488
1751464501531 0.8471081256866455 13489
1751464502851 0.6785269975662231 13490
1751464504145 0.40461838245391846 13491
1751464505731 0.4592028260231018 13492
1751464507042 0.5495761632919312 13493
1751464508361 1.0893223285675049 13494
1751464509607 0.6061180830001831 13495
1751464510874 1.1026763916015625 13496
1751464512165 0.449275940656662 13497
1751464513440 0.5341964364051819 13498
1751464515062 0.7250562906265259 13499
1751464516345 0.8865844011306763 13500
1751464517622 0.7085628509521484 13501
1751464518920 0.59151291847229 13502
1751464520181 0.7361550331115723 13503
1751464521390 0.9890228509902954 13504
1751464522622 0.6678942441940308 13505
1751464523880 0.549341082572937 13506
1751464525473 0.48276928067207336 13507
1751464526768 0.5616681575775146 13508
1751464528005 0.6408790349960327 13509
1751464529357 0.8171322345733643 13510
1751464530635 0.5616592168807983 13511
1751464531909 0.5023730993270874 13512
1751464533209 0.259268581867218 13513
1751464535004 0.5250466465950012 13514
1751464536298 0.9356882572174072 13515
1751464537579 0.5570677518844604 13516
1751464538917 0.5641661882400513 13517
1751464540249 0.6678054332733154 13518
1751464541534 1.947946310043335 13519
1751464542794 0.735079288482666 13520
1751464544059 0.7941913604736328 13521
1751464545541 0.8855000734329224 13522
1751464546824 1.0466890335083008 13523
1751464548110 0.8430286645889282 13524
1751464549412 0.8437013626098633 13525
1751464550699 0.8315032720565796 13526
1751464551943 0.5988355875015259 13527
1751464553274 1.0595089197158813 13528
1751464554547 0.5088213086128235 13529
1751464556021 1.0244356393814087 13530
1751464557310 0.5281184911727905 13531
1751464558603 0.4653100371360779 13532
1751464559894 0.8356844186782837 13533
1751464561242 1.9414489269256592 13534
1751464562506 1.0373549461364746 13535
1751464563796 0.7685233354568481 13536
1751464565150 0.6288723945617676 13537
1751464566720 0.9613250494003296 13538
1751464567960 0.42196202278137207 13539
1751464569197 0.5362839698791504 13540
1751464570455 0.4996139407157898 13541
1751464571725 0.8680531978607178 13542
1751464572983 0.16302986443042755 13543
1751464574223 1.5044715404510498 13544
1751464575506 0.3207031786441803 13545
1751464577068 0.7245994210243225 13546
1751464578388 0.9100297093391418 13547
1751464579713 0.8699088096618652 13548
1751464581017 1.0435705184936523 13549
1751464582191 1.6722428798675537 13550
1751464583529 1.3177529573440552 13551
1751464584789 0.4427502155303955 13552
1751464586379 0.7351964712142944 13553
1751464587700 0.6727814078330994 13554
1751464588931 1.7483588457107544 13555
1751464590293 0.6405506134033203 13556
1751464591547 1.3973091840744019 13557
1751464592846 0.8308185935020447 13558
1751464594174 0.7729154229164124 13559
1751464595470 0.7471402883529663 13560
1751464597082 1.025362491607666 13561
1751464598427 0.7270980477333069 13562
1751464599725 0.8258093595504761 13563
1751464601058 0.5142123699188232 13564
1751464602407 0.9118597507476807 13565
1751464603770 0.6577091217041016 13566
1751464605049 1.1933650970458984 13567
1751464606642 1.093109130859375 13568
1751464607905 0.7270046472549438 13569
1751464609211 0.728708028793335 13570
1751464610441 1.234329342842102 13571
1751464611671 1.0703279972076416 13572
1751464612906 1.1966729164123535 13573
1751464614189 0.8770259618759155 13574
1751464615426 0.6158558130264282 13575
1751464617094 0.537036120891571 13576
1751464618382 0.4154419004917145 13577
1751464619643 0.5203492045402527 13578
1751464620891 0.9351512789726257 13579
1751464622216 1.119539737701416 13580
1751464623539 0.5181984305381775 13581
1751464624857 0.6291099190711975 13582
1751464626181 1.1904746294021606 13583
1751464627802 0.6855871677398682 13584
1751464629102 0.4907774329185486 13585
1751464630414 0.8450987935066223 13586
1751464631744 1.030975341796875 13587
1751464633064 0.9109610319137573 13588
1751464634323 0.6931475400924683 13589
1751464635540 0.6774547100067139 13590
1751464637024 0.8647676706314087 13591
1751464638292 0.8083370327949524 13592
1751464639607 0.6645709276199341 13593
1751464640972 0.5313188433647156 13594
1751464642374 0.5281670689582825 13595
1751464643884 0.7937912344932556 13596
1751464645339 1.4884687662124634 13597
1751464646721 0.6458531618118286 13598
1751464648671 0.453368216753006 13599
1751464650117 0.610399067401886 13600
1751464651472 0.7320790886878967 13601
1751464652916 0.8690741062164307 13602
1751464654483 0.6499289274215698 13603
1751464656053 0.22588953375816345 13604
1751464657807 0.3551720082759857 13605
1751464659277 0.74204421043396 13606
1751464661104 1.1694163084030151 13607
1751464662506 0.7363132238388062 13608
1751464664422 0.9565972089767456 13609
1751464666831 0.7521141767501831 13610
1751464668599 0.6910933256149292 13611
1751464669851 0.5025177001953125 13612
1751464671651 1.7264084815979004 13613
1751464673502 1.6376762390136719 13614
1751464675818 0.4766976237297058 13615
1751464677333 1.42500901222229 13616
1751464678746 0.8043447732925415 13617
1751464682382 0.34929612278938293 13618
1751464685316 0.4337913393974304 13619
1751464686966 0.6125187873840332 13620
1751464688662 0.7726022005081177 13621
1751464690210 1.2372894287109375 13622
1751464691608 0.7022600173950195 13623
1751464693158 0.6140333414077759 13624
1751464694467 1.0903602838516235 13625
1751464695912 0.7604069113731384 13626
1751464697340 0.6176110506057739 13627
1751464699189 0.4833706021308899 13628
1751464700875 0.8851175308227539 13629
1751464702685 0.6922006607055664 13630
1751464709840 0.9704227447509766 13631
1751464711451 0.9050967693328857 13632
1751464712867 0.33994898200035095 13633
1751464714251 0.8170747756958008 13634
1751464715525 0.519214928150177 13635
1751464717119 0.6599763035774231 13636
1751464718854 1.026837706565857 13637
1751464720443 0.7887973785400391 13638
1751464722153 0.31601253151893616 13639
1751464730025 0.6941530704498291 13640
1751464731487 1.3507230281829834 13641
1751464733384 0.7665842771530151 13642
1751464734824 0.8377308249473572 13643
1751464736205 0.8444429636001587 13644
1751464738010 0.6896893382072449 13645
1751464739340 0.6084176301956177 13646
1751464741142 0.8444832563400269 13647
1751464742452 0.5322360992431641 13648
1751464744107 0.033658672124147415 13649
1751464745788 1.1756622791290283 13650
1751464747173 0.9130725860595703 13651
1751464749003 1.1078941822052002 13652
1751464750649 0.847934365272522 13653
1751464751978 0.8754472732543945 13654
1751464753214 0.7300714254379272 13655
1751464754430 0.7836970090866089 13656
1751464755660 0.06931283324956894 13657
1751464756886 0.569430947303772 13658
1751464758064 0.7921932339668274 13659
1751464759536 0.35302433371543884 13660
1751464760790 0.6005755662918091 13661
1751464762073 1.8803051710128784 13662
1751464763344 0.6248527765274048 13663
1751464764636 1.5682237148284912 13664
1751464765914 0.6098271608352661 13665
1751464767238 1.8029252290725708 13666
1751464768527 1.7343225479125977 13667
1751464770059 0.9266372919082642 13668
1751464771290 0.4984548091888428 13669
1751464772503 1.331496000289917 13670
1751464773737 0.641741156578064 13671
1751464775024 0.83537757396698 13672
1751464777794 0.414713591337204 13673
1751464779611 0.6115838289260864 13674
1751464780945 0.3501949608325958 13675
1751464782354 2.9791641235351562 13676
1751464783600 0.7099596858024597 13677
1751464784771 1.0397281646728516 13678
1751464785981 0.8570843935012817 13679
1751464787219 0.7457121014595032 13680
1751464788477 1.0049670934677124 13681
1751464789750 0.605628490447998 13682
1751464791485 0.4939897060394287 13683
1751464793176 1.0151212215423584 13684
1751464794591 0.6103291511535645 13685
1751464795950 0.8353856205940247 13686
1751464797321 1.0953259468078613 13687
1751464798947 0.7566602230072021 13688
1751464800237 0.43395328521728516 13689
1751464801457 2.456357717514038 13690
1751464802622 0.6890125274658203 13691
1751464804124 0.4680350422859192 13692
1751464805403 0.8129297494888306 13693
1751464806640 0.5478487610816956 13694
1751464807874 0.33059990406036377 13695
1751464809179 0.6479060649871826 13696
1751464810906 0.5659534335136414 13697
1751464812266 1.0652130842208862 13698
1751464813644 0.7127170562744141 13699
1751464815020 0.8314787745475769 13700
1751464816582 0.8008729219436646 13701
1751464818056 0.7134453058242798 13702
1751464819469 0.9243001937866211 13703
1751464820714 0.5006645917892456 13704
1751464821962 0.9078488945960999 13705
1751464823245 1.3258023262023926 13706
1751464824500 0.46510928869247437 13707
1751464826076 0.5679129958152771 13708
1751464827473 0.7447153329849243 13709
1751464828776 0.7346541285514832 13710
1751464830686 0.5997432470321655 13711
1751464832138 0.6545125246047974 13712
1751464833577 0.6526086926460266 13713
1751464835190 0.5690819025039673 13714
1751464845917 1.4177308082580566 13715
1751464847502 1.5232737064361572 13716
1751464848861 0.9290024638175964 13717
1751464850230 0.5000227689743042 13718
1751464851915 0.800369381904602 13719
1751464853174 0.338800311088562 13720
1751464854871 0.3767276704311371 13721
1751464856479 0.8488332033157349 13722
1751464870245 0.860220730304718 13723
1751464871533 0.767986536026001 13724
1751464872794 0.7705380916595459 13725
1751464874147 0.5308356285095215 13726
1751464875555 0.7821540832519531 13727
1751464876958 0.6910484433174133 13728
1751464878602 0.7899073362350464 13729
1751464890272 0.6100550293922424 13730
1751464891779 1.5894734859466553 13731
1751464893074 1.048234224319458 13732
1751464894364 0.10321493446826935 13733
1751464895725 0.717444658279419 13734
1751464896992 1.003590703010559 13735
1751464898241 0.7787091135978699 13736
1751464899503 0.10368683934211731 13737
1751464915194 0.728458046913147 13738
1751464916775 0.9550331830978394 13739
1751464918356 0.8167276382446289 13740
1751464919756 0.6085660457611084 13741
1751464922052 0.5378962159156799 13742
1751464923504 0.527226984500885 13743
1751464925474 0.04712127149105072 13744
1751464926967 0.5742283463478088 13745
1751464928702 0.9468094110488892 13746
1751464930041 1.3490456342697144 13747
1751464931248 1.708087682723999 13748
1751464932467 1.1195127964019775 13749
1751464933671 0.7257378101348877 13750
1751464934983 0.7181186676025391 13751
1751464936272 1.2155771255493164 13752
1751464937771 0.938284158706665 13753
1751464939003 0.4616234004497528 13754
1751464940246 0.7638207674026489 13755
1751464941501 0.723575234413147 13756
1751464942738 0.18098759651184082 13757
1751464944005 0.8616330623626709 13758
1751464945210 0.6502405405044556 13759
1751464946439 0.5702195167541504 13760
1751464947951 0.4797404408454895 13761
1751464949187 0.4685647189617157 13762
1751464950417 0.749748945236206 13763
1751464951740 0.5975339412689209 13764
1751464953038 0.7015482187271118 13765
1751464954329 0.4204278588294983 13766
1751464955545 1.3290138244628906 13767
1751464957094 0.7546532154083252 13768
1751464958340 0.5271631479263306 13769
1751464959535 0.764217734336853 13770
1751464960840 0.8123988509178162 13771
1751464962148 0.8461922407150269 13772
1751464963500 0.7753438949584961 13773
1751464964799 0.8378996253013611 13774
1751464966350 0.9534521102905273 13775
1751464967665 0.6085327863693237 13776
1751464968906 0.29534637928009033 13777
1751464970164 0.32600489258766174 13778
1751464971481 0.5027355551719666 13779
1751464972863 0.651111364364624 13780
1751464974979 0.638705849647522 13781
1751464976693 1.1070468425750732 13782
1751464978214 1.8561618328094482 13783
1751464979516 0.33902060985565186 13784
1751464980788 0.6424605846405029 13785
1751464982057 2.2787294387817383 13786
1751464983345 0.8093682527542114 13787
1751464984602 0.5480217337608337 13788
1751464985884 1.1637203693389893 13789
1751464987193 0.6578899621963501 13790
1751464988948 1.2763621807098389 13791
1751464990440 0.8678852319717407 13792
1751464992121 0.7325475215911865 13793
1751464993515 0.6915515661239624 13794
1751464995041 0.5764531493186951 13795
1751464996499 0.5700783133506775 13796
1751464998044 0.6063729524612427 13797
1751464999664 0.6123015880584717 13798
1751465000875 1.154950499534607 13799
1751465002194 0.9402514696121216 13800
1751465003470 0.6291635036468506 13801
1751465004779 1.0861178636550903 13802
1751465006092 0.9673744440078735 13803
1751465007281 0.5592681169509888 13804
1751465009717 1.5301868915557861 13805
1751465011343 1.2207541465759277 13806
1751465012938 0.6403392553329468 13807
1751465014390 0.5964289903640747 13808
1751465015952 0.6820472478866577 13809
1751465017592 0.7039201259613037 13810
1751465019174 1.8838820457458496 13811
1751465020413 0.48494118452072144 13812
1751465021905 1.1834683418273926 13813
1751465023152 0.6643825769424438 13814
1751465024400 1.1576671600341797 13815
1751465025666 0.6751357913017273 13816
1751465026904 0.8622238636016846 13817
1751465028221 0.7178469896316528 13818
1751465030216 1.4052492380142212 13819
1751465031631 0.8993853330612183 13820
1751465033438 0.12818065285682678 13821
1751465034839 1.0467591285705566 13822
1751465036309 0.6982515454292297 13823
1751465037887 0.7217757701873779 13824
1751465039604 0.7284616827964783 13825
1751465041958 0.4599711000919342 13826
1751465043242 3.717148780822754 13827
1751465044999 1.234331488609314 13828
1751465046658 0.6253144145011902 13829
1751465048018 0.7410889863967896 13830
1751465049321 0.5435562133789062 13831
1751465051760 0.5035260915756226 13832
1751465052955 1.66780686378479 13833
1751465054302 0.513236403465271 13834
1751465055506 1.1476551294326782 13835
1751465057138 0.7235774993896484 13836
1751465058488 0.9070379734039307 13837
1751465059720 0.6363205909729004 13838
1751465061001 0.7012944221496582 13839
1751465062325 0.779242992401123 13840
1751465063628 1.450800895690918 13841
1751465064875 0.7591667175292969 13842
1751465066518 0.889197051525116 13843
1751465067784 0.9758962392807007 13844
1751465069097 0.8064468502998352 13845
1751465070329 0.8953225612640381 13846
1751465071584 0.697303295135498 13847
1751465072838 0.8871027827262878 13848
1751465074095 0.9529099464416504 13849
1751465075619 0.6252243518829346 13850
1751465076905 0.6865528225898743 13851
1751465078210 0.3843310475349426 13852
1751465079501 0.6721296310424805 13853
1751465080799 1.3313143253326416 13854
1751465082032 0.4608752429485321 13855
1751465083314 1.160170316696167 13856
1751465084559 0.5417835116386414 13857
1751465086162 0.8662946820259094 13858
1751465087445 0.5804238319396973 13859
1751465088702 0.5830812454223633 13860
1751465089957 0.6282644867897034 13861
1751465091267 0.7288248538970947 13862
1751465092566 0.6681351661682129 13863
1751465093924 0.7753685712814331 13864
1751465095422 1.0232539176940918 13865
1751465096764 0.8978575468063354 13866
1751465098099 0.26085779070854187 13867
1751465099399 1.2468284368515015 13868
1751465100579 0.15772859752178192 13869
1751465101837 1.6111818552017212 13870
1751465103061 0.6232603192329407 13871
1751465104285 0.6420998573303223 13872
1751465105715 0.7150429487228394 13873
1751465107019 0.6332648992538452 13874
1751465108406 0.7211145162582397 13875
1751465109620 1.161324143409729 13876
1751465110969 0.39871296286582947 13877
1751465112272 0.6451942920684814 13878
1751465113523 0.5737926363945007 13879
1751465114996 0.662757933139801 13880
1751465116278 0.7932806015014648 13881
1751465117594 1.0769833326339722 13882
1751465118942 0.8145492672920227 13883
1751465120191 0.8674451112747192 13884
1751465121516 0.7275814414024353 13885
1751465122863 0.8446493148803711 13886
1751465124200 0.7957004904747009 13887
1751465125778 0.6711560487747192 13888
1751465127175 0.2866067588329315 13889
1751465128608 0.46632516384124756 13890
1751465130008 0.1347600668668747 13891
1751465131339 0.2063881754875183 13892
1751465132633 1.0515691041946411 13893
1751465133983 0.5751774907112122 13894
1751465135520 0.6381773948669434 13895
1751465136826 0.9953540563583374 13896
1751465138104 0.9041683673858643 13897
1751465139329 0.6751625537872314 13898
1751465140628 0.3000577688217163 13899
1751465141909 0.8247439861297607 13900
1751465143185 1.1183910369873047 13901
1751465144431 0.38615965843200684 13902
1751465145947 0.6584919691085815 13903
1751465147190 0.5235574841499329 13904
1751465148494 1.0557427406311035 13905
1751465149852 0.984093427658081 13906
1751465151227 0.7832927703857422 13907
1751465152480 0.8973554968833923 13908
1751465153746 1.0170499086380005 13909
1751465155349 1.0635712146759033 13910
1751465156663 0.6996573209762573 13911
1751465157964 1.2405205965042114 13912
1751465159306 0.8967976570129395 13913
1751465160630 0.8562664985656738 13914
1751465161861 0.5185847878456116 13915
1751465163204 0.4913656413555145 13916
1751465164477 0.5644891262054443 13917
1751465166003 1.2407348155975342 13918
1751465167300 0.736111581325531 13919
1751465168540 0.772400975227356 13920
1751465169758 1.1325743198394775 13921
1751465171024 0.4937281608581543 13922
1751465172277 0.5898420214653015 13923
1751465173557 0.8644934892654419 13924
1751465175182 0.7476892471313477 13925
1751465176504 0.5844603776931763 13926
1751465177835 0.8996367454528809 13927
1751465179117 0.8361219763755798 13928
1751465180473 0.9875830411911011 13929
1751465181740 0.6857472658157349 13930
1751465183159 0.4986412227153778 13931
1751465184784 1.1590139865875244 13932
1751465186120 0.3250424861907959 13933
1751465187381 0.9465894103050232 13934
1751465188576 0.5194497108459473 13935
1751465189898 0.5810242891311646 13936
1751465191279 0.9312973618507385 13937
1751465192585 1.3097507953643799 13938
1751465193907 0.5317394137382507 13939
1751465195454 0.662055492401123 13940
1751465196762 0.8502339124679565 13941
1751465198034 1.6706242561340332 13942
1751465199371 0.7539768815040588 13943
1751465200716 1.376417636871338 13944
1751465202060 0.7745459675788879 13945
1751465203389 0.915600061416626 13946
1751465204942 1.1314669847488403 13947
1751465206232 0.6469792127609253 13948
1751465207530 0.6922192573547363 13949
1751465208901 1.4382050037384033 13950
1751465210206 0.6130258440971375 13951
1751465211464 1.2262275218963623 13952
1751465212797 0.6243603825569153 13953
1751465214162 0.9422488212585449 13954
1751465215713 0.7058954238891602 13955
1751465216963 0.9445142149925232 13956
1751465218291 0.6705307364463806 13957
1751465219550 0.5455902814865112 13958
1751465220784 0.5942327976226807 13959
1751465222052 0.425448477268219 13960
1751465223310 0.8714671730995178 13961
1751465224842 0.6652827262878418 13962
1751465226114 2.3207740783691406 13963
1751465227375 0.6165211200714111 13964
1751465228681 0.49033570289611816 13965
1751465229966 0.3933353126049042 13966
1751465231250 0.6239898204803467 13967
1751465232552 1.2341781854629517 13968
1751465233922 0.5096486806869507 13969
1751465235489 0.5803652405738831 13970
1751465236858 0.3352387547492981 13971
1751465238283 1.4112248420715332 13972
1751465239604 0.8093165159225464 13973
1751465240878 0.9692568778991699 13974
1751465242219 0.629155695438385 13975
1751465243424 0.6114096641540527 13976
1751465245050 0.7243485450744629 13977
1751465246317 0.5790948867797852 13978
1751465247530 0.7980033159255981 13979
1751465248757 1.1085233688354492 13980
1751465250010 0.8741925954818726 13981
1751465251294 0.7259427309036255 13982
1751465252613 0.7940702438354492 13983
1751465254029 0.6631618738174438 13984
1751465255623 0.7493244409561157 13985
1751465257035 0.6560736298561096 13986
1751465258440 0.658100962638855 13987
1751465259751 0.6274503469467163 13988
1751465261040 0.7646684646606445 13989
1751465262299 0.5622743368148804 13990
1751465263638 1.0070667266845703 13991
1751465264940 0.8023524284362793 13992
1751465266553 1.2192251682281494 13993
1751465267873 0.7394611239433289 13994
1751465269199 0.4637061357498169 13995
1751465270543 0.5485365390777588 13996
1751465271776 0.8383700847625732 13997
1751465273066 0.7134891748428345 13998
1751465274390 1.9331324100494385 13999
1751465276011 0.976706862449646 14000
1751465277291 0.9391875267028809 14001
1751465278600 0.7429695129394531 14002
1751465280017 1.3957329988479614 14003
1751465281317 1.053941011428833 14004
1751465282634 1.1681132316589355 14005
1751465283955 0.7205829620361328 14006
1751465285309 0.7599654793739319 14007
1751465286901 0.7169461250305176 14008
1751465288255 1.3222403526306152 14009
1751465289590 0.580159604549408 14010
1751465290919 0.5664808750152588 14011
1751465292192 0.7654001712799072 14012
1751465293522 0.5809001922607422 14013
1751465294934 1.378520131111145 14014
1751465296531 0.9751150608062744 14015
1751465297803 1.482086181640625 14016
1751465299069 0.8242419958114624 14017
1751465300384 0.5033309459686279 14018
1751465301749 0.5479533672332764 14019
1751465303073 0.9275626540184021 14020
1751465304381 1.2484028339385986 14021
1751465305692 0.45329004526138306 14022
1751465307298 0.7590190172195435 14023
1751465308692 0.7706398963928223 14024
1751465310154 0.7623879909515381 14025
1751465311519 0.5020607113838196 14026
1751465312840 1.0020160675048828 14027
1751465314142 1.0579113960266113 14028
1751465315501 0.4410914480686188 14029
1751465317081 0.4683353900909424 14030
1751465318410 1.068598985671997 14031
1751465319713 0.6163418292999268 14032
1751465320987 0.9941979646682739 14033
1751465322275 0.5770479440689087 14034
1751465323628 2.5501904487609863 14035
1751465324947 0.7803462147712708 14036
1751465326252 0.7560042142868042 14037
1751465327846 0.6451871395111084 14038
1751465329237 1.5197367668151855 14039
1751465330534 1.0524585247039795 14040
1751465331795 0.30392488837242126 14041
1751465333225 0.558124840259552 14042
1751465334555 0.9144589900970459 14043
1751465335971 0.497430682182312 14044
1751465337673 0.678720235824585 14045
1751465338989 1.1748422384262085 14046
1751465340307 0.9408776164054871 14047
1751465341648 1.2724969387054443 14048
1751465343030 0.30866357684135437 14049
1751465344344 0.6909447908401489 14050
1751465345641 0.5646655559539795 14051
1751465346902 0.7681246399879456 14052
1751465348367 0.671255350112915 14053
1751465349640 0.7570681571960449 14054
1751465350999 0.8571675419807434 14055
1751465352250 0.6479091048240662 14056
1751465353497 3.281738519668579 14057
1751465354745 0.9129607677459717 14058
1751465355990 0.5404728651046753 14059
1751465357459 0.8605561852455139 14060
1751465358760 0.6333444118499756 14061
1751465360117 1.1746383905410767 14062
1751465361400 0.4555344581604004 14063
1751465362655 0.47081905603408813 14064
1751465364015 0.49385249614715576 14065
1751465365427 0.8090358972549438 14066
1751465366949 0.660625696182251 14067
1751465368262 0.8629629611968994 14068
1751465369497 0.9672123789787292 14069
1751465370833 0.43731939792633057 14070
1751465372099 0.7156540751457214 14071
1751465373415 1.3084807395935059 14072
1751465374790 0.7256949543952942 14073
1751465376124 1.0597378015518188 14074
1751465377733 0.3860647976398468 14075
1751465378998 1.1273329257965088 14076
1751465380202 1.22825288772583 14077
1751465381497 1.4308838844299316 14078
1751465382878 0.929304838180542 14079
1751465384269 0.9290861487388611 14080
1751465385581 0.6743544340133667 14081
1751465387328 0.5457247495651245 14082
1751465388680 0.6909644603729248 14083
1751465389963 0.6512755751609802 14084
1751465391296 1.1381301879882812 14085
1751465392615 0.8087106347084045 14086
1751465393964 1.0463635921478271 14087
1751465395244 0.7213190793991089 14088
1751465396820 0.560575008392334 14089
1751465398177 1.4247567653656006 14090
1751465399479 0.9354798793792725 14091
1751465400778 1.190333604812622 14092
1751465402004 0.7644007802009583 14093
1751465403284 0.7277475595474243 14094
1751465404530 0.542752742767334 14095
1751465406157 0.7903083562850952 14096
1751465407412 0.70331871509552 14097
1751465408710 0.48933762311935425 14098
1751465409954 0.5943099856376648 14099
1751465411241 0.7711002826690674 14100
1751465412521 0.7593110799789429 14101
1751465413834 0.8968310356140137 14102
1751465415076 0.6373852491378784 14103
1751465416588 0.5818573832511902 14104
1751465417865 0.7224690914154053 14105
1751465419162 0.3223326504230499 14106
1751465420432 0.4431871473789215 14107
1751465421694 0.8170892000198364 14108
1751465423051 0.7840458154678345 14109
1751465424365 0.762657880783081 14110
1751465426053 0.5742800831794739 14111
1751465427292 1.4263617992401123 14112
1751465428631 0.5518397092819214 14113
1751465429979 1.0655769109725952 14114
1751465431294 0.6126299500465393 14115
1751465432578 0.7633147835731506 14116
1751465433911 0.7027260065078735 14117
1751465435463 0.7409107685089111 14118
1751465436705 0.6641677021980286 14119
1751465438120 0.5803810358047485 14120
1751465439395 0.8501026034355164 14121
1751465440772 1.041494369506836 14122
1751465442078 0.6098431348800659 14123
1751465443331 0.5609010457992554 14124
1751465444698 0.3909394443035126 14125
1751465446274 0.4735006093978882 14126
1751465447517 1.1594220399856567 14127
1751465448891 0.4546896517276764 14128
1751465450266 0.6379867792129517 14129
1751465451593 0.5916774868965149 14130
1751465452953 0.7924892902374268 14131
1751465454276 0.8385886549949646 14132
1751465455934 0.7083688974380493 14133
1751465457234 2.097703695297241 14134
1751465458520 0.826334536075592 14135
1751465459773 0.7248328328132629 14136
1751465461115 1.1634719371795654 14137
1751465462379 0.5347633361816406 14138
1751465463699 1.0247502326965332 14139
1751465465228 0.6670452952384949 14140
1751465466551 0.45120298862457275 14141
1751465467962 0.17172686755657196 14142
1751465469317 0.9615883827209473 14143
1751465470558 0.7302969694137573 14144
1751465471832 0.5972143411636353 14145
1751465473107 0.6529271006584167 14146
1751465474342 0.9176340699195862 14147
1751465475880 0.6713438630104065 14148
1751465477259 0.9431678652763367 14149
1751465478502 0.7243546843528748 14150
1751465479753 0.7647995352745056 14151
1751465481059 0.5385054349899292 14152
1751465482387 0.3977072834968567 14153
1751465483807 1.249711275100708 14154
1751465485508 0.5248222351074219 14155
1751465486863 0.800162672996521 14156
1751465488196 0.9065526723861694 14157
1751465489454 0.8378432989120483 14158
1751465490703 1.105778455734253 14159
1751465491996 0.5054706335067749 14160
1751465493247 0.5125331878662109 14161
1751465494477 0.8222184777259827 14162
1751465495972 0.7452685832977295 14163
1751465497309 0.5687863826751709 14164
1751465498564 0.8529566526412964 14165
1751465499828 0.6604828238487244 14166
1751465501127 0.9211783409118652 14167
1751465502473 1.3554147481918335 14168
1751465503801 0.7042832374572754 14169
1751465505382 0.7420420050621033 14170
1751465506718 0.686101496219635 14171
1751465508132 1.6204147338867188 14172
1751465509472 1.004580020904541 14173
1751465510876 0.418428897857666 14174
1751465512168 0.5305792093276978 14175
1751465513566 0.7192620635032654 14176
1751465515205 0.6620602607727051 14177
1751465516549 0.598182201385498 14178
1751465517915 0.6449356079101562 14179
1751465519210 1.1421904563903809 14180
1751465520537 0.6180270910263062 14181
1751465521792 0.850926399230957 14182
1751465523065 1.12122642993927 14183
1751465524705 1.005642056465149 14184
1751465526159 0.757683515548706 14185
1751465527502 0.24355190992355347 14186
1751465528833 0.5041114091873169 14187
1751465530140 0.6823312044143677 14188
1751465531447 0.9393706321716309 14189
1751465532794 0.3533494174480438 14190
1751465534528 0.9082041382789612 14191
1751465535863 0.6312505006790161 14192
1751465537207 0.49759387969970703 14193
1751465538569 0.6038172245025635 14194
1751465539863 0.8347135782241821 14195
1751465541216 0.5878276824951172 14196
1751465542547 0.6503200531005859 14197
1751465543896 0.8255777359008789 14198
1751465545467 0.42143261432647705 14199
1751465546774 1.2425312995910645 14200
1751465548065 0.8669754266738892 14201
1751465549343 1.8514320850372314 14202
1751465550666 0.6784919500350952 14203
1751465551984 0.6634554862976074 14204
1751465553288 0.8799511194229126 14205
1751465554902 0.4039628803730011 14206
1751465556248 0.7506963014602661 14207
1751465557557 1.2193591594696045 14208
1751465558934 0.722070038318634 14209
1751465560238 0.7613908052444458 14210
1751465561540 0.744349479675293 14211
1751465562843 1.6219793558120728 14212
1751465564435 1.1465275287628174 14213
1751465565736 0.6833812594413757 14214
1751465567147 0.5989593267440796 14215
1751465568535 0.7066670656204224 14216
1751465569836 0.6014531254768372 14217
1751465571164 0.7959846258163452 14218
1751465572569 0.6771670579910278 14219
1751465573810 0.7950299382209778 14220
1751465575399 0.7815003395080566 14221
1751465576678 0.5776822566986084 14222
1751465577940 0.8696074485778809 14223
1751465579277 0.9748489260673523 14224
1751465580750 0.6579766273498535 14225
1751465582063 1.057898998260498 14226
1751465583372 0.8780256509780884 14227
1751465585028 0.8791038990020752 14228
1751465586369 0.9004634618759155 14229
1751465587722 1.2192111015319824 14230
1751465589155 0.8149481415748596 14231
1751465590534 0.6800726652145386 14232
1751465591879 0.7505075335502625 14233
1751465593273 0.6331925392150879 14234
1751465594915 0.821908175945282 14235
1751465596364 0.6526421904563904 14236
1751465597735 0.517203688621521 14237
1751465599140 0.9427547454833984 14238
1751465600661 0.7286632657051086 14239
1751465602142 0.6972403526306152 14240
1751465603498 0.5536086559295654 14241
1751465605016 2.212948799133301 14242
1751465606453 0.7123998403549194 14243
1751465607868 1.614451289176941 14244
1751465609195 1.0209546089172363 14245
1751465610543 0.5853155851364136 14246
1751465611908 0.7621098756790161 14247
1751465613227 1.1381512880325317 14248
1751465614759 0.9417756795883179 14249
1751465616104 0.6689738035202026 14250
1751465617452 0.5980538725852966 14251
1751465618816 0.9063208103179932 14252
1751465620132 0.6591413021087646 14253
1751465621405 0.9544062614440918 14254
1751465622760 1.0057942867279053 14255
1751465624397 0.5227470993995667 14256
1751465625733 0.5953021049499512 14257
1751465627043 0.7937337160110474 14258
1751465628388 0.7168060541152954 14259
1751465629698 1.0358691215515137 14260
1751465631052 0.6276718378067017 14261
1751465632375 0.9953677654266357 14262
1751465633699 0.8662457466125488 14263
1751465635204 1.101138710975647 14264
1751465636550 0.9798178672790527 14265
1751465637812 1.9482100009918213 14266
1751465639194 0.8939419984817505 14267
1751465640580 0.6135522723197937 14268
1751465641955 0.9063711166381836 14269
1751465643326 0.6146358251571655 14270
1751465644976 0.058511920273303986 14271
1751465646417 0.9656516909599304 14272
1751465647843 0.6998201012611389 14273
1751465649362 0.4466342031955719 14274
1751465650849 0.6949495077133179 14275
1751465652201 0.8347800970077515 14276
1751465653549 0.7429190874099731 14277
1751465655165 0.5855801105499268 14278
1751465656461 0.47018668055534363 14279
1751465657876 0.515270471572876 14280
1751465659133 0.9004269242286682 14281
1751465660473 0.7759467363357544 14282
1751465661815 0.676679253578186 14283
1751465663119 0.9233911633491516 14284
1751465664395 1.0850359201431274 14285
1751465666046 1.213916540145874 14286
1751465667348 1.276465654373169 14287
1751465668620 1.1384085416793823 14288
1751465669962 0.6580857038497925 14289
1751465671329 0.5164440870285034 14290
1751465672685 0.638921856880188 14291
1751465673956 0.9767390489578247 14292
1751465675556 0.5321043729782104 14293
1751465676831 0.7832844257354736 14294
1751465678072 0.5844020843505859 14295
1751465679406 0.9262646436691284 14296
1751465680746 0.6666696071624756 14297
1751465682053 0.6685227155685425 14298
1751465683421 1.270993947982788 14299
1751465685012 0.46421539783477783 14300
1751465686291 0.4814832806587219 14301
1751465687660 1.102401614189148 14302
1751465689037 0.8585755825042725 14303
1751465690324 1.448603630065918 14304
1751465691660 0.558750569820404 14305
1751465692977 0.4936884641647339 14306
1751465694290 1.686333179473877 14307
1751465695901 1.2551546096801758 14308
1751465697230 0.6507208347320557 14309
1751465698508 1.2817118167877197 14310
1751465699773 1.821542739868164 14311
1751465701067 1.2041099071502686 14312
1751465702390 1.1153970956802368 14313
1751465703732 1.5404037237167358 14314
1751465705351 0.6966421008110046 14315
1751465706652 0.7741134166717529 14316
1751465708028 2.2446751594543457 14317
1751465709334 0.7329388856887817 14318
1751465710665 0.6447117924690247 14319
1751465712043 0.5871803164482117 14320
1751465713433 0.8474094867706299 14321
1751465714776 0.40453702211380005 14322
1751465716269 0.8292204141616821 14323
1751465717516 0.6564464569091797 14324
1751465718806 0.4181932508945465 14325
1751465720117 0.5972020626068115 14326
1751465721392 1.8240654468536377 14327
1751465722789 1.292006254196167 14328
1751465724156 0.6906175017356873 14329
1751465725755 0.7047380208969116 14330
1751465727079 0.2578359544277191 14331
1751465728421 0.5679802298545837 14332
1751465729771 0.5970724821090698 14333
1751465731139 0.41558951139450073 14334
1751465732455 0.7128139138221741 14335
1751465733789 0.49215245246887207 14336
1751465735389 0.5960311889648438 14337
1751465736734 0.782124400138855 14338
1751465738183 0.7824151515960693 14339
1751465739513 0.8786420822143555 14340
1751465740820 0.7623056769371033 14341
1751465742122 1.183347463607788 14342
1751465743448 1.097177267074585 14343
1751465745092 0.8164834976196289 14344
1751465746508 0.44491130113601685 14345
1751465747908 0.6104508638381958 14346
1751465749328 0.5983564853668213 14347
1751465750668 0.9446319341659546 14348
1751465752011 2.1271042823791504 14349
1751465753344 0.5950096845626831 14350
1751465754941 0.38165462017059326 14351
1751465756187 1.0005450248718262 14352
1751465757490 0.6393639445304871 14353
1751465758782 0.9032314419746399 14354
1751465760142 0.8599281311035156 14355
1751465761432 0.6148961782455444 14356
1751465762812 0.927631139755249 14357
1751465764391 1.4805296659469604 14358
1751465765740 0.7325457334518433 14359
1751465767107 0.8845183253288269 14360
1751465768454 0.6642848253250122 14361
1751465769781 0.5263923406600952 14362
1751465771126 0.7508547306060791 14363
1751465772449 1.1444511413574219 14364
1751465773791 0.8702280521392822 14365
1751465775393 0.552293062210083 14366
1751465776811 0.949852705001831 14367
1751465778126 0.6435612440109253 14368
1751465779549 0.383943647146225 14369
1751465780862 0.5272615551948547 14370
1751465782206 1.880936861038208 14371
1751465783506 1.1212048530578613 14372
1751465785045 0.7745736837387085 14373
1751465786333 0.5584105849266052 14374
1751465787634 0.4312566816806793 14375
1751465788933 0.6253001689910889 14376
1751465790266 1.0344552993774414 14377
1751465791537 1.1094870567321777 14378
1751465792880 0.7606172561645508 14379
1751465794516 0.5936561822891235 14380
1751465795791 1.2621262073516846 14381
1751465797163 0.5268845558166504 14382
1751465798421 0.8117376565933228 14383
1751465799745 0.5741089582443237 14384
1751465801131 0.895011842250824 14385
1751465802493 0.5135563611984253 14386
1751465804183 0.9241840839385986 14387
1751465805527 0.9823227524757385 14388
1751465806865 0.8556645512580872 14389
1751465808242 0.6317654848098755 14390
1751465809576 0.8993688821792603 14391
1751465810916 0.8664535284042358 14392
1751465812251 0.43091416358947754 14393
1751465813551 0.6177592873573303 14394
1751465815166 0.5624478459358215 14395
1751465816481 0.4950520098209381 14396
1751465817746 0.5965009331703186 14397
1751465819108 0.711312472820282 14398
1751465820403 0.7829344272613525 14399
1751465822077 0.07111860066652298 14400
1751465993811 0.6040321588516235 14401
1751466081507 0.6502505540847778 14402
1751466082901 0.6557954549789429 14403
1751466084256 1.008307695388794 14404
1751466085560 0.8930197954177856 14405
1751466087017 0.6766687631607056 14406
1751466088595 0.8688614368438721 14407
1751466089887 0.7159005403518677 14408
1751466091147 0.6424327492713928 14409
1751466092432 0.6432839632034302 14410
1751466093747 0.7220423221588135 14411
1751466095114 0.6794480681419373 14412
1751466096403 0.9553061127662659 14413
1751466098018 1.1040239334106445 14414
1751466099315 1.3823299407958984 14415
1751466100702 0.3991680145263672 14416
1751466102060 0.6862320899963379 14417
1751466103379 0.742573618888855 14418
1751466104728 0.9896900653839111 14419
1751466106036 0.5580113530158997 14420
1751466107658 0.19556298851966858 14421
1751466109010 1.0109084844589233 14422
1751466110303 0.30251991748809814 14423
1751466111548 0.5596528053283691 14424
1751466112842 1.1193307638168335 14425
1751466114164 1.2260534763336182 14426
1751466115510 1.1570531129837036 14427
1751466117119 0.7158235907554626 14428
1751466118512 0.7271928787231445 14429
1751466119784 0.8808400630950928 14430
1751466121171 0.9185828566551208 14431
1751466122506 0.6692660450935364 14432
1751466123825 0.32813170552253723 14433
1751466125095 0.8097741603851318 14434
1751466126364 0.9835739135742188 14435
1751466127984 1.7169837951660156 14436
1751466129268 1.2328962087631226 14437
1751466130590 0.5308372378349304 14438
1751466131886 0.696823000907898 14439
1751466133222 1.7503091096878052 14440
1751466134563 1.1150778532028198 14441
1751466135868 0.786091685295105 14442
1751466137434 0.8257831335067749 14443
1751466138815 0.6295431852340698 14444
1751466140118 0.9066259860992432 14445
1751466141458 0.6353509426116943 14446
1751466142784 1.5744736194610596 14447
1751466144169 0.771312952041626 14448
1751466145508 2.364525079727173 14449
1751466147123 1.1438723802566528 14450
1751466148506 0.45794814825057983 14451
1751466149806 0.6207021474838257 14452
1751466151042 1.0643346309661865 14453
1751466152438 0.7485357522964478 14454
1751466153778 0.634672224521637 14455
1751466155095 0.36955174803733826 14456
1751466156629 0.7510178685188293 14457
1751466157950 0.6590480804443359 14458
1751466159282 0.46910762786865234 14459
1751466160637 1.1197748184204102 14460
1751466162053 1.6590840816497803 14461
1751466163423 0.5469967722892761 14462
1751466164751 0.5513399839401245 14463
1751466166381 0.7258121967315674 14464
1751466167730 0.4806476831436157 14465
1751466169054 2.0367326736450195 14466
1751466170394 0.9364570379257202 14467
1751466171717 0.7846052646636963 14468
1751466173002 1.3690083026885986 14469
1751466174361 0.5004616379737854 14470
1751466175995 0.4175361096858978 14471
1751466177289 0.45585140585899353 14472
1751466178555 2.0602025985717773 14473
1751466179950 0.5097037553787231 14474
1751466181296 1.0629441738128662 14475
1751466182662 0.883015513420105 14476
1751466184063 0.7689903974533081 14477
1751466185737 0.4296009838581085 14478
1751466187109 1.0465998649597168 14479
1751466188414 0.2283097356557846 14480
1751466189725 0.6189670562744141 14481
1751466191046 1.4099947214126587 14482
1751466192348 1.00991690158844 14483
1751466193679 0.5198791027069092 14484
1751466195297 0.8287167549133301 14485
1751466196555 0.14507028460502625 14486
1751466197856 0.7227423787117004 14487
1751466199276 0.6203009486198425 14488
1751466200605 0.5914419293403625 14489
1751466201979 1.2723329067230225 14490
1751466203330 0.7635109424591064 14491
1751466205001 0.5618756413459778 14492
1751466206374 0.08974071592092514 14493
1751466207713 2.8511159420013428 14494
1751466209068 0.5005401372909546 14495
1751466210440 0.7208701968193054 14496
1751466211793 0.7041764259338379 14497
1751466213165 1.229620099067688 14498
1751466214827 0.6238982081413269 14499
1751466216165 0.6022953987121582 14500
1751466217521 0.6853584051132202 14501
1751466218776 0.8038403987884521 14502
1751466220093 0.6332749128341675 14503
1751466221413 0.6713509559631348 14504
1751466222730 0.541294276714325 14505
1751466224325 0.730083167552948 14506
1751466225583 0.21066924929618835 14507
1751466226975 0.7063564658164978 14508
1751466228370 0.6784378290176392 14509
1751466229811 0.4202461540699005 14510
1751466231139 0.735598087310791 14511
1751466232451 0.6389644742012024 14512
1751466233998 1.9238941669464111 14513
1751466235335 0.8222741484642029 14514
1751466236715 0.5218735933303833 14515
1751466238223 0.7747272253036499 14516
1751466239625 1.473963737487793 14517
1751466240924 0.6103765368461609 14518
1751466242268 0.4183945655822754 14519
1751466243565 0.8659785985946655 14520
1751466245167 1.4818588495254517 14521
1751466246467 1.1410377025604248 14522
1751466247798 0.6077871918678284 14523
1751466249217 1.1009724140167236 14524
1751466250649 0.9858571887016296 14525
1751466251956 0.47104746103286743 14526
1751466253286 1.1596083641052246 14527
1751466254956 0.48448657989501953 14528
1751466256322 0.4466242790222168 14529
1751466257687 0.16649341583251953 14530
1751466259047 1.0115487575531006 14531
1751466260369 0.5554465651512146 14532
1751466261790 1.876258134841919 14533
1751466263191 0.7058716416358948 14534
1751466264723 0.5631540417671204 14535
1751466266068 0.9304702281951904 14536
1751466267355 0.8214315176010132 14537
1751466268745 0.613970935344696 14538
1751466270101 0.4785526394844055 14539
1751466271467 1.225473403930664 14540
1751466272895 0.8813276886940002 14541
1751466274492 1.1035209894180298 14542
1751466275838 0.6113345623016357 14543
1751466277105 0.6215677857398987 14544
1751466278393 1.4917542934417725 14545
1751466279730 0.6236940622329712 14546
1751466281102 1.033869981765747 14547
1751466282529 1.0324170589447021 14548
1751466284182 0.6659488677978516 14549
1751466285594 0.4322611391544342 14550
1751466286915 0.6228084564208984 14551
1751466288167 0.7181373834609985 14552
1751466289591 0.4274277687072754 14553
1751466290930 0.619768500328064 14554
1751466292225 0.8317883014678955 14555
1751466293803 0.750077486038208 14556
1751466295100 0.7124466896057129 14557
1751466296445 0.6295617818832397 14558
1751466297859 0.5680673122406006 14559
1751466299235 0.7657288312911987 14560
1751466300589 0.9153308868408203 14561
1751466301914 1.9235572814941406 14562
1751466303477 1.3644866943359375 14563
1751466304800 0.4075125753879547 14564
1751466306145 1.1884918212890625 14565
1751466307409 1.4023228883743286 14566
1751466308753 0.9904118776321411 14567
1751466310039 0.9653958082199097 14568
1751466311425 0.7101157903671265 14569
1751466312969 0.8945834040641785 14570
1751466314315 0.9934647083282471 14571
1751466315744 0.7630645036697388 14572
1751466317130 0.6499470472335815 14573
1751466318512 0.5044453144073486 14574
1751466319779 0.51408851146698 14575
1751466321093 1.143297791481018 14576
1751466322513 0.6528152227401733 14577
1751466324105 0.9083197116851807 14578
1751466325474 0.5894336700439453 14579
1751466326844 0.680190920829773 14580
1751466328169 0.8336247801780701 14581
1751466329515 0.910254955291748 14582
1751466330906 0.5912854671478271 14583
1751466332873 0.8788830041885376 14584
1751466334278 0.8033809661865234 14585
1751466335660 0.5988448858261108 14586
1751466337156 0.6463043093681335 14587
1751466338635 0.5298124551773071 14588
1751466340063 0.5359043478965759 14589
1751466341542 0.6536582708358765 14590
1751466343045 1.572886347770691 14591
1751466344776 0.9169260859489441 14592
1751466346176 0.15636464953422546 14593
1751466347594 0.10392284393310547 14594
1751466348953 0.7321773767471313 14595
1751466350327 0.7172907590866089 14596
1751466351461 2.0327649116516113 14597
1751466353045 0.501757025718689 14598
1751466354446 1.0486857891082764 14599
1751466355874 0.6301529407501221 14600
1751466357798 0.39845889806747437 14601
1751466360312 1.0614128112792969 14602
1751466363854 0.5433889031410217 14603
1751466365219 0.9280825853347778 14604
1751466366520 0.6328088045120239 14605
1751466368200 0.9024906158447266 14606
1751466369463 0.6194015741348267 14607
1751466371675 0.8140696883201599 14608
1751466373748 0.6391898393630981 14609
1751466375131 0.7274860143661499 14610
1751466376483 1.01080322265625 14611
1751466377744 0.7471038699150085 14612
1751466379416 0.4560454785823822 14613
1751466380791 0.7161489725112915 14614
1751466382121 0.799946665763855 14615
1751466383585 0.9341694712638855 14616
1751466384935 0.9532262086868286 14617
1751466386248 0.9884675145149231 14618
1751466387615 0.5473743677139282 14619
1751466389243 1.0157051086425781 14620
1751466390644 0.8644723892211914 14621
1751466391926 0.7628751993179321 14622
1751466393275 0.7005723714828491 14623
1751466394581 0.5982464551925659 14624
1751466395841 1.04831063747406 14625
1751466397199 0.9086083173751831 14626
1751466398849 0.034695692360401154 14627
1751466400198 0.5919907689094543 14628
1751466401454 1.2342690229415894 14629
1751466402799 0.17661122977733612 14630
1751466404071 0.7777746319770813 14631
1751466405363 2.160162925720215 14632
1751466406670 0.7102540135383606 14633
1751466408380 0.393665075302124 14634
1751466409556 1.7522765398025513 14635
1751466410880 1.4811338186264038 14636
1751466412204 0.7628426551818848 14637
1751466413650 0.4462936818599701 14638
1751466415065 0.6410433053970337 14639
1751466416395 2.058305263519287 14640
1751466417665 0.6660811305046082 14641
1751466419236 0.6203745007514954 14642
1751466420517 0.7626457214355469 14643
1751466421881 0.7883887887001038 14644
1751466423200 1.2643523216247559 14645
1751466424576 0.618220329284668 14646
1751466425937 1.103878140449524 14647
1751466427277 0.563574492931366 14648
1751466428853 0.6081749200820923 14649
1751466430278 0.6752227544784546 14650
1751466431589 0.7644647359848022 14651
1751466432868 1.3302509784698486 14652
1751466434138 0.8279929757118225 14653
1751466435419 0.7918648719787598 14654
1751466436776 0.39037781953811646 14655
1751466438443 1.2701261043548584 14656
1751466439773 0.5854913592338562 14657
1751466441154 0.15250244736671448 14658
1751466442419 0.7316757440567017 14659
1751466443791 1.051800012588501 14660
1751466445172 0.8241791725158691 14661
1751466446544 1.0067591667175293 14662
1751466448119 1.396106481552124 14663
1751466449474 1.0105162858963013 14664
1751466450885 0.5993593335151672 14665
1751466452207 0.7779892086982727 14666
1751466453502 0.787987232208252 14667
1751466454807 1.3279529809951782 14668
1751466456100 1.0186266899108887 14669
1751466457726 0.3585835099220276 14670
1751466459063 0.563615083694458 14671
1751466460394 0.9319881200790405 14672
1751466461705 0.6068150997161865 14673
1751466463010 1.065706729888916 14674
1751466464364 1.028424859046936 14675
1751466465698 0.757081151008606 14676
1751466467209 0.35117319226264954 14677
1751466468487 0.8641703128814697 14678
1751466469806 0.6608355045318604 14679
1751466471066 0.5029975175857544 14680
1751466472384 0.9489147663116455 14681
1751466473691 1.1044414043426514 14682
1751466474971 0.756650447845459 14683
1751466476597 0.7906537055969238 14684
1751466477912 0.37945735454559326 14685
1751466479333 1.0248770713806152 14686
1751466480624 1.1302292346954346 14687
1751466481945 0.6607937812805176 14688
1751466483296 1.025546669960022 14689
1751466484573 0.6208053827285767 14690
1751466486263 0.7876880168914795 14691
1751466487643 1.1010209321975708 14692
1751466489000 1.2026934623718262 14693
1751466490373 0.7239081859588623 14694
1751466491620 0.8794615268707275 14695
1751466493050 1.8819427490234375 14696
1751466494418 0.4869028925895691 14697
1751466495936 0.9926196336746216 14698
1751466497260 0.6543108224868774 14699
1751466498557 0.972370982170105 14700
1751466499849 1.0320465564727783 14701
1751466501144 0.5112601518630981 14702
1751466502419 0.7386271953582764 14703
1751466503703 0.8467215895652771 14704
1751466505392 1.2137219905853271 14705
1751466506713 0.5628647804260254 14706
1751466507993 0.5185046792030334 14707
1751466509264 0.6245577335357666 14708
1751466510535 0.6414817571640015 14709
1751466511907 0.6498243808746338 14710
1751466513256 1.1642060279846191 14711
1751466514830 1.2256497144699097 14712
1751466516125 0.6984907984733582 14713
1751466517392 0.8556024432182312 14714
1751466518664 0.5680448412895203 14715
1751466519965 0.6389716863632202 14716
1751466521253 0.8907086849212646 14717
1751466522579 0.710493803024292 14718
1751466524175 0.6198222637176514 14719
1751466525511 1.2496532201766968 14720
1751466526835 0.8935907483100891 14721
1751466528222 0.5227847099304199 14722
1751466529645 0.8563570976257324 14723
1751466531086 0.786979079246521 14724
1751466532455 0.5772395133972168 14725
1751466534063 1.1269216537475586 14726
1751466535311 0.8216589689254761 14727
1751466536665 0.511152982711792 14728
1751466537969 1.069549560546875 14729
1751466539204 1.1388630867004395 14730
1751466540614 0.432367205619812 14731
1751466541961 0.7848589420318604 14732
1751466543552 0.8032883405685425 14733
1751466544901 0.64665287733078 14734
1751466546254 0.7636266946792603 14735
1751466547585 0.07253987342119217 14736
1751466548829 0.9237453937530518 14737
1751466550158 0.7180895805358887 14738
1751466551483 0.7718684673309326 14739
1751466553085 0.2815931439399719 14740
1751466554444 0.8100425601005554 14741
1751466555781 0.7560909986495972 14742
1751466557070 0.6878533363342285 14743
1751466558389 1.3930763006210327 14744
1751466559700 1.1299595832824707 14745
1751466561038 0.8373943567276001 14746
1751466562634 0.7936275601387024 14747
1751466563945 0.8797624707221985 14748
1751466565325 0.6328698396682739 14749
1751466566730 1.0899971723556519 14750
1751466568071 0.9324274659156799 14751
1751466569369 0.7513020038604736 14752
1751466570723 0.5858698487281799 14753
1751466572425 0.6671240329742432 14754
1751466573767 0.12900933623313904 14755
1751466575117 0.5601993799209595 14756
1751466576374 0.6855341196060181 14757
1751466577688 0.7871813774108887 14758
1751466578995 2.184222459793091 14759
1751466580396 1.0266448259353638 14760
1751466582001 1.0971131324768066 14761
1751466583274 0.5705471038818359 14762
1751466584607 0.8194707036018372 14763
1751466585889 0.4465182423591614 14764
1751466587259 1.372647762298584 14765
1751466588596 0.8402668237686157 14766
1751466589911 0.6841912269592285 14767
1751466591476 0.48685726523399353 14768
1751466592828 0.876667320728302 14769
1751466594138 0.6308455467224121 14770
1751466595507 0.9459136128425598 14771
1751466596941 0.6853323578834534 14772
1751466598288 0.5574010610580444 14773
1751466599641 1.3573310375213623 14774
1751466601172 0.9613351821899414 14775
1751466602438 0.8029992580413818 14776
1751466603748 1.0646783113479614 14777
1751466605052 0.7823439836502075 14778
1751466606442 0.9471650719642639 14779
1751466607762 0.6236944198608398 14780
1751466609361 0.7058920860290527 14781
1751466610753 0.89122074842453 14782
1751466612136 0.5965490937232971 14783
1751466613378 0.5834628343582153 14784
1751466614605 3.9470720291137695 14785
1751466615960 0.369778037071228 14786
1751466617409 0.7078616619110107 14787
1751466618933 0.722549319267273 14788
1751466620346 0.5819642543792725 14789
1751466621637 0.6409342288970947 14790
1751466622913 0.817190945148468 14791
1751466624227 0.6192283630371094 14792
1751466625556 0.5471674203872681 14793
1751466626856 1.358464241027832 14794
1751466628509 0.9206843376159668 14795
1751466629818 0.7455559968948364 14796
1751466631138 0.5714052319526672 14797
1751466632429 0.7915142774581909 14798
1751466633744 0.0582541860640049 14799
1751466635123 0.8919625282287598 14800
1751466636409 0.5971384644508362 14801
1751466637983 0.49751806259155273 14802
1751466639270 0.6478156447410583 14803
1751466640589 0.7607461810112 14804
1751466641901 0.4274224638938904 14805
1751466643226 0.5056098103523254 14806
1751466644558 0.5613259673118591 14807
1751466645892 0.7475209832191467 14808
1751466647556 0.4840185344219208 14809
1751466648886 0.7915327548980713 14810
1751466650129 0.487915962934494 14811
1751466651375 1.166985034942627 14812
1751466652708 0.936957061290741 14813
1751466654026 0.747850775718689 14814
1751466655274 0.741977334022522 14815
1751466656872 0.8798607587814331 14816
1751466658308 0.6880162954330444 14817
1751466659578 0.5907578468322754 14818
1751466660851 0.7798178195953369 14819
1751466662169 0.6738104224205017 14820
1751466663517 0.5976143479347229 14821
1751466664917 0.2557681202888489 14822
1751466666488 0.6682010889053345 14823
1751466667820 0.6847371459007263 14824
1751466669268 0.6361154317855835 14825
1751466670566 0.6040843725204468 14826
1751466671866 0.4499858021736145 14827
1751466673158 1.315253496170044 14828
1751466674795 0.7556962966918945 14829
1751466676191 0.5128191709518433 14830
1751466677532 1.0600218772888184 14831
1751466678852 0.5523743629455566 14832
1751466680244 0.6410011649131775 14833
1751466681492 0.7693447470664978 14834
1751466682951 0.622294545173645 14835
1751466684432 0.7605499029159546 14836
1751466685824 1.056874394416809 14837
1751466687127 0.48016321659088135 14838
1751466688456 1.0586618185043335 14839
1751466689809 0.03604752942919731 14840
1751466691163 0.8693938255310059 14841
1751466692537 1.367180347442627 14842
1751466694075 0.8244611024856567 14843
1751466695493 1.172118902206421 14844
1751466696805 0.9413557052612305 14845
1751466698094 0.2695695459842682 14846
1751466699401 0.682684600353241 14847
1751466700756 0.830416202545166 14848
1751466702072 0.6642242074012756 14849
1751466703731 0.6852113604545593 14850
1751466705083 1.2785940170288086 14851
1751466706449 0.44390588998794556 14852
1751466707781 0.5409079790115356 14853
1751466709102 1.0577728748321533 14854
1751466710399 1.3640269041061401 14855
1751466711718 0.9367971420288086 14856
1751466713365 0.8642056584358215 14857
1751466714627 1.968924880027771 14858
1751466716015 1.3074564933776855 14859
1751466717431 1.0413813591003418 14860
1751466718780 0.5291404724121094 14861
1751466720149 0.6235736012458801 14862
1751466721494 0.39063334465026855 14863
1751466723043 0.8610378503799438 14864
1751466724407 0.6663423776626587 14865
1751466725666 0.6466619968414307 14866
1751466726958 0.6552462577819824 14867
1751466728270 0.481509268283844 14868
1751466729580 0.5668131709098816 14869
1751466730945 1.0402650833129883 14870
1751466732592 1.3800725936889648 14871
1751466733886 0.8039323091506958 14872
1751466735158 0.5918976664543152 14873
1751466736398 0.9868800640106201 14874
1751466737735 1.5706393718719482 14875
1751466739128 0.6013514995574951 14876
1751466740352 0.8386495113372803 14877
1751466741999 0.6177428364753723 14878
1751466743277 0.4775860905647278 14879
1751466744619 1.5837291479110718 14880
1751466745942 2.0143954753875732 14881
1751466747297 0.5849570631980896 14882
1751466748766 0.9220989942550659 14883
1751466750070 0.05032351613044739 14884
1751466751639 0.4744751453399658 14885
1751466752898 0.5657883882522583 14886
1751466754179 0.5878185033798218 14887
1751466755449 0.55108642578125 14888
1751466756713 0.513353705406189 14889
1751466758040 0.5726065635681152 14890
1751466759338 0.7958741188049316 14891
1751466760896 0.5040906071662903 14892
1751466762234 1.071550726890564 14893
1751466763527 0.8699352741241455 14894
1751466764799 1.114121675491333 14895
1751466766064 1.1513868570327759 14896
1751466767386 1.3933887481689453 14897
1751466768729 0.8116084337234497 14898
1751466770325 0.648658812046051 14899
1751466771689 3.647639036178589 14900
1751466773036 1.0551202297210693 14901
1751466774389 0.5231676697731018 14902
1751466775701 0.5405464768409729 14903
1751466777125 0.9113465547561646 14904
1751466778487 0.4205094575881958 14905
1751466780034 0.8749034404754639 14906
1751466781417 0.7004514336585999 14907
1751466782825 0.5833132266998291 14908
1751466784085 0.9231778979301453 14909
1751466785482 0.6015941500663757 14910
1751466786827 0.7862999439239502 14911
1751466788161 0.5146196484565735 14912
1751466789720 0.6405996084213257 14913
1751466791044 0.5921347737312317 14914
1751466792373 0.6191214323043823 14915
1751466793779 0.9686036109924316 14916
1751466795204 0.4407787024974823 14917
1751466796581 0.9645969867706299 14918
1751466798126 0.5559971332550049 14919
1751466799465 0.6181732416152954 14920
1751466800757 1.2069804668426514 14921
1751466802063 0.6755761504173279 14922
1751466803446 0.6090944409370422 14923
1751466804776 0.5104935169219971 14924
1751466806120 0.5526618957519531 14925
1751466807685 0.6189350485801697 14926
1751466809079 0.7531485557556152 14927
1751466810431 0.48786717653274536 14928
1751466811723 0.5940901637077332 14929
1751466812984 1.0058887004852295 14930
1751466814353 0.6240962743759155 14931
1751466815677 1.0752880573272705 14932
1751466817177 1.1580215692520142 14933
1751466818584 0.8951197266578674 14934
1751466820031 0.26363512873649597 14935
1751466821477 0.73314368724823 14936
1751466822781 1.0786939859390259 14937
1751466824079 0.19972576200962067 14938
1751466825454 1.0270053148269653 14939
1751466827066 0.6445286870002747 14940
1751466828364 0.8757980465888977 14941
1751466829799 0.6093162298202515 14942
1751466831041 2.0393433570861816 14943
1751466832301 0.5955408811569214 14944
1751466833601 0.7792797088623047 14945
1751466835061 0.4541926681995392 14946
1751466836745 0.8653656840324402 14947
1751466838030 0.7401976585388184 14948
1751466839331 0.8089086413383484 14949
1751466840629 0.9073041677474976 14950
1751466841911 0.76981520652771 14951
1751466843260 0.8151665329933167 14952
1751466844616 0.9574911594390869 14953
1751466846212 1.2143871784210205 14954
1751466847550 0.2099660336971283 14955
1751466848831 1.0480034351348877 14956
1751466850172 0.6244381070137024 14957
1751466851505 0.7340753674507141 14958
1751466852842 1.353430986404419 14959
1751466854216 1.4871437549591064 14960
1751466855727 0.45873332023620605 14961
1751466856983 0.9889587759971619 14962
1751466858311 0.9390837550163269 14963
1751466859662 0.6546680331230164 14964
1751466860961 0.8457307815551758 14965
1751466862251 1.5835494995117188 14966
1751466863576 0.8364765644073486 14967
1751466865197 0.7496283054351807 14968
1751466866594 0.8459104299545288 14969
1751466867912 0.5989074110984802 14970
1751466869291 0.9919260144233704 14971
1751466870629 1.4269673824310303 14972
1751466871967 1.1128827333450317 14973
1751466873347 0.5874375104904175 14974
1751466874919 0.9336236119270325 14975
1751466876243 0.6183345913887024 14976
1751466877545 0.6309223771095276 14977
1751466878898 0.8551403284072876 14978
1751466880167 0.9358997344970703 14979
1751466881478 0.9990633130073547 14980
1751466882920 0.5775389075279236 14981
1751466884497 0.5664324164390564 14982
1751466885830 0.23509517312049866 14983
1751466887131 0.8140667676925659 14984
1751466888521 1.4616687297821045 14985
1751466889844 1.40394926071167 14986
1751466891178 0.4284355044364929 14987
1751466892413 1.5860331058502197 14988
1751466894055 0.7091714143753052 14989
1751466895361 0.22107768058776855 14990
1751466896732 0.4969691038131714 14991
1751466898050 0.3265179395675659 14992
1751466899389 0.6656163930892944 14993
1751466900671 0.848545253276825 14994
1751466902232 0.5801576972007751 14995
1751466903560 0.6985713839530945 14996
1751466904865 0.5857239961624146 14997
1751466906204 0.953842043876648 14998
1751466907530 0.0817306861281395 14999
1751466908887 0.7445436716079712 15000
1751466910234 0.7507502436637878 15001
1751466911828 0.5565963983535767 15002
1751466913157 0.573738157749176 15003
1751466914430 0.7604465484619141 15004
1751466915766 0.5384527444839478 15005
1751466917158 0.882220983505249 15006
1751466918511 0.5765937566757202 15007
1751466919815 0.6159290075302124 15008
1751466921355 0.9656269550323486 15009
1751466922629 0.36433786153793335 15010
1751466923926 0.5269551277160645 15011
1751466925197 0.5423665642738342 15012
1751466926486 0.7474923133850098 15013
1751466927845 0.9693784713745117 15014
1751466929156 1.6317726373672485 15015
1751466930729 0.6116522550582886 15016
1751466932006 0.6151890158653259 15017
1751466933300 0.9073085784912109 15018
1751466934636 0.6896443367004395 15019
1751466935971 0.7680625319480896 15020
1751466937329 0.6681873798370361 15021
1751466938615 1.0056426525115967 15022
1751466940172 1.1095508337020874 15023
1751466941473 0.6633886694908142 15024
1751466942785 0.5705534815788269 15025
1751466944089 0.9694193601608276 15026
1751466945445 0.6166275143623352 15027
1751466946720 0.4398636221885681 15028
1751466948069 1.1732850074768066 15029
1751466949762 0.8710987567901611 15030
1751466951027 1.7960121631622314 15031
1751466952446 0.8380687236785889 15032
1751466953774 0.7381094694137573 15033
1751466955126 0.7053543329238892 15034
1751466956503 1.3311636447906494 15035
1751466957948 0.5474545955657959 15036
1751466959534 0.6174107193946838 15037
1751466960889 0.6546913981437683 15038
1751466962299 0.40448397397994995 15039
1751466963633 0.867848813533783 15040
1751466965070 0.6649527549743652 15041
1751466966441 0.790549635887146 15042
1751466967744 1.1425089836120605 15043
1751466969305 1.448439359664917 15044
1751466970655 0.9336960315704346 15045
1751466971980 0.862738847732544 15046
1751466973317 0.6420099139213562 15047
1751466974659 0.5218825340270996 15048
1751466976007 0.8438491225242615 15049
1751466977312 0.8019092679023743 15050
1751466978873 0.5810551643371582 15051
1751466980203 2.007340908050537 15052
1751466981549 0.5619568824768066 15053
1751466982946 0.7733529210090637 15054
1751466984324 1.0104782581329346 15055
1751466985619 0.08616655319929123 15056
1751466987013 0.8999509215354919 15057
1751466988617 0.6631324291229248 15058
1751466989936 0.9851690530776978 15059
1751466991247 0.5153825879096985 15060
1751466992589 0.6830347776412964 15061
1751466993901 0.8546022176742554 15062
1751466995239 0.9006047248840332 15063
1751466996802 0.7771281599998474 15064
1751466998097 0.6018190979957581 15065
1751466999501 0.6302505731582642 15066
1751467000836 0.6038234233856201 15067
1751467002153 0.4808475077152252 15068
1751467003471 1.0659981966018677 15069
1751467004864 0.4738840162754059 15070
1751467006434 0.8911862373352051 15071
1751467007719 1.7746272087097168 15072
1751467009007 0.8074911832809448 15073
1751467010356 0.6571228504180908 15074
1751467011694 0.6346303820610046 15075
1751467013005 0.7778744697570801 15076
1751467014362 0.7973721027374268 15077
1751467015909 0.9411313533782959 15078
1751467017295 1.3604460954666138 15079
1751467018637 0.8312299847602844 15080
1751467019949 0.6506226658821106 15081
1751467021281 0.9100750684738159 15082
1751467022579 0.5332953929901123 15083
1751467023913 0.8092163801193237 15084
1751467025457 1.839668869972229 15085
1751467026812 0.03747463971376419 15086
1751467028187 0.6735619306564331 15087
1751467029612 0.9828875064849854 15088
1751467031008 1.0463664531707764 15089
1751467032470 0.8616833686828613 15090
1751467033870 0.6813328266143799 15091
1751467035453 0.4428793787956238 15092
1751467036863 0.7959969639778137 15093
1751467038197 1.0856257677078247 15094
1751467039586 0.6132656335830688 15095
1751467040977 0.8449403643608093 15096
1751467042314 0.9077569246292114 15097
1751467043630 0.6946479082107544 15098
1751467045128 1.9722379446029663 15099
1751467046535 0.4912883937358856 15100
1751467047814 0.37061113119125366 15101
1751467049066 1.4418188333511353 15102
1751467050393 0.7697572708129883 15103
1751467051736 0.6554152965545654 15104
1751467053091 0.46596747636795044 15105
1751467054810 0.8076015710830688 15106
1751467056216 0.7314339876174927 15107
1751467057631 0.9138684272766113 15108
1751467058948 1.0065550804138184 15109
1751467060302 0.7790615558624268 15110
1751467061636 0.12976309657096863 15111
1751467062980 0.6855588555335999 15112
1751467064534 0.9379302263259888 15113
1751467065850 1.4749034643173218 15114
1751467067246 1.005991816520691 15115
1751467068705 0.7108043432235718 15116
1751467070071 0.682669997215271 15117
1751467071455 0.6608889102935791 15118
1751467073099 0.9461988806724548 15119
1751467074447 0.9289670586585999 15120
1751467075897 1.04475736618042 15121
1751467077289 1.2446255683898926 15122
1751467078698 0.3651770055294037 15123
1751467079989 2.763648271560669 15124
1751467081362 1.443223237991333 15125
1751467082963 0.3071126341819763 15126
1751467084307 0.5401033759117126 15127
1751467085661 1.1806442737579346 15128
1751467086998 0.8943554759025574 15129
1751467088397 1.119291067123413 15130
1751467089664 0.7950950860977173 15131
1751467091094 0.6859387755393982 15132
1751467092746 0.8950667977333069 15133
1751467094075 0.5667238235473633 15134
1751467095473 0.6667108535766602 15135
1751467096761 0.7545980215072632 15136
1751467098174 0.9492853283882141 15137
1751467099524 0.6038097739219666 15138
1751467101128 0.37500637769699097 15139
1751467102428 0.7387055158615112 15140
1751467103855 0.8924165964126587 15141
1751467105173 1.0055900812149048 15142
1751467106610 1.2105779647827148 15143
1751467108085 0.6719707250595093 15144
1751467109399 0.5123797059059143 15145
1751467111066 0.672355055809021 15146
1751467112406 0.542641818523407 15147
1751467113756 0.902966320514679 15148
1751467115177 0.8727059960365295 15149
1751467116472 0.901222825050354 15150
1751467117793 0.5519318580627441 15151
1751467119111 0.5849558115005493 15152
1751467120788 0.7264664769172668 15153
1751467122132 0.6521774530410767 15154
1751467123531 0.6321572661399841 15155
1751467124860 0.6377397775650024 15156
1751467126211 0.6604894995689392 15157
1751467127523 1.2778894901275635 15158
1751467128794 0.5019920468330383 15159
1751467130354 0.7734488248825073 15160
1751467131727 0.8320777416229248 15161
1751467133087 0.68393474817276 15162
1751467134484 0.8519489765167236 15163
1751467135795 0.5813988447189331 15164
1751467137107 0.8728688955307007 15165
1751467138704 0.8974697589874268 15166
1751467140013 0.7490766048431396 15167
1751467141335 1.0442506074905396 15168
1751467142659 0.6877893805503845 15169
1751467143951 1.0737078189849854 15170
1751467145358 1.2159279584884644 15171
1751467146722 0.48795992136001587 15172
1751467148321 0.9556270241737366 15173
1751467149607 0.9561660885810852 15174
1751467150904 0.8676402568817139 15175
1751467152295 0.648981511592865 15176
1751467153741 0.537592887878418 15177
1751467155012 0.040009647607803345 15178
1751467156625 1.009812355041504 15179
1751467158074 0.6814190149307251 15180
1751467159454 1.3124077320098877 15181
1751467160823 1.0319287776947021 15182
1751467162303 0.6994951963424683 15183
1751467163677 0.9719693660736084 15184
1751467164997 0.6871383190155029 15185
1751467166592 0.8845334053039551 15186
1751467168046 1.0228347778320312 15187
1751467169347 1.0871789455413818 15188
1751467170721 0.9653146266937256 15189
1751467172149 0.8760343790054321 15190
1751467173510 0.658560037612915 15191
1751467174933 0.20320992171764374 15192
1751467176514 1.05581796169281 15193
1751467177909 0.7849642038345337 15194
1751467179334 0.7154103517532349 15195
1751467180724 0.9468430280685425 15196
1751467182129 1.1141152381896973 15197
1751467183519 0.5493398904800415 15198
1751467184874 0.6669684052467346 15199
1751467186480 0.6427194476127625 15200
1751467187768 0.5718822479248047 15201
1751467189181 1.1910213232040405 15202
1751467190478 0.4471580386161804 15203
1751467191724 0.6972514986991882 15204
1751467193012 1.3646036386489868 15205
1751467194611 0.7552093267440796 15206
1751467195971 0.6239343881607056 15207
1751467197299 0.12092719972133636 15208
1751467198654 1.1453428268432617 15209
1751467200006 0.5818302631378174 15210
1751467201363 0.5978845357894897 15211
1751467202774 0.74775630235672 15212
1751467204275 0.2588834762573242 15213
1751467205668 0.5170832276344299 15214
1751467207009 0.5519946813583374 15215
1751467208352 1.144494891166687 15216
1751467209628 0.6060433387756348 15217
1751467210988 1.2807247638702393 15218
1751467212324 1.3598066568374634 15219
1751467213935 0.5730563998222351 15220
1751467215331 0.8085393309593201 15221
1751467216673 0.7649164199829102 15222
1751467218083 0.9340029954910278 15223
1751467219771 0.7527560591697693 15224
1751467221603 0.8068909049034119 15225
1751467223141 0.22223199903964996 15226
1751467224486 0.5247851610183716 15227
1751467225851 0.1718592792749405 15228
1751467227119 0.5478882789611816 15229
1751467228445 0.32442331314086914 15230
1751467229776 2.8929948806762695 15231
1751467231032 0.6785570979118347 15232
1751467232604 0.6539133191108704 15233
1751467234002 0.835526168346405 15234
1751467235342 0.553230345249176 15235
1751467236604 1.7054768800735474 15236
1751467237921 0.3317776620388031 15237
1751467239315 0.6693705916404724 15238
1751467240715 0.6261640191078186 15239
1751467242366 0.3769919276237488 15240
1751467243712 1.2204610109329224 15241
1751467245032 0.6636308431625366 15242
1751467246372 0.5279850959777832 15243
1751467247723 1.4382878541946411 15244
1751467249060 0.6316961050033569 15245
1751467250433 0.45742055773735046 15246
1751467251998 1.1199159622192383 15247
1751467253312 0.7462623715400696 15248
1751467254749 0.7034894227981567 15249
1751467256093 0.7392407655715942 15250
1751467257454 0.42228055000305176 15251
1751467258735 1.9073659181594849 15252
1751467260365 1.6968988180160522 15253
1751467261769 0.7495424151420593 15254
1751467263096 1.505096435546875 15255
1751467264439 0.8774709701538086 15256
1751467265739 1.0873823165893555 15257
1751467267111 0.6055848598480225 15258
1751467268499 0.7944167852401733 15259
1751467270015 0.49588796496391296 15260
1751467271360 1.3393610715866089 15261
1751467272713 0.7226271629333496 15262
1751467274086 0.7585346698760986 15263
1751467275360 0.4776841104030609 15264
1751467276676 0.8371037244796753 15265
1751467278001 1.0586636066436768 15266
1751467279662 1.2294963598251343 15267
1751467281009 0.7644886374473572 15268
1751467282296 0.722917914390564 15269
1751467283611 1.0309994220733643 15270
1751467284983 0.9987200498580933 15271
1751467286271 0.7299509048461914 15272
1751467287912 0.891598105430603 15273
1751467289207 1.3229880332946777 15274
1751467290543 0.4819302558898926 15275
1751467291901 0.4556426405906677 15276
1751467293212 0.6547622680664062 15277
1751467294542 0.48964250087738037 15278
1751467295850 0.428091824054718 15279
1751467297438 1.3734022378921509 15280
1751467298803 0.7079353928565979 15281
1751467300135 0.7914031744003296 15282
1751467301460 0.5923677682876587 15283
1751467302837 0.6655533909797668 15284
1751467304189 1.001725435256958 15285
1751467305499 0.6596114635467529 15286
1751467307175 0.7157884836196899 15287
1751467308527 0.9908291697502136 15288
1751467309961 1.4505927562713623 15289
1751467311269 0.4908468723297119 15290
1751467312580 0.8638971447944641 15291
1751467313964 1.092695951461792 15292
1751467315596 0.548732578754425 15293
1751467316908 0.6165046691894531 15294
1751467318246 0.6606566905975342 15295
1751467319619 0.8360201120376587 15296
1751467320933 0.5633218288421631 15297
1751467322322 0.7052059173583984 15298
1751467323600 0.9393866062164307 15299
1751467325152 0.7708930969238281 15300
1751467326474 0.5875728130340576 15301
1751467327808 0.9559338092803955 15302
1751467329112 0.6390213966369629 15303
1751467330470 0.7547338008880615 15304
1751467331839 0.9460607171058655 15305
1751467333214 0.4605947434902191 15306
1751467334819 1.0154118537902832 15307
1751467336139 0.6881277561187744 15308
1751467337496 0.6216035485267639 15309
1751467338843 1.1845858097076416 15310
1751467340140 0.12081928551197052 15311
1751467341490 1.04776930809021 15312
1751467343035 0.9604505300521851 15313
1751467344437 0.8825623989105225 15314
1751467345718 0.5649529695510864 15315
1751467347055 0.8838682174682617 15316
1751467348369 0.6985576152801514 15317
1751467349677 0.21331460773944855 15318
1751467351022 0.7208049297332764 15319
1751467352711 0.7898207902908325 15320
1751467354035 0.9815045595169067 15321
1751467355413 0.4211024045944214 15322
1751467356804 0.773378312587738 15323
1751467358173 0.18229739367961884 15324
1751467359503 0.6045674681663513 15325
1751467360839 0.7569624781608582 15326
1751467362451 0.7014358639717102 15327
1751467363786 0.8644143342971802 15328
1751467365161 0.7431086897850037 15329
1751467366533 0.5499064326286316 15330
1751467367880 0.6399931907653809 15331
1751467369169 0.8337158560752869 15332
1751467370588 0.22193513810634613 15333
1751467372171 0.959018349647522 15334
1751467373493 0.6721796989440918 15335
1751467374817 0.36871373653411865 15336
1751467376165 2.816098213195801 15337
1751467377427 1.5327693223953247 15338
1751467378720 0.5503655672073364 15339
1751467380306 0.9175875782966614 15340
1751467381624 0.850814700126648 15341
1751467382912 1.310407042503357 15342
1751467384276 0.7667217254638672 15343
1751467385565 0.5838197469711304 15344
1751467386889 0.5260753631591797 15345
1751467388228 0.5564501285552979 15346
1751467389810 0.6337352991104126 15347
1751467391082 0.7978616952896118 15348
1751467392482 0.46142780780792236 15349
1751467393902 0.5991718173027039 15350
1751467395215 0.618655264377594 15351
1751467396559 0.5051248073577881 15352
1751467397878 0.5759733319282532 15353
1751467399525 1.4929612874984741 15354
1751467400885 0.9287676811218262 15355
1751467402208 0.8497616052627563 15356
1751467403595 0.6998647451400757 15357
1751467404926 1.2574763298034668 15358
1751467406289 0.7063525915145874 15359
1751467407594 0.8253172636032104 15360
1751467409182 1.374240517616272 15361
1751467410548 0.8051215410232544 15362
1751467412441 0.6918026208877563 15363
1751467413824 2.0364866256713867 15364
1751467415212 0.3572012484073639 15365
1751467416510 1.1078968048095703 15366
1751467418138 0.6388861536979675 15367
1751467419617 0.830747663974762 15368
1751467420962 2.823436737060547 15369
1751467422376 0.6120538711547852 15370
1751467423833 1.0889523029327393 15371
1751467425161 0.15514829754829407 15372
1751467426513 0.7987484335899353 15373
1751467428134 0.7339524030685425 15374
1751467429537 1.5897891521453857 15375
1751467430860 0.49517062306404114 15376
1751467432120 0.824626088142395 15377
1751467433482 1.0209615230560303 15378
1751467434794 0.967245876789093 15379
1751467436103 0.7919025421142578 15380
1751467437719 0.7448238134384155 15381
1751467439093 1.075798511505127 15382
1751467440473 1.3932777643203735 15383
1751467441917 0.48470592498779297 15384
1751467443281 0.8854883909225464 15385
1751467444635 0.28172045946121216 15386
1751467446074 0.8258483409881592 15387
1751467447620 0.8492918014526367 15388
1751467449007 1.155637264251709 15389
1751467450351 0.8366908431053162 15390
1751467451691 0.43976837396621704 15391
1751467453083 0.5860217213630676 15392
1751467454431 0.5220924019813538 15393
1751467456053 0.5826476216316223 15394
1751467457438 0.7721974849700928 15395
1751467458798 0.6782845258712769 15396
1751467460168 0.5025464296340942 15397
1751467461510 0.7871272563934326 15398
1751467462809 0.3842248320579529 15399
1751467464017 1.1407667398452759 15400
1751467465586 0.6121441721916199 15401
1751467466972 1.339669108390808 15402
1751467468318 0.7737051844596863 15403
1751467469710 1.1273844242095947 15404
1751467471030 1.2681703567504883 15405
1751467472325 0.7357010841369629 15406
1751467473730 0.5090216398239136 15407
1751467475357 0.06847183406352997 15408
1751467476677 0.9345442652702332 15409
1751467477992 0.9672258496284485 15410
1751467479326 1.242469310760498 15411
1751467481210 0.5862828493118286 15412
1751467482617 0.712131917476654 15413
1751467483990 1.0233451128005981 15414
1751467485572 1.3153295516967773 15415
1751467486893 0.7685378193855286 15416
1751467488246 0.6814476251602173 15417
1751467489659 0.9439594745635986 15418
1751467491012 0.7705404758453369 15419
1751467492395 0.9986860156059265 15420
1751467493973 1.0243549346923828 15421
1751467495278 0.5856710076332092 15422
1751467496646 0.5516103506088257 15423
1751467498012 0.7252463102340698 15424
1751467499318 1.7943440675735474 15425
1751467500717 0.45487546920776367 15426
1751467502061 0.44483235478401184 15427
1751467503781 0.8426055312156677 15428
1751467505064 1.4202866554260254 15429
1751467506395 0.11449626088142395 15430
1751467507710 0.6988714933395386 15431
1751467509110 0.9994696974754333 15432
1751467510460 0.5980474948883057 15433
1751467511764 0.6101089715957642 15434
1751467513342 0.9289045333862305 15435
1751467514837 0.4332846403121948 15436
1751467516149 0.5902590751647949 15437
1751467517515 0.7284501791000366 15438
1751467518891 0.8707752227783203 15439
1751467520263 0.9738687872886658 15440
1751467521612 0.5230931639671326 15441
1751467523177 0.5211752653121948 15442
1751467524501 0.6214578151702881 15443
1751467525861 1.3445942401885986 15444
1751467527249 1.0853079557418823 15445
1751467528577 1.2512786388397217 15446
1751467529962 0.7644134759902954 15447
1751467531430 0.7990221977233887 15448
1751467533160 0.7009565830230713 15449
1751467534503 0.45712363719940186 15450
1751467535799 0.62440025806427 15451
1751467537153 0.31658127903938293 15452
1751467538547 1.1433618068695068 15453
1751467539896 1.107848882675171 15454
1751467541213 1.1630325317382812 15455
1751467542825 0.4047089219093323 15456
1751467544289 0.6617332696914673 15457
1751467545633 0.1316547840833664 15458
1751467546930 0.44613081216812134 15459
1751467549150 0.6513230204582214 15460
1751467550426 0.7716377377510071 15461
1751467552045 0.8895888328552246 15462
1751467553401 0.7552520036697388 15463
1751467554788 1.1093575954437256 15464
1751467556112 0.5327297449111938 15465
1751467557421 3.689398765563965 15466
1751467559456 0.8676417469978333 15467
1751467560787 0.5651420950889587 15468
1751467562385 1.3450928926467896 15469
1751467563653 1.241384506225586 15470
1751467564987 1.4106460809707642 15471
1751467566340 0.822141170501709 15472
1751467567663 0.4323410391807556 15473
1751467568955 1.4359289407730103 15474
1751467570604 0.9022083282470703 15475
1751467571925 1.076512098312378 15476
1751467573305 0.5217611193656921 15477
1751467574770 0.7614130973815918 15478
1751467576052 0.8585275411605835 15479
1751467577361 0.6544749736785889 15480
1751467578849 1.9690062999725342 15481
1751467580769 0.7550599575042725 15482
1751467582104 0.642581582069397 15483
1751467583435 0.6990288496017456 15484
1751467584802 0.19474294781684875 15485
1751467586122 0.7918791770935059 15486
1751467587513 0.6647517085075378 15487
1751467589072 0.7989591956138611 15488
1751467590413 0.5710229873657227 15489
1751467591824 0.8037928938865662 15490
1751467593195 0.7310541868209839 15491
1751467594696 0.9731278419494629 15492
1751467596217 0.614198625087738 15493
1751467597608 0.4350586533546448 15494
1751467599255 0.4854695796966553 15495
1751467600728 0.399193674325943 15496
1751467602056 0.7128185033798218 15497
1751467603389 0.23888437449932098 15498
1751467604739 0.42065417766571045 15499
1751467606051 0.5381520986557007 15500
1751467607613 0.7729935646057129 15501
1751467609032 0.879946231842041 15502
1751467610436 0.5189639329910278 15503
1751467612085 0.7934055924415588 15504
1751467613435 0.8778577446937561 15505
1751467614791 1.0777521133422852 15506
1751467616097 0.6189485788345337 15507
1751467617669 0.9789143800735474 15508
1751467619739 0.6520081162452698 15509
1751467621083 1.1151864528656006 15510
1751467622463 0.8173165321350098 15511
1751467623886 1.3173885345458984 15512
1751467625272 0.3556819558143616 15513
1751467626650 1.1332100629806519 15514
1751467628223 0.77817702293396 15515
1751467629608 0.7698193788528442 15516
1751467630975 1.8437223434448242 15517
1751467632359 0.6517468094825745 15518
1751467633736 0.5652781128883362 15519
1751467635195 0.6470264196395874 15520
1751467636757 0.780441403388977 15521
1751467638109 0.8160337209701538 15522
1751467639567 1.0077283382415771 15523
1751467640967 2.624483585357666 15524
1751467642307 0.789771318435669 15525
1751467643596 0.9093891382217407 15526
1751467645561 0.4548339247703552 15527
1751467647118 0.6079105138778687 15528
1751467648578 0.6157846450805664 15529
1751467650096 0.4221794903278351 15530
1751467651410 0.5216549038887024 15531
1751467652840 0.600195050239563 15532
1751467655058 1.2167761325836182 15533
1751467656700 1.4184767007827759 15534
1751467658026 0.7674365043640137 15535
1751467659373 0.8911486268043518 15536
1751467660708 0.7393481731414795 15537
1751467662078 0.7379783391952515 15538
1751467663383 0.5300801992416382 15539
1751467664654 0.5442758798599243 15540
1751467666290 0.9046240448951721 15541
1751467667564 0.9685750007629395 15542
1751467668933 0.44264066219329834 15543
1751467670259 0.7313714027404785 15544
1751467671610 0.8911659717559814 15545
1751467673040 0.5142171382904053 15546
1751467674695 0.7130632400512695 15547
1751467676001 0.3439165949821472 15548
1751467677274 0.8333640694618225 15549
1751467678568 0.6815668344497681 15550
1751467679798 0.5718048810958862 15551
1751467681150 0.6186521649360657 15552
1751467682457 0.6658347845077515 15553
1751467684077 0.8069864511489868 15554
1751467685470 0.694638729095459 15555
1751467686804 0.9917911887168884 15556
1751467688228 0.5009015798568726 15557
1751467689547 0.6355139017105103 15558
1751467691576 0.5552207827568054 15559
1751467693214 0.7708828449249268 15560
1751467694537 1.4556269645690918 15561
1751467695891 0.9703322649002075 15562
1751467697314 0.546264111995697 15563
1751467698637 0.6152074933052063 15564
1751467699942 0.7787572741508484 15565
1751467701875 0.8747347593307495 15566
1751467703648 0.5362656116485596 15567
1751467705000 0.21646180748939514 15568
1751467706373 0.7213377356529236 15569
1751467707620 0.7043267488479614 15570
1751467708984 0.5713137984275818 15571
1751467710348 0.8182485699653625 15572
1751467711972 1.019834041595459 15573
1751467713344 0.14802344143390656 15574
1751467714608 0.8843263387680054 15575
1751467715991 0.7596070766448975 15576
1751467717632 0.6173198223114014 15577
1751467718988 1.5627590417861938 15578
1751467720560 0.8037008047103882 15579
1751467721892 0.8287533521652222 15580
1751467723194 0.6672117710113525 15581
1751467724526 0.6841349601745605 15582
1751467725853 0.7697435021400452 15583
1751467727230 0.4715331792831421 15584
1751467728524 1.4484682083129883 15585
1751467730222 0.80820631980896 15586
1751467731661 0.9993446469306946 15587
1751467733094 0.3773721158504486 15588
1751467734405 0.6580432653427124 15589
1751467735815 0.7714831829071045 15590
1751467737181 1.064161777496338 15591
1751467739105 1.0668563842773438 15592
1751467740774 2.375317335128784 15593
1751467742971 0.7133646011352539 15594
1751467744370 0.5845263004302979 15595
1751467745705 0.59904944896698 15596
1751467747118 0.6901845335960388 15597
1751467748450 0.6495040655136108 15598
1751467750148 1.0231578350067139 15599
1751467751417 0.6911210417747498 15600
1751467752692 0.6632996797561646 15601
1751467754052 0.7592700123786926 15602
1751467755367 0.8407348394393921 15603
1751467756687 0.5409802198410034 15604
1751467758063 0.532731831073761 15605
1751467759714 0.4031636416912079 15606
1751467761115 0.6709625124931335 15607
1751467762381 1.0535823106765747 15608
1751467763757 0.9778422117233276 15609
1751467765079 0.765698254108429 15610
1751467766372 1.014143705368042 15611
1751467767928 0.5868682265281677 15612
1751467769238 1.570919156074524 15613
1751467770631 1.010033369064331 15614
1751467772019 0.5731250047683716 15615
1751467773731 0.9156292676925659 15616
1751467775025 0.7635717391967773 15617
1751467776376 0.903719425201416 15618
1751467777966 0.9085391759872437 15619
1751467779287 1.0845592021942139 15620
1751467780655 0.7030786871910095 15621
1751467782109 1.0644450187683105 15622
1751467783496 0.6955599784851074 15623
1751467784833 0.6902064085006714 15624
1751467786216 0.6234850883483887 15625
1751467787777 0.7170439958572388 15626
1751467789140 0.4302980601787567 15627
1751467790587 0.9018727540969849 15628
1751467791911 0.7420417070388794 15629
1751467793350 0.46548008918762207 15630
1751467794971 0.4716125726699829 15631
1751467796590 0.6686339974403381 15632
1751467797926 1.5508301258087158 15633
1751467799267 1.041623830795288 15634
1751467800578 1.024379014968872 15635
1751467801974 1.522481083869934 15636
1751467803442 1.2232487201690674 15637
1751467804975 0.10607239603996277 15638
1751467806306 0.5464204549789429 15639
1751467807620 1.075810432434082 15640
1751467808958 1.1832566261291504 15641
1751467810282 0.9003338813781738 15642
1751467811658 0.7089059352874756 15643
1751467812982 0.7075471878051758 15644
1751467814807 1.385442852973938 15645
1751467816643 1.3502070903778076 15646
1751467817967 0.7168200612068176 15647
1751467819466 0.8445720672607422 15648
1751467820776 0.8415399789810181 15649
1751467822169 0.0408792570233345 15650
1751467823521 0.9419445991516113 15651
1751467825218 1.603868007659912 15652
1751467826568 0.28562670946121216 15653
1751467827888 1.1300619840621948 15654
1751467829245 0.5490604639053345 15655
1751467830582 0.5989214181900024 15656
1751467831905 1.3666105270385742 15657
1751467833497 1.4998468160629272 15658
1751467834851 0.5863675475120544 15659
1751467836253 0.4729374647140503 15660
1751467838151 0.7148082256317139 15661
1751467839546 0.45951899886131287 15662
1751467840908 0.8763634562492371 15663
1751467842258 0.7527227401733398 15664
1751467843807 0.7902497053146362 15665
1751467845268 0.601379930973053 15666
1751467846665 1.0009855031967163 15667
1751467848260 0.9126206636428833 15668
1751467849578 0.7695596814155579 15669
1751467850998 0.6402705907821655 15670
1751467852592 0.9274052381515503 15671
1751467853928 0.9334920644760132 15672
1751467855258 0.5441125631332397 15673
1751467856604 1.0621111392974854 15674
1751467857936 0.754457950592041 15675
1751467859844 0.951831579208374 15676
1751467861195 0.6419091820716858 15677
1751467862872 0.49594172835350037 15678
1751467864256 0.20105169713497162 15679
1751467865556 0.5769389867782593 15680
1751467866931 0.4711081385612488 15681
1751467868305 0.584869384765625 15682
1751467869697 0.4514264762401581 15683
1751467871333 0.6398316621780396 15684
1751467872729 0.46158334612846375 15685
1751467874029 0.7735259532928467 15686
1751467876042 0.7114119529724121 15687
1751467877472 1.2445566654205322 15688
1751467878780 0.8048204183578491 15689
1751467880145 0.49988842010498047 15690
1751467881793 0.5234840512275696 15691
1751467883291 0.6711161136627197 15692
1751467884834 0.5622514486312866 15693
1751467886320 0.6095011830329895 15694
1751467887807 1.0510361194610596 15695
1751467889346 2.0153071880340576 15696
1751467891661 0.39720094203948975 15697
1751467893104 2.0317792892456055 15698
1751467894890 0.4447474777698517 15699
1751467896503 0.6940915584564209 15700
1751467897944 0.7960823774337769 15701
1751467899382 1.0637295246124268 15702
1751467900915 0.680529773235321 15703
1751467902671 0.8117042779922485 15704
1751467904012 2.4650096893310547 15705
1751467905363 0.9227968454360962 15706
1751467906644 0.6665942668914795 15707
1751467908026 0.7383120656013489 15708
1751467909343 0.7904764413833618 15709
1751467912703 0.6592149138450623 15710
1751467914035 1.053247094154358 15711
1751467915606 0.5705175399780273 15712
1751467916961 0.28216466307640076 15713
1751467918309 0.8962514996528625 15714
1751467919686 0.09664050489664078 15715
1751467922307 0.38871902227401733 15716
1751467924607 0.7529119253158569 15717
1751467925977 0.502536416053772 15718
1751467927441 0.6663506031036377 15719
1751467928773 0.4994468688964844 15720
1751467930080 0.6690373420715332 15721
1751467931533 0.540943443775177 15722
1751467933200 1.1610665321350098 15723
1751467934679 0.7252411842346191 15724
1751467936298 0.961216926574707 15725
1751467937709 0.43594756722450256 15726
1751467939042 0.8792479038238525 15727
1751467940355 1.4272611141204834 15728
1751467941937 0.522667407989502 15729
1751467943267 0.723455011844635 15730
1751467944615 0.8425860404968262 15731
1751467946331 1.1789748668670654 15732
1751467947706 0.7560752630233765 15733
1751467949083 0.9389907121658325 15734
1751467950368 0.730895459651947 15735
1751467951900 0.8166514039039612 15736
1751467953218 1.2706100940704346 15737
1751467954668 0.46231788396835327 15738
1751467956008 1.0443885326385498 15739
1751467957384 1.6130168437957764 15740
1751467958769 0.8209668397903442 15741
1751467960100 1.9836804866790771 15742
1751467961694 0.5635025501251221 15743
1751467963023 0.5244607329368591 15744
1751467964441 0.8563851714134216 15745
1751467965838 1.194431185722351 15746
1751467967160 0.5844853520393372 15747
1751467968529 0.7396447062492371 15748
1751467970045 0.7676644325256348 15749
1751467971294 1.1899135112762451 15750
1751467973193 0.5157812833786011 15751
1751467974571 1.486982822418213 15752
1751467975930 0.6416571736335754 15753
1751467977262 1.094822883605957 15754
1751467978799 1.049239158630371 15755
1751467980135 0.8724848031997681 15756
1751467981435 0.7466428875923157 15757
1751467982753 1.8826370239257812 15758
1751467984085 0.6218544244766235 15759
1751467985463 1.5808141231536865 15760
1751467986818 0.45302194356918335 15761
1751467988433 0.6396250128746033 15762
1751467989757 0.3572806715965271 15763
1751467991071 0.7821675539016724 15764
1751467992439 0.9188961386680603 15765
1751467994226 0.5053425431251526 15766
1751467995517 0.6624583005905151 15767
1751467996746 0.7968922853469849 15768
1751467998441 0.7427057027816772 15769
1751467999728 0.5933820009231567 15770
1751468001108 0.9212772846221924 15771
1751468002459 1.020431399345398 15772
1751468004153 0.6836177706718445 15773
1751468005428 0.9178248643875122 15774
1751468007073 0.483196884393692 15775
1751468008395 0.8844629526138306 15776
1751468009857 0.7919081449508667 15777
1751468011254 0.6463332176208496 15778
1751468012635 0.739869236946106 15779
1751468013901 0.39038586616516113 15780
1751468015286 0.6188187599182129 15781
1751468016942 0.86049485206604 15782
1751468018216 0.8551763892173767 15783
1751468019480 0.835545539855957 15784
1751468020781 0.7005589008331299 15785
1751468022055 0.26238900423049927 15786
1751468023328 0.4838666319847107 15787
1751468025557 0.8219396471977234 15788
1751468026926 0.611628532409668 15789
1751468028283 0.8403917551040649 15790
1751468029643 0.47865867614746094 15791
1751468030989 0.2808462381362915 15792
1751468032271 0.6542831659317017 15793
1751468033646 1.2261673212051392 15794
1751468035291 1.1022236347198486 15795
1751468036606 0.11770252883434296 15796
1751468037886 0.8525478839874268 15797
1751468039305 1.0706268548965454 15798
1751468040692 0.4611152410507202 15799
1751468042031 1.3848360776901245 15800
1751468043648 0.38789665699005127 15801
1751468045013 0.5867552757263184 15802
1751468046956 0.7899007201194763 15803
1751468048292 0.4066017270088196 15804
1751468049641 0.931206464767456 15805
1751468051060 0.9143707156181335 15806
1751468052703 0.8748888969421387 15807
1751468054110 0.5087214112281799 15808
1751468055512 0.7860409021377563 15809
1751468057122 0.7002543807029724 15810
1751468058560 0.5487363338470459 15811
1751468060027 0.6200727820396423 15812
1751468061577 1.0073977708816528 15813
1751468063463 0.6126853823661804 15814
1751468064837 0.4581335783004761 15815
1751468066337 0.5521240234375 15816
1751468067693 0.5696322917938232 15817
1751468069110 0.7257589101791382 15818
1751468070593 0.5810782313346863 15819
1751468072473 0.6444810628890991 15820
1751468074069 0.6425485610961914 15821
1751468075485 0.5532829761505127 15822
1751468077010 0.6378262639045715 15823
1751468079057 0.7743786573410034 15824
1751468080440 1.0782415866851807 15825
1751468082225 0.49307602643966675 15826
1751468084144 1.3007855415344238 15827
1751468085490 0.9057940244674683 15828
1751468086882 0.5574976205825806 15829
1751468088213 1.347898006439209 15830
1751468089592 2.2552409172058105 15831
1751468090963 0.9946305155754089 15832
1751468092633 0.7854213714599609 15833
1751468094431 0.5676355361938477 15834
1751468095821 0.6288048028945923 15835
1751468097165 0.14460968971252441 15836
1751468098531 0.9205589294433594 15837
1751468100364 0.969196081161499 15838
1751468102074 0.618384599685669 15839
1751468103484 0.4913294017314911 15840
1751468104793 0.9358891248703003 15841
1751468106024 1.1873068809509277 15842
1751468107397 0.4287596344947815 15843
1751468108908 0.7625433802604675 15844
1751468110474 0.3999278247356415 15845
1751468111794 0.5903788805007935 15846
1751468113188 0.9491798877716064 15847
1751468114543 0.7665215730667114 15848
1751468115805 0.5872237682342529 15849
1751468117295 1.0176403522491455 15850
1751468118667 0.376203715801239 15851
1751468120232 0.6065502166748047 15852
1751468122399 0.8424400091171265 15853
1751468123662 1.2260725498199463 15854
1751468124949 0.892305314540863 15855
1751468126527 0.7357229590415955 15856
1751468127912 1.2057342529296875 15857
1751468129565 0.514340341091156 15858
1751468130964 0.5104196071624756 15859
1751468132422 1.2415270805358887 15860
1751468133696 0.8519092798233032 15861
1751468134981 0.8459540605545044 15862
1751468136336 0.24518831074237823 15863
1751468137873 0.5421286225318909 15864
1751468139641 0.7490551471710205 15865
1751468141011 0.7989704608917236 15866
1751468142438 1.381455898284912 15867
1751468143764 2.680243492126465 15868
1751468145235 0.7519577145576477 15869
1751468146607 0.7301982045173645 15870
1751468148377 0.6633546352386475 15871
1751468150107 1.0596240758895874 15872
1751468151457 0.3161439895629883 15873
1751468152792 0.7631217241287231 15874
1751468154417 0.7844599485397339 15875
1751468155722 0.7290061712265015 15876
1751468157406 0.6575499773025513 15877
1751468158772 0.6360071301460266 15878
1751468160730 1.0140302181243896 15879
1751468162046 0.5962985157966614 15880
1751468163349 0.8299865126609802 15881
1751468164663 1.201946496963501 15882
1751468166059 0.84222412109375 15883
1751468167722 0.7518782615661621 15884
1751468169086 1.2554349899291992 15885
1751468170760 0.5991215705871582 15886
1751468172016 0.5611315369606018 15887
1751468173349 0.6179594993591309 15888
1751468174625 1.3649630546569824 15889
1751468176443 1.2352088689804077 15890
1751468177797 0.684046745300293 15891
1751468179388 1.2601518630981445 15892
1751468180722 0.6880770921707153 15893
1751468182003 1.264778733253479 15894
1751468183366 0.48586082458496094 15895
1751468184719 0.7932307720184326 15896
1751468187627 0.6305903196334839 15897
1751468189023 1.2993921041488647 15898
1751468190329 1.4214112758636475 15899
1751468191708 0.8770016431808472 15900
1751468193153 0.9447406530380249 15901
1751468194528 0.7203981876373291 15902
1751468196210 1.4206805229187012 15903
1751468197562 0.38997960090637207 15904
1751468198816 0.9112468361854553 15905
1751468200053 0.6934043169021606 15906
1751468201371 0.8611235022544861 15907
1751468202678 1.1318882703781128 15908
1751468204262 0.9425245523452759 15909
1751468205630 0.5874701738357544 15910
1751468206967 1.0179433822631836 15911
1751468208323 1.0508623123168945 15912
1751468209595 1.0471330881118774 15913
1751468211027 1.0304512977600098 15914
1751468212559 0.7945345640182495 15915
1751468214236 0.5472897291183472 15916
1751468215583 0.8027566075325012 15917
1751468216940 0.8210217952728271 15918
1751468218316 0.02702762745320797 15919
1751468219690 0.5066218972206116 15920
1751468221049 0.4164469242095947 15921
1751468223130 1.568345069885254 15922
1751468224567 0.5709959864616394 15923
1751468225903 0.05013839527964592 15924
1751468227203 0.6029000282287598 15925
1751468228484 0.8605148792266846 15926
1751468229841 0.7444765567779541 15927
1751468231126 0.7556138038635254 15928
1751468232901 0.9055759906768799 15929
1751468234285 0.4472697973251343 15930
1751468235568 0.5512515902519226 15931
1751468236905 1.0432991981506348 15932
1751468238170 0.9112515449523926 15933
1751468239442 1.833129644393921 15934
1751468241099 0.8101711273193359 15935
1751468242427 0.781901478767395 15936
1751468243716 0.7897467017173767 15937
1751468244995 0.4696919322013855 15938
1751468246386 0.22978630661964417 15939
1751468247683 0.6346272826194763 15940
1751468249344 0.7858572006225586 15941
1751468250710 0.7022641897201538 15942
1751468252033 0.7655748724937439 15943
1751468253390 0.728489100933075 15944
1751468255336 0.7150512933731079 15945
1751468256757 0.6355271339416504 15946
1751468258122 0.5232793092727661 15947
1751468259718 0.549909234046936 15948
1751468261056 0.610897421836853 15949
1751468262405 0.4982258379459381 15950
1751468263759 0.9097620844841003 15951
1751468265144 1.0243444442749023 15952
1751468266538 0.9119119644165039 15953
1751468268113 0.9560195207595825 15954
1751468269473 0.5261008739471436 15955
1751468270852 0.6641759872436523 15956
1751468272177 0.7932506203651428 15957
1751468273501 0.6775833368301392 15958
1751468274840 0.8351845741271973 15959
1751468276173 1.0395443439483643 15960
1751468277752 0.42050760984420776 15961
1751468279032 0.785908579826355 15962
1751468280379 1.0360195636749268 15963
1751468281719 0.5224597454071045 15964
1751468283038 0.4043131470680237 15965
1751468284379 0.7178918123245239 15966
1751468285915 0.5496194958686829 15967
1751468287252 0.47480031847953796 15968
1751468288600 0.8985116481781006 15969
1751468289925 1.2233002185821533 15970
1751468291296 0.33847665786743164 15971
1751468292673 0.7013005018234253 15972
1751468293945 0.8353071212768555 15973
1751468295538 0.6136043071746826 15974
1751468296963 1.4113388061523438 15975
1751468298906 1.1052353382110596 15976
1751468300250 0.25045275688171387 15977
1751468301619 1.0372662544250488 15978
1751468302982 0.8077797293663025 15979
1751468304670 0.9959927797317505 15980
1751468305977 0.9040782451629639 15981
1751468307261 0.7318812608718872 15982
1751468308551 1.00186288356781 15983
1751468310104 0.6217500567436218 15984
1751468311452 0.5648339986801147 15985
1751468313047 0.5969994068145752 15986
1751468314304 0.5624219179153442 15987
1751468315577 0.9315596222877502 15988
1751468316865 0.5445663928985596 15989
1751468318244 0.8189972043037415 15990
1751468319669 1.0291862487792969 15991
1751468321065 0.933743953704834 15992
1751468322614 0.7316057682037354 15993
1751468323942 0.6091465950012207 15994
1751468325294 0.8224546313285828 15995
1751468326646 1.075576663017273 15996
1751468328047 0.6132155656814575 15997
1751468329437 0.7897450923919678 15998
1751468331656 0.5669177174568176 15999
1751468333045 2.0337653160095215 16000
1751468334326 0.8570083379745483 16001
1751468335667 1.2803282737731934 16002
1751468336993 1.6568949222564697 16003
1751468338302 0.5109690427780151 16004
1751468340009 1.0434752702713013 16005
1751468341826 0.6605268716812134 16006
1751468343153 0.7178393602371216 16007
1751468344434 0.5496293306350708 16008
1751468345764 0.6418381333351135 16009
1751468347107 1.1803627014160156 16010
1751468348502 0.7348507642745972 16011
1751468350128 0.8526399731636047 16012
1751468351414 0.7201507091522217 16013
1751468352925 0.680305004119873 16014
1751468354306 0.5356950163841248 16015
1751468355736 0.14790545403957367 16016
1751468357067 0.5067206025123596 16017
1751468358694 0.6323813796043396 16018
1751468360017 1.2798634767532349 16019
1751468361366 0.695658802986145 16020
1751468363267 0.7640529870986938 16021
1751468364570 0.7156972885131836 16022
1751468365941 0.5051616430282593 16023
1751468367320 0.4941050410270691 16024
1751468368885 0.6354671716690063 16025
1751468370341 0.9825780391693115 16026
1751468371655 0.7601168155670166 16027
1751468373163 0.8489204049110413 16028
1751468374728 1.284125566482544 16029
1751468376073 0.6884792447090149 16030
1751468377679 0.5622636079788208 16031
1751468379008 1.281947374343872 16032
1751468380349 0.5674020051956177 16033
1751468381645 0.3000991642475128 16034
1751468382937 0.47780635952949524 16035
1751468384285 0.5546000003814697 16036
1751468385919 0.7683078050613403 16037
1751468387265 0.8598916530609131 16038
1751468388580 0.45671775937080383 16039
1751468389897 0.6577858924865723 16040
1751468391252 0.7955973148345947 16041
1751468392537 0.5322173833847046 16042
1751468393814 1.3545931577682495 16043
1751468395479 1.1586380004882812 16044
1751468396840 0.6587141752243042 16045
1751468398221 1.035325050354004 16046
1751468399566 0.7542779445648193 16047
1751468400885 0.5545313358306885 16048
1751468402220 0.6639259457588196 16049
1751468403752 0.5972447395324707 16050
1751468405091 0.9319474697113037 16051
1751468406486 0.44750407338142395 16052
1751468407849 0.9476243257522583 16053
1751468409274 0.7533501982688904 16054
1751468410601 1.1720445156097412 16055
1751468411686 2.339733362197876 16056
1751468413040 2.476121425628662 16057
1751468414352 0.48107147216796875 16058
1751468415872 0.6060364842414856 16059
1751468417200 1.2554491758346558 16060
1751468418543 1.6760916709899902 16061
1751468420000 0.6484217047691345 16062
1751468421547 0.8618249893188477 16063
1751468422873 0.507767915725708 16064
1751468424203 1.0860692262649536 16065
1751468425572 0.9173139333724976 16066
1751468426978 0.8260615468025208 16067
1751468428349 1.0128488540649414 16068
1751468430018 0.9898771047592163 16069
1751468431437 2.0407660007476807 16070
1751468432795 0.6028169393539429 16071
1751468434197 0.5359492897987366 16072
1751468435507 0.7574384212493896 16073
1751468436867 0.9081522822380066 16074
1751468438286 0.6534506678581238 16075
1751468439937 0.8676636219024658 16076
1751468441245 0.5749338865280151 16077
1751468442923 0.626613974571228 16078
1751468444383 0.9324909448623657 16079
1751468445754 0.5743392109870911 16080
1751468447154 0.6132388114929199 16081
1751468448767 0.1586778610944748 16082
1751468450065 0.6785176396369934 16083
1751468451348 0.8286750912666321 16084
1751468452789 2.4052250385284424 16085
1751468454110 0.7566210627555847 16086
1751468455549 1.061132550239563 16087
1751468456901 1.0261262655258179 16088
1751468458610 0.7792437076568604 16089
1751468459947 0.579694926738739 16090
1751468461348 0.8294802904129028 16091
1751468462773 0.7099215388298035 16092
1751468464152 0.4402361214160919 16093
1751468465598 0.6676831841468811 16094
1751468466909 0.6444866061210632 16095
1751468468506 1.0285751819610596 16096
1751468469801 0.6106719970703125 16097
1751468471221 0.5896446704864502 16098
1751468472492 0.6865369081497192 16099
1751468473814 1.5578194856643677 16100
1751468475085 1.0986309051513672 16101
1751468476764 0.7456637620925903 16102
1751468478057 1.6456384658813477 16103
1751468479368 0.583600640296936 16104
1751468480686 1.1480134725570679 16105
1751468481992 0.9817839860916138 16106
1751468483287 0.6531005501747131 16107
1751468484885 0.507139265537262 16108
1751468486190 0.6846307516098022 16109
1751468487438 0.6683961153030396 16110
1751468488778 0.8972836136817932 16111
1751468490147 0.6952740550041199 16112
1751468491499 0.7527924180030823 16113
1751468492785 0.7272881865501404 16114
1751468494559 0.8554306626319885 16115
1751468495952 1.186842679977417 16116
1751468497270 1.3926160335540771 16117
1751468498508 0.41176432371139526 16118
1751468499908 0.022163812071084976 16119
1751468501268 1.2582677602767944 16120
1751468502930 0.7923568487167358 16121
1751468504317 0.6123054027557373 16122
1751468505634 0.6150274276733398 16123
1751468506979 1.0088655948638916 16124
1751468508295 0.8280003070831299 16125
1751468509658 1.0919504165649414 16126
1751468511321 0.694508969783783 16127
1751468512874 0.8010740280151367 16128
1751468514257 0.6633616089820862 16129
1751468515634 0.7390871047973633 16130
1751468517047 0.7767195701599121 16131
1751468518393 0.5333061814308167 16132
1751468519895 0.4944726228713989 16133
1751468521614 1.369028925895691 16134
1751468523044 0.5495405793190002 16135
1751468524390 0.3041815459728241 16136
1751468525772 0.5687100887298584 16137
1751468527275 0.654708981513977 16138
1751468528609 0.6572601795196533 16139
1751468530314 0.8638647198677063 16140
1751468531694 0.6358232498168945 16141
1751468532945 0.570114016532898 16142
1751468534224 0.30880603194236755 16143
1751468535649 0.37156540155410767 16144
1751468536972 0.6958470344543457 16145
1751468538467 0.8732883930206299 16146
1751468539829 0.923357367515564 16147
1751468541248 0.4689352810382843 16148
1751468542596 0.8203412890434265 16149
1751468544036 0.3882197439670563 16150
1751468545330 0.5956786870956421 16151
1751468546627 0.5737587809562683 16152
1751468548290 0.8215370178222656 16153
1751468549702 0.6948466897010803 16154
1751468551060 0.4410465955734253 16155
1751468553068 0.8671502470970154 16156
1751468554395 1.4205248355865479 16157
1751468555704 0.6361424922943115 16158
1751468557315 0.9841625094413757 16159
1751468558675 0.6802353858947754 16160
1751468560022 0.8884499669075012 16161
1751468561339 0.34649527072906494 16162
1751468562654 0.813461422920227 16163
1751468564041 1.3224440813064575 16164
1751468565434 0.5368965864181519 16165
1751468567200 0.9235052466392517 16166
1751468568637 0.8595904111862183 16167
1751468569899 0.8127764463424683 16168
1751468571321 0.7392723560333252 16169
1751468572551 4.045775890350342 16170
1751468573933 0.4625454545021057 16171
1751468575529 0.3330826163291931 16172
1751468576806 0.7880438566207886 16173
1751468578127 0.8191771507263184 16174
1751468579449 1.1311801671981812 16175
1751468580748 0.4630972743034363 16176
1751468582247 0.7024610042572021 16177
1751468583863 0.26101574301719666 16178
1751468585240 0.5226578712463379 16179
1751468586558 0.20774506032466888 16180
1751468587894 0.6164610385894775 16181
1751468589200 0.5939891934394836 16182
1751468590598 0.6060123443603516 16183
1751468591946 0.6382540464401245 16184
1751468593787 0.45470771193504333 16185
1751468595319 0.8556221723556519 16186
1751468596601 0.4366837739944458 16187
1751468597985 0.848696231842041 16188
1751468599337 0.6994383335113525 16189
1751468600720 0.850847601890564 16190
1751468602322 0.7092065215110779 16191
1751468603611 0.3622335195541382 16192
1751468604935 0.7948372960090637 16193
1751468606274 0.5969115495681763 16194
1751468607664 1.2588024139404297 16195
1751468608981 0.9582198858261108 16196
1751468610566 0.7822993993759155 16197
1751468611926 0.892979621887207 16198
1751468613271 0.4378581643104553 16199
1751468614772 0.9759253263473511 16200
1751468700899 0.6777966022491455 16201
1751468702259 0.8251132965087891 16202
1751468703563 1.2194490432739258 16203
1751468705211 0.5677099227905273 16204
1751468706514 0.7457212209701538 16205
1751468707896 0.47423380613327026 16206
1751468709267 0.8985323905944824 16207
1751468710671 1.0242327451705933 16208
1751468712148 0.7020641565322876 16209
1751468713743 0.8321418762207031 16210
1751468715058 0.015176380053162575 16211
1751468716390 1.4205421209335327 16212
1751468717832 0.7363608479499817 16213
1751468719200 0.8434697389602661 16214
1751468720525 0.6252800226211548 16215
1751468722172 1.141852617263794 16216
1751468723544 0.51833176612854 16217
1751468724896 0.8955750465393066 16218
1751468726213 1.1901085376739502 16219
1751468727555 0.7472321391105652 16220
1751468728874 0.6433976888656616 16221
1751468730229 1.125899314880371 16222
1751468731791 1.5317177772521973 16223
1751468733663 1.6087181568145752 16224
1751468735041 1.1306737661361694 16225
1751468736316 0.8841413259506226 16226
1751468737638 0.3606078624725342 16227
1751468739064 0.6215801239013672 16228
1751468740636 0.7967268228530884 16229
1751468742072 0.9247146248817444 16230
1751468743390 1.2219009399414062 16231
1751468744690 1.0845484733581543 16232
1751468746020 0.7102402448654175 16233
1751468747317 0.5516464710235596 16234
1751468748622 0.9974639415740967 16235
1751468750133 1.2870489358901978 16236
1751468751444 0.4031773805618286 16237
1751468752685 1.395869493484497 16238
1751468754061 0.26701241731643677 16239
1751468755370 0.6346523761749268 16240
1751468756727 0.888681948184967 16241
1751468758304 0.8412168025970459 16242
1751468760118 0.6254963278770447 16243
1751468761415 0.22029802203178406 16244
1751468762807 0.7794516682624817 16245
1751468764135 0.7994098663330078 16246
1751468765495 0.45675787329673767 16247
1751468767037 0.6500487923622131 16248
1751468768408 0.5772445797920227 16249
1751468770233 0.367304265499115 16250
1751468771592 0.6376148462295532 16251
1751468772945 0.9728147983551025 16252
1751468774301 0.8506593704223633 16253
1751468775878 0.6177661418914795 16254
1751468777466 1.1873472929000854 16255
1751468778768 0.9995965361595154 16256
1751468780163 1.307804822921753 16257
1751468781463 0.5843169093132019 16258
1751468782923 0.8918945789337158 16259
1751468784530 0.9185466766357422 16260
1751468785787 1.8282841444015503 16261
1751468787051 0.5331263542175293 16262
1751468788352 0.6151938438415527 16263
1751468789752 0.6576688289642334 16264
1751468791057 0.2957577705383301 16265
1751468792947 2.3130078315734863 16266
1751468794516 0.6127865314483643 16267
1751468795813 0.758599579334259 16268
1751468797155 1.132002353668213 16269
1751468798574 0.9002366662025452 16270
1751468799881 0.6304552555084229 16271
1751468801231 0.7237455248832703 16272
1751468803341 0.611848771572113 16273
1751468804694 0.7806336283683777 16274
1751468806069 0.8685707449913025 16275
1751468807356 1.0278313159942627 16276
1751468808673 1.1842069625854492 16277
1751468810034 1.0130796432495117 16278
1751468811647 1.082054853439331 16279
1751468813708 0.6871765851974487 16280
1751468815027 0.4124414324760437 16281
1751468816415 0.6378177404403687 16282
1751468817771 0.7226983308792114 16283
1751468819075 0.5691128373146057 16284
1751468820340 0.7307698726654053 16285
1751468821999 0.2409314662218094 16286
1751468823426 0.6636044383049011 16287
1751468824884 0.6177242994308472 16288
1751468826207 0.7467522025108337 16289
1751468827587 0.8451020121574402 16290
1751468828890 0.02592168003320694 16291
1751468830482 0.8929584622383118 16292
1751468831835 0.6068020462989807 16293
1751468833097 0.7167555093765259 16294
1751468834866 1.2243915796279907 16295
1751468836216 0.9378166794776917 16296
1751468837685 0.1486341506242752 16297
1751468839329 0.2544628977775574 16298
1751468840633 0.5348377823829651 16299
1751468841882 0.8035705089569092 16300
1751468843257 1.1466809511184692 16301
1751468844562 1.467599630355835 16302
1751468845865 0.7228213548660278 16303
1751468847437 0.895667552947998 16304
1751468848679 1.030344009399414 16305
1751468850002 1.9089388847351074 16306
1751468851341 0.7438395023345947 16307
1751468852747 0.8472694158554077 16308
1751468854056 0.9352681636810303 16309
1751468855691 0.7501702308654785 16310
1751468857042 0.5927738547325134 16311
1751468858387 0.42992255091667175 16312
1751468859716 1.1230899095535278 16313
1751468861127 0.879368782043457 16314
1751468862494 0.5249452590942383 16315
1751468863806 1.0586347579956055 16316
1751468865453 0.6799275875091553 16317
1751468867136 0.7632814645767212 16318
1751468868549 0.8648031949996948 16319
1751468869850 0.8680751323699951 16320
1751468871253 0.7346675992012024 16321
1751468872566 0.43119579553604126 16322
1751468874122 1.2017534971237183 16323
1751468875526 0.33942678570747375 16324
1751468876811 0.9076979160308838 16325
1751468878125 0.4295393228530884 16326
1751468879424 0.9791710376739502 16327
1751468880733 0.6465672254562378 16328
1751468882323 1.2266325950622559 16329
1751468883749 0.5379785895347595 16330
1751468885105 0.5560914278030396 16331
1751468886635 0.6194857954978943 16332
1751468888486 1.1687142848968506 16333
1751468889805 0.6356034278869629 16334
1751468891434 0.6870954036712646 16335
1751468892770 0.5770891904830933 16336
1751468894083 0.8534061312675476 16337
1751468895472 1.188173770904541 16338
1751468896804 1.5323059558868408 16339
1751468898703 0.65168696641922 16340
1751468900325 1.0709912776947021 16341
1751468901701 0.5548654794692993 16342
1751468903000 0.6742128729820251 16343
1751468904329 0.9890649914741516 16344
1751468905695 0.47584453225135803 16345
1751468906993 0.7766374349594116 16346
1751468908300 0.6849483251571655 16347
1751468910000 0.46769487857818604 16348
1751468911341 0.3659597933292389 16349
1751468912765 0.6708184480667114 16350
1751468914124 0.6419506072998047 16351
1751468915581 0.6743497848510742 16352
1751468916891 0.7028758525848389 16353
1751468918526 0.40262162685394287 16354
1751468920400 1.8876670598983765 16355
1751468921714 0.5283521413803101 16356
1751468923127 1.9580179452896118 16357
1751468924456 0.44957172870635986 16358
1751468925787 0.7171586751937866 16359
1751468927402 1.1298248767852783 16360
1751468928760 0.5674558281898499 16361
1751468930091 1.1461374759674072 16362
1751468931453 0.7544217705726624 16363
1751468932735 0.6934430003166199 16364
1751468934109 0.8216893672943115 16365
1751468935596 2.4020614624023438 16366
1751468936910 0.7464190721511841 16367
1751468938337 1.6371636390686035 16368
1751468939683 0.7028447389602661 16369
1751468941720 0.5643805861473083 16370
1751468942981 0.9354018568992615 16371
1751468944583 0.7280593514442444 16372
1751468945904 0.7715376019477844 16373
1751468947269 0.655221700668335 16374
1751468948574 0.727530837059021 16375
1751468949919 0.6970200538635254 16376
1751468952028 0.8361881971359253 16377
1751468953358 0.8493545055389404 16378
1751468954984 1.057297945022583 16379
1751468956373 0.6483689546585083 16380
1751468957683 0.6024194955825806 16381
1751468958999 0.6587375402450562 16382
1751468960343 0.4663713276386261 16383
1751468961642 0.8373279571533203 16384
1751468963280 1.4721276760101318 16385
1751468964604 0.4775073230266571 16386
1751468965964 0.7725430727005005 16387
1751468967267 0.6784961819648743 16388
1751468968701 0.795676589012146 16389
1751468970002 0.8175855278968811 16390
1751468971495 1.5005440711975098 16391
1751468972804 1.043724775314331 16392
1751468974186 0.6848165392875671 16393
1751468975555 1.224820852279663 16394
1751468976885 1.3535470962524414 16395
1751468978300 0.8487860560417175 16396
1751468979698 0.5490502119064331 16397
1751468981386 1.1016602516174316 16398
1751468982676 0.3671060800552368 16399
1751468984049 0.791548490524292 16400
1751468985421 0.5994764566421509 16401
1751468986662 0.7305800914764404 16402
1751468987997 0.8877143859863281 16403
1751468989614 0.5975972414016724 16404
1751468990918 0.7833185195922852 16405
1751468992251 1.2997701168060303 16406
1751468993602 0.8141635656356812 16407
1751468994958 0.7684875726699829 16408
1751468996290 0.5508722066879272 16409
1751468997870 1.1031851768493652 16410
1751468999289 0.49679386615753174 16411
1751469000614 1.089097499847412 16412
1751469002036 0.8516702651977539 16413
1751469003406 1.0421221256256104 16414
1751469004909 0.6253058314323425 16415
1751469006934 0.7173073291778564 16416
1751469008309 0.64849853515625 16417
1751469009622 0.801367998123169 16418
1751469010957 1.1193318367004395 16419
1751469012282 1.1167988777160645 16420
1751469013705 1.1072416305541992 16421
1751469015293 0.9791857004165649 16422
1751469016657 1.513235330581665 16423
1751469018159 0.9605077505111694 16424
1751469019519 0.8605352640151978 16425
1751469020833 0.661822497844696 16426
1751469022082 0.20586267113685608 16427
1751469023473 0.6878664493560791 16428
1751469025093 0.7445939779281616 16429
1751469026395 0.4949272572994232 16430
1751469027745 0.6952930092811584 16431
1751469029079 0.9110491275787354 16432
1751469030500 0.48684316873550415 16433
1751469032320 1.4447028636932373 16434
1751469034023 0.9911102056503296 16435
1751469035306 2.037137508392334 16436
1751469036680 0.5578227043151855 16437
1751469038002 0.7719123959541321 16438
1751469039348 0.5984275937080383 16439
1751469040722 1.0593689680099487 16440
1751469042384 1.1772339344024658 16441
1751469043730 0.8038415908813477 16442
1751469045067 0.9697204828262329 16443
1751469046388 0.8365415334701538 16444
1751469047852 1.0004827976226807 16445
1751469049317 1.0525493621826172 16446
1751469050940 0.4680648744106293 16447
1751469052302 1.1940102577209473 16448
1751469054228 0.69443678855896 16449
1751469055603 0.7118054032325745 16450
1751469056961 0.9226793646812439 16451
1751469058286 0.6974484920501709 16452
1751469059649 0.8069239854812622 16453
1751469061204 0.40793877840042114 16454
1751469062693 0.2751517593860626 16455
1751469064030 1.0151318311691284 16456
1751469065778 0.5637354850769043 16457
1751469067064 1.0512988567352295 16458
1751469068426 0.9374905824661255 16459
1751469070065 0.7039839625358582 16460
1751469071403 0.6350061893463135 16461
1751469072782 0.6039677262306213 16462
1751469074056 1.0719246864318848 16463
1751469075380 0.4947318732738495 16464
1751469077135 1.049112319946289 16465
1751469078950 0.8084684610366821 16466
1751469080330 0.8701841831207275 16467
1751469081675 0.40310224890708923 16468
1751469083054 0.7154936194419861 16469
1751469084352 0.5393819808959961 16470
1751469085751 0.7235442399978638 16471
1751469087487 0.6387543678283691 16472
1751469088822 0.9294950366020203 16473
1751469090254 0.643825352191925 16474
1751469091594 0.5037351250648499 16475
1751469092951 1.9250619411468506 16476
1751469094300 0.9855679273605347 16477
1751469095686 1.0409739017486572 16478
1751469097276 0.9739484786987305 16479
1751469099120 1.8996427059173584 16480
1751469100557 0.5700222253799438 16481
1751469101932 0.526071310043335 16482
1751469103210 0.6097450256347656 16483
1751469104670 0.4615330696105957 16484
1751469106323 0.674615740776062 16485
1751469107723 0.8690088987350464 16486
1751469109819 1.1799111366271973 16487
1751469111033 1.0467959642410278 16488
1751469112370 0.20074081420898438 16489
1751469113757 0.6046754717826843 16490
1751469115403 0.927832841873169 16491
1751469116533 5.031888961791992 16492
1751469117858 0.8643928170204163 16493
1751469119259 0.6295515298843384 16494
1751469121271 0.5024364590644836 16495
1751469122615 0.8058716654777527 16496
1751469124194 1.0191572904586792 16497
1751469125587 1.000106692314148 16498
1751469126987 1.2708768844604492 16499
1751469128328 0.5701706409454346 16500
1751469129681 1.0132447481155396 16501
1751469131014 0.7945531606674194 16502
1751469132603 0.804472804069519 16503
1751469133994 0.8313962817192078 16504
1751469135374 0.5841989517211914 16505
1751469136844 0.7539321184158325 16506
1751469138184 0.6466037631034851 16507
1751469139581 0.555390477180481 16508
1751469141236 3.3878109455108643 16509
1751469143008 1.203432321548462 16510
1751469144297 1.5968302488327026 16511
1751469145663 0.6894780397415161 16512
1751469147015 0.9210127592086792 16513
1751469148361 1.1415448188781738 16514
1751469149756 0.6723780632019043 16515
1751469151386 0.7297571897506714 16516
1751469152676 0.5886186957359314 16517
1751469154067 3.6236608028411865 16518
1751469155540 0.9073517322540283 16519
1751469156824 0.8113659024238586 16520
1751469158193 0.8750368356704712 16521
1751469159836 1.240543007850647 16522
1751469161267 0.6213278770446777 16523
1751469163013 0.7310113906860352 16524
1751469164437 0.5658219456672668 16525
1751469165851 0.8572204113006592 16526
1751469167185 0.6663689613342285 16527
1751469168801 0.44767868518829346 16528
1751469170160 0.37801480293273926 16529
1751469171492 0.8940948247909546 16530
1751469172857 0.986446738243103 16531
1751469174205 1.0895789861679077 16532
1751469175496 0.9348629713058472 16533
1751469177117 1.2581229209899902 16534
1751469178457 0.7839150428771973 16535
1751469179910 0.9230773448944092 16536
1751469181225 0.9796558618545532 16537
1751469182573 0.6015443801879883 16538
1751469183853 0.6270619034767151 16539
1751469185925 0.5884647965431213 16540
1751469187213 0.8015238046646118 16541
1751469188508 0.6127851605415344 16542
1751469189808 0.8621640205383301 16543
1751469191205 1.0859088897705078 16544
1751469192567 0.47984549403190613 16545
1751469194147 0.3732176423072815 16546
1751469195484 0.8958306312561035 16547
1751469196824 1.005103588104248 16548
1751469198102 1.0183029174804688 16549
1751469199460 0.5191622972488403 16550
1751469200815 0.7790158987045288 16551
1751469202375 0.7341015338897705 16552
1751469203724 0.6159501075744629 16553
1751469205224 0.7599441409111023 16554
1751469207017 0.8016343712806702 16555
1751469208390 0.5259709358215332 16556
1751469209771 0.8994828462600708 16557
1751469211506 0.9452289938926697 16558
1751469212855 0.3521202504634857 16559
1751469214146 1.1246881484985352 16560
1751469215557 0.5515223145484924 16561
1751469217528 0.662619948387146 16562
1751469218866 1.8051939010620117 16563
1751469220472 0.619400143623352 16564
1751469221810 0.8245741128921509 16565
1751469223145 0.7123703360557556 16566
1751469224513 0.29246529936790466 16567
1751469225923 0.7297313213348389 16568
1751469227277 0.34127935767173767 16569
1751469228573 0.7137294411659241 16570
1751469230167 0.8749630451202393 16571
1751469231547 0.6120706796646118 16572
1751469232935 0.7364379167556763 16573
1751469234237 0.3019709885120392 16574
1751469235566 0.8368188142776489 16575
1751469237229 0.9563817381858826 16576
1751469239250 0.724057137966156 16577
1751469240600 0.8379673361778259 16578
1751469241940 0.9767471551895142 16579
1751469243235 0.6932093501091003 16580
1751469244623 0.8376362919807434 16581
1751469245947 0.8346012234687805 16582
1751469247560 0.7172442078590393 16583
1751469249480 0.4527963697910309 16584
1751469250887 0.7110460996627808 16585
1751469252226 1.031354308128357 16586
1751469253707 1.0066946744918823 16587
1751469255415 0.7599725127220154 16588
1751469256861 0.7352532744407654 16589
1751469258189 0.297607958316803 16590
1751469259572 1.3061630725860596 16591
1751469261008 0.9535325169563293 16592
1751469262337 0.8158929944038391 16593
1751469263764 0.5903540849685669 16594
1751469265386 0.7559558749198914 16595
1751469266718 0.6516422033309937 16596
1751469267975 0.7922229766845703 16597
1751469269379 0.8511357307434082 16598
1751469270849 0.7068485021591187 16599
1751469272608 0.6341469883918762 16600
1751469273946 0.9289565682411194 16601
1751469275242 0.4951699674129486 16602
1751469276514 0.524082362651825 16603
1751469277811 1.0979669094085693 16604
1751469279093 0.5912578105926514 16605
1751469280971 1.3345160484313965 16606
1751469282560 0.7471944093704224 16607
1751469283941 1.2936573028564453 16608
1751469285345 0.6529048681259155 16609
1751469286695 0.6998212337493896 16610
1751469288026 1.4273207187652588 16611
1751469289346 1.3570852279663086 16612
1751469290904 0.8049889802932739 16613
1751469292187 0.997944712638855 16614
1751469293516 0.7651848793029785 16615
1751469294861 0.6637282371520996 16616
1751469296224 0.6164737343788147 16617
1751469298121 1.5395622253417969 16618
1751469300032 1.0109128952026367 16619
1751469301399 1.927220106124878 16620
1751469302743 0.8096832036972046 16621
1751469304043 0.9683936834335327 16622
1751469305417 0.619543194770813 16623
1751469306856 1.5731732845306396 16624
1751469308514 0.8162959814071655 16625
1751469309856 0.7411129474639893 16626
1751469311183 1.0911328792572021 16627
1751469312530 0.8563992977142334 16628
1751469313897 1.928564190864563 16629
1751469315170 0.7947783470153809 16630
1751469316734 1.1237870454788208 16631
1751469318178 0.7004234790802002 16632
1751469319636 2.457057476043701 16633
1751469320991 0.6105132699012756 16634
1751469322360 0.6769962906837463 16635
1751469323701 0.6724275350570679 16636
1751469325333 0.5995206236839294 16637
1751469326613 0.63470458984375 16638
1751469327957 0.6275373697280884 16639
1751469329265 0.644951343536377 16640
1751469330605 1.1831223964691162 16641
1751469331910 0.8258680701255798 16642
1751469333244 0.6140280961990356 16643
1751469334847 0.8948633670806885 16644
1751469336196 2.022275447845459 16645
1751469337561 0.8159886598587036 16646
1751469338840 1.1059021949768066 16647
1751469340127 1.030547022819519 16648
1751469341801 1.4574458599090576 16649
1751469343081 0.6250265836715698 16650
1751469344413 0.5763837695121765 16651
1751469345784 0.7773975729942322 16652
1751469347600 0.5091113448143005 16653
1751469348912 0.6141527891159058 16654
1751469350472 0.8746463060379028 16655
1751469351793 0.9824165105819702 16656
1751469353120 2.133894681930542 16657
1751469354486 0.9808786511421204 16658
1751469355819 0.6259630918502808 16659
1751469357800 0.5676793456077576 16660
1751469359194 0.5765916705131531 16661
1751469360852 0.7278963327407837 16662
1751469362190 0.6522654891014099 16663
1751469363533 0.41859740018844604 16664
1751469364840 0.8636621832847595 16665
1751469366095 0.675048828125 16666
1751469367570 0.893722414970398 16667
1751469369410 1.5054206848144531 16668
1751469370767 1.56221342086792 16669
1751469372066 1.251325249671936 16670
1751469373305 1.2330679893493652 16671
1751469374582 0.7920822501182556 16672
1751469375967 1.1039167642593384 16673
1751469377555 0.9529467225074768 16674
1751469378934 0.7274441123008728 16675
1751469380368 0.5560644865036011 16676
1751469381753 0.665432870388031 16677
1751469383838 0.8765311241149902 16678
1751469385177 1.0157551765441895 16679
1751469386935 0.8591407537460327 16680
1751469388417 0.4849763810634613 16681
1751469389964 0.8171473741531372 16682
1751469391424 0.8164715766906738 16683
1751469392780 0.37917840480804443 16684
1751469394440 0.9297178387641907 16685
1751469396306 0.6517287492752075 16686
1751469397613 1.456364631652832 16687
1751469398943 0.9578539133071899 16688
1751469400271 0.6517664790153503 16689
1751469401667 0.7468585968017578 16690
1751469403076 0.5338277816772461 16691
1751469404664 0.7487357258796692 16692
1751469405976 0.6888302564620972 16693
1751469407304 0.9084119200706482 16694
1751469408782 0.41395100951194763 16695
1751469410177 0.8767016530036926 16696
1751469411621 1.0548629760742188 16697
1751469413348 0.4953639507293701 16698
1751469414746 0.8724002838134766 16699
1751469416021 1.1218583583831787 16700
1751469417578 0.38913610577583313 16701
1751469419080 0.9005764722824097 16702
1751469420523 0.7577823400497437 16703
1751469422351 0.8480930328369141 16704
1751469423894 0.8827431797981262 16705
1751469425949 0.5415545701980591 16706
1751469427550 0.6673848032951355 16707
1751469428974 0.9980294704437256 16708
1751469430577 0.9161397814750671 16709
1751469432355 0.7456190586090088 16710
1751469433932 0.7107665538787842 16711
1751469435383 0.6872165203094482 16712
1751469436795 1.0144684314727783 16713
1751469438213 1.0437195301055908 16714
1751469439676 0.5638599395751953 16715
1751469441196 0.5755072832107544 16716
1751469442603 0.4079318046569824 16717
1751469444665 0.7237350344657898 16718
1751469447083 1.2822258472442627 16719
1751469449980 0.6696840524673462 16720
1751469451787 0.5820989012718201 16721
1751469453745 0.7132893204689026 16722
1751469455098 0.5480180382728577 16723
1751469456467 0.10851780325174332 16724
1751469458587 1.072762131690979 16725
1751469460608 1.5289887189865112 16726
1751469461917 1.0070643424987793 16727
1751469463228 0.9089245796203613 16728
1751469465199 2.771646738052368 16729
1751469466547 0.8733863234519958 16730
1751469467857 1.0379693508148193 16731
1751469469150 0.7782300710678101 16732
1751469470446 0.5241053104400635 16733
1751469472402 0.7920308113098145 16734
1751469473705 0.654066801071167 16735
1751469475041 1.1844147443771362 16736
1751469476283 1.5301828384399414 16737
1751469477589 0.029734445735812187 16738
1751469479062 0.8018643260002136 16739
1751469480421 0.7436947822570801 16740
1751469481953 0.7365082502365112 16741
1751469483308 0.6907332539558411 16742
1751469484678 1.5803253650665283 16743
1751469486142 0.7353130578994751 16744
1751469487479 0.8647404313087463 16745
1751469488842 0.59251868724823 16746
1751469490449 1.4595420360565186 16747
1751469491889 1.3079370260238647 16748
1751469493222 0.34055095911026 16749
1751469494510 1.2511893510818481 16750
1751469495876 0.687947690486908 16751
1751469497246 0.732925534248352 16752
1751469498793 0.6687590479850769 16753
1751469500082 0.6751975417137146 16754
1751469501525 0.5452824831008911 16755
1751469502806 0.5095255970954895 16756
1751469504131 0.6507289409637451 16757
1751469505521 1.4605695009231567 16758
1751469507872 0.7251756191253662 16759
1751469509233 1.5341851711273193 16760
1751469510597 0.2155626267194748 16761
1751469511931 0.4514550566673279 16762
1751469513307 1.1002776622772217 16763
1751469514659 0.6666184663772583 16764
1751469516213 0.6811538338661194 16765
1751469518292 0.3788616955280304 16766
1751469519655 0.8724774718284607 16767
1751469521033 0.8053990006446838 16768
1751469522335 0.7162750959396362 16769
1751469523656 0.5481484532356262 16770
1751469525372 0.44847655296325684 16771
1751469526824 0.6613078117370605 16772
1751469528705 0.4998428225517273 16773
1751469530006 0.6838344931602478 16774
1751469531323 0.6625694036483765 16775
1751469532681 0.29493027925491333 16776
1751469534304 0.7979177832603455 16777
1751469535645 1.0242042541503906 16778
1751469536958 0.842867374420166 16779
1751469539002 1.4844846725463867 16780
1751469540366 0.7361255288124084 16781
1751469541762 0.9901837706565857 16782
1751469543401 1.0335056781768799 16783
1751469544752 1.6862025260925293 16784
1751469546169 1.0861248970031738 16785
1751469547497 0.5689678192138672 16786
1751469548778 0.8707522749900818 16787
1751469549991 0.6891123056411743 16788
1751469551583 0.8425906896591187 16789
1751469552916 0.6866316795349121 16790
1751469554222 0.7664498090744019 16791
1751469555617 0.4021393358707428 16792
1751469556957 0.8700627684593201 16793
1751469558273 0.4436182677745819 16794
1751469559813 0.654984712600708 16795
1751469561163 0.7318125367164612 16796
1751469562478 0.8743624687194824 16797
1751469563803 1.1340652704238892 16798
1751469565132 0.7281877994537354 16799
1751469566509 0.5539383292198181 16800
1751469567893 1.1337954998016357 16801
1751469569471 0.7617719173431396 16802
1751469570818 0.6821101307868958 16803
1751469572086 0.6123254299163818 16804
1751469573403 1.197021722793579 16805
1751469574656 1.0956578254699707 16806
1751469576012 0.38480424880981445 16807
1751469577609 0.858909547328949 16808
1751469579019 0.869529128074646 16809
1751469580353 0.6868898272514343 16810
1751469581618 0.5351633429527283 16811
1751469582906 0.9015489220619202 16812
1751469584257 0.35027921199798584 16813
1751469585965 0.7303667068481445 16814
1751469587616 0.586552619934082 16815
1751469588923 2.8075008392333984 16816
1751469590248 0.9824002981185913 16817
1751469591537 1.0575562715530396 16818
1751469592845 0.7627996206283569 16819
1751469594490 0.7156104445457458 16820
1751469595954 0.8520764112472534 16821
1751469597732 1.1992413997650146 16822
1751469599019 1.6026558876037598 16823
1751469600426 0.9513531923294067 16824
1751469601784 0.9020997881889343 16825
1751469603399 0.70973801612854 16826
1751469604709 0.7766013145446777 16827
1751469606038 0.3970218598842621 16828
1751469607375 0.5735358595848083 16829
1751469608813 0.5799434185028076 16830
1751469610160 0.9432623982429504 16831
1751469611797 0.7869414687156677 16832
1751469613091 1.2156915664672852 16833
1751469614472 0.5725263357162476 16834
1751469615710 0.7595481872558594 16835
1751469617078 0.6923819780349731 16836
1751469618344 0.4965077340602875 16837
1751469619921 1.333162784576416 16838
1751469621302 0.8012211322784424 16839
1751469622610 1.1138885021209717 16840
1751469623956 0.4373280704021454 16841
1751469625274 1.1246259212493896 16842
1751469626593 1.0147401094436646 16843
1751469628243 0.5876504182815552 16844
1751469630314 0.3115139901638031 16845
1751469631642 0.4872676432132721 16846
1751469632937 1.0860601663589478 16847
1751469634277 1.4448881149291992 16848
1751469635690 1.157433271408081 16849
1751469637264 0.42591604590415955 16850
1751469638609 1.1427359580993652 16851
1751469639988 1.2687640190124512 16852
1751469641361 0.30642393231391907 16853
1751469642682 0.7786718606948853 16854
1751469643985 1.1403796672821045 16855
1751469645638 0.6310242414474487 16856
1751469647043 0.8066092729568481 16857
1751469648330 0.7411428093910217 16858
1751469649704 0.4038017690181732 16859
1751469651659 1.1597347259521484 16860
1751469652999 0.8445791006088257 16861
1751469654595 1.0584571361541748 16862
1751469655963 1.2480347156524658 16863
1751469657292 0.9078746438026428 16864
1751469658715 1.097900152206421 16865
1751469660155 0.8169983625411987 16866
1751469661941 0.8610137104988098 16867
1751469663493 1.3902361392974854 16868
1751469664888 0.8149691820144653 16869
1751469666272 1.2320187091827393 16870
1751469667618 0.5885833501815796 16871
1751469668971 1.2651535272598267 16872
1751469670332 0.8999031782150269 16873
1751469672334 0.548643946647644 16874
1751469673648 0.8187928199768066 16875
1751469675048 0.7602689266204834 16876
1751469676393 1.3526241779327393 16877
1751469677810 0.9117308855056763 16878
1751469679208 1.076928734779358 16879
1751469680772 0.7352855205535889 16880
1751469682103 0.5866448879241943 16881
1751469683489 0.6348779201507568 16882
1751469684872 0.6198999285697937 16883
1751469686244 0.9682983160018921 16884
1751469687534 1.2648143768310547 16885
1751469689149 0.5084543228149414 16886
1751469690532 0.6473180651664734 16887
1751469691846 0.83451908826828 16888
1751469693200 0.7595701217651367 16889
1751469694490 0.6316626071929932 16890
1751469695809 1.7019264698028564 16891
1751469697399 1.1313998699188232 16892
1751469698701 0.3660726547241211 16893
1751469699985 1.622734546661377 16894
1751469701407 0.11973608285188675 16895
1751469702718 1.161059856414795 16896
1751469704038 1.1955580711364746 16897
1751469705693 0.466098427772522 16898
1751469707234 0.6642704010009766 16899
1751469708572 0.7455044984817505 16900
1751469709916 0.7012841701507568 16901
1751469711195 0.9673172235488892 16902
1751469712474 1.027458667755127 16903
1751469714051 0.5679360628128052 16904
1751469715350 0.43175989389419556 16905
1751469716662 1.2941902875900269 16906
1751469717995 0.7101139426231384 16907
1751469719254 0.7024080753326416 16908
1751469720873 0.6384832262992859 16909
1751469722205 0.6411687135696411 16910
1751469723581 0.6598020792007446 16911
1751469724898 0.9095652103424072 16912
1751469726271 0.4725773334503174 16913
1751469727715 0.9729660749435425 16914
1751469729324 0.9917353391647339 16915
1751469730806 0.5085341930389404 16916
1751469732084 0.8989425897598267 16917
1751469733405 0.7889293432235718 16918
1751469734783 1.4321682453155518 16919
1751469736103 0.7852846384048462 16920
1751469737996 0.7832201719284058 16921
1751469739323 0.9246770143508911 16922
1751469740629 0.444463849067688 16923
1751469741920 0.8697773218154907 16924
1751469743325 1.1048094034194946 16925
1751469744634 1.6554591655731201 16926
1751469746263 0.8837598562240601 16927
1751469747629 0.583676278591156 16928
1751469748948 0.8097996711730957 16929
1751469750254 0.586699366569519 16930
1751469751587 0.6108028888702393 16931
1751469752872 0.6857026815414429 16932
1751469754538 3.8782835006713867 16933
1751469755840 2.255028247833252 16934
1751469757177 0.6560378074645996 16935
1751469758548 0.4677855372428894 16936
1751469760629 0.36242061853408813 16937
1751469762053 1.3640904426574707 16938
1751469763820 0.7176809310913086 16939
1751469765284 1.198449969291687 16940
1751469766624 0.5387078523635864 16941
1751469768043 0.5231877565383911 16942
1751469769585 0.5852181911468506 16943
1751469771318 0.685675323009491 16944
1751469772895 0.5711125135421753 16945
1751469774254 0.6699907183647156 16946
1751469775643 0.7618519067764282 16947
1751469776969 0.631583571434021 16948
1751469779147 0.626352071762085 16949
1751469780501 1.022884726524353 16950
1751469782083 0.5182684063911438 16951
1751469783377 0.09226029366254807 16952
1751469784686 1.0297293663024902 16953
1751469785985 1.256928563117981 16954
1751469787245 0.5135985612869263 16955
1751469788614 0.646899402141571 16956
1751469790187 0.7597020864486694 16957
1751469791512 0.6887108087539673 16958
1751469792796 0.6970324516296387 16959
1751469794070 0.11961019039154053 16960
1751469795403 0.8036839962005615 16961
1751469796677 1.7320035696029663 16962
1751469798308 0.4711824953556061 16963
1751469799599 1.12281334400177 16964
1751469801007 0.5849234461784363 16965
1751469802397 0.5016794800758362 16966
1751469803803 1.2647111415863037 16967
1751469805679 1.2562832832336426 16968
1751469807307 0.8895069360733032 16969
1751469808671 0.6239348649978638 16970
1751469810044 1.2678589820861816 16971
1751469811375 1.2929035425186157 16972
1751469812657 0.9168140888214111 16973
1751469813980 0.5558598637580872 16974
1751469816187 0.5659164190292358 16975
1751469817421 0.7058387994766235 16976
1751469818761 0.6583368182182312 16977
1751469820128 0.5789668560028076 16978
1751469821471 0.6330807209014893 16979
1751469822817 0.7235625386238098 16980
1751469824518 0.32639652490615845 16981
1751469825897 0.40234217047691345 16982
1751469827230 0.7121127843856812 16983
1751469828563 0.6496620178222656 16984
1751469829856 0.9016221761703491 16985
1751469831168 0.43292635679244995 16986
1751469833533 0.7617155313491821 16987
1751469834837 0.5542945265769958 16988
1751469836167 0.9647131562232971 16989
1751469837501 1.025313377380371 16990
1751469838849 0.7375473976135254 16991
1751469840239 0.9174118638038635 16992
1751469841864 0.5467923879623413 16993
1751469843312 0.11002154648303986 16994
1751469844735 0.7153484225273132 16995
1751469846137 1.7165381908416748 16996
1751469847500 0.6984906196594238 16997
1751469849315 0.6688894033432007 16998
1751469851018 0.5847927927970886 16999
1751469852361 0.8648262023925781 17000
1751469853660 1.2858659029006958 17001
1751469855016 0.5835750102996826 17002
1751469856388 0.6401581764221191 17003
1751469857652 0.5788293480873108 17004
1751469859798 0.570098876953125 17005
1751469861063 0.7793323397636414 17006
1751469862367 0.9838678240776062 17007
1751469863750 0.48839253187179565 17008
1751469865144 0.6252403855323792 17009
1751469866571 1.1018071174621582 17010
1751469868219 0.7979148030281067 17011
1751469870159 1.0321118831634521 17012
1751469871563 0.766758918762207 17013
1751469872905 1.3040354251861572 17014
1751469874388 1.6422641277313232 17015
1751469875777 0.7800701260566711 17016
1751469877186 1.3275554180145264 17017
1751469878798 1.1003155708312988 17018
1751469880143 1.3237049579620361 17019
1751469881611 0.8775513172149658 17020
1751469882914 1.2210495471954346 17021
1751469884306 0.5502353310585022 17022
1751469885942 0.5521093010902405 17023
1751469887259 0.550447404384613 17024
1751469888656 0.6642932891845703 17025
1751469890084 0.8333082795143127 17026
1751469891656 1.526301383972168 17027
1751469893043 0.5695397257804871 17028
1751469894743 0.7651485204696655 17029
1751469896811 0.529654324054718 17030
1751469898187 1.2781941890716553 17031
1751469899577 0.1964511275291443 17032
1751469900879 0.6767470240592957 17033
1751469902173 0.7765395045280457 17034
1751469903721 0.990013599395752 17035
1751469905067 0.6383112668991089 17036
1751469906378 1.0987451076507568 17037
1751469907814 1.0012307167053223 17038
1751469909290 0.677135705947876 17039
1751469910688 0.691453754901886 17040
1751469912932 0.5031993985176086 17041
1751469914284 0.687057614326477 17042
1751469915586 0.6051291823387146 17043
1751469916884 0.8007698655128479 17044
1751469918205 0.7511959671974182 17045
1751469919565 0.8239492177963257 17046
1751469921108 0.8330280780792236 17047
1751469922484 0.6937896013259888 17048
1751469923794 0.6613879203796387 17049
1751469925195 0.12106747925281525 17050
1751469926541 1.2139736413955688 17051
1751469928427 0.513018012046814 17052
1751469930039 0.9265353679656982 17053
1751469931310 0.767055332660675 17054
1751469932647 0.13103918731212616 17055
1751469934115 0.15460483729839325 17056
1751469935510 0.6978386640548706 17057
1751469936809 1.1343073844909668 17058
1751469938483 1.2032091617584229 17059
1751469939790 0.8067120313644409 17060
1751469941161 0.6844396591186523 17061
1751469942436 0.8035045266151428 17062
1751469943815 0.7866621613502502 17063
1751469945116 0.5960413217544556 17064
1751469946690 0.8012044429779053 17065
1751469948086 1.317077875137329 17066
1751469949447 1.0858592987060547 17067
1751469950953 0.8288841843605042 17068
1751469952226 0.5905394554138184 17069
1751469953522 1.1417913436889648 17070
1751469954844 0.6467723250389099 17071
1751469956490 0.8492130041122437 17072
1751469957877 0.9021161198616028 17073
1751469959244 0.798873782157898 17074
1751469960631 0.8609082698822021 17075
1751469961987 0.8307593464851379 17076
1751469963609 0.33216357231140137 17077
1751469965025 0.6748698949813843 17078
1751469966400 0.8125208616256714 17079
1751469967681 0.9721412062644958 17080
1751469968960 0.5158262252807617 17081
1751469970306 0.8369846343994141 17082
1751469972531 1.2427726984024048 17083
1751469973912 0.7929568886756897 17084
1751469975383 0.7077498435974121 17085
1751469976719 0.7395083904266357 17086
1751469978013 0.4586513638496399 17087
1751469979395 0.9986065626144409 17088
1751469980987 0.8242760896682739 17089
1751469982304 1.2065995931625366 17090
1751469983712 0.8420121669769287 17091
1751469985042 0.5088356137275696 17092
1751469986455 0.63002610206604 17093
1751469988259 0.7139631509780884 17094
1751469989645 0.7870090007781982 17095
1751469991264 0.8017801642417908 17096
1751469992603 1.564333200454712 17097
1751469993998 1.0794926881790161 17098
1751469995279 0.9356369376182556 17099
1751469996595 0.9163684248924255 17100
1751469998701 1.4012789726257324 17101
1751470000123 0.6552372574806213 17102
1751470001486 1.6158714294433594 17103
1751470002837 0.6359992623329163 17104
1751470004259 0.9447740316390991 17105
1751470005642 0.5773240923881531 17106
1751470007316 1.4790785312652588 17107
1751470008609 2.2028727531433105 17108
1751470009913 1.3285326957702637 17109
1751470011210 0.8209520578384399 17110
1751470012531 0.8934493064880371 17111
1751470013974 0.6662906408309937 17112
1751470015606 0.7626297473907471 17113
1751470016944 0.37055110931396484 17114
1751470018185 1.829665184020996 17115
1751470020071 1.5892114639282227 17116
1751470021460 0.9839719533920288 17117
1751470022776 0.3564881682395935 17118
1751470024342 0.8568907976150513 17119
1751470025705 0.4842566251754761 17120
1751470027018 0.7767215371131897 17121
1751470028359 0.5328198671340942 17122
1751470029628 0.9020868539810181 17123
1751470031038 0.5213866233825684 17124
1751470032744 0.5033174157142639 17125
1751470034161 1.0661296844482422 17126
1751470035599 1.1748464107513428 17127
1751470036954 0.9658482074737549 17128
1751470038312 0.787792980670929 17129
1751470040255 0.6851481199264526 17130
1751470041892 0.4199351966381073 17131
1751470043239 0.5515397787094116 17132
1751470044551 0.5610126256942749 17133
1751470045932 1.023909330368042 17134
1751470047306 0.8879530429840088 17135
1751470048642 0.6972522735595703 17136
1751470050862 0.6204370856285095 17137
1751470052174 0.6396377086639404 17138
1751470053582 0.7263525724411011 17139
1751470054907 1.5790528059005737 17140
1751470056294 0.28336822986602783 17141
1751470057617 0.4792543649673462 17142
1751470059303 0.6656199097633362 17143
1751470060662 0.8506938219070435 17144
1751470061990 2.2258753776550293 17145
1751470063451 4.686270713806152 17146
1751470064763 0.7198284268379211 17147
1751470066157 0.15369926393032074 17148
1751470067794 0.8474310040473938 17149
1751470069212 0.8851727247238159 17150
1751470070528 0.48371049761772156 17151
1751470071957 0.9062259793281555 17152
1751470073261 1.3069775104522705 17153
1751470074606 1.0004082918167114 17154
1751470076133 0.7228215932846069 17155
1751470077501 1.0157740116119385 17156
1751470078867 1.3571662902832031 17157
1751470080186 0.9389680624008179 17158
1751470081523 0.6018953323364258 17159
1751470082843 0.7857246398925781 17160
1751470084567 0.873460054397583 17161
1751470085854 0.6913126707077026 17162
1751470087219 1.4030009508132935 17163
1751470088571 0.4947177469730377 17164
1751470089976 1.2855217456817627 17165
1751470091479 1.0179595947265625 17166
1751470093463 0.48658159375190735 17167
1751470094778 0.8730208873748779 17168
1751470096227 0.7435861825942993 17169
1751470097478 1.1469625234603882 17170
1751470098851 0.7003291845321655 17171
1751470100345 0.45420390367507935 17172
1751470101992 0.6614274978637695 17173
1751470103679 0.05726952105760574 17174
1751470105018 0.580003023147583 17175
1751470106367 0.6077914237976074 17176
1751470107667 0.5481802225112915 17177
1751470109067 0.8836435675621033 17178
1751470110735 0.8819618821144104 17179
1751470112162 0.43846020102500916 17180
1751470114043 1.3475167751312256 17181
1751470115380 0.5666202306747437 17182
1751470116691 1.68515944480896 17183
1751470118015 0.49624234437942505 17184
1751470119771 0.9962491989135742 17185
1751470121209 0.7759485244750977 17186
1751470122797 0.8974783420562744 17187
1751470124447 0.7206991910934448 17188
1751470125955 0.7937164306640625 17189
1751470127395 0.4959879517555237 17190
1751470129771 0.7946920394897461 17191
1751470131276 0.767784595489502 17192
1751470132549 0.7240877151489258 17193
1751470133894 0.531600832939148 17194
1751470135157 0.4337129592895508 17195
1751470136553 0.1214413046836853 17196
1751470138097 0.6716792583465576 17197
1751470139332 0.8338732719421387 17198
1751470140731 0.567948579788208 17199
1751470142085 0.9453347325325012 17200
1751470143400 0.6673747301101685 17201
1751470144820 1.0154788494110107 17202
1751470146481 0.5361200571060181 17203
1751470147857 1.293910026550293 17204
1751470149210 0.8004459142684937 17205
1751470150553 0.7513324022293091 17206
1751470151864 0.6695272922515869 17207
1751470153156 1.5163789987564087 17208
1751470154744 0.8433611392974854 17209
1751470156084 0.6865126490592957 17210
1751470157532 0.5788995623588562 17211
1751470159260 0.9984794855117798 17212
1751470160621 1.0635316371917725 17213
1751470161931 0.748775839805603 17214
1751470163520 0.8911529183387756 17215
1751470164824 0.7939673662185669 17216
1751470166193 2.2065486907958984 17217
1751470167497 1.2844347953796387 17218
1751470168873 1.1144087314605713 17219
1751470170247 0.5571830868721008 17220
1751470171807 0.5321840047836304 17221
1751470173114 1.057462453842163 17222
1751470174435 0.9651545286178589 17223
1751470175783 1.0672557353973389 17224
1751470177134 0.5998865365982056 17225
1751470178510 0.7925267219543457 17226
1751470180083 0.391124963760376 17227
1751470181398 0.7148298621177673 17228
1751470182695 0.0798116996884346 17229
1751470184564 1.097652792930603 17230
1751470185876 1.0890693664550781 17231
1751470187651 0.7171422243118286 17232
1751470189050 0.6057714223861694 17233
1751470190519 0.5492919683456421 17234
1751470191991 0.7496494650840759 17235
1751470193292 0.6819078922271729 17236
1751470195129 1.103607177734375 17237
1751470196671 0.8080804944038391 17238
1751470198135 1.7148895263671875 17239
1751470199426 0.7611950635910034 17240
1751470200804 0.8556237816810608 17241
1751470202187 0.8695937395095825 17242
1751470203448 0.980431079864502 17243
1751470205712 0.33814504742622375 17244
1751470207017 0.8124890327453613 17245
1751470208348 0.6173176169395447 17246
1751470209808 1.1928737163543701 17247
1751470211087 0.910297691822052 17248
1751470212403 0.9292267560958862 17249
1751470214085 0.856479823589325 17250
1751470215377 2.5690248012542725 17251
1751470216703 0.5286294221878052 17252
1751470218036 0.7419708371162415 17253
1751470219419 0.7133591771125793 17254
1751470220747 0.6389908790588379 17255
1751470222287 0.5219355225563049 17256
1751470223693 0.9686393737792969 17257
1751470225008 1.07011878490448 17258
1751470226345 1.338366985321045 17259
1751470227730 0.7912930250167847 17260
1751470229400 1.0933030843734741 17261
1751470230846 0.2070627063512802 17262
1751470232173 0.8407654166221619 17263
1751470233542 0.8323014378547668 17264
1751470234898 2.129685878753662 17265
1751470236363 2.173426389694214 17266
1751470238458 1.37325918674469 17267
1751470239791 2.8598761558532715 17268
1751470241126 0.5120093822479248 17269
1751470242443 0.4865756928920746 17270
1751470243768 0.46227145195007324 17271
1751470245087 0.7655110359191895 17272
1751470247394 0.516358494758606 17273
1751470248790 0.7448972463607788 17274
1751470250119 0.7830917239189148 17275
1751470251533 0.7115017175674438 17276
1751470252852 1.0158545970916748 17277
1751470254159 0.857032060623169 17278
1751470255782 0.4475271701812744 17279
1751470257584 0.4091377258300781 17280
1751470258999 0.20127451419830322 17281
1751470260347 1.3472273349761963 17282
1751470261721 0.4966323673725128 17283
1751470263061 0.32981082797050476 17284
1751470264850 3.0753355026245117 17285
1751470266276 0.7725449800491333 17286
1751470268337 0.9173938035964966 17287
1751470269745 0.6333778500556946 17288
1751470271140 0.9157711863517761 17289
1751470272797 0.5206153392791748 17290
1751470274132 1.1974494457244873 17291
1751470275614 0.6085346937179565 17292
1751470277055 0.9443503618240356 17293
1751470278880 0.6641201972961426 17294
1751470280190 0.8265378475189209 17295
1751470281941 0.494113951921463 17296
1751470283322 0.9545159339904785 17297
1751470284647 0.859808623790741 17298
1751470285992 1.0668519735336304 17299
1751470287365 0.6678693890571594 17300
1751470288722 0.4488815367221832 17301
1751470290359 1.4890336990356445 17302
1751470291722 0.3575330674648285 17303
1751470292959 0.9240590333938599 17304
1751470294258 1.0012224912643433 17305
1751470295570 1.0884324312210083 17306
1751470297003 0.7738975286483765 17307
1751470298563 0.9231880903244019 17308
1751470300367 1.6301217079162598 17309
1751470301795 1.0148100852966309 17310
1751470303190 0.4336303770542145 17311
1751470304560 0.7728190422058105 17312
1751470305921 0.9356082677841187 17313
1751470307567 0.9156442284584045 17314
1751470309162 1.141539454460144 17315
1751470310643 0.6404601335525513 17316
1751470311954 0.9866242408752441 17317
1751470313251 0.6699947714805603 17318
1751470314563 0.7915178537368774 17319
1751470316208 0.3471570611000061 17320
1751470317602 1.03183913230896 17321
1751470319130 0.7760998606681824 17322
1751470320467 0.3343409597873688 17323
1751470321797 0.34086063504219055 17324
1751470323114 0.8540763854980469 17325
1751470324787 1.0272250175476074 17326
1751470326161 1.0044395923614502 17327
1751470327521 0.6577110290527344 17328
1751470328875 0.6871606111526489 17329
1751470330457 0.9586789608001709 17330
1751470332092 0.5971571207046509 17331
1751470333393 0.6438585519790649 17332
1751470334782 1.0633437633514404 17333
1751470336150 0.6358221769332886 17334
1751470337518 0.5631589889526367 17335
1751470338851 1.6673914194107056 17336
1751470340531 0.7654285430908203 17337
1751470342345 0.5174916982650757 17338
1751470343808 0.8187386393547058 17339
1751470345219 0.9948871731758118 17340
1751470346611 0.4787488579750061 17341
1751470347842 0.6111176609992981 17342
1751470349534 0.7414101362228394 17343
1751470351062 0.595901608467102 17344
1751470352953 0.74594646692276 17345
1751470354286 0.5332842469215393 17346
1751470355689 0.7277629375457764 17347
1751470357114 0.7831088304519653 17348
1751470358783 0.8539699912071228 17349
1751470360172 0.5572377443313599 17350
1751470361532 0.83756422996521 17351
1751470362873 0.5184175968170166 17352
1751470364177 0.7550354599952698 17353
1751470365507 0.6834261417388916 17354
1751470367166 0.39071112871170044 17355
1751470368610 0.3910697400569916 17356
1751470369985 0.7146497368812561 17357
1751470371330 0.8382933139801025 17358
1751470372731 0.48871225118637085 17359
1751470374073 0.48634403944015503 17360
1751470375666 0.2196374386548996 17361
1751470377040 0.655882716178894 17362
1751470378396 1.2225991487503052 17363
1751470379724 0.6151520609855652 17364
1751470381093 0.5619986057281494 17365
1751470382846 0.8588317632675171 17366
1751470384298 0.4241178631782532 17367
1751470386037 0.949823796749115 17368
1751470387350 0.6257754564285278 17369
1751470388718 0.8900480270385742 17370
1751470390229 0.7124577760696411 17371
1751470391829 0.4588127136230469 17372
1751470393140 1.1230027675628662 17373
1751470394508 0.722581148147583 17374
1751470395801 1.6084243059158325 17375
1751470397182 0.49840185046195984 17376
1751470398491 0.7812888622283936 17377
1751470400143 0.8416275978088379 17378
1751470401446 0.5589084625244141 17379
1751470402804 0.5596174001693726 17380
1751470404166 0.3858593702316284 17381
1751470405693 1.072829246520996 17382
1751470407145 0.9494984745979309 17383
1751470408831 0.6445037126541138 17384
1751470410235 0.6688035726547241 17385
1751470411661 0.9876013994216919 17386
1751470413085 1.2580218315124512 17387
1751470414433 0.5238046050071716 17388
1751470415889 1.0278030633926392 17389
1751470417797 1.6191681623458862 17390
1751470419114 1.3186583518981934 17391
1751470420476 0.5162357091903687 17392
1751470421796 0.6466681957244873 17393
1751470423124 0.6252751350402832 17394
1751470424427 1.1953903436660767 17395
1751470426084 0.24554669857025146 17396
1751470428068 0.6414726972579956 17397
1751470429399 0.6800469756126404 17398
1751470430762 0.796589732170105 17399
1751470432107 0.5689948797225952 17400
1751470433444 0.8804439306259155 17401
1751470435022 0.21352332830429077 17402
1751470436356 0.4792746901512146 17403
1751470437732 1.7532998323440552 17404
1751470439025 0.9340457916259766 17405
1751470440433 0.7237630486488342 17406
1751470441815 0.5725168585777283 17407
1751470443443 0.8418630361557007 17408
1751470444886 0.6548048257827759 17409
1751470446260 0.6094028353691101 17410
1751470447675 0.6400102376937866 17411
1751470449306 1.0790038108825684 17412
1751470450821 1.1363601684570312 17413
1751470452459 1.2813007831573486 17414
1751470453863 0.8372842073440552 17415
1751470455188 0.9378489851951599 17416
1751470456573 0.6200788021087646 17417
1751470458166 0.8390483856201172 17418
1751470460180 0.550750195980072 17419
1751470461784 0.7562453746795654 17420
1751470463237 0.38025254011154175 17421
1751470465494 0.6819067597389221 17422
1751470466919 0.43490496277809143 17423
1751470468348 0.4304201304912567 17424
1751470469978 0.8708120584487915 17425
1751470471337 0.5309137105941772 17426
1751470472641 0.6367852687835693 17427
1751470473947 0.885699987411499 17428
1751470475309 0.5019119381904602 17429
1751470476665 0.3291867673397064 17430
1751470478271 1.0385667085647583 17431
1751470479617 1.18556547164917 17432
1751470481560 0.6890398263931274 17433
1751470482902 0.7431402206420898 17434
1751470484181 0.49579787254333496 17435
1751470485559 1.0490717887878418 17436
1751470487268 0.6575040817260742 17437
1751470488736 0.48955070972442627 17438
1751470490078 0.6893628239631653 17439
1751470491491 0.6444406509399414 17440
1751470492865 0.825782060623169 17441
1751470494224 1.4585280418395996 17442
1751470495967 1.0124348402023315 17443
1751470497404 1.1687312126159668 17444
1751470498767 0.9235731363296509 17445
1751470500078 0.6802495718002319 17446
1751470501460 0.8161779642105103 17447
1751470503158 0.8529618382453918 17448
1751470504484 0.6011386513710022 17449
1751470505819 0.7457767724990845 17450
1751470507106 0.45669135451316833 17451
1751470508473 0.12184026837348938 17452
1751470509772 1.0579144954681396 17453
1751470511370 0.7248586416244507 17454
1751470512722 0.8009883761405945 17455
1751470514179 0.32707279920578003 17456
1751470515572 0.939723551273346 17457
1751470517130 0.8769413232803345 17458
1751470518895 0.7551878690719604 17459
1751470520647 0.5817314982414246 17460
1751470521963 0.5416758060455322 17461
1751470523373 0.7766271233558655 17462
1751470524768 0.5838068127632141 17463
1751470526146 0.4183467924594879 17464
1751470527533 0.9117148518562317 17465
1751470529773 0.5291262865066528 17466
1751470531160 0.7563843131065369 17467
1751470532597 2.8495144844055176 17468
1751470533922 0.7536013126373291 17469
1751470535332 1.569920539855957 17470
1751470536734 1.13609778881073 17471
1751470538552 0.6603359580039978 17472
1751470540347 0.9987547397613525 17473
1751470541668 0.7460397481918335 17474
1751470543045 0.40755876898765564 17475
1751470544394 0.659130334854126 17476
1751470545763 0.8978899717330933 17477
1751470547558 0.5956094264984131 17478
1751470549061 1.6320056915283203 17479
1751470550788 0.49484783411026 17480
1751470552195 0.6048448085784912 17481
1751470553511 2.9361631870269775 17482
1751470554965 0.38968878984451294 17483
1751470556581 0.6295684576034546 17484
1751470557902 0.47483959794044495 17485
1751470559137 1.1020355224609375 17486
1751470560510 0.6204360723495483 17487
1751470561963 0.9859464168548584 17488
1751470563328 0.4006149172782898 17489
1751470564982 0.6819238662719727 17490
1751470566312 0.5968164205551147 17491
1751470567684 0.7232982516288757 17492
1751470569047 0.6630910634994507 17493
1751470570840 2.006152629852295 17494
1751470572471 0.5322993993759155 17495
1751470573829 0.9963518381118774 17496
1751470576037 0.8572959899902344 17497
1751470577478 1.0994367599487305 17498
1751470578814 0.5823432803153992 17499
1751470580196 0.7511952519416809 17500
1751470581877 0.5480853915214539 17501
1751470583271 0.5765459537506104 17502
1751470584631 0.6296296119689941 17503
1751470586040 0.7419207096099854 17504
1751470587429 0.7348812818527222 17505
1751470588831 0.5539501905441284 17506
1751470590505 0.6441783905029297 17507
1751470591878 2.1950325965881348 17508
1751470593264 0.9809075593948364 17509
1751470594671 0.22832100093364716 17510
1751470596171 0.7961070537567139 17511
1751470597472 1.8604704141616821 17512
1751470599198 0.7817196846008301 17513
1751470600568 1.026868462562561 17514
1751470602353 0.6689144372940063 17515
1751470603760 1.1083459854125977 17516
1751470605069 1.281490445137024 17517
1751470606436 0.3553689122200012 17518
1751470608219 0.42383503913879395 17519
1751470609876 1.0086854696273804 17520
1751470611312 0.7768769264221191 17521
1751470613355 0.9562711715698242 17522
1751470614688 1.274672508239746 17523
1751470616383 0.662011981010437 17524
1751470617729 0.8225628137588501 17525
1751470619946 0.5341275334358215 17526
1751470621254 1.2500693798065186 17527
1751470622560 1.0955660343170166 17528
1751470623933 0.652955174446106 17529
1751470625600 0.6040481925010681 17530
1751470627028 0.44517362117767334 17531
1751470628352 0.6147543787956238 17532
1751470630145 1.322819709777832 17533
1751470631397 1.1593313217163086 17534
1751470632801 0.4309528172016144 17535
1751470634488 0.7589924335479736 17536
1751470635992 0.5191324949264526 17537
1751470637353 0.4029560089111328 17538
1751470638729 0.7143417596817017 17539
1751470640010 1.2907841205596924 17540
1751470641402 1.0477856397628784 17541
1751470642995 0.6658598184585571 17542
1751470644345 1.019906997680664 17543
1751470645661 0.804599940776825 17544
1751470647020 0.8407940864562988 17545
1751470648322 1.3343685865402222 17546
1751470650055 0.6685148477554321 17547
1751470651601 0.25529763102531433 17548
1751470653099 0.8719972968101501 17549
1751470654459 0.14193740487098694 17550
1751470655882 1.039366602897644 17551
1751470657260 0.6448696851730347 17552
1751470658831 0.7376501560211182 17553
1751470661252 1.05056893825531 17554
1751470662591 0.7669630646705627 17555
1751470663932 1.6071546077728271 17556
1751470665278 1.0493218898773193 17557
1751470666682 0.791051983833313 17558
1751470668329 0.8118740320205688 17559
1751470669667 1.6411879062652588 17560
1751470671017 1.390493631362915 17561
1751470672323 0.9034324288368225 17562
1751470673723 0.8547497987747192 17563
1751470675444 0.5630242824554443 17564
1751470676758 1.6173038482666016 17565
1751470678036 0.6883934140205383 17566
1751470679380 1.061075210571289 17567
1751470680792 0.7387917041778564 17568
1751470682103 0.8496383428573608 17569
1751470683755 0.7192615866661072 17570
1751470685151 0.2082657366991043 17571
1751470686426 0.5203085541725159 17572
1751470687884 1.0520280599594116 17573
1751470689267 0.6594253182411194 17574
1751470690636 0.17907074093818665 17575
1751470692226 0.6833620071411133 17576
1751470693568 0.965518593788147 17577
1751470694920 0.5831817984580994 17578
1751470696233 0.5630636215209961 17579
1751470697547 0.2013457715511322 17580
1751470699040 0.7519428730010986 17581
1751470700674 0.7748631834983826 17582
1751470702051 0.41079485416412354 17583
1751470703425 0.8659954071044922 17584
1751470704839 0.7058286666870117 17585
1751470706170 0.9351482391357422 17586
1751470707635 2.0085699558258057 17587
1751470709152 0.7407229542732239 17588
1751470710471 0.6896134614944458 17589
1751470711934 0.9742940664291382 17590
1751470713368 0.8464168906211853 17591
1751470714734 1.0233089923858643 17592
1751470716342 0.370694637298584 17593
1751470717701 0.38669881224632263 17594
1751470719077 0.904774010181427 17595
1751470720348 0.5640367269515991 17596
1751470721686 1.0816230773925781 17597
1751470723043 0.5892505645751953 17598
1751470724701 0.7580632567405701 17599
1751470726192 0.37719103693962097 17600
1751470727553 0.7186431884765625 17601
1751470728867 0.8133693933486938 17602
1751470730314 0.49353209137916565 17603
1751470731622 0.7065361738204956 17604
1751470733279 1.4483489990234375 17605
1751470734705 0.611210823059082 17606
1751470736064 1.2450438737869263 17607
1751470737373 0.7620158791542053 17608
1751470738756 0.7223221063613892 17609
1751470740287 1.3355154991149902 17610
1751470741602 0.8027897477149963 17611
1751470742977 0.5879908800125122 17612
1751470744206 1.3695275783538818 17613
1751470745572 0.43241846561431885 17614
1751470746950 1.0971624851226807 17615
1751470748619 0.6430777907371521 17616
1751470749909 0.5274623036384583 17617
1751470751256 0.6953100562095642 17618
1751470752606 0.9171928763389587 17619
1751470754053 0.4176477789878845 17620
1751470755399 0.6832380890846252 17621
1751470757018 0.5283427238464355 17622
1751470758503 0.802290141582489 17623
1751470759836 0.7693215608596802 17624
1751470761088 0.872921884059906 17625
1751470762491 0.6207536458969116 17626
1751470764112 0.6951035261154175 17627
1751470765576 1.1001121997833252 17628
1751470766855 0.7734209299087524 17629
1751470768230 0.7316849231719971 17630
1751470769654 0.5891042947769165 17631
1751470771110 0.9375178217887878 17632
1751470772855 1.011603832244873 17633
1751470774125 0.8647657632827759 17634
1751470775459 0.8545991778373718 17635
1751470776784 0.8233296871185303 17636
1751470778137 0.5337026119232178 17637
1751470779479 0.6245973110198975 17638
1751470781178 0.37132298946380615 17639
1751470782555 0.8235586881637573 17640
1751470783882 0.8642172813415527 17641
1751470785220 0.6416422128677368 17642
1751470786587 0.7231872081756592 17643
1751470787929 0.5486360192298889 17644
1751470789555 0.9595155715942383 17645
1751470790966 0.5271676778793335 17646
1751470792286 0.6703510880470276 17647
1751470793636 0.6574385166168213 17648
1751470794975 1.1291203498840332 17649
1751470796243 0.5724658370018005 17650
1751470797872 0.8281171321868896 17651
1751470799263 0.1997271329164505 17652
1751470800644 0.4261258840560913 17653
1751470802009 0.9663342237472534 17654
1751470803377 0.7549381852149963 17655
1751470804963 0.3912564516067505 17656
1751470806339 1.1273646354675293 17657
1751470807689 1.9753286838531494 17658
1751470809031 0.4551398754119873 17659
1751470810431 0.7963255643844604 17660
1751470811722 0.6443972587585449 17661
1751470813282 0.7062737345695496 17662
1751470814622 0.6374579668045044 17663
1751470815958 1.2798376083374023 17664
1751470817394 0.551722526550293 17665
1751470818847 0.7793088555335999 17666
1751470820477 0.9697757959365845 17667
1751470821822 1.6773792505264282 17668
1751470823137 1.0455043315887451 17669
1751470824469 0.8468095064163208 17670
1751470825967 0.730158805847168 17671
1751470827341 0.6636923551559448 17672
1751470828921 0.6622735857963562 17673
1751470830251 0.4280169606208801 17674
1751470831585 0.556580662727356 17675
1751470832887 0.45934581756591797 17676
1751470834257 0.5577181577682495 17677
1751470835584 0.5589703917503357 17678
1751470837252 0.5129957795143127 17679
1751470838612 0.39175742864608765 17680
1751470839958 0.09099552035331726 17681
1751470841209 0.8560424447059631 17682
1751470842526 0.9281603693962097 17683
1751470843915 0.9449411630630493 17684
1751470845602 0.6433578133583069 17685
1751470847017 0.18144167959690094 17686
1751470848372 0.5622227191925049 17687
1751470849763 0.75941401720047 17688
1751470851193 0.6724958419799805 17689
1751470852900 0.4925815463066101 17690
1751470854206 1.5326125621795654 17691
1751470855540 0.6348099708557129 17692
1751470856885 0.523099958896637 17693
1751470858253 0.6108148097991943 17694
1751470859636 0.929183304309845 17695
1751470861330 0.8470085859298706 17696
1751470862567 5.525628566741943 17697
1751470863824 0.8531318306922913 17698
1751470865289 0.3445570766925812 17699
1751470866589 1.5676567554473877 17700
1751470867985 0.5250344276428223 17701
1751470869611 0.20846469700336456 17702
1751470870934 0.7672796249389648 17703
1751470872342 0.9127388000488281 17704
1751470873774 1.7443115711212158 17705
1751470875112 0.5789060592651367 17706
1751470876768 0.7426194548606873 17707
1751470878082 1.0985605716705322 17708
1751470879443 0.830416202545166 17709
1751470880812 2.1525208950042725 17710
1751470882126 0.6276012659072876 17711
1751470883445 2.447227954864502 17712
1751470885099 0.7060319185256958 17713
1751470886406 0.7532026767730713 17714
1751470887700 0.296106219291687 17715
1751470889039 0.6183120608329773 17716
1751470890472 0.6015198230743408 17717
1751470891777 1.4486747980117798 17718
1751470893392 0.7261637449264526 17719
1751470894736 0.2661866545677185 17720
1751470896018 1.1537913084030151 17721
1751470897332 0.7427595853805542 17722
1751470898727 0.7694053649902344 17723
1751470900008 0.8174756765365601 17724
1751470901612 0.9207489490509033 17725
1751470902937 0.6318829655647278 17726
1751470904270 0.7579851746559143 17727
1751470905629 0.8109101057052612 17728
1751470907014 0.5007903575897217 17729
1751470908288 0.9322640895843506 17730
1751470909918 0.6813495755195618 17731
1751470911340 1.205282211303711 17732
1751470912888 0.8920631408691406 17733
1751470914525 0.4713405966758728 17734
1751470916011 1.001339077949524 17735
1751470917688 0.577019214630127 17736
1751470919021 3.6447463035583496 17737
1751470920363 0.5966341495513916 17738
1751470921667 0.7078498601913452 17739
1751470923023 0.7698007822036743 17740
1751470924426 1.0693318843841553 17741
1751470926288 0.6966416835784912 17742
1751470927818 1.6536678075790405 17743
1751470929308 0.5018794536590576 17744
1751470930763 0.5803334712982178 17745
1751470932333 0.8320496082305908 17746
1751470933967 0.8426882028579712 17747
1751470935533 1.4873452186584473 17748
1751470937052 1.9690663814544678 17749
1751470938565 0.514202356338501 17750
1751470940076 0.5949464440345764 17751
1751470941545 0.36745592951774597 17752
1751470943213 0.660904049873352 17753
1751470944539 0.6104328632354736 17754
1751470945841 0.9855824708938599 17755
1751470947168 0.7549036145210266 17756
1751470948589 0.8997111916542053 17757
1751470950279 0.49420326948165894 17758
1751470954046 0.5002471804618835 17759
1751470956241 0.5044147372245789 17760
1751470957820 0.7009031176567078 17761
1751470959652 0.7366127967834473 17762
1751470961348 0.807047963142395 17763
1751470963006 0.8853194117546082 17764
1751470964351 0.6207473278045654 17765
1751470965743 0.8421364426612854 17766
1751470967701 1.3737545013427734 17767
1751470969476 0.5617824792861938 17768
1751470970869 0.7337933778762817 17769
1751470972375 1.618229866027832 17770
1751470973680 0.5905622243881226 17771
1751470974984 0.528207004070282 17772
1751470976292 1.2284178733825684 17773
1751470977636 0.5282472372055054 17774
1751470979032 0.7646439671516418 17775
1751470980766 0.3981998562812805 17776
1751470982128 0.7793262600898743 17777
1751470983491 0.2981223165988922 17778
1751470984895 1.1464338302612305 17779
1751470986242 1.0759799480438232 17780
1751470987611 0.5622475147247314 17781
1751470989364 1.4136130809783936 17782
1751470990686 0.7533659338951111 17783
1751470992061 0.8188060522079468 17784
1751470993393 0.5069695711135864 17785
1751470994655 0.6374187469482422 17786
1751470996220 0.9181021451950073 17787
1751470997491 0.5974088311195374 17788
1751470998879 1.6985018253326416 17789
1751471000260 0.6641329526901245 17790
1751471001729 0.8994090557098389 17791
1751471003117 1.055635929107666 17792
1751471004806 0.7698853611946106 17793
1751471006218 0.8493629097938538 17794
1751471007564 0.6186002492904663 17795
1751471008915 1.2211467027664185 17796
1751471010256 0.6448148488998413 17797
1751471011582 1.3128879070281982 17798
1751471013206 0.3226858973503113 17799
1751471014482 0.720958948135376 17800
1751471015793 0.9298101663589478 17801
1751471017098 1.1583609580993652 17802
1751471018463 0.652869701385498 17803
1751471020107 0.6330752372741699 17804
1751471021582 0.28875479102134705 17805
1751471022959 1.14955735206604 17806
1751471024375 0.8094519376754761 17807
1751471025721 0.9415351748466492 17808
1751471026991 0.887423038482666 17809
1751471028716 0.5172608494758606 17810
1751471029989 0.5789381265640259 17811
1751471031331 0.8998262882232666 17812
1751471032815 0.8516272902488708 17813
1751471034216 0.8120224475860596 17814
1751471035520 0.6566998362541199 17815
1751471037194 0.6185392737388611 17816
1751471038509 0.11607316136360168 17817
1751471039796 0.7658818960189819 17818
1751471041090 0.01807987131178379 17819
1751471042459 0.6143960952758789 17820
1751471043746 0.16616711020469666 17821
1751471045439 0.5335663557052612 17822
1751471046789 0.735211968421936 17823
1751471048191 0.11228835582733154 17824
1751471049564 0.6468920707702637 17825
1751471050888 0.8460820317268372 17826
1751471052475 0.7811217904090881 17827
1751471053796 3.1233506202697754 17828
1751471055263 0.5829910635948181 17829
1751471056707 1.6286355257034302 17830
1751471058000 0.7729198932647705 17831
1751471059350 0.9048886895179749 17832
1751471060915 1.057803750038147 17833
1751471062304 1.7022079229354858 17834
1751471063584 0.8591528534889221 17835
1751471065059 0.5852346420288086 17836
1751471066416 0.9725260734558105 17837
1751471067723 0.6041236519813538 17838
1751471069271 0.3324040174484253 17839
1751471070583 1.227889060974121 17840
1751471071992 1.0939648151397705 17841
1751471073386 0.6894642114639282 17842
1751471074752 0.843616783618927 17843
1751471076358 1.0811917781829834 17844
1751471077730 0.6581562757492065 17845
1751471078983 1.1391664743423462 17846
1751471080352 1.8306233882904053 17847
1751471081741 0.5486722588539124 17848
1751471083086 0.3796007037162781 17849
1751471084627 1.0994372367858887 17850
1751471085963 0.6353154182434082 17851
1751471087280 0.9107115864753723 17852
1751471088638 0.6396622657775879 17853
1751471089946 0.9151614308357239 17854
1751471091257 0.6762635111808777 17855
1751471092881 0.6014060974121094 17856
1751471094267 0.8478835225105286 17857
1751471095606 0.6157599687576294 17858
1751471096923 0.8345309495925903 17859
1751471098212 1.0423606634140015 17860
1751471099888 0.6991528272628784 17861
1751471101280 1.0933316946029663 17862
1751471102570 0.2381439357995987 17863
1751471103906 0.9798608422279358 17864
1751471105205 0.6662017703056335 17865
1751471106624 1.0801303386688232 17866
1751471108287 1.0537827014923096 17867
1751471109642 0.8877781629562378 17868
1751471110934 0.5054528117179871 17869
1751471112274 0.5676261186599731 17870
1751471113693 0.5280537605285645 17871
1751471115080 0.5496305823326111 17872
1751471116594 0.4787593185901642 17873
1751471118051 0.3998333811759949 17874
1751471119364 0.5260311365127563 17875
1751471120699 0.8498460054397583 17876
1751471122163 0.8526579737663269 17877
1751471123504 0.7738029956817627 17878
1751471125024 0.6027030944824219 17879
1751471126447 0.3469671607017517 17880
1751471127787 0.7607588171958923 17881
1751471129190 0.5877657532691956 17882
1751471130516 0.4908495843410492 17883
1751471132171 0.720206618309021 17884
1751471133471 0.8984197378158569 17885
1751471134756 0.5808579325675964 17886
1751471136082 0.6275607347488403 17887
1751471137362 0.832697868347168 17888
1751471138715 0.6811074614524841 17889
1751471140316 0.5736142992973328 17890
1751471141642 1.1128851175308228 17891
1751471142964 0.5939971208572388 17892
1751471144279 0.7275916337966919 17893
1751471145582 1.3136475086212158 17894
1751471147145 1.0375432968139648 17895
1751471148506 0.07779785245656967 17896
1751471149861 0.6376526951789856 17897
1751471151130 1.8567979335784912 17898
1751471152544 0.5359101891517639 17899
1751471153934 1.991835355758667 17900
1751471155294 0.7299801111221313 17901
1751471156936 0.9257990717887878 17902
1751471158277 0.9468883275985718 17903
1751471159583 0.9032904505729675 17904
1751471161020 1.0029865503311157 17905
1751471162325 0.5999278426170349 17906
1751471163637 0.32728517055511475 17907
1751471165247 0.6177597045898438 17908
1751471166585 0.6888145804405212 17909
1751471167927 0.6661847829818726 17910
1751471169342 0.7074735164642334 17911
1751471170773 0.682969331741333 17912
1751471172074 0.6225016117095947 17913
1751471173689 0.7667821049690247 17914
1751471174983 0.6285358667373657 17915
1751471176274 0.6667162179946899 17916
1751471177597 0.7247120141983032 17917
1751471178932 0.6060782670974731 17918
1751471180536 1.077135682106018 17919
1751471181822 0.6564393043518066 17920
1751471183147 1.1194863319396973 17921
1751471184614 0.5126667022705078 17922
1751471186036 0.5335004329681396 17923
1751471187385 0.9810726642608643 17924
1751471188978 1.1424485445022583 17925
1751471190298 0.14555895328521729 17926
1751471191675 0.9094063639640808 17927
1751471192947 0.028667036443948746 17928
1751471194311 0.6943464279174805 17929
1751471195611 1.2072672843933105 17930
1751471197273 1.0203497409820557 17931
1751471198623 0.7295364141464233 17932
1751471199859 0.7971440553665161 17933
1751471201168 0.5108891129493713 17934
1751471202528 0.680331826210022 17935
1751471204194 0.615718424320221 17936
1751471205468 0.5691061019897461 17937
1751471206795 1.0127061605453491 17938
1751471208122 0.588344931602478 17939
1751471209434 0.5688254833221436 17940
1751471210771 1.2746288776397705 17941
1751471212500 1.198620319366455 17942
1751471214000 0.5899531841278076 17943
1751471215652 0.7399286031723022 17944
1751471217375 0.5181616544723511 17945
1751471219338 0.5705726146697998 17946
1751471220899 0.7892538905143738 17947
1751471222239 1.1689794063568115 17948
1751471223570 0.7332857847213745 17949
1751471225010 0.7955073714256287 17950
1751471226329 0.785447359085083 17951
1751471227882 0.727818489074707 17952
1751471229604 0.7546901106834412 17953
1751471230996 0.5471545457839966 17954
1751471232400 0.9817346334457397 17955
1751471233891 0.5906547904014587 17956
1751471235283 0.30275675654411316 17957
1751471236997 0.7413525581359863 17958
1751471238357 1.0126750469207764 17959
1751471239759 1.1605699062347412 17960
1751471241155 0.8475177884101868 17961
1751471242552 0.5905760526657104 17962
1751471243904 0.890953540802002 17963
1751471245537 0.517062783241272 17964
1751471246925 0.5422074794769287 17965
1751471248212 1.1623456478118896 17966
1751471249501 0.621415913105011 17967
1751471250795 0.7999652624130249 17968
1751471252143 1.221909523010254 17969
1751471253785 0.18390102684497833 17970
1751471255080 0.9055073261260986 17971
1751471256389 1.0582740306854248 17972
1751471257705 0.7358684539794922 17973
1751471259183 0.935980498790741 17974
1751471260782 1.048480749130249 17975
1751471262141 0.5654743909835815 17976
1751471263474 0.7822048664093018 17977
1751471264787 0.8416370153427124 17978
1751471266201 0.8025498390197754 17979
1751471267546 0.9450014233589172 17980
1751471269162 0.9387094974517822 17981
1751471270554 0.6793309450149536 17982
1751471271943 0.5011318922042847 17983
1751471273266 0.6378904581069946 17984
1751471274601 0.6917388439178467 17985
1751471276268 0.5968445539474487 17986
1751471277547 0.6400138139724731 17987
1751471278903 0.9557749032974243 17988
1751471280200 0.79408198595047 17989
1751471281491 0.5699373483657837 17990
1751471282826 0.5917199850082397 17991
1751471284520 0.7044392824172974 17992
1751471285836 0.6426152586936951 17993
1751471287165 1.0818923711776733 17994
1751471288552 0.9837116003036499 17995
1751471289912 0.7345075607299805 17996
1751471291185 1.1574585437774658 17997
1751471292807 0.4613925516605377 17998
1751471294138 0.7864879965782166 17999
1751471295276 3.0772483348846436 18000
1751471377369 1.0840116739273071 18001
1751471378912 0.4806024134159088 18002
1751471380558 1.526252269744873 18003
1751471381880 0.7798075675964355 18004
1751471383205 0.40337735414505005 18005
1751471384561 0.5959673523902893 18006
1751471385874 0.9578768014907837 18007
1751471387378 0.9272218942642212 18008
1751471389066 0.7557280659675598 18009
1751471390443 0.6592678427696228 18010
1751471391777 0.5677687525749207 18011
1751471393132 0.7017545700073242 18012
1751471394399 2.208411931991577 18013
1751471396001 1.8011596202850342 18014
1751471397327 1.0397201776504517 18015
1751471398629 1.0213966369628906 18016
1751471400067 0.5455858707427979 18017
1751471401336 0.725479006767273 18018
1751471402638 1.1599233150482178 18019
1751471404303 0.9280937910079956 18020
1751471405626 0.8459957242012024 18021
1751471406971 0.8679856657981873 18022
1751471408305 0.9876531362533569 18023
1751471409635 0.5254107117652893 18024
1751471411028 1.0519713163375854 18025
1751471412616 0.8291398286819458 18026
1751471413951 0.7388666868209839 18027
1751471415292 0.8942276239395142 18028
1751471416627 1.2096757888793945 18029
1751471417985 1.971281886100769 18030
1751471419537 0.7097111344337463 18031
1751471420882 1.3369600772857666 18032
1751471422234 0.5232820510864258 18033
1751471423705 0.3986610770225525 18034
1751471425070 1.2470808029174805 18035
1751471426477 0.6453807353973389 18036
1751471428237 0.5574370622634888 18037
1751471429553 0.8096473217010498 18038
1751471430844 1.355982780456543 18039
1751471432168 0.6395553350448608 18040
1751471433457 0.6282296776771545 18041
1751471434854 0.7796008586883545 18042
1751471436458 0.5075132250785828 18043
1751471437901 0.7154792547225952 18044
1751471439293 1.3650554418563843 18045
1751471440610 0.5727552771568298 18046
1751471442064 1.5616698265075684 18047
1751471443594 0.877644956111908 18048
1751471444921 0.7146477699279785 18049
1751471446263 1.592186450958252 18050
1751471447605 1.1274311542510986 18051
1751471449013 0.7112985849380493 18052
1751471450375 0.7122082710266113 18053
1751471452012 0.7947666049003601 18054
1751471453381 0.8639602661132812 18055
1751471454712 0.6498578786849976 18056
1751471456022 0.7713521122932434 18057
1751471457332 0.5275444984436035 18058
1751471459016 0.9492512941360474 18059
1751471460318 0.632175862789154 18060
1751471461732 0.3707011938095093 18061
1751471462978 0.6506015062332153 18062
1751471464299 0.8435503244400024 18063
1751471465647 0.48768118023872375 18064
1751471467308 1.6710282564163208 18065
1751471468737 0.25530239939689636 18066
1751471470156 0.26492825150489807 18067
1751471471502 0.8046462535858154 18068
1751471472815 0.5936667919158936 18069
1751471474344 0.47454118728637695 18070
1751471475654 0.6946236491203308 18071
1751471476984 1.023658275604248 18072
1751471478274 0.3074353337287903 18073
1751471479627 0.7480099201202393 18074
1751471480922 1.1101747751235962 18075
1751471482630 0.6816881895065308 18076
1751471484006 0.6641794443130493 18077
1751471485368 0.8950991630554199 18078
1751471486782 1.026686429977417 18079
1751471488134 1.1292191743850708 18080
1751471489823 0.9680306911468506 18081
1751471491111 0.5953409671783447 18082
1751471492429 0.4589390754699707 18083
1751471493838 0.9491281509399414 18084
1751471495134 0.5284757018089294 18085
1751471496556 0.9643723368644714 18086
1751471498038 0.7440432906150818 18087
1751471499398 0.881349503993988 18088
1751471500732 1.3954908847808838 18089
1751471502058 0.8448233604431152 18090
1751471503379 0.7047967910766602 18091
1751471505086 0.8129817247390747 18092
1751471506344 1.1084274053573608 18093
1751471507758 0.6715950965881348 18094
1751471509161 0.4741016924381256 18095
1751471510573 0.6031213998794556 18096
1751471511922 0.7146168947219849 18097
1751471513554 0.7300414443016052 18098
1751471514900 0.7277482748031616 18099
1751471516191 1.2271912097930908 18100
1751471517549 1.0283540487289429 18101
1751471518905 0.6713598966598511 18102
1751471520460 0.8855165243148804 18103
1751471521749 0.7848542332649231 18104
1751471523111 0.9251952767372131 18105
1751471524408 0.9545224905014038 18106
1751471525706 0.6471277475357056 18107
1751471527082 0.5245039463043213 18108
1751471528691 0.5903264284133911 18109
1751471530013 1.5262417793273926 18110
1751471531234 1.0060137510299683 18111
1751471532621 1.7708001136779785 18112
1751471533919 0.4999380111694336 18113
1751471535287 1.0766657590866089 18114
1751471536863 0.195316344499588 18115
1751471538220 0.0717523843050003 18116
1751471539641 0.4966066777706146 18117
1751471540989 1.3101016283035278 18118
1751471542385 1.3154523372650146 18119
1751471543940 0.15322288870811462 18120
1751471545235 1.7911021709442139 18121
1751471546623 1.1622401475906372 18122
1751471547975 0.9542303681373596 18123
1751471549387 1.167741298675537 18124
1751471550726 0.8499256372451782 18125
1751471552374 0.5838461518287659 18126
1751471553679 0.8442142605781555 18127
1751471555118 0.655893087387085 18128
1751471556466 0.3988173007965088 18129
1751471557844 0.9916830062866211 18130
1751471559351 1.0487914085388184 18131
1751471560919 0.3939501643180847 18132
1751471562341 0.686850905418396 18133
1751471563829 1.023697853088379 18134
1751471565257 0.6870882511138916 18135
1751471566674 0.8085107803344727 18136
1751471568345 1.135418176651001 18137
1751471569612 1.1631708145141602 18138
1751471570900 0.6031801700592041 18139
1751471572330 0.668027400970459 18140
1751471573691 0.9928889274597168 18141
1751471575017 0.9791561365127563 18142
1751471576828 0.7639845609664917 18143
1751471578191 1.0811514854431152 18144
1751471579499 0.8003594875335693 18145
1751471580879 0.558883786201477 18146
1751471582265 0.5103788375854492 18147
1751471583839 0.6378270387649536 18148
1751471585201 0.44189220666885376 18149
1751471586572 0.6238033175468445 18150
1751471587855 0.574606716632843 18151
1751471589164 0.6072366833686829 18152
1751471590458 0.6867855787277222 18153
1751471592030 0.8190906047821045 18154
1751471593329 0.6312122344970703 18155
1751471594738 0.7998361587524414 18156
1751471596074 0.5871649980545044 18157
1751471597424 0.7230210304260254 18158
1751471598805 0.5368351936340332 18159
1751471600381 0.8610726594924927 18160
1751471601812 0.9878991842269897 18161
1751471603175 0.9187471270561218 18162
1751471604484 1.1287784576416016 18163
1751471605793 1.4469029903411865 18164
1751471607365 0.4359544515609741 18165
1751471608695 0.7575572729110718 18166
1751471610084 0.6131786108016968 18167
1751471611405 0.7753727436065674 18168
1751471612682 1.1475015878677368 18169
1751471613989 0.43360379338264465 18170
1751471615608 0.8097339868545532 18171
1751471617079 0.8214854598045349 18172
1751471618508 0.4763450026512146 18173
1751471619868 1.0425877571105957 18174
1751471621186 1.0273560285568237 18175
1751471622560 0.7802835702896118 18176
1751471624157 0.6070730686187744 18177
1751471625506 0.571661114692688 18178
1751471626799 1.1822261810302734 18179
1751471628155 0.4540071189403534 18180
1751471629489 0.5107830762863159 18181
1751471631085 0.9998979568481445 18182
1751471632455 0.9871975183486938 18183
1751471633781 1.545352578163147 18184
1751471635121 0.5209922790527344 18185
1751471636438 1.3268053531646729 18186
1751471637788 0.4835067689418793 18187
1751471639552 0.747859001159668 18188
1751471640909 0.7448108196258545 18189
1751471642231 0.8851886987686157 18190
1751471643578 0.9955914616584778 18191
1751471644879 1.4886102676391602 18192
1751471646540 1.1155537366867065 18193
1751471647891 0.0648861899971962 18194
1751471649196 1.0559682846069336 18195
1751471650510 1.6277047395706177 18196
1751471651802 1.8660190105438232 18197
1751471653098 0.9112278819084167 18198
1751471654608 1.4843432903289795 18199
1751471655958 0.8069357872009277 18200
1751471657290 0.810292661190033 18201
1751471658640 0.7929916381835938 18202
1751471660110 0.8438159227371216 18203
1751471661425 0.9078435897827148 18204
1751471663013 1.6326543092727661 18205
1751471664300 1.5433944463729858 18206
1751471665596 0.6708041429519653 18207
1751471666928 0.8104578256607056 18208
1751471668277 1.4777940511703491 18209
1751471669940 0.6574844121932983 18210
1751471671261 0.5949434041976929 18211
1751471672651 0.7820382118225098 18212
1751471674002 0.4959455728530884 18213
1751471675432 1.353736400604248 18214
1751471676713 0.8262332677841187 18215
1751471678296 0.8365899324417114 18216
1751471679658 3.3384408950805664 18217
1751471680960 0.6375297904014587 18218
1751471682267 1.0477700233459473 18219
1751471683740 1.0331144332885742 18220
1751471685294 0.5615811944007874 18221
1751471686550 0.8775861859321594 18222
1751471687849 0.021921221166849136 18223
1751471689164 0.47968700528144836 18224
1751471690493 1.0433635711669922 18225
1751471691864 0.8268483281135559 18226
1751471693613 0.6055971384048462 18227
1751471694967 1.3750300407409668 18228
1751471696283 0.09509366005659103 18229
1751471697681 0.8134795427322388 18230
1751471699014 1.4545974731445312 18231
1751471700341 0.5509530305862427 18232
1751471701994 0.480808287858963 18233
1751471703358 0.9480353593826294 18234
1751471704675 1.1169445514678955 18235
1751471706029 0.8681252002716064 18236
1751471707358 0.6925398707389832 18237
1751471708930 0.9063184261322021 18238
1751471710187 0.5925743579864502 18239
1751471711484 0.4883074164390564 18240
1751471712786 0.6023356914520264 18241
1751471714121 0.4845842719078064 18242
1751471715392 0.96734619140625 18243
1751471717054 0.45485246181488037 18244
1751471718336 1.2495315074920654 18245
1751471719665 0.5706721544265747 18246
1751471721005 0.7381289005279541 18247
1751471722302 0.486667275428772 18248
1751471723883 0.7952039241790771 18249
1751471725207 0.6299983859062195 18250
1751471726579 0.5832118988037109 18251
1751471727951 0.8357557654380798 18252
1751471729266 0.6567240953445435 18253
1751471730676 0.7177248001098633 18254
1751471732319 1.4088737964630127 18255
1751471733809 0.8862603902816772 18256
1751471735187 0.6385043859481812 18257
1751471736647 1.034847378730774 18258
1751471738017 0.5230057239532471 18259
1751471739650 0.6583465337753296 18260
1751471741038 0.45916229486465454 18261
1751471742362 0.8587419390678406 18262
1751471743739 0.9420968890190125 18263
1751471745066 0.7196876406669617 18264
1751471746440 0.9586707353591919 18265
1751471748022 0.8672101497650146 18266
1751471749356 1.02828049659729 18267
1751471750687 0.6647678017616272 18268
1751471752013 1.2984349727630615 18269
1751471753358 0.5284765958786011 18270
1751471754873 1.0315816402435303 18271
1751471756249 0.7417775988578796 18272
1751471757565 0.1984727531671524 18273
1751471758908 0.8887385129928589 18274
1751471760269 0.45104295015335083 18275
1751471761632 1.3612266778945923 18276
1751471763248 0.6113042235374451 18277
1751471764605 0.7535837292671204 18278
1751471765927 1.0347375869750977 18279
1751471767332 0.7731295824050903 18280
1751471768616 0.5796495676040649 18281
1751471770164 0.6779270172119141 18282
1751471771467 0.5270277261734009 18283
1751471772735 0.9935862421989441 18284
1751471774143 0.9956127405166626 18285
1751471775525 0.7361822128295898 18286
1751471776856 0.9341605305671692 18287
1751471778469 0.34488818049430847 18288
1751471779843 0.8782908916473389 18289
1751471781213 0.6657744646072388 18290
1751471782518 0.49976515769958496 18291
1751471783824 0.4916900396347046 18292
1751471785386 1.5398380756378174 18293
1751471786735 1.3216450214385986 18294
1751471788072 1.2670836448669434 18295
1751471789401 0.6528270244598389 18296
1751471790821 0.4161599576473236 18297
1751471792555 0.8727671504020691 18298
1751471793872 1.1271755695343018 18299
1751471795303 1.0980491638183594 18300
1751471796691 0.5752533078193665 18301
1751471798141 0.585610032081604 18302
1751471799612 0.9640889167785645 18303
1751471801193 1.0471936464309692 18304
1751471802588 1.164623737335205 18305
1751471803943 0.7186216711997986 18306
1751471805254 0.5733001232147217 18307
1751471806525 0.7263615131378174 18308
1751471808049 1.261198878288269 18309
1751471809436 0.9465356469154358 18310
1751471810923 0.5959056615829468 18311
1751471812274 0.6695492267608643 18312
1751471813574 0.8637099266052246 18313
1751471814912 0.6021023988723755 18314
1751471816463 0.7985388040542603 18315
1751471817848 0.9625553488731384 18316
1751471819136 1.0163706541061401 18317
1751471820461 0.5158917903900146 18318
1751471821800 0.04313475638628006 18319
1751471823496 0.5554556250572205 18320
1751471824855 0.5512843132019043 18321
1751471826209 0.7429841160774231 18322
1751471827554 0.8795438408851624 18323
1751471829002 0.6941951513290405 18324
1751471830546 0.9783210158348083 18325
1751471831908 0.6602257490158081 18326
1751471833324 0.8874885439872742 18327
1751471834700 0.6379164457321167 18328
1751471836051 1.10780668258667 18329
1751471837427 1.0166430473327637 18330
1751471839057 0.5751950740814209 18331
1751471840410 0.4152791500091553 18332
1751471841774 0.9554441571235657 18333
1751471843084 0.7803387641906738 18334
1751471844425 0.9057245254516602 18335
1751471846072 0.4097932279109955 18336
1751471847350 0.49132227897644043 18337
1751471848595 1.4228012561798096 18338
1751471849896 1.1012649536132812 18339
1751471851247 0.8403452038764954 18340
1751471852515 0.9057650566101074 18341
1751471854047 0.6258345246315002 18342
1751471855376 1.060178518295288 18343
1751471856711 0.8716201186180115 18344
1751471858073 0.09046422690153122 18345
1751471859500 0.7573938369750977 18346
1751471860922 2.6847991943359375 18347
1751471862563 0.5151939392089844 18348
1751471863908 0.9214221239089966 18349
1751471865171 0.747695803642273 18350
1751471866552 0.4980274736881256 18351
1751471867963 0.7330519556999207 18352
1751471869549 0.9980832934379578 18353
1751471870849 0.4704802334308624 18354
1751471872308 0.7548366189002991 18355
1751471873590 1.4146625995635986 18356
1751471874972 0.3982502222061157 18357
1751471876625 0.6189848184585571 18358
1751471877921 1.1375517845153809 18359
1751471879374 0.8009520769119263 18360
1751471880699 0.6327409744262695 18361
1751471882047 0.6639710664749146 18362
1751471883413 0.6823234558105469 18363
1751471884940 0.6587011814117432 18364
1751471886265 1.1737937927246094 18365
1751471887693 0.4629020690917969 18366
1751471889072 0.983631432056427 18367
1751471890402 0.7636377811431885 18368
1751471892065 0.6215121746063232 18369
1751471893313 0.9311841726303101 18370
1751471894687 1.2619032859802246 18371
1751471896012 0.18775959312915802 18372
1751471897331 0.6952742338180542 18373
1751471898655 0.7350900173187256 18374
1751471900366 0.7172311544418335 18375
1751471901653 0.7472715377807617 18376
1751471902979 0.6318251490592957 18377
1751471904280 1.4987902641296387 18378
1751471905618 0.587209939956665 18379
1751471907309 0.4974770247936249 18380
1751471908698 1.197000503540039 18381
1751471910098 0.9456488490104675 18382
1751471911460 0.24384576082229614 18383
1751471912784 0.1382572501897812 18384
1751471914203 0.47285109758377075 18385
1751471915798 0.7424570322036743 18386
1751471917093 0.6722100377082825 18387
1751471918516 0.5119369029998779 18388
1751471919861 0.4447876811027527 18389
1751471921251 1.0758774280548096 18390
1751471922782 1.077775001525879 18391
1751471924139 0.6227660179138184 18392
1751471925485 0.6543750762939453 18393
1751471926770 1.7201910018920898 18394
1751471928057 0.704512357711792 18395
1751471929747 1.1909263134002686 18396
1751471931077 0.623551607131958 18397
1751471932462 1.1059541702270508 18398
1751471933798 3.7740626335144043 18399
1751471935201 0.4410662055015564 18400
1751471936503 0.9709655046463013 18401
1751471938089 0.42152339220046997 18402
1751471939389 0.6590540409088135 18403
1751471940711 0.4967966377735138 18404
1751471942053 1.0420091152191162 18405
1751471943362 0.7519904375076294 18406
1751471944719 0.09312956035137177 18407
1751471946346 1.0859746932983398 18408
1751471947799 0.9078892469406128 18409
1751471949076 0.5118216872215271 18410
1751471950435 0.6627771258354187 18411
1751471951772 0.7064058780670166 18412
1751471953247 0.5396976470947266 18413
1751471954577 1.1387178897857666 18414
1751471955923 0.8072513937950134 18415
1751471957278 0.7146795392036438 18416
1751471958569 0.8074984550476074 18417
1751471960171 0.7097329497337341 18418
1751471961465 0.602501392364502 18419
1751471962797 1.0837059020996094 18420
1751471964188 0.15246035158634186 18421
1751471965546 1.071254014968872 18422
1751471966913 0.152841255068779 18423
1751471968489 1.0273494720458984 18424
1751471969819 0.7260475158691406 18425
1751471971171 0.6047835946083069 18426
1751471972500 1.2626452445983887 18427
1751471973825 1.01395845413208 18428
1751471975104 0.8045088052749634 18429
1751471976758 0.5868291258811951 18430
1751471978097 0.6754559278488159 18431
1751471979400 0.9962984323501587 18432
1751471980777 0.6918330192565918 18433
1751471982056 0.1811922788619995 18434
1751471983548 0.37317201495170593 18435
1751471984894 1.742784857749939 18436
1751471986205 0.41782671213150024 18437
1751471987460 1.2019014358520508 18438
1751471988795 0.8143397569656372 18439
1751471990191 2.2584621906280518 18440
1751471991764 0.6271436214447021 18441
1751471993069 0.7064923048019409 18442
1751471994380 0.37243497371673584 18443
1751471995654 0.7570923566818237 18444
1751471997034 0.5736149549484253 18445
1751471998674 0.7461414933204651 18446
1751471999980 0.3630540072917938 18447
1751472001332 0.8576383590698242 18448
1751472002687 0.44574862718582153 18449
1751472004036 0.7081384062767029 18450
1751472005638 0.6553877592086792 18451
1751472006916 1.4788587093353271 18452
1751472008289 0.6010938882827759 18453
1751472009635 0.9382933378219604 18454
1751472011011 1.1994218826293945 18455
1751472012379 0.7979254722595215 18456
1751472013902 0.4860021770000458 18457
1751472015353 0.4891352653503418 18458
1751472016619 2.0916411876678467 18459
1751472017928 1.1014418601989746 18460
1751472019212 0.5402856469154358 18461
1751472020477 0.5137935280799866 18462
1751472022079 0.8225468397140503 18463
1751472023452 0.9396896362304688 18464
1751472024780 0.36418378353118896 18465
1751472026063 0.6607701182365417 18466
1751472027471 1.0703980922698975 18467
1751472029128 1.2236170768737793 18468
1751472030494 0.49721759557724 18469
1751472031871 0.42392459511756897 18470
1751472033235 0.4683005213737488 18471
1751472034579 1.105456829071045 18472
1751472035884 0.47911274433135986 18473
1751472037459 0.6022664308547974 18474
1751472038790 0.5310494899749756 18475
1751472040109 0.9083003997802734 18476
1751472041486 0.6580302715301514 18477
1751472042873 0.5061428546905518 18478
1751472044460 0.23672661185264587 18479
1751472045797 0.6376015543937683 18480
1751472047231 1.0205152034759521 18481
1751472048676 0.6754810810089111 18482
1751472050037 1.0427268743515015 18483
1751472051341 1.0405911207199097 18484
1751472052929 0.6628017425537109 18485
1751472054313 0.43946975469589233 18486
1751472055595 0.5336312055587769 18487
1751472056905 0.3734726309776306 18488
1751472058270 1.306151270866394 18489
1751472059842 0.7178913950920105 18490
1751472061164 0.42846229672431946 18491
1751472062510 0.66190505027771 18492
1751472063844 0.6401065587997437 18493
1751472065153 0.5967380404472351 18494
1751472066543 0.5284014344215393 18495
1751472068167 0.6623441576957703 18496
1751472069447 0.5510230660438538 18497
1751472070786 0.46880677342414856 18498
1751472072277 0.9321892261505127 18499
1751472073596 0.9373757839202881 18500
1751472075246 1.6717089414596558 18501
1751472076619 0.619716227054596 18502
1751472077942 0.304322749376297 18503
1751472079288 0.6100952625274658 18504
1751472080601 0.5452889204025269 18505
1751472082108 0.6577184796333313 18506
1751472083479 0.807135820388794 18507
1751472084734 0.5728870630264282 18508
1751472086060 0.49470555782318115 18509
1751472087366 0.9678775072097778 18510
1751472088666 0.9008876085281372 18511
1751472090265 0.4238526225090027 18512
1751472091535 0.10112365335226059 18513
1751472092816 0.47024649381637573 18514
1751472094330 1.2759143114089966 18515
1751472095670 0.5919218063354492 18516
1751472097321 0.5641824007034302 18517
1751472098690 0.5393364429473877 18518
1751472099994 1.1924265623092651 18519
1751472101345 0.8897197246551514 18520
1751472102753 1.091092824935913 18521
1751472104080 0.48031488060951233 18522
1751472105740 0.7848573923110962 18523
1751472107154 0.13346241414546967 18524
1751472108540 0.4682847261428833 18525
1751472109860 0.42688316106796265 18526
1751472111279 1.5171136856079102 18527
1751472112959 0.1226963996887207 18528
1751472114350 0.6670352220535278 18529
1751472115733 0.5399799942970276 18530
1751472117087 0.1727539449930191 18531
1751472118411 0.8901944160461426 18532
1751472119764 0.6574691534042358 18533
1751472121358 0.48903292417526245 18534
1751472122680 0.5432162880897522 18535
1751472123956 0.7362750172615051 18536
1751472125349 0.6365760564804077 18537
1751472126660 0.37567681074142456 18538
1751472128308 0.8562062978744507 18539
1751472129656 0.7098290324211121 18540
1751472131097 0.5619120597839355 18541
1751472132466 0.5012859106063843 18542
1751472133775 0.43012893199920654 18543
1751472135156 0.6915946006774902 18544
1751472136768 1.2712327241897583 18545
1751472138237 0.8127181529998779 18546
1751472139654 0.5419541001319885 18547
1751472141086 1.1498034000396729 18548
1751472142584 0.4798670709133148 18549
1751472144135 0.7224464416503906 18550
1751472145934 0.6581473350524902 18551
1751472147281 1.364902138710022 18552
1751472148653 0.6443690061569214 18553
1751472149961 0.7007094025611877 18554
1751472151394 0.22854366898536682 18555
1751472152937 1.1749169826507568 18556
1751472154290 1.0775119066238403 18557
1751472155694 0.6720749735832214 18558
1751472157027 0.9539390802383423 18559
1751472158500 0.6036441326141357 18560
1751472160144 0.7404897212982178 18561
1751472161384 0.40917494893074036 18562
1751472162799 2.319601058959961 18563
1751472164160 0.7922317385673523 18564
1751472165562 0.8408859372138977 18565
1751472166890 0.9813394546508789 18566
1751472168540 0.42538148164749146 18567
1751472169915 1.055074691772461 18568
1751472171250 0.7725417017936707 18569
1751472172655 0.48266077041625977 18570
1751472174064 0.5616450309753418 18571
1751472175630 1.2263901233673096 18572
1751472176952 0.6880151033401489 18573
1751472178193 0.7568128108978271 18574
1751472179496 0.5106946229934692 18575
1751472180787 0.5309408903121948 18576
1751472182061 0.7947988510131836 18577
1751472183710 0.5560017824172974 18578
1751472185058 0.25256019830703735 18579
1751472186403 0.9297586679458618 18580
1751472187738 0.679194450378418 18581
1751472189068 0.7082987427711487 18582
1751472190716 1.6206262111663818 18583
1751472192004 1.0663740634918213 18584
1751472193352 0.8074830174446106 18585
1751472194696 0.6536025404930115 18586
1751472196014 0.45374318957328796 18587
1751472197490 0.7331783771514893 18588
1751472199196 1.4096879959106445 18589
1751472200531 0.4404757618904114 18590
1751472201835 0.7474892139434814 18591
1751472203185 0.5284788012504578 18592
1751472204660 0.6664406061172485 18593
1751472206053 1.075006365776062 18594
1751472207669 0.7277171015739441 18595
1751472209002 1.9639822244644165 18596
1751472210401 1.3731844425201416 18597
1751472211872 0.4654201865196228 18598
1751472213225 1.4091076850891113 18599
1751472214912 0.8015822172164917 18600
1751472216201 1.472571849822998 18601
1751472217551 1.4177966117858887 18602
1751472218909 0.47300487756729126 18603
1751472220252 0.5318465828895569 18604
1751472221868 0.5090271830558777 18605
1751472223252 0.6287457346916199 18606
1751472224653 0.6957015991210938 18607
1751472226081 0.38246604800224304 18608
1751472227395 0.8198214769363403 18609
1751472228894 0.6816009879112244 18610
1751472230499 0.5035448670387268 18611
1751472231811 1.2854998111724854 18612
1751472233141 0.16973960399627686 18613
1751472234510 1.2285767793655396 18614
1751472235830 1.1805174350738525 18615
1751472237513 0.45838963985443115 18616
1751472238957 1.6762683391571045 18617
1751472240320 0.628646969795227 18618
1751472241724 0.6935667395591736 18619
1751472243064 0.5675892233848572 18620
1751472244382 0.5540879368782043 18621
1751472245898 0.7382700443267822 18622
1751472247254 0.5465969443321228 18623
1751472248577 0.9334431290626526 18624
1751472249958 1.0224751234054565 18625
1751472251399 0.5878605246543884 18626
1751472253030 0.5924355983734131 18627
1751472254512 0.5537484884262085 18628
1751472255827 0.5539053082466125 18629
1751472257136 0.5301539301872253 18630
1751472258446 0.6196098923683167 18631
1751472260147 0.6588683724403381 18632
1751472261528 0.9115762710571289 18633
1751472262895 0.7357034683227539 18634
1751472264217 0.03641222417354584 18635
1751472265576 1.0752668380737305 18636
1751472266908 1.2366642951965332 18637
1751472268498 0.2392166256904602 18638
1751472269858 0.058237120509147644 18639
1751472270965 3.1811537742614746 18640
1751472272309 1.018181562423706 18641
1751472273646 0.5654386281967163 18642
1751472275163 0.29646122455596924 18643
1751472276554 0.5060186386108398 18644
1751472277905 0.8179316520690918 18645
1751472279195 1.0548230409622192 18646
1751472280526 0.6898438930511475 18647
1751472282163 0.866856575012207 18648
1751472283537 0.9600549936294556 18649
1751472284905 0.6556138396263123 18650
1751472286217 0.5869781970977783 18651
1751472287533 1.0765706300735474 18652
1751472288805 0.9105594158172607 18653
1751472290412 0.4348043203353882 18654
1751472291764 0.8709233403205872 18655
1751472293038 0.555916965007782 18656
1751472294419 0.6485444903373718 18657
1751472295746 0.7819916009902954 18658
1751472297300 0.6440027952194214 18659
1751472298681 0.42514675855636597 18660
1751472300059 0.5163537263870239 18661
1751472301376 0.9411708116531372 18662
1751472302655 0.9332277178764343 18663
1751472303951 0.7823622226715088 18664
1751472305597 0.6116753816604614 18665
1751472306971 0.27285388112068176 18666
1751472308301 0.4973876178264618 18667
1751472309724 0.5604151487350464 18668
1751472311051 0.5089440941810608 18669
1751472312586 0.686586320400238 18670
1751472313964 0.5994036793708801 18671
1751472315302 0.7135044932365417 18672
1751472316757 0.8528025150299072 18673
1751472318059 0.5852495431900024 18674
1751472319701 0.7588375806808472 18675
1751472320928 0.7672590017318726 18676
1751472322273 0.7937911748886108 18677
1751472323663 0.39302724599838257 18678
1751472324983 0.6163861751556396 18679
1751472326336 1.0951241254806519 18680
1751472327991 0.8756296038627625 18681
1751472329324 0.9287086725234985 18682
1751472330692 0.5627583265304565 18683
1751472332001 0.12238117307424545 18684
1751472333321 0.8069400787353516 18685
1751472334994 0.4410339593887329 18686
1751472336347 0.9355108737945557 18687
1751472337644 0.4656728506088257 18688
1751472338978 1.1371281147003174 18689
1751472340300 0.6899081468582153 18690
1751472341607 1.1503368616104126 18691
1751472343258 0.8169695138931274 18692
1751472344687 0.8348532915115356 18693
1751472346061 0.746819257736206 18694
1751472347402 0.5703515410423279 18695
1751472348709 1.1236052513122559 18696
1751472350460 1.3379862308502197 18697
1751472351777 0.16581317782402039 18698
1751472353046 0.7729360461235046 18699
1751472354400 2.225499391555786 18700
1751472355832 0.9062546491622925 18701
1751472357219 1.3951255083084106 18702
1751472358772 0.8982117772102356 18703
1751472360062 0.5818855166435242 18704
1751472361506 1.0841515064239502 18705
1751472362921 0.51351398229599 18706
1751472364338 1.06122887134552 18707
1751472365887 0.8506698608398438 18708
1751472367234 1.3355152606964111 18709
1751472368615 0.8338047862052917 18710
1751472369942 0.717822790145874 18711
1751472371305 0.6002322435379028 18712
1751472372657 0.787777841091156 18713
1751472374281 0.8765901327133179 18714
1751472375575 0.8784773945808411 18715
1751472376891 0.6894763708114624 18716
1751472378268 0.6059280633926392 18717
1751472379567 0.733832061290741 18718
1751472381067 0.7070454359054565 18719
1751472382382 0.7621545791625977 18720
1751472383624 1.3149957656860352 18721
1751472384967 0.9840866923332214 18722
1751472386263 1.0777536630630493 18723
1751472387614 1.1911643743515015 18724
1751472389300 0.8611550331115723 18725
1751472390659 0.9270234107971191 18726
1751472392062 0.7003570795059204 18727
1751472393360 0.6891914010047913 18728
1751472394675 0.8126015663146973 18729
1751472396233 0.589783787727356 18730
1751472397634 0.7677209973335266 18731
1751472399085 1.0618500709533691 18732
1751472400419 0.5311102867126465 18733
1751472401735 0.5183051824569702 18734
1751472403501 0.697613537311554 18735
1751472404933 0.6639623045921326 18736
1751472406283 0.6055525541305542 18737
1751472407610 1.100253939628601 18738
1751472409044 1.2326514720916748 18739
1751472410345 0.8748204708099365 18740
1751472411913 1.0985909700393677 18741
1751472413410 0.5888633728027344 18742
1751472414792 0.6814075708389282 18743
1751472416102 1.076911211013794 18744
1751472417582 0.7296636700630188 18745
1751472419251 0.43431106209754944 18746
1751472420626 0.5059856176376343 18747
1751472421966 1.040173053741455 18748
1751472423276 0.7461203336715698 18749
1751472424651 0.5470227003097534 18750
1751472426014 1.0615057945251465 18751
1751472427610 0.57014399766922 18752
1751472429144 0.8641886115074158 18753
1751472430525 0.7538217306137085 18754
1751472431874 0.7034260630607605 18755
1751472433434 0.6248646378517151 18756
1751472435343 0.5844109654426575 18757
1751472436697 0.5689777135848999 18758
1751472438115 1.7683613300323486 18759
1751472439720 0.6171508431434631 18760
1751472441206 1.6796882152557373 18761
1751472442905 2.9845404624938965 18762
1751472444337 1.1363605260849 18763
1751472445698 0.6856769323348999 18764
1751472447047 1.5571939945220947 18765
1751472448441 0.8048042058944702 18766
1751472449979 0.4538070261478424 18767
1751472451374 1.0923786163330078 18768
1751472454283 0.5934218168258667 18769
1751472455979 0.5067943334579468 18770
1751472457474 0.7610442042350769 18771
1751472458934 1.118575096130371 18772
1751472460556 0.6998096704483032 18773
1751472461946 0.8251355886459351 18774
1751472463941 0.9786967635154724 18775
1751472466489 0.7497798204421997 18776
1751472467812 0.5912905335426331 18777
1751472469452 0.8527462482452393 18778
1751472470738 0.5988970994949341 18779
1751472472070 0.6829443573951721 18780
1751472473385 1.0121583938598633 18781
1751472474720 0.7121647596359253 18782
1751472476054 1.4177879095077515 18783
1751472477817 0.6779929399490356 18784
1751472479284 0.7806618213653564 18785
1751472480661 0.6214735507965088 18786
1751472481976 1.0749796628952026 18787
1751472483403 0.6515263915061951 18788
1751472485030 0.2201688140630722 18789
1751472486439 0.7814417481422424 18790
1751472487798 0.4417192339897156 18791
1751472489136 0.7145232558250427 18792
1751472490439 0.7649341821670532 18793
1751472491854 0.7917768955230713 18794
1751472493527 0.610194981098175 18795
1751472494915 1.0048645734786987 18796
1751472496315 0.5767386555671692 18797
1751472497654 0.5787327885627747 18798
1751472499078 0.7631977796554565 18799
1751472500605 0.9883421659469604 18800
1751472502011 0.8960490822792053 18801
1751472503512 0.8207625150680542 18802
1751472504881 1.09824538230896 18803
1751472506277 0.6032159328460693 18804
1751472507901 0.9062608480453491 18805
1751472509250 0.7731021642684937 18806
1751472510575 0.473690927028656 18807
1751472512083 1.0783336162567139 18808
1751472513442 1.186084270477295 18809
1751472515054 0.6883595585823059 18810
1751472516420 0.22520653903484344 18811
1751472517701 0.5501967668533325 18812
1751472519124 0.7651079893112183 18813
1751472520513 0.5675458908081055 18814
1751472521802 0.643045961856842 18815
1751472523317 0.5345525145530701 18816
1751472524660 0.82002854347229 18817
1751472525994 0.5178811550140381 18818
1751472527303 0.2768639326095581 18819
1751472528672 0.9568204879760742 18820
1751472530309 0.5267153382301331 18821
1751472531619 0.6605420112609863 18822
1751472532913 0.6002674102783203 18823
1751472534160 0.2712729275226593 18824
1751472535572 0.5981099009513855 18825
1751472536891 0.8393613696098328 18826
1751472538506 0.8329150080680847 18827
1751472539855 0.873577356338501 18828
1751472541194 0.7865771055221558 18829
1751472542539 0.9481909275054932 18830
1751472543877 1.0488935708999634 18831
1751472545532 0.5730578899383545 18832
1751472546897 0.6622482538223267 18833
1751472548315 0.7215430736541748 18834
1751472549586 0.5920225381851196 18835
1751472550914 1.461913824081421 18836
1751472552244 0.7742724418640137 18837
1751472553817 0.5745589733123779 18838
1751472555200 0.8173836469650269 18839
1751472556567 1.1138834953308105 18840
1751472557849 0.688579797744751 18841
1751472559202 1.3372642993927002 18842
1751472560839 0.786474347114563 18843
1751472562215 0.7339334487915039 18844
1751472563558 0.5387774109840393 18845
1751472564891 0.5206056237220764 18846
1751472566271 0.6454588174819946 18847
1751472567812 0.8194755911827087 18848
1751472569164 0.6470655798912048 18849
1751472570432 0.6485122442245483 18850
1751472571764 0.9964573979377747 18851
1751472573062 0.6088775396347046 18852
1751472574433 1.3651175498962402 18853
1751472576051 0.7679537534713745 18854
1751472577419 0.17015425860881805 18855
1751472578766 0.5450195074081421 18856
1751472580041 0.6263238191604614 18857
1751472581333 0.7654330730438232 18858
1751472582923 0.8359755277633667 18859
1751472584239 0.5122851729393005 18860
1751472585590 0.888552188873291 18861
1751472586942 0.12479230761528015 18862
1751472588269 0.8673409819602966 18863
1751472589827 0.9390455484390259 18864
1751472591175 0.6551803350448608 18865
1751472592541 1.002223014831543 18866
1751472593866 1.332674264907837 18867
1751472595195 1.2151325941085815 18868
1751472596476 0.9107516407966614 18869
1751472598026 2.03273344039917 18870
1751472599352 0.6658961772918701 18871
1751472600658 1.082031011581421 18872
1751472602009 1.1432571411132812 18873
1751472603381 1.2692410945892334 18874
1751472604957 1.0306826829910278 18875
1751472606247 1.2061163187026978 18876
1751472607601 0.2763671278953552 18877
1751472608886 2.2227425575256348 18878
1751472610192 0.5989387631416321 18879
1751472611750 0.45586004853248596 18880
1751472613172 0.8849663734436035 18881
1751472614493 3.268307685852051 18882
1751472615847 0.9122008681297302 18883
1751472617162 0.7364559769630432 18884
1751472618546 0.8810305595397949 18885
1751472620136 1.3693469762802124 18886
1751472621495 0.34509438276290894 18887
1751472622896 0.7247598171234131 18888
1751472624237 0.6429906487464905 18889
1751472625503 0.75249183177948 18890
1751472627169 2.0563201904296875 18891
1751472628498 0.7374792098999023 18892
1751472629881 0.42469796538352966 18893
1751472631185 1.4907329082489014 18894
1751472632612 0.4864600598812103 18895
1751472633934 0.7358444929122925 18896
1751472635594 0.8159176111221313 18897
1751472636960 0.630269467830658 18898
1751472638294 0.6631518602371216 18899
1751472639668 1.005199909210205 18900
1751472641008 1.4761722087860107 18901
1751472642803 0.9089808464050293 18902
1751472644135 0.7603245973587036 18903
1751472645414 1.0562314987182617 18904
1751472646731 0.08461032062768936 18905
1751472648095 1.2858498096466064 18906
1751472649735 0.6691901087760925 18907
1751472651077 0.5670182108879089 18908
1751472652428 0.7682972550392151 18909
1751472653813 1.325424075126648 18910
1751472655169 1.1990748643875122 18911
1751472656478 1.1578700542449951 18912
1751472658120 0.9689752459526062 18913
1751472659458 1.1591694355010986 18914
1751472660779 0.5830106735229492 18915
1751472662108 0.7163584232330322 18916
1751472663397 0.9359549283981323 18917
1751472664992 0.65035080909729 18918
1751472666350 0.7414458990097046 18919
1751472667700 1.0242769718170166 18920
1751472669037 0.7825397253036499 18921
1751472670339 0.6832913756370544 18922
1751472671753 0.798295259475708 18923
1751472673337 0.5677540898323059 18924
1751472674659 0.5114771127700806 18925
1751472675983 0.636925995349884 18926
1751472677310 0.8007684946060181 18927
1751472678640 0.8871558308601379 18928
1751472680169 1.1960495710372925 18929
1751472681453 1.16681706905365 18930
1751472682784 0.5002295970916748 18931
1751472684077 1.6681709289550781 18932
1751472685406 0.46083545684814453 18933
1751472686938 0.9310112595558167 18934
1751472688195 1.0786197185516357 18935
1751472689661 0.6426358222961426 18936
1751472690952 1.4403561353683472 18937
1751472692319 0.8383666276931763 18938
1751472693963 0.632250964641571 18939
1751472695238 0.14560852944850922 18940
1751472696512 1.3565583229064941 18941
1751472697922 1.1025056838989258 18942
1751472699317 0.5833988189697266 18943
1751472700699 0.5526237487792969 18944
1751472702247 0.9153925180435181 18945
1751472703507 0.7532672882080078 18946
1751472704799 0.880608081817627 18947
1751472706157 0.5735844969749451 18948
1751472707531 1.0836937427520752 18949
1751472709184 2.0734925270080566 18950
1751472710606 0.8651981353759766 18951
1751472711874 0.6727274656295776 18952
1751472713248 0.6480288505554199 18953
1751472714555 0.5687664747238159 18954
1751472715893 0.7246086597442627 18955
1751472717456 1.0460219383239746 18956
1751472718772 0.816187858581543 18957
1751472719982 2.944199562072754 18958
1751472721306 0.6389186382293701 18959
1751472722637 0.5363917350769043 18960
1751472724246 0.604112982749939 18961
1751472725594 0.5899068117141724 18962
1751472726990 0.9387413859367371 18963
1751472728390 1.0474584102630615 18964
1751472729693 0.7329257726669312 18965
1751472731198 0.7875165939331055 18966
1751472732476 0.6251581907272339 18967
1751472733865 0.6392173767089844 18968
1751472735199 0.7885460257530212 18969
1751472736515 1.3383233547210693 18970
1751472737901 0.9033936858177185 18971
1751472739486 1.3754980564117432 18972
1751472740888 0.5720251798629761 18973
1751472742171 0.6782670021057129 18974
1751472743559 1.296372413635254 18975
1751472744912 0.7809735536575317 18976
1751472746496 0.7028070688247681 18977
1751472747903 2.1477084159851074 18978
1751472749267 1.2651522159576416 18979
1751472750640 0.8752614855766296 18980
1751472751935 0.40250521898269653 18981
1751472753594 0.9103699922561646 18982
1751472755008 0.7619429230690002 18983
1751472756448 0.47815436124801636 18984
1751472757810 0.8228944540023804 18985
1751472759122 0.15960446000099182 18986
1751472760443 0.7754970788955688 18987
1751472762006 0.8749511241912842 18988
1751472763315 1.0778974294662476 18989
1751472764567 0.6732048988342285 18990
1751472765966 0.6124922037124634 18991
1751472767320 1.0071125030517578 18992
1751472768870 0.5873525738716125 18993
1751472770216 0.537867546081543 18994
1751472771585 0.593264639377594 18995
1751472772909 0.5903447270393372 18996
1751472774138 1.6518495082855225 18997
1751472775745 1.0940914154052734 18998
1751472777023 0.3833606243133545 18999
1751472778472 0.5657473206520081 19000
1751472779896 0.919049084186554 19001
1751472781193 3.1944007873535156 19002
1751472782810 0.6488056182861328 19003
1751472784151 0.5631489753723145 19004
1751472785605 0.8107888102531433 19005
1751472786977 0.6589112281799316 19006
1751472788292 1.0596792697906494 19007
1751472789836 0.38307949900627136 19008
1751472791167 0.27065104246139526 19009
1751472792491 0.11381196975708008 19010
1751472793851 0.49164777994155884 19011
1751472795183 0.5805703401565552 19012
1751472796603 0.6707706451416016 19013
1751472798104 0.8440966606140137 19014
1751472799490 0.7608048319816589 19015
1751472800797 2.433053493499756 19016
1751472802209 1.0162618160247803 19017
1751472803573 0.8612056970596313 19018
1751472805162 0.7622238397598267 19019
1751472806489 1.0754283666610718 19020
1751472807870 0.81767737865448 19021
1751472809221 1.3868017196655273 19022
1751472810559 0.6897088289260864 19023
1751472812117 0.5093262791633606 19024
1751472813432 0.6367368698120117 19025
1751472814730 2.975949287414551 19026
1751472816136 0.7215871214866638 19027
1751472817423 1.6051082611083984 19028
1751472818938 0.8354008197784424 19029
1751472820297 1.0291335582733154 19030
1751472821559 1.5987575054168701 19031
1751472822984 1.0742771625518799 19032
1751472824373 0.392062246799469 19033
1751472825780 0.48904892802238464 19034
1751472827457 0.5141600370407104 19035
1751472828761 0.8229487538337708 19036
1751472830091 0.7159768342971802 19037
1751472831483 0.6740171313285828 19038
1751472832917 0.8574724197387695 19039
1751472834671 1.1138787269592285 19040
1751472836016 0.7351315021514893 19041
1751472837376 0.6139389872550964 19042
1751472838689 1.5597492456436157 19043
1751472840031 0.9659116864204407 19044
1751472841632 0.8743582367897034 19045
1751472843038 1.168475866317749 19046
1751472844308 0.7965471148490906 19047
1751472845642 0.8124565482139587 19048
1751472846944 1.4643011093139648 19049
1751472848484 1.4626953601837158 19050
1751472849936 0.5256628394126892 19051
1751472851286 0.9665989875793457 19052
1751472852567 1.2529255151748657 19053
1751472853925 0.7945588231086731 19054
1751472855228 1.3733863830566406 19055
1751472856775 0.9578320980072021 19056
1751472858115 0.6748671531677246 19057
1751472859467 1.7700859308242798 19058
1751472860918 0.6765404939651489 19059
1751472862307 0.36626115441322327 19060
1751472863804 1.6315054893493652 19061
1751472865177 0.5127823352813721 19062
1751472866487 0.47534823417663574 19063
1751472867811 0.7686828970909119 19064
1751472869221 0.4340210556983948 19065
1751472870839 0.23701463639736176 19066
1751472872269 0.6025179624557495 19067
1751472873579 0.6157057881355286 19068
1751472874959 0.8801494240760803 19069
1751472876301 0.7599946856498718 19070
1751472877865 0.7308207750320435 19071
1751472879243 0.8859865665435791 19072
1751472880643 0.2545209228992462 19073
1751472882011 1.1722224950790405 19074
1751472883387 0.6642038822174072 19075
1751472884713 0.4591096043586731 19076
1751472886264 0.5632808804512024 19077
1751472887620 0.7923106551170349 19078
1751472888983 1.579565405845642 19079
1751472890346 1.05134916305542 19080
1751472891736 1.9967560768127441 19081
1751472893382 0.6734498739242554 19082
1751472894772 0.6778104305267334 19083
1751472896068 0.707500696182251 19084
1751472897391 1.0988632440567017 19085
1751472898739 0.8917521238327026 19086
1751472900340 1.1800861358642578 19087
1751472901755 0.4330037832260132 19088
1751472903031 0.6479365825653076 19089
1751472904405 0.9773380160331726 19090
1751472905725 0.6374256014823914 19091
1751472907028 1.1631791591644287 19092
1751472908619 0.5964111089706421 19093
1751472909924 0.689996600151062 19094
1751472911287 0.8543505072593689 19095
1751472912659 0.7436460256576538 19096
1751472913942 0.4766432046890259 19097
1751472915553 0.792860746383667 19098
1751472916941 0.5163187980651855 19099
1751472918280 6.0938873291015625 19100
1751472919622 0.31401893496513367 19101
1751472920977 0.8135676383972168 19102
1751472922683 0.5620060563087463 19103
1751472924031 0.45886602997779846 19104
1751472925342 0.9225751161575317 19105
1751472926664 0.756360650062561 19106
1751472927983 0.49858176708221436 19107
1751472929597 0.35348978638648987 19108
1751472930929 0.9003243446350098 19109
1751472932215 0.23555201292037964 19110
1751472933531 0.5372844338417053 19111
1751472934926 0.9180564880371094 19112
1751472936273 0.7616344690322876 19113
1751472937888 0.15758554637432098 19114
1751472939226 0.5091486573219299 19115
1751472940567 1.131547212600708 19116
1751472941904 1.0652554035186768 19117
1751472943214 0.06888902932405472 19118
1751472944683 0.5479618310928345 19119
1751472945989 0.4427024722099304 19120
1751472947356 0.7504168152809143 19121
1751472948762 0.9919503927230835 19122
1751472950128 1.1300945281982422 19123
1751472951698 0.9465245008468628 19124
1751472953124 0.9722784161567688 19125
1751472954560 0.7471908330917358 19126
1751472955936 1.0564334392547607 19127
1751472957322 0.18761426210403442 19128
1751472958967 0.5888365507125854 19129
1751472960301 0.7974252700805664 19130
1751472961592 0.2352064996957779 19131
1751472962901 0.8293372392654419 19132
1751472964248 1.1508066654205322 19133
1751472965539 0.7328809499740601 19134
1751472967137 1.1554512977600098 19135
1751472968353 0.7258930206298828 19136
1751472969601 0.6322460174560547 19137
1751472970931 0.9452323913574219 19138
1751472972365 0.7862046957015991 19139
1751472973999 0.5293159484863281 19140
1751472975327 0.6958659291267395 19141
1751472976639 0.9533165693283081 19142
1751472978065 0.6861604452133179 19143
1751472979376 0.6153340339660645 19144
1751472981067 0.8323156833648682 19145
1751472982359 0.567240834236145 19146
1751472983637 0.6288335919380188 19147
1751472984968 1.943062663078308 19148
1751472986354 1.1839983463287354 19149
1751472987683 0.8029820919036865 19150
1751472989332 1.133301854133606 19151
1751472990785 1.2759714126586914 19152
1751472992057 1.0269479751586914 19153
1751472993363 0.918482780456543 19154
1751472994689 0.7791661024093628 19155
1751472996274 0.722294270992279 19156
1751472997549 1.1788501739501953 19157
1751472998819 0.6382386684417725 19158
1751473000167 0.8278633952140808 19159
1751473001561 0.9885091781616211 19160
1751473003129 0.6745790243148804 19161
1751473004484 0.18646283447742462 19162
1751473005810 1.4947597980499268 19163
1751473007199 1.0302863121032715 19164
1751473008549 1.2487094402313232 19165
1751473010145 2.1105499267578125 19166
1751473011484 3.9781460762023926 19167
1751473012846 0.8647628426551819 19168
1751473014250 0.7753815650939941 19169
1751473015680 1.18436861038208 19170
1751473017378 1.2692577838897705 19171
1751473018694 0.7795764207839966 19172
1751473019972 0.6543610692024231 19173
1751473021289 0.7108460068702698 19174
1751473022646 0.6777362823486328 19175
1751473023996 0.79143226146698 19176
1751473025694 1.0641367435455322 19177
1751473026982 0.6716731786727905 19178
1751473028378 0.966833770275116 19179
1751473029726 0.3890224099159241 19180
1751473031056 0.9702107906341553 19181
1751473032647 0.3262275755405426 19182
1751473034009 0.5989773273468018 19183
1751473035352 2.635133743286133 19184
1751473036701 0.630944013595581 19185
1751473038077 0.844304621219635 19186
1751473039804 0.08977242559194565 19187
1751473041103 2.000771999359131 19188
1751473042455 0.42246925830841064 19189
1751473043872 0.9985470771789551 19190
1751473045225 1.820009469985962 19191
1751473046893 1.0432522296905518 19192
1751473048311 0.5733249187469482 19193
1751473049624 0.6585221886634827 19194
1751473050921 0.4668932557106018 19195
1751473052244 0.5876997709274292 19196
1751473053698 1.7686128616333008 19197
1751473055434 0.8558309078216553 19198
1751473056775 0.5282213091850281 19199
1751473058182 0.436413437128067 19200
1751473059494 0.4367561638355255 19201
1751473060864 0.5843333601951599 19202
1751473062458 0.7437124252319336 19203
1751473063908 1.1020344495773315 19204
1751473065205 0.8455882668495178 19205
1751473066447 0.6495985388755798 19206
1751473067797 0.5822356939315796 19207
1751473069505 0.49609610438346863 19208
1751473070840 0.6469434499740601 19209
1751473072154 0.5365725755691528 19210
1751473073438 0.4237542152404785 19211
1751473074773 0.9279708862304688 19212
1751473076435 0.6075336337089539 19213
1751473077862 2.55605411529541 19214
1751473079150 0.5657522082328796 19215
1751473080400 1.2236450910568237 19216
1751473081790 1.3228694200515747 19217
1751473083053 1.6999006271362305 19218
1751473084651 0.5867536067962646 19219
1751473085957 0.7684133052825928 19220
1751473087384 0.8917656540870667 19221
1751473088718 0.8109315037727356 19222
1751473090068 0.5878660678863525 19223
1751473091768 0.7261836528778076 19224
1751473093092 0.5653394460678101 19225
1751473094453 0.3660564124584198 19226
1751473095817 0.9102462530136108 19227
1751473097120 0.8455909490585327 19228
1751473098749 0.5567277669906616 19229
1751473100024 1.2648049592971802 19230
1751473101343 0.8782829642295837 19231
1751473102725 0.46242284774780273 19232
1751473103982 0.671161413192749 19233
1751473105309 0.5075213313102722 19234
1751473107006 0.6510670185089111 19235
1751473108435 0.7187579274177551 19236
1751473109819 0.625616192817688 19237
1751473111163 0.4419221878051758 19238
1751473112515 0.7869405746459961 19239
1751473114203 0.5298426151275635 19240
1751473115499 1.163087010383606 19241
1751473116854 0.6741352677345276 19242
1751473118229 0.7879055738449097 19243
1751473119498 0.8822587728500366 19244
1751473121077 0.6611031293869019 19245
1751473122402 0.7194058895111084 19246
1751473123763 1.2562880516052246 19247
1751473125121 0.488214910030365 19248
1751473126451 0.8128772974014282 19249
1751473128016 0.9038849472999573 19250
1751473129424 1.0028409957885742 19251
1751473130836 0.4768039584159851 19252
1751473132150 1.4504283666610718 19253
1751473133547 2.3415818214416504 19254
1751473135165 0.5259212255477905 19255
1751473136521 0.43536508083343506 19256
1751473137868 0.9560595750808716 19257
1751473139215 0.609395444393158 19258
1751473140525 0.5469061136245728 19259
1751473141823 0.596873939037323 19260
1751473143403 0.7797971963882446 19261
1751473144680 0.3737642765045166 19262
1751473146129 0.7493356466293335 19263
1751473147519 0.5662025213241577 19264
1751473148921 0.5373507738113403 19265
1751473150438 0.7707985043525696 19266
1751473151802 0.8344818353652954 19267
1751473153172 0.7915263175964355 19268
1751473154564 0.7366328835487366 19269
1751473155876 1.584643006324768 19270
1751473157451 0.6526216268539429 19271
1751473158764 0.8373512029647827 19272
1751473160189 1.0600898265838623 19273
1751473161480 0.14104589819908142 19274
1751473162830 1.1336522102355957 19275
1751473164205 0.5916523337364197 19276
1751473165726 0.8254562020301819 19277
1751473167062 0.46245792508125305 19278
1751473168430 0.5043765902519226 19279
1751473169815 0.6747689247131348 19280
1751473171090 1.2225933074951172 19281
1751473172718 0.7787352800369263 19282
1751473174176 0.7004154324531555 19283
1751473175461 0.5220230221748352 19284
1751473176836 0.7138140797615051 19285
1751473178201 0.5643262267112732 19286
1751473179897 0.6527916789054871 19287
1751473181388 0.7295606136322021 19288
1751473182729 0.5016947984695435 19289
1751473184148 0.11623132973909378 19290
1751473185461 0.618546724319458 19291
1751473187064 0.526701033115387 19292
1751473188422 0.8362814784049988 19293
1751473189764 0.9480418562889099 19294
1751473191185 0.9389429092407227 19295
1751473192438 0.6574036478996277 19296
1751473193783 0.41334807872772217 19297
1751473195360 0.5999873876571655 19298
1751473196703 0.6472358703613281 19299
1751473198012 0.3952634930610657 19300
1751473199334 0.7585079073905945 19301
1751473200679 0.1853095442056656 19302
1751473202238 0.4751012325286865 19303
1751473203632 0.7554757595062256 19304
1751473204949 0.6851145029067993 19305
1751473206253 0.8016748428344727 19306
1751473207600 0.6746912598609924 19307
1751473209194 0.5441337823867798 19308
1751473210571 0.521346926689148 19309
1751473211897 0.7532905340194702 19310
1751473213281 0.583981454372406 19311
1751473214603 0.3918996751308441 19312
1751473216254 0.4727481007575989 19313
1751473217575 0.5961817502975464 19314
1751473218957 0.5635472536087036 19315
1751473220276 0.6174123287200928 19316
1751473221659 0.7899945378303528 19317
1751473223210 0.7857895493507385 19318
1751473224622 0.713790237903595 19319
1751473226024 1.0773825645446777 19320
1751473227406 0.9863824844360352 19321
1751473228728 0.5371065139770508 19322
1751473230401 0.5350509881973267 19323
1751473231668 1.3551206588745117 19324
1751473233067 0.44932377338409424 19325
1751473234555 0.6578307151794434 19326
1751473235852 0.9658162593841553 19327
1751473237294 0.2827244699001312 19328
1751473238832 2.180006265640259 19329
1751473240261 0.6458122730255127 19330
1751473241617 0.6365315914154053 19331
1751473242940 0.5685759782791138 19332
1751473244253 0.5234355330467224 19333
1751473245905 0.5998457074165344 19334
1751473247355 0.6606462001800537 19335
1751473248761 0.9694854021072388 19336
1751473250179 0.579658567905426 19337
1751473251550 0.9961953163146973 19338
1751473253203 0.834477424621582 19339
1751473254559 0.9277596473693848 19340
1751473255904 0.6927767992019653 19341
1751473257236 0.8417108058929443 19342
1751473258590 0.5244892239570618 19343
1751473260128 1.3011481761932373 19344
1751473261427 0.6323696970939636 19345
1751473262764 1.0070343017578125 19346
1751473264028 1.288604497909546 19347
1751473265503 0.2137449085712433 19348
1751473267157 0.7906100749969482 19349
1751473268510 0.5183830261230469 19350
1751473269836 0.5951679348945618 19351
1751473271275 0.4654422998428345 19352
1751473272579 0.7581506371498108 19353
1751473274210 0.7057381868362427 19354
1751473275558 0.8571501970291138 19355
1751473276912 0.3972953259944916 19356
1751473278341 0.3213515281677246 19357
1751473279819 0.8294047713279724 19358
1751473281410 0.8664758801460266 19359
1751473282720 0.7003646492958069 19360
1751473284000 0.289293110370636 19361
1751473285290 0.961156964302063 19362
1751473286649 1.2895245552062988 19363
1751473288123 0.7796332836151123 19364
1751473289544 0.6964843273162842 19365
1751473290931 0.6707818508148193 19366
1751473292197 0.8246136903762817 19367
1751473293479 0.8888868093490601 19368
1751473294990 0.079869344830513 19369
1751473296382 0.6927446126937866 19370
1751473297684 0.8105275630950928 19371
1751473299026 0.5944809913635254 19372
1751473300395 1.278091549873352 19373
1751473301712 1.0806255340576172 19374
1751473303306 0.6070693731307983 19375
1751473304599 0.6878781914710999 19376
1751473305962 0.6097342371940613 19377
1751473307247 1.0149343013763428 19378
1751473308638 0.4783194363117218 19379
1751473310354 0.8044887781143188 19380
1751473311659 0.8078069686889648 19381
1751473313017 0.9175175428390503 19382
1751473314346 0.8274878263473511 19383
1751473315628 0.8128060698509216 19384
1751473317317 0.8011802434921265 19385
1751473318630 0.4344600439071655 19386
1751473319917 1.0700300931930542 19387
1751473321200 1.973491907119751 19388
1751473322475 0.971175491809845 19389
1751473324121 1.7130591869354248 19390
1751473325430 0.6533138751983643 19391
1751473326776 1.1618261337280273 19392
1751473328199 0.7627270221710205 19393
1751473329544 0.7430439591407776 19394
1751473331107 0.2307971715927124 19395
1751473332455 0.5004199743270874 19396
1751473333767 1.0425724983215332 19397
1751473335098 0.8297751545906067 19398
1751473336400 0.6337639093399048 19399
1751473338013 0.598562479019165 19400
1751473339348 0.6199722290039062 19401
1751473340607 0.47215062379837036 19402
1751473341934 0.9098070859909058 19403
1751473343250 0.6493123769760132 19404
1751473344549 0.8054324984550476 19405
1751473346174 0.4030095040798187 19406
1751473347524 0.44090956449508667 19407
1751473348887 0.9291995763778687 19408
1751473350211 0.8074224591255188 19409
1751473351529 1.7028112411499023 19410
1751473353146 0.5952674150466919 19411
1751473354473 0.8683130145072937 19412
1751473355786 2.028413772583008 19413
1751473357085 0.517025351524353 19414
1751473358404 0.713219940662384 19415
1751473360123 0.969658613204956 19416
1751473361453 0.6877453327178955 19417
1751473362805 0.6109176278114319 19418
1751473364289 0.9818305969238281 19419
1751473365669 0.48487550020217896 19420
1751473367133 0.7677237391471863 19421
1751473368468 0.8947345018386841 19422
1751473369833 0.5970784425735474 19423
1751473371172 0.5212352275848389 19424
1751473372484 1.2602684497833252 19425
1751473374110 1.328859567642212 19426
1751473375438 0.9957567453384399 19427
1751473376752 0.5750894546508789 19428
1751473378055 0.9211699962615967 19429
1751473379417 0.9308981895446777 19430
1751473381060 0.7164738178253174 19431
1751473382377 0.7961611747741699 19432
1751473383733 0.7893960475921631 19433
1751473385143 0.28082433342933655 19434
1751473386526 0.534413754940033 19435
1751473388082 1.0168125629425049 19436
1751473389386 0.842221736907959 19437
1751473390724 0.45884978771209717 19438
1751473392028 0.7691549062728882 19439
1751473393413 1.0905686616897583 19440
1751473394946 0.7343320846557617 19441
1751473396253 1.0752679109573364 19442
1751473397566 0.8703630566596985 19443
1751473398990 0.8335716128349304 19444
1751473400265 1.11729896068573 19445
1751473401624 1.7353830337524414 19446
1751473403175 0.3975268304347992 19447
1751473404519 0.5413756966590881 19448
1751473405884 0.3955000638961792 19449
1751473407303 0.603125810623169 19450
1751473408607 1.3785943984985352 19451
1751473410255 1.0594120025634766 19452
1751473411615 0.7897675633430481 19453
1751473412969 0.7219700813293457 19454
1751473414240 3.1460142135620117 19455
1751473415527 1.111152172088623 19456
1751473417021 1.158515214920044 19457
1751473418372 0.5764786005020142 19458
1751473419714 0.7980109453201294 19459
1751473421186 0.5718554854393005 19460
1751473422511 0.11716744303703308 19461
1751473424084 1.105360746383667 19462
1751473425325 0.6035531759262085 19463
1751473426670 0.5191644430160522 19464
1751473428067 0.8215954303741455 19465
1751473429449 0.8428235054016113 19466
1751473431029 0.6704295873641968 19467
1751473432374 0.44151097536087036 19468
1751473433690 0.5361740589141846 19469
1751473435043 0.5680113434791565 19470
1751473436430 0.8036528825759888 19471
1751473438209 0.3556951880455017 19472
1751473439575 0.2596326470375061 19473
1751473440935 0.48686474561691284 19474
1751473442346 0.594866931438446 19475
1751473443606 3.819847583770752 19476
1751473445170 0.5735759139060974 19477
1751473446500 0.5503004789352417 19478
1751473447823 0.6501587629318237 19479
1751473449222 0.4772826135158539 19480
1751473450534 0.6654257774353027 19481
1751473451869 0.495433509349823 19482
1751473453562 1.0218372344970703 19483
1751473455024 0.5605210065841675 19484
1751473456378 0.4982251822948456 19485
1751473457707 0.6539227962493896 19486
1751473459097 0.7621406316757202 19487
1751473460680 0.6650865077972412 19488
1751473462050 1.0330700874328613 19489
1751473463365 0.9809352159500122 19490
1751473464774 1.7682008743286133 19491
1751473466114 0.9697443246841431 19492
1751473467711 0.6441421508789062 19493
1751473469005 1.1023471355438232 19494
1751473470348 1.0792666673660278 19495
1751473471667 0.9071700572967529 19496
1751473472983 0.9350886344909668 19497
1751473474567 0.7469556927680969 19498
1751473475909 0.6249202489852905 19499
1751473477201 0.6448414325714111 19500
1751473478465 0.7571017742156982 19501
1751473479831 0.6245473623275757 19502
1751473481380 1.9685035943984985 19503
1751473482707 0.6968048214912415 19504
1751473484067 0.7099286317825317 19505
1751473485446 0.7723464965820312 19506
1751473486722 0.733756422996521 19507
1751473488334 0.637217104434967 19508
1751473489676 0.8812731504440308 19509
1751473491033 2.1920225620269775 19510
1751473492440 0.9596452713012695 19511
1751473493770 0.24853554368019104 19512
1751473495108 0.9019680023193359 19513
1751473496692 1.2924764156341553 19514
1751473498043 0.332690954208374 19515
1751473499365 0.690039873123169 19516
1751473500717 0.9097013473510742 19517
1751473502130 0.7003018856048584 19518
1751473503647 0.8941606283187866 19519
1751473504990 0.7603119611740112 19520
1751473506326 0.5995769500732422 19521
1751473507609 1.2691738605499268 19522
1751473508937 0.673830509185791 19523
1751473510575 0.7433779835700989 19524
1751473511972 1.3229914903640747 19525
1751473513297 0.7055026888847351 19526
1751473514635 0.048210009932518005 19527
1751473515998 1.010725736618042 19528
1751473517563 0.7593879699707031 19529
1751473518906 0.5301691293716431 19530
1751473520207 1.0875805616378784 19531
1751473521549 0.8805959820747375 19532
1751473522925 0.6686794757843018 19533
1751473524595 0.7377205491065979 19534
1751473525919 0.8680505752563477 19535
1751473527223 0.4970061182975769 19536
1751473528528 0.7484416365623474 19537
1751473529888 0.6674627065658569 19538
1751473531570 0.8397183418273926 19539
1751473532963 0.7488656640052795 19540
1751473534341 0.6873267889022827 19541
1751473535702 0.9523663520812988 19542
1751473537019 1.5411779880523682 19543
1751473538330 1.142179012298584 19544
1751473540069 0.6997635364532471 19545
1751473541430 0.9579311013221741 19546
1751473542776 0.7418215274810791 19547
1751473544179 1.0525286197662354 19548
1751473545492 1.2844245433807373 19549
1751473547066 0.858784019947052 19550
1751473548455 0.8955822587013245 19551
1751473549804 0.7878857851028442 19552
1751473551145 0.488881915807724 19553
1751473552570 0.5478311777114868 19554
1751473554163 0.5929417610168457 19555
1751473555551 0.8248134851455688 19556
1751473556969 0.6338757276535034 19557
1751473558339 0.6087149381637573 19558
1751473559749 0.6031002998352051 19559
1751473561322 0.7250876426696777 19560
1751473562670 0.7147767543792725 19561
1751473564044 1.412535309791565 19562
1751473565403 0.5606929063796997 19563
1751473566745 0.9592075347900391 19564
1751473568447 0.6669123768806458 19565
1751473569787 1.2552804946899414 19566
1751473571133 0.44929933547973633 19567
1751473572512 0.6904683709144592 19568
1751473573910 0.6673058867454529 19569
1751473575600 0.8757506608963013 19570
1751473577008 0.6631695032119751 19571
1751473578347 0.8654899001121521 19572
1751473579657 0.6734653115272522 19573
1751473580998 1.2388648986816406 19574
1751473582608 0.7139356136322021 19575
1751473584061 0.8607025146484375 19576
1751473585386 0.8907167911529541 19577
1751473586813 0.6814913749694824 19578
1751473588167 0.47649410367012024 19579
1751473589766 0.599412739276886 19580
1751473591120 0.7670952081680298 19581
1751473592558 0.6411321759223938 19582
1751473593927 0.556881308555603 19583
1751473595274 0.4572611153125763 19584
1751473596714 0.13417088985443115 19585
1751473598357 0.8150546550750732 19586
1751473599824 0.9842998385429382 19587
1751473601223 0.7136663198471069 19588
1751473602508 0.47432565689086914 19589
1751473603974 1.0899410247802734 19590
1751473605502 0.642195463180542 19591
1751473606785 0.6832394599914551 19592
1751473608136 1.0633807182312012 19593
1751473609477 0.5036040544509888 19594
1751473610833 0.767437756061554 19595
1751473612406 0.32168421149253845 19596
1751473613766 0.6120278835296631 19597
1751473615108 0.7085456848144531 19598
1751473616530 1.831201195716858 19599
1751473617861 1.085624098777771 19600
1751473619415 0.7108616828918457 19601
1751473620872 1.000671625137329 19602
1751473622186 1.1302075386047363 19603
1751473623505 0.8431367874145508 19604
1751473624885 1.1382356882095337 19605
1751473626536 1.0370936393737793 19606
1751473627880 0.9523469805717468 19607
1751473629195 0.6756235361099243 19608
1751473630585 0.5591267943382263 19609
1751473631886 0.7428717613220215 19610
1751473633542 0.4594634473323822 19611
1751473634898 1.553579568862915 19612
1751473636338 0.9185144305229187 19613
1751473637794 0.8135764002799988 19614
1751473639191 0.5983300805091858 19615
1751473640516 0.4632473587989807 19616
1751473642097 0.6793876886367798 19617
1751473643415 0.33539772033691406 19618
1751473644677 0.19705109298229218 19619
1751473646104 0.4713216722011566 19620
1751473647509 0.8691798448562622 19621
1751473649212 0.9737892746925354 19622
1751473650635 0.4967525601387024 19623
1751473652011 0.6258647441864014 19624
1751473653418 0.469906210899353 19625
1751473654779 0.06878813356161118 19626
1751473656544 0.2670610845088959 19627
1751473657902 0.6203945279121399 19628
1751473659200 0.8563522100448608 19629
1751473660565 0.7903153300285339 19630
1751473661958 0.6760624647140503 19631
1751473663576 0.6444395780563354 19632
1751473664994 0.9444653987884521 19633
1751473666436 0.7702463269233704 19634
1751473667770 0.7144912481307983 19635
1751473669167 0.700939953327179 19636
1751473670845 0.5640692710876465 19637
1751473672183 0.23297129571437836 19638
1751473673567 1.613168716430664 19639
1751473674895 0.4041258692741394 19640
1751473676215 0.6522781252861023 19641
1751473677598 0.5633637309074402 19642
1751473679190 0.8473721146583557 19643
1751473680644 0.6517223119735718 19644
1751473681914 0.7014848589897156 19645
1751473683299 0.808411180973053 19646
1751473684687 0.06082111969590187 19647
1751473686373 1.5548806190490723 19648
1751473687729 0.9022372364997864 19649
1751473689110 0.7051982879638672 19650
1751473690457 0.6242271661758423 19651
1751473691814 0.679984986782074 19652
1751473693525 0.7804924845695496 19653
1751473694858 0.7016663551330566 19654
1751473696214 0.418883353471756 19655
1751473697601 0.8413048386573792 19656
1751473699102 1.0775363445281982 19657
1751473700626 1.5042271614074707 19658
1751473702074 0.4742445647716522 19659
1751473703471 0.7648450136184692 19660
1751473704904 1.1631560325622559 19661
1751473706316 0.8164909482002258 19662
1751473708019 0.38258451223373413 19663
1751473709374 0.8030329346656799 19664
1751473710769 0.6948490738868713 19665
1751473712113 1.4654407501220703 19666
1751473713574 0.6738492250442505 19667
1751473715206 0.5037447214126587 19668
1751473716559 0.7929508090019226 19669
1751473717963 0.5925028324127197 19670
1751473719418 0.8135089874267578 19671
1751473720859 0.8584351539611816 19672
1751473722568 0.41596537828445435 19673
1751473723918 0.9876933097839355 19674
1751473725379 0.9751578569412231 19675
1751473726686 2.5501317977905273 19676
1751473728120 0.7331105470657349 19677
1751473729894 0.8405406475067139 19678
1751473731248 1.0379220247268677 19679
1751473732620 0.5321590900421143 19680
1751473734122 0.5670056939125061 19681
1751473735512 0.6922992467880249 19682
1751473737123 0.8332264423370361 19683
1751473738429 0.8391098380088806 19684
1751473739713 0.6883641481399536 19685
1751473741056 0.7464547157287598 19686
1751473742544 0.9264154434204102 19687
1751473744203 1.3640515804290771 19688
1751473745605 0.38983434438705444 19689
1751473746926 0.7731610536575317 19690
1751473748315 0.8117122650146484 19691
1751473749778 0.7569715976715088 19692
1751473751398 1.183953046798706 19693
1751473752829 0.5968895554542542 19694
1751473754192 1.1786580085754395 19695
1751473755604 0.5736064910888672 19696
1751473756969 1.0291416645050049 19697
1751473758569 0.977718710899353 19698
1751473759908 0.7376370429992676 19699
1751473761401 0.8866585493087769 19700
1751473762841 1.1710243225097656 19701
1751473764200 1.3156514167785645 19702
1751473765861 0.7453785538673401 19703
1751473767236 0.6687226295471191 19704
1751473768615 0.10595043748617172 19705
1751473769970 0.7472000122070312 19706
1751473771327 0.9591786861419678 19707
1751473772924 2.186328887939453 19708
1751473774243 0.6925754547119141 19709
1751473775605 0.7345512509346008 19710
1751473777034 1.4143099784851074 19711
1751473778389 0.6970809698104858 19712
1751473779741 0.8899375200271606 19713
1751473781331 0.4184408187866211 19714
1751473782631 0.7422810792922974 19715
1751473783899 1.1551787853240967 19716
1751473785190 2.298079490661621 19717
1751473786536 0.6747886538505554 19718
1751473788050 2.175143003463745 19719
1751473789390 0.5507588386535645 19720
1751473790776 0.6000645160675049 19721
1751473792151 0.5546761751174927 19722
1751473793590 1.0202065706253052 19723
1751473795199 0.9713996052742004 19724
1751473796532 1.6638998985290527 19725
1751473797944 0.2732039988040924 19726
1751473799222 0.6128567457199097 19727
1751473800667 0.4632503092288971 19728
1751473802347 0.8188444972038269 19729
1751473803877 0.43520867824554443 19730
1751473805166 0.6521705389022827 19731
1751473806601 0.5723553895950317 19732
1751473807912 1.2926044464111328 19733
1751473809603 0.7833160161972046 19734
1751473811034 0.872765302658081 19735
1751473812494 0.5097215175628662 19736
1751473813857 0.2778911888599396 19737
1751473815290 1.2549649477005005 19738
1751473816850 2.124573230743408 19739
1751473818256 0.6360938549041748 19740
1751473819563 0.2364877611398697 19741
1751473820834 0.5245013236999512 19742
1751473822135 0.5469331741333008 19743
1751473823906 0.5709976553916931 19744
1751473825306 0.8357270956039429 19745
1751473826720 1.3847414255142212 19746
1751473828036 0.9450113773345947 19747
1751473829402 0.6614923477172852 19748
1751473831062 0.5442147254943848 19749
1751473832374 0.5051504969596863 19750
1751473833712 0.570064902305603 19751
1751473835003 0.7652879953384399 19752
1751473836327 1.1279411315917969 19753
1751473837962 1.1736769676208496 19754
1751473839337 0.19938699901103973 19755
1751473840672 0.8288910984992981 19756
1751473842008 0.4979391396045685 19757
1751473843322 1.867605447769165 19758
1751473844950 0.8258209228515625 19759
1751473846356 0.9082099795341492 19760
1751473847736 0.6608392000198364 19761
1751473849095 1.034006953239441 19762
1751473850427 0.890872061252594 19763
1751473852017 0.9317314624786377 19764
1751473853312 0.9128170609474182 19765
1751473854719 0.9969008564949036 19766
1751473856096 1.039047360420227 19767
1751473857363 0.9106526374816895 19768
1751473858975 0.5570627450942993 19769
1751473860334 0.6760296821594238 19770
1751473861656 0.48421692848205566 19771
1751473863086 1.5919439792633057 19772
1751473864542 0.5407243967056274 19773
1751473866284 1.0695366859436035 19774
1751473867654 1.107171654701233 19775
1751473869003 1.2890681028366089 19776
1751473870309 0.4193722605705261 19777
1751473871762 0.47990086674690247 19778
1751473873310 0.6631709933280945 19779
1751473874686 0.5767379999160767 19780
1751473875997 0.7469865083694458 19781
1751473877308 0.6037956476211548 19782
1751473878656 0.7107101678848267 19783
1751473879941 0.4405447542667389 19784
1751473881575 0.9619688987731934 19785
1751473882983 1.2594223022460938 19786
1751473884259 0.9773249626159668 19787
1751473885561 0.9752148389816284 19788
1751473887140 0.5672742128372192 19789
1751473888558 0.9943770170211792 19790
1751473889876 0.8038589954376221 19791
1751473891368 0.6237184405326843 19792
1751473892810 1.7189918756484985 19793
1751473894265 0.8967404365539551 19794
1751473895903 0.5337187051773071 19795
1751473897314 0.8002629280090332 19796
1751473898777 0.5072628259658813 19797
1751473900256 0.8558080792427063 19798
1751473901614 0.5508599281311035 19799
1751473903232 0.7697161436080933 19800
1751473985711 0.5602971315383911 19801
1751473987232 1.503406286239624 19802
1751473988764 0.47902268171310425 19803
1751473990091 0.8323211073875427 19804
1751473992986 0.8638696074485779 19805
1751473994653 1.1533849239349365 19806
1751473996197 0.9263004064559937 19807
1751473997517 1.2900152206420898 19808
1751473998969 0.9241827726364136 19809
1751474001044 0.6269731521606445 19810
1751474003751 0.9594312906265259 19811
1751474005260 0.17892538011074066 19812
1751474006636 0.6803677678108215 19813
1751474007981 0.43602699041366577 19814
1751474009455 1.2723722457885742 19815
1751474010841 1.3463996648788452 19816
1751474012303 0.7001212239265442 19817
1751474013590 2.991952896118164 19818
1751474015101 0.23712532222270966 19819
1751474016768 1.1443767547607422 19820
1751474018148 0.9518146514892578 19821
1751474019548 0.7062981128692627 19822
1751474020901 0.43428587913513184 19823
1751474022227 0.69339919090271 19824
1751474023912 0.7031207084655762 19825
1751474025224 0.5650279521942139 19826
1751474026582 1.074209451675415 19827
1751474027891 0.5107972621917725 19828
1751474029282 0.986992359161377 19829
1751474031017 1.056355357170105 19830
1751474032432 0.8131561279296875 19831
1751474033767 0.790899395942688 19832
1751474035064 0.5533324480056763 19833
1751474036527 0.7428244352340698 19834
1751474038209 0.620059609413147 19835
1751474039514 0.9231747984886169 19836
1751474040898 0.8850650787353516 19837
1751474042238 0.487236887216568 19838
1751474043576 0.742344081401825 19839
1751474045235 0.04267880320549011 19840
1751474046598 0.969306230545044 19841
1751474047986 1.0252101421356201 19842
1751474049390 0.6130150556564331 19843
1751474050777 0.959708034992218 19844
1751474052459 1.3077607154846191 19845
1751474053896 0.699221134185791 19846
1751474055221 1.1787196397781372 19847
1751474056702 0.6498701572418213 19848
1751474058029 0.5441157221794128 19849
1751474059649 0.841144323348999 19850
1751474061024 0.8916019201278687 19851
1751474062395 1.3495960235595703 19852
1751474063800 0.48358678817749023 19853
1751474065146 0.26540932059288025 19854
1751474066696 1.011531949043274 19855
1751474068104 0.8074109554290771 19856
1751474069525 1.039008617401123 19857
1751474070860 0.8412504196166992 19858
1751474072150 0.5476624965667725 19859
1751474073839 0.7981587648391724 19860
1751474075172 1.047790288925171 19861
1751474076544 1.28593909740448 19862
1751474077962 1.199418544769287 19863
1751474079295 1.2121371030807495 19864
1751474081024 0.7773469090461731 19865
1751474082424 0.7970054745674133 19866
1751474083803 1.0065984725952148 19867
1751474085178 0.8857647180557251 19868
1751474086628 1.302887201309204 19869
1751474088212 0.676904559135437 19870
1751474089601 0.6030336618423462 19871
1751474091038 0.41547271609306335 19872
1751474092345 0.8230174779891968 19873
1751474093717 0.59565269947052 19874
1751474095081 0.5056884288787842 19875
1751474096694 0.8035858273506165 19876
1751474098055 0.8197697997093201 19877
1751474099493 0.6604673862457275 19878
1751474100876 0.6799219846725464 19879
1751474102255 1.5880601406097412 19880
1751474103800 0.5618747472763062 19881
1751474105198 0.8765092492103577 19882
1751474106586 1.160959243774414 19883
1751474107873 0.708034873008728 19884
1751474109425 0.7805736064910889 19885
1751474110845 0.29604315757751465 19886
1751474112266 1.310936450958252 19887
1751474113563 0.7831020355224609 19888
1751474114931 1.0845286846160889 19889
1751474116287 1.311516284942627 19890
1751474118119 0.9238940477371216 19891
1751474119566 1.6273002624511719 19892
1751474120936 0.5998568534851074 19893
1751474122326 0.797894299030304 19894
1751474123770 1.192803144454956 19895
1751474125404 0.7511416673660278 19896
1751474126778 1.2269608974456787 19897
1751474128107 0.4919719994068146 19898
1751474129424 0.664082407951355 19899
1751474130758 0.2834014892578125 19900
1751474132332 0.37664270401000977 19901
1751474133635 1.112648844718933 19902
1751474134943 1.3034735918045044 19903
1751474136305 0.6345008015632629 19904
1751474137771 1.0429234504699707 19905
1751474139462 0.6974140405654907 19906
1751474140867 0.5402344465255737 19907
1751474142097 1.1838819980621338 19908
1751474143603 0.8065735101699829 19909
1751474145107 0.5194735527038574 19910
1751474146804 0.43673548102378845 19911
1751474148197 0.49461644887924194 19912
1751474149598 0.8674237728118896 19913
1751474151009 0.8714262247085571 19914
1751474152436 2.134840250015259 19915
1751474154015 0.7492470741271973 19916
1751474155411 0.6788260340690613 19917
1751474156812 0.6095049381256104 19918
1751474158097 0.8397621512413025 19919
1751474159564 1.2565890550613403 19920
1751474161200 0.06068703159689903 19921
1751474162511 0.5193604230880737 19922
1751474163994 0.506271243095398 19923
1751474165254 1.8830745220184326 19924
1751474166715 0.600439727306366 19925
1751474168407 0.8410866260528564 19926
1751474169824 0.13349813222885132 19927
1751474171135 0.3887300491333008 19928
1751474172503 0.393439382314682 19929
1751474173827 0.886774480342865 19930
1751474175433 0.4271297752857208 19931
1751474176769 0.9585484266281128 19932
1751474178069 1.3024953603744507 19933
1751474179464 0.8844549059867859 19934
1751474180825 0.6719439029693604 19935
1751474182370 0.946678638458252 19936
1751474183669 0.542530357837677 19937
1751474185062 1.1788945198059082 19938
1751474186437 0.4816759526729584 19939
1751474187818 0.854436993598938 19940
1751474189391 0.6273539066314697 19941
1751474190899 0.3707621693611145 19942
1751474192288 0.9894253015518188 19943
1751474193564 2.127948760986328 19944
1751474194943 0.5746521949768066 19945
1751474196653 0.8725862503051758 19946
1751474197930 0.887509286403656 19947
1751474199305 0.4196992516517639 19948
1751474200608 0.9052074551582336 19949
1751474201943 0.7930233478546143 19950
1751474203614 0.6664767265319824 19951
1751474204922 0.7663244009017944 19952
1751474206228 0.6311569213867188 19953
1751474207496 0.7543554902076721 19954
1751474208901 0.9344515204429626 19955
1751474210500 1.196474313735962 19956
1751474211852 0.7536593675613403 19957
1751474213147 0.1662335991859436 19958
1751474214614 0.25871700048446655 19959
1751474215941 0.7836030721664429 19960
1751474217571 0.6729235649108887 19961
1751474218945 0.5320777893066406 19962
1751474220403 0.40062767267227173 19963
1751474221763 0.5478394031524658 19964
1751474223178 0.6537697315216064 19965
1751474224511 0.5281901359558105 19966
1751474226227 0.759157657623291 19967
1751474227590 0.8109225034713745 19968
1751474228856 0.4771865904331207 19969
1751474230204 0.7414581775665283 19970
1751474231866 0.6983596086502075 19971
1751474233242 0.12253446877002716 19972
1751474234537 1.1440250873565674 19973
1751474235850 1.1834006309509277 19974
1751474237171 1.153296947479248 19975
1751474238776 0.6856597661972046 19976
1751474240306 0.8257450461387634 19977
1751474241778 1.3947490453720093 19978
1751474243100 0.7269589900970459 19979
1751474244528 0.6767241954803467 19980
1751474245869 1.1491798162460327 19981
1751474247506 0.6773152947425842 19982
1751474248835 1.1873576641082764 19983
1751474250215 0.637170672416687 19984
1751474251607 0.5468941926956177 19985
1751474252965 0.5255764722824097 19986
1751474254501 0.4954448938369751 19987
1751474255814 0.7042888402938843 19988
1751474257152 0.6494618058204651 19989
1751474258457 0.18478305637836456 19990
1751474259860 0.7976220846176147 19991
1751474261596 1.0070210695266724 19992
1751474262944 1.104443907737732 19993
1751474264333 1.0625630617141724 19994
1751474265694 0.9739388227462769 19995
1751474267003 0.6212201118469238 19996
1751474268582 0.7096914649009705 19997
1751474269939 0.3602813482284546 19998
1751474271289 1.5145835876464844 19999
1751474272627 1.0010696649551392 20000
1751474274032 0.5557888746261597 20001
1751474275617 0.5030824542045593 20002
1751474277018 0.5418415665626526 20003
1751474278496 0.6836109161376953 20004
1751474279714 2.240973949432373 20005
1751474281057 0.7154850959777832 20006
1751474282579 0.7665156722068787 20007
1751474283924 0.6174403429031372 20008
1751474285255 0.9206244945526123 20009
1751474286653 0.9263793230056763 20010
1751474288085 0.7083319425582886 20011
1751474289765 1.0328795909881592 20012
1751474291100 1.1466681957244873 20013
1751474292460 0.6608595252037048 20014
1751474293771 1.1390025615692139 20015
1751474295264 0.9040032625198364 20016
1751474296778 0.8037971258163452 20017
1751474298261 0.6105887293815613 20018
1751474299654 0.5889313220977783 20019
1751474301012 1.3734831809997559 20020
1751474302343 0.8376332521438599 20021
1751474303995 0.8810513615608215 20022
1751474305317 0.8996836543083191 20023
1751474306667 0.608596682548523 20024
1751474308021 1.2527469396591187 20025
1751474309347 0.6013244390487671 20026
1751474311003 0.5147183537483215 20027
1751474312307 1.2458642721176147 20028
1751474313707 0.6820799112319946 20029
1751474315079 0.26923730969429016 20030
1751474316506 0.9272327423095703 20031
1751474318227 1.010986089706421 20032
1751474319640 1.114283800125122 20033
1751474320977 0.4863232970237732 20034
1751474322374 1.4491171836853027 20035
1751474323759 0.8441927433013916 20036
1751474325486 1.056502103805542 20037
1751474326950 0.5018892288208008 20038
1751474328249 0.10426023602485657 20039
1751474329592 1.0958783626556396 20040
1751474331040 0.6054123640060425 20041
1751474332743 1.0925486087799072 20042
1751474334103 0.6151384115219116 20043
1751474335530 1.288461685180664 20044
1751474336961 0.5010609030723572 20045
1751474338342 0.6090081334114075 20046
1751474339893 2.05712628364563 20047
1751474341251 1.1199619770050049 20048
1751474342635 0.5534210205078125 20049
1751474343940 0.7837369441986084 20050
1751474345295 0.8560336828231812 20051
1751474346902 0.44947585463523865 20052
1751474348271 0.9647199511528015 20053
1751474349656 0.7248243689537048 20054
1751474351026 0.9854825735092163 20055
1751474352444 0.6565409898757935 20056
1751474354056 1.293701410293579 20057
1751474355410 1.2329096794128418 20058
1751474356753 0.7459702491760254 20059
1751474358072 0.5997228622436523 20060
1751474359475 0.272645503282547 20061
1751474361098 0.48309525847435 20062
1751474362482 0.6945039629936218 20063
1751474363870 0.8186607360839844 20064
1751474365234 0.7974181175231934 20065
1751474366531 0.8664308190345764 20066
1751474368211 1.0138558149337769 20067
1751474369527 0.46926814317703247 20068
1751474370839 1.1193816661834717 20069
1751474372152 0.4280642867088318 20070
1751474373485 0.6082742214202881 20071
1751474375079 0.6172777414321899 20072
1751474376520 0.6935275793075562 20073
1751474377894 0.6133805513381958 20074
1751474379349 0.7126489877700806 20075
1751474380810 1.153791069984436 20076
1751474382435 0.7656787037849426 20077
1751474383735 0.7622679471969604 20078
1751474385216 0.6502322554588318 20079
1751474386631 1.190347671508789 20080
1751474387975 0.1482372283935547 20081
1751474389741 0.6542733907699585 20082
1751474391178 0.5890706777572632 20083
1751474392505 0.663923442363739 20084
1751474393865 0.7090750336647034 20085
1751474395182 0.8277084231376648 20086
1751474396851 1.568562626838684 20087
1751474398367 0.6979463696479797 20088
1751474399703 1.0584752559661865 20089
1751474401059 0.5228360891342163 20090
1751474402388 0.6146233677864075 20091
1751474404160 0.44800102710723877 20092
1751474405532 0.5662842392921448 20093
1751474406895 0.4890545904636383 20094
1751474408395 0.6350196003913879 20095
1751474409789 0.34498459100723267 20096
1751474411465 1.0886867046356201 20097
1751474412852 1.746411681175232 20098
1751474414287 1.1088058948516846 20099
1751474415604 0.7419912815093994 20100
1751474416922 0.5749036073684692 20101
1751474418529 0.6901037693023682 20102
1751474419947 0.6441720724105835 20103
1751474421297 0.801555871963501 20104
1751474422632 0.4013681411743164 20105
1751474424049 0.6393663883209229 20106
1751474425675 0.6346368193626404 20107
1751474427076 0.5725703239440918 20108
1751474428390 0.7749199867248535 20109
1751474429764 0.4461058974266052 20110
1751474431090 1.1441792249679565 20111
1751474432791 0.8270206451416016 20112
1751474434177 0.8656493425369263 20113
1751474435485 1.3089395761489868 20114
1751474436875 0.555673360824585 20115
1751474438292 0.7643422484397888 20116
1751474440004 0.8520181179046631 20117
1751474441391 1.2700026035308838 20118
1751474442753 0.7890254259109497 20119
1751474444103 2.0720653533935547 20120
1751474445478 0.5054700374603271 20121
1751474447207 0.8535980582237244 20122
1751474448507 0.8680601119995117 20123
1751474449828 0.6360074281692505 20124
1751474451193 0.5930509567260742 20125
1751474452525 0.9731272459030151 20126
1751474454203 1.2423954010009766 20127
1751474455720 0.3661500811576843 20128
1751474457091 1.09100341796875 20129
1751474458485 0.8910947442054749 20130
1751474459912 0.5926307439804077 20131
1751474461540 0.46773919463157654 20132
1751474462923 0.6141069531440735 20133
1751474464351 0.9661788940429688 20134
1751474465797 0.5590822696685791 20135
1751474467261 0.8570337891578674 20136
1751474468849 0.5462857484817505 20137
1751474470240 0.6449423432350159 20138
1751474471643 0.6857749819755554 20139
1751474473040 0.5622094869613647 20140
1751474474360 0.42565909028053284 20141
1751474475936 0.19806444644927979 20142
1751474477247 0.8727328181266785 20143
1751474478510 0.6743367910385132 20144
1751474479870 1.2258384227752686 20145
1751474481222 0.6113123893737793 20146
1751474482873 1.0269205570220947 20147
1751474484179 0.6031073331832886 20148
1751474485585 0.6655410528182983 20149
1751474486984 0.5104077458381653 20150
1751474488337 0.49119818210601807 20151
1751474489990 0.6936254501342773 20152
1751474491331 0.3488430082798004 20153
1751474492695 1.1040691137313843 20154
1751474494141 0.7908763885498047 20155
1751474495487 0.9700486660003662 20156
1751474497176 1.4476861953735352 20157
1751474498568 0.5959118008613586 20158
1751474499965 0.7700229287147522 20159
1751474501258 1.7351021766662598 20160
1751474502627 0.9231288433074951 20161
1751474504486 2.2176265716552734 20162
1751474505921 0.6269404292106628 20163
1751474507289 0.7254762053489685 20164
1751474508703 0.4396967589855194 20165
1751474510075 0.8035643696784973 20166
1751474511803 1.3201544284820557 20167
1751474513350 1.0092270374298096 20168
1751474514819 1.4478245973587036 20169
1751474516226 1.0821982622146606 20170
1751474517619 0.7563626766204834 20171
1751474519208 0.6937729120254517 20172
1751474520604 0.1643524020910263 20173
1751474522013 0.9545302391052246 20174
1751474523388 0.606658399105072 20175
1751474524959 1.077378273010254 20176
1751474526730 0.6453523635864258 20177
1751474528267 0.5171780586242676 20178
1751474529718 0.7325416803359985 20179
1751474531083 0.8102877140045166 20180
1751474532426 0.435430109500885 20181
1751474534079 0.5822231769561768 20182
1751474535437 0.01910623535513878 20183
1751474536813 0.9142163991928101 20184
1751474538214 0.875618040561676 20185
1751474539579 0.5608342885971069 20186
1751474541205 0.36283546686172485 20187
1751474542598 0.645713210105896 20188
1751474543976 0.5233536958694458 20189
1751474545357 0.707923173904419 20190
1751474546819 1.464844822883606 20191
1751474548483 0.9806574583053589 20192
1751474549879 0.3025430142879486 20193
1751474551234 0.9254544973373413 20194
1751474552744 0.9708305597305298 20195
1751474554477 0.6135828495025635 20196
1751474555778 0.551275908946991 20197
1751474557231 0.829265832901001 20198
1751474558627 0.709119439125061 20199
1751474559986 1.521659255027771 20200
1751474561609 0.9796168804168701 20201
1751474563033 0.6401098966598511 20202
1751474564371 1.6908882856369019 20203
1751474565684 0.16711819171905518 20204
1751474566993 0.7979394197463989 20205
1751474568701 0.5763098001480103 20206
1751474570038 0.716105043888092 20207
1751474571391 0.6191965937614441 20208
1751474572854 0.6931507587432861 20209
1751474574270 1.0204710960388184 20210
1751474576071 0.797593355178833 20211
1751474577532 0.8988430500030518 20212
1751474579059 0.9441481828689575 20213
1751474580618 0.4525012969970703 20214
1751474581987 0.5016403198242188 20215
1751474583808 0.9246864318847656 20216
1751474585237 1.2397127151489258 20217
1751474586600 0.15112733840942383 20218
1751474588076 0.5679583549499512 20219
1751474589510 0.6355171203613281 20220
1751474591316 1.238330602645874 20221
1751474592694 0.8065463304519653 20222
1751474594087 0.8251627683639526 20223
1751474595425 1.0947260856628418 20224
1751474596972 0.7931711673736572 20225
1751474598714 0.7793774604797363 20226
1751474600092 0.13289962708950043 20227
1751474601528 0.7573406100273132 20228
1751474602832 0.7377408742904663 20229
1751474604281 1.3714714050292969 20230
1751474606113 0.8687715530395508 20231
1751474607457 0.8968001008033752 20232
1751474608797 0.7424531579017639 20233
1751474610160 1.9624278545379639 20234
1751474611559 0.6901213526725769 20235
1751474613326 0.7954379916191101 20236
1751474614682 0.8579621911048889 20237
1751474616028 0.7358508706092834 20238
1751474617465 0.7328246831893921 20239
1751474618855 0.557834267616272 20240
1751474620562 0.4393247365951538 20241
1751474621938 0.7289532423019409 20242
1751474623308 0.9080220460891724 20243
1751474624639 1.1926369667053223 20244
1751474626083 0.9861807823181152 20245
1751474627914 1.4472819566726685 20246
1751474629373 0.36565306782722473 20247
1751474630772 0.46505504846572876 20248
1751474632118 0.6839358806610107 20249
1751474633455 0.6039595007896423 20250
1751474635156 0.5363976955413818 20251
1751474636654 0.39082828164100647 20252
1751474638041 1.3097727298736572 20253
1751474639451 0.7702000737190247 20254
1751474640864 0.7049415111541748 20255
1751474642473 0.674111008644104 20256
1751474643749 0.641414225101471 20257
1751474645136 1.4090958833694458 20258
1751474646569 0.8912245035171509 20259
1751474647980 0.7741657495498657 20260
1751474649766 0.17147013545036316 20261
1751474651135 0.6714609861373901 20262
1751474652563 1.180657148361206 20263
1751474654024 0.6779427528381348 20264
1751474655415 0.6162784695625305 20265
1751474657052 0.6134645342826843 20266
1751474658370 0.573052167892456 20267
1751474659781 0.6906720399856567 20268
1751474661223 0.9801174402236938 20269
1751474662685 0.5507445335388184 20270
1751474664389 1.3711721897125244 20271
1751474665848 0.9273581504821777 20272
1751474667198 0.6520237326622009 20273
1751474668515 1.205485463142395 20274
1751474669904 0.6949589848518372 20275
1751474671506 1.2191565036773682 20276
1751474672904 0.8158869743347168 20277
1751474674336 0.44987863302230835 20278
1751474675708 0.45195284485816956 20279
1751474677077 0.7774774432182312 20280
1751474678782 0.7781960964202881 20281
1751474680211 1.3157408237457275 20282
1751474681566 0.5264090299606323 20283
1751474682890 0.6032662391662598 20284
1751474684334 1.6303573846817017 20285
1751474686012 0.9262648224830627 20286
1751474687455 0.6859580278396606 20287
1751474688895 0.13563396036624908 20288
1751474690407 0.6446559429168701 20289
1751474691772 0.6617753505706787 20290
1751474693370 0.6389034390449524 20291
1751474694813 0.8586804866790771 20292
1751474696183 0.6694560050964355 20293
1751474697503 0.865505576133728 20294
1751474698879 0.6418596506118774 20295
1751474700477 0.7603378891944885 20296
1751474701834 0.5849120020866394 20297
1751474703176 1.1294872760772705 20298
1751474704610 0.46618854999542236 20299
1751474705928 0.49230432510375977 20300
1751474707493 0.6074395179748535 20301
1751474708855 0.5666950941085815 20302
1751474710153 0.7864329218864441 20303
1751474711538 0.6777864694595337 20304
1751474712876 0.7647457122802734 20305
1751474714519 0.6243288516998291 20306
1751474715847 0.6955209970474243 20307
1751474717244 0.8711509108543396 20308
1751474718656 0.5565564632415771 20309
1751474720002 0.24514161050319672 20310
1751474721658 0.36493074893951416 20311
1751474723022 0.8170778751373291 20312
1751474724418 0.5773575305938721 20313
1751474725842 0.4328018128871918 20314
1751474727229 0.5186303853988647 20315
1751474728922 1.0619957447052002 20316
1751474730370 0.8411271572113037 20317
1751474731707 0.6831041574478149 20318
1751474733020 0.9971947073936462 20319
1751474734332 1.3482491970062256 20320
1751474735991 0.651201605796814 20321
1751474737403 0.5282101631164551 20322
1751474738702 1.0944476127624512 20323
1751474740129 1.263863444328308 20324
1751474741509 0.6020269989967346 20325
1751474743207 0.8860877752304077 20326
1751474744702 1.0278515815734863 20327
1751474746162 0.9303021430969238 20328
1751474747668 0.6756191253662109 20329
1751474749037 0.6994903087615967 20330
1751474750753 0.7436332106590271 20331
1751474752163 0.4698638916015625 20332
1751474753510 0.8095855116844177 20333
1751474755008 0.750951886177063 20334
1751474756335 0.11273029446601868 20335
1751474757905 1.1507549285888672 20336
1751474759305 1.1213147640228271 20337
1751474760695 1.1554689407348633 20338
1751474762230 0.6595255136489868 20339
1751474763635 0.6778470277786255 20340
1751474765344 0.8662829995155334 20341
1751474766711 1.1472246646881104 20342
1751474768149 1.7230143547058105 20343
1751474769574 0.2097894698381424 20344
1751474771078 1.1053866147994995 20345
1751474772844 0.7314189076423645 20346
1751474774108 2.277984619140625 20347
1751474775516 0.6885530948638916 20348
1751474776987 1.0909069776535034 20349
1751474778501 0.8718786239624023 20350
1751474780150 0.517972469329834 20351
1751474781656 0.9548846483230591 20352
1751474783009 0.5514117479324341 20353
1751474784343 1.6608202457427979 20354
1751474785730 0.6801559925079346 20355
1751474787497 0.7975867986679077 20356
1751474788918 0.8652938008308411 20357
1751474790326 0.9258324503898621 20358
1751474791705 0.13284572958946228 20359
1751474793001 0.6859667897224426 20360
1751474794523 0.7554908990859985 20361
1751474795902 0.6328386664390564 20362
1751474797288 2.276322364807129 20363
1751474798592 1.0512220859527588 20364
1751474799992 0.48547589778900146 20365
1751474801613 0.6533624529838562 20366
1751474802881 0.8541548252105713 20367
1751474804408 0.7064960598945618 20368
1751474805776 0.43292683362960815 20369
1751474807176 0.9201111197471619 20370
1751474808817 0.9944967031478882 20371
1751474810197 0.8627787232398987 20372
1751474811691 0.6066457033157349 20373
1751474812970 0.5669479370117188 20374
1751474814350 0.7871097326278687 20375
1751474816307 0.9129602909088135 20376
1751474817648 1.409637212753296 20377
1751474819028 1.284762978553772 20378
1751474820480 0.7763209342956543 20379
1751474821889 2.2511096000671387 20380
1751474823597 1.677180290222168 20381
1751474825089 0.4178209602832794 20382
1751474826532 0.6602307558059692 20383
1751474827901 0.8517237901687622 20384
1751474829298 2.055178165435791 20385
1751474830917 1.108739972114563 20386
1751474832392 1.332739233970642 20387
1751474833706 0.632433295249939 20388
1751474835150 0.10234981030225754 20389
1751474836552 0.6506450176239014 20390
1751474838302 0.47027766704559326 20391
1751474839717 0.5476773977279663 20392
1751474841052 0.8163571953773499 20393
1751474842444 0.8009170889854431 20394
1751474843772 0.8795865178108215 20395
1751474845391 0.8515345454216003 20396
1751474846748 0.927505373954773 20397
1751474848127 0.7051684260368347 20398
1751474849581 0.8892858028411865 20399
1751474851357 0.5477599501609802 20400
1751474852851 0.7110252976417542 20401
1751474854303 0.6554834842681885 20402
1751474855713 0.5388807058334351 20403
1751474857090 0.8298781514167786 20404
1751474858805 0.6040101051330566 20405
1751474860128 0.9441851377487183 20406
1751474861506 0.5128374695777893 20407
1751474862762 0.7522695660591125 20408
1751474864167 0.7121305465698242 20409
1751474865868 0.9843029975891113 20410
1751474867283 0.5325222015380859 20411
1751474868752 0.4725707173347473 20412
1751474870114 0.728890061378479 20413
1751474871369 1.125748872756958 20414
1751474873138 0.749933123588562 20415
1751474874550 0.9751477241516113 20416
1751474875897 1.5387115478515625 20417
1751474877237 3.6549232006073 20418
1751474878614 0.4838697910308838 20419
1751474880230 0.6304769515991211 20420
1751474881563 0.8638583421707153 20421
1751474882893 0.5715525150299072 20422
1751474884205 0.9022693634033203 20423
1751474885598 0.6549255847930908 20424
1751474887348 0.7469102144241333 20425
1751474888867 0.2534444332122803 20426
1751474890194 0.590530514717102 20427
1751474891655 0.5576232075691223 20428
1751474893002 1.1711004972457886 20429
1751474894747 0.5503106117248535 20430
1751474896134 1.0756789445877075 20431
1751474897474 0.637021541595459 20432
1751474898828 0.9210511445999146 20433
1751474900250 0.8188794851303101 20434
1751474901883 0.7148157954216003 20435
1751474903224 0.46492183208465576 20436
1751474904639 0.7575262188911438 20437
1751474906040 0.6008553504943848 20438
1751474907742 0.8460118770599365 20439
1751474909257 0.6153329610824585 20440
1751474910551 1.2901984453201294 20441
1751474911886 0.9708393812179565 20442
1751474913352 0.47802260518074036 20443
1751474915088 2.1634199619293213 20444
1751474916434 0.5035024285316467 20445
1751474917974 0.7313508987426758 20446
1751474919291 1.3119218349456787 20447
1751474920778 0.3288406431674957 20448
1751474922386 0.7692632675170898 20449
1751474923767 1.1489417552947998 20450
1751474925091 0.8045992255210876 20451
1751474926540 0.39213767647743225 20452
1751474928026 0.5470938682556152 20453
1751474929712 0.3377671539783478 20454
1751474931189 0.6626373529434204 20455
1751474932618 0.9488973617553711 20456
1751474933986 0.6036622524261475 20457
1751474935332 0.6021664142608643 20458
1751474937031 0.9441782832145691 20459
1751474938614 0.558051347732544 20460
1751474939984 0.6493205428123474 20461
1751474941308 1.0097267627716064 20462
1751474942623 0.9168764352798462 20463
1751474944263 1.0102801322937012 20464
1751474945689 1.2001752853393555 20465
1751474947029 0.6778080463409424 20466
1751474948396 0.8440279960632324 20467
1751474949712 1.3462525606155396 20468
1751474951471 0.5871387720108032 20469
1751474952871 0.5629075765609741 20470
1751474954237 1.3170349597930908 20471
1751474955571 0.5667046904563904 20472
1751474956919 1.0887683629989624 20473
1751474958687 0.9687126874923706 20474
1751474960010 0.535153865814209 20475
1751474961489 0.7968026995658875 20476
1751474962944 0.9781777262687683 20477
1751474964307 0.6096343398094177 20478
1751474966088 1.1428732872009277 20479
1751474967502 0.6836353540420532 20480
1751474968835 0.3993229866027832 20481
1751474970228 0.8237099647521973 20482
1751474971620 0.04075206443667412 20483
1751474973393 1.3572708368301392 20484
1751474974807 1.7037489414215088 20485
1751474976217 0.6842730045318604 20486
1751474977541 1.0946717262268066 20487
1751474979103 0.7481077909469604 20488
1751474980547 0.8278955221176147 20489
1751474981970 0.7555601596832275 20490
1751474983394 0.08329012244939804 20491
1751474984836 0.8884072303771973 20492
1751474986425 1.1194016933441162 20493
1751474987888 1.0696299076080322 20494
1751474989309 0.9016009569168091 20495
1751474990685 0.7494484186172485 20496
1751474992063 1.1848669052124023 20497
1751474993802 0.7123607397079468 20498
1751474995127 1.1018011569976807 20499
1751474996502 0.37678268551826477 20500
1751474997866 0.6778444051742554 20501
1751474999183 1.236974835395813 20502
1751475000833 0.6940435171127319 20503
1751475002198 0.6173039674758911 20504
1751475003558 0.9844164848327637 20505
1751475004938 0.25811147689819336 20506
1751475006300 1.3246064186096191 20507
1751475008002 0.35855773091316223 20508
1751475009401 0.7310705184936523 20509
1751475010746 1.0590651035308838 20510
1751475012074 0.943192720413208 20511
1751475013434 0.6354695558547974 20512
1751475015209 0.2537304162979126 20513
1751475016610 1.1529386043548584 20514
1751475017895 1.6026301383972168 20515
1751475019275 0.9863887429237366 20516
1751475020683 0.7314914464950562 20517
1751475022472 0.49191194772720337 20518
1751475023789 0.6875654458999634 20519
1751475025235 0.8194262981414795 20520
1751475026747 0.9329251050949097 20521
1751475028183 0.4806482195854187 20522
1751475029856 0.9106439352035522 20523
1751475031239 0.7420701384544373 20524
1751475032733 1.379022479057312 20525
1751475034137 0.8099929094314575 20526
1751475035386 0.7433726191520691 20527
1751475037081 0.41975629329681396 20528
1751475038431 0.6127365827560425 20529
1751475039842 0.6419568657875061 20530
1751475041270 0.26507315039634705 20531
1751475042739 0.9670841693878174 20532
1751475044446 0.6790130734443665 20533
1751475045849 0.7449138164520264 20534
1751475047259 0.5932303667068481 20535
1751475048632 0.8668731451034546 20536
1751475050116 0.663089394569397 20537
1751475051780 0.9022278785705566 20538
1751475053134 0.6563746929168701 20539
1751475054568 0.3701763153076172 20540
1751475056078 0.6983132362365723 20541
1751475057425 0.8498079180717468 20542
1751475059059 1.1475441455841064 20543
1751475060565 0.6683939695358276 20544
1751475061889 0.6053545475006104 20545
1751475063253 0.9013370275497437 20546
1751475064677 0.4860100746154785 20547
1751475066328 0.8990304470062256 20548
1751475067706 0.2754933536052704 20549
1751475069046 0.631035566329956 20550
1751475070555 0.7432502508163452 20551
1751475071916 0.5348377227783203 20552
1751475073609 0.34920820593833923 20553
1751475075101 0.845502495765686 20554
1751475076437 0.6033622622489929 20555
1751475077830 0.6449257135391235 20556
1751475079260 0.8740506172180176 20557
1751475080950 0.36630958318710327 20558
1751475082351 1.463186264038086 20559
1751475083679 1.6342570781707764 20560
1751475085033 0.8430111408233643 20561
1751475086424 0.41217371821403503 20562
1751475087926 1.334730625152588 20563
1751475089306 0.8804185390472412 20564
1751475090657 0.6816920042037964 20565
1751475092043 0.4560275077819824 20566
1751475093356 0.7537057399749756 20567
1751475095013 1.9458928108215332 20568
1751475096394 0.5478193759918213 20569
1751475097768 1.591313123703003 20570
1751475099122 0.5463089942932129 20571
1751475100810 0.6696491837501526 20572
1751475102074 0.9901554584503174 20573
1751475103408 0.40259429812431335 20574
1751475104856 0.5184795260429382 20575
1751475106211 0.9004566669464111 20576
1751475107910 1.1985251903533936 20577
1751475109389 0.36793380975723267 20578
1751475110790 0.6046720743179321 20579
1751475112245 0.7043633460998535 20580
1751475113601 0.6555241346359253 20581
1751475115247 0.5205163955688477 20582
1751475116708 0.7759546637535095 20583
1751475118143 2.282341480255127 20584
1751475119505 0.8508626222610474 20585
1751475120854 0.595363438129425 20586
1751475122466 0.7053308486938477 20587
1751475123816 0.5650159120559692 20588
1751475125216 0.8499531745910645 20589
1751475126574 0.9290135502815247 20590
1751475127897 0.9743225574493408 20591
1751475129666 0.5260714292526245 20592
1751475131122 0.6666125059127808 20593
1751475132439 0.39727145433425903 20594
1751475133779 2.072908878326416 20595
1751475135178 0.4023299217224121 20596
1751475136868 1.261555790901184 20597
1751475138273 0.8372431993484497 20598
1751475139711 0.6401046514511108 20599
1751475141259 0.7234224677085876 20600
1751475142741 0.08739173412322998 20601
1751475144436 0.3440935015678406 20602
1751475145781 0.6968770027160645 20603
1751475147112 0.6445079445838928 20604
1751475148569 0.34171491861343384 20605
1751475150124 0.7811551094055176 20606
1751475151837 1.0524131059646606 20607
1751475153226 1.0775694847106934 20608
1751475154845 0.779270350933075 20609
1751475156199 0.8356871604919434 20610
1751475157579 0.699582576751709 20611
1751475159355 0.7703312635421753 20612
1751475160793 1.1667559146881104 20613
1751475162260 0.7069143056869507 20614
1751475163655 2.773853063583374 20615
1751475164976 0.8512904047966003 20616
1751475166721 0.7716668844223022 20617
1751475168867 0.8817988634109497 20618
1751475170419 0.5926954746246338 20619
1751475171825 0.8319544792175293 20620
1751475173182 0.6757521629333496 20621
1751475174789 0.5182313919067383 20622
1751475176210 1.4631526470184326 20623
1751475177608 0.8436858057975769 20624
1751475178998 1.138535737991333 20625
1751475180317 0.4942730665206909 20626
1751475182021 0.6513047218322754 20627
1751475183366 0.6355332732200623 20628
1751475184771 0.9416735768318176 20629
1751475186172 0.35443341732025146 20630
1751475187877 0.3318708539009094 20631
1751475189248 0.7116583585739136 20632
1751475190664 1.0643401145935059 20633
1751475192041 0.4167049825191498 20634
1751475193528 0.7832175493240356 20635
1751475195199 0.7311875820159912 20636
1751475196582 0.6799342632293701 20637
1751475198019 0.4317689538002014 20638
1751475199498 0.9315329194068909 20639
1751475200945 0.9148708581924438 20640
1751475202691 0.6697824001312256 20641
1751475204167 0.6681024432182312 20642
1751475205520 0.6894831657409668 20643
1751475206900 0.4599902629852295 20644
1751475208245 0.6633409857749939 20645
1751475209907 0.7493971586227417 20646
1751475211089 2.2048940658569336 20647
1751475212432 0.6350262761116028 20648
1751475213844 0.459070086479187 20649
1751475215304 0.7915752530097961 20650
1751475216897 0.8985618352890015 20651
1751475218411 0.8741819858551025 20652
1751475219782 0.6956927180290222 20653
1751475221218 0.6856008768081665 20654
1751475222686 0.9914902448654175 20655
1751475224243 0.6172095537185669 20656
1751475225545 0.5794073939323425 20657
1751475226932 0.7934136986732483 20658
1751475228426 0.6174377799034119 20659
1751475229774 1.1837468147277832 20660
1751475231535 0.8377525806427002 20661
1751475232949 0.9880126118659973 20662
1751475234272 0.361814945936203 20663
1751475235695 0.06964230537414551 20664
1751475237317 1.0190073251724243 20665
1751475238743 1.2817630767822266 20666
1751475240157 2.008358955383301 20667
1751475241566 1.1290757656097412 20668
1751475243045 0.9631699919700623 20669
1751475244715 0.4986335039138794 20670
1751475246071 0.6539488434791565 20671
1751475247433 1.4778399467468262 20672
1751475248857 1.4573774337768555 20673
1751475250325 0.6617205739021301 20674
1751475252088 0.4228286147117615 20675
1751475253517 0.6961423754692078 20676
1751475254877 0.6014021039009094 20677
1751475256382 0.8696846961975098 20678
1751475257819 0.9478029012680054 20679
1751475259589 0.6817792654037476 20680
1751475262032 1.3397858142852783 20681
1751475263481 0.7994121313095093 20682
1751475264884 0.31680557131767273 20683
1751475266404 0.6126596927642822 20684
1751475268097 0.7374786138534546 20685
1751475269542 0.9969432353973389 20686
1751475270964 0.4944959282875061 20687
1751475272357 0.3393503427505493 20688
1751475273713 1.4007903337478638 20689
1751475275399 0.691237211227417 20690
1751475276784 0.5398692488670349 20691
1751475278181 0.8013513088226318 20692
1751475279609 0.6989315748214722 20693
1751475281008 0.685663640499115 20694
1751475282660 0.5528932213783264 20695
1751475283995 0.6497037410736084 20696
1751475285466 0.5914085507392883 20697
1751475286872 0.8494095206260681 20698
1751475288414 1.4172990322113037 20699
1751475290094 1.1542049646377563 20700
1751475291418 0.5905377864837646 20701
1751475292786 0.5816279649734497 20702
1751475294226 1.025878667831421 20703
1751475295922 1.5651311874389648 20704
1751475297411 0.22286295890808105 20705
1751475298758 0.6667760610580444 20706
1751475300090 1.0297640562057495 20707
1751475301448 0.684030294418335 20708
1751475303158 0.6220803260803223 20709
1751475304618 0.5732263326644897 20710
1751475306077 0.8373733162879944 20711
1751475307493 0.648388147354126 20712
1751475308891 0.6427584290504456 20713
1751475310580 1.1839003562927246 20714
1751475312090 0.8063015937805176 20715
1751475313635 0.820610761642456 20716
1751475315046 0.8138899803161621 20717
1751475316545 1.1738934516906738 20718
1751475318261 0.35968849062919617 20719
1751475319660 0.8800004720687866 20720
1751475320994 0.8854399919509888 20721
1751475322426 0.6902978420257568 20722
1751475323983 0.6556775569915771 20723
1751475325650 0.7135426998138428 20724
1751475327002 0.5224366188049316 20725
1751475328474 1.5414657592773438 20726
1751475329908 0.6229497194290161 20727
1751475331629 0.8024516105651855 20728
1751475332971 0.5683498978614807 20729
1751475334350 1.1266509294509888 20730
1751475335725 0.9132512807846069 20731
1751475337109 1.1023237705230713 20732
1751475338725 0.5931882262229919 20733
1751475340176 0.8426252007484436 20734
1751475341630 0.5523342490196228 20735
1751475343029 0.9275784492492676 20736
1751475344386 0.7460888624191284 20737
1751475345954 0.47315874695777893 20738
1751475347392 0.7192850112915039 20739
1751475348811 0.5100504159927368 20740
1751475350124 0.7904558777809143 20741
1751475351445 0.8930843472480774 20742
1751475353060 0.7576093673706055 20743
1751475354502 0.7467095255851746 20744
1751475355819 0.5453675985336304 20745
1751475357092 0.7839513421058655 20746
1751475358692 0.8163959980010986 20747
1751475360077 0.5978568196296692 20748
1751475361417 0.677544116973877 20749
1751475362732 1.6115162372589111 20750
1751475364074 0.7779369354248047 20751
1751475365908 0.3933868110179901 20752
1751475367342 0.47743090987205505 20753
1751475368714 1.207306981086731 20754
1751475370079 1.1188735961914062 20755
1751475371529 0.5637288093566895 20756
1751475373275 0.5450000166893005 20757
1751475374684 0.5163100361824036 20758
1751475376036 0.5165448784828186 20759
1751475377407 0.8269927501678467 20760
1751475378748 0.5509085059165955 20761
1751475380372 2.76713228225708 20762
1751475381724 0.6923835873603821 20763
1751475383091 0.5876683592796326 20764
1751475384445 0.838090181350708 20765
1751475385835 1.1809682846069336 20766
1751475387478 0.18171079456806183 20767
1751475388927 0.5476908683776855 20768
1751475390354 0.5395694971084595 20769
1751475391766 0.7225717902183533 20770
1751475393361 0.8515822887420654 20771
1751475394796 0.5992609262466431 20772
1751475396228 0.7035132646560669 20773
1751475397606 0.6112692356109619 20774
1751475398916 0.6648980975151062 20775
1751475400583 0.7806997299194336 20776
1751475401927 1.1405131816864014 20777
1751475403339 0.8048577308654785 20778
1751475404665 1.2594176530838013 20779
1751475406023 0.6516274809837341 20780
1751475407705 0.724966287612915 20781
1751475409117 1.1683450937271118 20782
1751475410489 0.658632218837738 20783
1751475411816 1.1496835947036743 20784
1751475413293 0.9103112816810608 20785
1751475415041 0.8563926219940186 20786
1751475416465 0.862581729888916 20787
1751475417794 0.6337493658065796 20788
1751475419309 0.5962623953819275 20789
1751475420664 0.5502608418464661 20790
1751475422317 0.6332170963287354 20791
1751475423786 0.5061079263687134 20792
1751475425150 0.6873027086257935 20793
1751475426563 0.424970805644989 20794
1751475428143 1.0875742435455322 20795
1751475429567 0.6539270281791687 20796
1751475431230 0.6632108092308044 20797
1751475432739 0.23870043456554413 20798
1751475434085 0.7455565929412842 20799
1751475436069 0.9760732650756836 20800
1751475437654 0.9787305593490601 20801
1751475439236 1.1229000091552734 20802
1751475440748 0.5450420379638672 20803
1751475442334 0.7589804530143738 20804
1751475444135 0.5295308828353882 20805
1751475445624 1.409435510635376 20806
1751475447065 1.1053261756896973 20807
1751475448476 1.0684183835983276 20808
1751475449887 0.6508814096450806 20809
1751475451567 0.9888055324554443 20810
1751475453033 0.6085485816001892 20811
1751475454446 0.8078032732009888 20812
1751475456117 0.5410177707672119 20813
1751475458685 0.8520250916481018 20814
1751475460777 0.8559027910232544 20815
1751475462511 0.7347732782363892 20816
1751475463771 2.1337928771972656 20817
1751475465305 0.6852030158042908 20818
1751475466997 1.056564450263977 20819
1751475468419 0.6346046924591064 20820
1751475471644 0.6391744613647461 20821
1751475473007 0.35047072172164917 20822
1751475474459 0.36079761385917664 20823
1751475476104 1.690539002418518 20824
1751475477478 0.5289384126663208 20825
1751475478835 0.25819656252861023 20826
1751475480094 0.5141382813453674 20827
1751475481490 0.9057225584983826 20828
1751475483355 0.6206672191619873 20829
1751475484742 1.1152174472808838 20830
1751475486096 0.5137323141098022 20831
1751475487541 0.8106087446212769 20832
1751475488939 1.1473374366760254 20833
1751475490636 1.4746580123901367 20834
1751475492047 0.8028545379638672 20835
1751475493323 0.6524608135223389 20836
1751475494656 1.0218180418014526 20837
1751475496246 0.8767532110214233 20838
1751475497715 0.4861254394054413 20839
1751475499077 2.2892580032348633 20840
1751475500531 0.6999517679214478 20841
1751475501881 0.7441531419754028 20842
1751475503696 1.0115423202514648 20843
1751475505080 0.522523045539856 20844
1751475506411 0.46868494153022766 20845
1751475507851 0.6276944279670715 20846
1751475509204 0.8214127421379089 20847
1751475510960 0.3980599641799927 20848
1751475512284 1.3216358423233032 20849
1751475513772 0.3520197868347168 20850
1751475515109 0.6975103616714478 20851
1751475516567 0.6978954672813416 20852
1751475518325 0.6060115098953247 20853
1751475519713 1.2591402530670166 20854
1751475521149 0.6419625282287598 20855
1751475522500 0.4717409908771515 20856
1751475524177 0.3851853013038635 20857
1751475525753 0.5777698755264282 20858
1751475527206 0.3757982552051544 20859
1751475528669 0.5857009291648865 20860
1751475530054 0.7857406735420227 20861
1751475531977 1.1831477880477905 20862
1751475533400 0.7807984352111816 20863
1751475534830 0.6726003885269165 20864
1751475536330 0.6246211528778076 20865
1751475537770 0.8751676082611084 20866
1751475539461 0.18888556957244873 20867
1751475540847 0.8817037343978882 20868
1751475542219 0.6879673600196838 20869
1751475543664 0.6133812069892883 20870
1751475545100 0.6368342638015747 20871
1751475546973 0.6672743558883667 20872
1751475548390 0.40374886989593506 20873
1751475549729 0.025333361700177193 20874
1751475551066 0.6467551589012146 20875
1751475552727 0.6543329954147339 20876
1751475554121 1.1633903980255127 20877
1751475555382 1.248058557510376 20878
1751475557015 0.7205419540405273 20879
1751475558666 0.7916622161865234 20880
1751475560462 0.7012183666229248 20881
1751475561828 0.8283127546310425 20882
1751475563781 0.8576280474662781 20883
1751475565186 0.7115606069564819 20884
1751475566586 0.8253991007804871 20885
1751475568358 0.8824561238288879 20886
1751475569705 0.6188698410987854 20887
1751475571103 0.5430713891983032 20888
1751475573036 0.7101508378982544 20889
1751475574466 0.3314182162284851 20890
1751475576211 1.0090891122817993 20891
1751475577557 0.6559655070304871 20892
1751475578985 1.294264316558838 20893
1751475580381 0.776430070400238 20894
1751475582012 0.4517895579338074 20895
1751475583401 0.7110685110092163 20896
1751475584879 0.8339343667030334 20897
1751475586326 0.543556809425354 20898
1751475589119 0.5167186856269836 20899
1751475590773 0.32194846868515015 20900
1751475592183 0.8489413261413574 20901
1751475593510 0.7793034911155701 20902
1751475594957 0.8784172534942627 20903
1751475596294 0.9744507670402527 20904
1751475597889 1.317275047302246 20905
1751475599251 0.7599620223045349 20906
1751475600605 0.6473754048347473 20907
1751475601906 0.916344404220581 20908
1751475603256 0.843092143535614 20909
1751475604949 1.0416241884231567 20910
1751475606280 1.017651915550232 20911
1751475607666 0.8832539319992065 20912
1751475609132 0.7402714490890503 20913
1751475610847 0.5773327350616455 20914
1751475612170 0.5107402801513672 20915
1751475613670 0.9463415145874023 20916
1751475615078 0.9394643306732178 20917
1751475616401 0.6189159154891968 20918
1751475618108 0.6529927253723145 20919
1751475619675 0.9411371350288391 20920
1751475621046 0.8467373847961426 20921
1751475622431 0.7296887040138245 20922
1751475623807 0.8612638711929321 20923
1751475625598 1.2308578491210938 20924
1751475626915 1.2251996994018555 20925
1751475628258 2.767091989517212 20926
1751475629732 0.53516685962677 20927
1751475631061 0.522812008857727 20928
1751475632725 0.9941607713699341 20929
1751475634198 0.5992947816848755 20930
1751475635590 0.8634557723999023 20931
1751475637006 0.65116286277771 20932
1751475638386 0.7246472239494324 20933
1751475640112 0.9190532565116882 20934
1751475641499 0.8640395998954773 20935
1751475643040 0.6270272731781006 20936
1751475644387 0.7462305426597595 20937
1751475645760 0.7273704409599304 20938
1751475647447 0.814690113067627 20939
1751475648899 0.8149857521057129 20940
1751475650327 0.6879745721817017 20941
1751475651644 0.7033812999725342 20942
1751475653257 0.5835345983505249 20943
1751475654663 0.4481777846813202 20944
1751475656080 1.7657179832458496 20945
1751475657413 0.939193844795227 20946
1751475658740 0.9803295731544495 20947
1751475660355 0.5804115533828735 20948
1751475661649 0.5727550387382507 20949
1751475663018 0.662569522857666 20950
1751475664345 0.7084237337112427 20951
1751475665708 0.7264935970306396 20952
1751475667493 1.0163943767547607 20953
1751475668890 0.5368419885635376 20954
1751475670136 0.8971240520477295 20955
1751475671559 0.2061247080564499 20956
1751475672846 0.7139531373977661 20957
1751475674547 0.6493967175483704 20958
1751475675936 0.6653217673301697 20959
1751475677285 0.6017506122589111 20960
1751475678639 0.6332388520240784 20961
1751475680087 0.7313235998153687 20962
1751475681657 0.7115695476531982 20963
1751475683132 0.6529569625854492 20964
1751475684664 0.47728368639945984 20965
1751475685979 0.6443865299224854 20966
1751475687570 0.49178656935691833 20967
1751475688979 0.5859696269035339 20968
1751475690315 0.8815025687217712 20969
1751475691697 0.4446987509727478 20970
1751475693113 0.6713594198226929 20971
1751475694812 1.042044758796692 20972
1751475696192 1.1648858785629272 20973
1751475697507 0.5682013630867004 20974
1751475699019 0.8712610006332397 20975
1751475700364 0.47509995102882385 20976
1751475702036 0.5395782589912415 20977
1751475703484 0.5715793967247009 20978
1751475704931 1.1083896160125732 20979
1751475706294 0.5588738918304443 20980
1751475707628 0.7622972726821899 20981
1751475709386 0.6851106286048889 20982
1751475710787 0.667070746421814 20983
1751475712108 0.5756806135177612 20984
1751475713445 0.6632819175720215 20985
1751475714930 0.46556323766708374 20986
1751475716717 0.9512996077537537 20987
1751475718063 0.5800344944000244 20988
1751475719411 0.8243283629417419 20989
1751475720847 0.7861826419830322 20990
1751475722649 0.4446648359298706 20991
1751475724164 0.6141952276229858 20992
1751475725503 0.7539820671081543 20993
1751475726934 0.6749680042266846 20994
1751475728399 0.8754003047943115 20995
1751475730055 0.5939701795578003 20996
1751475731391 0.8953012228012085 20997
1751475732706 1.0589547157287598 20998
1751475734048 0.6750295162200928 20999
1751475735333 1.3218443393707275 21000
1751475736938 0.3874928057193756 21001
1751475738330 0.9859280586242676 21002
1751475739663 0.8490173816680908 21003
1751475740938 1.9526015520095825 21004
1751475742332 0.7778505086898804 21005
1751475744056 0.6131048202514648 21006
1751475745511 0.5441099405288696 21007
1751475746865 0.9182047843933105 21008
1751475748221 1.086940050125122 21009
1751475749718 0.7413594126701355 21010
1751475751407 1.0568387508392334 21011
1751475752857 0.6398160457611084 21012
1751475754289 1.3890540599822998 21013
1751475755707 0.6670585870742798 21014
1751475757050 0.6685627102851868 21015
1751475758764 0.5662314891815186 21016
1751475760104 0.6093127131462097 21017
1751475761485 0.6871002316474915 21018
1751475762826 0.8296105861663818 21019
1751475764230 0.6336406469345093 21020
1751475765826 0.7948347926139832 21021
1751475767182 0.6772039532661438 21022
1751475768558 0.7186565399169922 21023
1751475770059 0.6970478296279907 21024
1751475771599 0.7643129229545593 21025
1751475773145 2.0751378536224365 21026
1751475774526 0.9169954061508179 21027
1751475775902 0.6534522175788879 21028
1751475777405 0.5530896186828613 21029
1751475779065 0.6260257959365845 21030
1751475780489 0.6296617388725281 21031
1751475781911 0.6453062295913696 21032
1751475783289 0.41913291811943054 21033
1751475784657 0.9062355756759644 21034
1751475786325 0.7329373955726624 21035
1751475787720 1.352660894393921 21036
1751475789142 1.4047412872314453 21037
1751475790502 0.9633966684341431 21038
1751475792016 0.4619128406047821 21039
1751475793609 0.7228184938430786 21040
1751475794932 0.6860367059707642 21041
1751475796425 0.6434271335601807 21042
1751475797787 0.9055061936378479 21043
1751475799234 1.619299292564392 21044
1751475800911 0.9339207410812378 21045
1751475802448 0.3736419677734375 21046
1751475803872 0.8206435441970825 21047
1751475805284 0.7443870306015015 21048
1751475806660 0.7092462778091431 21049
1751475808416 0.9306793808937073 21050
1751475809783 0.6719391942024231 21051
1751475811107 0.9403432011604309 21052
1751475812496 0.6871812343597412 21053
1751475814030 1.0516345500946045 21054
1751475815429 0.1587330549955368 21055
1751475816754 0.7442106008529663 21056
1751475818164 0.7894448041915894 21057
1751475819449 1.5800753831863403 21058
1751475821017 0.08263128995895386 21059
1751475822428 0.39684584736824036 21060
1751475823786 0.898644208908081 21061
1751475825233 0.8058103919029236 21062
1751475826555 0.6813910007476807 21063
1751475828398 0.4512292146682739 21064
1751475829991 0.8757956027984619 21065
1751475831323 1.1506612300872803 21066
1751475832676 0.675537645816803 21067
1751475834372 0.5924501419067383 21068
1751475835685 0.18844644725322723 21069
1751475837028 0.45172831416130066 21070
1751475838435 0.7013658285140991 21071
1751475839856 0.7000763416290283 21072
1751475841666 0.8712778091430664 21073
1751475843064 0.9108066558837891 21074
1751475844646 1.1369526386260986 21075
1751475846037 0.3392026126384735 21076
1751475847545 0.48436248302459717 21077
1751475849286 1.9887465238571167 21078
1751475850683 1.125058889389038 21079
1751475852054 0.6491506695747375 21080
1751475853480 0.6771734952926636 21081
1751475854889 0.8248069286346436 21082
1751475856626 0.5684372782707214 21083
1751475857969 0.41164156794548035 21084
1751475859361 0.5922341346740723 21085
1751475860717 0.7097048163414001 21086
1751475862351 0.10990003496408463 21087
1751475863852 1.0351500511169434 21088
1751475865277 0.9565353393554688 21089
1751475866643 0.5734175443649292 21090
1751475868043 0.8806673884391785 21091
1751475869789 0.7546619176864624 21092
1751475871183 0.8391406536102295 21093
1751475872665 0.14352881908416748 21094
1751475874089 0.39935293793678284 21095
1751475875680 1.3696210384368896 21096
1751475877396 0.6375676393508911 21097
1751475878838 0.6195160150527954 21098
1751475880166 0.8585726618766785 21099
1751475881493 0.911750853061676 21100
1751475883053 1.88510000705719 21101
1751475884475 0.6765688061714172 21102
1751475885907 0.5190317630767822 21103
1751475887299 0.5405498147010803 21104
1751475888677 0.9727475643157959 21105
1751475890280 1.3586933612823486 21106
1751475891752 0.4866518974304199 21107
1751475893213 0.969498872756958 21108
1751475894633 0.383664071559906 21109
1751475896002 0.5843302011489868 21110
1751475897677 0.4996555745601654 21111
1751475898983 0.7928735613822937 21112
1751475900480 0.436751127243042 21113
1751475901872 0.3816052973270416 21114
1751475903228 0.5719335079193115 21115
1751475904892 0.8692355751991272 21116
1751475906365 1.0142924785614014 21117
1751475907739 0.3789757490158081 21118
1751475909006 0.7398597002029419 21119
1751475910787 0.8695520758628845 21120
1751475912177 0.6317434310913086 21121
1751475913561 0.6423189640045166 21122
1751475914956 0.6529892683029175 21123
1751475916358 0.5405533313751221 21124
1751475918095 1.2277981042861938 21125
1751475919637 0.5966259241104126 21126
1751475920960 1.0185563564300537 21127
1751475922321 0.8348090648651123 21128
1751475923802 0.4544254541397095 21129
1751475925532 1.1616029739379883 21130
1751475926914 1.51932692527771 21131
1751475928264 0.9837123155593872 21132
1751475929736 0.6305593252182007 21133
1751475931126 0.538970947265625 21134
1751475932828 0.6788190007209778 21135
1751475934214 0.6093339920043945 21136
1751475935590 0.9320554137229919 21137
1751475936906 0.5912095308303833 21138
1751475938516 0.5862176418304443 21139
1751475939885 1.7621164321899414 21140
1751475941240 0.805069625377655 21141
1751475942606 0.6006518006324768 21142
1751475943952 0.9354755878448486 21143
1751475945600 1.1591085195541382 21144
1751475946989 0.9744513630867004 21145
1751475948466 0.4022846221923828 21146
1751475949869 1.1654810905456543 21147
1751475951241 1.1694954633712769 21148
1751475952863 1.0081685781478882 21149
1751475954203 0.045444559305906296 21150
1751475955535 0.7090943455696106 21151
1751475956888 0.26303914189338684 21152
1751475958473 0.9200469255447388 21153
1751475959883 0.5287683606147766 21154
1751475961196 1.285897970199585 21155
1751475962546 0.6845483183860779 21156
1751475963949 0.742829442024231 21157
1751475965536 0.6261444091796875 21158
1751475966941 0.6902198791503906 21159
1751475968297 0.47947967052459717 21160
1751475969697 0.838767409324646 21161
1751475971179 1.0013360977172852 21162
1751475972824 0.9415127635002136 21163
1751475974141 1.3327388763427734 21164
1751475975648 1.0994759798049927 21165
1751475977063 1.0048553943634033 21166
1751475978420 0.5691820383071899 21167
1751475980317 0.5004333257675171 21168
1751475981829 0.7905051708221436 21169
1751475983201 0.8289874792098999 21170
1751475984589 1.1684215068817139 21171
1751475986182 1.3986707925796509 21172
1751475987633 0.5218238234519958 21173
1751475989007 0.511900007724762 21174
1751475990409 0.7098994255065918 21175
1751475991810 1.0272047519683838 21176
1751475993446 0.9038559794425964 21177
1751475994895 0.6986629366874695 21178
1751475996464 0.6176691651344299 21179
1751475997902 0.6576892137527466 21180
1751475999618 0.9497236013412476 21181
1751476001012 0.5985347032546997 21182
1751476002425 0.8698997497558594 21183
1751476003727 2.1269712448120117 21184
1751476005096 0.34100791811943054 21185
1751476006708 0.9306797981262207 21186
1751476008243 1.4093358516693115 21187
1751476009585 0.514385998249054 21188
1751476010914 0.44027283787727356 21189
1751476012227 0.12737956643104553 21190
1751476013871 0.7219516038894653 21191
1751476015344 0.6762253046035767 21192
1751476016780 0.6531509160995483 21193
1751476018164 0.9732292294502258 21194
1751476019852 0.793777346611023 21195
1751476021243 0.9153559803962708 21196
1751476022654 0.659597635269165 21197
1751476024066 0.7170099020004272 21198
1751476025355 0.8402367234230042 21199
1751476026946 0.5887042284011841 21200
1751476028274 0.7287682890892029 21201
1751476029608 1.2350068092346191 21202
1751476031028 1.039189100265503 21203
1751476032426 0.640468955039978 21204
1751476034319 0.9344088435173035 21205
1751476035734 0.5605195760726929 21206
1751476037068 0.7113020420074463 21207
1751476038445 0.48775285482406616 21208
1751476039867 0.7026352882385254 21209
1751476041618 0.9601770639419556 21210
1751476042938 0.6291621327400208 21211
1751476044407 1.0612256526947021 21212
1751476045753 0.7125880122184753 21213
1751476047375 1.2507275342941284 21214
1751476048678 0.6833202838897705 21215
1751476050075 0.5835366249084473 21216
1751476051461 2.246847152709961 21217
1751476052963 1.2473042011260986 21218
1751476054574 0.7331551909446716 21219
1751476055957 0.6570888757705688 21220
1751476057238 1.5695278644561768 21221
1751476058637 0.6587446928024292 21222
1751476060252 0.6963367462158203 21223
1751476061596 0.5863482356071472 21224
1751476063013 1.0522359609603882 21225
1751476064368 0.9142600297927856 21226
1751476065599 1.0124943256378174 21227
1751476067252 0.632777214050293 21228
1751476068568 0.7724493145942688 21229
1751476069946 1.1901589632034302 21230
1751476071278 0.8006851673126221 21231
1751476072665 0.519780695438385 21232
1751476074232 0.6146668195724487 21233
1751476075663 0.9059236645698547 21234
1751476077006 0.8298133611679077 21235
1751476078317 0.5822452306747437 21236
1751476079626 0.6619900465011597 21237
1751476081317 0.7855353951454163 21238
1751476082701 0.7109001874923706 21239
1751476084041 0.8042378425598145 21240
1751476085394 1.8617618083953857 21241
1751476086747 0.8984009027481079 21242
1751476088396 0.483384907245636 21243
1751476089748 1.377281904220581 21244
1751476091165 0.8342983722686768 21245
1751476092558 0.8259227275848389 21246
1751476094150 1.3460493087768555 21247
1751476095459 1.4906857013702393 21248
1751476096865 0.5803636312484741 21249
1751476098189 1.0784363746643066 21250
1751476099491 0.8573099970817566 21251
1751476101191 0.7652315497398376 21252
1751476102576 0.261881560087204 21253
1751476103932 0.5137268900871277 21254
1751476105334 0.3219161033630371 21255
1751476106652 1.0044097900390625 21256
1751476108303 0.5531238913536072 21257
1751476109609 0.6200417876243591 21258
1751476110887 0.578716516494751 21259
1751476112176 1.1625733375549316 21260
1751476113680 1.4687367677688599 21261
1751476115035 0.7514816522598267 21262
1751476116355 1.44587242603302 21263
1751476117676 1.1828922033309937 21264
1751476118919 0.25198161602020264 21265
1751476120537 0.5128200054168701 21266
1751476121920 0.7987099885940552 21267
1751476123224 1.4834603071212769 21268
1751476124672 0.5750793814659119 21269
1751476125962 0.6407041549682617 21270
1751476127462 1.2658801078796387 21271
1751476128818 0.6381131410598755 21272
1751476130227 0.6471127271652222 21273
1751476131586 0.924329936504364 21274
1751476133222 1.2282605171203613 21275
1751476134605 0.6634564399719238 21276
1751476136050 0.9178696870803833 21277
1751476137361 0.964438796043396 21278
1751476138744 0.5893466472625732 21279
1751476140398 0.4199908971786499 21280
1751476141762 0.4978339672088623 21281
1751476143132 0.6679520606994629 21282
1751476144517 0.6476062536239624 21283
1751476145845 0.5883371829986572 21284
1751476147433 0.6971535086631775 21285
1751476148770 0.5373092889785767 21286
1751476150177 1.0254288911819458 21287
1751476151550 0.8536475896835327 21288
1751476152913 0.8812897205352783 21289
1751476154601 1.0615522861480713 21290
1751476155980 0.30631327629089355 21291
1751476157367 0.6743868589401245 21292
1751476158650 0.4795585870742798 21293
1751476160242 0.947837233543396 21294
1751476161545 0.719028115272522 21295
1751476162789 0.7131073474884033 21296
1751476164141 1.1836307048797607 21297
1751476165529 0.567244291305542 21298
1751476167080 0.7813006043434143 21299
1751476168411 0.039149656891822815 21300
1751476169758 0.6022317409515381 21301
1751476171107 0.5568620562553406 21302
1751476172513 1.1143404245376587 21303
1751476174199 0.6772092580795288 21304
1751476175566 1.1945961713790894 21305
1751476176959 0.30878403782844543 21306
1751476178334 0.7655928134918213 21307
1751476179985 0.9238341450691223 21308
1751476181335 0.7795467376708984 21309
1751476182722 0.7487666010856628 21310
1751476184046 0.7288463711738586 21311
1751476185419 0.6210587620735168 21312
1751476187066 0.6549402475357056 21313
1751476188523 0.5978391170501709 21314
1751476189900 1.0311071872711182 21315
1751476191194 0.6087576150894165 21316
1751476192470 0.6656834483146667 21317
1751476194043 0.42666497826576233 21318
1751476195421 1.0038890838623047 21319
1751476196770 1.0024620294570923 21320
1751476198137 0.09808698296546936 21321
1751476199821 1.1345288753509521 21322
1751476201211 0.47403720021247864 21323
1751476202596 0.925723135471344 21324
1751476204029 0.5903828144073486 21325
1751476205376 0.2622251808643341 21326
1751476207166 0.9892748594284058 21327
1751476208472 0.795210599899292 21328
1751476209794 0.6584157943725586 21329
1751476211090 0.8247573375701904 21330
1751476212412 0.6073604822158813 21331
1751476214027 0.9464620351791382 21332
1751476215355 0.8503520488739014 21333
1751476216698 0.3643453121185303 21334
1751476217983 0.5841937065124512 21335
1751476219288 0.6314070224761963 21336
1751476220860 0.7326967716217041 21337
1751476222167 1.3946728706359863 21338
1751476223450 0.7107832431793213 21339
1751476224834 0.8488339781761169 21340
1751476226451 1.2739417552947998 21341
1751476227761 0.7111362218856812 21342
1751476229068 0.5574826002120972 21343
1751476230390 1.078446626663208 21344
1751476231729 0.5752147436141968 21345
1751476233344 0.582686185836792 21346
1751476234680 0.8634340763092041 21347
1751476236103 0.4421570301055908 21348
1751476237424 0.9625970125198364 21349
1751476238794 0.598467230796814 21350
1751476240295 0.8677977323532104 21351
1751476241571 0.6279846429824829 21352
1751476242898 0.5766891241073608 21353
1751476244232 1.1541364192962646 21354
1751476245874 0.6913435459136963 21355
1751476247173 1.1742608547210693 21356
1751476248466 1.2531514167785645 21357
1751476249772 1.8576778173446655 21358
1751476251168 1.3286023139953613 21359
1751476252789 1.15724515914917 21360
1751476254115 0.6847320795059204 21361
1751476255433 0.6107600927352905 21362
1751476256731 0.7819040417671204 21363
1751476258068 0.859825611114502 21364
1751476259617 1.6071152687072754 21365
1751476260946 0.8504668474197388 21366
1751476262234 0.3983553647994995 21367
1751476263529 0.7283166646957397 21368
1751476264670 2.290154218673706 21369
1751476266243 0.7549208998680115 21370
1751476267629 0.6232972145080566 21371
1751476268953 1.1990025043487549 21372
1751476270309 1.549257516860962 21373
1751476272043 0.9551941156387329 21374
1751476273386 0.9501779079437256 21375
1751476274700 0.5806246995925903 21376
1751476275996 0.7881680727005005 21377
1751476277304 0.6456570625305176 21378
1751476278826 1.0032298564910889 21379
1751476280222 0.9510745406150818 21380
1751476281536 1.7404701709747314 21381
1751476282969 0.6575049161911011 21382
1751476284261 0.5861877202987671 21383
1751476285881 0.5835453867912292 21384
1751476287208 0.539559006690979 21385
1751476288491 1.2448244094848633 21386
1751476289787 0.5019469261169434 21387
1751476291183 0.5988218188285828 21388
1751476292850 0.570897102355957 21389
1751476294185 0.9010102152824402 21390
1751476295526 0.8965191841125488 21391
1751476296810 0.7854697704315186 21392
1751476298485 1.3465285301208496 21393
1751476299821 1.1469024419784546 21394
1751476301202 0.21326547861099243 21395
1751476302507 0.6505433917045593 21396
1751476303868 0.43346571922302246 21397
1751476305432 0.46148645877838135 21398
1751476306890 0.8060770630836487 21399
1751476308213 0.6231460571289062 21400
1751476309589 0.7522459030151367 21401
1751476310943 0.839926540851593 21402
1751476312554 0.6770119071006775 21403
1751476314016 0.896420955657959 21404
1751476315320 1.1170389652252197 21405
1751476316663 0.9208768606185913 21406
1751476317978 0.8361693620681763 21407
1751476319573 1.2413301467895508 21408
1751476320957 1.0609102249145508 21409
1751476322251 1.4330096244812012 21410
1751476323549 0.5665959715843201 21411
1751476325066 0.5673903822898865 21412
1751476326364 0.7570290565490723 21413
1751476327747 0.8790345788002014 21414
1751476329146 0.851039469242096 21415
1751476330575 1.144429326057434 21416
1751476332317 0.459196537733078 21417
1751476333631 0.7761423587799072 21418
1751476334965 0.8892918825149536 21419
1751476336299 0.7969157099723816 21420
1751476337967 0.2768738269805908 21421
1751476339371 0.492381751537323 21422
1751476340765 0.505631685256958 21423
1751476342161 0.7475537061691284 21424
1751476343462 0.045295946300029755 21425
1751476345186 0.6334395408630371 21426
1751476346521 0.7457993030548096 21427
1751476347938 0.1769585907459259 21428
1751476349297 0.8085866570472717 21429
1751476350774 0.6819740533828735 21430
1751476352441 0.5943753719329834 21431
1751476353755 0.6430766582489014 21432
1751476355129 0.7273761034011841 21433
1751476356512 0.6218489408493042 21434
1751476358161 0.6594029068946838 21435
1751476359519 0.8867730498313904 21436
1751476360840 0.7295563817024231 21437
1751476362110 2.270195484161377 21438
1751476363493 0.5791063904762268 21439
1751476365091 0.7685538530349731 21440
1751476366409 0.47379791736602783 21441
1751476367727 0.6055054068565369 21442
1751476369071 0.43796610832214355 21443
1751476370346 2.491271495819092 21444
1751476371916 1.0701842308044434 21445
1751476373233 0.530518114566803 21446
1751476374595 0.5552693605422974 21447
1751476375954 0.6355654001235962 21448
1751476377530 0.35794246196746826 21449
1751476378829 0.543146550655365 21450
1751476380186 0.3964841961860657 21451
1751476381478 0.46243298053741455 21452
1751476382987 0.41626885533332825 21453
1751476384667 0.3831128478050232 21454
1751476385991 1.2218892574310303 21455
1751476387306 0.25993213057518005 21456
1751476388770 1.0345346927642822 21457
1751476390116 0.5418604612350464 21458
1751476391752 0.40034550428390503 21459
1751476393150 0.9353042840957642 21460
1751476394479 0.5761536359786987 21461
1751476395783 0.9149864315986633 21462
1751476397341 0.7998780012130737 21463
1751476398686 1.578596830368042 21464
1751476399972 0.5695897340774536 21465
1751476401340 1.6260223388671875 21466
1751476402677 1.3074004650115967 21467
1751476404261 0.9456838369369507 21468
1751476405579 1.0123279094696045 21469
1751476406919 0.6291046738624573 21470
1751476408273 0.8687440752983093 21471
1751476409693 1.0153241157531738 21472
1751476411293 0.6318219900131226 21473
1751476412637 0.776586651802063 21474
1751476413985 0.5163986682891846 21475
1751476415316 2.215871810913086 21476
1751476416951 1.1858041286468506 21477
1751476418356 0.522295355796814 21478
1751476419681 0.5946156978607178 21479
1751476420955 0.7528981566429138 21480
1751476422271 0.6616600751876831 21481
1751476423841 0.4361400306224823 21482
1751476425111 0.6021995544433594 21483
1751476426473 0.6948549747467041 21484
1751476427928 1.3432666063308716 21485
1751476429565 1.446537733078003 21486
1751476430917 0.22590093314647675 21487
1751476432223 0.39217692613601685 21488
1751476433576 0.6551377177238464 21489
1751476434915 1.0541703701019287 21490
1751476436574 0.7845363616943359 21491
1751476437899 0.30812937021255493 21492
1751476439200 0.6728535294532776 21493
1751476440472 0.5815973877906799 21494
1751476441806 0.9049391746520996 21495
1751476443399 0.880835771560669 21496
1751476444820 0.6139881610870361 21497
1751476446168 0.870944619178772 21498
1751476447579 1.1467466354370117 21499
1751476449225 0.600273609161377 21500
1751476450648 0.5581591129302979 21501
1751476451997 1.0482745170593262 21502
1751476453332 0.696965217590332 21503
1751476454772 0.6598577499389648 21504
1751476456375 0.6140815019607544 21505
1751476457679 0.5392785668373108 21506
1751476459083 1.0107555389404297 21507
1751476460456 1.263953685760498 21508
1751476461760 0.9752715826034546 21509
1751476463400 0.6366188526153564 21510
1751476464712 0.9585006237030029 21511
1751476466093 0.9031631350517273 21512
1751476467500 0.6339819431304932 21513
1751476469026 0.5504497289657593 21514
1751476470350 0.9205230474472046 21515
1751476471681 1.368778944015503 21516
1751476472974 0.6756428480148315 21517
1751476474300 0.9084900617599487 21518
1751476475874 1.080709457397461 21519
1751476477191 0.6250927448272705 21520
1751476478456 0.9923268556594849 21521
1751476479862 0.7139390707015991 21522
1751476481452 0.6732429265975952 21523
1751476482850 0.5515724420547485 21524
1751476484261 0.5163676738739014 21525
1751476485565 0.8430412411689758 21526
1751476486873 0.5727596282958984 21527
1751476488562 0.6554378271102905 21528
1751476489858 1.6868565082550049 21529
1751476491146 1.1092965602874756 21530
1751476492480 0.6232891082763672 21531
1751476493823 1.1430763006210327 21532
1751476495449 0.8510785698890686 21533
1751476496828 0.6672383546829224 21534
1751476498154 1.1826237440109253 21535
1751476499517 1.133379340171814 21536
1751476501132 0.9742456674575806 21537
1751476502509 0.5945473313331604 21538
1751476503838 1.212568998336792 21539
1751476505128 0.9138075113296509 21540
1751476506469 0.6270784735679626 21541
1751476508093 0.6566498279571533 21542
1751476509372 0.8796204924583435 21543
1751476510684 0.5914239883422852 21544
1751476511988 0.9854038953781128 21545
1751476513656 0.5584477782249451 21546
1751476515089 0.9851263761520386 21547
1751476516427 1.2323784828186035 21548
1751476517853 0.027534332126379013 21549
1751476519157 0.5613995790481567 21550
1751476520925 0.6350595951080322 21551
1751476522273 0.6884245872497559 21552
1751476523592 0.9389528036117554 21553
1751476524982 1.6451324224472046 21554
1751476526328 0.5659631490707397 21555
1751476528056 1.0917199850082397 21556
1751476529443 0.5328198075294495 21557
1751476530925 0.4837789535522461 21558
1751476532227 0.686797559261322 21559
1751476533913 0.6074874997138977 21560
1751476535313 0.9055821895599365 21561
1751476536672 0.5426106452941895 21562
1751476538023 1.1179091930389404 21563
1751476539346 0.7117013335227966 21564
1751476540918 0.6111496090888977 21565
1751476542261 0.756474494934082 21566
1751476543634 0.4922863245010376 21567
1751476544956 0.6517118215560913 21568
1751476546277 0.6676425337791443 21569
1751476547911 0.8389414548873901 21570
1751476549340 0.7790050506591797 21571
1751476550692 0.8086909055709839 21572
1751476552089 0.6449112892150879 21573
1751476553767 0.834524393081665 21574
1751476555083 0.9905697107315063 21575
1751476556405 0.35169243812561035 21576
1751476557748 0.9368966817855835 21577
1751476559038 1.1592353582382202 21578
1751476560751 0.8923293352127075 21579
1751476562072 1.4306704998016357 21580
1751476563449 1.0472766160964966 21581
1751476564765 0.5183431506156921 21582
1751476566087 0.4073123335838318 21583
1751476567743 0.996283769607544 21584
1751476569151 0.6106111407279968 21585
1751476570530 0.690936267375946 21586
1751476571889 1.2271654605865479 21587
1751476573517 0.5515788793563843 21588
1751476574897 0.7763000130653381 21589
1751476576281 0.8042300343513489 21590
1751476577640 2.137174129486084 21591
1751476579133 0.9707974791526794 21592
1751476580736 0.5457392930984497 21593
1751476582067 0.7269352674484253 21594
1751476583465 1.1731772422790527 21595
1751476584835 0.7551180720329285 21596
1751476586151 0.7630842924118042 21597
1751476587748 0.7427425384521484 21598
1751476589014 0.719914436340332 21599
1751476590330 1.0355340242385864 21600
1751476672073 0.1258494108915329 21601
1751476673677 0.3510133624076843 21602
1751476675035 0.7301567792892456 21603
1751476676376 0.5350474119186401 21604
1751476677743 0.8279169797897339 21605
1751476679098 0.4448924660682678 21606
1751476680812 0.9688110947608948 21607
1751476682104 1.1360244750976562 21608
1751476683452 0.6638405919075012 21609
1751476684822 0.7315933108329773 21610
1751476686161 0.7176952362060547 21611
1751476687886 0.6849055290222168 21612
1751476689274 1.1303595304489136 21613
1751476690585 0.5518029928207397 21614
1751476692007 0.39194512367248535 21615
1751476693821 0.5604034662246704 21616
1751476695283 0.6236391067504883 21617
1751476696625 0.7203301191329956 21618
1751476698103 0.7411574125289917 21619
1751476699477 0.7594394087791443 21620
1751476701191 0.8847774267196655 21621
1751476702670 0.64951092004776 21622
1751476704094 0.6524414420127869 21623
1751476705517 0.543740451335907 21624
1751476707266 0.4521248936653137 21625
1751476708591 0.4421098828315735 21626
1751476710048 0.9278712272644043 21627
1751476711440 0.5831681489944458 21628
1751476712780 0.7981679439544678 21629
1751476714416 0.6458901166915894 21630
1751476715790 0.6547001004219055 21631
1751476717115 0.7330466508865356 21632
1751476718469 0.9732232093811035 21633
1751476719836 0.579330325126648 21634
1751476721457 0.9965487718582153 21635
1751476722811 0.7399447560310364 21636
1751476724067 0.49067679047584534 21637
1751476725516 0.7798017263412476 21638
1751476727161 0.5782785415649414 21639
1751476728541 0.8788107633590698 21640
1751476729894 0.3263896107673645 21641
1751476731223 1.1522347927093506 21642
1751476732652 0.6716997623443604 21643
1751476734314 0.9424726366996765 21644
1751476735755 0.4474952518939972 21645
1751476737092 0.6628903150558472 21646
1751476738422 0.4752422571182251 21647
1751476739852 1.0688743591308594 21648
1751476741510 1.0009835958480835 21649
1751476742881 0.8226665258407593 21650
1751476744198 0.5725257396697998 21651
1751476745504 1.2718334197998047 21652
1751476747083 1.059488296508789 21653
1751476748485 2.1190223693847656 21654
1751476749798 1.5361627340316772 21655
1751476751098 0.7929145097732544 21656
1751476752607 0.7605445384979248 21657
1751476754111 0.9938215613365173 21658
1751476755557 0.798600435256958 21659
1751476756954 1.1868419647216797 21660
1751476758323 0.6364687085151672 21661
1751476759813 0.90164715051651 21662
1751476761459 1.005638599395752 21663
1751476762942 0.7177746295928955 21664
1751476764241 1.0082318782806396 21665
1751476765628 0.5712136626243591 21666
1751476767241 1.0006134510040283 21667
1751476768619 0.7427484393119812 21668
1751476769993 1.064790964126587 21669
1751476771347 0.7401187419891357 21670
1751476772667 2.7825422286987305 21671
1751476774255 0.8706091642379761 21672
1751476775646 1.0156100988388062 21673
1751476776974 1.411179542541504 21674
1751476778337 0.7760341763496399 21675
1751476779916 0.7461792826652527 21676
1751476781249 1.1393413543701172 21677
1751476782562 0.7098112106323242 21678
1751476783872 0.6461701393127441 21679
1751476785295 0.5929913520812988 21680
1751476786864 0.5970790386199951 21681
1751476788231 0.7385445833206177 21682
1751476789612 0.4698638319969177 21683
1751476790961 0.7840894460678101 21684
1751476792348 0.6424552798271179 21685
1751476794051 0.8878087997436523 21686
1751476795435 0.65729820728302 21687
1751476796838 0.5203211307525635 21688
1751476798177 0.6846827268600464 21689
1751476799775 0.762884795665741 21690
1751476801159 1.4709649085998535 21691
1751476802611 0.550295352935791 21692
1751476803935 0.5745624899864197 21693
1751476805341 0.4862939119338989 21694
1751476806940 1.5501697063446045 21695
1751476808267 0.32762086391448975 21696
1751476809632 0.0886460691690445 21697
1751476810973 0.5044354200363159 21698
1751476812472 0.6364061832427979 21699
1751476814156 0.9814088344573975 21700
1751476815583 0.8290785551071167 21701
1751476816935 0.5403497219085693 21702
1751476818344 0.6401140093803406 21703
1751476819953 1.137066125869751 21704
1751476821410 0.7650357484817505 21705
1751476822734 0.8604735136032104 21706
1751476824055 0.8514887094497681 21707
1751476825437 0.7185800075531006 21708
1751476827049 0.4610828757286072 21709
1751476828331 0.8801581859588623 21710
1751476829660 0.9810045957565308 21711
1751476830956 0.5237178206443787 21712
1751476832306 0.751129686832428 21713
1751476833915 0.6609026193618774 21714
1751476835274 0.9253510236740112 21715
1751476836607 0.5449458360671997 21716
1751476837957 0.532929003238678 21717
1751476839763 0.8345613479614258 21718
1751476841094 0.7577111721038818 21719
1751476842533 0.6471932530403137 21720
1751476843833 0.4274616837501526 21721
1751476845093 0.8366122841835022 21722
1751476846639 0.6115943193435669 21723
1751476848052 0.5967446565628052 21724
1751476849447 0.2194821536540985 21725
1751476850787 0.6915351748466492 21726
1751476852386 0.8619478940963745 21727
1751476853726 1.937523603439331 21728
1751476855097 0.6563584208488464 21729
1751476856425 0.728193998336792 21730
1751476857696 1.5288804769515991 21731
1751476859310 0.5208910703659058 21732
1751476860689 0.10942239314317703 21733
1751476862065 0.48690372705459595 21734
1751476863441 0.48871076107025146 21735
1751476864836 1.0560163259506226 21736
1751476866531 1.0526467561721802 21737
1751476867899 0.6366315484046936 21738
1751476869300 0.6644605994224548 21739
1751476870675 0.6061441898345947 21740
1751476872238 1.0532513856887817 21741
1751476873634 0.6116142272949219 21742
1751476874988 0.5813800692558289 21743
1751476876285 1.1192256212234497 21744
1751476877630 1.1526380777359009 21745
1751476879301 1.6616746187210083 21746
1751476880628 1.0448648929595947 21747
1751476882010 0.7880880236625671 21748
1751476883367 0.5095359683036804 21749
1751476884605 1.1096434593200684 21750
1751476886375 0.5276576280593872 21751
1751476887715 0.653192400932312 21752
1751476889057 0.8752248287200928 21753
1751476890379 0.9655945301055908 21754
1751476891946 0.619013249874115 21755
1751476893397 0.8762369155883789 21756
1751476894727 0.7248372435569763 21757
1751476896126 1.3747096061706543 21758
1751476897518 0.7371574640274048 21759
1751476899118 0.3901319205760956 21760
1751476900521 0.5929408669471741 21761
1751476901883 0.6150671243667603 21762
1751476903259 0.6131874322891235 21763
1751476904932 1.5259127616882324 21764
1751476906215 0.7213692665100098 21765
1751476907564 0.572350263595581 21766
1751476908930 0.5658594369888306 21767
1751476910348 0.5152124762535095 21768
1751476911908 0.5031677484512329 21769
1751476913218 0.8444070816040039 21770
1751476914583 1.7049241065979004 21771
1751476915986 0.7688364386558533 21772
1751476917618 0.45743727684020996 21773
1751476918897 0.7840491533279419 21774
1751476920344 0.9241498708724976 21775
1751476921683 0.8380017876625061 21776
1751476923017 0.5435324907302856 21777
1751476924646 1.0592296123504639 21778
1751476925948 0.6963083744049072 21779
1751476927260 0.5008495450019836 21780
1751476928619 0.8223780393600464 21781
1751476930113 1.0504491329193115 21782
1751476931505 0.376160591840744 21783
1751476932871 1.230147361755371 21784
1751476934229 0.6367340087890625 21785
1751476935457 0.43363919854164124 21786
1751476937047 0.8083054423332214 21787
1751476938419 0.927653968334198 21788
1751476939822 0.7415053844451904 21789
1751476941149 0.9168038964271545 21790
1751476942575 0.851974606513977 21791
1751476944264 0.6815727949142456 21792
1751476945605 1.094508171081543 21793
1751476946978 0.8036218881607056 21794
1751476948386 0.6296964883804321 21795
1751476950003 0.5100743770599365 21796
1751476951357 1.0443527698516846 21797
1751476952647 0.5437455177307129 21798
1751476954058 0.7538744211196899 21799
1751476955671 0.6625829339027405 21800
1751476956992 0.9240466356277466 21801
1751476958427 0.5084981918334961 21802
1751476959649 0.7273987531661987 21803
1751476961144 1.1482590436935425 21804
1751476962733 0.5768530964851379 21805
1751476964044 0.7470540404319763 21806
1751476965361 0.9247694611549377 21807
1751476966807 0.9277766942977905 21808
1751476968188 0.7848533391952515 21809
1751476969883 0.6569899916648865 21810
1751476971209 0.7226440906524658 21811
1751476972544 0.1359109878540039 21812
1751476974038 0.8642467260360718 21813
1751476975892 0.6232039332389832 21814
1751476977367 0.7666125297546387 21815
1751476978945 0.8132472038269043 21816
1751476980469 1.0828832387924194 21817
1751476981982 0.6196660995483398 21818
1751476983743 0.6597404479980469 21819
1751476985347 0.8283528685569763 21820
1751476986915 0.8869576454162598 21821
1751476988430 0.498087614774704 21822
1751476989791 0.26189902424812317 21823
1751476991598 1.0502166748046875 21824
1751476992992 0.8895590901374817 21825
1751476994361 0.45368027687072754 21826
1751476995722 0.5779905319213867 21827
1751476997365 0.5870295763015747 21828
1751476999352 0.5666077136993408 21829
1751477002148 0.38313037157058716 21830
1751477003624 0.4610999822616577 21831
1751477004994 0.9018234014511108 21832
1751477007057 0.3186013102531433 21833
1751477008433 0.7721048593521118 21834
1751477009814 1.4957590103149414 21835
1751477011185 0.9882275462150574 21836
1751477014027 0.6267668604850769 21837
1751477015347 0.5257235169410706 21838
1751477016685 0.9328659772872925 21839
1751477018115 0.27226197719573975 21840
1751477019745 0.6640913486480713 21841
1751477021080 0.8633787035942078 21842
1751477022422 1.1122360229492188 21843
1751477023817 0.9166275262832642 21844
1751477025386 0.75942063331604 21845
1751477027039 0.7419612407684326 21846
1751477028526 0.8678206205368042 21847
1751477029840 0.9100067019462585 21848
1751477031258 0.7299346327781677 21849
1751477032715 0.8477507829666138 21850
1751477034343 0.5701713562011719 21851
1751477035671 0.6723902225494385 21852
1751477037121 0.5938053131103516 21853
1751477038450 1.248416781425476 21854
1751477040143 0.7849867343902588 21855
1751477041479 0.5422964096069336 21856
1751477042891 0.4264460802078247 21857
1751477044273 0.6354373693466187 21858
1751477045707 0.6714874505996704 21859
1751477047300 0.4736590087413788 21860
1751477048647 0.5342167615890503 21861
1751477050042 0.577189028263092 21862
1751477051462 0.27147701382637024 21863
1751477053118 0.7679613828659058 21864
1751477054507 0.7571770548820496 21865
1751477055913 0.9855324029922485 21866
1751477057275 0.5133293271064758 21867
1751477058612 0.515453577041626 21868
1751477060255 1.1905434131622314 21869
1751477061679 0.754527747631073 21870
1751477063003 0.6142785549163818 21871
1751477064331 0.5549241900444031 21872
1751477065657 1.0190913677215576 21873
1751477067428 1.2490228414535522 21874
1751477068809 0.4486769437789917 21875
1751477070183 1.3085472583770752 21876
1751477071703 0.753585934638977 21877
1751477073387 0.8757734298706055 21878
1751477074721 1.1179327964782715 21879
1751477076083 0.328873872756958 21880
1751477077448 0.5455652475357056 21881
1751477078846 0.8427871465682983 21882
1751477080439 0.713443398475647 21883
1751477081850 0.4076317548751831 21884
1751477083300 0.5051521062850952 21885
1751477084741 0.5639863610267639 21886
1751477086404 0.7183470726013184 21887
1751477087660 1.3921698331832886 21888
1751477088965 0.40806543827056885 21889
1751477090352 1.0404131412506104 21890
1751477091788 0.7223679423332214 21891
1751477093352 0.573165774345398 21892
1751477094672 0.5823068618774414 21893
1751477096033 0.572974443435669 21894
1751477097333 0.7358554601669312 21895
1751477099016 1.3720371723175049 21896
1751477100417 0.5092085003852844 21897
1751477101726 0.7161576151847839 21898
1751477103024 0.6598142385482788 21899
1751477104305 0.7006953358650208 21900
1751477105891 0.914824366569519 21901
1751477107194 0.47333547472953796 21902
1751477108504 0.2955077588558197 21903
1751477109862 0.5669553279876709 21904
1751477111564 1.467078447341919 21905
1751477112964 0.5589551329612732 21906
1751477114349 0.4367222785949707 21907
1751477115740 0.8183777332305908 21908
1751477117090 0.7773573398590088 21909
1751477118716 0.46504783630371094 21910
1751477120086 0.6517397165298462 21911
1751477121424 0.7155061960220337 21912
1751477122739 0.8447848558425903 21913
1751477124366 0.6131240129470825 21914
1751477125700 0.8923661708831787 21915
1751477127038 0.7643556594848633 21916
1751477128491 0.9845616221427917 21917
1751477129766 0.47014203667640686 21918
1751477131313 0.8724465370178223 21919
1751477132673 2.065756320953369 21920
1751477133955 0.6536587476730347 21921
1751477135355 0.8648724555969238 21922
1751477136726 0.9946470260620117 21923
1751477138343 0.6143616437911987 21924
1751477139846 0.9225158095359802 21925
1751477141176 0.36579394340515137 21926
1751477142558 0.9184295535087585 21927
1751477144111 1.0132896900177002 21928
1751477145535 0.7364140748977661 21929
1751477146902 0.5663118362426758 21930
1751477148209 1.021042823791504 21931
1751477149596 0.5471978187561035 21932
1751477151201 0.5766944885253906 21933
1751477152496 0.6012452840805054 21934
1751477153884 0.42509037256240845 21935
1751477155298 0.8209420442581177 21936
1751477156885 0.8381397128105164 21937
1751477158177 0.8484911918640137 21938
1751477159550 0.8290334939956665 21939
1751477160873 0.9713592529296875 21940
1751477162156 0.772914469242096 21941
1751477163728 0.47668159008026123 21942
1751477165163 1.5446715354919434 21943
1751477166526 0.9106838703155518 21944
1751477167983 1.075764536857605 21945
1751477169547 1.5127215385437012 21946
1751477170875 0.904059886932373 21947
1751477172242 0.7650833129882812 21948
1751477173670 0.6906827688217163 21949
1751477175042 0.2088542878627777 21950
1751477176717 0.8314720988273621 21951
1751477177996 0.4928598999977112 21952
1751477179393 0.5996320247650146 21953
1751477180842 0.636325478553772 21954
1751477182528 0.6313375234603882 21955
1751477183983 0.6862808465957642 21956
1751477185300 0.64328932762146 21957
1751477186799 1.6690444946289062 21958
1751477188177 0.7187591195106506 21959
1751477189775 0.3924604058265686 21960
1751477191167 1.458951711654663 21961
1751477192524 0.9140380620956421 21962
1751477193929 0.7321341037750244 21963
1751477195296 0.8005508184432983 21964
1751477196864 0.9547496438026428 21965
1751477198218 0.9731484055519104 21966
1751477199598 0.6761504411697388 21967
1751477200948 0.6691558361053467 21968
1751477202601 0.5537023544311523 21969
1751477203941 1.2851630449295044 21970
1751477205324 0.6829051375389099 21971
1751477206690 0.731900155544281 21972
1751477208138 0.6430461406707764 21973
1751477209800 0.7829829454421997 21974
1751477211261 0.7306464910507202 21975
1751477212604 0.6050279140472412 21976
1751477214075 0.9299606084823608 21977
1751477215745 0.8940248489379883 21978
1751477217167 1.209040880203247 21979
1751477218463 0.6499168872833252 21980
1751477219836 0.06470242142677307 21981
1751477221194 0.6468273997306824 21982
1751477222817 0.6043112277984619 21983
1751477224096 1.3936009407043457 21984
1751477225487 0.5873875021934509 21985
1751477226832 0.6718401908874512 21986
1751477228495 0.3939530551433563 21987
1751477229832 0.5613421201705933 21988
1751477231143 0.6621689796447754 21989
1751477232483 0.9935310482978821 21990
1751477233828 0.8519175052642822 21991
1751477235429 1.19749915599823 21992
1751477236847 0.52144455909729 21993
1751477238201 0.6656700372695923 21994
1751477239540 0.5498632192611694 21995
1751477241224 0.6934040188789368 21996
1751477242583 1.023901343345642 21997
1751477243920 0.46518659591674805 21998
1751477245373 0.723225474357605 21999
1751477246736 1.0708681344985962 22000
1751477248339 0.528459906578064 22001
1751477249660 1.286811351776123 22002
1751477251029 0.46567559242248535 22003
1751477252414 0.9746557474136353 22004
1751477253995 0.8698607683181763 22005
1751477255316 0.6118997931480408 22006
1751477256673 1.0001840591430664 22007
1751477258065 0.5108897686004639 22008
1751477259435 0.4858415722846985 22009
1751477261043 1.07101571559906 22010
1751477262400 1.1775904893875122 22011
1751477263765 0.5866960287094116 22012
1751477265090 0.6719793081283569 22013
1751477266876 0.7676092386245728 22014
1751477268201 1.0104014873504639 22015
1751477269676 0.4939214289188385 22016
1751477271168 0.5681557655334473 22017
1751477272514 1.7114620208740234 22018
1751477274110 0.5621813535690308 22019
1751477275546 1.4906063079833984 22020
1751477276869 0.6666316986083984 22021
1751477278238 0.7238535284996033 22022
1751477279931 0.7069417238235474 22023
1751477281324 0.6251401901245117 22024
1751477282629 0.6326883435249329 22025
1751477283892 0.8338231444358826 22026
1751477285285 0.5099034309387207 22027
1751477286993 1.2549110651016235 22028
1751477288352 0.4596858322620392 22029
1751477289809 0.6995589733123779 22030
1751477291158 0.8583760261535645 22031
1751477292721 0.9304897785186768 22032
1751477294039 0.8965664505958557 22033
1751477295431 0.8979507684707642 22034
1751477296875 0.9849891066551208 22035
1751477298269 1.5660417079925537 22036
1751477299941 1.0918693542480469 22037
1751477301338 0.6912193298339844 22038
1751477302704 0.8971774578094482 22039
1751477303997 1.3763688802719116 22040
1751477305263 0.8864352703094482 22041
1751477306955 0.7265286445617676 22042
1751477308409 0.14535005390644073 22043
1751477309737 0.5383299589157104 22044
1751477311094 0.7270512580871582 22045
1751477312701 0.9158158898353577 22046
1751477313981 0.07592004537582397 22047
1751477315284 0.5497778058052063 22048
1751477316650 0.6263841390609741 22049
1751477317994 0.891863226890564 22050
1751477319648 0.605615496635437 22051
1751477320971 0.5276495814323425 22052
1751477322317 1.4716525077819824 22053
1751477323604 0.42985427379608154 22054
1751477325202 0.5524420738220215 22055
1751477326587 0.6464909911155701 22056
1751477327895 0.5259650945663452 22057
1751477329269 0.8367904424667358 22058
1751477330679 0.9996792674064636 22059
1751477332330 0.48625171184539795 22060
1751477333711 0.6990621089935303 22061
1751477335143 1.4866042137145996 22062
1751477336448 0.7387857437133789 22063
1751477338072 0.2957477569580078 22064
1751477339438 0.6972943544387817 22065
1751477340747 0.9121310114860535 22066
1751477342163 1.0283901691436768 22067
1751477343507 0.5465511679649353 22068
1751477345156 0.6419098377227783 22069
1751477346519 0.41151976585388184 22070
1751477347956 0.6056749820709229 22071
1751477349293 0.3908303678035736 22072
1751477350677 0.5444158911705017 22073
1751477352286 0.9811415672302246 22074
1751477353593 1.054732322692871 22075
1751477354901 1.13484525680542 22076
1751477356240 1.082539677619934 22077
1751477357789 0.701755702495575 22078
1751477359154 0.5917362570762634 22079
1751477360482 0.8140115737915039 22080
1751477361818 0.367026150226593 22081
1751477363225 1.3751647472381592 22082
1751477364854 0.2640536427497864 22083
1751477366208 0.6130406856536865 22084
1751477367527 0.5787237286567688 22085
1751477368856 0.65956711769104 22086
1751477370388 0.7294239401817322 22087
1751477371739 0.6138322353363037 22088
1751477373158 2.185002565383911 22089
1751477374517 1.020362138748169 22090
1751477375852 0.6574265360832214 22091
1751477377468 0.7580236792564392 22092
1751477378793 0.7434581518173218 22093
1751477380083 0.6191974878311157 22094
1751477381397 0.834904670715332 22095
1751477382821 1.4903419017791748 22096
1751477384449 1.244876503944397 22097
1751477385887 0.9527270793914795 22098
1751477387208 1.1516385078430176 22099
1751477388527 1.1609845161437988 22100
1751477390231 1.4428590536117554 22101
1751477391527 0.4443383514881134 22102
1751477392792 0.45678532123565674 22103
1751477394275 0.6016730070114136 22104
1751477395703 1.7047895193099976 22105
1751477397254 1.0043152570724487 22106
1751477398594 0.6733487844467163 22107
1751477399903 0.6043156385421753 22108
1751477401279 0.6685482263565063 22109
1751477402869 0.5432944893836975 22110
1751477404210 0.1720653772354126 22111
1751477405554 0.7793065309524536 22112
1751477406853 0.6547171473503113 22113
1751477408539 0.8794806599617004 22114
1751477409891 0.5310125946998596 22115
1751477411299 1.8950313329696655 22116
1751477412709 0.5847197771072388 22117
1751477414011 0.5545288324356079 22118
1751477415632 0.9740358591079712 22119
1751477416936 0.9606804847717285 22120
1751477418285 0.5146379470825195 22121
1751477419602 0.7117747068405151 22122
1751477421280 0.6433792114257812 22123
1751477422565 0.4769097864627838 22124
1751477423923 0.4558974802494049 22125
1751477425259 0.682951807975769 22126
1751477426643 0.3208872973918915 22127
1751477428171 1.1388742923736572 22128
1751477429461 0.7417165637016296 22129
1751477430760 0.6657302379608154 22130
1751477431890 3.491807460784912 22131
1751477433588 0.8447982668876648 22132
1751477434890 1.1316428184509277 22133
1751477436285 1.2127048969268799 22134
1751477437700 0.9194248914718628 22135
1751477438959 0.40473195910453796 22136
1751477440551 0.6896101236343384 22137
1751477441931 0.6529587507247925 22138
1751477443219 0.5012400150299072 22139
1751477444557 0.6903101801872253 22140
1751477446177 0.9381885528564453 22141
1751477447470 0.7635101079940796 22142
1751477448822 0.5554049015045166 22143
1751477450204 0.2882777452468872 22144
1751477451835 0.9672942161560059 22145
1751477453195 0.6952817440032959 22146
1751477454608 0.4983510971069336 22147
1751477455913 0.4821392297744751 22148
1751477457367 0.7829487919807434 22149
1751477459113 1.9722425937652588 22150
1751477460597 0.7900667190551758 22151
1751477462072 0.6534782648086548 22152
1751477463355 0.6531407833099365 22153
1751477464959 1.3076157569885254 22154
1751477466308 0.8344605565071106 22155
1751477467695 2.4571990966796875 22156
1751477469067 0.7042357325553894 22157
1751477470436 0.7400705218315125 22158
1751477472115 0.39587852358818054 22159
1751477473421 0.6665654182434082 22160
1751477474823 0.8772896528244019 22161
1751477476249 0.4758007228374481 22162
1751477477770 0.5082340240478516 22163
1751477479283 0.8083587884902954 22164
1751477480744 0.5940207242965698 22165
1751477482101 0.6388121843338013 22166
1751477483509 0.6328868269920349 22167
1751477485043 0.720225989818573 22168
1751477486334 0.781410813331604 22169
1751477487772 0.3034595251083374 22170
1751477489064 1.5899238586425781 22171
1751477490709 0.9429680705070496 22172
1751477492007 0.5403448343276978 22173
1751477493352 1.0067700147628784 22174
1751477494743 0.742569088935852 22175
1751477496225 0.7374534606933594 22176
1751477497873 0.702547550201416 22177
1751477499181 0.6218117475509644 22178
1751477500545 0.6650277376174927 22179
1751477501843 0.6502327919006348 22180
1751477503481 0.5845244526863098 22181
1751477504862 0.4136487543582916 22182
1751477506178 0.19900357723236084 22183
1751477507670 0.5015313625335693 22184
1751477509174 0.5139462947845459 22185
1751477510743 0.8535627722740173 22186
1751477512085 0.7927104830741882 22187
1751477513514 0.9286112189292908 22188
1751477514983 0.891587495803833 22189
1751477516679 0.029643628746271133 22190
1751477517993 1.495562195777893 22191
1751477519376 0.36790284514427185 22192
1751477520713 0.274300754070282 22193
1751477522019 0.5678157806396484 22194
1751477523661 1.2480332851409912 22195
1751477525074 1.2579550743103027 22196
1751477526395 0.795340359210968 22197
1751477527681 0.7024059295654297 22198
1751477529236 0.6321233510971069 22199
1751477530548 1.2042906284332275 22200
1751477531904 0.5040695667266846 22201
1751477533301 0.8331816792488098 22202
1751477534671 0.787509560585022 22203
1751477536328 1.068664789199829 22204
1751477537718 0.7578638792037964 22205
1751477539072 0.25996339321136475 22206
1751477540435 0.6249396204948425 22207
1751477542044 0.52144455909729 22208
1751477543397 1.7784855365753174 22209
1751477544754 0.8471627831459045 22210
1751477546133 0.9448615312576294 22211
1751477547438 2.032400369644165 22212
1751477549039 0.8252290487289429 22213
1751477550381 0.5864166617393494 22214
1751477551774 0.6978157162666321 22215
1751477553101 0.61118483543396 22216
1751477554643 0.8048376441001892 22217
1751477555938 0.33242660760879517 22218
1751477557370 0.559001088142395 22219
1751477558744 0.25494951009750366 22220
1751477560101 0.7305946350097656 22221
1751477561834 0.9090896844863892 22222
1751477563187 0.4808012843132019 22223
1751477564536 0.6433659195899963 22224
1751477565951 0.8437315225601196 22225
1751477567319 0.7723341584205627 22226
1751477569066 0.9723818302154541 22227
1751477570445 0.854117751121521 22228
1751477571818 0.41916361451148987 22229
1751477573262 0.8261533379554749 22230
1751477574914 1.0631184577941895 22231
1751477576375 0.745938241481781 22232
1751477577855 0.5469130277633667 22233
1751477579203 0.5233831405639648 22234
1751477580888 0.9738958477973938 22235
1751477582257 0.7479419708251953 22236
1751477583682 0.7841227054595947 22237
1751477585111 1.0378047227859497 22238
1751477586486 0.09539644420146942 22239
1751477587984 0.378980815410614 22240
1751477589358 0.8862470388412476 22241
1751477590696 0.7725582718849182 22242
1751477592033 0.6997409462928772 22243
1751477593748 0.888733446598053 22244
1751477595201 0.5282000303268433 22245
1751477596573 0.9836078882217407 22246
1751477597971 0.625575602054596 22247
1751477599329 1.1994035243988037 22248
1751477600992 0.500594973564148 22249
1751477602263 0.9443297386169434 22250
1751477603600 0.5500268340110779 22251
1751477604952 0.07780516892671585 22252
1751477606535 0.5394225120544434 22253
1751477607868 0.9990859627723694 22254
1751477609272 0.5159852504730225 22255
1751477610565 0.6119654178619385 22256
1751477611888 0.7197543382644653 22257
1751477613400 0.5224742889404297 22258
1751477614777 0.7566908597946167 22259
1751477616170 0.6851766705513 22260
1751477617525 0.888005256652832 22261
1751477618823 0.61590975522995 22262
1751477620455 0.7444064617156982 22263
1751477621918 0.530138373374939 22264
1751477623370 0.8663029074668884 22265
1751477624754 0.8663402795791626 22266
1751477626335 1.148852825164795 22267
1751477627632 1.0329701900482178 22268
1751477628991 1.4611332416534424 22269
1751477630311 1.593153715133667 22270
1751477631890 0.952962338924408 22271
1751477633198 0.4086287319660187 22272
1751477634542 0.6253876686096191 22273
1751477635943 1.1973897218704224 22274
1751477637229 0.6726114153862 22275
1751477638801 1.0520765781402588 22276
1751477640129 0.5964102745056152 22277
1751477641580 0.32581382989883423 22278
1751477642895 0.913062572479248 22279
1751477644489 0.5135276317596436 22280
1751477645928 0.644100546836853 22281
1751477647210 0.31553664803504944 22282
1751477648592 0.5566149950027466 22283
1751477649877 0.7512086629867554 22284
1751477651575 1.3036710023880005 22285
1751477653004 1.0016614198684692 22286
1751477654347 0.824958860874176 22287
1751477655719 0.5713173747062683 22288
1751477657313 0.773895263671875 22289
1751477658696 1.0287543535232544 22290
1751477659995 0.7180078029632568 22291
1751477661412 0.8175104260444641 22292
1751477662850 0.9825447797775269 22293
1751477664464 0.8814267516136169 22294
1751477665719 2.930950403213501 22295
1751477667055 1.1689074039459229 22296
1751477668462 0.9042231440544128 22297
1751477669788 0.6214964389801025 22298
1751477671411 0.710486650466919 22299
1751477672822 0.8622075319290161 22300
1751477674189 0.4606369435787201 22301
1751477675522 0.9385598301887512 22302
1751477677077 1.527152419090271 22303
1751477678395 0.6715132594108582 22304
1751477679885 0.7224018573760986 22305
1751477681213 0.511059045791626 22306
1751477682904 0.8993147611618042 22307
1751477684366 0.848456859588623 22308
1751477685595 0.5942459106445312 22309
1751477686948 0.7680191993713379 22310
1751477688230 0.6538095474243164 22311
1751477689872 0.8933261632919312 22312
1751477691217 1.360392689704895 22313
1751477692598 1.1507816314697266 22314
1751477693909 0.8607354164123535 22315
1751477695499 0.687654972076416 22316
1751477696918 0.8265191316604614 22317
1751477698177 0.9352988004684448 22318
1751477699605 0.6099514961242676 22319
1751477700976 2.263356924057007 22320
1751477702550 0.8155002593994141 22321
1751477703868 0.5468583703041077 22322
1751477705105 0.7094188928604126 22323
1751477706379 0.8674035668373108 22324
1751477708023 0.4835994243621826 22325
1751477709469 0.7980223894119263 22326
1751477710879 0.6591512560844421 22327
1751477712233 0.6293611526489258 22328
1751477713580 1.2963004112243652 22329
1751477715231 0.9372134208679199 22330
1751477716606 0.7848073244094849 22331
1751477717907 0.6985325217247009 22332
1751477719235 0.570131242275238 22333
1751477720731 0.8106528520584106 22334
1751477722076 0.7724238634109497 22335
1751477723353 0.9705801010131836 22336
1751477724685 0.8505743741989136 22337
1751477726016 0.6454424858093262 22338
1751477727643 2.8278186321258545 22339
1751477729062 0.5937432646751404 22340
1751477730415 0.6050235629081726 22341
1751477731759 0.7641426920890808 22342
1751477733363 1.6209492683410645 22343
1751477734731 0.7880834341049194 22344
1751477736174 0.37679436802864075 22345
1751477737588 0.670783519744873 22346
1751477738985 0.6000708341598511 22347
1751477740589 0.726323664188385 22348
1751477741937 1.040205955505371 22349
1751477743305 0.9614045023918152 22350
1751477744749 0.45004209876060486 22351
1751477746256 1.5277433395385742 22352
1751477747565 1.0795702934265137 22353
1751477748954 0.8450199365615845 22354
1751477750385 0.7186383605003357 22355
1751477751720 0.8199762105941772 22356
1751477753327 0.9071893095970154 22357
1751477754671 0.523065447807312 22358
1751477755993 0.8011919260025024 22359
1751477757373 0.6749589443206787 22360
1751477758972 1.3257791996002197 22361
1751477760302 0.6729212999343872 22362
1751477761591 0.8300319314002991 22363
1751477762967 0.6819745302200317 22364
1751477764341 1.042268991470337 22365
1751477765792 0.4986740052700043 22366
1751477767265 0.5510184168815613 22367
1751477768543 1.3712488412857056 22368
1751477770039 0.8268169164657593 22369
1751477771648 0.505488932132721 22370
1751477772983 0.9744038581848145 22371
1751477774237 0.97119140625 22372
1751477775757 0.33366596698760986 22373
1751477777073 0.5851777791976929 22374
1751477778624 0.9090160727500916 22375
1751477780023 0.6308435201644897 22376
1751477781409 0.5058768391609192 22377
1751477782683 0.9820488691329956 22378
1751477784200 1.058143138885498 22379
1751477785658 0.7267123460769653 22380
1751477787002 0.8127193450927734 22381
1751477788475 0.650368332862854 22382
1751477789820 0.7301192283630371 22383
1751477791348 0.6135048866271973 22384
1751477792740 0.5786402821540833 22385
1751477794112 0.4599434733390808 22386
1751477795491 0.6823980808258057 22387
1751477797165 0.8146024942398071 22388
1751477798598 0.7503226399421692 22389
1751477799976 0.6601380109786987 22390
1751477801326 0.5323085188865662 22391
1751477802928 0.6919693946838379 22392
1751477804283 1.1510839462280273 22393
1751477805677 0.7297725677490234 22394
1751477807031 0.2937163710594177 22395
1751477808399 0.855621337890625 22396
1751477809930 0.6114546060562134 22397
1751477811272 0.8398431539535522 22398
1751477812606 0.12720078229904175 22399
1751477813945 1.0260871648788452 22400
1751477815535 0.5860711336135864 22401
1751477816888 0.523391604423523 22402
1751477818270 0.9179338216781616 22403
1751477819631 1.2601851224899292 22404
1751477820984 0.8895204067230225 22405
1751477822693 0.9339942336082458 22406
1751477824113 1.0999717712402344 22407
1751477825446 0.5614144206047058 22408
1751477826989 0.7943704128265381 22409
1751477828562 0.5120472311973572 22410
1751477829970 0.8980568647384644 22411
1751477831308 1.0055723190307617 22412
1751477832562 0.7998863458633423 22413
1751477833833 1.3382458686828613 22414
1751477835608 0.25317850708961487 22415
1751477836993 0.9884780645370483 22416
1751477838396 0.46114420890808105 22417
1751477839701 0.9490480422973633 22418
1751477841359 0.8013566732406616 22419
1751477842701 0.6205238699913025 22420
1751477844086 0.8464176058769226 22421
1751477845380 0.5235338807106018 22422
1751477846774 1.308863878250122 22423
1751477848396 0.8344951868057251 22424
1751477849707 0.9443188905715942 22425
1751477851093 1.345687747001648 22426
1751477852509 0.6078004837036133 22427
1751477854257 0.9530439972877502 22428
1751477855576 0.4279797077178955 22429
1751477856942 0.6066464185714722 22430
1751477858306 0.7476903200149536 22431
1751477859804 1.2918294668197632 22432
1751477861422 0.8290374875068665 22433
1751477862776 0.6413134336471558 22434
1751477864144 1.0175399780273438 22435
1751477865500 0.5599205493927002 22436
1751477867144 0.7321159839630127 22437
1751477868557 0.5943706035614014 22438
1751477869896 1.3670732975006104 22439
1751477871217 0.5381714105606079 22440
1751477872652 1.502790927886963 22441
1751477874287 0.4624609053134918 22442
1751477875792 0.8891949653625488 22443
1751477877156 1.723020076751709 22444
1751477878469 0.6987593173980713 22445
1751477880062 0.7795333862304688 22446
1751477881431 0.5070750713348389 22447
1751477882733 0.6924835443496704 22448
1751477884077 0.657238245010376 22449
1751477885526 1.1098414659500122 22450
1751477887210 0.3266989290714264 22451
1751477888634 0.9722201824188232 22452
1751477890061 0.5998479127883911 22453
1751477891434 1.6461557149887085 22454
1751477893034 0.2137264609336853 22455
1751477894416 0.9712516069412231 22456
1751477895761 0.6046158075332642 22457
1751477897098 0.947097659111023 22458
1751477898473 0.7412000298500061 22459
1751477900203 1.0602785348892212 22460
1751477901538 0.9917317032814026 22461
1751477902913 1.03120756149292 22462
1751477904350 0.7522243857383728 22463
1751477905889 0.5698380470275879 22464
1751477907386 0.9491541385650635 22465
1751477908756 0.5373529195785522 22466
1751477910220 0.6414220333099365 22467
1751477911826 0.9103444814682007 22468
1751477913231 0.5688595771789551 22469
1751477914619 1.1205816268920898 22470
1751477915997 1.0950303077697754 22471
1751477917328 0.48022621870040894 22472
1751477919015 0.6371233463287354 22473
1751477920328 0.5897180438041687 22474
1751477921640 0.9501704573631287 22475
1751477922965 1.045377492904663 22476
1751477924658 0.7100892066955566 22477
1751477925971 0.6735204458236694 22478
1751477927416 1.4334298372268677 22479
1751477928819 0.8485802412033081 22480
1751477930227 0.866917610168457 22481
1751477931916 0.8955925703048706 22482
1751477933393 1.0396745204925537 22483
1751477934739 0.5941664576530457 22484
1751477936127 1.0830293893814087 22485
1751477937768 0.12287674844264984 22486
1751477939025 0.7041131854057312 22487
1751477940337 2.584146499633789 22488
1751477941714 0.6025168895721436 22489
1751477943054 1.2596982717514038 22490
1751477944714 0.5618091225624084 22491
1751477946038 0.9865694642066956 22492
1751477947410 0.8443848490715027 22493
1751477948782 0.6374034881591797 22494
1751477950411 1.3351001739501953 22495
1751477951717 0.8610091805458069 22496
1751477953153 0.08531767129898071 22497
1751477954509 0.5268242359161377 22498
1751477956066 0.6793089509010315 22499
1751477957494 0.7506958246231079 22500
1751477958933 0.39651304483413696 22501
1751477960299 0.7931309938430786 22502
1751477961641 1.0089216232299805 22503
1751477963260 0.9029678702354431 22504
1751477964644 0.5074738264083862 22505
1751477966124 0.4037784934043884 22506
1751477967564 1.1948566436767578 22507
1751477969188 0.4374535083770752 22508
1751477970555 1.4149658679962158 22509
1751477971985 0.988153874874115 22510
1751477973486 0.7533512711524963 22511
1751477974889 0.5320202112197876 22512
1751477976485 1.0016419887542725 22513
1751477977788 0.6569473743438721 22514
1751477979174 1.0881668329238892 22515
1751477980514 0.7067147493362427 22516
1751477982140 1.1128294467926025 22517
1751477983483 0.9453548789024353 22518
1751477984857 0.4724487066268921 22519
1751477986242 1.0639784336090088 22520
1751477987769 0.7844696044921875 22521
1751477989049 0.898530125617981 22522
1751477990430 0.6779700517654419 22523
1751477991844 0.6816896796226501 22524
1751477993218 1.0451509952545166 22525
1751477994882 0.7035530209541321 22526
1751477996287 1.1960043907165527 22527
1751477997626 0.6828911304473877 22528
1751477998938 0.49866554141044617 22529
1751478000566 1.439178466796875 22530
1751478001964 0.6987180113792419 22531
1751478003416 0.46203914284706116 22532
1751478004961 0.7158715724945068 22533
1751478006322 0.7851463556289673 22534
1751478008068 0.6541370749473572 22535
1751478009498 0.3113512098789215 22536
1751478010880 0.9960097670555115 22537
1751478012250 0.8487036824226379 22538
1751478013870 0.6610853672027588 22539
1751478015297 0.7389748096466064 22540
1751478016617 0.8088260293006897 22541
1751478018135 0.9682063460350037 22542
1751478019539 0.25249940156936646 22543
1751478021160 0.40569210052490234 22544
1751478022520 0.6431142091751099 22545
1751478023951 0.6920429468154907 22546
1751478025449 0.5822718143463135 22547
1751478027111 1.5031442642211914 22548
1751478028518 0.8366230130195618 22549
1751478029879 0.5644586086273193 22550
1751478031296 1.027961254119873 22551
1751478032670 0.6627131700515747 22552
1751478034260 0.7166792154312134 22553
1751478035707 0.7838841080665588 22554
1751478037093 0.6465673446655273 22555
1751478038451 0.711273729801178 22556
1751478040102 0.7838007211685181 22557
1751478041341 1.0190037488937378 22558
1751478042693 1.444604754447937 22559
1751478044125 0.5731897354125977 22560
1751478045833 0.4955332577228546 22561
1751478047178 0.5823381543159485 22562
1751478048586 0.5797280669212341 22563
1751478049904 1.2424417734146118 22564
1751478051293 0.018849126994609833 22565
1751478052977 0.6643306612968445 22566
1751478054428 0.5154898762702942 22567
1751478055760 1.2106621265411377 22568
1751478057094 0.5783559083938599 22569
1751478058699 1.1025826930999756 22570
1751478060061 1.9983519315719604 22571
1751478061396 0.9206925630569458 22572
1751478062815 1.080291748046875 22573
1751478064369 0.9907984137535095 22574
1751478065741 1.0412331819534302 22575
1751478067088 0.8315014839172363 22576
1751478068467 0.43815457820892334 22577
1751478069809 1.1333439350128174 22578
1751478071377 0.7670066356658936 22579
1751478072741 0.9560470581054688 22580
1751478074141 0.7035027742385864 22581
1751478075492 1.1162490844726562 22582
1751478077124 0.9996055364608765 22583
1751478078540 0.6590166687965393 22584
1751478079862 0.6003153324127197 22585
1751478081161 0.7549147605895996 22586
1751478082527 0.9918389320373535 22587
1751478084169 0.8022345900535583 22588
1751478085568 0.7499080896377563 22589
1751478086903 0.9206401109695435 22590
1751478088361 0.7574028372764587 22591
1751478090064 0.6858079433441162 22592
1751478091363 0.8460973501205444 22593
1751478092777 0.6738759279251099 22594
1751478094116 0.7396520972251892 22595
1751478095781 0.6051878333091736 22596
1751478097104 0.7231586575508118 22597
1751478098637 0.6896469593048096 22598
1751478100076 0.8649617433547974 22599
1751478101411 0.8930796384811401 22600
1751478103167 0.7524712085723877 22601
1751478104492 3.054266929626465 22602
1751478105898 0.46344760060310364 22603
1751478107304 1.064748764038086 22604
1751478108929 0.06826162338256836 22605
1751478110359 0.7475041151046753 22606
1751478111746 1.17759370803833 22607
1751478113140 0.7920389175415039 22608
1751478114757 0.5832253694534302 22609
1751478116123 0.7872704267501831 22610
1751478117421 0.7808817625045776 22611
1751478118795 1.2439364194869995 22612
1751478120390 1.2521687746047974 22613
1751478122114 0.9518890976905823 22614
1751478123439 0.4119095504283905 22615
1751478124860 1.0340909957885742 22616
1751478126239 0.7411540746688843 22617
1751478127814 0.5672459602355957 22618
1751478129132 0.7139604687690735 22619
1751478130449 0.7728110551834106 22620
1751478131816 0.946581244468689 22621
1751478133402 0.7001340985298157 22622
1751478134771 1.013890027999878 22623
1751478136073 0.3443489074707031 22624
1751478137388 0.5042555928230286 22625
1751478138761 0.772740364074707 22626
1751478140384 0.9057328701019287 22627
1751478141792 0.9805660247802734 22628
1751478143126 0.5382322669029236 22629
1751478144459 0.4127589762210846 22630
1751478146137 1.1485967636108398 22631
1751478147552 0.8039307594299316 22632
1751478148868 0.9757408499717712 22633
1751478150307 0.5562795400619507 22634
1751478151674 1.6750670671463013 22635
1751478153300 0.8118928074836731 22636
1751478154657 0.6168235540390015 22637
1751478156029 1.3500019311904907 22638
1751478157343 0.838809609413147 22639
1751478158978 0.720659613609314 22640
1751478160322 0.9699233770370483 22641
1751478161683 1.3313275575637817 22642
1751478163108 0.832841157913208 22643
1751478164463 0.472952276468277 22644
1751478166218 0.9143192768096924 22645
1751478167646 0.7679429054260254 22646
1751478169037 0.5228755474090576 22647
1751478170332 0.5255288481712341 22648
1751478172030 1.0331575870513916 22649
1751478173351 0.6132550239562988 22650
1751478174733 0.5582964420318604 22651
1751478176154 1.1841309070587158 22652
1751478177534 0.7031818628311157 22653
1751478179174 0.46074801683425903 22654
1751478180605 1.2726783752441406 22655
1751478181912 0.5722116231918335 22656
1751478183307 0.6381546854972839 22657
1751478184932 0.7034708857536316 22658
1751478186303 0.7267225980758667 22659
1751478187678 0.7093603610992432 22660
1751478189253 2.2838902473449707 22661
1751478190894 0.5707192420959473 22662
1751478192191 2.487902879714966 22663
1751478193556 0.6662546992301941 22664
1751478194919 1.1752936840057373 22665
1751478196255 0.9228909015655518 22666
1751478197874 0.8714799880981445 22667
1751478199280 0.20273235440254211 22668
1751478200612 0.7421477437019348 22669
1751478201989 1.2131719589233398 22670
1751478203472 1.1034433841705322 22671
1751478204828 0.9530750513076782 22672
1751478206206 0.7424116134643555 22673
1751478207517 0.7191705703735352 22674
1751478209029 1.0767313241958618 22675
1751478210528 0.6958997845649719 22676
1751478211933 0.2912667989730835 22677
1751478213351 1.0582644939422607 22678
1751478214620 0.8691383600234985 22679
1751478216309 0.9491827487945557 22680
1751478217805 0.824792742729187 22681
1751478219154 1.2841311693191528 22682
1751478220518 1.3637945652008057 22683
1751478222201 0.7728455066680908 22684
1751478223568 0.6582012176513672 22685
1751478224902 0.9381357431411743 22686
1751478226292 1.4111754894256592 22687
1751478227641 0.619049608707428 22688
1751478229330 0.7625002861022949 22689
1751478230627 0.6869487762451172 22690
1751478232057 0.09596121311187744 22691
1751478233414 0.6591624021530151 22692
1751478235031 0.444771945476532 22693
1751478236481 0.5907002687454224 22694
1751478237804 0.6433761715888977 22695
1751478239297 0.24869489669799805 22696
1751478240755 1.0836037397384644 22697
1751478242366 1.3245062828063965 22698
1751478243645 0.551305890083313 22699
1751478244976 0.9896665215492249 22700
1751478246334 1.1428306102752686 22701
1751478248011 1.9118342399597168 22702
1751478249343 1.0001959800720215 22703
1751478250732 1.0019166469573975 22704
1751478252096 0.7973023653030396 22705
1751478253724 0.6288782954216003 22706
1751478255127 0.6986366510391235 22707
1751478256552 0.7288172245025635 22708
1751478257951 0.6219125986099243 22709
1751478259328 0.8076926469802856 22710
1751478260861 0.5236425995826721 22711
1751478262237 0.5489357113838196 22712
1751478263635 0.47608399391174316 22713
1751478265003 0.5898064970970154 22714
1751478266653 0.839400053024292 22715
1751478267931 0.6050459146499634 22716
1751478269237 0.5781421661376953 22717
1751478270626 0.7272458672523499 22718
1751478272296 1.0307129621505737 22719
1751478273669 0.36262476444244385 22720
1751478275021 1.4389243125915527 22721
1751478276505 0.9999123811721802 22722
1751478277926 0.7907443046569824 22723
1751478279555 0.6263090372085571 22724
1751478281030 0.9857652187347412 22725
1751478282370 1.0827996730804443 22726
1751478283783 0.7562865018844604 22727
1751478285379 0.6268108487129211 22728
1751478286704 0.077022023499012 22729
1751478288126 0.9968166947364807 22730
1751478289541 0.5796626210212708 22731
1751478290943 1.0464423894882202 22732
1751478292597 0.6417280435562134 22733
1751478293936 0.46206992864608765 22734
1751478295314 0.6459453105926514 22735
1751478296644 0.5924248695373535 22736
1751478298180 1.6355196237564087 22737
1751478299528 0.8467100858688354 22738
1751478300949 0.526695191860199 22739
1751478302315 0.8275688886642456 22740
1751478304011 0.4907287359237671 22741
1751478305489 0.8136844635009766 22742
1751478306782 0.6350979804992676 22743
1751478308157 0.48566073179244995 22744
1751478309427 0.5069779753684998 22745
1751478310995 0.88009113073349 22746
1751478312291 1.0636156797409058 22747
1751478313717 0.701034665107727 22748
1751478315081 0.7270497679710388 22749
1751478316705 0.6963004469871521 22750
1751478318208 0.44318264722824097 22751
1751478319602 0.705115556716919 22752
1751478321063 0.6645128726959229 22753
1751478322734 1.0865308046340942 22754
1751478324128 0.542304277420044 22755
1751478325506 0.3124908208847046 22756
1751478326851 0.8115648627281189 22757
1751478328192 1.0983389616012573 22758
1751478329877 0.45420441031455994 22759
1751478331358 0.7703806757926941 22760
1751478332742 1.886584758758545 22761
1751478334024 1.3531596660614014 22762
1751478335572 1.3581606149673462 22763
1751478336926 0.5743387341499329 22764
1751478338443 0.5663321018218994 22765
1751478339900 0.5360758304595947 22766
1751478341294 0.5065473318099976 22767
1751478342910 0.9306707382202148 22768
1751478344209 1.4034438133239746 22769
1751478345631 0.7796768546104431 22770
1751478347021 0.5112766623497009 22771
1751478348536 1.1179049015045166 22772
1751478349874 0.7634690999984741 22773
1751478351296 0.06526760011911392 22774
1751478352637 0.992281973361969 22775
1751478354274 0.7023544311523438 22776
1751478355599 1.0385537147521973 22777
1751478357057 0.4425771236419678 22778
1751478358337 1.1514729261398315 22779
1751478359775 0.5923637747764587 22780
1751478361329 0.7152953147888184 22781
1751478362609 1.403477668762207 22782
1751478363933 0.6751755475997925 22783
1751478365298 0.6422550082206726 22784
1751478366972 0.464297890663147 22785
1751478368392 1.0634605884552002 22786
1751478369758 0.6616622805595398 22787
1751478371058 0.4729209244251251 22788
1751478372438 0.28972718119621277 22789
1751478374130 0.7505006790161133 22790
1751478375559 0.047357406467199326 22791
1751478376997 1.2203689813613892 22792
1751478378429 0.702049970626831 22793
1751478380181 1.3673925399780273 22794
1751478381604 0.629267692565918 22795
1751478382927 0.6676141023635864 22796
1751478384320 1.2987534999847412 22797
1751478386107 0.5529930591583252 22798
1751478387436 0.6607343554496765 22799
1751478388753 0.6440690755844116 22800
1751478390101 0.9643753170967102 22801
1751478391468 1.1138999462127686 22802
1751478393247 0.4478563964366913 22803
1751478394612 0.5375944972038269 22804
1751478396076 0.46046197414398193 22805
1751478397555 0.4820166230201721 22806
1751478399162 0.7122646570205688 22807
1751478400478 0.5970282554626465 22808
1751478401828 0.8310577869415283 22809
1751478403158 1.2278398275375366 22810
1751478404811 0.7433651685714722 22811
1751478406121 1.0921430587768555 22812
1751478407494 0.6933056712150574 22813
1751478408789 0.5110878944396973 22814
1751478410219 0.8820874691009521 22815
1751478411844 1.7480790615081787 22816
1751478413245 1.0373858213424683 22817
1751478414544 0.8480564951896667 22818
1751478415991 0.49902108311653137 22819
1751478417506 0.6699126958847046 22820
1751478418844 0.9336339235305786 22821
1751478420232 1.0252097845077515 22822
1751478421556 1.1910877227783203 22823
1751478423214 0.7377720475196838 22824
1751478424628 0.7814868688583374 22825
1751478425968 1.1176738739013672 22826
1751478427348 0.6822900772094727 22827
1751478428784 0.7718026638031006 22828
1751478430396 0.5912671685218811 22829
1751478431716 0.9791938066482544 22830
1751478433055 0.9995279908180237 22831
1751478434425 0.7267613410949707 22832
1751478436173 0.8402006030082703 22833
1751478437535 0.7685646414756775 22834
1751478438987 0.7636972665786743 22835
1751478440358 0.6228420734405518 22836
1751478442114 0.6114364862442017 22837
1751478443493 0.7952442765235901 22838
1751478444863 1.0919705629348755 22839
1751478446219 0.14268192648887634 22840
1751478447529 1.7618337869644165 22841
1751478449209 0.8357236385345459 22842
1751478450662 0.7415425777435303 22843
1751478452047 0.7781040668487549 22844
1751478453363 1.2865195274353027 22845
1751478455034 0.9392582178115845 22846
1751478456420 0.6757904291152954 22847
1751478457781 1.0932412147521973 22848
1751478459208 1.2414292097091675 22849
1751478460804 0.5413839221000671 22850
1751478462146 1.4538731575012207 22851
1751478463603 0.8668944835662842 22852
1751478464929 0.5484399795532227 22853
1751478466415 0.8099298477172852 22854
1751478468113 0.6938948631286621 22855
1751478469632 0.5789485573768616 22856
1751478471048 1.0266611576080322 22857
1751478472494 1.0113463401794434 22858
1751478474076 0.8604310750961304 22859
1751478475546 0.18690919876098633 22860
1751478476889 0.4393242299556732 22861
1751478478270 0.5665472745895386 22862
1751478479976 0.9523255825042725 22863
1751478481429 0.5402055382728577 22864
1751478482864 0.6843848824501038 22865
1751478484222 0.5871559977531433 22866
1751478485747 0.29868707060813904 22867
1751478487174 0.46397727727890015 22868
1751478488542 0.572231650352478 22869
1751478489999 0.6154064536094666 22870
1751478491389 0.5261967182159424 22871
1751478493122 0.6764458417892456 22872
1751478494488 0.3220280110836029 22873
1751478495924 1.4402564764022827 22874
1751478497295 0.9758217334747314 22875
1751478498839 0.38678133487701416 22876
1751478500219 1.1548949480056763 22877
1751478501581 1.004370093345642 22878
1751478503045 0.56380695104599 22879
1751478504703 0.8838973641395569 22880
1751478506024 0.27438363432884216 22881
1751478507315 0.8872157335281372 22882
1751478508697 0.6674148440361023 22883
1751478510198 0.6328279376029968 22884
1751478511733 0.7168095111846924 22885
1751478513059 2.3780243396759033 22886
1751478514582 0.6418517827987671 22887
1751478516035 0.7171773910522461 22888
1751478518239 0.6459615230560303 22889
1751478519894 0.6985926628112793 22890
1751478521388 0.994411289691925 22891
1751478522983 0.5139087438583374 22892
1751478524453 0.35940855741500854 22893
1751478526232 0.6237384080886841 22894
1751478527871 1.0120089054107666 22895
1751478529524 1.0885580778121948 22896
1751478531042 0.4978155493736267 22897
1751478532909 1.3205896615982056 22898
1751478534462 1.4673004150390625 22899
1751478535898 0.6599080562591553 22900
1751478537360 0.4806916117668152 22901
1751478539117 0.9881986975669861 22902
1751478540509 1.1077027320861816 22903
1751478541936 0.8612240552902222 22904
1751478544807 0.38015028834342957 22905
1751478546632 0.8154101371765137 22906
1751478548362 0.761034369468689 22907
1751478549773 0.6409884691238403 22908
1751478551084 0.5848847031593323 22909
1751478552489 0.8275773525238037 22910
1751478554975 0.7228244543075562 22911
1751478556732 0.47115880250930786 22912
1751478558120 0.7636821269989014 22913
1751478559540 0.7549260854721069 22914
1751478561215 0.6954575181007385 22915
1751478562529 0.14810173213481903 22916
1751478563861 0.5576899647712708 22917
1751478565233 0.4441347122192383 22918
1751478566712 0.6112457513809204 22919
1751478568627 1.1571615934371948 22920
1751478570084 0.6062775254249573 22921
1751478571444 1.1068992614746094 22922
1751478572746 0.8243283629417419 22923
1751478574334 0.7211568355560303 22924
1751478575655 0.8754103779792786 22925
1751478576984 0.6848533749580383 22926
1751478578435 0.6892179250717163 22927
1751478580105 0.7799379229545593 22928
1751478581513 0.716616690158844 22929
1751478582972 1.506258487701416 22930
1751478584314 0.8603982925415039 22931
1751478585704 1.105056881904602 22932
1751478587399 0.7191450595855713 22933
1751478588748 1.3487502336502075 22934
1751478590010 0.5541372895240784 22935
1751478591443 0.18522384762763977 22936
1751478593135 1.2332820892333984 22937
1751478594512 1.771873950958252 22938
1751478595878 1.3780431747436523 22939
1751478597257 0.6473560333251953 22940
1751478598568 0.17726917564868927 22941
1751478600254 0.4554554224014282 22942
1751478601683 1.026735544204712 22943
1751478603063 0.8864812850952148 22944
1751478604434 0.5337218046188354 22945
1751478606031 0.36182931065559387 22946
1751478607454 0.953490138053894 22947
1751478608862 0.6721011996269226 22948
1751478610248 1.0484328269958496 22949
1751478612033 0.6408581733703613 22950
1751478613414 0.633750855922699 22951
1751478614777 0.7947298288345337 22952
1751478616135 0.8732858896255493 22953
1751478617707 1.502115249633789 22954
1751478619104 0.9570663571357727 22955
1751478620469 0.6973138451576233 22956
1751478621773 0.8533710837364197 22957
1751478623150 0.04829483479261398 22958
1751478624724 1.1179156303405762 22959
1751478626062 0.6776353120803833 22960
1751478627377 0.5679038763046265 22961
1751478628728 0.8942539691925049 22962
1751478630456 0.5140998363494873 22963
1751478631746 0.6326950788497925 22964
1751478633039 1.2764544486999512 22965
1751478634364 0.5687268972396851 22966
1751478636006 1.219745397567749 22967
1751478637446 0.8220735192298889 22968
1751478638862 0.3712455630302429 22969
1751478640188 0.32251477241516113 22970
1751478641528 0.6908204555511475 22971
1751478643139 0.7016777396202087 22972
1751478644418 0.6566136479377747 22973
1751478645807 0.5598338842391968 22974
1751478647102 0.9079732894897461 22975
1751478648652 0.656032145023346 22976
1751478649965 0.9387527704238892 22977
1751478651299 0.5139238834381104 22978
1751478652654 0.5131142139434814 22979
1751478654322 1.0456287860870361 22980
1751478655604 1.0084049701690674 22981
1751478657003 0.5881271362304688 22982
1751478658409 0.5319111347198486 22983
1751478659823 0.06737199425697327 22984
1751478661357 0.4077208638191223 22985
1751478662672 0.5225672721862793 22986
1751478664013 0.6165677905082703 22987
1751478665434 1.2577065229415894 22988
1751478666992 0.5522938966751099 22989
1751478668300 0.8582001328468323 22990
1751478669702 0.6229092478752136 22991
1751478671048 0.6524865627288818 22992
1751478672410 0.6279757022857666 22993
1751478674147 0.6447514295578003 22994
1751478675426 1.1630949974060059 22995
1751478676830 0.8100937008857727 22996
1751478678199 0.6628662347793579 22997
1751478679796 1.1593506336212158 22998
1751478681235 0.8790854215621948 22999
1751478682546 1.0439393520355225 23000
1751478683830 0.5672052502632141 23001
1751478685433 0.6004866361618042 23002
1751478686807 1.0837512016296387 23003
1751478688157 0.738872766494751 23004
1751478689608 0.6644240617752075 23005
1751478690972 0.535190224647522 23006
1751478692651 0.8762032985687256 23007
1751478694070 1.5362098217010498 23008
1751478695357 1.1729731559753418 23009
1751478696751 1.2521926164627075 23010
1751478698486 0.6921290755271912 23011
1751478699838 0.618457019329071 23012
1751478701217 0.8410329222679138 23013
1751478702625 0.9321229457855225 23014
1751478704309 0.5942361354827881 23015
1751478705695 0.6740565299987793 23016
1751478707026 0.8509202599525452 23017
1751478708319 1.7508841753005981 23018
1751478709625 0.91322261095047 23019
1751478711223 0.712433934211731 23020
1751478712574 0.9592254757881165 23021
1751478713922 0.9739078879356384 23022
1751478715279 0.5516908764839172 23023
1751478717046 0.0647326409816742 23024
1751478718338 0.9415947794914246 23025
1751478719645 0.8918834924697876 23026
1751478721052 0.7940279245376587 23027
1751478722728 0.6636596918106079 23028
1751478724045 0.7544315457344055 23029
1751478725446 0.7270510196685791 23030
1751478726805 0.804012656211853 23031
1751478728144 0.8677811622619629 23032
1751478729725 0.697473406791687 23033
1751478731138 0.796017050743103 23034
1751478732481 0.7501033544540405 23035
1751478733841 0.6873830556869507 23036
1751478735537 0.9261636734008789 23037
1751478736813 1.0244196653366089 23038
1751478738283 0.8313438892364502 23039
1751478739760 0.5946774482727051 23040
1751478741345 0.8248644471168518 23041
1751478742660 2.613758087158203 23042
1751478743919 0.6021032333374023 23043
1751478745335 0.5524327158927917 23044
1751478746622 0.8366703391075134 23045
1751478748255 0.6508466005325317 23046
1751478749712 0.5264296531677246 23047
1751478751108 0.561259388923645 23048
1751478752401 1.1115095615386963 23049
1751478753990 0.6029142141342163 23050
1751478755360 1.9430230855941772 23051
1751478756735 0.8278766870498657 23052
1751478758114 1.5370428562164307 23053
1751478759767 0.6336197257041931 23054
1751478761130 0.7259317636489868 23055
1751478762461 0.6273819208145142 23056
1751478763843 0.7023090124130249 23057
1751478765217 0.6304307579994202 23058
1751478766832 0.6890571117401123 23059
1751478768169 0.48155874013900757 23060
1751478769568 0.8266862034797668 23061
1751478770924 0.46907371282577515 23062
1751478772500 0.8505166172981262 23063
1751478773837 0.4945776164531708 23064
1751478775168 0.12912321090698242 23065
1751478776543 0.23230208456516266 23066
1751478778140 0.8242083787918091 23067
1751478779628 0.709229588508606 23068
1751478781022 0.5491167306900024 23069
1751478782378 0.6246622204780579 23070
1751478783672 0.7361193299293518 23071
1751478785292 0.4748668074607849 23072
1751478786641 0.6773073673248291 23073
1751478787943 0.5977789163589478 23074
1751478789245 0.26193878054618835 23075
1751478790835 0.7030702233314514 23076
1751478792132 0.7912930250167847 23077
1751478793514 0.843733549118042 23078
1751478794876 0.8510847091674805 23079
1751478796457 0.8594490885734558 23080
1751478797914 0.890167772769928 23081
1751478799245 0.9934516549110413 23082
1751478800550 0.4105703830718994 23083
1751478801896 0.9407447576522827 23084
1751478803600 0.9207886457443237 23085
1751478804990 0.5899972915649414 23086
1751478806377 3.1728391647338867 23087
1751478807782 0.6389251947402954 23088
1751478809429 0.3312307894229889 23089
1751478810741 0.820347011089325 23090
1751478812125 0.8320918083190918 23091
1751478813430 0.5176697373390198 23092
1751478815228 0.6786630749702454 23093
1751478816531 0.6567789912223816 23094
1751478817977 0.8070168495178223 23095
1751478819307 0.47346875071525574 23096
1751478820742 0.6079597473144531 23097
1751478822408 0.874548077583313 23098
1751478823791 0.6820950508117676 23099
1751478825171 0.6568888425827026 23100
1751478826401 1.3488943576812744 23101
1751478827922 1.1580121517181396 23102
1751478829381 0.699337363243103 23103
1751478830692 0.6954940557479858 23104
1751478832102 0.6610114574432373 23105
1751478833450 0.10068289190530777 23106
1751478835019 0.6291043162345886 23107
1751478836434 0.7169439792633057 23108
1751478837664 0.767635703086853 23109
1751478838910 0.6010280251502991 23110
1751478840601 0.5479458570480347 23111
1751478842001 0.6664243340492249 23112
1751478843350 0.4458082318305969 23113
1751478844728 2.2478044033050537 23114
1751478846319 2.260319232940674 23115
1751478847585 2.2088890075683594 23116
1751478848907 0.97694993019104 23117
1751478850195 0.737288773059845 23118
1751478851551 0.6750399470329285 23119
1751478853136 1.4764482975006104 23120
1751478854512 0.16055290400981903 23121
1751478855897 0.8667200207710266 23122
1751478857205 0.7109718322753906 23123
1751478858861 0.7498704791069031 23124
1751478860206 1.9428623914718628 23125
1751478861640 1.3227760791778564 23126
1751478863083 0.6226757168769836 23127
1751478864693 1.058375358581543 23128
1751478866012 0.5925801992416382 23129
1751478867321 0.7486828565597534 23130
1751478868651 0.6394680738449097 23131
1751478870019 0.6012449264526367 23132
1751478871726 0.3188154995441437 23133
1751478873087 0.9711428880691528 23134
1751478874468 0.45807966589927673 23135
1751478875780 0.8913800716400146 23136
1751478877408 0.579848051071167 23137
1751478878854 0.34014567732810974 23138
1751478880208 0.6300386190414429 23139
1751478881571 0.34273427724838257 23140
1751478883091 0.9808613061904907 23141
1751478884466 0.6405474543571472 23142
1751478885770 0.7502825260162354 23143
1751478887045 0.7582546472549438 23144
1751478888334 1.0763609409332275 23145
1751478889999 1.0307140350341797 23146
1751478891356 0.8347002863883972 23147
1751478892648 0.7300595641136169 23148
1751478893976 1.73995840549469 23149
1751478895637 0.6147599220275879 23150
1751478897110 0.8494316935539246 23151
1751478898430 0.7073608040809631 23152
1751478899855 0.7897742986679077 23153
1751478901467 1.0736995935440063 23154
1751478902821 1.1966935396194458 23155
1751478904133 0.6110905408859253 23156
1751478905477 0.7985638380050659 23157
1751478906789 0.94427090883255 23158
1751478908464 0.6205090284347534 23159
1751478909801 1.0344481468200684 23160
1751478911166 1.0985488891601562 23161
1751478912482 1.3066186904907227 23162
1751478914128 0.8729109764099121 23163
1751478915513 0.6440235376358032 23164
1751478916908 1.0990078449249268 23165
1751478918266 0.4560304582118988 23166
1751478919961 1.16752028465271 23167
1751478921277 1.401124119758606 23168
1751478922632 4.6518683433532715 23169
1751478923970 1.0916070938110352 23170
1751478925325 0.8113227486610413 23171
1751478926944 0.8056531548500061 23172
1751478928355 0.5957431793212891 23173
1751478929630 0.6585290431976318 23174
1751478930985 0.5059492588043213 23175
1751478932591 0.733352780342102 23176
1751478933964 0.703187108039856 23177
1751478935309 0.4436764121055603 23178
1751478936655 0.8596792221069336 23179
1751478938305 0.5005406141281128 23180
1751478939694 0.5883134603500366 23181
1751478941059 0.6601167917251587 23182
1751478942453 0.5598746538162231 23183
1751478944009 0.8347183465957642 23184
1751478945362 0.9927306175231934 23185
1751478946781 0.7066291570663452 23186
1751478948123 0.6222536563873291 23187
1751478949392 1.8785817623138428 23188
1751478951047 0.6499089598655701 23189
1751478952351 2.327512741088867 23190
1751478953691 1.5798945426940918 23191
1751478955116 0.1035030260682106 23192
1751478956812 0.08897055685520172 23193
1751478958217 0.6397361755371094 23194
1751478959591 1.0578778982162476 23195
1751478960896 0.7427240014076233 23196
1751478962530 0.5024383664131165 23197
1751478963923 0.7006605863571167 23198
1751478965379 0.7281839847564697 23199
1751478966789 0.5447899699211121 23200
1751478968369 0.23682624101638794 23201
1751478969691 0.6237979531288147 23202
1751478971054 0.4873510003089905 23203
1751478972442 1.0293574333190918 23204
1751478973862 0.4736875295639038 23205
1751478975575 0.8320531845092773 23206
1751478976971 0.5366331934928894 23207
1751478978317 0.939236044883728 23208
1751478979611 0.2555794417858124 23209
1751478981232 0.7012841701507568 23210
1751478982547 0.9625421762466431 23211
1751478983853 0.6856064796447754 23212
1751478985188 0.6036386489868164 23213
1751478986809 0.7786147594451904 23214
1751478988098 1.8158625364303589 23215
1751478989445 0.9686877727508545 23216
1751478990807 0.5392913818359375 23217
1751478992286 0.8495043516159058 23218
1751478993570 1.1426277160644531 23219
1751478994861 1.2145791053771973 23220
1751478996189 0.3423118591308594 23221
1751478997646 0.593519926071167 23222
1751478999446 0.5695044994354248 23223
1751479000767 1.9232958555221558 23224
1751479002102 0.6385334730148315 23225
1751479003427 0.8432583808898926 23226
1751479004974 2.436415195465088 23227
1751479006406 0.6645900011062622 23228
1751479007803 1.069606065750122 23229
1751479009185 1.9804863929748535 23230
1751479010879 1.027258276939392 23231
1751479012336 0.7604469060897827 23232
1751479013750 0.8648059368133545 23233
1751479015150 0.7891525626182556 23234
1751479016768 0.6494775414466858 23235
1751479018107 0.7973800897598267 23236
1751479019433 0.7032908201217651 23237
1751479020842 0.929668128490448 23238
1751479022177 0.9523420929908752 23239
1751479023809 0.6267040967941284 23240
1751479025147 0.6588879823684692 23241
1751479026469 1.0665545463562012 23242
1751479027880 1.0100831985473633 23243
1751479029579 0.8503446578979492 23244
1751479030991 0.6670273542404175 23245
1751479032408 0.8561290502548218 23246
1751479033751 1.028674602508545 23247
1751479035359 0.9986896514892578 23248
1751479036745 0.7259103059768677 23249
1751479038110 0.46109431982040405 23250
1751479039486 0.15541818737983704 23251
1751479041158 1.1761984825134277 23252
1751479042552 0.8507335782051086 23253
1751479043859 0.5036759376525879 23254
1751479045154 0.4060497581958771 23255
1751479046501 0.7441734075546265 23256
1751479048017 0.8796133995056152 23257
1751479049360 1.0439057350158691 23258
1751479050798 0.47956278920173645 23259
1751479052229 0.9069843292236328 23260
1751479053774 0.6393160820007324 23261
1751479055081 2.432222843170166 23262
1751479056427 0.5290248394012451 23263
1751479057745 0.5882809162139893 23264
1751479059305 0.3162001371383667 23265
1751479060686 0.5949909090995789 23266
1751479062126 1.0234668254852295 23267
1751479063465 1.121392846107483 23268
1751479064769 0.8681188821792603 23269
1751479066376 1.1527760028839111 23270
1751479067655 0.9809103012084961 23271
1751479068999 1.088447093963623 23272
1751479070375 0.5573488473892212 23273
1751479071983 0.6084958910942078 23274
1751479073363 0.6318745613098145 23275
1751479074715 1.0741219520568848 23276
1751479076053 1.081203579902649 23277
1751479077704 1.4833464622497559 23278
1751479079055 0.13438718020915985 23279
1751479080407 2.4477686882019043 23280
1751479081662 0.7705783843994141 23281
1751479083028 0.8847575187683105 23282
1751479084634 0.3150632083415985 23283
1751479085981 0.5876868963241577 23284
1751479087393 0.6190956830978394 23285
1751479088816 0.5572986602783203 23286
1751479090447 0.6588470339775085 23287
1751479091837 0.5909134149551392 23288
1751479093112 0.8075553178787231 23289
1751479094473 0.18765702843666077 23290
1751479096131 0.6500316858291626 23291
1751479097508 0.9909720420837402 23292
1751479098792 1.8462483882904053 23293
1751479100101 0.7095087170600891 23294
1751479101688 0.8900513052940369 23295
1751479102989 0.7847809791564941 23296
1751479104257 1.0674211978912354 23297
1751479105557 2.5091238021850586 23298
1751479106948 0.6165090203285217 23299
1751479108474 0.8207804560661316 23300
1751479109820 1.2713961601257324 23301
1751479111171 0.7374362945556641 23302
1751479112623 0.7340946197509766 23303
1751479114305 0.5175731182098389 23304
1751479115560 0.4781183898448944 23305
1751479116850 0.8441663980484009 23306
1751479118251 1.1391319036483765 23307
1751479119839 0.6269406676292419 23308
1751479121228 0.5256919860839844 23309
1751479122683 0.07900293171405792 23310
1751479124072 0.813690185546875 23311
1751479125770 0.6620877981185913 23312
1751479127150 0.8717033863067627 23313
1751479128517 0.8822416663169861 23314
1751479130071 0.7502404451370239 23315
1751479131693 0.7236927151679993 23316
1751479133113 0.8360567688941956 23317
1751479134459 2.0627601146698 23318
1751479135795 0.9519993662834167 23319
1751479137174 0.5473570227622986 23320
1751479138831 0.5611145496368408 23321
1751479140115 0.1639629751443863 23322
1751479141414 0.5994657278060913 23323
1751479142750 0.5228792428970337 23324
1751479144345 0.43445777893066406 23325
1751479145768 1.6346473693847656 23326
1751479147198 0.6039698123931885 23327
1751479148498 0.7008030414581299 23328
1751479150136 1.3348642587661743 23329
1751479151532 0.7053483128547668 23330
1751479152872 0.7099469304084778 23331
1751479154233 0.629010021686554 23332
1751479155877 0.5002841949462891 23333
1751479157287 0.63686203956604 23334
1751479158659 2.6996970176696777 23335
1751479160009 0.06020193547010422 23336
1751479161327 0.5857223272323608 23337
1751479162848 0.9795930981636047 23338
1751479164199 0.705552339553833 23339
1751479165511 0.7785494923591614 23340
1751479166932 1.2482099533081055 23341
1751479168464 0.10093321651220322 23342
1751479169879 0.5478297472000122 23343
1751479171263 1.0745692253112793 23344
1751479172560 1.176426887512207 23345
1751479174290 0.8857051134109497 23346
1751479175654 1.278620958328247 23347
1751479176959 1.1569976806640625 23348
1751479178368 0.8036540150642395 23349
1751479179777 0.4937068819999695 23350
1751479181381 0.6456929445266724 23351
1751479182701 0.550891101360321 23352
1751479184193 0.36587169766426086 23353
1751479185641 0.08467964082956314 23354
1751479187277 1.1588650941848755 23355
1751479188689 0.6309419870376587 23356
1751479190009 0.5992264151573181 23357
1751479191347 1.0612537860870361 23358
1751479192919 2.1275410652160645 23359
1751479194172 0.48931750655174255 23360
1751479195475 1.0802240371704102 23361
1751479196848 0.49982112646102905 23362
1751479198463 0.4742680788040161 23363
1751479199841 0.8151724338531494 23364
1751479201128 1.2177777290344238 23365
1751479202462 0.5984598994255066 23366
1751479203923 1.3946113586425781 23367
1751479205675 0.2722480595111847 23368
1751479207035 0.9905024766921997 23369
1751479208409 1.7884533405303955 23370
1751479209881 0.6170958876609802 23371
1751479211559 2.2530152797698975 23372
1751479212957 0.5970498323440552 23373
1751479214286 1.1568028926849365 23374
1751479215624 0.9909884333610535 23375
1751479217217 0.6682500839233398 23376
1751479218543 0.6222473382949829 23377
1751479219886 0.7192710041999817 23378
1751479221193 0.5221573710441589 23379
1751479222784 1.8814280033111572 23380
1751479224154 0.4151652753353119 23381
1751479225504 0.5004668235778809 23382
1751479226924 0.3938559293746948 23383
1751479228661 0.33941173553466797 23384
1751479230121 0.7116475105285645 23385
1751479231461 0.9194278717041016 23386
1751479232819 0.3576725125312805 23387
1751479234128 0.2839573323726654 23388
1751479235741 1.0704540014266968 23389
1751479237052 0.5346111059188843 23390
1751479238396 0.6134659647941589 23391
1751479239782 0.9223206043243408 23392
1751479241386 0.7813106775283813 23393
1751479242876 0.8216778039932251 23394
1751479244211 0.21466127038002014 23395
1751479245494 0.9051973223686218 23396
1751479247022 0.4691479206085205 23397
1751479248405 0.7809162139892578 23398
1751479249740 0.9711482524871826 23399
1751479251013 0.4689653515815735 23400
1751479333303 0.5255485773086548 23401
1751479334766 0.5473605394363403 23402
1751479336136 0.5323833227157593 23403
1751479337626 1.1703636646270752 23404
1751479339239 0.5702655911445618 23405
1751479340671 1.1016926765441895 23406
1751479342079 0.7644048929214478 23407
1751479343462 0.9924119114875793 23408
1751479344855 0.856920599937439 23409
1751479346431 0.44263795018196106 23410
1751479347794 0.49734801054000854 23411
1751479349197 0.5723655223846436 23412
1751479350579 0.9791066646575928 23413
1751479352215 1.2099270820617676 23414
1751479353603 0.5393414497375488 23415
1751479354917 1.0284416675567627 23416
1751479356265 0.8781453371047974 23417
1751479357954 0.7306045889854431 23418
1751479359335 0.8576103448867798 23419
1751479360687 0.7427943348884583 23420
1751479362157 0.6556771993637085 23421
1751479363611 1.0254437923431396 23422
1751479365293 0.9324022531509399 23423
1751479366639 1.1144258975982666 23424
1751479367908 2.1539363861083984 23425
1751479369320 0.45614269375801086 23426
1751479370977 0.35931840538978577 23427
1751479372311 0.738909125328064 23428
1751479373715 0.7049878835678101 23429
1751479375061 0.5047562718391418 23430
1751479376714 0.5739130973815918 23431
1751479378028 1.292670726776123 23432
1751479379401 0.7069008946418762 23433
1751479380753 0.7955909967422485 23434
1751479382331 0.3788067102432251 23435
1751479383730 0.3881124258041382 23436
1751479385134 1.1525325775146484 23437
1751479386505 0.8985682129859924 23438
1751479387930 0.6794665455818176 23439
1751479389574 0.3596686124801636 23440
1751479390957 0.5965447425842285 23441
1751479392203 0.855693519115448 23442
1751479393578 0.893500566482544 23443
1751479395339 0.57630854845047 23444
1751479396698 0.7534671425819397 23445
1751479398117 0.5125841498374939 23446
1751479399510 0.7416812181472778 23447
1751479401102 0.7609919905662537 23448
1751479402428 0.8151874542236328 23449
1751479403791 0.8025355935096741 23450
1751479405159 0.5594488382339478 23451
1751479406809 1.2947413921356201 23452
1751479408110 1.2172327041625977 23453
1751479409489 0.9210666418075562 23454
1751479410847 0.4615965783596039 23455
1751479412264 0.8156267404556274 23456
1751479413871 3.466374158859253 23457
1751479415238 0.5830687284469604 23458
1751479416570 0.7939438819885254 23459
1751479417856 0.1700572967529297 23460
1751479419656 0.5914210081100464 23461
1751479421071 0.48261380195617676 23462
1751479422439 0.7858034372329712 23463
1751479423808 0.4003255069255829 23464
1751479425464 0.11299429088830948 23465
1751479426855 1.0819740295410156 23466
1751479428233 0.7153617143630981 23467
1751479429568 0.8947504758834839 23468
1751479430933 0.7316164374351501 23469
1751479432514 0.5945332646369934 23470
1751479433965 1.2769960165023804 23471
1751479435366 1.0181876420974731 23472
1751479436710 0.5968952178955078 23473
1751479438240 0.7294695377349854 23474
1751479439645 0.6180492639541626 23475
1751479441134 1.0228352546691895 23476
1751479442537 0.6894239187240601 23477
1751479444239 0.900260329246521 23478
1751479445668 1.446645975112915 23479
1751479447076 0.5858198404312134 23480
1751479448534 0.7810831665992737 23481
1751479450234 0.550965428352356 23482
1751479451558 0.06872253865003586 23483
1751479452928 1.1572256088256836 23484
1751479454250 0.5173143148422241 23485
1751479455943 0.8244109153747559 23486
1751479457351 1.1493983268737793 23487
1751479458715 2.424407482147217 23488
1751479460025 0.9062251448631287 23489
1751479461405 1.151721715927124 23490
1751479463000 0.5844601392745972 23491
1751479464340 0.5845587253570557 23492
1751479465706 0.9426932334899902 23493
1751479467093 0.22802437841892242 23494
1751479468750 1.0595154762268066 23495
1751479470155 0.7425577640533447 23496
1751479471515 0.7954001426696777 23497
1751479472855 1.8913156986236572 23498
1751479474446 0.4550282955169678 23499
1751479475892 1.0089170932769775 23500
1751479477257 0.8083107471466064 23501
1751479478706 0.7203582525253296 23502
1751479480139 0.642332911491394 23503
1751479481755 0.5613319873809814 23504
1751479483210 0.7279574871063232 23505
1751479484596 1.3654026985168457 23506
1751479485914 0.9006229639053345 23507
1751479487613 0.8418862819671631 23508
1751479489002 0.992361307144165 23509
1751479490460 0.7441403865814209 23510
1751479491927 1.209342122077942 23511
1751479493432 1.013923168182373 23512
1751479494695 1.136566162109375 23513
1751479496040 0.9184462428092957 23514
1751479497324 0.7773265838623047 23515
1751479498870 0.6464215517044067 23516
1751479500310 0.6135270595550537 23517
1751479501660 1.609410285949707 23518
1751479503018 1.0307866334915161 23519
1751479504390 0.8122355341911316 23520
1751479506165 0.7492451667785645 23521
1751479507471 0.5268346667289734 23522
1751479508849 1.0109333992004395 23523
1751479510201 1.0249645709991455 23524
1751479511856 0.8447079062461853 23525
1751479513226 0.7748128175735474 23526
1751479514678 1.186782956123352 23527
1751479516019 0.49790841341018677 23528
1751479517599 0.8349884748458862 23529
1751479518982 0.9014338254928589 23530
1751479520273 0.4950747787952423 23531
1751479521643 1.2886306047439575 23532
1751479523315 0.5542018413543701 23533
1751479524618 1.4790383577346802 23534
1751479526060 0.2370147854089737 23535
1751479527416 0.9690037369728088 23536
1751479528785 0.6654523611068726 23537
1751479530390 0.7854021787643433 23538
1751479531842 0.44996488094329834 23539
1751479533181 0.611424446105957 23540
1751479534681 0.5272071361541748 23541
1751479536372 0.8859975934028625 23542
1751479537764 0.8687868714332581 23543
1751479539157 0.9180653095245361 23544
1751479540487 0.5021457076072693 23545
1751479542059 0.6750645637512207 23546
1751479543433 0.7352659106254578 23547
1751479544731 0.6486635804176331 23548
1751479546111 0.7655515670776367 23549
1751479547736 0.9446077942848206 23550
1751479549136 0.9310095906257629 23551
1751479550453 0.8320609331130981 23552
1751479551829 0.5692214965820312 23553
1751479553188 1.0578196048736572 23554
1751479554887 0.9248775243759155 23555
1751479556291 0.7194474935531616 23556
1751479557679 1.1688445806503296 23557
1751479559087 1.706878423690796 23558
1751479560695 0.7044153809547424 23559
1751479562086 1.2102159261703491 23560
1751479563438 1.1173617839813232 23561
1751479564732 0.8384472131729126 23562
1751479566346 0.9707043170928955 23563
1751479567645 1.2711074352264404 23564
1751479568943 1.0185058116912842 23565
1751479570324 1.5640863180160522 23566
1751479571906 0.6233903169631958 23567
1751479573244 1.0668582916259766 23568
1751479574596 0.5664601922035217 23569
1751479576018 0.9160453081130981 23570
1751479577300 4.229612827301025 23571
1751479578878 0.7314565181732178 23572
1751479580203 1.0646013021469116 23573
1751479581583 0.6514241695404053 23574
1751479583125 0.8061120510101318 23575
1751479584732 0.5780936479568481 23576
1751479586160 0.734839916229248 23577
1751479587492 0.8479932546615601 23578
1751479588886 0.3562585711479187 23579
1751479590545 0.6956826448440552 23580
1751479591935 0.43796247243881226 23581
1751479593306 0.6538245677947998 23582
1751479594713 0.320094496011734 23583
1751479596334 0.6703308820724487 23584
1751479597607 2.1583967208862305 23585
1751479598967 1.2312843799591064 23586
1751479600276 0.4115176796913147 23587
1751479601927 1.0536952018737793 23588
1751479603238 1.0714386701583862 23589
1751479604528 1.6163318157196045 23590
1751479605880 0.5447701215744019 23591
1751479607507 0.5557295680046082 23592
1751479608834 0.8274844884872437 23593
1751479610154 0.8605365753173828 23594
1751479611553 0.980783224105835 23595
1751479612946 1.052532434463501 23596
1751479614551 0.6770976185798645 23597
1751479615999 0.8139457702636719 23598
1751479617395 0.5649410486221313 23599
1751479618755 0.3629816770553589 23600
1751479620350 0.7735718488693237 23601
1751479621679 0.9013491868972778 23602
1751479623092 0.7528300285339355 23603
1751479624447 0.5949394702911377 23604
1751479626096 0.6018565893173218 23605
1751479627474 0.5697333812713623 23606
1751479628868 1.2162178754806519 23607
1751479630212 0.8392552137374878 23608
1751479631878 0.2737817168235779 23609
1751479633180 1.2280664443969727 23610
1751479634551 0.7838041186332703 23611
1751479635873 0.9894378185272217 23612
1751479637484 0.7345961928367615 23613
1751479638924 1.0972784757614136 23614
1751479640264 0.708463728427887 23615
1751479641706 1.099349021911621 23616
1751479643018 0.494357705116272 23617
1751479644556 1.0020116567611694 23618
1751479645817 0.9566424489021301 23619
1751479647199 0.4271126389503479 23620
1751479648541 0.8591153025627136 23621
1751479650067 3.550055980682373 23622
1751479651358 0.4866578280925751 23623
1751479652750 0.962915301322937 23624
1751479654127 0.6637958884239197 23625
1751479655642 0.5709850192070007 23626
1751479657015 0.6184619665145874 23627
1751479658495 0.2305155247449875 23628
1751479659879 1.1644744873046875 23629
1751479661480 0.7134730815887451 23630
1751479662830 0.5856573581695557 23631
1751479664183 0.9809403419494629 23632
1751479665515 0.7987688183784485 23633
1751479666833 1.1115891933441162 23634
1751479668568 0.6269958019256592 23635
1751479669958 1.0835332870483398 23636
1751479671430 0.6076964139938354 23637
1751479672742 0.8692399263381958 23638
1751479674406 0.7808201313018799 23639
1751479675748 0.7288118600845337 23640
1751479677092 0.49406397342681885 23641
1751479678441 0.5672411918640137 23642
1751479680043 0.9526686072349548 23643
1751479681408 0.7217290997505188 23644
1751479682717 1.245927333831787 23645
1751479684109 0.6128957271575928 23646
1751479685761 1.2828705310821533 23647
1751479687177 0.6872349977493286 23648
1751479688621 0.6739904880523682 23649
1751479690018 1.0357000827789307 23650
1751479691382 0.7635436058044434 23651
1751479693181 0.4560713768005371 23652
1751479694503 0.7373315095901489 23653
1751479695930 0.5794137716293335 23654
1751479697345 0.44367656111717224 23655
1751479699054 0.5735418796539307 23656
1751479700401 0.7978146076202393 23657
1751479701807 0.61484295129776 23658
1751479703283 0.574447751045227 23659
1751479705027 0.7727885246276855 23660
1751479706424 0.5106625556945801 23661
1751479707848 1.2498303651809692 23662
1751479709210 0.5556265115737915 23663
1751479710917 0.6307766437530518 23664
1751479712256 0.6686109900474548 23665
1751479713634 0.5815608501434326 23666
1751479715024 0.29605019092559814 23667
1751479716454 0.5602991580963135 23668
1751479718075 0.4950428903102875 23669
1751479719451 2.070575714111328 23670
1751479720893 0.4331403970718384 23671
1751479722200 1.2440221309661865 23672
1751479723741 0.8579989075660706 23673
1751479725046 2.0748629570007324 23674
1751479726580 0.6469985246658325 23675
1751479727929 0.7837679386138916 23676
1751479729533 2.1720895767211914 23677
1751479730942 1.0883100032806396 23678
1751479732356 1.0407607555389404 23679
1751479733798 1.0036790370941162 23680
1751479735447 0.9778867363929749 23681
1751479736875 0.8384590744972229 23682
1751479738250 0.8708891272544861 23683
1751479739583 0.7338662147521973 23684
1751479741259 0.5954591035842896 23685
1751479742645 0.8182570338249207 23686
1751479744021 0.776728630065918 23687
1751479745430 0.6385517120361328 23688
1751479746830 0.8522430658340454 23689
1751479748466 0.6029075384140015 23690
1751479749865 0.5739821195602417 23691
1751479751330 0.42883795499801636 23692
1751479752682 0.7573527693748474 23693
1751479754295 1.998317003250122 23694
1751479755629 0.5899285674095154 23695
1751479757124 0.5373307466506958 23696
1751479758530 0.5023590326309204 23697
1751479760201 0.6934279799461365 23698
1751479761567 0.7418933510780334 23699
1751479762958 0.5947175621986389 23700
1751479764257 1.8989551067352295 23701
1751479765942 0.7681334614753723 23702
1751479767343 0.7736654281616211 23703
1751479768855 0.8385361433029175 23704
1751479770224 0.9071402549743652 23705
1751479771956 0.8407065868377686 23706
1751479773341 0.6226692199707031 23707
1751479774725 1.5383001565933228 23708
1751479776072 0.5150582194328308 23709
1751479777683 0.8267598152160645 23710
1751479779086 0.7980526685714722 23711
1751479780462 1.0307538509368896 23712
1751479781885 0.5857727527618408 23713
1751479783326 0.10334108769893646 23714
1751479784904 0.6168267726898193 23715
1751479786274 0.7696182727813721 23716
1751479787650 1.2945231199264526 23717
1751479789022 0.6381275653839111 23718
1751479790758 0.47641700506210327 23719
1751479792006 1.3831019401550293 23720
1751479793385 0.6594905853271484 23721
1751479794722 0.48599982261657715 23722
1751479796307 1.4186031818389893 23723
1751479797678 0.4609176516532898 23724
1751479799094 0.7331481575965881 23725
1751479800460 0.9849636554718018 23726
1751479802115 0.5703810453414917 23727
1751479803422 0.4792214632034302 23728
1751479804752 0.6372388601303101 23729
1751479806142 0.997496485710144 23730
1751479807498 0.3651975691318512 23731
1751479809043 1.0315592288970947 23732
1751479810400 0.675048828125 23733
1751479811720 0.8042842149734497 23734
1751479813101 0.615420401096344 23735
1751479814794 0.4733264446258545 23736
1751479816081 0.6073014736175537 23737
1751479817417 0.5296573042869568 23738
1751479818827 0.49177584052085876 23739
1751479820474 0.679678738117218 23740
1751479821835 0.5042270421981812 23741
1751479823196 0.5884377360343933 23742
1751479824574 1.2166967391967773 23743
1751479826238 0.7660766839981079 23744
1751479827519 0.5088136792182922 23745
1751479829000 0.5532205104827881 23746
1751479830333 0.6206748485565186 23747
1751479831621 1.007771611213684 23748
1751479833310 0.7155512571334839 23749
1751479834692 0.8040731549263 23750
1751479836100 0.6490340828895569 23751
1751479837477 0.613552451133728 23752
1751479839190 0.8962796926498413 23753
1751479840626 1.0731929540634155 23754
1751479841983 0.9071433544158936 23755
1751479843325 0.8475669622421265 23756
1751479844955 0.634009599685669 23757
1751479846489 0.6675375699996948 23758
1751479847884 0.8121926784515381 23759
1751479849271 0.5592449903488159 23760
1751479850962 0.6071648597717285 23761
1751479852356 0.6102598905563354 23762
1751479853687 0.7561135292053223 23763
1751479855041 0.47881975769996643 23764
1751479856424 0.6100559830665588 23765
1751479858047 1.7403508424758911 23766
1751479859397 1.1212942600250244 23767
1751479860824 0.9237889051437378 23768
1751479862195 0.12707707285881042 23769
1751479863942 0.6152077913284302 23770
1751479865340 0.6218928694725037 23771
1751479866765 1.0464383363723755 23772
1751479868118 0.490661084651947 23773
1751479869714 0.589232325553894 23774
1751479871071 0.564068615436554 23775
1751479872450 0.5724959373474121 23776
1751479873776 0.8315722942352295 23777
1751479875461 0.9772531986236572 23778
1751479876852 0.6269446611404419 23779
1751479878228 0.565182089805603 23780
1751479879629 0.6202273368835449 23781
1751479881251 1.0055763721466064 23782
1751479882701 0.6102080345153809 23783
1751479884049 0.5340398550033569 23784
1751479885430 0.6565473079681396 23785
1751479887084 0.5824382901191711 23786
1751479888401 0.7891800403594971 23787
1751479889809 0.9156033396720886 23788
1751479891249 0.47485148906707764 23789
1751479892609 0.5067819356918335 23790
1751479894203 1.2692328691482544 23791
1751479895696 1.7413100004196167 23792
1751479897095 0.8025272488594055 23793
1751479898457 0.674865186214447 23794
1751479900071 1.1491739749908447 23795
1751479901478 0.7435173988342285 23796
1751479902857 0.9169497489929199 23797
1751479904250 1.2727749347686768 23798
1751479905863 0.9095694422721863 23799
1751479907215 0.8799596428871155 23800
1751479908582 0.7379777431488037 23801
1751479909965 0.8172446489334106 23802
1751479911631 0.5061547160148621 23803
1751479913019 0.7477443814277649 23804
1751479914439 1.0023956298828125 23805
1751479915780 0.6913271546363831 23806
1751479917400 0.6515932083129883 23807
1751479918731 0.7060998678207397 23808
1751479920156 1.3319377899169922 23809
1751479921475 1.1057775020599365 23810
1751479922923 1.235585331916809 23811
1751479924568 0.8055399060249329 23812
1751479925973 0.4438958764076233 23813
1751479927457 1.2864444255828857 23814
1751479928926 0.7193002700805664 23815
1751479930658 0.29858285188674927 23816
1751479931994 0.566306471824646 23817
1751479933504 0.5839211344718933 23818
1751479934852 0.7190810441970825 23819
1751479936648 1.2095909118652344 23820
1751479938075 1.0472724437713623 23821
1751479939413 0.7206678986549377 23822
1751479940786 1.022524356842041 23823
1751479942441 0.9624144434928894 23824
1751479943783 0.6169096827507019 23825
1751479945200 0.5855257511138916 23826
1751479946502 0.4910483956336975 23827
1751479948078 0.8356269598007202 23828
1751479949414 0.8479398488998413 23829
1751479950702 1.5170083045959473 23830
1751479952016 0.9637492299079895 23831
1751479953362 0.5133918523788452 23832
1751479955023 1.1628062725067139 23833
1751479956324 0.7373707294464111 23834
1751479957740 0.8694711923599243 23835
1751479959066 0.9233244061470032 23836
1751479960662 0.5457333326339722 23837
1751479962034 0.7124170064926147 23838
1751479963398 0.559237539768219 23839
1751479964780 0.5434615612030029 23840
1751479966384 0.6587706804275513 23841
1751479967759 0.4952942728996277 23842
1751479969180 0.9418745040893555 23843
1751479970538 1.4274439811706543 23844
1751479972091 1.1100330352783203 23845
1751479973534 0.7057855129241943 23846
1751479975058 0.816071629524231 23847
1751479976327 0.8959833383560181 23848
1751479977994 0.5014698505401611 23849
1751479979324 1.3996975421905518 23850
1751479980715 0.6883174777030945 23851
1751479982092 0.7865550518035889 23852
1751479983436 0.4538833498954773 23853
1751479984997 1.2003173828125 23854
1751479986313 1.3410632610321045 23855
1751479987716 0.4005310535430908 23856
1751479989016 1.6495627164840698 23857
1751479990647 1.0476597547531128 23858
1751479992040 1.0504441261291504 23859
1751479993393 1.1837821006774902 23860
1751479994714 0.8168913722038269 23861
1751479996465 0.544041633605957 23862
1751479997833 0.5770153999328613 23863
1751479999216 0.7763324975967407 23864
1751480000639 0.46749821305274963 23865
1751480002242 0.44698676466941833 23866
1751480003606 1.4273260831832886 23867
1751480005032 1.328958511352539 23868
1751480006369 0.9820942282676697 23869
1751480008152 0.6934518814086914 23870
1751480009561 0.7638978958129883 23871
1751480011006 0.5329371690750122 23872
1751480012377 0.197762131690979 23873
1751480014077 0.3669576048851013 23874
1751480015371 0.38488176465034485 23875
1751480016653 1.5308966636657715 23876
1751480018028 0.7976393699645996 23877
1751480019415 0.8365195989608765 23878
1751480020973 2.006772994995117 23879
1751480022371 0.8998820185661316 23880
1751480023815 0.8306093215942383 23881
1751480025256 0.614514946937561 23882
1751480026857 0.7244919538497925 23883
1751480028189 0.3896248936653137 23884
1751480029588 0.5873439908027649 23885
1751480031018 0.6293920278549194 23886
1751480032671 1.0792897939682007 23887
1751480034041 0.9463339447975159 23888
1751480035424 0.8260980248451233 23889
1751480036825 0.6112943887710571 23890
1751480038505 0.7492204904556274 23891
1751480039937 0.762183666229248 23892
1751480041252 1.1126723289489746 23893
1751480042623 0.45595264434814453 23894
1751480044176 0.8981120586395264 23895
1751480045590 0.8341690301895142 23896
1751480047019 1.3119659423828125 23897
1751480048452 1.085170865058899 23898
1751480050166 1.8019444942474365 23899
1751480051745 0.7346216440200806 23900
1751480053440 0.8589162826538086 23901
1751480054867 0.676581621170044 23902
1751480056825 0.6461917757987976 23903
1751480058348 0.5830936431884766 23904
1751480059777 0.9707218408584595 23905
1751480061301 0.6760368943214417 23906
1751480063293 1.2266401052474976 23907
1751480064702 0.45516911149024963 23908
1751480066139 0.3690167963504791 23909
1751480067587 0.15923281013965607 23910
1751480069044 0.4844149351119995 23911
1751480070688 0.5164501667022705 23912
1751480072107 1.3214542865753174 23913
1751480073414 0.6116039752960205 23914
1751480074705 1.2517026662826538 23915
1751480078169 0.47125673294067383 23916
1751480079879 0.5415348410606384 23917
1751480081652 0.8146615028381348 23918
1751480082987 0.580405592918396 23919
1751480084685 0.9984996318817139 23920
1751480086040 0.8141301870346069 23921
1751480089031 0.838413655757904 23922
1751480090535 0.7457810640335083 23923
1751480092287 0.8112116456031799 23924
1751480093665 0.1780834048986435 23925
1751480095096 0.7289251089096069 23926
1751480096404 1.3772059679031372 23927
1751480098019 0.9517711400985718 23928
1751480099438 1.0534493923187256 23929
1751480100849 0.5772722959518433 23930
1751480102182 0.7838178277015686 23931
1751480103776 0.9303844571113586 23932
1751480105120 0.7478364706039429 23933
1751480106443 0.6873511672019958 23934
1751480107829 0.8066048622131348 23935
1751480109442 0.6989104747772217 23936
1751480110755 0.7228536605834961 23937
1751480112133 0.7174215316772461 23938
1751480113464 1.4926432371139526 23939
1751480114918 0.583223283290863 23940
1751480116518 0.9725186824798584 23941
1751480117854 0.6896741986274719 23942
1751480119262 0.6302745342254639 23943
1751480120673 0.7364609241485596 23944
1751480122292 0.8283475041389465 23945
1751480123619 0.7336441278457642 23946
1751480124998 0.9764617681503296 23947
1751480126462 0.4300536513328552 23948
1751480128083 0.9445071220397949 23949
1751480129457 0.682506263256073 23950
1751480130845 0.572791576385498 23951
1751480132191 1.2169495820999146 23952
1751480133770 0.9816593527793884 23953
1751480135191 0.32065096497535706 23954
1751480136552 0.661637544631958 23955
1751480137960 1.2796821594238281 23956
1751480139594 0.8995967507362366 23957
1751480140989 0.5617189407348633 23958
1751480142399 1.30000901222229 23959
1751480143845 0.6322925686836243 23960
1751480145453 0.3651825189590454 23961
1751480146794 0.31203755736351013 23962
1751480148103 1.3430620431900024 23963
1751480149517 0.5381302833557129 23964
1751480151116 1.0094654560089111 23965
1751480152473 1.2173669338226318 23966
1751480153896 1.7224562168121338 23967
1751480155242 0.5757385492324829 23968
1751480156732 0.7523488998413086 23969
1751480158042 0.7799140214920044 23970
1751480159419 1.349172592163086 23971
1751480160792 0.865923285484314 23972
1751480162162 0.7644363641738892 23973
1751480163772 0.8725035786628723 23974
1751480165056 0.9932544827461243 23975
1751480166432 0.6392577290534973 23976
1751480167792 0.6387749314308167 23977
1751480169381 0.8000993132591248 23978
1751480170721 0.6652672290802002 23979
1751480172087 0.6003168821334839 23980
1751480173448 0.6624224781990051 23981
1751480175092 0.9674996137619019 23982
1751480176566 1.0540674924850464 23983
1751480177893 0.7377861738204956 23984
1751480179368 0.7327161431312561 23985
1751480181061 0.907528281211853 23986
1751480182407 0.775672435760498 23987
1751480183797 0.48455774784088135 23988
1751480185150 0.6774550676345825 23989
1751480186799 0.6187639832496643 23990
1751480188153 0.5812783241271973 23991
1751480189393 2.2353522777557373 23992
1751480190736 0.9963564872741699 23993
1751480192314 1.503772258758545 23994
1751480193731 0.7199158668518066 23995
1751480195189 1.0318597555160522 23996
1751480196555 0.08982078731060028 23997
1751480198045 0.21573291718959808 23998
1751480199680 2.848684310913086 23999
1751480201045 0.8538108468055725 24000
1751480202464 0.7660877108573914 24001
1751480203734 0.9703408479690552 24002
1751480205310 0.7555751800537109 24003
1751480206681 0.8673968315124512 24004
1751480207993 1.187006950378418 24005
1751480209426 0.5715545415878296 24006
1751480211108 0.36945661902427673 24007
1751480212485 0.9728414416313171 24008
1751480213843 0.5676748752593994 24009
1751480215153 1.1500847339630127 24010
1751480216698 0.6723370552062988 24011
1751480217972 1.1511638164520264 24012
1751480219346 0.6263104677200317 24013
1751480220682 0.8024132251739502 24014
1751480222370 0.5431948900222778 24015
1751480223723 0.42853137850761414 24016
1751480225137 1.0141490697860718 24017
1751480226489 0.9945710301399231 24018
1751480228162 0.6868988275527954 24019
1751480229645 1.2759191989898682 24020
1751480230988 0.6836378574371338 24021
1751480232371 1.0430397987365723 24022
1751480233954 0.2879677414894104 24023
1751480235318 0.3568335473537445 24024
1751480236751 0.6804733872413635 24025
1751480238130 0.809660792350769 24026
1751480239572 0.9030033349990845 24027
1751480241262 0.652940034866333 24028
1751480242611 0.8025227785110474 24029
1751480243924 0.7450649738311768 24030
1751480245207 0.32295840978622437 24031
1751480246768 0.740155041217804 24032
1751480248100 0.7515727877616882 24033
1751480249440 0.6731235980987549 24034
1751480250800 0.943024754524231 24035
1751480252380 0.8155294060707092 24036
1751480253763 0.6473169326782227 24037
1751480255121 0.7980431318283081 24038
1751480256501 1.000352144241333 24039
1751480258100 0.8449896574020386 24040
1751480259576 0.659760057926178 24041
1751480261081 0.7076079845428467 24042
1751480262753 0.5807064771652222 24043
1751480264982 0.5711750984191895 24044
1751480266645 0.5524253845214844 24045
1751480267981 0.24027010798454285 24046
1751480269433 0.979206919670105 24047
1751480271184 0.7746555805206299 24048
1751480272499 0.995498776435852 24049
1751480273992 0.6610063314437866 24050
1751480275418 0.5007086992263794 24051
1751480277009 0.8808256387710571 24052
1751480278376 0.8347245454788208 24053
1751480279792 0.8788857460021973 24054
1751480281175 1.0380260944366455 24055
1751480282633 0.7066010236740112 24056
1751480284377 0.5501731634140015 24057
1751480285826 1.5478566884994507 24058
1751480287133 1.0756139755249023 24059
1751480288461 0.9989858865737915 24060
1751480290126 0.7449320554733276 24061
1751480291494 1.1133160591125488 24062
1751480292832 0.6313303709030151 24063
1751480294346 1.0299832820892334 24064
1751480295991 0.7859386801719666 24065
1751480297467 0.8406573534011841 24066
1751480298891 0.7970389127731323 24067
1751480300312 0.5182193517684937 24068
1751480301923 0.9102944731712341 24069
1751480303339 0.5835569500923157 24070
1751480304782 0.6776624321937561 24071
1751480306103 0.5792884826660156 24072
1751480307714 0.7552898526191711 24073
1751480309124 0.5930061936378479 24074
1751480310491 0.47271251678466797 24075
1751480311844 0.5774450898170471 24076
1751480313281 1.0110414028167725 24077
1751480314999 1.1231729984283447 24078
1751480316363 0.4499902129173279 24079
1751480317700 1.1513248682022095 24080
1751480319073 0.6007850170135498 24081
1751480320739 0.9613540172576904 24082
1751480322148 1.0531299114227295 24083
1751480323522 0.32894426584243774 24084
1751480324781 2.1986281871795654 24085
1751480326451 0.6229742765426636 24086
1751480327836 0.622382402420044 24087
1751480329162 0.6385729908943176 24088
1751480330503 0.7093491554260254 24089
1751480332249 0.4958999454975128 24090
1751480333560 0.7000916004180908 24091
1751480334998 1.2752360105514526 24092
1751480336392 0.8558768630027771 24093
1751480338020 0.32124993205070496 24094
1751480339372 0.2531464695930481 24095
1751480340687 0.7608872056007385 24096
1751480341996 0.15383508801460266 24097
1751480343633 0.7492213249206543 24098
1751480345113 0.5419926643371582 24099
1751480346512 1.001978874206543 24100
1751480347853 0.7240334749221802 24101
1751480349433 0.46472886204719543 24102
1751480350780 1.3439857959747314 24103
1751480352141 0.5465312600135803 24104
1751480353532 0.6671084761619568 24105
1751480355136 1.1344882249832153 24106
1751480356472 0.6513699293136597 24107
1751480357808 0.9949996471405029 24108
1751480359226 1.3644754886627197 24109
1751480360573 0.6684195399284363 24110
1751480362239 0.5823886394500732 24111
1751480363594 0.4615296423435211 24112
1751480364935 0.4598539471626282 24113
1751480366307 0.5378197431564331 24114
1751480367987 0.7582211494445801 24115
1751480369434 1.818455457687378 24116
1751480370844 0.6251009106636047 24117
1751480372231 0.4952116310596466 24118
1751480373902 0.5843309164047241 24119
1751480375279 0.8889050483703613 24120
1751480376756 1.0727403163909912 24121
1751480378149 0.6728433966636658 24122
1751480379730 0.7329603433609009 24123
1751480381113 0.5462555885314941 24124
1751480382447 1.2456659078598022 24125
1751480383775 1.0320308208465576 24126
1751480385365 1.18352210521698 24127
1751480386773 0.7984811663627625 24128
1751480388138 0.9366359710693359 24129
1751480389516 0.9940452575683594 24130
1751480391098 0.7259770631790161 24131
1751480392551 0.8131043314933777 24132
1751480393895 0.7945777773857117 24133
1751480395238 0.9119829535484314 24134
1751480396834 0.860258936882019 24135
1751480398212 0.5843198299407959 24136
1751480399609 1.3463337421417236 24137
1751480400922 0.6721784472465515 24138
1751480402245 0.5437218546867371 24139
1751480403761 0.5175647139549255 24140
1751480405086 0.8316192626953125 24141
1751480406486 0.7353496551513672 24142
1751480407869 0.652672529220581 24143
1751480409540 0.5373287200927734 24144
1751480410933 0.4036073088645935 24145
1751480412289 0.9912947416305542 24146
1751480413650 1.0685445070266724 24147
1751480415299 0.6074479818344116 24148
1751480416645 1.437395691871643 24149
1751480417960 0.8946762681007385 24150
1751480419313 0.5348338484764099 24151
1751480420870 0.5101084113121033 24152
1751480422242 0.5210499167442322 24153
1751480423724 1.4962856769561768 24154
1751480425092 0.687559962272644 24155
1751480426690 1.046301245689392 24156
1751480428073 0.25114914774894714 24157
1751480429500 0.3634354770183563 24158
1751480430851 0.6677614450454712 24159
1751480432353 2.3354148864746094 24160
1751480433751 0.7715466022491455 24161
1751480435117 0.5894099473953247 24162
1751480436574 0.7067976593971252 24163
1751480437963 1.0166690349578857 24164
1751480439649 0.43074023723602295 24165
1751480441014 0.5407320857048035 24166
1751480442471 0.7591239213943481 24167
1751480443919 1.3838478326797485 24168
1751480445571 0.9198417663574219 24169
1751480446859 0.5223742723464966 24170
1751480448213 0.6489174962043762 24171
1751480449541 0.5291117429733276 24172
1751480451129 0.7596445679664612 24173
1751480452493 0.44190075993537903 24174
1751480453891 0.718761682510376 24175
1751480455292 0.7643365263938904 24176
1751480456989 0.551154613494873 24177
1751480458348 0.7802551984786987 24178
1751480459784 0.69511878490448 24179
1751480461179 0.9092167019844055 24180
1751480462798 0.6937853097915649 24181
1751480464269 0.3463745713233948 24182
1751480465736 0.8155471086502075 24183
1751480467039 0.5880745649337769 24184
1751480468411 0.6876034736633301 24185
1751480470017 1.0987863540649414 24186
1751480471315 1.2850875854492188 24187
1751480472715 0.7866425514221191 24188
1751480474063 0.7960834503173828 24189
1751480475597 0.5584180951118469 24190
1751480476989 0.6433942317962646 24191
1751480478372 0.7793240547180176 24192
1751480479942 1.2507567405700684 24193
1751480481257 0.3080178201198578 24194
1751480482608 0.904732346534729 24195
1751480483985 0.5427629351615906 24196
1751480485434 0.6548557877540588 24197
1751480487017 0.5310090184211731 24198
1751480488377 1.3757877349853516 24199
1751480489742 0.846440315246582 24200
1751480491084 0.8362544775009155 24201
1751480492740 1.0023961067199707 24202
1751480494066 0.6081622838973999 24203
1751480495525 0.6399919986724854 24204
1751480496887 0.5604091286659241 24205
1751480498489 0.761265218257904 24206
1751480499935 0.7080949544906616 24207
1751480501279 0.9622246026992798 24208
1751480502711 0.6775647401809692 24209
1751480504349 0.5441275835037231 24210
1751480505706 0.6873522996902466 24211
1751480507051 0.6419788599014282 24212
1751480508418 0.7012580037117004 24213
1751480510257 1.1229214668273926 24214
1751480511602 1.2807984352111816 24215
1751480513038 0.5229717493057251 24216
1751480514388 0.5211279988288879 24217
1751480515909 1.129470705986023 24218
1751480517342 0.23907238245010376 24219
1751480518689 0.9492977857589722 24220
1751480520036 0.7466045618057251 24221
1751480521596 1.1762750148773193 24222
1751480522910 1.2199479341506958 24223
1751480524338 0.8360671997070312 24224
1751480525725 0.6386455297470093 24225
1751480527234 0.9905758500099182 24226
1751480528587 2.670863628387451 24227
1751480529990 0.89834064245224 24228
1751480531378 0.019861049950122833 24229
1751480532981 1.312954068183899 24230
1751480534340 0.4784775376319885 24231
1751480535761 0.7948779463768005 24232
1751480537098 0.014915365725755692 24233
1751480538770 0.5114850997924805 24234
1751480540111 0.4272862672805786 24235
1751480541493 0.8110255002975464 24236
1751480542832 0.49975505471229553 24237
1751480544488 0.5370311737060547 24238
1751480545867 0.7133960723876953 24239
1751480547305 0.992432177066803 24240
1751480548611 0.9125829935073853 24241
1751480549958 0.7966433763504028 24242
1751480551563 1.670218825340271 24243
1751480552922 0.41139107942581177 24244
1751480554313 1.4933133125305176 24245
1751480555661 2.4773051738739014 24246
1751480557216 1.6759182214736938 24247
1751480558628 1.3404576778411865 24248
1751480559972 0.5975273847579956 24249
1751480561267 0.5464884042739868 24250
1751480562876 1.2885451316833496 24251
1751480564219 0.8080034852027893 24252
1751480565543 1.2772793769836426 24253
1751480566907 1.0625879764556885 24254
1751480568538 0.8979835510253906 24255
1751480569923 1.4975149631500244 24256
1751480571288 0.7864980697631836 24257
1751480572690 1.3378283977508545 24258
1751480574279 0.49717873334884644 24259
1751480575600 0.8295369148254395 24260
1751480576915 0.8351832628250122 24261
1751480578223 0.6965649724006653 24262
1751480579931 1.524644136428833 24263
1751480581318 0.6305949687957764 24264
1751480582663 0.8709336519241333 24265
1751480583995 0.4263835847377777 24266
1751480585593 0.8262861967086792 24267
1751480586977 0.6689553260803223 24268
1751480588365 0.681328296661377 24269
1751480589835 0.6914983987808228 24270
1751480591555 1.580973505973816 24271
1751480592908 1.6702375411987305 24272
1751480594249 0.9856470227241516 24273
1751480595607 0.5186939239501953 24274
1751480597355 0.8192396759986877 24275
1751480598723 0.26505017280578613 24276
1751480600111 0.4664210081100464 24277
1751480601457 0.8582593202590942 24278
1751480603129 0.6396579146385193 24279
1751480604478 0.7378634214401245 24280
1751480605940 1.1110560894012451 24281
1751480607374 0.575156033039093 24282
1751480608941 0.809026300907135 24283
1751480610263 0.4635831117630005 24284
1751480611554 0.2737761437892914 24285
1751480612870 1.180507779121399 24286
1751480614465 0.529288649559021 24287
1751480615783 0.5767848491668701 24288
1751480617216 0.8123249411582947 24289
1751480618456 1.2182884216308594 24290
1751480619994 0.19527886807918549 24291
1751480621347 1.129359483718872 24292
1751480622654 0.5382812023162842 24293
1751480624090 0.6854710578918457 24294
1751480625652 0.9244905114173889 24295
1751480627023 0.3855736255645752 24296
1751480628352 0.6727797985076904 24297
1751480629800 0.6980901956558228 24298
1751480631418 0.9748361110687256 24299
1751480632766 0.5640756487846375 24300
1751480634079 0.8624778985977173 24301
1751480635419 0.7298237085342407 24302
1751480637006 1.1267390251159668 24303
1751480638409 0.5151433944702148 24304
1751480639772 0.7737704515457153 24305
1751480641110 1.0077481269836426 24306
1751480642487 0.4704156219959259 24307
1751480644140 1.144829511642456 24308
1751480645535 0.40505796670913696 24309
1751480646833 0.8803979158401489 24310
1751480648200 0.3192184865474701 24311
1751480649794 0.5673259496688843 24312
1751480651115 0.688612699508667 24313
1751480652503 0.4917612671852112 24314
1751480653855 1.0120636224746704 24315
1751480655506 0.7033122181892395 24316
1751480656863 0.5710430145263672 24317
1751480658208 0.790000319480896 24318
1751480659606 0.7368494272232056 24319
1751480661298 0.6894564628601074 24320
1751480662687 0.7077845335006714 24321
1751480664133 0.8843047618865967 24322
1751480665644 0.7790042161941528 24323
1751480667320 0.6687524318695068 24324
1751480668834 0.28278103470802307 24325
1751480670141 0.6003509759902954 24326
1751480671550 0.48481255769729614 24327
1751480673248 0.4625023305416107 24328
1751480674597 0.9100714325904846 24329
1751480675923 1.0816798210144043 24330
1751480677326 0.6835424304008484 24331
1751480678951 0.7799321413040161 24332
1751480680327 0.5475138425827026 24333
1751480681705 0.9535431861877441 24334
1751480683043 1.3730957508087158 24335
1751480684605 0.7632501125335693 24336
1751480686023 0.4887099266052246 24337
1751480687375 2.8825135231018066 24338
1751480688690 0.5549648404121399 24339
1751480690309 0.7392629981040955 24340
1751480691727 0.7634223699569702 24341
1751480693048 0.9511123895645142 24342
1751480694424 0.7102569341659546 24343
1751480695980 3.9128577709198 24344
1751480697283 0.7008368968963623 24345
1751480698617 0.5663397312164307 24346
1751480700064 0.8234665393829346 24347
1751480701680 0.9061597585678101 24348
1751480703037 0.5838682055473328 24349
1751480704521 0.5996513962745667 24350
1751480705865 0.8535664677619934 24351
1751480707556 0.7720010280609131 24352
1751480708935 0.7260047197341919 24353
1751480710198 0.7856276035308838 24354
1751480711538 0.761938750743866 24355
1751480713144 1.1816470623016357 24356
1751480714471 1.1958959102630615 24357
1751480715771 0.8951464295387268 24358
1751480717206 1.1539645195007324 24359
1751480718779 0.9035000205039978 24360
1751480720121 0.3786494731903076 24361
1751480721564 0.6783862113952637 24362
1751480722958 1.227644681930542 24363
1751480724550 0.800529956817627 24364
1751480725976 0.6649614572525024 24365
1751480727377 1.083117961883545 24366
1751480728764 0.488832950592041 24367
1751480730123 0.8389189839363098 24368
1751480731687 0.9281539916992188 24369
1751480733042 0.9293743968009949 24370
1751480734403 0.6626604795455933 24371
1751480735779 0.6019653677940369 24372
1751480737340 0.9203653335571289 24373
1751480738638 0.28282690048217773 24374
1751480739985 0.7557665705680847 24375
1751480741336 0.7611216306686401 24376
1751480743000 0.8936184644699097 24377
1751480744331 0.6872668266296387 24378
1751480745649 0.4677159786224365 24379
1751480746951 0.5963731408119202 24380
1751480748507 1.1107585430145264 24381
1751480749948 1.022035837173462 24382
1751480751387 0.7213517427444458 24383
1751480752742 1.170621395111084 24384
1751480754318 0.7570482492446899 24385
1751480755675 0.8181756734848022 24386
1751480757100 0.7916269302368164 24387
1751480758553 0.12704607844352722 24388
1751480760205 0.9961751699447632 24389
1751480761581 0.6935808658599854 24390
1751480762900 0.8184871673583984 24391
1751480764371 1.3344957828521729 24392
1751480765976 0.8581573367118835 24393
1751480767225 0.6496269106864929 24394
1751480768467 0.2562812566757202 24395
1751480769730 0.8131320476531982 24396
1751480771420 0.488592267036438 24397
1751480772765 1.1365492343902588 24398
1751480774095 0.5241783857345581 24399
1751480775488 0.5405953526496887 24400
1751480777142 1.2399004697799683 24401
1751480778584 0.773651123046875 24402
1751480779991 0.11559173464775085 24403
1751480781360 0.8170837163925171 24404
1751480782980 0.8892635703086853 24405
1751480784353 0.6425920128822327 24406
1751480785672 0.46703463792800903 24407
1751480787044 1.1722850799560547 24408
1751480788597 1.1009724140167236 24409
1751480790091 1.0069137811660767 24410
1751480791546 0.5518598556518555 24411
1751480792859 0.9218248128890991 24412
1751480794547 0.4619182348251343 24413
1751480795860 0.7408767938613892 24414
1751480797218 0.37927553057670593 24415
1751480798608 0.7849482893943787 24416
1751480800211 0.9097285270690918 24417
1751480801552 0.689924955368042 24418
1751480802836 2.009320020675659 24419
1751480804250 0.7945155501365662 24420
1751480805859 0.38657841086387634 24421
1751480807174 0.7364679574966431 24422
1751480808471 0.8891892433166504 24423
1751480809862 0.6326162219047546 24424
1751480811478 0.9203873872756958 24425
1751480812750 0.49535149335861206 24426
1751480814073 0.7411722540855408 24427
1751480815486 0.5106474161148071 24428
1751480817069 0.6437106132507324 24429
1751480818404 1.0815573930740356 24430
1751480819755 0.632727861404419 24431
1751480821152 0.9774624705314636 24432
1751480822692 0.9989168643951416 24433
1751480824056 0.7988059520721436 24434
1751480825361 0.5683826804161072 24435
1751480826727 0.40704140067100525 24436
1751480828346 0.637005090713501 24437
1751480829696 1.0830531120300293 24438
1751480831066 0.4756796658039093 24439
1751480832533 0.602548360824585 24440
1751480834317 0.5549041032791138 24441
1751480835658 0.6476266384124756 24442
1751480837058 0.8807750940322876 24443
1751480838542 0.5807662606239319 24444
1751480840149 0.6889713406562805 24445
1751480841528 1.3676140308380127 24446
1751480842934 0.596548318862915 24447
1751480844331 1.9587838649749756 24448
1751480845621 0.2855430543422699 24449
1751480847269 0.569767951965332 24450
1751480848605 0.8471311330795288 24451
1751480849970 0.450439453125 24452
1751480851364 4.3461103439331055 24453
1751480852968 0.5408816933631897 24454
1751480854388 1.1721305847167969 24455
1751480855711 0.491658091545105 24456
1751480857197 0.25247976183891296 24457
1751480858935 0.899795651435852 24458
1751480860250 0.6167569160461426 24459
1751480861626 0.4471803903579712 24460
1751480862943 0.6442341208457947 24461
1751480864633 0.7444795966148376 24462
1751480866079 0.7878736257553101 24463
1751480867489 0.6893067955970764 24464
1751480868970 1.0016744136810303 24465
1751480870623 0.6044235229492188 24466
1751480871981 0.9252403974533081 24467
1751480873331 0.91621994972229 24468
1751480874729 0.6347620487213135 24469
1751480876374 1.190460205078125 24470
1751480877718 0.8162977695465088 24471
1751480879132 0.49209222197532654 24472
1751480880495 0.6699528098106384 24473
1751480882020 0.7505296468734741 24474
1751480883331 0.9245641827583313 24475
1751480884681 0.7390798926353455 24476
1751480886071 0.9730987548828125 24477
1751480887710 0.5854189395904541 24478
1751480889054 0.7293701171875 24479
1751480890443 0.06576811522245407 24480
1751480891831 0.6213051080703735 24481
1751480893529 0.7452424764633179 24482
1751480894887 1.1137173175811768 24483
1751480896275 1.0803298950195312 24484
1751480897664 0.7831853032112122 24485
1751480899267 0.42505335807800293 24486
1751480900657 1.7218562364578247 24487
1751480901911 0.5918751955032349 24488
1751480903331 1.0987498760223389 24489
1751480904935 0.5102143287658691 24490
1751480906257 0.8762199878692627 24491
1751480907728 0.8583353757858276 24492
1751480909108 0.5069922208786011 24493
1751480910802 0.5175728797912598 24494
1751480912126 0.7249828577041626 24495
1751480913504 0.6531763076782227 24496
1751480914831 0.8767673969268799 24497
1751480916555 0.7273949384689331 24498
1751480917949 0.9358103275299072 24499
1751480919388 0.6713483333587646 24500
1751480920734 1.0557259321212769 24501
1751480922421 0.9957966804504395 24502
1751480923777 0.7241743803024292 24503
1751480925137 0.4103551208972931 24504
1751480926529 0.5214807391166687 24505
1751480928138 0.6484725475311279 24506
1751480929429 0.6400840878486633 24507
1751480930837 0.6736470460891724 24508
1751480932311 0.9282429814338684 24509
1751480934055 0.8819385766983032 24510
1751480935398 0.7716526985168457 24511
1751480936773 0.4867823123931885 24512
1751480938085 0.809844970703125 24513
1751480939672 1.0756012201309204 24514
1751480941194 0.6666791439056396 24515
1751480942550 0.5206342339515686 24516
1751480943931 0.9724576473236084 24517
1751480945567 0.36289718747138977 24518
1751480946945 0.7001253366470337 24519
1751480948260 0.761054277420044 24520
1751480949624 1.0340874195098877 24521
1751480951289 1.3543434143066406 24522
1751480952647 0.5964257121086121 24523
1751480953986 0.4993307888507843 24524
1751480955284 0.6724588871002197 24525
1751480956631 0.6954674124717712 24526
1751480958337 0.6356654167175293 24527
1751480959654 0.7729011178016663 24528
1751480961033 0.9195217490196228 24529
1751480962763 0.5280548334121704 24530
1751480964131 0.5303134918212891 24531
1751480965547 0.6573601365089417 24532
1751480967061 0.6133533716201782 24533
1751480968734 1.0938293933868408 24534
1751480970091 0.4061516523361206 24535
1751480971411 0.44227445125579834 24536
1751480972770 0.7728844881057739 24537
1751480974118 0.6407017111778259 24538
1751480975709 0.356562077999115 24539
1751480977051 1.1731059551239014 24540
1751480978415 0.5212188363075256 24541
1751480979755 0.6454815864562988 24542
1751480981346 0.6019746661186218 24543
1751480982692 0.7728144526481628 24544
1751480984032 0.8470869064331055 24545
1751480985645 0.5940713882446289 24546
1751480987049 0.3574540913105011 24547
1751480988366 1.1861727237701416 24548
1751480989739 0.9757857322692871 24549
1751480991127 0.8767427206039429 24550
1751480992706 0.9486325979232788 24551
1751480994103 0.8255798816680908 24552
1751480995417 0.7306506633758545 24553
1751480996815 0.7899723052978516 24554
1751480998427 0.7024086713790894 24555
1751480999802 1.8937828540802002 24556
1751481001093 0.6958498358726501 24557
1751481002465 0.27499276399612427 24558
1751481004070 0.24709688127040863 24559
1751481005520 1.0539884567260742 24560
1751481006900 0.6989465951919556 24561
1751481008252 0.7846895456314087 24562
1751481009877 0.7445212602615356 24563
1751481011181 0.5281786322593689 24564
1751481012484 0.9509419798851013 24565
1751481013851 0.27032458782196045 24566
1751481015434 0.4854142963886261 24567
1751481016682 1.1207802295684814 24568
1751481018091 1.8057479858398438 24569
1751481019499 0.8787358999252319 24570
1751481021059 0.5757887363433838 24571
1751481022467 0.6957980990409851 24572
1751481023764 0.6994707584381104 24573
1751481025079 0.6614285111427307 24574
1751481026808 0.6458868384361267 24575
1751481028050 0.6166914701461792 24576
1751481029413 0.7126704454421997 24577
1751481030883 0.4735018312931061 24578
1751481032498 0.9685119986534119 24579
1751481033867 0.9790058135986328 24580
1751481035210 1.0138286352157593 24581
1751481036604 0.9340691566467285 24582
1751481038244 0.9051032066345215 24583
1751481039564 1.4524352550506592 24584
1751481041040 1.1593515872955322 24585
1751481042357 0.5489745140075684 24586
1751481043914 1.4763330221176147 24587
1751481045221 0.5299044847488403 24588
1751481046566 0.8073542714118958 24589
1751481048265 0.9407557845115662 24590
1751481049656 0.6178064346313477 24591
1751481051092 0.34276294708251953 24592
1751481052471 0.5310317277908325 24593
1751481053939 0.8280807733535767 24594
1751481055557 0.7480170726776123 24595
1751481056854 0.07882919162511826 24596
1751481058242 0.6638436317443848 24597
1751481059620 0.9311622977256775 24598
1751481061218 1.3014417886734009 24599
1751481062667 0.5971813201904297 24600
1751481063968 0.7678060531616211 24601
1751481065636 0.8175300359725952 24602
1751481066970 0.9127687811851501 24603
1751481068277 0.9309783577919006 24604
1751481069603 0.6644787788391113 24605
1751481071059 0.7272483110427856 24606
1751481072629 0.4712594449520111 24607
1751481074046 0.48791277408599854 24608
1751481075362 0.6067054867744446 24609
1751481076796 0.6621096134185791 24610
1751481078340 0.8090447783470154 24611
1751481079711 0.710789144039154 24612
1751481081078 0.3958210051059723 24613
1751481082655 0.2276279181241989 24614
1751481084077 0.9122457504272461 24615
1751481085436 0.5365199446678162 24616
1751481086783 1.4025460481643677 24617
1751481088407 0.7573808431625366 24618
1751481089717 0.5191808938980103 24619
1751481091016 2.045165777206421 24620
1751481092433 0.5868907570838928 24621
1751481093908 0.6948926448822021 24622
1751481095612 0.7066722512245178 24623
1751481097041 0.8170954585075378 24624
1751481098451 0.22146205604076385 24625
1751481100201 1.0184565782546997 24626
1751481101567 0.6668206453323364 24627
1751481102929 0.22023801505565643 24628
1751481104287 0.4897724688053131 24629
1751481105811 0.5556638240814209 24630
1751481107298 0.016535351052880287 24631
1751481108672 0.8781916499137878 24632
1751481110046 1.3103649616241455 24633
1751481111760 0.6489201784133911 24634
1751481113225 0.811762273311615 24635
1751481114510 0.5524765253067017 24636
1751481116008 0.6969892382621765 24637
1751481117487 0.5816082954406738 24638
1751481119122 0.8799926042556763 24639
1751481120453 0.5693233609199524 24640
1751481121805 0.7429736256599426 24641
1751481123123 0.9990338683128357 24642
1751481124765 0.07866623997688293 24643
1751481126258 1.1713663339614868 24644
1751481127681 0.8551992177963257 24645
1751481129036 0.727952778339386 24646
1751481130669 0.6453437209129333 24647
1751481132096 0.9845890402793884 24648
1751481133613 0.6370096206665039 24649
1751481135070 0.9869802594184875 24650
1751481136806 0.7207124829292297 24651
1751481138223 0.08089039474725723 24652
1751481139546 1.0019557476043701 24653
1751481140946 0.8276033401489258 24654
1751481142523 1.0451228618621826 24655
1751481143902 0.12177581340074539 24656
1751481145212 0.655941367149353 24657
1751481146825 1.4064302444458008 24658
1751481148128 1.4422075748443604 24659
1751481149520 0.7025736570358276 24660
1751481150990 0.557989239692688 24661
1751481152586 0.49589288234710693 24662
1751481154091 0.5544398427009583 24663
1751481155438 0.6895127296447754 24664
1751481156716 0.7630971670150757 24665
1751481158074 0.8039219379425049 24666
1751481159699 0.9438971281051636 24667
1751481161053 0.5907034277915955 24668
1751481162445 0.7360605001449585 24669
1751481163786 1.2353007793426514 24670
1751481165398 0.8031308054924011 24671
1751481166785 1.0392372608184814 24672
1751481168156 0.40376800298690796 24673
1751481169553 0.5932776927947998 24674
1751481171279 0.5487357974052429 24675
1751481172617 0.7490903735160828 24676
1751481174007 0.448210746049881 24677
1751481175353 0.5236877799034119 24678
1751481176950 0.6661880016326904 24679
1751481178358 0.8345308899879456 24680
1751481179733 0.5770443677902222 24681
1751481181043 0.4669159948825836 24682
1751481182658 0.9358190894126892 24683
1751481183966 0.7918490767478943 24684
1751481185204 1.3041746616363525 24685
1751481186556 0.6792852878570557 24686
1751481188239 0.6847648024559021 24687
1751481189656 0.8728484511375427 24688
1751481191072 0.48377692699432373 24689
1751481192395 0.6482464075088501 24690
1751481193952 0.7771869897842407 24691
1751481195268 0.961942195892334 24692
1751481196641 0.9341140389442444 24693
1751481197954 0.08832595497369766 24694
1751481199503 0.6470691561698914 24695
1751481200867 0.4654804766178131 24696
1751481202243 1.0526446104049683 24697
1751481203546 1.378751516342163 24698
1751481205100 0.9059341549873352 24699
1751481206471 0.6429807543754578 24700
1751481207886 0.6132485270500183 24701
1751481209211 0.9544075131416321 24702
1751481210920 0.9215520620346069 24703
1751481212356 0.5770226716995239 24704
1751481213737 0.5911024808883667 24705
1751481215037 1.9489212036132812 24706
1751481216658 0.9711956977844238 24707
1751481218053 0.630765438079834 24708
1751481219359 0.9425233602523804 24709
1751481220674 0.01447057444602251 24710
1751481222281 1.2972800731658936 24711
1751481223813 0.8449437618255615 24712
1751481225174 0.3191411793231964 24713
1751481226504 0.6252310276031494 24714
1751481228147 0.7179148197174072 24715
1751481229467 0.7813771963119507 24716
1751481230778 1.1698112487792969 24717
1751481232158 0.46800941228866577 24718
1751481233811 0.7135932445526123 24719
1751481235255 1.0085203647613525 24720
1751481236638 0.8834065198898315 24721
1751481237939 0.4832793176174164 24722
1751481239631 1.0280933380126953 24723
1751481240970 0.5327835083007812 24724
1751481242314 1.0825440883636475 24725
1751481243689 1.12152099609375 24726
1751481245364 0.5257295370101929 24727
1751481246697 0.9872255325317383 24728
1751481248128 0.06718936562538147 24729
1751481249482 0.9144988656044006 24730
1751481251093 0.9036875367164612 24731
1751481252592 0.5566868782043457 24732
1751481254037 0.8160400390625 24733
1751481255452 0.5216048955917358 24734
1751481257204 0.6518676280975342 24735
1751481258548 0.7450145483016968 24736
1751481259893 0.6186561584472656 24737
1751481261216 0.8350412249565125 24738
1751481262822 0.5992377996444702 24739
1751481264127 0.8938145637512207 24740
1751481265499 1.0131781101226807 24741
1751481266968 0.4792904853820801 24742
1751481268596 0.7858134508132935 24743
1751481269934 0.40216290950775146 24744
1751481271407 0.5138868093490601 24745
1751481272956 0.6475692987442017 24746
1751481274576 1.7197911739349365 24747
