1751219975536 1.306740164756775 1
1751220079802 0.8639130592346191 2
1751220080788 1.1074799299240112 3
1751220081783 0.4067070484161377 4
1751220082745 1.0561124086380005 5
1751220083726 1.3655756711959839 6
1751220084737 1.6643320322036743 7
1751220085607 1.1617249250411987 8
1751220086625 1.9042590856552124 9
1751220087468 1.8331854343414307 10
1751220088463 0.768572986125946 11
1751220089460 0.9767677187919617 12
1751220090330 1.8984893560409546 13
1751220091341 1.1121416091918945 14
1751220092316 1.0061769485473633 15
1751220093480 0.7760535478591919 16
1751220094762 0.818839967250824 17
1751220095768 1.3658857345581055 18
1751220096794 1.0103521347045898 19
1751220097759 1.6777385473251343 20
1751220100686 0.9540489315986633 21
1751220101851 0.665302574634552 22
1751220102843 0.9671169519424438 23
1751220103863 0.9917556643486023 24
1751220104857 0.46648669242858887 25
1751220105879 0.7166315317153931 26
1751220106942 0.9184622168540955 27
1751220110803 0.8044101595878601 28
1751220111789 1.223673701286316 29
1751220112785 1.271392583847046 30
1751220113765 0.9622045755386353 31
1751220114751 0.6951066851615906 32
1751220116226 1.868355393409729 33
1751220119201 0.8845009207725525 34
1751220120208 1.2430616617202759 35
1751220121209 1.136063575744629 36
1751220122241 1.139220952987671 37
1751220124294 0.7929815649986267 38
1751220125275 0.9844518899917603 39
1751220126245 0.9873433709144592 40
1751220127544 0.8961038589477539 41
1751220128446 1.588011622428894 42
1751220129474 0.9353315234184265 43
1751220130496 1.2032489776611328 44
1751220131410 0.17132461071014404 45
1751220132407 0.9481943249702454 46
1751220133386 1.0038197040557861 47
1751220134384 0.8753759264945984 48
1751220135386 0.5464369654655457 49
1751220136440 1.2934142351150513 50
1751220137439 1.0236756801605225 51
1751220138426 0.7632943391799927 52
1751220139403 0.7278251051902771 53
1751220140387 0.8517099618911743 54
1751220141380 0.6510403752326965 55
1751220142376 0.6768516898155212 56
1751220143415 1.2331055402755737 57
1751220144408 0.7191491723060608 58
1751220145399 1.286903977394104 59
1751220146383 0.761809229850769 60
1751220147364 1.0515743494033813 61
1751220148376 0.841589093208313 62
1751220149372 1.1796619892120361 63
1751220150372 1.4245359897613525 64
1751220151414 1.3088693618774414 65
1751220152459 1.058493971824646 66
1751220153517 1.1376127004623413 67
1751220154383 1.8441616296768188 68
1751220155364 0.7696550488471985 69
1751220156336 1.3271559476852417 70
1751220157322 0.8220919370651245 71
1751220158309 1.71823251247406 72
1751220159322 0.4462435245513916 73
1751220160289 0.8638783693313599 74
1751220161274 1.6135562658309937 75
1751220162386 0.8656082153320312 76
1751220163380 0.7793565988540649 77
1751220164359 1.6964021921157837 78
1751220165348 1.0926249027252197 79
1751220166327 0.8814879059791565 80
1751220167338 1.096980094909668 81
1751220168317 1.6155495643615723 82
1751220169332 0.7133925557136536 83
1751220170340 1.0186091661453247 84
1751220171341 0.8562834858894348 85
1751220172394 0.8325733542442322 86
1751220173406 1.1818989515304565 87
1751220174403 0.9083720445632935 88
1751220175259 1.667650580406189 89
1751220176144 0.6503598690032959 90
1751220177313 1.0540771484375 91
1751220178432 0.6274572610855103 92
1751220179420 1.408545732498169 93
1751220180411 0.7302975058555603 94
1751220181251 3.0514516830444336 95
1751220182252 1.1355634927749634 96
1751220186809 0.7807547450065613 97
1751220187790 0.5187930464744568 98
1751220188768 1.676144003868103 99
1751220189766 1.381730079650879 100
1751220190672 0.9631273150444031 101
1751220191856 1.0792802572250366 102
1751220195936 0.8230258822441101 103
1751220196917 0.7622886300086975 104
1751220197891 1.248128056526184 105
1751220198885 1.1065998077392578 106
1751220199891 0.6231942772865295 107
1751220200910 0.22143222391605377 108
1751220204918 1.107676386833191 109
1751220205899 1.7680835723876953 110
1751220206908 1.6320823431015015 111
1751220207903 0.8544511795043945 112
1751220210062 1.0963573455810547 113
1751220211025 0.8963441848754883 114
1751220213004 0.6430355906486511 115
1751220214008 1.1558837890625 116
1751220215001 1.5207306146621704 117
1751220216030 1.1648095846176147 118
1751220217016 1.1914297342300415 119
1751220218040 1.0951083898544312 120
1751220219027 1.3513864278793335 121
1751220220068 2.3444082736968994 122
1751220221081 0.9896165728569031 123
1751220222172 0.9487800598144531 124
1751220223026 1.1002798080444336 125
1751220223983 1.1318672895431519 126
1751220224845 1.1300760507583618 127
1751220225810 1.7113537788391113 128
1751220226851 0.7267169952392578 129
1751220227848 0.7566138505935669 130
1751220228874 1.0874079465866089 131
1751220229738 2.4659881591796875 132
1751220230728 2.2241649627685547 133
1751220231712 1.0052212476730347 134
1751220232568 1.6661691665649414 135
1751220233578 0.9074272513389587 136
1751220234473 1.652042269706726 137
1751220235452 0.9804800152778625 138
1751220236471 1.0378353595733643 139
1751220237512 1.525671362876892 140
1751220238523 0.9056520462036133 141
1751220239508 0.7914752960205078 142
1751220240513 0.3314487636089325 143
1751220241486 0.6295108795166016 144
1751220242456 1.2276020050048828 145
1751220243444 0.6893055438995361 146
1751220244433 1.1438697576522827 147
1751220245417 1.0130970478057861 148
1751220246404 2.706404447555542 149
1751220247417 0.5001096129417419 150
1751220248405 1.2198362350463867 151
1751220249377 0.8907310366630554 152
1751220250381 0.9901633262634277 153
1751220251356 0.7499033212661743 154
1751220252380 1.0021241903305054 155
1751220253388 1.1747236251831055 156
1751220254363 0.6847819089889526 157
1751220255380 0.6997227072715759 158
1751220256412 0.5269727110862732 159
1751220257451 0.8511226773262024 160
1751220258273 1.9745019674301147 161
1751220259256 1.067827582359314 162
1751220260330 1.3278381824493408 163
1751220261507 0.7111903429031372 164
1751220262539 1.4233176708221436 165
1751220263405 0.9386692047119141 166
1751220264492 0.6425483822822571 167
1751220265580 0.9429933428764343 168
1751220266584 0.8301979899406433 169
1751220267599 0.6706194281578064 170
1751220268598 0.8296234011650085 171
1751220269585 1.053896188735962 172
1751220270546 1.3943977355957031 173
1751220271507 0.9880952835083008 174
1751220272518 1.6876596212387085 175
1751220273502 1.3323837518692017 176
1751220274335 0.1897251456975937 177
1751220275400 1.0628923177719116 178
1751220276379 0.7965847253799438 179
1751220277372 1.4336546659469604 180
1751220278373 1.1106886863708496 181
1751220279431 1.3126716613769531 182
1751220280430 0.5273386240005493 183
1751220281355 0.41086822748184204 184
1751220282371 1.0883054733276367 185
1751220283357 0.8145085573196411 186
1751220284504 0.9334795475006104 187
1751220285537 1.1431621313095093 188
1751220286546 1.3318833112716675 189
1751220287530 0.7570626735687256 190
1751220288520 0.8107658624649048 191
1751220289516 2.999528646469116 192
1751220290518 0.9171170592308044 193
1751220291619 1.0152937173843384 194
1751220292851 0.8674251437187195 195
1751220293831 1.958018183708191 196
1751220294817 1.284200668334961 197
1751220295688 1.7993303537368774 198
1751220296804 0.7119722366333008 199
1751220297938 1.696371078491211 200
1751220298905 0.12855038046836853 201
1751220299899 1.8350261449813843 202
1751220300884 0.6448925733566284 203
1751220301855 0.2723110616207123 204
1751220302890 0.9337744116783142 205
1751220303859 0.6224324703216553 206
1751220304851 0.9379119873046875 207
1751220305704 0.9104300737380981 208
1751220306708 0.8369534611701965 209
1751220307697 1.385410189628601 210
1751220308666 1.5819638967514038 211
1751220309659 0.7084302306175232 212
1751220310668 0.7190736532211304 213
1751220311672 1.0253899097442627 214
1751220312677 1.0662486553192139 215
1751220313718 1.3813809156417847 216
1751220314674 1.2187862396240234 217
1751220315671 1.7549858093261719 218
1751220316652 0.9934978485107422 219
1751220317681 1.1459722518920898 220
1751220318655 0.9218364953994751 221
1751220319665 0.9249535799026489 222
1751220320660 1.5539251565933228 223
1751220321632 1.0007771253585815 224
1751220322454 1.1240190267562866 225
1751220323441 0.8370899558067322 226
1751220324448 0.6793212890625 227
1751220325455 0.6555199027061462 228
1751220326459 0.6939439177513123 229
1751220327481 1.3146030902862549 230
1751220328317 1.0608519315719604 231
1751220329319 1.2653013467788696 232
1751220330302 0.36996155977249146 233
1751220331277 1.3242233991622925 234
1751220332284 2.9167420864105225 235
1751220333269 1.0856517553329468 236
1751220334235 0.6444489359855652 237
1751220335221 0.9933984875679016 238
1751220336206 0.819672703742981 239
1751220337191 0.8171207308769226 240
1751220338183 1.0092538595199585 241
1751220339199 0.7693142294883728 242
1751220340185 0.9889416098594666 243
1751220341153 0.9782800674438477 244
1751220342113 1.1149839162826538 245
1751220343117 1.1436073780059814 246
1751220344126 0.917778491973877 247
1751220345120 0.8533430099487305 248
1751220346123 1.2332050800323486 249
1751220347098 0.9436885118484497 250
1751220348145 1.0323593616485596 251
1751220349142 1.331926941871643 252
1751220349987 2.464401960372925 253
1751220350982 1.5553383827209473 254
1751220351965 1.8965100049972534 255
1751220352957 0.9021139144897461 256
1751220353849 1.0446888208389282 257
1751220354859 1.2748351097106934 258
1751220355835 0.5146070718765259 259
1751220356879 1.0755589008331299 260
1751220357917 1.580278754234314 261
1751220358944 1.2290948629379272 262
1751220359914 1.1639761924743652 263
1751220360943 1.1061633825302124 264
1751220361940 0.6106335520744324 265
1751220362958 1.0547853708267212 266
1751220363962 0.6600221991539001 267
1751220364917 1.440414309501648 268
1751220365881 1.454576015472412 269
1751220366719 0.8583800792694092 270
1751220367709 0.8717601895332336 271
1751220368700 0.956904411315918 272
1751220369656 1.2523704767227173 273
1751220370659 0.6297687888145447 274
1751220371650 0.6240596175193787 275
1751220372650 1.4426320791244507 276
1751220373643 0.7313897609710693 277
1751220374664 0.8708068132400513 278
1751220375854 1.0855432748794556 279
1751220376852 0.9114875793457031 280
1751220377838 1.0699557065963745 281
1751220378832 0.8680346608161926 282
1751220379829 0.7767816781997681 283
1751220380806 0.9282047152519226 284
1751220381809 1.213781714439392 285
1751220382817 1.016764760017395 286
1751220383821 0.9688777923583984 287
1751220384705 1.6359952688217163 288
1751220385689 1.4046295881271362 289
1751220386719 1.32901132106781 290
1751220387597 1.0349491834640503 291
1751220388573 0.9910200238227844 292
1751220389596 1.36430823802948 293
1751220390585 0.9158056378364563 294
1751220391577 1.5857036113739014 295
1751220392564 0.2942413091659546 296
1751220393550 0.7850854992866516 297
1751220394454 1.1058458089828491 298
1751220395342 1.0006030797958374 299
1751220396319 1.4436453580856323 300
1751220397332 1.2378761768341064 301
1751220398301 1.0601783990859985 302
1751220399310 0.391447514295578 303
1751220400321 1.1231739521026611 304
1751220401308 0.9261075854301453 305
1751220402348 0.957179844379425 306
1751220403342 0.8993622064590454 307
1751220404323 1.1164425611495972 308
1751220405341 0.8269258737564087 309
1751220406351 1.1918995380401611 310
1751220407380 0.6936032176017761 311
1751220408402 1.0825763940811157 312
1751220409442 1.4598814249038696 313
1751220410490 0.8013454675674438 314
1751220411471 1.8625223636627197 315
1751220412493 0.8456465005874634 316
1751220413497 0.6548792719841003 317
1751220414500 1.858660101890564 318
1751220415470 1.4896063804626465 319
1751220416466 0.9095436334609985 320
1751220417449 1.0005601644515991 321
1751220418442 1.3355976343154907 322
1751220419433 1.12272310256958 323
1751220420443 0.6695272922515869 324
1751220421302 1.758008599281311 325
1751220422320 1.318730354309082 326
1751220423340 1.7689522504806519 327
1751220424326 0.7091313004493713 328
1751220425291 1.2221163511276245 329
1751220426261 0.020512640476226807 330
1751220427269 0.7375547289848328 331
1751220428321 0.5551183819770813 332
1751220429292 0.7978372573852539 333
1751220430299 0.795750617980957 334
1751220431271 1.6240662336349487 335
1751220432279 0.8181005716323853 336
1751220433291 1.1233088970184326 337
1751220434272 1.1427829265594482 338
1751220435283 1.0860261917114258 339
1751220436316 0.1800563484430313 340
1751220437291 1.0678108930587769 341
1751220438318 1.6295057535171509 342
1751220439236 0.9659150242805481 343
1751220440255 0.6562359929084778 344
1751220441288 1.0186071395874023 345
1751220442279 1.5673631429672241 346
1751220443270 0.9734206199645996 347
1751220444298 0.6565576791763306 348
1751220445298 0.93878573179245 349
1751220446282 0.8188419342041016 350
1751220447267 1.3100355863571167 351
1751220448228 0.8233873248100281 352
1751220449213 1.1659640073776245 353
1751220450200 0.7347974181175232 354
1751220451183 1.317415475845337 355
1751220452159 0.9401020407676697 356
1751220453147 1.052490234375 357
1751220454121 0.8413091897964478 358
1751220455081 1.02056086063385 359
1751220456069 0.9366280436515808 360
1751220457045 1.5404696464538574 361
1751220458057 0.8903676867485046 362
1751220459044 0.7936285138130188 363
1751220460033 0.9296299815177917 364
1751220461048 1.540065050125122 365
1751220462034 1.015279769897461 366
1751220463100 1.040617823600769 367
1751220464079 0.9646536111831665 368
1751220464956 1.277321457862854 369
1751220465960 0.9112966656684875 370
1751220466956 1.5565125942230225 371
1751220467966 1.2944567203521729 372
1751220468966 1.4030280113220215 373
1751220469964 1.209288239479065 374
1751220471009 1.238946795463562 375
1751220471882 1.0764673948287964 376
1751220472915 0.8066655397415161 377
1751220473932 1.0774868726730347 378
1751220474933 0.5209903717041016 379
1751220475934 1.1581844091415405 380
1751220476929 1.1963061094284058 381
1751220477920 0.9146206378936768 382
1751220478952 1.1548603773117065 383
1751220479927 0.6922296285629272 384
1751220480939 0.5933100581169128 385
1751220481940 0.8702878355979919 386
1751220482910 1.3429385423660278 387
1751220483902 0.8372880816459656 388
1751220484948 1.9282073974609375 389
1751220485953 1.441049575805664 390
1751220486957 1.319535493850708 391
1751220487944 1.2158796787261963 392
1751220489031 0.656693160533905 393
1751220490015 1.1415783166885376 394
1751220490897 1.1321638822555542 395
1751220491940 1.035833477973938 396
1751220492930 1.1527633666992188 397
1751220493914 0.9670506715774536 398
1751220494915 1.2848824262619019 399
1751220495899 0.83707195520401 400
1751220496893 2.938173294067383 401
1751220497890 0.6133782267570496 402
1751220498872 1.1100800037384033 403
1751220499908 1.269008994102478 404
1751220500905 1.1002899408340454 405
1751220501908 0.8379711508750916 406
1751220502761 1.017293930053711 407
1751220503773 0.9449440836906433 408
1751220504783 1.4135619401931763 409
1751220505778 1.399254322052002 410
1751220506748 0.8612508773803711 411
1751220507749 0.9134035110473633 412
1751220508732 0.905861496925354 413
1751220509717 1.676684021949768 414
1751220510753 0.7392985224723816 415
1751220511617 2.749410390853882 416
1751220512658 0.8960237503051758 417
1751220513651 0.9035177230834961 418
1751220514657 0.6918528079986572 419
1751220515496 1.291033148765564 420
1751220516478 0.8245161175727844 421
1751220517450 0.9233338236808777 422
1751220518449 1.099098801612854 423
1751220519462 1.0764265060424805 424
1751220520472 0.28438472747802734 425
1751220521487 1.1744606494903564 426
1751220522517 0.7766849398612976 427
1751220523353 1.138562798500061 428
1751220524361 1.1928318738937378 429
1751220525357 0.27831462025642395 430
1751220526353 1.2332918643951416 431
1751220527355 1.167167067527771 432
1751220528345 0.7777458429336548 433
1751220529340 0.7984153032302856 434
1751220530333 0.6085174679756165 435
1751220531167 2.2433388233184814 436
1751220532188 1.1282364130020142 437
1751220533203 1.000307321548462 438
1751220534205 0.02491583488881588 439
1751220535192 1.9204925298690796 440
1751220536169 0.6921241879463196 441
1751220537233 1.2556244134902954 442
1751220538223 1.4883941411972046 443
1751220539222 0.5571203827857971 444
1751220540200 0.988402783870697 445
1751220541205 1.5548774003982544 446
1751220542196 0.655337393283844 447
1751220543171 0.7308685183525085 448
1751220544166 1.7323153018951416 449
1751220545124 1.035786509513855 450
1751220546138 1.1847463846206665 451
1751220547145 0.9407224059104919 452
1751220548160 0.7871754169464111 453
1751220549154 1.0145905017852783 454
1751220550134 0.7637145519256592 455
1751220551114 1.3583972454071045 456
1751220552094 0.38533759117126465 457
1751220553137 0.728404700756073 458
1751220554171 1.0326218605041504 459
1751220555177 1.479103922843933 460
1751220556033 0.28745415806770325 461
1751220557017 1.134036660194397 462
1751220558020 0.6529278755187988 463
1751220558987 0.8374776244163513 464
1751220560015 1.6501606702804565 465
1751220561022 0.6891762018203735 466
1751220561999 1.3576668500900269 467
1751220562986 1.4046095609664917 468
1751220563993 1.0113508701324463 469
1751220564838 0.9774570465087891 470
1751220565825 0.9405043721199036 471
1751220566800 0.8154616355895996 472
1751220567848 0.7605958580970764 473
1751220568834 1.272321105003357 474
1751220569806 1.045478105545044 475
1751220570817 0.9488915801048279 476
1751220571814 0.8942834734916687 477
1751220572805 1.2692521810531616 478
1751220573784 0.7868295907974243 479
1751220574786 0.6076225638389587 480
1751220575783 0.6123021841049194 481
1751220576695 1.5000313520431519 482
1751220577703 1.173776626586914 483
1751220578738 0.8948610424995422 484
1751220579781 0.7067860960960388 485
1751220580772 0.7999470829963684 486
1751220581778 1.4416946172714233 487
1751220582782 1.2380449771881104 488
1751220583797 1.0439475774765015 489
1751220584776 1.047048807144165 490
1751220585798 1.4856128692626953 491
1751220586848 0.7248402833938599 492
1751220587900 0.7881319522857666 493
1751220588791 1.4901727437973022 494
1751220589787 0.7792804837226868 495
1751220590848 0.9274176955223083 496
1751220591822 0.6702394485473633 497
1751220592796 1.1986538171768188 498
1751220593785 1.466130018234253 499
1751220594789 1.080099105834961 500
1751220595819 0.7999377250671387 501
1751220596689 2.174467086791992 502
1751220597658 0.6674980521202087 503
1751220598711 0.9186426997184753 504
1751220599569 1.5968393087387085 505
1751220600560 1.360120177268982 506
1751220601549 0.9723812341690063 507
1751220602564 1.271474838256836 508
1751220603388 1.0451319217681885 509
1751220604442 1.2583016157150269 510
1751220605500 1.1339696645736694 511
1751220606508 1.3059090375900269 512
1751220607628 0.8434252142906189 513
1751220608640 0.6056338548660278 514
1751220609633 0.6692160964012146 515
1751220610649 0.6014612913131714 516
1751220611653 1.1974257230758667 517
1751220612513 1.4466884136199951 518
1751220613405 1.9469250440597534 519
1751220614399 0.8132750391960144 520
1751220615449 1.3421798944473267 521
1751220616515 0.8013461232185364 522
1751220617531 0.7527658939361572 523
1751220618578 0.5226728320121765 524
1751220619620 1.2378089427947998 525
1751220620657 0.7834686040878296 526
1751220621640 1.0818891525268555 527
1751220622656 1.0351026058197021 528
1751220623547 1.2309340238571167 529
1751220624577 0.5506700873374939 530
1751220625604 0.9311888813972473 531
1751220626608 0.7435027956962585 532
1751220627626 1.0016759634017944 533
1751220628722 1.0453405380249023 534
1751220629709 0.9055109024047852 535
1751220630694 1.1275981664657593 536
1751220631699 0.7546035051345825 537
1751220632758 0.8214082717895508 538
1751220633849 0.7654784321784973 539
1751220634881 1.0741666555404663 540
1751220635912 0.8414359092712402 541
1751220636940 0.7237955927848816 542
1751220637971 1.0207880735397339 543
1751220638934 1.6032625436782837 544
1751220640067 0.9796615839004517 545
1751220641074 0.7574764490127563 546
1751220642145 1.0656839609146118 547
1751220643238 1.0238943099975586 548
1751220644290 0.8366721272468567 549
1751220645187 3.228426456451416 550
1751220646235 0.877781867980957 551
1751220647296 0.9842348098754883 552
1751220648331 0.7220115065574646 553
1751220649372 0.9692782759666443 554
1751220650389 1.1062506437301636 555
1751220651405 0.7579062581062317 556
1751220652487 1.210142970085144 557
1751220653586 1.4595187902450562 558
1751220654643 0.640775203704834 559
1751220655653 1.2963489294052124 560
1751220656751 1.0468864440917969 561
1751220657813 0.7845816612243652 562
1751220658892 1.5928817987442017 563
1751220660056 1.140464425086975 564
1751220661058 0.9501156210899353 565
1751220662234 1.1983444690704346 566
1751220663330 0.512423574924469 567
1751220664447 0.9812698364257812 568
1751220665598 1.1513354778289795 569
1751220666680 1.148297667503357 570
1751220667686 0.7263375520706177 571
1751220668781 1.0501422882080078 572
1751220669807 1.3581228256225586 573
1751220670825 0.5517960786819458 574
1751220671801 1.0254278182983398 575
1751220672798 1.2825136184692383 576
1751220673832 0.8584976196289062 577
1751220674844 0.6895384192466736 578
1751220675961 0.9464086890220642 579
1751220676994 1.4492520093917847 580
1751220678171 0.5273817777633667 581
1751220679211 1.2366174459457397 582
1751220680260 2.007960081100464 583
1751220681191 1.345855712890625 584
1751220682295 0.31920960545539856 585
1751220683344 0.7546669840812683 586
1751220684449 1.0359457731246948 587
1751220685500 0.845706045627594 588
1751220686614 1.1123850345611572 589
1751220687564 1.100230097770691 590
1751220688649 1.8400338888168335 591
1751220689740 1.185307502746582 592
1751220690779 0.9158784747123718 593
1751220691878 0.8814331889152527 594
1751220692942 0.416657954454422 595
1751220694034 1.4132153987884521 596
1751220695160 0.5846327543258667 597
1751220696243 0.9357418417930603 598
1751220697163 1.2445639371871948 599
1751220698247 0.788453221321106 600
1751220699140 1.5969741344451904 601
1751220700207 0.6295577883720398 602
1751220701243 1.1348470449447632 603
1751220702278 1.2206943035125732 604
1751220703350 0.8112968802452087 605
1751220704407 1.0591504573822021 606
1751220705425 0.8860644698143005 607
1751220706440 1.055737853050232 608
1751220707322 3.089026927947998 609
1751220708399 0.9955744743347168 610
1751220709468 1.4305108785629272 611
1751220710518 1.6703563928604126 612
1751220711583 1.1356662511825562 613
1751220712697 0.954006016254425 614
1751220713767 1.1775007247924805 615
1751220714825 0.6417794823646545 616
1751220715925 1.8608978986740112 617
1751220717341 0.8052403330802917 618
1751220718401 1.3159615993499756 619
1751220719457 0.7335126996040344 620
1751220720553 0.6623383164405823 621
1751220721596 0.6647245287895203 622
1751220722694 0.7080230712890625 623
1751220723754 0.5463886260986328 624
1751220724894 1.4805431365966797 625
1751220725942 1.0975016355514526 626
1751220727035 1.3560400009155273 627
1751220728157 0.8783522844314575 628
1751220729247 0.6473192572593689 629
1751220730305 1.8243519067764282 630
1751220731361 4.705238342285156 631
1751220732413 0.8738449215888977 632
1751220733502 0.9289862513542175 633
1751220734514 0.582307755947113 634
1751220735540 1.274204134941101 635
1751220736591 0.8826534152030945 636
1751220737638 0.8708375096321106 637
1751220738666 1.986627221107483 638
1751220739749 0.6820632815361023 639
1751220740792 0.9959871172904968 640
1751220741877 1.0136215686798096 641
1751220742929 0.02117893472313881 642
1751220744094 0.8321788907051086 643
1751220745218 0.796592116355896 644
1751220746274 0.7995659708976746 645
1751220747355 0.5934814810752869 646
1751220748372 0.9349010586738586 647
1751220749431 1.439987301826477 648
1751220750486 0.9808021783828735 649
1751220751579 0.9777469635009766 650
1751220752642 1.3699396848678589 651
1751220753549 1.103875756263733 652
1751220754603 0.666203498840332 653
1751220755659 1.5169042348861694 654
1751220756752 0.823414146900177 655
1751220757831 0.4382034242153168 656
1751220758724 1.5366424322128296 657
1751220759822 1.3591111898422241 658
1751220760762 1.7233734130859375 659
1751220761775 1.6089423894882202 660
1751220762796 0.4665234684944153 661
1751220763863 1.1222018003463745 662
1751220764900 1.0233566761016846 663
1751220765925 0.9790357947349548 664
1751220766964 0.9634203314781189 665
1751220767990 1.4031612873077393 666
1751220768994 0.5706378817558289 667
1751220770023 0.932751476764679 668
1751220771074 0.8079414367675781 669
1751220772057 0.8610513806343079 670
1751220773141 0.6146624684333801 671
1751220774169 0.7492879033088684 672
1751220775187 0.9945716857910156 673
1751220776190 0.8698692321777344 674
1751220777239 0.8632792830467224 675
1751220778279 1.0030702352523804 676
1751220779308 0.7446601986885071 677
1751220780330 0.9989730715751648 678
1751220781369 1.1252110004425049 679
1751220782394 1.3748242855072021 680
1751220783427 0.8066073656082153 681
1751220784479 0.6755095720291138 682
1751220785556 0.9661798477172852 683
1751220786453 1.125645637512207 684
1751220787339 1.900530219078064 685
1751220788343 0.8777942657470703 686
1751220789399 1.1727321147918701 687
1751220790517 1.2253601551055908 688
1751220791641 1.1305367946624756 689
1751220792731 1.1300355195999146 690
1751220793800 0.827419102191925 691
1751220794847 1.0475552082061768 692
1751220795912 1.6120414733886719 693
1751220796997 1.1427406072616577 694
1751220798516 0.8321539163589478 695
1751220799619 1.0958064794540405 696
1751220800677 1.5996891260147095 697
1751220801777 0.539014458656311 698
1751220802810 0.9097488522529602 699
1751220803891 0.8851551413536072 700
1751220805065 1.1300890445709229 701
1751220806092 1.4336942434310913 702
1751220808831 1.2177562713623047 703
1751220810117 0.024429630488157272 704
1751220811137 1.2543836832046509 705
1751220812181 0.671217679977417 706
1751220813261 0.9033233523368835 707
1751220814255 0.9273538589477539 708
1751220815244 1.1663013696670532 709
1751220819001 0.7058126330375671 710
1751220820081 1.0321979522705078 711
1751220821086 0.9700625538825989 712
1751220822136 1.0192517042160034 713
1751220823151 0.7300943732261658 714
1751220824129 1.1936521530151367 715
1751220827130 1.3539024591445923 716
1751220828248 1.5394935607910156 717
1751220829264 0.9607093930244446 718
1751220830314 0.7379645705223083 719
1751220832778 1.1383790969848633 720
1751220833707 1.588752031326294 721
1751220834935 1.178526759147644 722
1751220836704 1.3514903783798218 723
1751220837797 1.4426710605621338 724
1751220838840 0.9237303137779236 725
1751220839889 1.1389535665512085 726
1751220840953 1.5957852602005005 727
1751220841968 1.2223228216171265 728
1751220842930 1.1159136295318604 729
1751220843969 0.5801251530647278 730
1751220845080 0.8128809928894043 731
1751220846095 0.7050539255142212 732
1751220847141 0.5828171372413635 733
1751220848139 1.0728346109390259 734
1751220849150 1.1955111026763916 735
1751220850180 0.7980093359947205 736
1751220851227 0.741306722164154 737
1751220852137 1.0145695209503174 738
1751220853170 0.6420268416404724 739
1751220854196 0.9931098818778992 740
1751220855221 1.022107481956482 741
1751220856293 0.9468948245048523 742
1751220857383 0.8705937266349792 743
1751220858414 0.7891851663589478 744
1751220859420 0.6766980290412903 745
1751220860441 1.009145975112915 746
1751220861513 0.8077666163444519 747
1751220862547 0.5548675060272217 748
1751220863602 1.1306408643722534 749
1751220864636 0.611075222492218 750
1751220865698 1.2577698230743408 751
1751220866788 0.5656279921531677 752
1751220867832 1.054856538772583 753
1751220868874 0.7334463596343994 754
1751220869919 0.9056298136711121 755
1751220870993 0.84092777967453 756
1751220872000 1.2636487483978271 757
1751220873051 1.3447710275650024 758
1751220874164 0.6073090434074402 759
1751220875250 0.790733277797699 760
1751220876293 0.269584059715271 761
1751220877354 0.5087921619415283 762
1751220878400 0.8630331158638 763
1751220879434 0.936053454875946 764
1751220880493 1.2213002443313599 765
1751220881545 1.0072063207626343 766
1751220882593 0.9054581522941589 767
1751220883603 0.07405974715948105 768
1751220884646 0.9733417630195618 769
1751220885702 0.8742579817771912 770
1751220886746 0.8240146040916443 771
1751220887774 0.6242405772209167 772
1751220888789 1.734613060951233 773
1751220889819 0.6374933123588562 774
1751220890889 1.1606937646865845 775
1751220891795 1.332329273223877 776
1751220892817 1.1753243207931519 777
1751220893871 0.841093897819519 778
1751220894903 0.7656101584434509 779
1751220895963 0.17322489619255066 780
1751220896983 0.15734966099262238 781
1751220898029 0.6322115659713745 782
1751220899085 1.6158288717269897 783
1751220900161 1.0763040781021118 784
1751220901189 2.0345914363861084 785
1751220902341 0.509495735168457 786
1751220903581 0.8049759268760681 787
1751220904655 0.5702088475227356 788
1751220905786 0.978076159954071 789
1751220906987 0.7059199213981628 790
1751220909503 0.8176676034927368 791
1751220910660 1.174048662185669 792
1751220911703 0.6751777529716492 793
1751220912787 1.5227816104888916 794
1751220913819 0.8510324358940125 795
1751220914866 1.158841609954834 796
1751220917937 0.3195168972015381 797
1751220919858 0.7343859076499939 798
1751220920946 1.2521451711654663 799
1751220921968 0.6370441317558289 800
1751220923015 0.6539313793182373 801
1751220924829 1.2361984252929688 802
1751220927693 0.9338414072990417 803
1751220928724 1.1007648706436157 804
1751220929785 1.5249651670455933 805
1751220932778 0.6526406407356262 806
1751220933806 0.9238991141319275 807
1751220934825 1.0620594024658203 808
1751220936507 0.8233534097671509 809
1751220937565 0.9532061815261841 810
1751220938552 1.585918664932251 811
1751220939545 0.7051043510437012 812
1751220940558 0.7531132698059082 813
1751220941559 0.718853771686554 814
1751220942577 0.7682840824127197 815
1751220943606 1.2142969369888306 816
1751220944636 0.7301570177078247 817
1751220945599 1.7714130878448486 818
1751220946610 0.83753901720047 819
1751220947625 0.5794731378555298 820
1751220948650 0.716650664806366 821
1751220949663 0.24136723577976227 822
1751220950727 0.8582901358604431 823
1751220951832 0.8386991620063782 824
1751220952903 1.1695679426193237 825
1751220953919 0.7178680300712585 826
1751220954796 1.2361129522323608 827
1751220955823 1.0435861349105835 828
1751220956857 0.6469432711601257 829
1751220957880 0.43545886874198914 830
1751220958976 1.163994312286377 831
1751220959991 0.9724411368370056 832
1751220961011 0.4980580508708954 833
1751220962068 0.8038637042045593 834
1751220963081 0.9175670742988586 835
1751220964097 1.2705423831939697 836
1751220965133 1.5843851566314697 837
1751220966176 0.8833817839622498 838
1751220967244 1.1880089044570923 839
1751220968302 0.9796562194824219 840
1751220969381 1.3638386726379395 841
1751220970408 0.9365807771682739 842
1751220971471 1.0354055166244507 843
1751220972519 0.6296184659004211 844
1751220973536 1.0163599252700806 845
1751220974567 1.1102051734924316 846
1751220975602 1.0071887969970703 847
1751220976706 0.6051203608512878 848
1751220977770 0.8341190218925476 849
1751220978802 0.920444667339325 850
1751220979833 2.2516567707061768 851
1751220980715 3.9191346168518066 852
1751220981581 1.0660009384155273 853
1751220982640 0.581925630569458 854
1751220983697 0.7538235187530518 855
1751220984787 1.0492420196533203 856
1751220985819 1.177337884902954 857
1751220986892 0.9423528909683228 858
1751220987817 1.2117449045181274 859
1751220988875 1.011978030204773 860
1751220989906 1.2623146772384644 861
1751220991001 0.9645221829414368 862
1751220992080 1.659165620803833 863
1751220993092 0.9187225699424744 864
1751220993984 1.3161152601242065 865
1751220995017 0.7253021597862244 866
1751220996018 0.8200967907905579 867
1751220997311 0.9138221740722656 868
1751220998383 0.6191031336784363 869
1751220999436 0.599807620048523 870
1751221000432 0.5906816720962524 871
1751221001462 0.857221782207489 872
1751221002510 0.6972213983535767 873
1751221003384 1.1260194778442383 874
1751221004388 1.8608299493789673 875
1751221005437 0.36877647042274475 876
1751221006477 0.7174233794212341 877
1751221007542 0.9184379577636719 878
1751221008581 1.119849443435669 879
1751221009603 0.9454952478408813 880
1751221010607 1.1946734189987183 881
1751221011668 1.078910231590271 882
1751221012550 0.13147437572479248 883
1751221013626 0.8846664428710938 884
1751221014645 1.0653167963027954 885
1751221015709 0.9700199365615845 886
1751221016708 1.1584910154342651 887
1751221017781 0.9401761293411255 888
1751221018917 0.762094259262085 889
1751221019970 0.1387748271226883 890
1751221020986 0.8971711993217468 891
1751221022079 0.6308188438415527 892
1751221023143 0.5600450038909912 893
1751221024153 1.122310996055603 894
1751221025158 0.735247790813446 895
1751221026166 0.7249438762664795 896
1751221027180 0.48473405838012695 897
1751221028183 0.8932796716690063 898
1751221029208 0.8540310263633728 899
1751221030258 0.24564535915851593 900
1751221031347 0.8835697174072266 901
1751221032353 1.0193647146224976 902
1751221033386 0.8147799372673035 903
1751221034394 1.2424458265304565 904
1751221035438 0.6528052687644958 905
1751221036461 1.6958389282226562 906
1751221037467 1.2884464263916016 907
1751221038480 1.7199634313583374 908
1751221039369 0.5261081457138062 909
1751221040482 0.702181875705719 910
1751221041512 0.7195762395858765 911
1751221042551 0.8889437913894653 912
1751221043586 2.740126609802246 913
1751221044604 1.1993238925933838 914
1751221045620 1.0026867389678955 915
1751221046628 0.8577890396118164 916
1751221047694 0.7826998233795166 917
1751221048684 0.9043548703193665 918
1751221049714 0.7544913291931152 919
1751221050761 1.0164464712142944 920
1751221051778 0.7269922494888306 921
1751221052775 1.2900656461715698 922
1751221053811 0.7567535638809204 923
1751221054870 0.7733544707298279 924
1751221055887 0.9126634001731873 925
1751221056894 0.6752781867980957 926
1751221057914 0.8446071743965149 927
1751221058975 0.9983533024787903 928
1751221059979 1.0051907300949097 929
1751221060832 1.5741426944732666 930
1751221061825 0.7707608342170715 931
1751221062842 1.2521133422851562 932
1751221063873 0.8460001945495605 933
1751221064976 0.6839452385902405 934
1751221065982 0.6986100077629089 935
1751221067051 2.052910327911377 936
1751221068067 1.250257134437561 937
1751221069121 0.6310456991195679 938
1751221070124 0.45273593068122864 939
1751221071188 1.0384677648544312 940
1751221072175 1.0535601377487183 941
1751221073210 1.0188859701156616 942
1751221074232 1.0965793132781982 943
1751221075241 0.8170246481895447 944
1751221076252 0.8807930946350098 945
1751221077262 1.41977059841156 946
1751221078255 0.8522955179214478 947
1751221079261 0.6084333658218384 948
1751221080264 1.3796223402023315 949
1751221081309 0.9051746726036072 950
1751221082352 0.7988448143005371 951
1751221083416 1.6740813255310059 952
1751221084433 0.5743311047554016 953
1751221085504 1.3018110990524292 954
1751221086583 1.039742350578308 955
1751221087588 1.8686288595199585 956
1751221088468 1.1192667484283447 957
1751221089516 0.4283493161201477 958
1751221090590 1.0765647888183594 959
1751221091587 0.6431102752685547 960
1751221092635 0.7582406401634216 961
1751221093647 0.7760555148124695 962
1751221094625 1.6225956678390503 963
1751221095632 1.0165228843688965 964
1751221096650 0.9116731882095337 965
1751221097671 0.911038875579834 966
1751221098521 1.2214856147766113 967
1751221099573 1.5356004238128662 968
1751221100606 1.4628785848617554 969
1751221101638 0.698674201965332 970
1751221102648 0.871846616268158 971
1751221103532 1.5159251689910889 972
1751221104535 0.8236894011497498 973
1751221105529 1.2973240613937378 974
1751221106546 0.7625121474266052 975
1751221107626 1.0962656736373901 976
1751221108627 0.9890496134757996 977
1751221109642 0.9929197430610657 978
1751221110667 0.7880017757415771 979
1751221111692 1.2563318014144897 980
1751221112607 1.2969874143600464 981
1751221113652 1.079267144203186 982
1751221114684 0.6835423111915588 983
1751221115700 0.8038751482963562 984
1751221116748 0.5778927206993103 985
1751221117793 0.9792710542678833 986
1751221118824 0.8941375017166138 987
1751221119892 1.5512102842330933 988
1751221120922 0.7228924632072449 989
1751221121934 1.9961388111114502 990
1751221122920 0.43383297324180603 991
1751221123849 1.0493980646133423 992
1751221124886 0.8691743016242981 993
1751221125924 0.9927927255630493 994
1751221126980 0.7262287139892578 995
1751221127925 1.1408659219741821 996
1751221128985 0.882847011089325 997
1751221130019 0.7397522330284119 998
1751221131018 1.0832265615463257 999
1751221132046 0.914712131023407 1000
1751221132928 0.04399796575307846 1001
1751221133979 0.9178016781806946 1002
1751221134974 0.9284725189208984 1003
1751221136008 1.0564050674438477 1004
1751221137036 1.0366581678390503 1005
1751221138064 0.8898240923881531 1006
1751221139111 1.1040314435958862 1007
1751221140132 0.781029224395752 1008
1751221141188 1.4846923351287842 1009
1751221142223 0.6875597834587097 1010
1751221143237 0.7830610275268555 1011
1751221144278 1.3662019968032837 1012
1751221145315 0.9626588821411133 1013
1751221146216 5.439177989959717 1014
1751221147214 0.890727162361145 1015
1751221148273 0.418794721364975 1016
1751221149278 0.7967044115066528 1017
1751221150293 0.5845925211906433 1018
1751221151167 2.081549882888794 1019
1751221152217 2.023780107498169 1020
1751221153227 1.217746376991272 1021
1751221154215 1.091627836227417 1022
1751221155249 0.7402470707893372 1023
1751221156269 1.0040793418884277 1024
1751221157260 1.257102608680725 1025
1751221158259 0.5947586297988892 1026
1751221159153 1.2140445709228516 1027
1751221160215 0.7312976121902466 1028
1751221161220 0.7158994674682617 1029
1751221162256 0.40678712725639343 1030
1751221163265 1.3632135391235352 1031
1751221164286 0.9187332391738892 1032
1751221165310 1.2269381284713745 1033
1751221166229 1.0078465938568115 1034
1751221167116 2.3500800132751465 1035
1751221168105 2.772752285003662 1036
1751221169169 2.8917760848999023 1037
1751221170151 1.3708757162094116 1038
1751221171145 3.631671190261841 1039
1751221172041 1.1845978498458862 1040
1751221173079 0.9378356337547302 1041
1751221174106 0.91573566198349 1042
1751221175163 2.5900051593780518 1043
1751221176205 0.9964222311973572 1044
1751221177246 0.6996596455574036 1045
1751221178238 0.9676336646080017 1046
1751221179313 0.38530492782592773 1047
1751221180373 1.7373450994491577 1048
1751221181448 1.1802808046340942 1049
1751221182367 0.8889767527580261 1050
1751221183403 0.8901970982551575 1051
1751221184410 0.8065053820610046 1052
1751221185391 0.8322877883911133 1053
1751221186405 0.21406707167625427 1054
1751221187401 4.168336391448975 1055
1751221188352 0.2556980550289154 1056
1751221189416 1.1838451623916626 1057
1751221190474 0.7259323000907898 1058
1751221191509 0.9206961989402771 1059
1751221192510 1.0936822891235352 1060
1751221193530 1.0016506910324097 1061
1751221194423 1.1951130628585815 1062
1751221195364 1.6819902658462524 1063
1751221196397 1.4074381589889526 1064
1751221197255 0.9128343462944031 1065
1751221198287 0.7665192484855652 1066
1751221199334 1.2146967649459839 1067
1751221200367 0.8912046551704407 1068
1751221201435 0.6680185794830322 1069
1751221202443 0.9378376007080078 1070
1751221203470 0.5534728169441223 1071
1751221204534 0.645436704158783 1072
1751221205544 1.1512212753295898 1073
1751221206453 1.1103266477584839 1074
1751221207485 1.5469999313354492 1075
1751221208496 0.9675308465957642 1076
1751221209487 1.400700569152832 1077
1751221210507 0.7961481213569641 1078
1751221211570 1.0499577522277832 1079
1751221212586 1.4290257692337036 1080
1751221213834 0.956625759601593 1081
1751221214852 0.716809093952179 1082
1751221215903 1.2177860736846924 1083
1751221216895 0.8845515847206116 1084
1751221217898 0.8906305432319641 1085
1751221218751 2.443463087081909 1086
1751221219779 1.469730019569397 1087
1751221220779 0.9489761590957642 1088
1751221221810 0.7818825244903564 1089
1751221222824 1.46002197265625 1090
1751221223822 0.837681770324707 1091
1751221224740 0.8109434247016907 1092
1751221225761 2.8232359886169434 1093
1751221226611 0.919599175453186 1094
1751221227515 1.2742502689361572 1095
1751221228551 0.7259982228279114 1096
1751221229566 0.7358738780021667 1097
1751221230557 1.2328238487243652 1098
1751221231573 0.9304456114768982 1099
1751221232581 0.6536176800727844 1100
1751221233589 0.4380478858947754 1101
1751221234616 1.0736688375473022 1102
1751221235668 1.2367346286773682 1103
1751221236717 0.7421190142631531 1104
1751221237770 0.8758773803710938 1105
1751221238788 0.9464012384414673 1106
1751221239814 0.837856113910675 1107
1751221240847 1.048615574836731 1108
1751221241889 0.9516460299491882 1109
1751221242945 1.4101256132125854 1110
1751221243976 0.7566396594047546 1111
1751221244963 1.042842149734497 1112
1751221245956 0.6052228808403015 1113
1751221246951 0.746067225933075 1114
1751221247928 0.911984384059906 1115
1751221248937 0.6811947226524353 1116
1751221249971 0.7287180423736572 1117
1751221251020 0.6215991973876953 1118
1751221252015 1.2526005506515503 1119
1751221253025 0.9913914799690247 1120
1751221254032 1.0364335775375366 1121
1751221255049 0.9239922761917114 1122
1751221256120 1.8146004676818848 1123
1751221257166 0.7098320126533508 1124
1751221258171 1.0010985136032104 1125
1751221259059 1.1035456657409668 1126
1751221260069 1.4768623113632202 1127
1751221261132 0.7848936915397644 1128
1751221262141 0.948011040687561 1129
1751221263140 1.2688881158828735 1130
1751221264147 0.24410100281238556 1131
1751221265138 1.165656566619873 1132
1751221266167 0.9120503664016724 1133
1751221267056 2.3491809368133545 1134
1751221268054 0.6543959975242615 1135
1751221269077 0.6430768370628357 1136
1751221270093 0.7090156674385071 1137
1751221271093 0.7567152976989746 1138
1751221272088 0.9498786330223083 1139
1751221272973 1.2303820848464966 1140
1751221274015 0.7186588048934937 1141
1751221275012 0.6967201232910156 1142
1751221276021 1.0306793451309204 1143
1751221277037 0.9853923916816711 1144
1751221278099 1.058598518371582 1145
1751221279136 0.5640615820884705 1146
1751221280149 0.6083801984786987 1147
1751221281156 0.9160469174385071 1148
1751221282031 0.09112493693828583 1149
1751221282918 1.3479242324829102 1150
1751221283923 0.027506081387400627 1151
1751221284949 1.07347571849823 1152
1751221285955 0.8604074716567993 1153
1751221286964 1.198542594909668 1154
1751221287989 0.8150070309638977 1155
1751221289010 0.71492600440979 1156
1751221289979 3.384719133377075 1157
1751221290998 1.7750879526138306 1158
1751221292058 1.4351682662963867 1159
1751221293077 0.45471134781837463 1160
1751221294088 1.444944143295288 1161
1751221295114 1.2281583547592163 1162
1751221296143 0.9495809674263 1163
1751221297195 0.6036229729652405 1164
1751221298192 1.5687437057495117 1165
1751221299132 1.654131531715393 1166
1751221300187 1.0544129610061646 1167
1751221301182 0.8795855641365051 1168
1751221302039 1.4025084972381592 1169
1751221303053 0.5544078350067139 1170
1751221304059 1.1010265350341797 1171
1751221305099 0.665745198726654 1172
1751221306130 0.9462570548057556 1173
1751221307171 1.0542083978652954 1174
1751221308050 1.3981850147247314 1175
1751221309081 0.8641387224197388 1176
1751221310152 0.8115655779838562 1177
1751221311166 0.6953431963920593 1178
1751221312179 0.7274713516235352 1179
1751221313144 0.9281727075576782 1180
1751221314218 1.253432035446167 1181
1751221315222 0.17138993740081787 1182
1751221316108 0.45553863048553467 1183
1751221317161 0.9358192682266235 1184
1751221318036 1.180459976196289 1185
1751221318909 1.5837173461914062 1186
1751221319937 0.5388692021369934 1187
1751221320947 1.2171452045440674 1188
1751221321970 0.9336346983909607 1189
1751221322989 0.6087566614151001 1190
1751221324054 2.4133002758026123 1191
1751221325044 1.229006290435791 1192
1751221326110 0.7671594023704529 1193
1751221326965 0.7997187376022339 1194
1751221327973 0.8301815986633301 1195
1751221329000 0.8668493628501892 1196
1751221330096 0.9949161410331726 1197
1751221331104 0.702410876750946 1198
1751221332120 0.8982953429222107 1199
1751221332976 1.5030525922775269 1200
1751221334003 1.0132133960723877 1201
1751221334995 0.6957168579101562 1202
1751221335990 0.7506197690963745 1203
1751221336992 0.799809455871582 1204
1751221338021 0.761089026927948 1205
1751221339059 0.678517758846283 1206
1751221340043 0.8258324861526489 1207
1751221341090 0.8069023489952087 1208
1751221342106 1.2963274717330933 1209
1751221343148 1.8231384754180908 1210
1751221344148 0.6634241342544556 1211
1751221345171 0.8835552334785461 1212
1751221346224 1.530982255935669 1213
1751221347247 0.5887011885643005 1214
1751221348239 1.4858464002609253 1215
1751221349262 1.4855457544326782 1216
1751221350260 0.7617590427398682 1217
1751221351286 0.9641734957695007 1218
1751221352303 0.7323285937309265 1219
1751221353299 1.0135899782180786 1220
1751221354318 0.8725805282592773 1221
1751221355690 0.9530338644981384 1222
1751221356722 0.9428251385688782 1223
1751221357715 0.8669439554214478 1224
1751221358714 0.8607825636863708 1225
1751221359738 0.9281007647514343 1226
1751221360731 0.7873697876930237 1227
1751221361749 0.1520591825246811 1228
1751221362765 1.2106693983078003 1229
1751221363766 1.1083201169967651 1230
1751221364788 0.6562085151672363 1231
1751221365788 1.001323938369751 1232
1751221366861 1.1259032487869263 1233
1751221367886 0.4630369246006012 1234
1751221368916 0.9417177438735962 1235
1751221369951 0.6418916583061218 1236
1751221370862 2.0113980770111084 1237
1751221371875 0.9552811980247498 1238
1751221372898 1.0790448188781738 1239
1751221373897 0.5747742652893066 1240
1751221374800 1.1287797689437866 1241
1751221375768 0.9747514724731445 1242
1751221376767 1.043984293937683 1243
1751221377792 0.9858567118644714 1244
1751221378675 2.21747088432312 1245
1751221379709 0.8680214285850525 1246
1751221380620 0.98580402135849 1247
1751221381615 1.3898088932037354 1248
1751221382608 0.8279129266738892 1249
1751221383613 0.8444051146507263 1250
1751221384655 0.9244589805603027 1251
1751221385669 1.3577412366867065 1252
1751221386718 0.6068727970123291 1253
1751221387748 1.021712303161621 1254
1751221388750 1.0846734046936035 1255
1751221389764 0.7094441056251526 1256
1751221390787 1.1501022577285767 1257
1751221391785 1.0631864070892334 1258
1751221392815 0.4952950179576874 1259
1751221393834 1.0230131149291992 1260
1751221394912 1.0842628479003906 1261
1751221395814 0.982440173625946 1262
1751221396824 0.8284049034118652 1263
1751221397854 0.6792982816696167 1264
1751221398876 2.5210843086242676 1265
1751221399912 0.9214787483215332 1266
1751221400943 0.7426289319992065 1267
1751221401949 1.1054913997650146 1268
1751221402969 0.6517115831375122 1269
1751221403975 0.9723653793334961 1270
1751221405018 0.5539984107017517 1271
1751221406084 0.707405686378479 1272
1751221407101 1.0115363597869873 1273
1751221408131 0.14985331892967224 1274
1751221409170 0.9875307083129883 1275
1751221410169 0.5723894238471985 1276
1751221411166 0.44802719354629517 1277
1751221412183 0.6691038608551025 1278
1751221413182 0.7254090309143066 1279
1751221414207 1.3311471939086914 1280
1751221415108 1.0611790418624878 1281
1751221415973 1.217241644859314 1282
1751221417002 0.591603696346283 1283
1751221417998 1.0813959836959839 1284
1751221419013 0.7283258438110352 1285
1751221420028 0.8103833198547363 1286
1751221421078 0.7695454955101013 1287
1751221422115 0.9652382135391235 1288
1751221423137 1.1482014656066895 1289
1751221424175 1.0826895236968994 1290
1751221425198 0.6125871539115906 1291
1751221426248 0.6746153831481934 1292
1751221427269 0.9592806100845337 1293
1751221428312 0.7601209282875061 1294
1751221429319 0.8323051929473877 1295
1751221430337 0.772113561630249 1296
1751221431355 1.969803810119629 1297
1751221432361 0.7972577810287476 1298
1751221433374 5.709654331207275 1299
1751221434379 1.1108957529067993 1300
1751221435406 1.098630428314209 1301
1751221436428 0.6105090975761414 1302
1751221437444 0.9537736177444458 1303
1751221438465 0.8409931063652039 1304
1751221439499 0.8478793501853943 1305
1751221440519 1.5191019773483276 1306
1751221441538 1.6454473733901978 1307
1751221442562 0.9634670615196228 1308
1751221443578 0.8011453747749329 1309
1751221444589 0.9241175651550293 1310
1751221445608 1.0769239664077759 1311
1751221446625 1.2525924444198608 1312
1751221447619 0.9199028015136719 1313
1751221448653 0.8156253695487976 1314
1751221449664 0.9942718744277954 1315
1751221450659 0.9434002041816711 1316
1751221451565 0.4308602213859558 1317
1751221452593 0.5625377893447876 1318
1751221453633 0.35864943265914917 1319
1751221454688 1.0285649299621582 1320
1751221455716 0.9452352523803711 1321
1751221456739 0.3077969551086426 1322
1751221457614 1.2053278684616089 1323
1751221458605 1.7833043336868286 1324
1751221459605 1.0322935581207275 1325
1751221460624 0.9306873679161072 1326
1751221461623 0.6340622305870056 1327
1751221462647 0.9385509490966797 1328
1751221463675 1.319102168083191 1329
1751221464697 0.8988666534423828 1330
1751221465763 2.018928050994873 1331
1751221466812 0.5769349932670593 1332
1751221467868 1.2507553100585938 1333
1751221468880 0.7458272576332092 1334
1751221469934 1.1802122592926025 1335
1751221470967 0.8507707715034485 1336
1751221471968 0.7509805560112 1337
1751221472995 0.7143386602401733 1338
1751221473996 1.2961359024047852 1339
1751221475034 0.7052047848701477 1340
1751221476086 1.1240488290786743 1341
1751221477171 0.3958229720592499 1342
1751221478200 0.9145013689994812 1343
1751221479228 1.076075553894043 1344
1751221480230 0.708145797252655 1345
1751221481258 0.6343266367912292 1346
1751221482257 1.291103720664978 1347
1751221483282 0.8832141160964966 1348
1751221484326 1.0892739295959473 1349
1751221485364 0.8298572301864624 1350
1751221486363 0.351931631565094 1351
1751221487357 1.1230090856552124 1352
1751221488388 1.0681095123291016 1353
1751221489446 1.0161746740341187 1354
1751221490490 0.789949893951416 1355
1751221491532 0.5984792113304138 1356
1751221492535 0.6582777500152588 1357
1751221493576 2.1610403060913086 1358
1751221494610 1.0670315027236938 1359
1751221495644 0.9823532104492188 1360
1751221496653 0.8274216055870056 1361
1751221497685 1.0171067714691162 1362
1751221498701 0.8000056147575378 1363
1751221499734 0.8213009238243103 1364
1751221500708 1.0272234678268433 1365
1751221501686 0.5811156034469604 1366
1751221502685 0.9892753958702087 1367
1751221503696 0.6909295916557312 1368
1751221504751 0.8266398310661316 1369
1751221505780 0.72052001953125 1370
1751221506803 1.01701819896698 1371
1751221507793 0.6518380045890808 1372
1751221508817 0.7391167879104614 1373
1751221509720 1.7346447706222534 1374
1751221510606 0.6872057318687439 1375
1751221511885 0.37909555435180664 1376
1751221512900 0.9475175738334656 1377
1751221513969 0.6188567280769348 1378
1751221514945 0.9777307510375977 1379
1751221515829 1.5065702199935913 1380
1751221516870 0.8449695706367493 1381
1751221517882 1.6671574115753174 1382
1751221518884 1.933711290359497 1383
1751221519909 1.2450361251831055 1384
1751221520945 0.7261582612991333 1385
1751221521983 0.5545445680618286 1386
1751221523074 1.1187012195587158 1387
1751221524101 0.7060293555259705 1388
1751221525130 0.6550660133361816 1389
1751221526144 1.0210992097854614 1390
1751221527204 1.2548061609268188 1391
1751221528090 1.1259993314743042 1392
1751221528971 0.9410365223884583 1393
1751221529998 0.7687392234802246 1394
1751221531017 1.2097724676132202 1395
1751221532065 0.7451218366622925 1396
1751221533099 0.801496684551239 1397
1751221534106 1.107456088066101 1398
1751221535135 0.8304615616798401 1399
1751221536163 0.7623295783996582 1400
1751221537184 1.7196167707443237 1401
1751221538076 1.3804972171783447 1402
1751221539071 1.2293018102645874 1403
1751221540080 1.8641575574874878 1404
1751221541077 0.7054622173309326 1405
1751221542149 2.065194845199585 1406
1751221543217 1.0132598876953125 1407
1751221544208 1.1509712934494019 1408
1751221545057 1.4442728757858276 1409
1751221546079 0.7692879438400269 1410
1751221547074 0.6634705662727356 1411
1751221548097 1.344565987586975 1412
1751221549096 0.7157512903213501 1413
1751221550147 0.8822669982910156 1414
1751221551158 0.6650986671447754 1415
1751221552202 0.975476861000061 1416
1751221553235 0.9528812766075134 1417
1751221554137 1.701470971107483 1418
1751221555131 0.8673268556594849 1419
1751221556045 2.162602663040161 1420
1751221557071 2.1459007263183594 1421
1751221558104 1.4321188926696777 1422
1751221559159 0.9246166348457336 1423
1751221560166 1.5077660083770752 1424
1751221561196 1.4400440454483032 1425
1751221562230 0.5888054966926575 1426
1751221563244 0.6059221625328064 1427
1751221564243 0.9287335276603699 1428
1751221565268 0.5675764083862305 1429
1751221566132 0.6769006848335266 1430
1751221567154 1.0975370407104492 1431
1751221568165 1.4283689260482788 1432
1751221569171 0.622736394405365 1433
1751221570206 0.8351896405220032 1434
1751221571256 0.9263055920600891 1435
1751221572243 0.8754667639732361 1436
1751221573262 1.1801725625991821 1437
1751221574128 1.1192859411239624 1438
1751221575128 1.2232513427734375 1439
1751221576158 1.007057547569275 1440
1751221577224 0.5910112857818604 1441
1751221578278 1.1399085521697998 1442
1751221579306 0.783425509929657 1443
1751221580379 0.6449374556541443 1444
1751221581453 0.9555091261863708 1445
1751221583353 0.9967809915542603 1446
1751221584927 0.960816502571106 1447
1751221586829 0.9217533469200134 1448
1751221588686 0.9182077646255493 1449
1751221590576 0.5026490092277527 1450
1751221592172 0.7837680578231812 1451
1751221594081 0.28843143582344055 1452
1751221595647 1.081289291381836 1453
1751221597541 0.8769161105155945 1454
1751221599459 0.9520987868309021 1455
1751221601363 0.6852489709854126 1456
1751221603227 1.0017527341842651 1457
1751221605089 0.5317041873931885 1458
1751221606958 1.2532336711883545 1459
1751221608838 0.7567594051361084 1460
1751221610732 1.024545669555664 1461
1751221612607 0.7606877684593201 1462
1751221614486 0.7977285981178284 1463
1751221616344 0.632800817489624 1464
1751221618247 0.9157013297080994 1465
1751221620161 0.7452962398529053 1466
1751221622061 1.1245715618133545 1467
1751221623953 0.4298709034919739 1468
1751221625830 0.9848787188529968 1469
1751221627712 1.7681587934494019 1470
1751221629607 0.8152738809585571 1471
1751221631507 0.8616973757743835 1472
1751221633417 0.8611387610435486 1473
1751221635280 0.8742992281913757 1474
1751221637193 1.0603504180908203 1475
1751221639105 0.6506560444831848 1476
1751221640993 0.6642915606498718 1477
1751221642547 0.8659383058547974 1478
1751221644435 0.7435334324836731 1479
1751221646312 1.0596733093261719 1480
1751221648230 2.0905323028564453 1481
1751221650125 1.2458606958389282 1482
1751221651702 0.9394118189811707 1483
1751221653604 0.931207001209259 1484
1751221655494 0.8591077923774719 1485
1751221657372 0.5852497220039368 1486
1751221659235 0.15310855209827423 1487
1751221661145 0.6356186270713806 1488
1751221663022 0.9214361310005188 1489
1751221664555 0.8291082382202148 1490
1751221666449 0.6125928163528442 1491
1751221668342 0.8077093362808228 1492
1751221670253 0.7717514634132385 1493
1751221672137 0.6742667555809021 1494
1751221674008 1.3463817834854126 1495
1751221675917 1.1349961757659912 1496
1751221677510 0.9561616778373718 1497
1751221679408 0.9702114462852478 1498
1751221681319 1.0383501052856445 1499
1751221683206 0.8529983758926392 1500
1751221685129 2.317164182662964 1501
1751221687024 0.9791895151138306 1502
1751221688932 0.8893810510635376 1503
1751221690865 0.6448479890823364 1504
1751221692759 0.7071875333786011 1505
1751221694343 1.3807860612869263 1506
1751221695941 0.8389124870300293 1507
1751221697842 0.7085168361663818 1508
1751221699742 1.1040996313095093 1509
1751221701604 0.6478105783462524 1510
1751221703460 1.4265706539154053 1511
1751221705316 0.1596398651599884 1512
1751221707200 1.2117985486984253 1513
1751221709079 1.1548584699630737 1514
1751221710951 1.2760571241378784 1515
1751221712817 1.4859561920166016 1516
1751221714967 3.10141921043396 1517
1751221716854 1.1877002716064453 1518
1751221718714 0.8316526412963867 1519
1751221720652 0.6255480647087097 1520
1751221722542 0.9202413558959961 1521
1751221724428 1.170060157775879 1522
1751221726319 1.1093714237213135 1523
1751221728210 0.8138418197631836 1524
1751221730105 0.6750311255455017 1525
1751221732012 1.1556857824325562 1526
1751221733902 1.1662495136260986 1527
1751221735771 0.569752037525177 1528
1751221737639 0.7684353590011597 1529
1751221739539 0.8492428064346313 1530
1751221741434 0.7441691756248474 1531
1751221743340 0.6820563673973083 1532
1751221745247 1.2294968366622925 1533
1751221747155 0.7802744507789612 1534
1751221749064 0.9169854521751404 1535
1751221750989 0.8014435768127441 1536
1751221752870 0.592003345489502 1537
1751221754755 1.0061575174331665 1538
1751221756306 1.1876548528671265 1539
1751221758210 0.5789570212364197 1540
1751221760107 1.4079948663711548 1541
1751221761989 0.6935951113700867 1542
1751221763886 0.8230249285697937 1543
1751221765448 0.5738120675086975 1544
1751221767335 1.1965252161026 1545
1751221769210 0.6551787257194519 1546
1751221771125 0.6960364580154419 1547
1751221773039 0.7943019270896912 1548
1751221774928 0.8331813812255859 1549
1751221776857 1.2990455627441406 1550
1751221778748 1.1168949604034424 1551
1751221780625 0.8200545310974121 1552
1751221782516 0.6308752298355103 1553
1751221784401 0.7211403250694275 1554
1751221786245 0.958467960357666 1555
1751221788157 1.3591080904006958 1556
1751221789725 1.45201575756073 1557
1751221791593 0.4739643633365631 1558
1751221793458 0.7633112668991089 1559
1751221795340 0.773411214351654 1560
1751221797232 0.7619857788085938 1561
1751221799109 0.9829856753349304 1562
1751221800738 1.1078933477401733 1563
1751221802637 0.6695184111595154 1564
1751221804553 0.31977251172065735 1565
1751221806427 0.9067185521125793 1566
1751221808309 0.840595543384552 1567
1751221810191 0.9214058518409729 1568
1751221812050 0.6955972909927368 1569
1751221813648 1.1210778951644897 1570
1751221815564 0.7647098898887634 1571
1751221817483 1.0313125848770142 1572
1751221819383 0.4892784059047699 1573
1751221821258 0.717990517616272 1574
1751221823127 0.5320942997932434 1575
1751221825001 0.8298172354698181 1576
1751221826871 0.8543506860733032 1577
1751221828740 1.1468565464019775 1578
1751221830642 0.6131553649902344 1579
1751221832514 0.6754574179649353 1580
1751221834381 0.7641213536262512 1581
1751221836251 1.0713093280792236 1582
1751221837821 0.7923378348350525 1583
1751221839672 1.4463149309158325 1584
1751221841569 0.9599193930625916 1585
1751221843459 1.038915991783142 1586
1751221845302 0.6209772229194641 1587
1751221847183 1.547282099723816 1588
1751221849105 0.889254093170166 1589
1751221851005 0.9855141043663025 1590
1751221852923 1.056893229484558 1591
1751221854825 0.8050904273986816 1592
1751221856713 0.7937335968017578 1593
1751221858615 1.1257566213607788 1594
1751221860528 0.8293399214744568 1595
1751221862449 0.8248386383056641 1596
1751221864385 0.7667275071144104 1597
1751221866330 0.7457066774368286 1598
1751221868216 2.3263673782348633 1599
1751221870109 0.18281181156635284 1600
1751221872010 0.8818065524101257 1601
1751221873908 0.3764239549636841 1602
1751221875853 1.4831225872039795 1603
1751221877738 2.2455689907073975 1604
1751221879666 2.9382903575897217 1605
1751221881590 0.6955583095550537 1606
1751221883484 0.6006119847297668 1607
1751221885384 0.8383922576904297 1608
1751221886974 0.9050782322883606 1609
1751221888573 1.0744857788085938 1610
1751221890505 0.5785377025604248 1611
1751221892412 0.21341100335121155 1612
1751221894328 1.0974334478378296 1613
1751221896216 0.7139822840690613 1614
1751221898127 0.8382193446159363 1615
1751221900026 0.7385730743408203 1616
1751221901983 0.9376224875450134 1617
1751221903895 0.8123391270637512 1618
1751221905827 1.639479637145996 1619
1751221907714 0.5727269053459167 1620
1751221909662 0.7299841046333313 1621
1751221911566 1.1013555526733398 1622
1751221913450 0.9854486584663391 1623
1751221915344 0.8490906953811646 1624
1751221916970 0.5887171030044556 1625
1751221918570 0.9720538258552551 1626
1751221920480 1.040648102760315 1627
1751221922356 0.723986804485321 1628
1751221924265 0.6010726690292358 1629
1751221926168 0.9646064639091492 1630
1751221928070 0.8315168619155884 1631
1751221929979 0.8278475999832153 1632
1751221931905 0.6653631329536438 1633
1751221933783 0.9401623010635376 1634
1751221935686 1.112962245941162 1635
1751221937625 0.568905770778656 1636
1751221939511 1.1930615901947021 1637
1751221941662 1.053619146347046 1638
1751221943586 0.9352449774742126 1639
1751221945488 0.7650850415229797 1640
1751221947374 1.0092710256576538 1641
1751221949262 1.1331592798233032 1642
1751221950848 0.9420267343521118 1643
1751221952768 0.5995901226997375 1644
1751221954614 1.4250165224075317 1645
1751221956529 0.8076564073562622 1646
1751221958417 1.1152371168136597 1647
1751221960310 0.9067196249961853 1648
1751221962188 1.1243919134140015 1649
1751221964080 0.5565973520278931 1650
1751221965994 1.233424186706543 1651
1751221967966 0.49953073263168335 1652
1751221969912 1.4267557859420776 1653
1751221971845 1.0519310235977173 1654
1751221973812 0.6040926575660706 1655
1751221975708 0.4945445954799652 1656
1751221977648 1.8970823287963867 1657
1751221979208 0.3200100362300873 1658
1751221981109 0.980102002620697 1659
1751221983024 1.3941148519515991 1660
1751221984939 1.2447298765182495 1661
1751221986855 0.7696121335029602 1662
1751221988770 0.9071584939956665 1663
1751221990342 1.4631147384643555 1664
1751221992238 0.5305887460708618 1665
1751221994143 1.1913762092590332 1666
1751221996054 0.9620305895805359 1667
1751221997947 0.676718533039093 1668
1751221999833 1.018750548362732 1669
1751222001760 1.0877968072891235 1670
1751222003641 0.9956831336021423 1671
1751222005555 0.5691165924072266 1672
1751222007458 1.2025562524795532 1673
1751222009339 1.0740269422531128 1674
1751222011253 0.6481519937515259 1675
1751222013159 1.1011360883712769 1676
1751222015045 0.8404367566108704 1677
1751222016947 0.8244674205780029 1678
1751222018902 0.6979141235351562 1679
1751222020525 0.804186999797821 1680
1751222022395 0.7978519797325134 1681
1751222024295 0.48521676659584045 1682
1751222026212 1.2129722833633423 1683
1751222028121 0.8699084520339966 1684
1751222030020 1.9278877973556519 1685
1751222031930 0.6765170097351074 1686
1751222033837 0.6952652335166931 1687
1751222035729 0.5944213271141052 1688
1751222037610 1.2072701454162598 1689
1751222039522 0.8892797827720642 1690
1751222041434 1.2128032445907593 1691
1751222043388 2.0550248622894287 1692
1751222045309 0.7387754321098328 1693
1751222047205 0.6400578618049622 1694
1751222049122 0.9017210006713867 1695
1751222050679 1.322670340538025 1696
1751222052562 0.8930795192718506 1697
1751222054463 0.5257492065429688 1698
1751222056379 1.4070048332214355 1699
1751222058242 1.4491671323776245 1700
1751222060141 0.9965513348579407 1701
1751222062052 1.0457714796066284 1702
1751222063993 0.5963611602783203 1703
1751222065915 0.9429510235786438 1704
1751222067866 0.8643054366111755 1705
1751222069787 0.4086887836456299 1706
1751222071698 1.0133854150772095 1707
1751222073621 0.8866689801216125 1708
1751222075499 0.5898255109786987 1709
1751222077450 1.1336181163787842 1710
1751222079381 0.37535637617111206 1711
1751222081306 1.0960800647735596 1712
1751222083230 1.322616457939148 1713
1751222085152 0.3366127908229828 1714
1751222086997 0.6435204744338989 1715
1751222088892 0.7685560584068298 1716
1751222090778 1.1601755619049072 1717
1751222092683 1.7363554239273071 1718
1751222094597 0.6225964426994324 1719
1751222096500 0.7894648909568787 1720
1751222098431 0.9806278347969055 1721
1751222100011 1.5110478401184082 1722
1751222101950 1.0921955108642578 1723
1751222103858 1.446136474609375 1724
1751222105737 1.26544988155365 1725
1751222107635 1.9883911609649658 1726
1751222109559 1.1313775777816772 1727
1751222111484 1.0305845737457275 1728
1751222113370 0.8993358612060547 1729
1751222115321 0.38756269216537476 1730
1751222117231 0.7921836972236633 1731
1751222119147 0.573931097984314 1732
1751222121065 1.001901626586914 1733
1751222122953 0.6850553750991821 1734
1751222124867 0.777857780456543 1735
1751222126453 1.123451828956604 1736
1751222128342 0.9832713007926941 1737
1751222130221 0.8307361602783203 1738
1751222131814 1.3744795322418213 1739
1751222133706 0.7823653817176819 1740
1751222135629 0.9471397399902344 1741
1751222137559 0.6963543891906738 1742
1751222139453 0.7404351234436035 1743
1751222141366 0.7426542639732361 1744
1751222143288 0.685232937335968 1745
1751222145203 0.9562637209892273 1746
1751222147140 0.03807447850704193 1747
1751222148736 1.511169672012329 1748
1751222150604 1.4545907974243164 1749
1751222152486 0.7110745310783386 1750
1751222154391 1.175599455833435 1751
1751222156313 0.9753772020339966 1752
1751222158245 2.070512056350708 1753
1751222160111 0.7316667437553406 1754
1751222162072 1.9287031888961792 1755
1751222163954 0.7209503650665283 1756
1751222165874 0.867100715637207 1757
1751222168141 0.6753336191177368 1758
1751222170064 0.8065484762191772 1759
1751222171990 1.048848271369934 1760
1751222173883 1.0881778001785278 1761
1751222175768 0.7279252409934998 1762
1751222177655 0.5416261553764343 1763
1751222179551 1.2638505697250366 1764
1751222181462 1.3179280757904053 1765
1751222182640 0.6064327359199524 1766
1751222183705 0.9840923547744751 1767
1751222184719 0.8193563222885132 1768
1751222185746 0.9696236848831177 1769
1751222186825 0.9600958824157715 1770
1751222187876 0.6618382334709167 1771
1751222188932 1.2449678182601929 1772
1751222190024 0.87160724401474 1773
1751222191092 0.7502209544181824 1774
1751222192135 0.8809539675712585 1775
1751222193191 1.1974796056747437 1776
1751222194252 0.4836368262767792 1777
1751222195294 0.8299413919448853 1778
1751222196399 0.8045352101325989 1779
1751222197508 0.49997982382774353 1780
1751222198647 1.0714718103408813 1781
1751222199652 1.1821649074554443 1782
1751222200655 0.5959764719009399 1783
1751222201692 0.6051122546195984 1784
1751222202740 1.0905503034591675 1785
1751222203765 0.9025256037712097 1786
1751222204824 0.474913090467453 1787
1751222205847 1.6484599113464355 1788
1751222206850 0.8608986735343933 1789
1751222207880 1.2420281171798706 1790
1751222209019 0.6507817506790161 1791
1751222210043 0.6712428331375122 1792
1751222211073 0.6979357004165649 1793
1751222212110 0.9838415384292603 1794
1751222213154 0.8177976608276367 1795
1751222214217 0.2962917387485504 1796
1751222215416 1.0729883909225464 1797
1751222216583 0.6932680606842041 1798
1751222217600 2.6289639472961426 1799
1751222218630 1.1124809980392456 1800
1751222271811 1.0904394388198853 1801
1751222272889 0.827619731426239 1802
1751222273798 2.5071957111358643 1803
1751222274808 1.60784912109375 1804
1751222275853 0.5146750807762146 1805
1751222276923 0.6661799550056458 1806
1751222277986 0.7118541598320007 1807
1751222278900 2.715308427810669 1808
1751222279922 1.1674808263778687 1809
1751222280978 1.1219555139541626 1810
1751222282014 0.7480717897415161 1811
1751222283068 0.625507116317749 1812
1751222284113 0.6687372326850891 1813
1751222285152 1.0187455415725708 1814
1751222286198 0.9740350842475891 1815
1751222287264 0.735569417476654 1816
1751222288306 0.7001983523368835 1817
1751222289345 1.5790985822677612 1818
1751222290411 0.815004825592041 1819
1751222291347 1.8273576498031616 1820
1751222292377 0.6696219444274902 1821
1751222293416 0.5679365396499634 1822
1751222294417 0.7758021354675293 1823
1751222295504 0.5820435881614685 1824
1751222296556 1.0875111818313599 1825
1751222297597 0.599185049533844 1826
1751222298635 0.23432034254074097 1827
1751222299670 1.0860016345977783 1828
1751222300702 1.2123193740844727 1829
1751222301738 0.6156493425369263 1830
1751222302756 0.9667209982872009 1831
1751222303816 1.0912593603134155 1832
1751222304869 0.9739565253257751 1833
1751222305939 0.5122751593589783 1834
1751222306967 0.6141047477722168 1835
1751222307977 0.8580902218818665 1836
1751222308890 1.8050367832183838 1837
1751222309974 0.9495729804039001 1838
1751222311103 0.9326286315917969 1839
1751222312155 0.5641648173332214 1840
1751222313355 1.3880445957183838 1841
1751222314404 0.8575096130371094 1842
1751222315447 0.6359282732009888 1843
1751222316453 0.9133111238479614 1844
1751222317535 1.5187753438949585 1845
1751222318584 0.8103417158126831 1846
1751222319630 0.8523066639900208 1847
1751222320679 0.6863295435905457 1848
1751222321722 0.9697124361991882 1849
1751222322809 0.5402104258537292 1850
1751222323805 0.8476093411445618 1851
1751222324826 1.5957165956497192 1852
1751222325872 1.2370073795318604 1853
1751222326894 1.146765947341919 1854
1751222327935 0.09651167690753937 1855
1751222329069 0.8129484057426453 1856
1751222330230 0.658568263053894 1857
1751222331413 0.969638466835022 1858
1751222332535 0.8562696576118469 1859
1751222333767 1.275529384613037 1860
1751222334799 1.073104739189148 1861
1751222335841 0.8202930688858032 1862
1751222336751 0.8200495839118958 1863
1751222337758 1.2968673706054688 1864
1751222338786 0.8894736170768738 1865
1751222339848 0.3185718059539795 1866
1751222340885 1.0704268217086792 1867
1751222341913 0.8576146960258484 1868
1751222342977 0.664375364780426 1869
1751222344017 0.6947707533836365 1870
1751222345068 1.7873228788375854 1871
1751222346079 0.9776201248168945 1872
1751222347113 1.2107667922973633 1873
1751222348136 0.8001594543457031 1874
1751222349046 0.9808785319328308 1875
1751222350115 0.9638237357139587 1876
1751222351150 0.8098605275154114 1877
1751222352021 0.1898135393857956 1878
1751222353034 0.8711401224136353 1879
1751222354069 1.2606333494186401 1880
1751222355060 0.7409631609916687 1881
1751222356069 0.9535903334617615 1882
1751222357076 0.8442144393920898 1883
1751222358088 1.3783419132232666 1884
1751222359085 0.7889429330825806 1885
1751222360162 0.7508168816566467 1886
1751222361205 0.7985553741455078 1887
1751222362283 0.5465459823608398 1888
1751222363323 1.050035834312439 1889
1751222364378 0.9555749893188477 1890
1751222365460 1.4559462070465088 1891
1751222366496 0.9601775407791138 1892
1751222367544 0.3776283264160156 1893
1751222368560 0.9749234318733215 1894
1751222369602 1.124258279800415 1895
1751222370668 1.049444317817688 1896
1751222371675 0.7787405848503113 1897
1751222372685 0.8913405537605286 1898
1751222373686 0.7642781138420105 1899
1751222374789 0.7875866293907166 1900
1751222375828 0.8588655591011047 1901
1751222376864 0.9789506196975708 1902
1751222377941 0.8494136929512024 1903
1751222378811 0.9714809656143188 1904
1751222379885 1.143136978149414 1905
1751222380903 0.6466646194458008 1906
1751222381797 1.6220782995224 1907
1751222382820 0.7566806674003601 1908
1751222383770 1.1470978260040283 1909
1751222384800 0.8379749655723572 1910
1751222385817 0.8378376364707947 1911
1751222386852 1.5006181001663208 1912
1751222387885 0.7552595734596252 1913
1751222388958 0.7878797650337219 1914
1751222390000 0.7625017762184143 1915
1751222391063 1.0433100461959839 1916
1751222392097 0.9494959115982056 1917
1751222393280 1.2667152881622314 1918
1751222394295 0.7509548664093018 1919
1751222395344 0.6890198588371277 1920
1751222396386 0.6672446727752686 1921
1751222397442 1.1714682579040527 1922
1751222398478 0.887633740901947 1923
1751222399514 0.9128909111022949 1924
1751222400423 0.7409384250640869 1925
1751222401429 0.6609548330307007 1926
1751222402430 0.7108983993530273 1927
1751222403471 0.725864589214325 1928
1751222404512 0.6758643984794617 1929
1751222405551 0.7476891875267029 1930
1751222406579 1.005915641784668 1931
1751222407633 1.1539620161056519 1932
1751222408539 1.7455171346664429 1933
1751222409565 1.3576593399047852 1934
1751222410604 3.1954944133758545 1935
1751222411687 0.6257821917533875 1936
1751222412724 1.2977429628372192 1937
1751222413671 1.000451922416687 1938
1751222414676 1.1755800247192383 1939
1751222415592 1.2676438093185425 1940
1751222416630 1.9973900318145752 1941
1751222417653 1.8064205646514893 1942
1751222418683 0.700842559337616 1943
1751222419702 0.7577762603759766 1944
1751222420744 0.7089304327964783 1945
1751222421820 0.9828359484672546 1946
1751222422920 0.6041043400764465 1947
1751222423962 0.8671364188194275 1948
1751222424984 0.5041988492012024 1949
1751222426152 1.2762370109558105 1950
1751222427182 0.9822273254394531 1951
1751222428246 0.6021457314491272 1952
1751222429279 1.1176167726516724 1953
1751222430342 0.590739905834198 1954
1751222431377 1.3154540061950684 1955
1751222432443 0.8737363815307617 1956
1751222433471 0.5700461268424988 1957
1751222434503 1.1644433736801147 1958
1751222435553 1.1324336528778076 1959
1751222436835 0.8758831024169922 1960
1751222437844 0.7361070513725281 1961
1751222438726 1.7969051599502563 1962
1751222439591 1.1095068454742432 1963
1751222440589 0.8932663202285767 1964
1751222441644 0.9246976971626282 1965
1751222442666 0.6315389275550842 1966
1751222443686 0.19815362989902496 1967
1751222444662 2.036262035369873 1968
1751222445691 0.7107930183410645 1969
1751222446685 1.561614751815796 1970
1751222447670 1.080436110496521 1971
1751222448719 1.1545590162277222 1972
1751222449734 0.8520210385322571 1973
1751222450754 0.9064273238182068 1974
1751222451774 0.9337417483329773 1975
1751222452759 0.8617327809333801 1976
1751222453779 1.2952594757080078 1977
1751222454780 2.084724187850952 1978
1751222455652 1.9335068464279175 1979
1751222456669 0.6080992221832275 1980
1751222457709 0.6380372643470764 1981
1751222458620 2.406581163406372 1982
1751222459706 1.3373717069625854 1983
1751222460718 0.948835551738739 1984
1751222461555 0.516106367111206 1985
1751222462614 1.1139930486679077 1986
1751222463651 0.705706775188446 1987
1751222464642 0.9338611960411072 1988
1751222465716 0.6260020136833191 1989
1751222466749 0.5377172827720642 1990
1751222467678 1.1269092559814453 1991
1751222468674 1.444027304649353 1992
1751222469694 0.794001042842865 1993
1751222470681 1.4839504957199097 1994
1751222471714 0.6632187962532043 1995
1751222472735 0.19003987312316895 1996
1751222473785 1.084493637084961 1997
1751222474810 1.0969157218933105 1998
1751222475845 0.7783302068710327 1999
1751222476866 1.4967786073684692 2000
1751222477883 0.774964451789856 2001
1751222478911 0.9480454325675964 2002
1751222479970 1.0466545820236206 2003
1751222481004 1.1899350881576538 2004
1751222482012 0.8452854156494141 2005
1751222483119 0.582116961479187 2006
1751222484169 1.3659552335739136 2007
1751222485223 0.8018873333930969 2008
1751222486253 1.0889180898666382 2009
1751222487299 0.8986009955406189 2010
1751222488345 1.254934310913086 2011
1751222489385 0.7459678649902344 2012
1751222490395 0.45102640986442566 2013
1751222491415 0.8202226758003235 2014
1751222492454 1.2887715101242065 2015
1751222493481 1.2600433826446533 2016
1751222494531 2.993722677230835 2017
1751222495574 0.6972228288650513 2018
1751222496613 0.9459439516067505 2019
1751222497798 1.339110255241394 2020
1751222498834 0.8333703279495239 2021
1751222499879 0.8275490403175354 2022
1751222500909 0.8843576312065125 2023
1751222501918 0.6782919764518738 2024
1751222502958 0.7420297861099243 2025
1751222504003 0.8962953686714172 2026
1751222505008 0.8516902327537537 2027
1751222506018 0.13473191857337952 2028
1751222507061 0.5776146054267883 2029
1751222508115 1.104773998260498 2030
1751222509113 1.0358860492706299 2031
1751222510133 0.5063979029655457 2032
1751222511180 1.1251105070114136 2033
1751222512221 0.5130891799926758 2034
1751222513386 0.7349101901054382 2035
1751222514307 0.8984929919242859 2036
1751222515320 0.8012529611587524 2037
1751222516374 0.9228188991546631 2038
1751222517404 0.3991454839706421 2039
1751222518443 0.9428661465644836 2040
1751222519468 0.8069669604301453 2041
1751222520511 1.2746704816818237 2042
1751222521570 0.8009695410728455 2043
1751222522613 0.8124620318412781 2044
1751222523654 0.7316558957099915 2045
1751222524751 1.2177056074142456 2046
1751222525819 0.6111434102058411 2047
1751222526882 0.6887595057487488 2048
1751222527885 0.6736028790473938 2049
1751222528922 0.8649998903274536 2050
1751222529803 1.048709511756897 2051
1751222530811 0.5684320330619812 2052
1751222531839 0.7161126136779785 2053
1751222532866 0.7117271423339844 2054
1751222533853 0.9977559447288513 2055
1751222534950 0.8845775127410889 2056
1751222535948 0.40680480003356934 2057
1751222536980 0.6131564378738403 2058
1751222538313 1.5751694440841675 2059
1751222539377 1.2871321439743042 2060
1751222540393 0.926731526851654 2061
1751222541431 0.7213364839553833 2062
1751222542498 0.9189111590385437 2063
1751222543503 0.827619731426239 2064
1751222544552 0.8958620429039001 2065
1751222545576 1.084426999092102 2066
1751222546575 1.0316046476364136 2067
1751222547590 0.8293899893760681 2068
1751222548506 2.2866885662078857 2069
1751222549516 0.7453630566596985 2070
1751222550549 0.5952423810958862 2071
1751222551582 1.2308781147003174 2072
1751222552589 0.6474224328994751 2073
1751222553651 0.6677390933036804 2074
1751222554668 0.7445920705795288 2075
1751222555732 0.7247673273086548 2076
1751222556782 0.862796425819397 2077
1751222557784 1.1057697534561157 2078
1751222558826 1.2293802499771118 2079
1751222559908 0.7316320538520813 2080
1751222560945 0.7027704119682312 2081
1751222561961 1.6003042459487915 2082
1751222563067 0.8427019119262695 2083
1751222564071 0.8654218912124634 2084
1751222565077 0.9639363288879395 2085
1751222566098 0.5577512979507446 2086
1751222567140 1.193654179573059 2087
1751222568196 0.8692278265953064 2088
1751222569233 0.5938827991485596 2089
1751222570253 0.11167164146900177 2090
1751222571249 1.1689386367797852 2091
1751222572293 0.8661103248596191 2092
1751222573300 0.6656747460365295 2093
1751222574351 1.1896504163742065 2094
1751222575443 1.1879854202270508 2095
1751222576506 0.9951850771903992 2096
1751222577601 1.006661057472229 2097
1751222578618 0.7680269479751587 2098
1751222579630 0.6620840430259705 2099
1751222580632 0.406110018491745 2100
1751222581654 0.1198577880859375 2101
1751222582706 1.023535132408142 2102
1751222583684 1.3982232809066772 2103
1751222584562 1.726680040359497 2104
1751222585568 0.8651801943778992 2105
1751222586553 1.1322945356369019 2106
1751222587647 1.1517841815948486 2107
1751222589301 0.35090237855911255 2108
1751222590336 0.7974381446838379 2109
1751222591420 0.6554582715034485 2110
1751222592487 0.6422357559204102 2111
1751222593745 0.7099540829658508 2112
1751222594640 2.7564809322357178 2113
1751222595663 0.6243138313293457 2114
1751222596770 0.7638433575630188 2115
1751222598829 0.6769692301750183 2116
1751222600952 1.2262650728225708 2117
1751222601952 1.105716347694397 2118
1751222602992 0.8544861078262329 2119
1751222604009 0.6778890490531921 2120
1751222604935 1.5636340379714966 2121
1751222605956 0.9656721949577332 2122
1751222608883 0.8026127219200134 2123
1751222610134 1.1349451541900635 2124
1751222611292 0.5684191584587097 2125
1751222612320 1.2884944677352905 2126
1751222613256 1.33402419090271 2127
1751222615937 0.7783594727516174 2128
1751222616997 0.9817668795585632 2129
1751222618107 0.9811607599258423 2130
1751222620071 1.1556442975997925 2131
1751222621178 0.5756419897079468 2132
1751222622085 1.1624188423156738 2133
1751222623882 0.7255884408950806 2134
1751222624969 0.7780120372772217 2135
1751222626028 1.5022982358932495 2136
1751222627050 1.264198660850525 2137
1751222628081 0.8694383502006531 2138
1751222629128 0.4665839672088623 2139
1751222630143 0.9662393927574158 2140
1751222631181 1.647948145866394 2141
1751222632212 1.0188173055648804 2142
1751222633218 0.7285009026527405 2143
1751222634274 0.8341887593269348 2144
1751222635292 0.9854404330253601 2145
1751222636339 0.41222497820854187 2146
1751222637352 0.68323814868927 2147
1751222638370 0.9376160502433777 2148
1751222639406 0.8867059946060181 2149
1751222640285 0.8209141492843628 2150
1751222641272 1.2989249229431152 2151
1751222642294 0.785407543182373 2152
1751222643154 1.5186537504196167 2153
1751222644036 1.3706268072128296 2154
1751222645093 1.9402761459350586 2155
1751222646108 0.40936189889907837 2156
1751222647169 1.0521544218063354 2157
1751222648224 0.7857875823974609 2158
1751222649513 0.7605435252189636 2159
1751222650544 0.9642473459243774 2160
1751222651447 1.6577579975128174 2161
1751222652472 0.7666766047477722 2162
1751222653356 0.9175695776939392 2163
1751222654393 0.7635776400566101 2164
1751222655450 0.8736354112625122 2165
1751222656497 0.812752902507782 2166
1751222657499 0.8873855471611023 2167
1751222658354 0.8062450289726257 2168
1751222659211 1.076297402381897 2169
1751222660226 0.63861483335495 2170
1751222661250 0.5680615305900574 2171
1751222662269 0.7477725148200989 2172
1751222663151 0.2665388882160187 2173
1751222664201 1.0836504697799683 2174
1751222665260 1.1489132642745972 2175
1751222666284 0.5918322205543518 2176
1751222667309 1.0718297958374023 2177
1751222668334 0.9687730073928833 2178
1751222669342 0.9591626524925232 2179
1751222670364 0.4314155578613281 2180
1751222671288 1.4264434576034546 2181
1751222672507 0.7016016244888306 2182
1751222673560 0.5864197611808777 2183
1751222674565 0.40047603845596313 2184
1751222675600 1.0760763883590698 2185
1751222676674 0.6423088908195496 2186
1751222677727 0.7614568471908569 2187
1751222678750 0.6983364224433899 2188
1751222679856 0.7347592711448669 2189
1751222680956 0.7364174127578735 2190
1751222682005 1.0474594831466675 2191
1751222683037 0.9935327768325806 2192
1751222684086 0.6720689535140991 2193
1751222685001 1.3099260330200195 2194
1751222686306 0.7528448104858398 2195
1751222687462 1.035672903060913 2196
1751222688592 1.071318507194519 2197
1751222689880 0.7513636946678162 2198
1751222690994 0.42350754141807556 2199
1751222694215 1.151123046875 2200
1751222695231 0.662632167339325 2201
1751222696133 1.7515859603881836 2202
1751222697194 0.8266580104827881 2203
1751222698312 0.748384416103363 2204
1751222699374 0.5644201636314392 2205
1751222700416 0.6086652278900146 2206
1751222704586 0.8870384097099304 2207
1751222705808 1.4175046682357788 2208
1751222706851 0.8478728532791138 2209
1751222707873 0.6815166473388672 2210
1751222708767 1.7674373388290405 2211
1751222712381 0.48284292221069336 2212
1751222713404 0.7807925343513489 2213
1751222714585 1.0150126218795776 2214
1751222716777 0.9511209726333618 2215
1751222717795 0.49281150102615356 2216
1751222719853 0.8007813692092896 2217
1751222720833 0.9947889447212219 2218
1751222721816 0.8149550557136536 2219
1751222722842 0.6189143061637878 2220
1751222723865 0.5564762353897095 2221
1751222724769 0.9216758608818054 2222
1751222725778 0.8013299107551575 2223
1751222726795 0.7136514782905579 2224
1751222727786 0.8641001582145691 2225
1751222728809 0.7095112800598145 2226
1751222729846 0.9256755709648132 2227
1751222730868 0.8163049817085266 2228
1751222731971 1.6870476007461548 2229
1751222732997 1.1049989461898804 2230
1751222734195 1.0367982387542725 2231
1751222735182 1.026165246963501 2232
1751222736116 1.152533769607544 2233
1751222737183 0.8751220703125 2234
1751222738218 1.2436898946762085 2235
1751222739207 0.7162728309631348 2236
1751222740259 0.4446435570716858 2237
1751222741344 0.5694644451141357 2238
1751222742228 1.1159272193908691 2239
1751222743215 0.9735642671585083 2240
1751222744211 0.759242594242096 2241
1751222745247 1.1003626585006714 2242
1751222746237 0.9732106328010559 2243
1751222747272 1.5054981708526611 2244
1751222748305 0.7032843232154846 2245
1751222749343 0.6963614821434021 2246
1751222750381 0.7430846691131592 2247
1751222751396 0.5548478960990906 2248
1751222752267 1.8519028425216675 2249
1751222753284 0.7603909373283386 2250
1751222754285 0.8141981363296509 2251
1751222755308 0.5908605456352234 2252
1751222756179 1.277573585510254 2253
1751222757181 1.0868526697158813 2254
1751222758181 0.9887740015983582 2255
1751222759197 1.1195217370986938 2256
1751222760196 1.1743900775909424 2257
1751222761224 0.6729762554168701 2258
1751222762232 0.40839895606040955 2259
1751222763312 0.9615587592124939 2260
1751222764352 0.9882230162620544 2261
1751222765372 0.7993425726890564 2262
1751222766384 0.855351448059082 2263
1751222767558 0.680454432964325 2264
1751222768625 0.9414007067680359 2265
1751222769639 0.9360101819038391 2266
1751222770699 0.848550021648407 2267
1751222771727 0.9246482849121094 2268
1751222772793 0.274698942899704 2269
1751222773784 0.7984089851379395 2270
1751222774827 0.8055710792541504 2271
1751222775819 0.7430324554443359 2272
1751222776802 1.0443249940872192 2273
1751222777832 0.9760881662368774 2274
1751222778849 0.6441305875778198 2275
1751222779852 0.6876952052116394 2276
1751222780890 1.7278496026992798 2277
1751222781906 0.870337188243866 2278
1751222782919 0.6616847515106201 2279
1751222783903 1.133245825767517 2280
1751222785106 0.7122917771339417 2281
1751222786181 0.5839855074882507 2282
1751222787296 1.0007048845291138 2283
1751222788340 0.6088239550590515 2284
1751222789340 1.844504714012146 2285
1751222790361 0.7614421844482422 2286
1751222791421 0.7458915710449219 2287
1751222792407 0.6643986105918884 2288
1751222793392 0.8078868985176086 2289
1751222794401 0.9887377023696899 2290
1751222795441 0.8422079086303711 2291
1751222796476 0.6502746939659119 2292
1751222797519 0.6079872250556946 2293
1751222798517 1.494638204574585 2294
1751222799539 1.4952362775802612 2295
1751222800579 0.6853998303413391 2296
1751222801643 0.8708818554878235 2297
1751222802682 0.46597805619239807 2298
1751222803721 0.6188624501228333 2299
1751222804741 1.0588144063949585 2300
1751222805767 0.886448323726654 2301
1751222807148 0.6679645776748657 2302
1751222808210 1.2737189531326294 2303
1751222809269 0.8891631960868835 2304
1751222810303 0.6659534573554993 2305
1751222811179 1.2491987943649292 2306
1751222812269 0.8769683241844177 2307
1751222813314 0.4278949797153473 2308
1751222814386 0.949675977230072 2309
1751222815375 0.875003457069397 2310
1751222816436 0.9292465448379517 2311
1751222817460 1.0360575914382935 2312
1751222818494 0.9624900817871094 2313
1751222819501 1.1831563711166382 2314
1751222820508 1.3742742538452148 2315
1751222821526 0.2746030390262604 2316
1751222822516 1.1528615951538086 2317
1751222823535 1.0373640060424805 2318
1751222824392 1.1074966192245483 2319
1751222825408 1.125267505645752 2320
1751222826452 0.932805061340332 2321
1751222827484 1.2326759099960327 2322
1751222828516 1.4544113874435425 2323
1751222829372 0.7638973593711853 2324
1751222830434 0.5687658190727234 2325
1751222831483 0.810445249080658 2326
1751222832504 0.4815237522125244 2327
1751222833521 0.6572126746177673 2328
1751222834552 1.4701963663101196 2329
1751222835620 1.0719423294067383 2330
1751222836477 0.18496330082416534 2331
1751222837479 0.6745691895484924 2332
1751222838504 1.6419556140899658 2333
1751222839554 0.11005803197622299 2334
1751222840570 0.8025223612785339 2335
1751222841556 1.10859215259552 2336
1751222842602 0.7290696501731873 2337
1751222843600 0.9079775214195251 2338
1751222844611 0.5976179242134094 2339
1751222845632 0.6231033802032471 2340
1751222846648 0.8083662390708923 2341
1751222847659 1.0403279066085815 2342
1751222848537 1.729331612586975 2343
1751222849623 1.0369826555252075 2344
1751222850640 0.023734793066978455 2345
1751222851653 1.1500873565673828 2346
1751222852659 0.9421343803405762 2347
1751222853686 0.6190236210823059 2348
1751222854728 0.9272050261497498 2349
1751222855923 0.7559594511985779 2350
1751222857001 0.8591353297233582 2351
1751222858082 0.5964760184288025 2352
1751222859092 0.8385505676269531 2353
1751222860130 1.1369386911392212 2354
1751222861183 0.7633838057518005 2355
1751222862284 0.6647242307662964 2356
1751222863323 0.7823467254638672 2357
1751222864405 0.9799006581306458 2358
1751222865418 0.6117306351661682 2359
1751222866442 0.5199047327041626 2360
1751222867478 0.5529922246932983 2361
1751222868525 0.4786730706691742 2362
1751222869544 0.5103368163108826 2363
1751222870572 0.9121561050415039 2364
1751222871654 0.5968565344810486 2365
1751222872797 0.7563818097114563 2366
1751222873832 0.954338014125824 2367
1751222874855 0.561373233795166 2368
1751222875864 1.181520700454712 2369
1751222876909 1.138421654701233 2370
1751222877942 0.9670464396476746 2371
1751222878969 0.7353119850158691 2372
1751222879989 1.254118800163269 2373
1751222881060 0.43939638137817383 2374
1751222882091 0.9241160750389099 2375
1751222882993 1.3569767475128174 2376
1751222884332 1.0312633514404297 2377
1751222885377 1.2387813329696655 2378
1751222886427 1.474998116493225 2379
1751222887438 0.778772234916687 2380
1751222888466 0.8495532870292664 2381
1751222889659 0.7123481631278992 2382
1751222890941 0.7385870814323425 2383
1751222891938 0.7077612280845642 2384
1751222892840 1.0878729820251465 2385
1751222893864 0.8095566034317017 2386
1751222894888 0.840475857257843 2387
1751222895942 0.5947504639625549 2388
1751222896965 0.7876233458518982 2389
1751222898014 0.7510879039764404 2390
1751222899034 0.8028114438056946 2391
1751222900073 0.44975361227989197 2392
1751222901144 1.0666216611862183 2393
1751222902141 0.7453606724739075 2394
1751222903295 0.9417001008987427 2395
1751222904553 0.9108613133430481 2396
1751222905625 1.021074891090393 2397
1751222906652 0.5987544059753418 2398
1751222907807 1.1212986707687378 2399
1751222908863 1.728768229484558 2400
1751222909931 0.7734953761100769 2401
1751222910954 1.050785779953003 2402
1751222912023 0.7328172922134399 2403
1751222913044 0.8767668008804321 2404
1751222913974 1.097529411315918 2405
1751222915059 0.9234520196914673 2406
1751222916150 0.6229471564292908 2407
1751222917227 0.23191992938518524 2408
1751222918257 1.0919595956802368 2409
1751222919373 0.711143434047699 2410
1751222920486 0.5457956194877625 2411
1751222921532 0.6719967722892761 2412
1751222922535 0.5769422054290771 2413
1751222923673 1.2978200912475586 2414
1751222924707 0.7368060946464539 2415
1751222925717 1.0543190240859985 2416
1751222926775 0.924294650554657 2417
1751222927814 0.7162778377532959 2418
1751222928843 0.9538669586181641 2419
1751222929839 0.8268476128578186 2420
1751222930870 0.9220559000968933 2421
1751222931924 0.6453956961631775 2422
1751222932978 0.7485369443893433 2423
1751222934031 1.0174522399902344 2424
1751222934912 1.2013133764266968 2425
1751222935944 0.7416926026344299 2426
1751222936799 1.5796782970428467 2427
1751222937823 0.9067921042442322 2428
1751222938863 0.6575217247009277 2429
1751222939892 0.8654903769493103 2430
1751222940929 0.20029711723327637 2431
1751222941937 1.678876280784607 2432
1751222942980 0.6368970274925232 2433
1751222943997 0.8437179923057556 2434
1751222945053 1.2294020652770996 2435
1751222946119 1.427843451499939 2436
1751222947027 1.161476969718933 2437
1751222947896 1.8271312713623047 2438
1751222948977 0.7754713296890259 2439
1751222950086 0.7807971239089966 2440
1751222951118 0.6671233177185059 2441
1751222952335 0.775793731212616 2442
1751222953379 0.5073081254959106 2443
1751222954438 1.0017212629318237 2444
1751222955493 1.0257631540298462 2445
1751222956511 0.6876318454742432 2446
1751222957540 0.6649518609046936 2447
1751222958583 0.8586639761924744 2448
1751222959641 1.0359187126159668 2449
1751222960680 0.5707750916481018 2450
1751222961719 0.7573503851890564 2451
1751222962752 0.7573906779289246 2452
1751222963813 0.6864386200904846 2453
1751222964719 2.306347608566284 2454
1751222965749 1.0633829832077026 2455
1751222966773 0.5284041166305542 2456
1751222967912 0.8221464157104492 2457
1751222969101 0.5449756383895874 2458
1751222970156 0.4645654261112213 2459
1751222971183 0.3662562668323517 2460
1751222972203 0.6865891814231873 2461
1751222973209 0.549981951713562 2462
1751222974241 0.7913422584533691 2463
1751222975258 1.2345513105392456 2464
1751222976286 0.7078566551208496 2465
1751222977311 0.7165040373802185 2466
1751222978314 0.5226090550422668 2467
1751222979343 1.035624384880066 2468
1751222980421 1.0839356184005737 2469
1751222981536 0.7313305735588074 2470
1751222982534 0.7438137531280518 2471
1751222983689 1.3377858400344849 2472
1751222984817 0.700767993927002 2473
1751222985886 0.7009050250053406 2474
1751222986894 0.6564409136772156 2475
1751222987909 0.994384229183197 2476
1751222988935 1.0615062713623047 2477
1751222989924 0.8937675356864929 2478
1751222990780 1.2256157398223877 2479
1751222991779 0.9105396866798401 2480
1751222992788 0.8886049389839172 2481
1751222993800 0.7407882809638977 2482
1751222994835 0.8653393983840942 2483
1751222995838 0.8160266876220703 2484
1751222997092 0.7730825543403625 2485
1751222998105 0.8016258478164673 2486
1751222999180 1.5064404010772705 2487
1751223000224 0.5453284382820129 2488
1751223001246 1.5162222385406494 2489
1751223002091 0.7296156287193298 2490
1751223003074 0.6767666339874268 2491
1751223004072 1.0733240842819214 2492
1751223005113 0.6674708724021912 2493
1751223006126 1.2237509489059448 2494
1751223007207 0.7601553797721863 2495
1751223008235 1.007341980934143 2496
1751223009254 0.7766473889350891 2497
1751223010272 0.8295601010322571 2498
1751223011290 1.2516988515853882 2499
1751223012288 0.551677405834198 2500
1751223013301 1.14238440990448 2501
1751223014338 0.7992739081382751 2502
1751223015327 0.7463459372520447 2503
1751223016342 1.50253427028656 2504
1751223017392 0.8674519658088684 2505
1751223018396 0.3738175630569458 2506
1751223019403 0.7711614966392517 2507
1751223020443 0.7314454317092896 2508
1751223021462 1.8111988306045532 2509
1751223022342 1.5897403955459595 2510
1751223023375 0.6115794777870178 2511
1751223024386 1.1091738939285278 2512
1751223025417 0.8116233944892883 2513
1751223026430 0.704951822757721 2514
1751223027435 0.9959866404533386 2515
1751223028445 0.8847648501396179 2516
1751223029342 0.6080244779586792 2517
1751223030356 1.0631929636001587 2518
1751223031360 1.0978447198867798 2519
1751223032371 0.6705549359321594 2520
1751223033374 0.8713272213935852 2521
1751223034430 0.7412867546081543 2522
1751223035439 0.5074296593666077 2523
1751223036330 1.2487974166870117 2524
1751223037355 2.033135414123535 2525
1751223038354 0.7411800622940063 2526
1751223039358 0.8544405102729797 2527
1751223040410 0.6187154650688171 2528
1751223041424 0.8759722709655762 2529
1751223042454 0.6695466041564941 2530
1751223043475 1.0242811441421509 2531
1751223044468 0.3510212004184723 2532
1751223045531 0.7288214564323425 2533
1751223046621 0.4064030647277832 2534
1751223047757 0.22166776657104492 2535
1751223048755 1.4821661710739136 2536
1751223049607 1.7293939590454102 2537
1751223050490 0.9903440475463867 2538
1751223051512 0.9265081286430359 2539
1751223052544 1.0199536085128784 2540
1751223053537 0.921116828918457 2541
1751223054583 0.6822590827941895 2542
1751223055622 1.2223376035690308 2543
1751223056532 0.8632213473320007 2544
1751223057530 0.854186475276947 2545
1751223058541 0.9810258746147156 2546
1751223059563 0.8669412732124329 2547
1751223060630 0.8476437926292419 2548
1751223061642 1.982493281364441 2549
1751223062656 1.0712947845458984 2550
1751223063723 0.5625026822090149 2551
1751223064850 0.5795283913612366 2552
1751223065871 0.7627517580986023 2553
1751223067133 1.0320854187011719 2554
1751223068137 1.2430967092514038 2555
1751223069130 0.5066047310829163 2556
1751223070113 1.2600024938583374 2557
1751223071095 0.7191513180732727 2558
1751223072098 0.6317142248153687 2559
1751223073171 1.7713876962661743 2560
1751223074199 0.6224374175071716 2561
1751223075194 0.8468122482299805 2562
1751223076206 0.9588509798049927 2563
1751223077107 0.9641193747520447 2564
1751223078121 0.9633968472480774 2565
1751223079166 1.3264964818954468 2566
1751223080255 0.04972333833575249 2567
1751223081412 1.9391536712646484 2568
1751223082307 1.1224470138549805 2569
1751223083300 0.6888516545295715 2570
1751223084309 0.6554970145225525 2571
1751223085420 1.26132333278656 2572
1751223086455 0.9490358233451843 2573
1751223087522 1.3393090963363647 2574
1751223088353 1.3227617740631104 2575
1751223089345 1.0896213054656982 2576
1751223090345 0.5036235451698303 2577
1751223091331 0.8319738507270813 2578
1751223092325 0.9825598001480103 2579
1751223093317 0.6529926657676697 2580
1751223094346 1.1802239418029785 2581
1751223095378 1.0598764419555664 2582
1751223096410 0.8416385650634766 2583
1751223097438 0.9537206888198853 2584
1751223098448 1.4835060834884644 2585
1751223099469 0.6262441873550415 2586
1751223100506 1.304916262626648 2587
1751223101444 1.820716142654419 2588
1751223102453 0.7084209322929382 2589
1751223103455 0.7307056784629822 2590
1751223104469 1.9622316360473633 2591
1751223105553 0.6855849623680115 2592
1751223106532 1.397950530052185 2593
1751223107517 0.4775143265724182 2594
1751223108511 0.7310417294502258 2595
1751223109560 0.586872935295105 2596
1751223110443 0.8313609957695007 2597
1751223111448 0.7670850157737732 2598
1751223112468 1.080405592918396 2599
1751223113491 0.7091862559318542 2600
1751223114472 1.0246341228485107 2601
1751223115475 0.7430787086486816 2602
1751223116463 1.324183464050293 2603
1751223117481 2.0369560718536377 2604
1751223118473 0.8787579536437988 2605
1751223119371 0.9991532564163208 2606
1751223120362 0.9692201614379883 2607
1751223121386 0.7777232527732849 2608
1751223122403 0.9993211627006531 2609
1751223123385 0.7042319774627686 2610
1751223124373 0.9839841723442078 2611
1751223125352 0.7505964040756226 2612
1751223126381 0.8295901417732239 2613
1751223127420 1.0770539045333862 2614
1751223128434 0.6428065299987793 2615
1751223129423 0.7061159014701843 2616
1751223130392 0.7181762456893921 2617
1751223131395 0.21519602835178375 2618
1751223132256 0.6760284900665283 2619
1751223133266 0.7779868841171265 2620
1751223134313 0.6571519374847412 2621
1751223135299 1.7347034215927124 2622
1751223136320 0.6476513147354126 2623
1751223137555 0.7619571685791016 2624
1751223138556 1.2390269041061401 2625
1751223139560 1.1078308820724487 2626
1751223140531 0.13544367253780365 2627
1751223141525 1.1054848432540894 2628
1751223142550 1.1424521207809448 2629
1751223143545 0.9253593683242798 2630
1751223144544 1.0209728479385376 2631
1751223145559 0.7705627679824829 2632
1751223146593 0.9224920272827148 2633
1751223147598 0.8604183197021484 2634
1751223148587 0.6206508874893188 2635
1751223149611 1.019007921218872 2636
1751223150643 0.9985990524291992 2637
1751223151551 1.2430132627487183 2638
1751223152504 1.0911744832992554 2639
1751223153629 0.27526769042015076 2640
1751223154516 1.1026428937911987 2641
1751223155365 1.3733669519424438 2642
1751223156344 0.7287527322769165 2643
1751223157418 0.7813979387283325 2644
1751223158414 0.5200302004814148 2645
1751223159398 0.5753955245018005 2646
1751223160372 0.470143586397171 2647
1751223161363 0.38730865716934204 2648
1751223162261 2.772459030151367 2649
1751223163286 0.802777886390686 2650
1751223164300 0.823716938495636 2651
1751223165331 0.21513152122497559 2652
1751223166324 1.1171455383300781 2653
1751223167340 0.6615540385246277 2654
1751223168395 0.6881143450737 2655
1751223169442 0.5726745128631592 2656
1751223170576 1.1871864795684814 2657
1751223171599 2.56766676902771 2658
1751223172646 0.5591812133789062 2659
1751223173673 0.8054695129394531 2660
1751223174656 0.5259954929351807 2661
1751223175517 0.7256953120231628 2662
1751223176507 1.3434025049209595 2663
1751223177526 0.9011819958686829 2664
1751223178535 0.9634855389595032 2665
1751223179394 1.956419825553894 2666
1751223180238 1.3834915161132812 2667
1751223181216 1.0217574834823608 2668
1751223182273 1.2690290212631226 2669
1751223183261 0.9700239300727844 2670
1751223184314 1.4097800254821777 2671
1751223185318 1.804718017578125 2672
1751223186322 0.3966022729873657 2673
1751223187324 0.6969075798988342 2674
1751223188334 0.5807938575744629 2675
1751223189330 0.9080009460449219 2676
1751223190336 0.6273679733276367 2677
1751223191338 0.7523714303970337 2678
1751223192373 0.4291308522224426 2679
1751223193383 0.8567342758178711 2680
1751223194352 0.7576762437820435 2681
1751223195348 0.11698272824287415 2682
1751223196385 0.9459978342056274 2683
1751223197418 0.7691213488578796 2684
1751223198404 0.7996994853019714 2685
1751223199427 0.2200585901737213 2686
1751223200410 0.7781027555465698 2687
1751223201348 1.9185373783111572 2688
1751223202319 1.266443133354187 2689
1751223203322 0.8647297024726868 2690
1751223204164 1.3976500034332275 2691
1751223205231 0.8653713464736938 2692
1751223206213 1.177768349647522 2693
1751223207053 1.1565802097320557 2694
1751223208291 1.1362333297729492 2695
1751223209295 0.7919546961784363 2696
1751223210361 0.7354143261909485 2697
1751223211347 1.1421492099761963 2698
1751223212341 0.1133895143866539 2699
1751223213356 0.7986475825309753 2700
1751223214374 1.0793746709823608 2701
1751223215379 0.4135076403617859 2702
1751223216359 1.3691232204437256 2703
1751223217377 0.758184552192688 2704
1751223218380 1.010776162147522 2705
1751223219234 0.9752837419509888 2706
1751223220232 0.8361243605613708 2707
1751223221286 0.7937092185020447 2708
1751223222267 0.7796637415885925 2709
1751223223268 1.0458916425704956 2710
1751223224259 0.570516049861908 2711
1751223225255 0.8724042773246765 2712
1751223226249 0.7972556352615356 2713
1751223227242 0.9409828186035156 2714
1751223228245 0.4809706211090088 2715
1751223229220 0.7088451385498047 2716
1751223230238 0.8442021608352661 2717
1751223231278 0.524748682975769 2718
1751223232293 0.6541115045547485 2719
1751223233329 0.8017317056655884 2720
1751223234306 1.298147201538086 2721
1751223235167 1.0739316940307617 2722
1751223236154 1.3331422805786133 2723
1751223237176 1.6661300659179688 2724
1751223238201 0.5151738524436951 2725
1751223239242 0.7832444310188293 2726
1751223240271 1.3509663343429565 2727
1751223241372 0.6934486627578735 2728
1751223242480 0.7655057311058044 2729
1751223243335 0.5751755237579346 2730
1751223244346 0.799826443195343 2731
1751223245365 0.957973301410675 2732
1751223246378 0.9235181212425232 2733
1751223247382 0.7480983138084412 2734
1751223248381 0.7658862471580505 2735
1751223249227 2.2007839679718018 2736
1751223250239 0.6820092797279358 2737
1751223251241 1.5118823051452637 2738
1751223252224 1.0212697982788086 2739
1751223253235 0.8335343599319458 2740
1751223254255 0.6862841844558716 2741
1751223255304 1.1578686237335205 2742
1751223256329 1.021461009979248 2743
1751223257368 1.5424495935440063 2744
1751223258548 0.6231850981712341 2745
1751223259592 0.6146611571311951 2746
1751223260601 1.1839908361434937 2747
1751223261581 0.656268298625946 2748
1751223262467 1.1164766550064087 2749
1751223263502 0.5823109745979309 2750
1751223264481 1.0728075504302979 2751
1751223265497 1.1974207162857056 2752
1751223266533 0.5188490748405457 2753
1751223267524 0.6933590173721313 2754
1751223268512 0.9552847146987915 2755
1751223269367 0.73222815990448 2756
1751223270376 0.6794814467430115 2757
1751223271362 0.5384255051612854 2758
1751223272376 0.7755703926086426 2759
1751223273362 0.7551089525222778 2760
1751223274366 0.9293901324272156 2761
1751223275343 0.9919552206993103 2762
1751223276358 0.8814319968223572 2763
1751223277215 0.6685444712638855 2764
1751223278439 0.9628108143806458 2765
1751223279452 0.9533548355102539 2766
1751223280318 1.1368074417114258 2767
1751223281331 0.5857043266296387 2768
1751223282306 1.1657321453094482 2769
1751223283306 0.6247671842575073 2770
1751223284275 0.7874757647514343 2771
1751223285287 0.6193065643310547 2772
1751223286278 0.7345564961433411 2773
1751223287130 1.18045175075531 2774
1751223287974 1.823889970779419 2775
1751223289003 0.514920711517334 2776
1751223290004 0.629229724407196 2777
1751223290861 1.3994081020355225 2778
1751223291887 1.0105303525924683 2779
1751223292868 0.8144866824150085 2780
1751223293879 0.8281891942024231 2781
1751223294943 0.9454105496406555 2782
1751223295973 0.7631720304489136 2783
1751223297006 1.2232533693313599 2784
1751223298039 0.5721010565757751 2785
1751223299056 0.6017247438430786 2786
1751223300070 1.0492361783981323 2787
1751223301095 0.6322124004364014 2788
1751223302125 0.6937503218650818 2789
1751223302969 0.8436266183853149 2790
1751223303970 0.4503287374973297 2791
1751223305001 0.6324846148490906 2792
1751223305992 0.705119788646698 2793
1751223306990 0.9419050216674805 2794
1751223308034 0.417997270822525 2795
1751223309051 0.8420042395591736 2796
1751223310068 1.2614845037460327 2797
1751223311092 1.0223122835159302 2798
1751223312086 1.381607174873352 2799
1751223313090 0.7688269019126892 2800
1751223314200 0.8197064399719238 2801
1751223315369 0.6110488176345825 2802
1751223316390 0.7362017035484314 2803
1751223317411 0.9544898271560669 2804
1751223318420 0.6036486625671387 2805
1751223319434 0.7878981828689575 2806
1751223320408 0.9005802273750305 2807
1751223321255 0.8167383074760437 2808
1751223322289 0.8366062045097351 2809
1751223323302 1.0432204008102417 2810
1751223324175 1.0598734617233276 2811
1751223325196 1.0458776950836182 2812
1751223326244 0.8856936097145081 2813
1751223327234 0.8532312512397766 2814
1751223328263 0.8174806833267212 2815
1751223329318 1.1542508602142334 2816
1751223330312 0.6251601576805115 2817
1751223331210 2.6790263652801514 2818
1751223332279 0.4764740467071533 2819
1751223333475 1.0886563062667847 2820
1751223334484 0.9556991457939148 2821
1751223335481 1.6109532117843628 2822
1751223336512 0.7620287537574768 2823
1751223337517 0.5082933306694031 2824
1751223338524 0.6779013276100159 2825
1751223339395 1.933550477027893 2826
1751223340399 0.9416694641113281 2827
1751223341434 0.7668808102607727 2828
1751223342491 0.8337082266807556 2829
1751223343523 0.8053135275840759 2830
1751223344527 0.9030643701553345 2831
1751223345523 0.8093542456626892 2832
1751223346528 0.4292892515659332 2833
1751223347911 0.7825446128845215 2834
1751223348899 0.8089556694030762 2835
1751223350070 0.7189088463783264 2836
1751223350933 0.19978280365467072 2837
1751223351824 0.9487006068229675 2838
1751223352833 1.1967934370040894 2839
1751223353807 0.4253711700439453 2840
1751223354842 0.593044638633728 2841
1751223355860 0.6570770144462585 2842
1751223356851 0.6983944773674011 2843
1751223357833 1.2794678211212158 2844
1751223358688 1.912240982055664 2845
1751223359655 0.5717636942863464 2846
1751223360653 1.580810546875 2847
1751223361644 0.7977622151374817 2848
1751223362661 0.8007387518882751 2849
1751223363698 1.4999889135360718 2850
1751223364542 2.8455207347869873 2851
1751223365514 0.8500823378562927 2852
1751223366507 0.6594698429107666 2853
1751223367537 1.3046034574508667 2854
1751223368560 0.5305508971214294 2855
1751223369561 1.1142059564590454 2856
1751223370584 0.6377298831939697 2857
1751223371474 0.7839592695236206 2858
1751223372505 0.7006498575210571 2859
1751223373563 0.9665085077285767 2860
1751223374562 0.7296258211135864 2861
1751223375580 0.8423448801040649 2862
1751223376575 1.4010488986968994 2863
1751223377434 1.2130022048950195 2864
1751223378446 0.9596546292304993 2865
1751223379451 0.9422453045845032 2866
1751223380491 1.2356830835342407 2867
1751223381511 0.604951798915863 2868
1751223382590 0.8345829844474792 2869
1751223383573 0.8212763667106628 2870
1751223384573 0.921408474445343 2871
1751223385585 1.196696162223816 2872
1751223386602 0.6068275570869446 2873
1751223387567 1.266924262046814 2874
1751223388584 0.9614278674125671 2875
1751223389586 0.8807948231697083 2876
1751223390604 0.7315332293510437 2877
1751223391599 1.1324493885040283 2878
1751223392585 0.543053150177002 2879
1751223393572 0.9706039428710938 2880
1751223394583 0.8280515670776367 2881
1751223395576 0.8029279708862305 2882
1751223396588 1.1712920665740967 2883
1751223397580 1.210418462753296 2884
1751223398635 1.0029534101486206 2885
1751223399578 0.7406834959983826 2886
1751223400638 0.985607922077179 2887
1751223401649 0.9709821343421936 2888
1751223402621 1.0612238645553589 2889
1751223403620 1.1428325176239014 2890
1751223404650 0.5302232503890991 2891
1751223405635 1.4850200414657593 2892
1751223406690 0.833901047706604 2893
1751223408035 0.7722955346107483 2894
1751223409037 1.0826629400253296 2895
1751223410054 1.0479843616485596 2896
1751223410911 0.9110676050186157 2897
1751223411921 0.6841155290603638 2898
1751223413001 0.7997637987136841 2899
1751223413999 0.7127615213394165 2900
1751223414975 1.2618340253829956 2901
1751223415967 0.6956436038017273 2902
1751223416981 0.9396530389785767 2903
1751223417977 0.6536052227020264 2904
1751223418988 0.8500067591667175 2905
1751223420037 0.8820509910583496 2906
1751223421057 0.5653809309005737 2907
1751223422132 0.5984312295913696 2908
1751223423255 0.8620346784591675 2909
1751223424140 0.7975195646286011 2910
1751223425118 0.9232583045959473 2911
1751223426103 0.5607892870903015 2912
1751223427114 0.34780004620552063 2913
1751223428100 1.3955200910568237 2914
1751223429128 0.7763215899467468 2915
1751223430115 1.2516984939575195 2916
1751223431138 0.5646646618843079 2917
1751223432150 1.1302722692489624 2918
1751223433141 1.0374650955200195 2919
1751223434140 0.8526355028152466 2920
1751223435014 1.0530964136123657 2921
1751223436025 1.0564347505569458 2922
1751223437049 0.7310106158256531 2923
1751223438098 1.224644660949707 2924
1751223438964 0.4929538071155548 2925
1751223440106 1.2290538549423218 2926
1751223441214 0.9386133551597595 2927
1751223442210 0.9301488995552063 2928
1751223443199 1.3351106643676758 2929
1751223444209 0.8810362815856934 2930
1751223445232 0.9270674586296082 2931
1751223446242 1.107815146446228 2932
1751223447096 1.433639645576477 2933
1751223448127 1.193067193031311 2934
1751223449149 0.7025184035301208 2935
1751223450150 0.9435499310493469 2936
1751223451146 0.6690845489501953 2937
1751223452163 1.3354986906051636 2938
1751223453178 0.6940183639526367 2939
1751223454186 1.0694636106491089 2940
1751223455190 1.3663371801376343 2941
1751223456236 0.5363335013389587 2942
1751223457416 0.6661589741706848 2943
1751223458459 0.6438801884651184 2944
1751223459475 1.0410263538360596 2945
1751223460472 0.5728791952133179 2946
1751223461489 0.7162516713142395 2947
1751223462473 1.5399587154388428 2948
1751223463469 0.9728250503540039 2949
1751223464448 0.8241092562675476 2950
1751223465444 0.7181991934776306 2951
1751223466424 0.7189870476722717 2952
1751223467676 0.5781530737876892 2953
1751223468671 1.1252758502960205 2954
1751223469704 0.5029900074005127 2955
1751223470719 0.9420239329338074 2956
1751223471761 0.5387452840805054 2957
1751223472829 0.9988554120063782 2958
1751223473830 2.1027233600616455 2959
1751223474840 0.708389937877655 2960
1751223475833 1.171970248222351 2961
1751223476842 0.8461522459983826 2962
1751223477856 1.065609335899353 2963
1751223478908 0.4851492941379547 2964
1751223479949 0.6981906890869141 2965
1751223480953 0.4568497836589813 2966
1751223481953 0.5245780348777771 2967
1751223482906 0.9890573620796204 2968
1751223483929 0.7421031594276428 2969
1751223484988 0.8887969255447388 2970
1751223486052 0.6684352159500122 2971
1751223487078 0.4721616804599762 2972
1751223488120 0.7306340336799622 2973
1751223489142 0.1959194391965866 2974
1751223490143 0.6842436194419861 2975
1751223491126 1.4874857664108276 2976
1751223492176 0.7978787422180176 2977
1751223493178 0.8269869685173035 2978
1751223494173 0.6931506991386414 2979
1751223495197 0.678997814655304 2980
1751223496051 1.49871027469635 2981
1751223497060 0.8207492828369141 2982
1751223498047 2.442760944366455 2983
1751223499056 0.6478484272956848 2984
1751223500081 0.8654956817626953 2985
1751223501123 1.543321132659912 2986
1751223502171 0.5800704956054688 2987
1751223503073 0.6617699861526489 2988
1751223504047 0.255246102809906 2989
1751223505035 1.2516239881515503 2990
1751223505880 1.390882134437561 2991
1751223506881 0.5455743074417114 2992
1751223507883 1.2624887228012085 2993
1751223508882 0.8093616366386414 2994
1751223509888 1.5349626541137695 2995
1751223510921 0.8281795382499695 2996
1751223511922 1.8461273908615112 2997
1751223513070 0.5413572192192078 2998
1751223514098 1.6672766208648682 2999
1751223515110 0.3411320745944977 3000
1751223516129 0.5013769268989563 3001
1751223517157 0.5466552376747131 3002
1751223518225 0.9960905313491821 3003
1751223519247 1.9277340173721313 3004
1751223520103 1.3474178314208984 3005
1751223521141 0.8272437453269958 3006
1751223522137 0.8753248453140259 3007
1751223523191 0.7854433059692383 3008
1751223524216 0.6796204447746277 3009
1751223525082 1.1291297674179077 3010
1751223526092 0.8702287673950195 3011
1751223527338 2.54075026512146 3012
1751223528521 0.46459338068962097 3013
1751223529587 1.2737677097320557 3014
1751223530596 0.9652573466300964 3015
1751223531453 2.265155553817749 3016
1751223532459 0.8464412093162537 3017
1751223533482 1.1331523656845093 3018
1751223534484 0.7608737945556641 3019
1751223535335 0.6988016963005066 3020
1751223536338 0.29513415694236755 3021
1751223537348 0.9451151490211487 3022
1751223538339 0.6265149116516113 3023
1751223539335 0.9410446286201477 3024
1751223540325 0.8883849382400513 3025
1751223541372 1.135269284248352 3026
1751223542405 0.7063579559326172 3027
1751223543420 0.7239066958427429 3028
1751223544511 0.5992226004600525 3029
1751223545675 0.6664120554924011 3030
1751223546692 0.47601988911628723 3031
1751223547715 0.7430723309516907 3032
1751223548717 1.435958981513977 3033
1751223549564 1.2033212184906006 3034
1751223550570 0.30704596638679504 3035
1751223551580 0.5413885116577148 3036
1751223552593 0.9944166541099548 3037
1751223553587 1.2196675539016724 3038
1751223554612 0.8171026110649109 3039
1751223555596 0.5072775483131409 3040
1751223556603 0.8811788558959961 3041
1751223557617 0.5725539922714233 3042
1751223558627 0.6654998660087585 3043
1751223559483 2.011665105819702 3044
1751223560523 1.3346613645553589 3045
1751223561518 0.39937543869018555 3046
1751223562356 1.5069735050201416 3047
1751223563370 0.6595667004585266 3048
1751223564398 0.5248695611953735 3049
1751223565466 0.7713443636894226 3050
1751223566468 0.7951052784919739 3051
1751223567448 0.8201970458030701 3052
1751223568316 1.0697380304336548 3053
1751223569297 0.8726935386657715 3054
1751223570286 0.8279757499694824 3055
1751223571279 0.7885553240776062 3056
1751223572268 1.243097186088562 3057
1751223573306 0.6489104628562927 3058
1751223574318 0.48103997111320496 3059
1751223575368 0.8899612426757812 3060
1751223576341 0.9904678463935852 3061
1751223577355 1.0749057531356812 3062
1751223578242 1.2833360433578491 3063
1751223579234 0.7422868013381958 3064
1751223580227 0.8047537207603455 3065
1751223581108 1.0504779815673828 3066
1751223582137 1.0511133670806885 3067
1751223583110 1.1074846982955933 3068
1751223584142 0.7677991390228271 3069
1751223585170 0.7055715918540955 3070
1751223586202 0.6460549831390381 3071
1751223587413 0.6850098967552185 3072
1751223588416 1.383233904838562 3073
1751223589451 0.801534116268158 3074
1751223590472 0.9524411559104919 3075
1751223591450 1.4870538711547852 3076
1751223592497 0.8703810572624207 3077
1751223593516 0.47859618067741394 3078
1751223594521 0.46767374873161316 3079
1751223595436 1.266692042350769 3080
1751223596486 0.5417170524597168 3081
1751223597507 0.6691926121711731 3082
1751223598553 0.5983880162239075 3083
1751223599576 0.688149631023407 3084
1751223600654 0.8711358904838562 3085
1751223601805 1.2660273313522339 3086
1751223602842 0.716031551361084 3087
1751223603846 0.9737964868545532 3088
1751223604860 1.1760597229003906 3089
1751223605870 0.9070953726768494 3090
1751223606923 0.6760440468788147 3091
1751223607919 0.9145753979682922 3092
1751223608925 1.0033940076828003 3093
1751223609968 0.8383962512016296 3094
1751223610963 0.9887572526931763 3095
1751223611963 0.7281332015991211 3096
1751223613029 0.6094682216644287 3097
1751223614041 0.5868110656738281 3098
1751223615084 0.7276372313499451 3099
1751223616101 0.7988491654396057 3100
1751223617226 0.8530481457710266 3101
1751223618381 1.384836196899414 3102
1751223619398 0.36465689539909363 3103
1751223620245 1.0618876218795776 3104
1751223621250 0.5812698602676392 3105
1751223622269 0.9592113494873047 3106
1751223623277 0.7542500495910645 3107
1751223624303 1.0997813940048218 3108
1751223625361 1.1266411542892456 3109
1751223626366 0.788762629032135 3110
1751223627379 0.47104117274284363 3111
1751223628359 0.791333019733429 3112
1751223629387 0.6720775961875916 3113
1751223630388 1.2430845499038696 3114
1751223631400 0.7868215441703796 3115
1751223632435 1.5114516019821167 3116
1751223633492 0.7994421124458313 3117
1751223634644 0.47779303789138794 3118
1751223635690 0.7891255021095276 3119
1751223636704 1.6817524433135986 3120
1751223637754 1.6075853109359741 3121
1751223638767 0.7991347908973694 3122
1751223639762 0.827258288860321 3123
1751223640778 0.8788896799087524 3124
1751223641787 0.8388661742210388 3125
1751223642815 0.6926555633544922 3126
1751223643803 0.42708250880241394 3127
1751223644804 1.1978305578231812 3128
1751223645837 1.3705252408981323 3129
1751223646708 0.08334162831306458 3130
1751223647722 0.8917402029037476 3131
1751223648977 0.6906553506851196 3132
1751223649966 0.9571276903152466 3133
1751223650959 0.8753498196601868 3134
1751223651809 1.0129042863845825 3135
1751223652807 1.2124112844467163 3136
1751223653816 0.7221861481666565 3137
1751223654817 1.0237196683883667 3138
1751223655820 0.5109298825263977 3139
1751223656859 0.6676002740859985 3140
1751223657896 0.6697413325309753 3141
1751223658795 0.7441074848175049 3142
1751223659801 0.01939406618475914 3143
1751223660872 0.9951924681663513 3144
1751223661874 1.1118978261947632 3145
1751223662875 0.6881143450737 3146
1751223663881 1.0028411149978638 3147
1751223664804 1.3696247339248657 3148
1751223665829 1.1511061191558838 3149
1751223666875 0.632122814655304 3150
1751223667878 0.8699744343757629 3151
1751223668904 0.6491836905479431 3152
1751223669914 0.7055162787437439 3153
1751223670895 0.4316675662994385 3154
1751223671904 0.7586948871612549 3155
1751223672907 0.7783445119857788 3156
1751223673918 0.6474077701568604 3157
1751223674902 1.1303660869598389 3158
1751223675903 0.8866569399833679 3159
1751223676901 1.204315185546875 3160
1751223677911 0.7406647205352783 3161
1751223678931 0.6755911707878113 3162
1751223679967 0.3239099383354187 3163
1751223680971 0.6875653266906738 3164
1751223682065 0.605232298374176 3165
1751223683098 1.055246353149414 3166
1751223684096 0.887995183467865 3167
1751223685135 1.4470462799072266 3168
1751223686134 0.7472950220108032 3169
1751223687124 0.6027517318725586 3170
1751223687983 1.1397955417633057 3171
1751223688963 0.9846797585487366 3172
1751223689964 0.6740210652351379 3173
1751223690983 1.2553937435150146 3174
1751223691991 0.7539365291595459 3175
1751223692977 2.388343095779419 3176
1751223693988 0.9237679839134216 3177
1751223695024 0.9533253908157349 3178
1751223696069 0.04270138218998909 3179
1751223697169 0.8538314700126648 3180
1751223698371 0.5122567415237427 3181
1751223699377 0.7866565585136414 3182
1751223700412 1.1909990310668945 3183
1751223701271 1.0080286264419556 3184
1751223702289 1.101654052734375 3185
1751223703302 0.7619973421096802 3186
1751223704296 0.7314891815185547 3187
1751223705683 0.7007727026939392 3188
1751223706693 0.9774785041809082 3189
1751223707694 0.34944096207618713 3190
1751223708689 0.9386846423149109 3191
1751223709701 1.5753501653671265 3192
1751223710729 1.0577839612960815 3193
1751223711785 1.1581155061721802 3194
1751223712807 0.7601084113121033 3195
1751223713828 0.5097072720527649 3196
1751223714874 0.8182441592216492 3197
1751223716058 0.7177822589874268 3198
1751223717107 0.637590229511261 3199
1751223718091 1.6491899490356445 3200
1751223719122 1.2388006448745728 3201
1751223720110 0.9675135016441345 3202
1751223721111 1.6032692193984985 3203
1751223722176 0.7360655665397644 3204
1751223723057 1.4043364524841309 3205
1751223724062 0.9229370951652527 3206
1751223725107 0.5595585107803345 3207
1751223725987 1.4693228006362915 3208
1751223727016 0.7445256114006042 3209
1751223727990 0.8524259924888611 3210
1751223729005 1.0546091794967651 3211
1751223729923 1.0570887327194214 3212
1751223731086 0.8394970893859863 3213
1751223732108 0.6039286255836487 3214
1751223733173 0.8667225241661072 3215
1751223734156 0.5685636401176453 3216
1751223735233 1.0648096799850464 3217
1751223736233 0.42124515771865845 3218
1751223737237 0.07278796285390854 3219
1751223738262 0.9348187446594238 3220
1751223739271 0.407293438911438 3221
1751223740327 0.8556398749351501 3222
1751223741317 0.40388497710227966 3223
1751223742348 0.6811670660972595 3224
1751223743380 0.6305577158927917 3225
1751223744400 0.9233617186546326 3226
1751223745450 0.7072660326957703 3227
1751223746428 0.5162472128868103 3228
1751223747428 0.9957627654075623 3229
1751223748430 0.8947181701660156 3230
1751223749449 0.8970069289207458 3231
1751223750478 0.6969373226165771 3232
1751223751510 1.1321172714233398 3233
1751223752524 0.8391224145889282 3234
1751223753391 0.5505030751228333 3235
1751223754414 1.0790659189224243 3236
1751223755400 1.3047691583633423 3237
1751223756665 0.5344570875167847 3238
1751223757662 1.0548286437988281 3239
1751223758648 0.8589302897453308 3240
1751223759651 0.8996172547340393 3241
1751223760726 0.7182266116142273 3242
1751223761720 0.5334230661392212 3243
1751223762746 0.5238569974899292 3244
1751223763783 0.04183434695005417 3245
1751223764793 1.1254677772521973 3246
1751223765798 1.3057888746261597 3247
1751223766801 0.7508710026741028 3248
1751223767795 1.0869476795196533 3249
1751223768786 0.7282671332359314 3250
1751223769806 0.6742574572563171 3251
1751223770803 0.20853382349014282 3252
1751223771820 0.8378826379776001 3253
1751223772807 0.8573442697525024 3254
1751223773805 1.0722408294677734 3255
1751223774824 0.9988486170768738 3256
1751223775696 1.216200590133667 3257
1751223776688 0.8976024985313416 3258
1751223777678 1.0363150835037231 3259
1751223778670 1.0363496541976929 3260
1751223779671 0.6344348192214966 3261
1751223780688 1.5565707683563232 3262
1751223781698 1.1645547151565552 3263
1751223782705 0.7214407324790955 3264
1751223783728 0.7202750444412231 3265
1751223784739 0.5787366032600403 3266
1751223785769 0.8698302507400513 3267
1751223786910 0.7075205445289612 3268
1751223787929 0.8266305923461914 3269
1751223788961 0.5435755252838135 3270
1751223789986 0.6683722734451294 3271
1751223790842 0.9512279033660889 3272
1751223791911 0.8151046633720398 3273
1751223792913 0.7079270482063293 3274
1751223793918 0.8093550205230713 3275
1751223794983 0.622443675994873 3276
1751223796020 0.5202459096908569 3277
1751223797061 0.9292775988578796 3278
1751223798104 0.8836913108825684 3279
1751223799003 0.13418664038181305 3280
1751223799990 0.9002225995063782 3281
1751223800968 1.3944106101989746 3282
1751223801993 0.6687143445014954 3283
1751223803160 1.5476435422897339 3284
1751223804169 0.7440370917320251 3285
1751223805202 0.04062189534306526 3286
1751223806171 0.9275864958763123 3287
1751223807187 0.1973491907119751 3288
1751223808201 0.9965677261352539 3289
1751223809218 1.2923879623413086 3290
1751223810275 0.8801213502883911 3291
1751223811270 0.8548253178596497 3292
1751223812119 1.2815074920654297 3293
1751223813114 1.1014012098312378 3294
1751223814128 0.6744930744171143 3295
1751223815151 0.7176417112350464 3296
1751223816215 0.7236404418945312 3297
1751223817546 1.153822898864746 3298
1751223818433 0.7545097470283508 3299
1751223819506 0.5781711935997009 3300
1751223820709 0.882850170135498 3301
1751223821722 0.6720117926597595 3302
1751223822744 2.0260732173919678 3303
1751223823723 0.9681703448295593 3304
1751223824733 0.9865928292274475 3305
1751223825797 1.2583450078964233 3306
1751223826840 0.26370927691459656 3307
1751223827848 0.8046357035636902 3308
1751223828848 0.8219994902610779 3309
1751223829849 1.6624513864517212 3310
1751223830881 0.738983690738678 3311
1751223831895 1.168562412261963 3312
1751223832890 0.5216321349143982 3313
1751223833815 1.0982626676559448 3314
1751223834838 0.6468266844749451 3315
1751223835839 0.8922483325004578 3316
1751223836879 0.6622724533081055 3317
1751223837877 0.9240805506706238 3318
1751223838850 1.207374930381775 3319
1751223839844 1.0514084100723267 3320
1751223840722 1.0380092859268188 3321
1751223841792 0.64830082654953 3322
1751223842810 0.8548952341079712 3323
1751223843809 1.1489781141281128 3324
1751223844805 1.608241319656372 3325
1751223845804 0.18707478046417236 3326
1751223846705 1.3100913763046265 3327
1751223847698 1.2146297693252563 3328
1751223848723 1.002191424369812 3329
1751223849615 0.9911352396011353 3330
1751223850634 1.0148441791534424 3331
1751223851728 0.8815340399742126 3332
1751223852738 1.271158218383789 3333
1751223853748 1.31507408618927 3334
1751223854765 0.6720988154411316 3335
1751223855775 0.6040009260177612 3336
1751223856798 0.8549395799636841 3337
1751223857817 0.9511634707450867 3338
1751223858808 0.8317319750785828 3339
1751223859818 1.0047911405563354 3340
1751223860834 0.5636712908744812 3341
1751223862141 0.8523359298706055 3342
1751223863160 1.2072551250457764 3343
1751223864202 0.7435059547424316 3344
1751223865226 0.8384503722190857 3345
1751223866287 0.8959712386131287 3346
1751223867312 0.8904241919517517 3347
1751223868319 0.9193561673164368 3348
1751223869332 1.0739198923110962 3349
1751223870381 0.7488598823547363 3350
1751223871392 1.0337549448013306 3351
1751223872356 1.1117256879806519 3352
1751223873389 0.5765332579612732 3353
1751223874393 1.1418182849884033 3354
1751223875430 0.8472545742988586 3355
1751223876466 0.4390172064304352 3356
1751223877504 1.214468240737915 3357
1751223878555 1.2125886678695679 3358
1751223879599 1.946465015411377 3359
1751223880589 0.8990163207054138 3360
1751223881596 0.5342968702316284 3361
1751223882683 0.6885579228401184 3362
1751223883808 0.8428377509117126 3363
1751223884836 0.8622102737426758 3364
1751223885832 0.7974676489830017 3365
1751223886707 0.7802727818489075 3366
1751223887713 0.7116032838821411 3367
1751223888722 0.7447733283042908 3368
1751223889736 0.831808865070343 3369
1751223890587 0.8621289134025574 3370
1751223891588 0.7279952168464661 3371
1751223892647 1.0877399444580078 3372
1751223893699 0.617327094078064 3373
1751223894592 0.7711841464042664 3374
1751223895632 0.4139058589935303 3375
1751223896629 0.9416360259056091 3376
1751223897685 0.9344229102134705 3377
1751223898687 0.6994065046310425 3378
1751223899895 0.9550055861473083 3379
1751223900930 1.301881194114685 3380
1751223901976 0.7603904008865356 3381
1751223902966 0.8447265625 3382
1751223903953 1.2880594730377197 3383
1751223904993 0.5884386301040649 3384
1751223905988 0.9513797163963318 3385
1751223906993 0.7187181711196899 3386
1751223908046 0.5446912050247192 3387
1751223909158 0.6970266699790955 3388
1751223910195 0.07099508494138718 3389
1751223911188 0.7709299325942993 3390
1751223912431 0.8365753293037415 3391
1751223913471 0.49806585907936096 3392
1751223914496 0.8368318676948547 3393
1751223915678 0.9129201769828796 3394
1751223916714 1.4113199710845947 3395
1751223917695 0.2742675542831421 3396
1751223918761 0.9070219397544861 3397
1751223919799 1.6696224212646484 3398
1751223920795 0.6650844216346741 3399
1751223921797 0.5445260405540466 3400
1751223922819 0.9251781702041626 3401
1751223923673 0.9063138961791992 3402
1751223924672 1.0494236946105957 3403
1751223925698 0.8849945068359375 3404
1751223926728 0.7202551364898682 3405
1751223927798 0.6956598162651062 3406
1751223928684 0.47548165917396545 3407
1751223929691 1.030824899673462 3408
1751223930714 1.002700924873352 3409
1751223931712 0.6492272615432739 3410
1751223932730 1.025997281074524 3411
1751223933708 0.33613356947898865 3412
1751223934560 1.515963077545166 3413
1751223935573 0.8191975951194763 3414
1751223936576 0.5764803886413574 3415
1751223937594 0.5554397702217102 3416
1751223938604 1.2025554180145264 3417
1751223939604 0.8729157447814941 3418
1751223940644 0.7130618095397949 3419
1751223941628 2.11480975151062 3420
1751223942619 0.8451570868492126 3421
1751223943469 0.8969970941543579 3422
1751223944459 1.1566071510314941 3423
1751223945318 0.7728179097175598 3424
1751223946304 0.8080022931098938 3425
1751223947291 0.6276506185531616 3426
1751223948308 1.1929231882095337 3427
1751223949317 1.2745697498321533 3428
1751223950231 0.7986836433410645 3429
1751223951217 0.5777721405029297 3430
1751223952067 1.092650294303894 3431
1751223953102 1.0351117849349976 3432
1751223954097 0.7041324973106384 3433
1751223955099 0.816659688949585 3434
1751223956100 1.0373212099075317 3435
1751223957116 0.6279516816139221 3436
1751223958130 1.3065277338027954 3437
1751223959110 1.2005490064620972 3438
1751223959978 0.30680525302886963 3439
1751223960976 1.3615777492523193 3440
1751223961965 1.1067426204681396 3441
1751223962977 0.5349958539009094 3442
1751223963954 0.7860221266746521 3443
1751223964962 1.5012180805206299 3444
1751223965951 0.6777271628379822 3445
1751223966941 0.8308573961257935 3446
1751223967985 0.275458425283432 3447
1751223969000 1.0755672454833984 3448
1751223970008 0.8597652316093445 3449
1751223971117 0.8918474316596985 3450
1751223972223 1.2812684774398804 3451
1751223973354 0.814699113368988 3452
1751223974370 0.902242124080658 3453
1751223975407 0.8719740509986877 3454
1751223976457 0.8404753804206848 3455
1751223977494 0.7116859555244446 3456
1751223978525 1.226328730583191 3457
1751223979517 0.5612679719924927 3458
1751223980567 0.766079843044281 3459
1751223981565 0.6929435133934021 3460
1751223982569 0.8434032797813416 3461
1751223983502 1.1227730512619019 3462
1751223984507 1.104019045829773 3463
1751223985519 0.9872180223464966 3464
1751223986555 1.2744873762130737 3465
1751223987597 1.0334444046020508 3466
1751223988770 0.650276243686676 3467
1751223989798 1.0272759199142456 3468
1751223990801 0.6565934419631958 3469
1751223991670 1.7848713397979736 3470
1751223992661 0.5547309517860413 3471
1751223993657 0.5536641478538513 3472
1751223994701 0.6184732913970947 3473
1751223995741 0.7881733775138855 3474
1751223996744 0.7651633024215698 3475
1751223997748 0.9957574605941772 3476
1751223998736 0.36671847105026245 3477
1751223999783 0.8916062712669373 3478
1751224000782 1.256068229675293 3479
1751224001806 0.622341513633728 3480
1751224002804 0.6212161779403687 3481
1751224003839 1.2588802576065063 3482
1751224004758 0.58721524477005 3483
1751224005883 0.8541359901428223 3484
1751224006929 1.47713041305542 3485
1751224007920 0.6656895875930786 3486
1751224008907 1.2376978397369385 3487
1751224009947 1.1247135400772095 3488
1751224010954 0.5176325440406799 3489
1751224011942 0.7848066687583923 3490
1751224012932 0.589604377746582 3491
1751224013796 1.0320558547973633 3492
1751224014813 1.4756495952606201 3493
1751224015850 0.8758020401000977 3494
1751224016865 1.6140636205673218 3495
1751224017921 0.8376030325889587 3496
1751224018951 0.6365213990211487 3497
1751224019811 1.110747218132019 3498
1751224020807 2.0119686126708984 3499
1751224021810 0.7479727268218994 3500
1751224022840 2.0221869945526123 3501
1751224023673 0.7005066275596619 3502
1751224024653 0.6256462931632996 3503
1751224025640 0.7597551345825195 3504
1751224026689 0.6098043322563171 3505
1751224027734 0.7249778509140015 3506
1751224028722 0.7281458377838135 3507
1751224029733 0.7654404044151306 3508
1751224030735 0.4831751883029938 3509
1751224031758 0.7893338203430176 3510
1751224032739 1.190511703491211 3511
1751224033772 0.8463184833526611 3512
1751224034762 1.0637197494506836 3513
1751224036009 1.9362844228744507 3514
1751224036979 0.5831754803657532 3515
1751224037990 0.5737944841384888 3516
1751224038997 1.4310550689697266 3517
1751224039842 1.1607460975646973 3518
1751224040762 0.8457054495811462 3519
1751224041787 0.572114884853363 3520
1751224042832 0.9368237853050232 3521
1751224043867 0.8634554147720337 3522
1751224044868 0.8090348243713379 3523
1751224045863 0.7714990973472595 3524
1751224046882 0.7185117602348328 3525
1751224047915 0.7458824515342712 3526
1751224048910 0.9528620839118958 3527
1751224049767 1.3768037557601929 3528
1751224050765 0.6555377840995789 3529
1751224051811 0.7303850650787354 3530
1751224052820 0.7050186395645142 3531
1751224053852 0.9897578358650208 3532
1751224054833 0.8896328806877136 3533
1751224055819 0.5787060856819153 3534
1751224056873 0.9696704149246216 3535
1751224057871 0.5098237991333008 3536
1751224058866 0.8229307532310486 3537
1751224059889 0.7896950840950012 3538
1751224060891 0.5430516600608826 3539
1751224061924 1.0258159637451172 3540
1751224062951 1.3489731550216675 3541
1751224063973 0.7994472980499268 3542
1751224065029 1.1943544149398804 3543
1751224066061 0.940127968788147 3544
1751224066928 1.5334903001785278 3545
1751224067939 0.980691134929657 3546
1751224068942 0.7566424608230591 3547
1751224069967 0.9447696805000305 3548
1751224070980 0.7506556510925293 3549
1751224072007 0.8269314169883728 3550
1751224073065 0.4031425416469574 3551
1751224074126 1.0505107641220093 3552
1751224075138 0.8196216821670532 3553
1751224076147 1.5857292413711548 3554
1751224077181 0.8876871466636658 3555
1751224078362 0.5590042471885681 3556
1751224079650 0.8575865626335144 3557
1751224080667 0.7485084533691406 3558
1751224081661 0.7137863039970398 3559
1751224082694 0.8756878972053528 3560
1751224083669 0.6293379068374634 3561
1751224084653 0.9434987902641296 3562
1751224085701 0.8709989786148071 3563
1751224086703 0.8559020757675171 3564
1751224087720 0.7056758999824524 3565
1751224088727 0.23770558834075928 3566
1751224089803 1.0162017345428467 3567
1751224090804 1.2432752847671509 3568
1751224091891 0.7426193952560425 3569
1751224092758 1.564318060874939 3570
1751224093773 0.7528790831565857 3571
1751224094868 0.5551852583885193 3572
1751224096011 0.8195377588272095 3573
1751224097121 0.8205413222312927 3574
1751224098138 1.0173386335372925 3575
1751224099201 0.6246007680892944 3576
1751224100309 0.7503705024719238 3577
1751224101386 0.8229495882987976 3578
1751224102431 1.0479841232299805 3579
1751224103473 0.09892751276493073 3580
1751224104475 0.6600508093833923 3581
1751224105513 0.802769660949707 3582
1751224106506 1.1889013051986694 3583
1751224107523 1.0826332569122314 3584
1751224108544 1.2251814603805542 3585
1751224109580 0.05356470122933388 3586
1751224110615 0.7688277363777161 3587
1751224111649 0.7196866869926453 3588
1751224112708 0.7869236469268799 3589
1751224113703 0.5515990853309631 3590
1751224114723 0.6387469172477722 3591
1751224115734 1.1274158954620361 3592
1751224116737 0.8717331290245056 3593
1751224117747 0.7148445844650269 3594
1751224118776 1.0230693817138672 3595
1751224119781 0.6566203236579895 3596
1751224120796 0.4506347179412842 3597
1751224121826 0.5552272200584412 3598
1751224122826 0.5581367015838623 3599
1751224123816 0.5742369890213013 3600
1751224175942 1.2441109418869019 3601
1751224177258 1.1113187074661255 3602
1751224178276 0.36296364665031433 3603
1751224179318 0.7824397087097168 3604
1751224180323 0.7218687534332275 3605
1751224181389 0.7883599996566772 3606
1751224182592 1.1475787162780762 3607
1751224183712 0.6997143626213074 3608
1751224184743 0.8476849794387817 3609
1751224185757 1.1843105554580688 3610
1751224186844 0.6510873436927795 3611
1751224187892 0.7231866717338562 3612
1751224188902 0.762388288974762 3613
1751224189960 0.643009603023529 3614
1751224190967 0.6950666308403015 3615
1751224191971 0.8407397270202637 3616
1751224193003 1.0723761320114136 3617
1751224194079 0.6291573643684387 3618
1751224195123 1.333385944366455 3619
1751224196130 0.6258708834648132 3620
1751224197139 0.6203618049621582 3621
1751224198176 1.0062204599380493 3622
1751224199221 1.2277964353561401 3623
1751224200282 0.7986790537834167 3624
1751224201166 0.6857135891914368 3625
1751224202193 0.9562137722969055 3626
1751224203228 1.1294633150100708 3627
1751224204267 1.0104649066925049 3628
1751224205349 0.8208369612693787 3629
1751224206388 0.7162841558456421 3630
1751224207398 0.578870952129364 3631
1751224208434 1.0413280725479126 3632
1751224209485 1.1404087543487549 3633
1751224210529 1.7647380828857422 3634
1751224211576 1.0811548233032227 3635
1751224212635 0.3791990280151367 3636
1751224213567 1.6198166608810425 3637
1751224214606 0.5416634678840637 3638
1751224215665 0.6428025364875793 3639
1751224216690 0.6118661761283875 3640
1751224217701 0.5782564282417297 3641
1751224218737 0.7015529870986938 3642
1751224219765 0.7317954301834106 3643
1751224220801 0.8123546838760376 3644
1751224222110 1.1128954887390137 3645
1751224223129 0.8498387932777405 3646
1751224224148 1.3004320859909058 3647
1751224225169 0.5559264421463013 3648
1751224226236 0.1195647343993187 3649
1751224227226 0.7937880754470825 3650
1751224228252 0.9773397445678711 3651
1751224229248 1.0750056505203247 3652
1751224230270 0.8455604910850525 3653
1751224231283 0.7554468512535095 3654
1751224232340 1.1999123096466064 3655
1751224233224 1.0623539686203003 3656
1751224234226 0.7148352861404419 3657
1751224235265 0.7997276782989502 3658
1751224236267 0.8223909735679626 3659
1751224237309 1.0956584215164185 3660
1751224238308 0.6529567837715149 3661
1751224239314 0.9451323747634888 3662
1751224240350 0.8341345191001892 3663
1751224241356 0.9062721133232117 3664
1751224242368 0.2974996268749237 3665
1751224243419 1.5878775119781494 3666
1751224244493 0.6919574737548828 3667
1751224245666 1.1247599124908447 3668
1751224246713 1.5161303281784058 3669
1751224247750 1.9864171743392944 3670
1751224248811 1.1818621158599854 3671
1751224249876 0.849273145198822 3672
1751224250900 0.13504436612129211 3673
1751224251902 0.8006265759468079 3674
1751224252898 1.0785939693450928 3675
1751224253886 2.3670403957366943 3676
1751224254913 0.6650709509849548 3677
1751224255938 0.512008547782898 3678
1751224256942 1.0945947170257568 3679
1751224257949 0.9336182475090027 3680
1751224258999 0.9531316161155701 3681
1751224260019 1.1169408559799194 3682
1751224261067 0.2541513442993164 3683
1751224262188 1.1144061088562012 3684
1751224263369 1.000395655632019 3685
1751224264398 1.5568361282348633 3686
1751224265290 0.9149392247200012 3687
1751224266321 0.8380545973777771 3688
1751224267360 1.0187244415283203 3689
1751224268627 1.683448076248169 3690
1751224269619 0.6912192702293396 3691
1751224270663 0.7110416889190674 3692
1751224271684 0.39191222190856934 3693
1751224272729 0.8032722473144531 3694
1751224273777 0.5215490460395813 3695
1751224274846 0.5616056323051453 3696
1751224275889 0.8418152928352356 3697
1751224276852 0.9621376991271973 3698
1751224277888 1.0554875135421753 3699
1751224278981 0.9701813459396362 3700
1751224280149 0.9869994521141052 3701
1751224281042 1.0732383728027344 3702
1751224282052 0.7351707816123962 3703
1751224283087 0.7363426089286804 3704
1751224284164 0.9259630441665649 3705
1751224285172 0.8763863444328308 3706
1751224286202 1.1657317876815796 3707
1751224287221 0.7457872629165649 3708
1751224288250 1.1079320907592773 3709
1751224289272 0.67425137758255 3710
1751224290325 1.30679452419281 3711
1751224291338 0.5564980506896973 3712
1751224292250 3.0026376247406006 3713
1751224293282 0.7427086234092712 3714
1751224294313 0.8234487175941467 3715
1751224295328 1.0044233798980713 3716
1751224296338 1.1255884170532227 3717
1751224297404 0.8624329566955566 3718
1751224298425 1.3958030939102173 3719
1751224299465 1.0515387058258057 3720
1751224300432 1.0805714130401611 3721
1751224301423 1.1573879718780518 3722
1751224302436 0.9998044371604919 3723
1751224303434 0.7178283929824829 3724
1751224304471 0.572669267654419 3725
1751224305507 0.7718549966812134 3726
1751224306553 0.49821987748146057 3727
1751224307571 0.9087360501289368 3728
1751224308564 0.8405653238296509 3729
1751224309587 0.7060678005218506 3730
1751224310823 0.9776048064231873 3731
1751224311691 0.07161751389503479 3732
1751224312707 0.9654080271720886 3733
1751224313760 1.5206334590911865 3734
1751224314740 0.7664897441864014 3735
1751224315736 0.6055178642272949 3736
1751224316731 0.864344596862793 3737
1751224317773 0.8185567855834961 3738
1751224318783 0.5833665728569031 3739
1751224319637 1.316076397895813 3740
1751224320498 1.3048776388168335 3741
1751224321490 0.7820894718170166 3742
1751224322540 2.141373872756958 3743
1751224323549 0.8593612909317017 3744
1751224324559 0.9159258008003235 3745
1751224325614 1.5154790878295898 3746
1751224326627 2.008476734161377 3747
1751224327599 1.4211229085922241 3748
1751224328603 0.6533048152923584 3749
1751224329631 0.9474024176597595 3750
1751224330619 0.7059313654899597 3751
1751224331617 0.6725171208381653 3752
1751224332626 0.9192752838134766 3753
1751224333631 0.7038635015487671 3754
1751224334816 0.48181554675102234 3755
1751224335863 0.784744918346405 3756
1751224336742 1.7420505285263062 3757
1751224337599 0.9794365167617798 3758
1751224338611 1.5885350704193115 3759
1751224339668 1.272357702255249 3760
1751224340727 0.7137801051139832 3761
1751224341771 0.7588328719139099 3762
1751224342827 0.6870753169059753 3763
1751224343828 0.6202942728996277 3764
1751224344864 1.2548327445983887 3765
1751224345919 0.8180358409881592 3766
1751224346812 0.8056346774101257 3767
1751224347818 0.9808704257011414 3768
1751224348883 1.0571688413619995 3769
1751224349892 0.8713185787200928 3770
1751224351005 0.6403595805168152 3771
1751224352176 0.7461837530136108 3772
1751224353224 0.7327351570129395 3773
1751224354245 0.8766676187515259 3774
1751224355157 0.9425927996635437 3775
1751224356173 1.039507269859314 3776
1751224357446 0.9543911218643188 3777
1751224358484 0.8438932299613953 3778
1751224359536 0.2908635437488556 3779
1751224360406 1.2299772500991821 3780
1751224361459 0.32616862654685974 3781
1751224362463 0.27806276082992554 3782
1751224363458 0.6602267026901245 3783
1751224364543 0.8734694719314575 3784
1751224365591 1.0462418794631958 3785
1751224366609 0.6688784956932068 3786
1751224367662 0.8960087895393372 3787
1751224368643 0.8472101092338562 3788
1751224369638 0.9501962065696716 3789
1751224370663 0.9261643290519714 3790
1751224371680 0.6167296767234802 3791
1751224372713 0.7443593144416809 3792
1751224373725 0.709972083568573 3793
1751224374721 1.0710939168930054 3794
1751224375767 0.5743973851203918 3795
1751224376856 0.5042644143104553 3796
1751224377965 0.7081522941589355 3797
1751224379013 0.5180323719978333 3798
1751224379994 0.8501521944999695 3799
1751224381030 0.44144779443740845 3800
1751224382132 0.5769022107124329 3801
1751224383006 0.8096553683280945 3802
1751224384011 3.11594820022583 3803
1751224385021 0.8034279942512512 3804
1751224386009 0.813729465007782 3805
1751224387018 0.9119102358818054 3806
1751224388056 0.6471261978149414 3807
1751224389073 0.8149499893188477 3808
1751224390074 1.1377702951431274 3809
1751224391098 0.2869172990322113 3810
1751224392114 2.1493728160858154 3811
1751224393150 0.8745975494384766 3812
1751224394136 0.8216591477394104 3813
1751224395171 0.9359968304634094 3814
1751224396175 1.4003936052322388 3815
1751224397162 0.6017897725105286 3816
1751224398150 1.5025285482406616 3817
1751224399398 1.3162685632705688 3818
1751224400394 0.8841959238052368 3819
1751224401422 0.7239488363265991 3820
1751224402446 0.8756366968154907 3821
1751224403494 0.783610463142395 3822
1751224404533 0.7044297456741333 3823
1751224405597 0.1330164670944214 3824
1751224406608 0.5954005122184753 3825
1751224407460 1.188473105430603 3826
1751224408358 0.8790454864501953 3827
1751224409381 1.158021330833435 3828
1751224410366 1.0582926273345947 3829
1751224411374 0.8702442049980164 3830
1751224412394 1.0128624439239502 3831
1751224413399 2.055701971054077 3832
1751224414414 1.133631706237793 3833
1751224415421 1.1632024049758911 3834
1751224416428 0.8656425476074219 3835
1751224417453 0.996216893196106 3836
1751224418462 0.7247936129570007 3837
1751224419473 0.3417724072933197 3838
1751224420499 0.6485428810119629 3839
1751224421539 0.8704470992088318 3840
1751224422529 1.185468077659607 3841
1751224423546 0.662942111492157 3842
1751224424541 0.7476561665534973 3843
1751224425625 0.9685666561126709 3844
1751224426514 0.9738311767578125 3845
1751224427518 0.6034741401672363 3846
1751224428615 0.6473164558410645 3847
1751224429820 0.6992286443710327 3848
1751224430853 0.73322594165802 3849
1751224431870 1.1722692251205444 3850
1751224432926 0.3648054897785187 3851
1751224433969 0.5861085057258606 3852
1751224434990 0.6027865409851074 3853
1751224435990 0.6614282727241516 3854
1751224436976 1.064521074295044 3855
1751224437998 0.9872543215751648 3856
1751224439025 0.51491779088974 3857
1751224440044 0.5558452606201172 3858
1751224441087 0.588336706161499 3859
1751224442131 0.8593875765800476 3860
1751224443152 1.445142149925232 3861
1751224444216 0.771303117275238 3862
1751224445585 1.1068578958511353 3863
1751224446761 0.17525602877140045 3864
1751224447793 1.8652204275131226 3865
1751224448698 0.3943699598312378 3866
1751224449577 2.329716920852661 3867
1751224450514 1.6252769231796265 3868
1751224451515 1.019287109375 3869
1751224452409 3.771329641342163 3870
1751224453467 0.8874079585075378 3871
1751224454526 2.1137635707855225 3872
1751224455573 0.783897876739502 3873
1751224456612 3.7730069160461426 3874
1751224457684 0.6732835173606873 3875
1751224458700 0.6314296126365662 3876
1751224459726 0.6565192341804504 3877
1751224460787 0.14670351147651672 3878
1751224461818 0.7886337637901306 3879
1751224462858 0.5587920546531677 3880
1751224463856 0.8839027285575867 3881
1751224464854 0.7086750268936157 3882
1751224465911 0.6615402102470398 3883
1751224466917 0.585910975933075 3884
1751224467925 0.7085882425308228 3885
1751224469009 1.223430871963501 3886
1751224470013 0.9544337391853333 3887
1751224471050 0.9810259938240051 3888
1751224472113 0.9596231579780579 3889
1751224473146 1.6600395441055298 3890
1751224474163 0.9222011566162109 3891
1751224475198 0.4299011528491974 3892
1751224476240 0.9047123789787292 3893
1751224477276 0.9989213347434998 3894
1751224478321 0.6661911010742188 3895
1751224479320 0.6375129222869873 3896
1751224480307 0.6316285133361816 3897
1751224481319 0.6545531153678894 3898
1751224482364 0.685072660446167 3899
1751224483561 0.6848540306091309 3900
1751224484598 0.6366050839424133 3901
1751224485614 0.9593929648399353 3902
1751224486610 1.004828929901123 3903
1751224487660 1.2281564474105835 3904
1751224488596 0.9811108708381653 3905
1751224489605 0.20908337831497192 3906
1751224490565 1.2860177755355835 3907
1751224491588 0.640975296497345 3908
1751224492678 0.8961105346679688 3909
1751224493772 1.555850863456726 3910
1751224494775 1.070759892463684 3911
1751224495808 1.0391900539398193 3912
1751224496714 1.3746131658554077 3913
1751224497746 0.87105792760849 3914
1751224498840 0.8296524286270142 3915
1751224499988 0.7102053165435791 3916
1751224500996 0.7075238823890686 3917
1751224501998 0.7758962512016296 3918
1751224503025 1.3853254318237305 3919
1751224504295 1.1525760889053345 3920
1751224505317 0.8976303935050964 3921
1751224506313 0.8859785199165344 3922
1751224507336 0.9187068939208984 3923
1751224508385 0.8590731024742126 3924
1751224509406 1.025545597076416 3925
1751224510426 0.7341403365135193 3926
1751224511447 0.9010631442070007 3927
1751224512436 1.0132936239242554 3928
1751224513440 1.0458217859268188 3929
1751224514442 0.8136345744132996 3930
1751224515652 0.9544419646263123 3931
1751224516682 0.927380383014679 3932
1751224517711 0.3402993679046631 3933
1751224518722 2.1218152046203613 3934
1751224519743 0.6503748297691345 3935
1751224520758 0.9198566675186157 3936
1751224522206 0.9409868121147156 3937
1751224523188 1.0081161260604858 3938
1751224524094 0.8377962112426758 3939
1751224525136 1.0273113250732422 3940
1751224526161 0.9041223526000977 3941
1751224527173 0.7404834628105164 3942
1751224528209 1.4738173484802246 3943
1751224529254 1.0075572729110718 3944
1751224530344 0.9041432738304138 3945
1751224531438 0.7742578387260437 3946
1751224532502 0.7413721680641174 3947
1751224533536 0.7882610559463501 3948
1751224534553 0.7357325553894043 3949
1751224535590 0.8044532537460327 3950
1751224536604 0.49295544624328613 3951
1751224537660 1.1569956541061401 3952
1751224538672 1.0206950902938843 3953
1751224539565 0.789923369884491 3954
1751224540417 0.7942728996276855 3955
1751224541495 1.2075313329696655 3956
1751224542560 0.9392805099487305 3957
1751224543601 1.1907007694244385 3958
1751224544487 1.581206202507019 3959
1751224545507 0.7799399495124817 3960
1751224546553 1.7458820343017578 3961
1751224547645 0.5286044478416443 3962
1751224548658 0.5633565783500671 3963
1751224549692 0.9107326865196228 3964
1751224550708 1.0214457511901855 3965
1751224551708 0.8328090906143188 3966
1751224552620 1.317930817604065 3967
1751224553641 0.8791942000389099 3968
1751224554687 1.2956898212432861 3969
1751224555720 0.7559162378311157 3970
1751224556615 3.128859758377075 3971
1751224557679 0.7840232849121094 3972
1751224558723 0.607666552066803 3973
1751224559725 0.7907306551933289 3974
1751224560987 1.1743158102035522 3975
1751224561999 0.8929495215415955 3976
1751224563020 0.6189729571342468 3977
1751224564012 1.1762802600860596 3978
1751224565032 0.7376667261123657 3979
1751224566079 0.765492856502533 3980
1751224567119 0.5488197207450867 3981
1751224568146 0.7113706469535828 3982
1751224569179 1.1464767456054688 3983
1751224570212 0.9742075204849243 3984
1751224571250 0.5693635940551758 3985
1751224572262 0.21001029014587402 3986
1751224573288 0.4423618018627167 3987
1751224574314 0.8755621314048767 3988
1751224575320 0.8524179458618164 3989
1751224576346 0.5819183588027954 3990
1751224577328 0.7990567088127136 3991
1751224578384 1.0317051410675049 3992
1751224579458 0.916660726070404 3993
1751224580478 0.5427842140197754 3994
1751224581362 1.5049567222595215 3995
1751224582382 0.7931448221206665 3996
1751224583367 1.2178207635879517 3997
1751224584239 1.5412745475769043 3998
1751224585231 0.993092954158783 3999
1751224586276 1.0046457052230835 4000
1751224587292 0.5913407206535339 4001
1751224588316 0.5475944876670837 4002
1751224589343 0.5915262699127197 4003
1751224590340 0.7445170283317566 4004
1751224591360 1.0312612056732178 4005
1751224592377 0.7294871807098389 4006
1751224593408 1.4187558889389038 4007
1751224594446 1.0617704391479492 4008
1751224595465 0.7950354218482971 4009
1751224596522 1.054846167564392 4010
1751224597389 0.9537292718887329 4011
1751224598394 1.8544803857803345 4012
1751224599723 0.742161750793457 4013
1751224600725 1.2644294500350952 4014
1751224601725 1.068261742591858 4015
1751224602737 0.6396742463111877 4016
1751224603777 0.6336188912391663 4017
1751224604864 1.5541800260543823 4018
1751224605894 0.8805385828018188 4019
1751224606901 0.7963199019432068 4020
1751224607795 0.839296817779541 4021
1751224608891 0.705897331237793 4022
1751224610077 0.9098209738731384 4023
1751224611136 0.6943915486335754 4024
1751224612132 0.9081928133964539 4025
1751224613142 0.5631173849105835 4026
1751224614164 0.5460655689239502 4027
1751224615170 0.707919716835022 4028
1751224616188 0.6095291972160339 4029
1751224617195 0.6086482405662537 4030
1751224618225 0.8476516604423523 4031
1751224619225 0.694792628288269 4032
1751224620236 0.8398596048355103 4033
1751224621096 1.1790434122085571 4034
1751224622132 0.5359628796577454 4035
1751224623150 0.7989252209663391 4036
1751224624171 0.7114461660385132 4037
1751224625156 0.6251908540725708 4038
1751224626362 1.1558998823165894 4039
1751224627475 1.0542956590652466 4040
1751224628492 0.6922941207885742 4041
1751224629527 1.429306983947754 4042
1751224630564 1.0314992666244507 4043
1751224631601 1.0015381574630737 4044
1751224632645 0.8806415796279907 4045
1751224633672 0.7027878165245056 4046
1751224634691 0.5989424586296082 4047
1751224635703 0.7279214262962341 4048
1751224636716 0.5486964583396912 4049
1751224637755 1.252977728843689 4050
1751224639000 0.9740234613418579 4051
1751224640002 0.8633666038513184 4052
1751224641046 0.7059500813484192 4053
1751224642068 0.8806768655776978 4054
1751224643230 0.5561825037002563 4055
1751224644411 0.9489511847496033 4056
1751224645442 0.9095872640609741 4057
1751224646462 0.686796247959137 4058
1751224647473 0.7652302384376526 4059
1751224648466 0.6950595378875732 4060
1751224649474 0.9566114544868469 4061
1751224650485 0.7386475801467896 4062
1751224651490 0.5501592755317688 4063
1751224652508 1.191286325454712 4064
1751224653534 1.5405319929122925 4065
1751224654560 1.9951114654541016 4066
1751224655594 0.41430360078811646 4067
1751224656605 0.7890436053276062 4068
1751224657583 0.6676151156425476 4069
1751224658602 1.1273120641708374 4070
1751224659616 0.9102617502212524 4071
1751224660510 2.625378370285034 4072
1751224661378 0.8542999625205994 4073
1751224662384 0.7227358818054199 4074
1751224663398 0.5221439599990845 4075
1751224664394 0.6188485622406006 4076
1751224665280 0.7989376187324524 4077
1751224666302 0.8589191436767578 4078
1751224667164 0.2867996394634247 4079
1751224668026 1.717417597770691 4080
1751224669023 1.6010925769805908 4081
1751224670042 0.6308788061141968 4082
1751224671052 0.544113039970398 4083
1751224672096 1.128860354423523 4084
1751224673137 0.8365699648857117 4085
1751224674158 0.9614227414131165 4086
1751224675154 0.8034774661064148 4087
1751224676175 1.270747184753418 4088
1751224677458 0.804107129573822 4089
1751224678503 0.8320456743240356 4090
1751224679519 1.1873570680618286 4091
1751224680533 0.8257776498794556 4092
1751224681540 0.8128623366355896 4093
1751224682573 1.1197705268859863 4094
1751224683494 2.0117547512054443 4095
1751224684489 0.5650956034660339 4096
1751224685544 1.702473521232605 4097
1751224686640 1.0281416177749634 4098
1751224687684 0.9129482507705688 4099
1751224688615 0.5203968286514282 4100
1751224689630 0.6341536641120911 4101
1751224690505 0.7351790070533752 4102
1751224691542 1.1695549488067627 4103
1751224692555 0.9204269647598267 4104
1751224693610 1.4605964422225952 4105
1751224694653 0.6774587035179138 4106
1751224695669 0.9296519756317139 4107
1751224696682 0.8533827066421509 4108
1751224697843 0.5586153268814087 4109
1751224698875 1.0061016082763672 4110
1751224699749 3.292367696762085 4111
1751224700722 1.5993964672088623 4112
1751224701737 0.4799298346042633 4113
1751224702806 0.6264278292655945 4114
1751224703825 0.8269746899604797 4115
1751224704887 1.0971239805221558 4116
1751224705905 1.1053407192230225 4117
1751224706928 0.7809740304946899 4118
1751224707943 1.1545518636703491 4119
1751224709007 0.9111582040786743 4120
1751224710039 0.5840573310852051 4121
1751224711064 0.7821071743965149 4122
1751224712117 0.4268840253353119 4123
1751224713136 0.8447960615158081 4124
1751224714223 0.9375687837600708 4125
1751224715250 1.9797323942184448 4126
1751224716517 0.9337958693504333 4127
1751224717538 0.6559014320373535 4128
1751224718518 0.06416963785886765 4129
1751224719594 0.1997651755809784 4130
1751224720607 0.8256973624229431 4131
1751224721635 0.9553629755973816 4132
1751224722644 0.8782335519790649 4133
1751224723680 0.9581201672554016 4134
1751224724688 0.715096116065979 4135
1751224725693 0.8704584240913391 4136
1751224726707 0.4654034674167633 4137
1751224727765 0.8248899579048157 4138
1751224728791 0.19831737875938416 4139
1751224729857 1.0482001304626465 4140
1751224730982 1.3203133344650269 4141
1751224732136 0.7743216753005981 4142
1751224733080 1.334923267364502 4143
1751224734079 0.9497383236885071 4144
1751224734964 1.2100646495819092 4145
1751224735976 0.9055172801017761 4146
1751224736980 0.7720915675163269 4147
1751224738007 0.7043105363845825 4148
1751224739005 1.3359782695770264 4149
1751224740003 0.741899311542511 4150
1751224741106 0.9319487810134888 4151
1751224742151 0.6753095984458923 4152
1751224743026 1.9895286560058594 4153
1751224744066 0.49889665842056274 4154
1751224745101 0.7981078028678894 4155
1751224745959 1.2559592723846436 4156
1751224746955 0.7240599989891052 4157
1751224748004 0.8134174942970276 4158
1751224748896 0.13582675158977509 4159
1751224749915 0.5431291460990906 4160
1751224750903 1.0487562417984009 4161
1751224751879 0.5870212912559509 4162
1751224752892 1.4642375707626343 4163
1751224753926 1.1735082864761353 4164
1751224755239 1.0989798307418823 4165
1751224756258 0.676233172416687 4166
1751224757241 0.8420856595039368 4167
1751224758271 0.6009694933891296 4168
1751224759340 0.6574406027793884 4169
1751224760414 0.7702347636222839 4170
1751224761410 1.2867482900619507 4171
1751224762424 0.9425161480903625 4172
1751224763424 0.5931290984153748 4173
1751224764462 0.8188690543174744 4174
1751224765446 0.8105519413948059 4175
1751224766512 0.8104877471923828 4176
1751224767531 0.7712287902832031 4177
1751224768557 1.6514313220977783 4178
1751224769579 1.4497756958007812 4179
1751224770600 0.8981394171714783 4180
1751224771643 1.0629924535751343 4181
1751224772640 1.2259323596954346 4182
1751224773696 1.2238543033599854 4183
1751224774591 1.5376029014587402 4184
1751224775644 0.901838481426239 4185
1751224776691 0.717118501663208 4186
1751224777741 0.8694354891777039 4187
1751224778812 1.006792664527893 4188
1751224779882 1.0724834203720093 4189
1751224780902 0.9730738997459412 4190
1751224781926 0.3504290282726288 4191
1751224782984 0.9633569717407227 4192
1751224784026 0.5324869155883789 4193
1751224785035 1.3006092309951782 4194
1751224786163 1.0552667379379272 4195
1751224787334 0.6237956881523132 4196
1751224788209 1.7583065032958984 4197
1751224789205 0.758443295955658 4198
1751224790248 0.7691020369529724 4199
1751224791278 0.5704090595245361 4200
1751224792287 1.023512840270996 4201
1751224793314 0.6950690746307373 4202
1751224794598 0.8801245093345642 4203
1751224795616 0.794476330280304 4204
1751224796655 0.763927161693573 4205
1751224797699 1.3762983083724976 4206
1751224798706 0.569301962852478 4207
1751224799709 0.7111127972602844 4208
1751224800617 1.1223200559616089 4209
1751224801655 0.8448610305786133 4210
1751224802810 1.1604623794555664 4211
1751224803884 1.3276941776275635 4212
1751224804890 0.09563437849283218 4213
1751224805921 1.147761583328247 4214
1751224806962 0.7190553545951843 4215
1751224807973 0.6908348798751831 4216
1751224809007 0.5658418536186218 4217
1751224810044 0.6558939218521118 4218
1751224811055 1.246158242225647 4219
1751224812096 0.8222218751907349 4220
1751224813095 0.2697109282016754 4221
1751224814093 0.87420654296875 4222
1751224815114 0.7117504477500916 4223
1751224816142 1.1042801141738892 4224
1751224817162 1.9063504934310913 4225
1751224818207 0.926198422908783 4226
1751224819397 1.0294028520584106 4227
1751224820462 1.0465459823608398 4228
1751224821494 0.7494739890098572 4229
1751224822405 1.1447957754135132 4230
1751224823454 0.766447126865387 4231
1751224824501 0.5293641686439514 4232
1751224825513 0.8576377034187317 4233
1751224826513 0.7646111845970154 4234
1751224827547 0.785802960395813 4235
1751224828586 0.5616387724876404 4236
1751224829589 0.406574010848999 4237
1751224830656 0.713336706161499 4238
1751224831698 1.061891794204712 4239
1751224833001 0.9230722784996033 4240
1751224834037 0.3612598776817322 4241
1751224835094 1.3730554580688477 4242
1751224836165 0.7881693840026855 4243
1751224837195 0.7678543329238892 4244
1751224838214 0.5227569937705994 4245
1751224839282 1.4238133430480957 4246
1751224840292 0.6897718906402588 4247
1751224841314 0.8672901391983032 4248
1751224842326 0.9766832590103149 4249
1751224843350 0.6340751051902771 4250
1751224844254 0.986624538898468 4251
1751224845312 0.6774849891662598 4252
1751224846314 1.225274920463562 4253
1751224847304 0.8969756960868835 4254
1751224848376 0.8253617286682129 4255
1751224849420 0.9347185492515564 4256
1751224850394 0.7554736733436584 4257
1751224851465 0.8389040231704712 4258
1751224852556 0.8512943387031555 4259
1751224853689 0.8487091064453125 4260
1751224854558 1.4984406232833862 4261
1751224855562 1.145878791809082 4262
1751224856552 0.6011744141578674 4263
1751224857586 0.9559877514839172 4264
1751224858656 0.7978114485740662 4265
1751224859644 1.0554572343826294 4266
1751224860677 0.7190746665000916 4267
1751224861749 1.168574333190918 4268
1751224862763 0.7693582773208618 4269
1751224864155 0.9743611216545105 4270
1751224865197 0.7802515625953674 4271
1751224866235 0.5751532316207886 4272
1751224867237 0.7296285629272461 4273
1751224868231 0.8117240071296692 4274
1751224869295 0.8772222995758057 4275
1751224870326 0.9565973281860352 4276
1751224871382 0.8751746416091919 4277
1751224872412 1.2616468667984009 4278
1751224873460 0.18237198889255524 4279
1751224874478 0.8824838995933533 4280
1751224875511 0.8376529812812805 4281
1751224876557 1.0005232095718384 4282
1751224877565 1.0558091402053833 4283
1751224878593 1.1492317914962769 4284
1751224879474 0.7698668241500854 4285
1751224880507 0.6455907225608826 4286
1751224881497 1.4306648969650269 4287
1751224882535 1.2166261672973633 4288
1751224883727 0.7761556506156921 4289
1751224884800 0.7055200934410095 4290
1751224885839 0.7368031740188599 4291
1751224886882 1.1172946691513062 4292
1751224887880 0.6738176941871643 4293
1751224888902 0.7089152932167053 4294
1751224889930 1.0871914625167847 4295
1751224890968 1.3436304330825806 4296
1751224891985 0.5138933062553406 4297
1751224893011 0.6429409980773926 4298
1751224894074 0.3985890746116638 4299
1751224894959 0.8800436854362488 4300
1751224895970 0.7937023639678955 4301
1751224897236 0.9895252585411072 4302
1751224898256 0.7128254771232605 4303
1751224899287 1.1139750480651855 4304
1751224900319 1.8425883054733276 4305
1751224901436 0.8522382974624634 4306
1751224902441 0.9301016926765442 4307
1751224903314 0.9095497131347656 4308
1751224904323 0.5754669308662415 4309
1751224905342 0.539639413356781 4310
1751224906218 1.0034786462783813 4311
1751224907258 0.9240695238113403 4312
1751224908289 0.47340622544288635 4313
1751224909150 0.9348925948143005 4314
1751224910185 1.8576236963272095 4315
1751224911242 0.7908701300621033 4316
1751224912252 0.9944151043891907 4317
1751224913304 1.0261085033416748 4318
1751224914348 0.6353766322135925 4319
1751224915408 0.8406370282173157 4320
1751224916513 0.5751662254333496 4321
1751224917691 0.5669054985046387 4322
1751224918708 0.9303697943687439 4323
1751224919728 0.7532228827476501 4324
1751224920664 0.27200180292129517 4325
1751224921700 0.6325690150260925 4326
1751224922715 0.4243510663509369 4327
1751224923779 0.8848676085472107 4328
1751224924805 1.0639498233795166 4329
1751224925851 1.1677353382110596 4330
1751224926882 0.9219579696655273 4331
1751224927892 0.8413618206977844 4332
1751224928989 1.309553861618042 4333
1751224930014 0.7477995753288269 4334
1751224931038 0.6257737874984741 4335
1751224932050 0.6669352054595947 4336
1751224933142 1.222586750984192 4337
1751224934191 1.6741392612457275 4338
1751224935217 1.0129234790802002 4339
1751224936549 1.5250320434570312 4340
1751224937554 0.9283451437950134 4341
1751224938593 0.5888400077819824 4342
1751224939605 0.8017454147338867 4343
1751224940629 0.9626284837722778 4344
1751224941666 0.8711998462677002 4345
1751224942673 0.6849896907806396 4346
1751224943685 0.606637179851532 4347
1751224944738 0.6973605155944824 4348
1751224945753 0.7536075711250305 4349
1751224946822 0.80567467212677 4350
1751224947691 1.2717019319534302 4351
1751224948759 0.7646861672401428 4352
1751224949788 1.1158220767974854 4353
1751224950772 1.38886559009552 4354
1751224951835 0.7198623418807983 4355
1751224952723 0.8912545442581177 4356
1751224953759 0.5115544199943542 4357
1751224954753 0.6552252769470215 4358
1751224955804 1.6835192441940308 4359
1751224956778 1.4955148696899414 4360
1751224957780 0.8899017572402954 4361
1751224958786 0.6197372078895569 4362
1751224959802 0.7214081883430481 4363
1751224960671 0.8522608876228333 4364
1751224961693 1.2823594808578491 4365
1751224962768 1.1908276081085205 4366
1751224963810 1.119277000427246 4367
1751224964823 0.4314146935939789 4368
1751224965845 0.7515072226524353 4369
1751224967314 0.7260035276412964 4370
1751224968355 0.9334949851036072 4371
1751224969430 1.2253820896148682 4372
1751224970452 1.047329306602478 4373
1751224971521 0.500325083732605 4374
1751224972621 0.9200423359870911 4375
1751224973624 0.13799169659614563 4376
1751224974650 0.23530925810337067 4377
1751224975665 0.7420440316200256 4378
1751224976723 0.8652944564819336 4379
1751224977807 0.7553822994232178 4380
1751224978855 1.0786296129226685 4381
1751224979853 0.7749567031860352 4382
1751224980878 0.7512308955192566 4383
1751224981884 1.1429346799850464 4384
1751224982916 0.6234699487686157 4385
1751224983924 0.7716556787490845 4386
1751224984991 0.7444609999656677 4387
1751224986015 0.9493889212608337 4388
1751224987060 0.9758120775222778 4389
1751224988147 0.9963099360466003 4390
1751224989319 1.0130881071090698 4391
1751224990210 0.5329270362854004 4392
1751224991104 1.0209903717041016 4393
1751224992159 0.9367048144340515 4394
1751224993155 0.7810375094413757 4395
1751224994172 0.7951077222824097 4396
1751224995226 0.8776929974555969 4397
1751224996266 1.2509392499923706 4398
1751224997298 0.9591836929321289 4399
1751224998291 0.09360148757696152 4400
1751224999329 0.019936924800276756 4401
1751225000402 0.5541293025016785 4402
1751225001664 0.7157578468322754 4403
1751225002723 0.8833099603652954 4404
1751225003768 0.8802739977836609 4405
1751225004944 0.846618115901947 4406
1751225006014 1.701940894126892 4407
1751225007079 0.996418297290802 4408
1751225008131 0.5123498439788818 4409
1751225009144 0.7510241866111755 4410
1751225010176 0.7198842167854309 4411
1751225011035 0.11996715515851974 4412
1751225012034 1.5074738264083862 4413
1751225012870 2.1250247955322266 4414
1751225013896 1.0843380689620972 4415
1751225014906 0.7466719746589661 4416
1751225015934 0.7768430113792419 4417
1751225016979 0.7543647885322571 4418
1751225018030 1.2061710357666016 4419
1751225019064 0.5612677335739136 4420
1751225020077 0.7983791828155518 4421
1751225021104 0.6005831956863403 4422
1751225022128 0.7917243838310242 4423
1751225023132 0.957127034664154 4424
1751225024151 1.2848061323165894 4425
1751225025109 1.8823972940444946 4426
1751225026130 1.2946828603744507 4427
1751225027161 0.7511874437332153 4428
1751225028175 1.926595687866211 4429
1751225029195 1.444788932800293 4430
1751225030237 0.6625956892967224 4431
1751225031255 0.6733598709106445 4432
1751225032267 0.6362493634223938 4433
1751225033279 0.7895737886428833 4434
1751225034313 1.2879422903060913 4435
1751225035249 1.3617008924484253 4436
1751225036273 0.5948819518089294 4437
1751225037263 1.2054342031478882 4438
1751225038281 0.5203152894973755 4439
1751225039264 0.9572505354881287 4440
1751225040255 0.1513306200504303 4441
1751225041576 1.2680097818374634 4442
1751225042572 0.7952927947044373 4443
1751225043579 0.5877823829650879 4444
1751225044590 0.6871502995491028 4445
1751225045610 0.6459556221961975 4446
1751225046606 1.4067429304122925 4447
1751225047607 0.9755920767784119 4448
1751225048625 0.6683220267295837 4449
1751225049626 0.6202616095542908 4450
1751225050632 1.045119047164917 4451
1751225051546 3.203566789627075 4452
1751225052448 0.8928085565567017 4453
1751225053510 0.9402748346328735 4454
1751225054544 0.858194887638092 4455
1751225055557 0.784554123878479 4456
1751225056595 2.0773332118988037 4457
1751225057495 1.228516936302185 4458
1751225058497 0.2842809557914734 4459
1751225059348 1.0295698642730713 4460
1751225060383 1.068859577178955 4461
1751225061378 1.1813877820968628 4462
1751225062371 0.5395633578300476 4463
1751225063369 0.4892767369747162 4464
1751225064221 0.9189649820327759 4465
1751225065236 0.6763769388198853 4466
1751225066220 1.0583630800247192 4467
1751225067294 0.5832163691520691 4468
1751225068504 1.1378649473190308 4469
1751225069512 0.9959684610366821 4470
1751225070780 1.4632549285888672 4471
1751225071835 0.6385766267776489 4472
1751225072863 1.2032623291015625 4473
1751225073892 0.45079293847084045 4474
1751225074902 0.2927412688732147 4475
1751225075925 0.8606961369514465 4476
1751225076900 0.7924319505691528 4477
1751225077915 0.7433843612670898 4478
1751225078927 1.0356700420379639 4479
1751225079952 1.1040681600570679 4480
1751225080970 0.6488997340202332 4481
1751225082014 0.852193295955658 4482
1751225083032 0.7870408892631531 4483
1751225084051 0.4691925346851349 4484
1751225085233 0.65810626745224 4485
1751225086324 0.909559428691864 4486
1751225087338 0.7015277743339539 4487
1751225088388 1.1008760929107666 4488
1751225089424 0.7342458963394165 4489
1751225090470 1.232092261314392 4490
1751225091531 0.9403799176216125 4491
1751225092590 0.6645197868347168 4492
1751225093461 1.6968002319335938 4493
1751225094461 0.05720316618680954 4494
1751225095495 0.8867831230163574 4495
1751225096518 0.5997648239135742 4496
1751225097563 0.7460256814956665 4497
1751225098494 1.2015879154205322 4498
1751225099539 0.6419914364814758 4499
1751225100583 0.79864102602005 4500
1751225101597 0.7921120524406433 4501
1751225102561 0.719586193561554 4502
1751225103666 1.0468909740447998 4503
1751225104923 0.7199761271476746 4504
1751225105947 1.0049492120742798 4505
1751225106979 0.9242841601371765 4506
1751225107973 0.6113359332084656 4507
1751225109042 1.2358871698379517 4508
1751225110045 1.375288724899292 4509
1751225111042 0.9107540249824524 4510
1751225112133 0.7171741127967834 4511
1751225113136 0.7290467023849487 4512
1751225114142 1.0427387952804565 4513
1751225115186 0.8306186199188232 4514
1751225116192 0.7546205520629883 4515
1751225117202 1.7432106733322144 4516
1751225118222 0.7161235213279724 4517
1751225119086 3.0175788402557373 4518
1751225120097 0.9131546020507812 4519
1751225121104 0.8201586008071899 4520
1751225122189 0.6881508827209473 4521
1751225123198 1.1632404327392578 4522
1751225124271 0.7594752311706543 4523
1751225125141 0.5248392224311829 4524
1751225126173 0.7258405089378357 4525
1751225127226 1.5111186504364014 4526
1751225128234 0.7607142925262451 4527
1751225129317 1.0713787078857422 4528
1751225130367 1.9867382049560547 4529
1751225131401 0.6003831028938293 4530
1751225132447 1.2146333456039429 4531
1751225133529 0.9715495109558105 4532
1751225134436 1.4035491943359375 4533
1751225135473 1.5285313129425049 4534
1751225136505 0.09975435584783554 4535
1751225137502 0.5596122145652771 4536
1751225138521 0.5759068727493286 4537
1751225139442 0.9001863598823547 4538
1751225140468 0.5221635699272156 4539
1751225141352 1.0261937379837036 4540
1751225142397 0.5436223149299622 4541
1751225143657 0.929034411907196 4542
1751225144671 0.5474044680595398 4543
1751225145682 0.9730550050735474 4544
1751225146706 0.7943454384803772 4545
1751225147739 0.8355563282966614 4546
1751225148744 1.4300943613052368 4547
1751225149619 1.627223014831543 4548
1751225150497 1.409317970275879 4549
1751225151527 1.1316603422164917 4550
1751225152528 1.335747241973877 4551
1751225153580 0.5633163452148438 4552
1751225154449 2.210785150527954 4553
1751225155485 1.6565912961959839 4554
1751225156637 0.47051629424095154 4555
1751225157801 0.8876546025276184 4556
1751225158856 0.7302975058555603 4557
1751225159924 0.5902854204177856 4558
1751225160971 0.6973150372505188 4559
1751225162010 1.0827606916427612 4560
1751225163014 0.6131296753883362 4561
1751225164010 0.6046380996704102 4562
1751225165043 1.3470648527145386 4563
1751225166038 0.5541419386863708 4564
1751225167033 0.6537532210350037 4565
1751225168049 0.567960262298584 4566
1751225169058 0.14604169130325317 4567
1751225170102 1.8923176527023315 4568
1751225171172 0.9160396456718445 4569
1751225172222 0.15756092965602875 4570
1751225173239 0.7625894546508789 4571
1751225174583 0.5307259559631348 4572
1751225175716 0.7294923663139343 4573
1751225176735 1.7046165466308594 4574
1751225177719 1.3161606788635254 4575
1751225178789 1.2918916940689087 4576
1751225179822 0.8375847935676575 4577
1751225180853 0.9221485257148743 4578
1751225181889 0.781170129776001 4579
1751225182916 0.8095071911811829 4580
1751225183954 0.906832218170166 4581
1751225184991 1.2432572841644287 4582
1751225186056 0.9993824362754822 4583
1751225187085 0.6314725279808044 4584
1751225188165 1.3013654947280884 4585
1751225189186 0.900418758392334 4586
1751225190229 0.8083770871162415 4587
1751225191423 0.6774206161499023 4588
1751225192454 0.8177817463874817 4589
1751225193485 0.5545127987861633 4590
1751225194508 0.5295730233192444 4591
1751225195519 0.6698805689811707 4592
1751225196547 0.8095957040786743 4593
1751225197584 0.7086617946624756 4594
1751225198576 0.635495126247406 4595
1751225199619 0.4473855197429657 4596
1751225200634 1.1938809156417847 4597
1751225201630 0.9363417029380798 4598
1751225202651 0.8251506090164185 4599
1751225203741 1.4326891899108887 4600
1751225205029 0.7694516777992249 4601
1751225205941 1.0402758121490479 4602
1751225206970 1.2678985595703125 4603
1751225207987 0.8418455123901367 4604
1751225209011 0.7693337798118591 4605
1751225210026 0.9359782338142395 4606
1751225211033 0.3600987195968628 4607
1751225212034 0.5564952492713928 4608
1751225213061 1.055289626121521 4609
1751225213973 1.0669907331466675 4610
1751225214979 0.8062349557876587 4611
1751225216006 1.3521661758422852 4612
1751225217009 0.6389657855033875 4613
1751225218049 1.0204758644104004 4614
1751225219070 1.139870047569275 4615
1751225220067 1.1816253662109375 4616
1751225220951 0.5024606585502625 4617
1751225222043 1.8331081867218018 4618
1751225223103 1.2113920450210571 4619
1751225224150 0.5874048471450806 4620
1751225225223 1.0825577974319458 4621
1751225226235 0.6936303973197937 4622
1751225227277 1.1289252042770386 4623
1751225228278 1.1075334548950195 4624
1751225229305 0.3769785165786743 4625
1751225230352 1.26982581615448 4626
1751225231389 0.828451931476593 4627
1751225232412 0.6313881874084473 4628
1751225233420 0.9387077689170837 4629
1751225234433 0.9199509024620056 4630
1751225235747 0.21710020303726196 4631
1751225236653 1.120046615600586 4632
1751225237560 1.032294511795044 4633
1751225238585 1.1001677513122559 4634
1751225239651 0.5828123092651367 4635
1751225240712 1.153790831565857 4636
1751225241790 0.8872634768486023 4637
1751225242860 0.9716564416885376 4638
1751225243921 0.8074588775634766 4639
1751225245013 0.6253577470779419 4640
1751225246131 0.8934124112129211 4641
1751225247253 0.7359839081764221 4642
1751225248185 0.6423695087432861 4643
1751225249240 0.625632107257843 4644
1751225250252 0.8030826449394226 4645
1751225251353 0.8609294891357422 4646
1751225252260 0.4744151532649994 4647
1751225253293 0.3313767910003662 4648
1751225254369 0.811928927898407 4649
1751225255403 1.0723464488983154 4650
1751225256469 0.965644359588623 4651
1751225257389 0.6913208365440369 4652
1751225258457 0.5915298461914062 4653
1751225259500 0.7910069823265076 4654
1751225260587 0.7724653482437134 4655
1751225261601 0.8798336386680603 4656
1751225262623 1.253543496131897 4657
1751225263720 0.8566293716430664 4658
1751225264819 1.9097578525543213 4659
1751225266216 0.7095810770988464 4660
1751225267311 0.7513243556022644 4661
1751225268225 0.8438955545425415 4662
1751225269227 0.6504241824150085 4663
1751225270137 0.9691752791404724 4664
1751225271193 0.5000386238098145 4665
1751225272085 0.7195184826850891 4666
1751225273129 0.9232866168022156 4667
1751225274231 1.2011216878890991 4668
1751225275252 1.1554096937179565 4669
1751225276336 0.7618445754051208 4670
1751225277390 0.6807020306587219 4671
1751225278406 0.8372449278831482 4672
1751225279443 1.0266000032424927 4673
1751225280528 0.6828621029853821 4674
1751225281774 0.9052239656448364 4675
1751225282838 0.5240427851676941 4676
1751225283848 1.1541708707809448 4677
1751225284787 2.2573235034942627 4678
1751225285795 0.7364705204963684 4679
1751225286869 0.2365497499704361 4680
1751225287937 0.7801520228385925 4681
1751225288928 0.7809938192367554 4682
1751225289956 0.6535400748252869 4683
1751225290977 0.8517363667488098 4684
1751225292017 0.790584146976471 4685
1751225293096 0.273384153842926 4686
1751225294176 0.6159324645996094 4687
1751225295058 1.6390812397003174 4688
1751225296114 0.43719616532325745 4689
1751225297383 1.079914927482605 4690
1751225298427 1.0973535776138306 4691
1751225299478 0.6806244254112244 4692
1751225300504 0.8590642809867859 4693
1751225301555 0.7602483034133911 4694
1751225302428 0.4945387542247772 4695
1751225303466 0.6617251038551331 4696
1751225304532 0.6132174730300903 4697
1751225305582 1.1850244998931885 4698
1751225306647 1.2084763050079346 4699
1751225307707 0.7087518572807312 4700
1751225308751 0.6625186204910278 4701
1751225309701 1.058760643005371 4702
1751225310788 0.6345681548118591 4703
1751225311833 0.9181232452392578 4704
1751225312845 1.1367295980453491 4705
1751225313854 1.4634348154067993 4706
1751225314780 1.256280779838562 4707
1751225315841 0.9817177057266235 4708
1751225316902 0.5894954800605774 4709
1751225317934 0.6121246218681335 4710
1751225318817 1.550516128540039 4711
1751225319885 0.42452216148376465 4712
1751225320925 0.7094220519065857 4713
1751225321954 0.7391233444213867 4714
1751225322979 1.0349135398864746 4715
1751225324061 1.4759674072265625 4716
1751225325063 1.028809905052185 4717
1751225326115 0.43925416469573975 4718
1751225327452 1.3460066318511963 4719
1751225328506 0.6570932269096375 4720
1751225329392 1.3392972946166992 4721
1751225330418 0.7516374588012695 4722
1751225331468 0.7274214029312134 4723
1751225332387 0.8249433636665344 4724
1751225333452 0.49980735778808594 4725
1751225334460 0.6392533183097839 4726
1751225335597 0.7692139148712158 4727
1751225336735 0.7136398553848267 4728
1751225337625 3.1199631690979004 4729
1751225338658 0.9331628680229187 4730
1751225339615 2.169813871383667 4731
1751225340737 1.298879623413086 4732
1751225341802 0.7054154276847839 4733
1751225342922 0.8546144366264343 4734
1751225343975 0.7712839245796204 4735
1751225345103 0.9450618624687195 4736
1751225346010 1.343981146812439 4737
1751225347090 0.2410285323858261 4738
1751225348202 0.8249595761299133 4739
1751225349321 0.9450158476829529 4740
1751225350417 0.8085615038871765 4741
1751225351532 0.8899503946304321 4742
1751225352678 1.7401211261749268 4743
1751225353840 0.7825965881347656 4744
1751225354919 0.580800473690033 4745
1751225355962 0.9477612376213074 4746
1751225357034 1.0554656982421875 4747
1751225358180 1.1768903732299805 4748
1751225359495 0.8125980496406555 4749
1751225360604 0.8523263931274414 4750
1751225361636 0.9925186038017273 4751
1751225362756 0.967960000038147 4752
1751225363859 0.6664175391197205 4753
1751225364918 0.8731940388679504 4754
1751225366016 0.5880095362663269 4755
1751225367141 0.5974873304367065 4756
1751225368334 0.3693193793296814 4757
1751225369501 0.7122629284858704 4758
1751225370603 1.1258102655410767 4759
1751225371680 0.8802406191825867 4760
1751225372783 1.617305874824524 4761
1751225373839 0.543688952922821 4762
1751225375047 1.267146348953247 4763
1751225376098 0.7950341701507568 4764
1751225377184 0.6966117024421692 4765
1751225378225 0.7476387619972229 4766
1751225379333 0.5397505760192871 4767
1751225380251 1.2566620111465454 4768
1751225381288 1.2681187391281128 4769
1751225382300 0.7395700812339783 4770
1751225383354 0.8400598764419556 4771
1751225384412 1.2279914617538452 4772
1751225385430 0.5185962915420532 4773
1751225386367 0.6160908341407776 4774
1751225387444 0.8628399968147278 4775
1751225388558 0.7342054843902588 4776
1751225389627 1.1964691877365112 4777
1751225390959 0.8108760714530945 4778
1751225392016 0.6397826075553894 4779
1751225393074 0.3323591947555542 4780
1751225394169 0.6205005645751953 4781
1751225395221 0.848004162311554 4782
1751225396277 0.8001086115837097 4783
1751225397333 0.5933752655982971 4784
1751225398441 1.2693588733673096 4785
1751225399508 1.378001093864441 4786
1751225400616 0.7592114806175232 4787
1751225401690 0.7485084533691406 4788
1751225402774 0.8069278597831726 4789
1751225403803 0.6630021333694458 4790
1751225404879 1.157252311706543 4791
1751225406055 0.8739981055259705 4792
1751225407238 0.44201919436454773 4793
1751225408271 0.6978577971458435 4794
1751225409332 1.3488823175430298 4795
1751225410468 1.5246788263320923 4796
1751225411589 0.820240318775177 4797
1751225412707 0.6578395962715149 4798
1751225413773 2.537984609603882 4799
1751225414850 0.1604655534029007 4800
1751225416103 0.6997849345207214 4801
1751225417163 0.7711731195449829 4802
1751225418274 0.6701063513755798 4803
1751225419382 0.2743373513221741 4804
1751225420423 0.5793646574020386 4805
1751225421482 1.1580013036727905 4806
1751225422733 0.6639561653137207 4807
1751225424109 0.9650614857673645 4808
1751225425180 0.5816330909729004 4809
1751225426257 0.8459709286689758 4810
1751225427355 0.6651646494865417 4811
1751225428426 0.8176347613334656 4812
1751225429552 0.9549712538719177 4813
1751225430683 0.6248335838317871 4814
1751225431720 0.8693224191665649 4815
1751225432768 0.6029082536697388 4816
1751225433860 1.055220365524292 4817
1751225434904 0.8144047856330872 4818
1751225436011 0.15779411792755127 4819
1751225437094 0.6616796255111694 4820
1751225438198 1.3943427801132202 4821
1751225439427 1.345955729484558 4822
1751225440499 0.7786749005317688 4823
1751225441611 1.0087018013000488 4824
1751225442700 0.5735546350479126 4825
1751225443710 0.7969617247581482 4826
1751225444773 0.7879101037979126 4827
1751225445851 1.5367696285247803 4828
1751225446888 1.0633281469345093 4829
1751225447991 0.5896836519241333 4830
1751225449114 0.7942171096801758 4831
1751225450183 0.6735716462135315 4832
1751225451308 1.136263132095337 4833
1751225452370 0.7789892554283142 4834
1751225453484 1.0284695625305176 4835
1751225454560 0.664573609828949 4836
1751225456001 1.1952985525131226 4837
1751225457092 0.8105120658874512 4838
1751225458005 1.278342604637146 4839
1751225459095 0.8165394067764282 4840
1751225460239 0.6135823130607605 4841
1751225461343 0.7064782977104187 4842
1751225462421 0.7967951893806458 4843
1751225463535 1.2284845113754272 4844
1751225464445 1.0648787021636963 4845
1751225465548 0.9685119986534119 4846
1751225466576 1.11017644405365 4847
1751225467702 0.812226414680481 4848
1751225468836 0.6335155367851257 4849
1751225469867 0.32418689131736755 4850
1751225470924 0.7777485847473145 4851
1751225472000 0.8206974267959595 4852
1751225473105 0.4236285388469696 4853
1751225474042 1.3691152334213257 4854
1751225475122 0.9825248718261719 4855
1751225476185 1.0404664278030396 4856
1751225477249 0.9252154231071472 4857
1751225478344 0.5712257623672485 4858
1751225479408 0.6075707674026489 4859
1751225480468 0.5341004133224487 4860
1751225481543 1.204580307006836 4861
1751225482606 0.7823287844657898 4862
1751225483690 0.9263147711753845 4863
1751225484756 1.5654609203338623 4864
1751225485799 1.0112065076828003 4865
1751225487126 1.4227945804595947 4866
1751225488048 0.5475127696990967 4867
1751225489120 0.7080652117729187 4868
1751225490235 0.8356040716171265 4869
1751225491298 0.7647073864936829 4870
1751225492339 0.8913542628288269 4871
1751225493417 1.5206412076950073 4872
1751225494526 0.07446981221437454 4873
1751225495587 1.2046189308166504 4874
1751225496518 1.0007084608078003 4875
1751225497575 1.2671812772750854 4876
1751225498601 1.1366684436798096 4877
1751225499713 1.0934315919876099 4878
1751225500753 1.0269618034362793 4879
1751225501769 0.8276697993278503 4880
1751225502810 0.5441072583198547 4881
1751225503841 0.8128095865249634 4882
1751225504794 1.3518661260604858 4883
1751225505889 1.6728681325912476 4884
1751225506992 0.7467291951179504 4885
1751225508057 0.4466369152069092 4886
1751225509097 1.106630563735962 4887
1751225510166 0.6321978569030762 4888
1751225511238 0.5587982535362244 4889
1751225512373 0.8158316016197205 4890
1751225513470 1.7318527698516846 4891
1751225514551 0.8897550702095032 4892
1751225515626 0.5166148543357849 4893
1751225516758 0.6334534287452698 4894
1751225518056 0.7598216533660889 4895
1751225519119 0.9238525629043579 4896
1751225520234 0.7606996893882751 4897
1751225521292 0.9164873957633972 4898
1751225522361 0.9457384347915649 4899
1751225523420 0.9450993537902832 4900
1751225524467 0.923953652381897 4901
1751225525517 0.8003183603286743 4902
1751225526602 1.1880186796188354 4903
1751225527818 0.630704402923584 4904
1751225528917 1.0754356384277344 4905
1751225530011 0.909027099609375 4906
1751225531070 0.3504984676837921 4907
1751225532092 0.9218311905860901 4908
1751225533167 0.8533604741096497 4909
1751225534303 0.8528209328651428 4910
1751225535347 0.8172159194946289 4911
1751225536426 0.998028576374054 4912
1751225537466 0.20588703453540802 4913
1751225538523 1.2438058853149414 4914
1751225539586 0.9667108654975891 4915
1751225540651 0.7379301190376282 4916
1751225541696 1.0573945045471191 4917
1751225542722 0.6933318972587585 4918
1751225543839 0.6842557787895203 4919
1751225545026 0.8129852414131165 4920
1751225546109 0.7828928828239441 4921
1751225547175 0.6192449927330017 4922
1751225548214 0.8564057350158691 4923
1751225549245 0.7072793245315552 4924
1751225550602 0.5042957067489624 4925
1751225551684 1.4535231590270996 4926
1751225552771 0.9838706851005554 4927
1751225553848 0.8868593573570251 4928
1751225554875 1.4760149717330933 4929
1751225555917 0.979743480682373 4930
1751225556971 0.5910021066665649 4931
1751225558039 0.8418951034545898 4932
1751225559104 0.5157438516616821 4933
1751225560188 0.6695846915245056 4934
1751225561263 0.8091266751289368 4935
1751225562322 0.76528400182724 4936
1751225563373 0.774617075920105 4937
1751225564301 1.1987899541854858 4938
1751225565417 1.7043876647949219 4939
1751225566470 0.596428394317627 4940
1751225567553 0.7772892117500305 4941
1751225568637 0.9521123170852661 4942
1751225569718 0.1373843103647232 4943
1751225570661 0.9859628677368164 4944
1751225571735 0.9992861151695251 4945
1751225572814 0.9296671152114868 4946
1751225573881 1.0061177015304565 4947
1751225574917 0.7742024660110474 4948
1751225575977 0.8177757263183594 4949
1751225577039 0.5519945025444031 4950
1751225577957 3.000857353210449 4951
1751225579351 0.8830999732017517 4952
1751225580435 0.9730678796768188 4953
1751225581411 0.7987582087516785 4954
1751225582505 0.9643248319625854 4955
1751225583566 1.4837812185287476 4956
1751225584643 0.8785127997398376 4957
1751225585726 0.8859581351280212 4958
1751225586786 0.5893037915229797 4959
1751225587746 0.794207751750946 4960
1751225588814 0.8797604441642761 4961
1751225589877 0.898590087890625 4962
1751225590948 0.6397848725318909 4963
1751225592018 2.4181041717529297 4964
1751225593053 0.9939175844192505 4965
1751225594141 0.9829277396202087 4966
1751225595224 1.3227812051773071 4967
1751225596253 0.9788910150527954 4968
1751225597266 1.0212236642837524 4969
1751225598301 0.6607065796852112 4970
1751225599354 0.9620051383972168 4971
1751225600245 1.288452386856079 4972
1751225601275 0.7734869718551636 4973
1751225602358 1.2016535997390747 4974
1751225603382 0.9664549231529236 4975
1751225604310 0.5907097458839417 4976
1751225605354 0.8563470244407654 4977
1751225606622 0.9397144317626953 4978
1751225607683 0.7222370505332947 4979
1751225608722 0.8648567199707031 4980
1751225609796 0.8738591074943542 4981
1751225610858 1.031448245048523 4982
1751225611980 1.340591549873352 4983
1751225612998 1.1925326585769653 4984
1751225614064 0.4659491181373596 4985
1751225615139 0.9000675082206726 4986
1751225616233 0.5821368098258972 4987
1751225617403 0.5835892558097839 4988
1751225618476 0.7008253931999207 4989
1751225619510 0.9594859480857849 4990
1751225620596 0.9952719807624817 4991
1751225621634 0.5083224177360535 4992
1751225622707 0.5072027444839478 4993
1751225623771 0.3313976228237152 4994
1751225624796 1.003926396369934 4995
1751225625838 0.7034153342247009 4996
1751225626848 1.0156978368759155 4997
1751225627867 1.1559661626815796 4998
1751225628918 0.4834251403808594 4999
1751225630007 1.2875553369522095 5000
1751225631067 1.0918254852294922 5001
1751225632119 0.9381591081619263 5002
1751225633117 2.1625852584838867 5003
1751225634346 0.5209110975265503 5004
1751225635692 1.155498743057251 5005
1751225636707 0.8651941418647766 5006
1751225637761 1.342631220817566 5007
1751225638794 0.5892344117164612 5008
1751225639854 1.29850172996521 5009
1751225640777 2.016538619995117 5010
1751225641676 1.1282461881637573 5011
1751225642702 0.703750491142273 5012
1751225643792 1.4970523118972778 5013
1751225644869 2.3128092288970947 5014
1751225645857 1.7824280261993408 5015
1751225646951 1.294447422027588 5016
1751225647995 1.4262677431106567 5017
1751225649075 1.1394251585006714 5018
1751225650202 0.5826484560966492 5019
1751225651351 0.8971177935600281 5020
1751225652261 1.5626033544540405 5021
1751225653301 0.9041156768798828 5022
1751225654316 0.6303545236587524 5023
1751225655344 0.9109250903129578 5024
1751225656427 0.45573052763938904 5025
1751225657444 0.6514315605163574 5026
1751225658487 0.8751537203788757 5027
1751225659401 0.8704954385757446 5028
1751225660469 0.63128262758255 5029
1751225661498 0.8582029342651367 5030
1751225662583 1.1221227645874023 5031
1751225663826 0.7707046866416931 5032
1751225664761 0.985433042049408 5033
1751225665830 0.6151646971702576 5034
1751225666884 0.5732847452163696 5035
1751225667972 0.8080736398696899 5036
1751225669000 0.5906898379325867 5037
1751225670024 1.1192755699157715 5038
1751225671057 0.8431963920593262 5039
1751225672054 0.29490095376968384 5040
1751225673077 1.206790566444397 5041
1751225674146 0.9647955894470215 5042
1751225675191 0.6922945380210876 5043
1751225676191 0.45221176743507385 5044
1751225677231 1.253166675567627 5045
1751225678257 0.1029953807592392 5046
1751225679302 0.8163496851921082 5047
1751225680308 0.7053518891334534 5048
1751225681456 0.732873797416687 5049
1751225682509 0.8657309412956238 5050
1751225683552 0.9054040908813477 5051
1751225684572 0.6031897664070129 5052
1751225685592 0.7229464054107666 5053
1751225686612 0.7683517932891846 5054
1751225687657 1.1581083536148071 5055
1751225688693 1.0856153964996338 5056
1751225689737 0.7203245162963867 5057
1751225690989 0.9450778365135193 5058
1751225692005 0.6030145287513733 5059
1751225693120 1.1008356809616089 5060
1751225694002 0.9640386700630188 5061
1751225695047 0.8895384073257446 5062
1751225696078 0.7206501960754395 5063
1751225697082 0.795975923538208 5064
1751225698074 0.7591140866279602 5065
1751225699077 0.8620271682739258 5066
1751225700107 0.8646025061607361 5067
1751225701212 0.7992996573448181 5068
1751225702236 1.1630181074142456 5069
1751225703285 1.0752958059310913 5070
1751225704353 1.0046600103378296 5071
1751225705364 0.7466405034065247 5072
1751225706503 0.669672429561615 5073
1751225707541 0.7117990851402283 5074
1751225708585 0.7849242687225342 5075
1751225709637 0.39483919739723206 5076
1751225710663 1.1946039199829102 5077
1751225711696 0.6482731699943542 5078
1751225712749 0.6197970509529114 5079
1751225713787 0.6096897125244141 5080
1751225714823 0.5596384406089783 5081
1751225715863 0.7222631573677063 5082
1751225716884 1.0717387199401855 5083
1751225718240 0.83333820104599 5084
1751225719086 1.0275380611419678 5085
1751225720143 0.8351200222969055 5086
1751225721229 0.5541253089904785 5087
1751225722262 0.8059259653091431 5088
1751225723465 0.7527539730072021 5089
1751225724497 0.989630401134491 5090
1751225725544 1.1341131925582886 5091
1751225726560 0.8664007186889648 5092
1751225727599 0.9316143989562988 5093
1751225728652 0.6283381581306458 5094
1751225729660 0.9831480383872986 5095
1751225730690 0.9959956407546997 5096
1751225731689 1.2374173402786255 5097
1751225732707 0.2515993118286133 5098
1751225733772 0.9069671630859375 5099
1751225734809 1.3198480606079102 5100
1751225735866 0.6944140195846558 5101
1751225736961 1.6324070692062378 5102
1751225737835 0.7023970484733582 5103
1751225738870 0.2554374933242798 5104
1751225739985 1.0025967359542847 5105
1751225741147 1.013069987297058 5106
1751225742058 0.9655668139457703 5107
1751225743126 0.9076222777366638 5108
1751225744035 1.1371914148330688 5109
1751225745029 1.033427119255066 5110
1751225746351 1.3116657733917236 5111
1751225747409 0.6307687759399414 5112
1751225748432 0.6315600275993347 5113
1751225749454 0.6874078512191772 5114
1751225750462 1.5481497049331665 5115
1751225751490 0.6780545115470886 5116
1751225752581 1.862381935119629 5117
1751225753590 0.9199277758598328 5118
1751225754625 0.4229165017604828 5119
1751225755706 0.8951966166496277 5120
1751225756736 1.5782532691955566 5121
1751225757751 0.9333488345146179 5122
1751225758785 0.7400346994400024 5123
1751225759682 1.415041446685791 5124
1751225760798 0.8006681799888611 5125
1751225761836 0.6619271636009216 5126
1751225762892 1.229230284690857 5127
1751225763890 0.7393076419830322 5128
1751225764934 0.7494552731513977 5129
1751225765977 1.0130112171173096 5130
1751225767006 1.172339677810669 5131
1751225768055 1.085336446762085 5132
1751225769129 0.7968765497207642 5133
1751225770049 1.1884174346923828 5134
1751225771110 0.9033865332603455 5135
1751225772143 0.20175772905349731 5136
1751225773379 0.8286797404289246 5137
1751225774373 1.2882736921310425 5138
1751225775391 0.6465708017349243 5139
1751225776435 0.9897026419639587 5140
1751225777503 0.5622188448905945 5141
1751225778391 1.802162766456604 5142
1751225779445 1.074811339378357 5143
1751225780468 0.6210029721260071 5144
1751225781532 0.8089887499809265 5145
1751225782546 0.6833587884902954 5146
1751225783580 0.7200945019721985 5147
1751225784574 0.8268434405326843 5148
1751225785718 1.06924569606781 5149
1751225786754 0.6458536982536316 5150
1751225787782 1.2842251062393188 5151
1751225788819 0.9689437747001648 5152
1751225789832 0.7978346943855286 5153
1751225790874 0.7215073704719543 5154
1751225791943 1.2342453002929688 5155
1751225792979 0.7127310037612915 5156
1751225794087 0.5411269068717957 5157
1751225795223 0.25340935587882996 5158
1751225796209 0.6724883317947388 5159
1751225797276 0.46147868037223816 5160
1751225798333 0.8100757598876953 5161
1751225799407 0.6673977971076965 5162
1751225800471 1.1842559576034546 5163
1751225801780 0.903302013874054 5164
1751225802847 0.5894985795021057 5165
1751225804022 0.09006994962692261 5166
1751225805033 1.5605599880218506 5167
1751225806129 0.5749169588088989 5168
1751225807150 0.3043385148048401 5169
1751225808192 0.48531028628349304 5170
1751225809230 0.7346118688583374 5171
1751225810218 0.9157848358154297 5172
1751225811227 0.800494372844696 5173
1751225812249 1.7940119504928589 5174
1751225813247 0.9564310312271118 5175
1751225814296 1.5725762844085693 5176
1751225815192 1.1591747999191284 5177
1751225816295 1.0885337591171265 5178
1751225817360 1.7250988483428955 5179
1751225818401 1.0434069633483887 5180
1751225819438 1.2967455387115479 5181
1751225820693 0.9112055897712708 5182
1751225821790 0.5853081941604614 5183
1751225822834 0.8003153800964355 5184
1751225823994 0.5809898376464844 5185
1751225825043 1.0438463687896729 5186
1751225826161 0.8113935589790344 5187
1751225827287 0.7199594378471375 5188
1751225828389 1.0772063732147217 5189
1751225829735 0.7821831107139587 5190
1751225830845 0.5252708792686462 5191
1751225831931 0.6223894953727722 5192
1751225833049 0.5467574000358582 5193
1751225834166 0.7818209528923035 5194
1751225835259 0.6972511410713196 5195
1751225836376 0.4334266781806946 5196
1751225837582 0.47554704546928406 5197
1751225838659 0.9435096979141235 5198
1751225839736 0.7291526198387146 5199
1751225840884 0.8953672647476196 5200
1751225841986 0.6639007925987244 5201
1751225843126 0.9388502240180969 5202
1751225844197 0.8026215434074402 5203
1751225845238 0.613351583480835 5204
1751225846291 0.8836601376533508 5205
1751225847366 0.8353959918022156 5206
1751225848286 0.746730387210846 5207
1751225849314 1.1522053480148315 5208
1751225850423 0.7668742537498474 5209
1751225851501 2.00419545173645 5210
1751225852564 0.4768422544002533 5211
1751225853639 0.5334762930870056 5212
1751225854694 1.0932539701461792 5213
1751225855729 0.9199672937393188 5214
1751225856781 0.796015739440918 5215
1751225857870 0.7601141333580017 5216
1751225859037 0.7336708903312683 5217
1751225860103 0.9020621180534363 5218
1751225861192 0.7102492451667786 5219
1751225862250 0.49034997820854187 5220
1751225863328 0.8676314949989319 5221
1751225864374 0.5828760266304016 5222
1751225865461 0.7082436084747314 5223
1751225866385 0.38303419947624207 5224
1751225867451 0.7312501072883606 5225
1751225868525 0.8660666346549988 5226
1751225869590 0.9471189379692078 5227
1751225870679 0.26970744132995605 5228
1751225871604 0.70308917760849 5229
1751225872681 0.595131516456604 5230
1751225873734 0.9128870964050293 5231
1751225874776 1.24087655544281 5232
1751225875850 1.1586763858795166 5233
1751225876921 0.7576885223388672 5234
1751225878035 1.1389648914337158 5235
1751225879094 0.7165667414665222 5236
1751225880159 0.6557769775390625 5237
1751225881219 1.810740351676941 5238
1751225882280 0.6724565029144287 5239
1751225883333 1.7419830560684204 5240
1751225884495 0.8160110712051392 5241
1751225885656 0.8296207785606384 5242
1751225886783 0.7870557904243469 5243
1751225888224 0.7983949184417725 5244
1751225889265 0.8042541742324829 5245
1751225890262 0.7942934036254883 5246
1751225891557 0.8300170302391052 5247
1751225892687 0.7718504071235657 5248
1751225893864 0.7906798720359802 5249
1751225894945 0.7988809943199158 5250
1751225896049 0.9244908690452576 5251
1751225897127 1.0261272192001343 5252
1751225898034 1.1868606805801392 5253
1751225899126 0.8967342376708984 5254
1751225900233 1.0472031831741333 5255
1751225901313 0.9105162620544434 5256
1751225902368 0.947620689868927 5257
1751225903456 0.8072183728218079 5258
1751225904529 0.5571720004081726 5259
1751225905619 0.79892498254776 5260
1751225906744 0.9652001261711121 5261
1751225907984 1.4220408201217651 5262
1751225909233 1.2377017736434937 5263
1751225910280 0.8425297141075134 5264
1751225911420 1.009701132774353 5265
1751225912533 0.6292566061019897 5266
1751225913577 0.9091278910636902 5267
1751225914612 0.9336533546447754 5268
1751225915690 0.8975850939750671 5269
1751225917043 1.2601629495620728 5270
1751225918112 0.9144487380981445 5271
1751225919234 0.9397969245910645 5272
1751225920355 1.1545337438583374 5273
1751225921400 0.9129864573478699 5274
1751225922450 1.2314376831054688 5275
1751225923436 2.28294038772583 5276
1751225924402 0.8171944618225098 5277
1751225925658 0.5659992098808289 5278
1751225926699 0.3506685793399811 5279
1751225927808 0.8552444577217102 5280
1751225928892 0.6153913736343384 5281
1751225929830 2.199563503265381 5282
1751225930915 0.6302439570426941 5283
1751225931981 0.8057632446289062 5284
1751225933040 0.6873661875724792 5285
1751225934115 0.5030878186225891 5286
1751225935168 0.9638533592224121 5287
1751225936267 1.007872223854065 5288
1751225937344 0.78486567735672 5289
1751225938433 0.5595627427101135 5290
1751225939654 0.652993381023407 5291
1751225940775 0.8491577506065369 5292
1751225941859 0.6792984008789062 5293
1751225942929 1.042710304260254 5294
1751225944265 0.9322571158409119 5295
1751225945303 0.6929703950881958 5296
1751225946408 0.852074921131134 5297
1751225947484 0.7951685786247253 5298
1751225948599 0.4976559579372406 5299
1751225949642 0.5558176636695862 5300
1751225950694 0.6305941939353943 5301
1751225951726 0.9477147459983826 5302
1751225952850 0.7315730452537537 5303
1751225953985 0.6477131247520447 5304
1751225955100 0.964838445186615 5305
1751225956227 0.7263903021812439 5306
1751225957313 0.7076241374015808 5307
1751225958440 0.9336287379264832 5308
1751225959566 0.7680069208145142 5309
1751225960681 0.6123563647270203 5310
1751225961748 0.6458730697631836 5311
1751225962956 1.3568280935287476 5312
1751225964030 1.2169113159179688 5313
1751225965118 0.3779887557029724 5314
1751225966013 2.1204311847686768 5315
1751225967047 1.2506996393203735 5316
1751225967936 1.0081539154052734 5317
1751225968983 0.5615972280502319 5318
1751225970084 1.055397391319275 5319
1751225971156 0.11264438182115555 5320
1751225972069 2.031000852584839 5321
1751225973362 0.8317181468009949 5322
1751225974455 0.7797571420669556 5323
1751225975530 1.5241496562957764 5324
1751225976464 1.0179194211959839 5325
1751225977553 0.7550656199455261 5326
1751225978687 0.8259023427963257 5327
1751225979772 0.7318135499954224 5328
1751225980881 0.5955772995948792 5329
1751225981958 0.1546197533607483 5330
1751225983037 0.517462432384491 5331
1751225984108 0.3541782796382904 5332
1751225985196 1.1936758756637573 5333
1751225986243 0.08908145129680634 5334
1751225987333 0.7843586802482605 5335
1751225988421 1.5838334560394287 5336
1751225989596 0.9062625169754028 5337
1751225990697 1.021370530128479 5338
1751225991793 0.2899349331855774 5339
1751225992808 0.8632505536079407 5340
1751225993739 1.663756251335144 5341
1751225994852 1.0134931802749634 5342
1751225995954 0.7002310752868652 5343
1751225997102 1.286808967590332 5344
1751225998160 0.6030499935150146 5345
1751225999224 1.1840722560882568 5346
1751226000318 0.9180000424385071 5347
1751226001380 0.6314229369163513 5348
1751226002349 0.749131977558136 5349
1751226003478 1.1370829343795776 5350
1751226004623 0.682622492313385 5351
1751226005779 0.8055572509765625 5352
1751226006885 0.6681614518165588 5353
1751226008010 1.3563705682754517 5354
1751226009027 0.7950845956802368 5355
1751226009929 1.1613966226577759 5356
1751226010997 1.6458778381347656 5357
1751226012097 0.9484796524047852 5358
1751226013126 0.6316250562667847 5359
1751226014195 0.688424825668335 5360
1751226015273 0.9139766693115234 5361
1751226016291 0.7555404901504517 5362
1751226017355 1.0315861701965332 5363
1751226018394 1.353679895401001 5364
1751226019463 1.2397116422653198 5365
1751226020568 0.5490909814834595 5366
1751226021908 1.2253128290176392 5367
1751226022939 0.7451046109199524 5368
1751226023866 1.0556766986846924 5369
1751226024953 1.3309564590454102 5370
1751226025964 1.0609323978424072 5371
1751226026989 0.5402759909629822 5372
1751226028092 0.5347712635993958 5373
1751226029130 1.0441255569458008 5374
1751226030181 1.1072276830673218 5375
1751226031222 0.7669591903686523 5376
1751226032265 0.6693261861801147 5377
1751226033346 0.5437076091766357 5378
1751226034455 1.1092529296875 5379
1751226035535 0.8121941685676575 5380
1751226036634 1.8384040594100952 5381
1751226037743 0.5231634974479675 5382
1751226038786 1.1600837707519531 5383
1751226039872 0.7108543515205383 5384
1751226040932 0.8062252402305603 5385
1751226041966 0.5532116889953613 5386
1751226043068 0.5934991836547852 5387
1751226044160 0.5111299753189087 5388
1751226045250 0.7276862263679504 5389
1751226046328 1.1290829181671143 5390
1751226047643 0.9346318244934082 5391
1751226048693 0.44914087653160095 5392
1751226049799 0.8299003839492798 5393
1751226050847 0.952828586101532 5394
1751226051923 0.7309595942497253 5395
1751226052847 1.5088902711868286 5396
1751226053892 0.7210493087768555 5397
1751226054949 0.6452861428260803 5398
1751226056024 0.6100443005561829 5399
1751226057124 0.4371265470981598 5400
1751226109825 0.7296611070632935 5401
1751226110717 0.8410882353782654 5402
1751226111819 0.6821812987327576 5403
1751226112927 1.5558239221572876 5404
1751226113990 1.1471469402313232 5405
1751226115094 1.1482175588607788 5406
1751226116157 0.5985118746757507 5407
1751226117206 0.7590603232383728 5408
1751226118220 0.8608452081680298 5409
1751226119292 1.1895122528076172 5410
1751226120192 0.8262945413589478 5411
1751226121184 0.7151402235031128 5412
1751226122268 0.6821195483207703 5413
1751226123543 0.759685754776001 5414
1751226124611 0.6779812574386597 5415
1751226125665 1.0012614727020264 5416
1751226126698 0.7100497484207153 5417
1751226127776 1.2672488689422607 5418
1751226128820 0.8727100491523743 5419
1751226129866 0.5414068102836609 5420
1751226130938 0.6279142498970032 5421
1751226131976 1.353014349937439 5422
1751226133024 0.5212326049804688 5423
1751226134073 0.7195731401443481 5424
1751226134956 2.7579166889190674 5425
1751226135856 0.7261831760406494 5426
1751226136891 0.7071437239646912 5427
1751226137971 0.626379668712616 5428
1751226138970 1.2364270687103271 5429
1751226140033 0.4563407003879547 5430
1751226141041 1.5155836343765259 5431
1751226141973 1.030560851097107 5432
1751226142887 1.2917518615722656 5433
1751226143985 0.5768390893936157 5434
1751226145051 0.8072500228881836 5435
1751226146102 0.3753355145454407 5436
1751226147217 1.7758026123046875 5437
1751226148490 0.47251611948013306 5438
1751226149549 0.5697555541992188 5439
1751226150606 0.781731128692627 5440
1751226151622 0.48271313309669495 5441
1751226152677 0.827485978603363 5442
1751226153773 0.7380130887031555 5443
1751226154880 0.8816202282905579 5444
1751226155940 0.7231611013412476 5445
1751226157026 0.30040523409843445 5446
1751226158045 1.1028798818588257 5447
1751226159075 0.7237622141838074 5448
1751226160137 0.6643899083137512 5449
1751226161187 1.2132965326309204 5450
1751226162336 1.0140089988708496 5451
1751226163384 0.6716713905334473 5452
1751226164424 0.8817762732505798 5453
1751226165520 0.742488443851471 5454
1751226166654 0.8387120366096497 5455
1751226167865 0.8322978615760803 5456
1751226168893 0.6000608801841736 5457
1751226169940 0.7173331379890442 5458
1751226170988 0.7127305865287781 5459
1751226171899 0.8060433268547058 5460
1751226172920 0.7864264249801636 5461
1751226173941 0.6977707147598267 5462
1751226174970 1.0597825050354004 5463
1751226175906 0.933560848236084 5464
1751226177203 0.8234965205192566 5465
1751226178242 0.832819402217865 5466
1751226179314 0.7014833688735962 5467
1751226180389 0.585483968257904 5468
1751226181427 0.7693496942520142 5469
1751226182492 1.9775638580322266 5470
1751226183667 0.743812084197998 5471
1751226184765 0.4488941729068756 5472
1751226185844 1.45295250415802 5473
1751226186873 0.6730772852897644 5474
1751226187920 1.1339348554611206 5475
1751226189000 0.7194492220878601 5476
1751226190032 0.938816487789154 5477
1751226191085 1.015059471130371 5478
1751226192192 0.5220984816551208 5479
1751226193068 0.9056776165962219 5480
1751226194157 0.8678695559501648 5481
1751226195205 1.2790868282318115 5482
1751226196252 0.42730265855789185 5483
1751226197312 1.0340149402618408 5484
1751226198367 1.1738476753234863 5485
1751226199458 0.19529512524604797 5486
1751226200652 3.976905584335327 5487
1751226201723 0.5674064755439758 5488
1751226203063 1.2052958011627197 5489
1751226204101 0.8766045570373535 5490
1751226205158 0.63926762342453 5491
1751226206287 1.0286130905151367 5492
1751226207364 0.4671296179294586 5493
1751226208423 0.7423271536827087 5494
1751226209528 0.7500194907188416 5495
1751226210638 0.6107892394065857 5496
1751226211688 0.7571744322776794 5497
1751226212759 0.47663170099258423 5498
1751226213797 0.8354557156562805 5499
1751226214812 0.7774516940116882 5500
1751226215737 1.3894355297088623 5501
1751226216793 0.6724753975868225 5502
1751226217829 0.6418424844741821 5503
1751226218880 0.7162327170372009 5504
1751226219919 0.8370819091796875 5505
1751226220954 0.22821661829948425 5506
1751226221994 0.7882129549980164 5507
1751226223043 0.803505539894104 5508
1751226224108 0.7698094248771667 5509
1751226225206 0.47036170959472656 5510
1751226226285 0.5688403248786926 5511
1751226227202 0.8724843859672546 5512
1751226228268 1.1006383895874023 5513
1751226229309 0.48618394136428833 5514
1751226230428 1.361592173576355 5515
1751226231501 0.6165872812271118 5516
1751226232538 1.1693854331970215 5517
1751226233623 0.880010724067688 5518
1751226234705 0.6409204602241516 5519
1751226235625 1.527618408203125 5520
1751226236692 0.6740269064903259 5521
1751226237766 0.6945308446884155 5522
1751226238816 0.7172226905822754 5523
1751226239844 0.7610557675361633 5524
1751226240920 1.2806955575942993 5525
1751226241968 0.7902097105979919 5526
1751226242873 1.3117618560791016 5527
1751226243954 0.726635754108429 5528
1751226245019 0.706823468208313 5529
1751226246105 0.8268532156944275 5530
1751226247206 0.33675363659858704 5531
1751226248248 0.7156392931938171 5532
1751226249276 0.7492676377296448 5533
1751226250284 1.010118842124939 5534
1751226251154 1.3281573057174683 5535
1751226252163 0.8631923794746399 5536
1751226253192 0.7558135986328125 5537
1751226254247 0.9017643332481384 5538
1751226255263 1.0715817213058472 5539
1751226256304 0.6174862384796143 5540
1751226257367 0.7625764012336731 5541
1751226258489 0.7509745359420776 5542
1751226259385 1.3456404209136963 5543
1751226260415 0.58758944272995 5544
1751226261367 1.2926980257034302 5545
1751226262531 1.128947377204895 5546
1751226263581 0.5163288116455078 5547
1751226264628 1.010025143623352 5548
1751226265677 0.6768462061882019 5549
1751226266682 1.058494210243225 5550
1751226267709 1.529586672782898 5551
1751226268806 0.7130782008171082 5552
1751226269842 0.6466661691665649 5553
1751226270867 0.7849667072296143 5554
1751226271801 0.9375364184379578 5555
1751226272843 1.0421488285064697 5556
1751226273882 0.9616062045097351 5557
1751226274979 0.8327370882034302 5558
1751226276045 0.7765664458274841 5559
1751226276912 2.118195056915283 5560
1751226278057 0.6196386218070984 5561
1751226279233 0.908686101436615 5562
1751226280252 0.9163872003555298 5563
1751226281132 1.9236077070236206 5564
1751226282166 0.4608445167541504 5565
1751226283232 0.5168043971061707 5566
1751226284313 1.1813315153121948 5567
1751226285343 0.7107782363891602 5568
1751226286611 0.7295345664024353 5569
1751226287616 0.6575806736946106 5570
1751226288723 1.0836142301559448 5571
1751226289783 0.04475345462560654 5572
1751226290845 1.2097548246383667 5573
1751226291881 1.019895315170288 5574
1751226292926 1.7042392492294312 5575
1751226293978 0.5695199966430664 5576
1751226295098 1.002809762954712 5577
1751226296188 0.7791914343833923 5578
1751226297258 1.4905089139938354 5579
1751226298343 0.08851832896471024 5580
1751226299398 0.5807133913040161 5581
1751226300436 0.86944979429245 5582
1751226301521 1.1798696517944336 5583
1751226302587 0.9481952786445618 5584
1751226303616 0.5328919887542725 5585
1751226304652 0.9936556220054626 5586
1751226305692 0.6422452330589294 5587
1751226306754 0.4672761857509613 5588
1751226307803 0.5359954833984375 5589
1751226308832 0.13765893876552582 5590
1751226310114 0.5069062113761902 5591
1751226311172 0.8734489679336548 5592
1751226312272 0.9984729886054993 5593
1751226313305 1.034065842628479 5594
1751226314355 0.49707794189453125 5595
1751226315220 1.0438345670700073 5596
1751226316118 0.7305495142936707 5597
1751226317181 1.6068724393844604 5598
1751226318232 0.6249434351921082 5599
1751226319281 1.1166019439697266 5600
1751226320168 0.9091286063194275 5601
1751226321201 0.5538255572319031 5602
1751226322104 0.829837441444397 5603
1751226323076 4.268875598907471 5604
1751226323987 0.98956298828125 5605
1751226325012 0.23354856669902802 5606
1751226326067 1.1463074684143066 5607
1751226327072 1.1581312417984009 5608
1751226328117 0.5712153315544128 5609
1751226329181 0.9945209622383118 5610
1751226330221 0.8461597561836243 5611
1751226331343 0.6836666464805603 5612
1751226332407 0.883901059627533 5613
1751226333437 0.5834007263183594 5614
1751226334452 0.5510306358337402 5615
1751226335765 0.4884242117404938 5616
1751226336811 1.591974139213562 5617
1751226337684 0.9104827046394348 5618
1751226338723 0.7880682945251465 5619
1751226339829 1.0737407207489014 5620
1751226340805 0.6758180260658264 5621
1751226341838 1.2029818296432495 5622
1751226342884 1.4125279188156128 5623
1751226343955 0.7238883972167969 5624
1751226344863 1.0326007604599 5625
1751226346000 0.5641743540763855 5626
1751226347021 0.763140857219696 5627
1751226348035 0.9243138432502747 5628
1751226349151 1.5496057271957397 5629
1751226350266 0.6543982625007629 5630
1751226351321 1.5191634893417358 5631
1751226352335 0.8211897015571594 5632
1751226353359 0.680625855922699 5633
1751226354391 0.8327061533927917 5634
1751226355389 0.8286523222923279 5635
1751226356411 0.975146472454071 5636
1751226357420 0.784438967704773 5637
1751226358508 0.9050977826118469 5638
1751226359773 0.9254212379455566 5639
1751226360842 0.7741287350654602 5640
1751226361918 0.9706123471260071 5641
1751226363068 0.9049075245857239 5642
1751226364163 0.7399300932884216 5643
1751226365140 1.242105484008789 5644
1751226366271 1.0270251035690308 5645
1751226367336 0.559293270111084 5646
1751226368347 0.7717977166175842 5647
1751226369385 0.6870124340057373 5648
1751226370484 0.2986981272697449 5649
1751226371523 0.6064335703849792 5650
1751226372463 0.17457161843776703 5651
1751226373514 0.8429691195487976 5652
1751226374537 1.3660324811935425 5653
1751226375614 0.5887861847877502 5654
1751226376698 1.3989362716674805 5655
1751226377747 1.4065932035446167 5656
1751226378899 0.7972025871276855 5657
1751226379920 0.7840291857719421 5658
1751226380960 0.600960910320282 5659
1751226382102 0.9521346092224121 5660
1751226383438 1.1293514966964722 5661
1751226384477 0.9040498733520508 5662
1751226385611 0.966746985912323 5663
1751226386663 0.886218249797821 5664
1751226387683 0.44076740741729736 5665
1751226388739 0.8152477145195007 5666
1751226389704 0.45319584012031555 5667
1751226390711 0.7838558554649353 5668
1751226391714 1.7373669147491455 5669
1751226392758 0.8317666053771973 5670
1751226393792 0.7105629444122314 5671
1751226394820 0.6663937568664551 5672
1751226395910 0.7601874470710754 5673
1751226396991 0.8657771944999695 5674
1751226398031 0.8075666427612305 5675
1751226399117 0.5854111313819885 5676
1751226400251 0.5195780992507935 5677
1751226401277 0.8115152716636658 5678
1751226402352 1.083300232887268 5679
1751226403489 0.7381730079650879 5680
1751226404515 0.9499310851097107 5681
1751226405578 2.2579495906829834 5682
1751226406839 0.303901344537735 5683
1751226407871 0.9487293362617493 5684
1751226409040 1.0779197216033936 5685
1751226409914 5.107275009155273 5686
1751226410993 1.3081064224243164 5687
1751226412027 0.865317165851593 5688
1751226413078 0.8236002326011658 5689
1751226414133 0.7451664805412292 5690
1751226415163 0.8892720341682434 5691
1751226416316 0.9534258246421814 5692
1751226417342 0.6911219954490662 5693
1751226418376 0.37261077761650085 5694
1751226419578 0.6801377534866333 5695
1751226420621 0.8980920910835266 5696
1751226421704 0.2904069721698761 5697
1751226422745 1.9353306293487549 5698
1751226423781 1.5095247030258179 5699
1751226424815 1.0202769041061401 5700
1751226425929 0.8626512885093689 5701
1751226427011 1.1223928928375244 5702
1751226428014 0.6982466578483582 5703
1751226429038 0.8875907063484192 5704
1751226430318 1.0218533277511597 5705
1751226431443 0.6663110852241516 5706
1751226432596 0.7681726217269897 5707
1751226433614 0.8138132095336914 5708
1751226434669 0.6610316038131714 5709
1751226435740 1.5175269842147827 5710
1751226436787 0.7175293564796448 5711
1751226437836 0.9842922687530518 5712
1751226438882 0.765476644039154 5713
1751226439994 1.2424498796463013 5714
1751226441080 1.2035386562347412 5715
1751226442029 1.4786077737808228 5716
1751226443114 0.9401607513427734 5717
1751226444135 1.312751054763794 5718
1751226445201 0.7988600134849548 5719
1751226446266 0.8614664077758789 5720
1751226447174 1.1422662734985352 5721
1751226448202 0.7663474082946777 5722
1751226449251 0.2940511703491211 5723
1751226450278 0.806704044342041 5724
1751226451341 0.12374643981456757 5725
1751226452447 0.6285451054573059 5726
1751226453775 0.8746441006660461 5727
1751226454776 1.080627679824829 5728
1751226455678 0.9815093874931335 5729
1751226456687 0.48592719435691833 5730
1751226457714 0.748870313167572 5731
1751226458789 0.6471036076545715 5732
1751226459911 1.142764687538147 5733
1751226461001 1.12917160987854 5734
1751226462004 1.1000794172286987 5735
1751226463044 0.15086649358272552 5736
1751226464079 1.111789584159851 5737
1751226465151 0.5282687544822693 5738
1751226466175 0.8771553039550781 5739
1751226467237 1.3174704313278198 5740
1751226468133 1.1873115301132202 5741
1751226469150 0.9865585565567017 5742
1751226470201 0.7614387273788452 5743
1751226471245 1.1795138120651245 5744
1751226472251 0.7413655519485474 5745
1751226473269 0.7462112307548523 5746
1751226474346 0.6526294350624084 5747
1751226475397 0.6986753344535828 5748
1751226476822 1.2335624694824219 5749
1751226477999 0.9976601004600525 5750
1751226478954 0.8262786865234375 5751
1751226479980 1.8592334985733032 5752
1751226481018 1.1601160764694214 5753
1751226481925 0.45108211040496826 5754
1751226482959 1.2852624654769897 5755
1751226483968 1.0646367073059082 5756
1751226485010 1.932064414024353 5757
1751226486046 0.6484504342079163 5758
1751226487110 0.6984235048294067 5759
1751226488126 0.8995301127433777 5760
1751226489018 1.1094341278076172 5761
1751226490085 0.9838612675666809 5762
1751226491120 0.9538049101829529 5763
1751226492032 1.124873161315918 5764
1751226493062 0.6760091185569763 5765
1751226494150 0.6900796294212341 5766
1751226495182 0.7324981093406677 5767
1751226496177 1.2581526041030884 5768
1751226497244 0.5168085098266602 5769
1751226498257 1.6386221647262573 5770
1751226499259 1.111130714416504 5771
1751226500550 0.4588536322116852 5772
1751226501591 1.5024946928024292 5773
1751226502472 0.5717207789421082 5774
1751226503500 2.1478970050811768 5775
1751226504563 1.0340628623962402 5776
1751226505612 0.5777074098587036 5777
1751226506678 0.7986695766448975 5778
1751226507684 0.6968370676040649 5779
1751226508715 0.8299196362495422 5780
1751226509742 0.7316279411315918 5781
1751226510816 0.9633632898330688 5782
1751226511930 0.19517828524112701 5783
1751226512962 0.3244728147983551 5784
1751226513961 0.7861633896827698 5785
1751226515027 0.6913137435913086 5786
1751226516073 0.9232021570205688 5787
1751226517088 0.7009264826774597 5788
1751226518107 1.00184965133667 5789
1751226519116 0.8970198035240173 5790
1751226520049 1.093099594116211 5791
1751226521059 0.6802592277526855 5792
1751226522081 0.8218695521354675 5793
1751226523342 1.0224274396896362 5794
1751226524382 1.3308738470077515 5795
1751226525437 1.0151596069335938 5796
1751226526497 0.8935279250144958 5797
1751226527548 0.7644732594490051 5798
1751226528571 0.938296914100647 5799
1751226529587 0.8469605445861816 5800
1751226530637 0.7320430874824524 5801
1751226531650 1.0618940591812134 5802
1751226532686 1.0215760469436646 5803
1751226533758 1.1060450077056885 5804
1751226534717 0.8072502017021179 5805
1751226536007 0.7968806624412537 5806
1751226537035 1.1414762735366821 5807
1751226537957 1.7468299865722656 5808
1751226539051 0.6874488592147827 5809
1751226540082 0.634703516960144 5810
1751226541254 0.7108696103096008 5811
1751226542314 2.357539415359497 5812
1751226543308 0.9454312324523926 5813
1751226544361 0.800398051738739 5814
1751226545392 0.7725791931152344 5815
1751226546675 0.30025479197502136 5816
1751226547697 1.4859415292739868 5817
1751226548690 0.7484961748123169 5818
1751226549795 0.8662347197532654 5819
1751226550820 0.7504112124443054 5820
1751226551849 0.786736011505127 5821
1751226552906 1.5094562768936157 5822
1751226553918 0.6551587581634521 5823
1751226554970 0.09191334247589111 5824
1751226556029 0.6088637113571167 5825
1751226557122 1.538664698600769 5826
1751226558186 2.1126656532287598 5827
1751226559342 0.9819827079772949 5828
1751226560360 1.056808352470398 5829
1751226561418 0.8422264456748962 5830
1751226562452 1.1945886611938477 5831
1751226563487 0.6894927620887756 5832
1751226564529 0.26823312044143677 5833
1751226565576 0.6553986668586731 5834
1751226566727 0.5539512038230896 5835
1751226567800 1.8513561487197876 5836
1751226568787 0.8449166417121887 5837
1751226570132 0.7437655329704285 5838
1751226571261 1.001571774482727 5839
1751226572273 0.678745687007904 5840
1751226573377 0.7397255897521973 5841
1751226574486 0.6170083284378052 5842
1751226575688 1.4592334032058716 5843
1751226576713 1.097503662109375 5844
1751226577745 0.8629414439201355 5845
1751226578741 0.6782286167144775 5846
1751226579740 0.7840421795845032 5847
1751226580638 1.0751205682754517 5848
1751226581682 1.0815132856369019 5849
1751226582779 0.9238116145133972 5850
1751226583828 0.8579805493354797 5851
1751226584881 0.7405532598495483 5852
1751226585911 1.3954193592071533 5853
1751226586971 0.6678747534751892 5854
1751226588101 0.7964315414428711 5855
1751226589166 0.6653814315795898 5856
1751226590137 0.8573657274246216 5857
1751226591149 0.8323140144348145 5858
1751226592211 0.7202157378196716 5859
1751226593260 0.8451870083808899 5860
1751226594382 1.7372550964355469 5861
1751226595411 0.8034864664077759 5862
1751226596485 2.3654356002807617 5863
1751226597632 0.7581534385681152 5864
1751226598638 0.9738726019859314 5865
1751226599682 0.1492787003517151 5866
1751226600591 1.4693454504013062 5867
1751226601606 0.7521868348121643 5868
1751226602620 0.8332058191299438 5869
1751226603660 0.543982207775116 5870
1751226604684 1.1099216938018799 5871
1751226605846 0.9709251523017883 5872
1751226606896 1.691043496131897 5873
1751226607943 0.9321986436843872 5874
1751226609035 0.7709469199180603 5875
1751226610054 0.6326627731323242 5876
1751226611222 1.1515544652938843 5877
1751226612256 0.7783224582672119 5878
1751226613266 0.8665658831596375 5879
1751226614287 2.0425667762756348 5880
1751226615352 0.7593674659729004 5881
1751226616391 0.9590620398521423 5882
1751226617678 0.6547220349311829 5883
1751226618673 0.5349224805831909 5884
1751226619677 0.8699741363525391 5885
1751226620698 0.7208095192909241 5886
1751226621723 0.6359578371047974 5887
1751226622792 1.6926053762435913 5888
1751226623806 0.8042341470718384 5889
1751226624807 0.7578393220901489 5890
1751226625821 0.5906153321266174 5891
1751226626903 0.6823353171348572 5892
1751226627920 0.9775873422622681 5893
1751226628935 1.1570863723754883 5894
1751226629965 0.8952757120132446 5895
1751226631015 0.8019021153450012 5896
1751226632041 0.7517127990722656 5897
1751226633048 1.053481936454773 5898
1751226634099 0.9424067735671997 5899
1751226635164 1.0473238229751587 5900
1751226636255 0.35401633381843567 5901
1751226637378 0.7980664968490601 5902
1751226638414 1.1169852018356323 5903
1751226639324 0.9528316259384155 5904
1751226640576 0.6384739875793457 5905
1751226641597 0.9136595129966736 5906
1751226642663 0.9986801147460938 5907
1751226643704 0.6659693717956543 5908
1751226644725 0.6944727301597595 5909
1751226645600 0.9603061676025391 5910
1751226646628 0.8118812441825867 5911
1751226647661 1.545877456665039 5912
1751226648749 0.6564039587974548 5913
1751226649614 1.7234092950820923 5914
1751226650643 1.008735179901123 5915
1751226651680 1.1907460689544678 5916
1751226652756 0.7524260878562927 5917
1751226653874 0.6530106663703918 5918
1751226655046 0.5984793901443481 5919
1751226656090 1.1485506296157837 5920
1751226657107 1.0734169483184814 5921
1751226658150 0.6006137728691101 5922
1751226659175 0.7575029730796814 5923
1751226660235 1.2798855304718018 5924
1751226661286 0.88005131483078 5925
1751226662426 1.0832947492599487 5926
1751226663787 1.276018738746643 5927
1751226664797 0.6874609589576721 5928
1751226665831 0.7587608695030212 5929
1751226666751 1.0696258544921875 5930
1751226667773 0.88759845495224 5931
1751226668796 0.647205650806427 5932
1751226669837 0.6882614493370056 5933
1751226671036 0.802891731262207 5934
1751226672144 1.215947151184082 5935
1751226673201 0.5956469774246216 5936
1751226674224 0.6089402437210083 5937
1751226675219 1.3391129970550537 5938
1751226676246 1.1456366777420044 5939
1751226677273 1.432888388633728 5940
1751226678286 0.7631725668907166 5941
1751226679181 1.0029674768447876 5942
1751226680183 0.8091070055961609 5943
1751226681228 0.6972715854644775 5944
1751226682235 0.2761528193950653 5945
1751226683266 0.8920354247093201 5946
1751226684110 1.6702972650527954 5947
1751226685191 0.7076524496078491 5948
1751226686465 1.4413400888442993 5949
1751226687366 2.4528472423553467 5950
1751226688417 1.0728636980056763 5951
1751226689452 0.7080226540565491 5952
1751226690523 0.696744441986084 5953
1751226691559 1.2337298393249512 5954
1751226692620 0.32717999815940857 5955
1751226693639 1.0464403629302979 5956
1751226694672 1.48228919506073 5957
1751226695688 0.5706049203872681 5958
1751226696745 0.5230046510696411 5959
1751226697772 0.7220413684844971 5960
1751226698682 0.9020082354545593 5961
1751226699712 0.8980650901794434 5962
1751226700762 0.723220944404602 5963
1751226701793 0.7677615880966187 5964
1751226702830 0.82711261510849 5965
1751226703892 1.022054672241211 5966
1751226704804 0.8125757575035095 5967
1751226705736 1.1071919202804565 5968
1751226706816 1.2389143705368042 5969
1751226707840 1.0849885940551758 5970
1751226708881 0.5531790852546692 5971
1751226710199 1.1288384199142456 5972
1751226711247 0.8402520418167114 5973
1751226712281 0.6731116771697998 5974
1751226713353 0.8008144497871399 5975
1751226714413 0.9668291211128235 5976
1751226715465 1.2162563800811768 5977
1751226716499 0.7858726978302002 5978
1751226717546 1.0031256675720215 5979
1751226718559 0.5396804809570312 5980
1751226719649 1.8255094289779663 5981
1751226720608 1.4906278848648071 5982
1751226721670 0.7444586157798767 5983
1751226722723 1.127937912940979 5984
1751226723826 0.6449775695800781 5985
1751226724848 0.9675042033195496 5986
1751226726029 0.6946963667869568 5987
1751226727063 0.7360184788703918 5988
1751226728146 1.1205655336380005 5989
1751226729218 0.4829287528991699 5990
1751226730281 0.7142320275306702 5991
1751226731327 1.002864122390747 5992
1751226732384 1.3936970233917236 5993
1751226733759 0.6574587225914001 5994
1751226734699 1.555666208267212 5995
1751226735699 1.5760589838027954 5996
1751226736723 0.74913090467453 5997
1751226737771 0.9994000792503357 5998
1751226738825 0.5857964754104614 5999
1751226739931 0.9588160514831543 6000
1751226740999 0.785075843334198 6001
1751226742093 0.7872036695480347 6002
1751226743324 0.7259733080863953 6003
1751226744527 0.8757417798042297 6004
1751226745581 1.2043863534927368 6005
1751226746617 0.6209275126457214 6006
1751226747668 1.443878412246704 6007
1751226748752 0.5631992220878601 6008
1751226749834 0.736940860748291 6009
1751226750760 2.63799786567688 6010
1751226751796 1.1797994375228882 6011
1751226752862 0.592799723148346 6012
1751226753921 0.6967326402664185 6013
1751226755016 0.9197683334350586 6014
1751226756346 0.5559684038162231 6015
1751226757408 0.3639425039291382 6016
1751226758470 0.791902482509613 6017
1751226759659 0.6172278523445129 6018
1751226760598 0.8679038882255554 6019
1751226761656 0.5513352751731873 6020
1751226762725 0.7428789138793945 6021
1751226763629 1.0583150386810303 6022
1751226764675 0.6338486075401306 6023
1751226765731 0.963798999786377 6024
1751226766812 0.6004946827888489 6025
1751226767869 0.7528500556945801 6026
1751226768927 0.7748385071754456 6027
1751226769949 0.691689670085907 6028
1751226770990 1.2418869733810425 6029
1751226772100 0.7438730001449585 6030
1751226773165 0.7589946389198303 6031
1751226774191 1.1558549404144287 6032
1751226775290 0.7194254994392395 6033
1751226776342 0.605251669883728 6034
1751226777640 0.6254414916038513 6035
1751226778675 0.6883788704872131 6036
1751226779691 1.3933385610580444 6037
1751226780730 0.7217154502868652 6038
1751226781749 0.9619843363761902 6039
1751226782848 1.2311443090438843 6040
1751226783785 0.9281795024871826 6041
1751226784829 0.555709183216095 6042
1751226785905 1.7037824392318726 6043
1751226786957 0.8334009051322937 6044
1751226788008 0.8280227780342102 6045
1751226789115 0.5711809396743774 6046
1751226790172 0.6595630049705505 6047
1751226791231 0.638599693775177 6048
1751226792266 1.2263559103012085 6049
1751226793344 0.867912769317627 6050
1751226794345 0.8820136189460754 6051
1751226795375 0.6326814293861389 6052
1751226796242 0.789829671382904 6053
1751226797296 0.7983357310295105 6054
1751226798617 0.8889275789260864 6055
1751226799668 0.7595083713531494 6056
1751226800732 0.8156329393386841 6057
1751226801785 0.9506511092185974 6058
1751226802841 0.6282618045806885 6059
1751226803884 0.6740161776542664 6060
1751226804827 1.0386545658111572 6061
1751226805853 1.3153057098388672 6062
1751226806912 0.8014810681343079 6063
1751226807812 1.1487740278244019 6064
1751226808878 0.8595697283744812 6065
1751226809952 0.9382814764976501 6066
1751226810853 0.6685339212417603 6067
1751226811967 1.1037555932998657 6068
1751226813110 0.8354756236076355 6069
1751226814287 0.8580490946769714 6070
1751226815250 0.9336441159248352 6071
1751226816357 0.700439989566803 6072
1751226817382 0.5373786091804504 6073
1751226818264 0.8230187296867371 6074
1751226819254 0.7785362601280212 6075
1751226820539 0.9428971409797668 6076
1751226821599 1.3726840019226074 6077
1751226822708 0.37551578879356384 6078
1751226823793 0.9092878699302673 6079
1751226824825 0.8014337420463562 6080
1751226825855 0.6634126901626587 6081
1751226826959 0.9742491841316223 6082
1751226827882 1.7206554412841797 6083
1751226828987 1.2949589490890503 6084
1751226830006 0.9250718951225281 6085
1751226831080 0.8153657913208008 6086
1751226832237 0.9304081797599792 6087
1751226833386 1.2081588506698608 6088
1751226834447 1.1766327619552612 6089
1751226835494 0.6785242557525635 6090
1751226836532 0.463735967874527 6091
1751226837587 1.1176254749298096 6092
1751226838478 0.9305106997489929 6093
1751226839497 1.124731421470642 6094
1751226840402 0.860353946685791 6095
1751226841675 0.8649659156799316 6096
1751226842724 0.9260420203208923 6097
1751226843795 1.7686198949813843 6098
1751226844853 1.2147148847579956 6099
1751226845883 0.1675683706998825 6100
1751226846947 0.6930988430976868 6101
1751226847859 1.0614159107208252 6102
1751226848951 0.15902267396450043 6103
1751226850153 0.9180580377578735 6104
1751226851203 0.6890865564346313 6105
1751226852224 0.6933119893074036 6106
1751226853255 0.7044958472251892 6107
1751226854299 1.1284259557724 6108
1751226855315 1.8724091053009033 6109
1751226856367 0.8621166348457336 6110
1751226857438 0.4215441048145294 6111
1751226858459 0.536806046962738 6112
1751226859502 1.2315911054611206 6113
1751226860583 0.7197439074516296 6114
1751226861605 0.16006305813789368 6115
1751226862889 0.9889892935752869 6116
1751226863969 1.1458076238632202 6117
1751226865033 1.194818377494812 6118
1751226866072 0.902657151222229 6119
1751226867108 0.8665128350257874 6120
1751226868131 0.70717853307724 6121
1751226869158 0.6711000800132751 6122
1751226870062 0.9283947348594666 6123
1751226871094 0.5886813998222351 6124
1751226872158 0.8094940781593323 6125
1751226873200 0.9520365595817566 6126
1751226874227 0.6989747285842896 6127
1751226875286 0.16054107248783112 6128
1751226876355 0.8286709189414978 6129
1751226877410 0.5618808269500732 6130
1751226878416 0.8999181985855103 6131
1751226879441 0.7636265754699707 6132
1751226880479 0.9953058362007141 6133
1751226881605 0.6063348650932312 6134
1751226882479 0.9484723210334778 6135
1751226883512 0.8820204734802246 6136
1751226884807 1.1937381029129028 6137
1751226885885 0.7063588500022888 6138
1751226886927 0.6190994381904602 6139
1751226887975 0.6287774443626404 6140
1751226889064 0.719659149646759 6141
1751226890147 0.771413266658783 6142
1751226891178 0.7705762982368469 6143
1751226892212 0.7879148721694946 6144
1751226893071 0.6739969253540039 6145
1751226894155 1.1199334859848022 6146
1751226895208 0.9028313755989075 6147
1751226896247 0.7363601922988892 6148
1751226897319 0.617855966091156 6149
1751226898368 0.598301112651825 6150
1751226899391 0.48646995425224304 6151
1751226900364 0.9378636479377747 6152
1751226901399 1.453709363937378 6153
1751226902498 1.0272406339645386 6154
1751226903639 0.6462732553482056 6155
1751226904795 0.9694205522537231 6156
1751226905892 0.666702926158905 6157
1751226907171 0.7124947905540466 6158
1751226908208 0.8272497057914734 6159
1751226909294 0.9060465693473816 6160
1751226910324 1.165804147720337 6161
1751226911340 1.059837818145752 6162
1751226912390 0.7576751708984375 6163
1751226913459 0.824680745601654 6164
1751226914496 0.7917453050613403 6165
1751226915558 0.979962170124054 6166
1751226916561 1.7161871194839478 6167
1751226917622 1.045113205909729 6168
1751226918661 0.797135055065155 6169
1751226919726 0.5836712718009949 6170
1751226920936 0.8826345801353455 6171
1751226922042 0.947981059551239 6172
1751226923097 0.6195139288902283 6173
1751226924135 0.8079792857170105 6174
1751226925173 0.6006555557250977 6175
1751226926246 0.6142051815986633 6176
1751226927262 0.8394804000854492 6177
1751226928410 0.8478337526321411 6178
1751226929277 2.270810842514038 6179
1751226930174 2.5338103771209717 6180
1751226931202 0.6988954544067383 6181
1751226932250 1.0654370784759521 6182
1751226933327 0.9457669258117676 6183
1751226934333 0.8989056944847107 6184
1751226935422 0.6088165044784546 6185
1751226936569 0.613385796546936 6186
1751226937595 1.0452851057052612 6187
1751226938512 2.1552112102508545 6188
1751226939567 0.7211030125617981 6189
1751226940591 0.7576329112052917 6190
1751226941671 0.6360669136047363 6191
1751226942759 1.0255228281021118 6192
1751226943770 0.26035740971565247 6193
1751226944749 0.570357620716095 6194
1751226945809 0.6369015574455261 6195
1751226946837 0.8193880319595337 6196
1751226947938 1.394635558128357 6197
1751226949272 1.2560882568359375 6198
1751226950306 0.865925133228302 6199
1751226951219 1.4635379314422607 6200
1751226952277 0.6877704858779907 6201
1751226953312 0.7279670238494873 6202
1751226954342 1.3037655353546143 6203
1751226955382 0.9607024192810059 6204
1751226956416 0.8458892107009888 6205
1751226957429 0.864118754863739 6206
1751226958338 1.6477302312850952 6207
1751226959360 0.8061904907226562 6208
1751226960394 0.7107290625572205 6209
1751226961460 0.6849927306175232 6210
1751226962505 0.6427271962165833 6211
1751226963523 0.6861304640769958 6212
1751226964531 0.8278751373291016 6213
1751226965546 0.4254915714263916 6214
1751226966588 0.6428118944168091 6215
1751226967623 0.9400238990783691 6216
1751226968621 0.8829828500747681 6217
1751226969677 0.925445020198822 6218
1751226971035 2.051269292831421 6219
1751226972060 0.713864803314209 6220
1751226973113 0.621492862701416 6221
1751226974163 1.1276655197143555 6222
1751226975215 0.63662189245224 6223
1751226976260 0.8178272247314453 6224
1751226977456 0.8925924301147461 6225
1751226978511 1.7189089059829712 6226
1751226979550 0.8194090127944946 6227
1751226980647 0.7513423562049866 6228
1751226981675 1.2289612293243408 6229
1751226982725 0.7618626356124878 6230
1751226983704 0.6195686459541321 6231
1751226984598 1.7584422826766968 6232
1751226985658 0.6409511566162109 6233
1751226986682 0.9557561874389648 6234
1751226987762 0.7523438334465027 6235
1751226988681 1.0429819822311401 6236
1751226989702 0.9515783190727234 6237
1751226990761 0.7156620025634766 6238
1751226991965 1.304801106452942 6239
1751226993052 0.7371248602867126 6240
1751226994097 0.6466764807701111 6241
1751226995198 0.6429776549339294 6242
1751226996296 0.7848812341690063 6243
1751226997378 0.6343469023704529 6244
1751226998439 0.843791663646698 6245
1751226999587 1.0603541135787964 6246
1751227000793 0.7352831959724426 6247
1751227001863 0.8680254220962524 6248
1751227003029 0.708607017993927 6249
1751227004092 0.40069258213043213 6250
1751227004961 0.9113313555717468 6251
1751227006009 0.5988630652427673 6252
1751227007084 0.9939458966255188 6253
1751227008127 0.8939083218574524 6254
1751227009174 1.8771533966064453 6255
1751227010279 0.6518430709838867 6256
1751227011396 0.08468767255544662 6257
1751227012456 0.741738498210907 6258
1751227013509 0.4209211766719818 6259
1751227014811 0.9038330316543579 6260
1751227016081 1.0147688388824463 6261
1751227017425 1.3134262561798096 6262
1751227018517 1.8823747634887695 6263
1751227019575 0.714055597782135 6264
1751227020682 1.8265503644943237 6265
1751227021746 0.859377384185791 6266
1751227022772 1.102746605873108 6267
1751227023785 0.5724315047264099 6268
1751227024819 0.9177048802375793 6269
1751227025831 0.6679350733757019 6270
1751227026876 2.8992810249328613 6271
1751227027950 0.8139253258705139 6272
1751227029021 0.9548218846321106 6273
1751227030097 1.195163607597351 6274
1751227031145 1.4529365301132202 6275
1751227032222 0.659028947353363 6276
1751227033384 1.0092896223068237 6277
1751227034536 0.8200120329856873 6278
1751227035612 0.9014745354652405 6279
1751227036845 0.7542309165000916 6280
1751227037921 0.5916132926940918 6281
1751227038961 0.458782821893692 6282
1751227039995 0.5653685927391052 6283
1751227041010 0.9841270446777344 6284
1751227041901 1.0717298984527588 6285
1751227042944 0.6588181853294373 6286
1751227043836 1.5933902263641357 6287
1751227044872 0.8312079310417175 6288
1751227045821 0.708483874797821 6289
1751227046847 0.9616444706916809 6290
1751227047916 0.8468856811523438 6291
1751227048956 1.5942589044570923 6292
1751227049963 0.8829213380813599 6293
1751227051035 0.3939776122570038 6294
1751227052121 1.780648112297058 6295
1751227053216 0.7776881456375122 6296
1751227054255 0.9322221875190735 6297
1751227055259 1.9204765558242798 6298
1751227056326 0.48039180040359497 6299
1751227057655 0.5925832986831665 6300
1751227058695 0.7678634524345398 6301
1751227059727 0.6973596811294556 6302
1751227060759 1.1882647275924683 6303
1751227061763 0.8145322799682617 6304
1751227062643 1.0031594038009644 6305
1751227063663 0.6087116599082947 6306
1751227064698 0.5090339779853821 6307
1751227065743 0.7990448474884033 6308
1751227066820 0.6816430687904358 6309
1751227067852 0.34404468536376953 6310
1751227068881 0.4974472224712372 6311
1751227069907 0.9143247604370117 6312
1751227070979 0.8340258002281189 6313
1751227072062 0.9877085089683533 6314
1751227073071 0.6695138216018677 6315
1751227074119 0.9484481811523438 6316
1751227075188 0.8981899619102478 6317
1751227076250 1.0491136312484741 6318
1751227077280 0.8709344267845154 6319
1751227078294 0.9430341124534607 6320
1751227079580 0.602575421333313 6321
1751227080646 0.9466686248779297 6322
1751227081678 0.8131276369094849 6323
1751227082673 0.7263984084129333 6324
1751227083717 0.5722651481628418 6325
1751227084784 0.7639883756637573 6326
1751227085801 1.3320330381393433 6327
1751227086853 0.9982063174247742 6328
1751227087739 1.0948686599731445 6329
1751227088736 0.8733583092689514 6330
1751227089774 0.8110432624816895 6331
1751227090850 0.5930636525154114 6332
1751227091855 1.076420783996582 6333
1751227092862 0.6800795197486877 6334
1751227093910 0.8343489766120911 6335
1751227094995 0.6456199884414673 6336
1751227096141 0.8582313656806946 6337
1751227097256 0.550641655921936 6338
1751227098322 0.7553313374519348 6339
1751227099341 0.23246100544929504 6340
1751227100744 0.9661134481430054 6341
1751227101818 1.1003674268722534 6342
1751227102907 0.5510500073432922 6343
1751227103939 0.7566100358963013 6344
1751227104840 1.9397461414337158 6345
1751227105851 0.8663590550422668 6346
1751227106890 1.1914318799972534 6347
1751227107965 0.7045987248420715 6348
1751227108985 0.5444149374961853 6349
1751227110036 0.6906203031539917 6350
1751227111076 0.6628989577293396 6351
1751227112172 1.1366945505142212 6352
1751227113329 0.6184417009353638 6353
1751227114347 0.6992780566215515 6354
1751227115243 1.0763579607009888 6355
1751227116252 0.7160696387290955 6356
1751227117292 1.4692527055740356 6357
1751227118312 0.7905887961387634 6358
1751227119582 0.9744240045547485 6359
1751227120657 1.0185821056365967 6360
1751227121685 0.868915855884552 6361
1751227122737 0.9050151705741882 6362
1751227123775 0.7837795615196228 6363
1751227124682 1.7583446502685547 6364
1751227125695 0.8665505051612854 6365
1751227126720 0.7482790946960449 6366
1751227127783 1.2191473245620728 6367
1751227128826 0.7809126973152161 6368
1751227129913 0.9408552050590515 6369
1751227131114 0.49146994948387146 6370
1751227132122 0.6508873105049133 6371
1751227133187 0.9207219481468201 6372
1751227134190 0.5133092999458313 6373
1751227135211 0.8624579310417175 6374
1751227136249 1.5080795288085938 6375
1751227137295 0.9399492144584656 6376
1751227138598 0.6263478994369507 6377
1751227139643 0.1424853652715683 6378
1751227140654 1.1067012548446655 6379
1751227141673 0.1824309080839157 6380
1751227142730 0.9856802821159363 6381
1751227143781 0.6846686005592346 6382
1751227144850 1.122506022453308 6383
1751227145872 0.34815892577171326 6384
1751227146943 1.2027009725570679 6385
1751227147974 0.5751798152923584 6386
1751227149018 0.565821647644043 6387
1751227150062 1.148638129234314 6388
1751227151200 0.7586063146591187 6389
1751227152320 0.9977113604545593 6390
1751227153407 0.6735791563987732 6391
1751227154442 2.141462564468384 6392
1751227155493 1.4272948503494263 6393
1751227156542 0.9423374533653259 6394
1751227157554 1.0073583126068115 6395
1751227158597 1.5829479694366455 6396
1751227159650 0.7825922966003418 6397
1751227160940 0.6745858192443848 6398
1751227162001 0.6212005615234375 6399
1751227163028 0.32102420926094055 6400
1751227164050 0.5727502107620239 6401
1751227165092 0.9381940960884094 6402
1751227166101 0.6721956729888916 6403
1751227166977 2.068403720855713 6404
1751227168054 0.05347052961587906 6405
1751227169091 2.307572364807129 6406
1751227170107 1.1704901456832886 6407
1751227171163 1.0256822109222412 6408
1751227172229 1.3918014764785767 6409
1751227173241 0.8045136332511902 6410
1751227174285 1.4576389789581299 6411
1751227175327 0.6052517890930176 6412
1751227176327 0.30172762274742126 6413
1751227177365 0.6673727631568909 6414
1751227178594 0.8132942318916321 6415
1751227179601 0.733536422252655 6416
1751227180626 1.4861418008804321 6417
1751227181635 0.6160566210746765 6418
1751227182676 0.4957562983036041 6419
1751227183733 0.6688104867935181 6420
1751227184775 0.3572032153606415 6421
1751227185880 0.6305605173110962 6422
1751227186930 0.8556627631187439 6423
1751227187961 0.51713627576828 6424
1751227188981 0.9590622782707214 6425
1751227189938 3.197942018508911 6426
1751227190956 1.0652903318405151 6427
1751227191970 0.7316021919250488 6428
1751227193073 1.7346115112304688 6429
1751227194273 1.2210495471954346 6430
1751227195316 0.6914159059524536 6431
1751227196323 0.4731479287147522 6432
1751227197380 0.6385011672973633 6433
1751227198662 1.0915851593017578 6434
1751227199730 0.6863429546356201 6435
1751227200676 0.8028802871704102 6436
1751227201792 0.7600557208061218 6437
1751227202840 0.6449764370918274 6438
1751227203935 0.8882598280906677 6439
1751227204970 1.278090000152588 6440
1751227206044 1.4467086791992188 6441
1751227207125 0.7803473472595215 6442
1751227208163 0.6289694905281067 6443
1751227209227 0.6588471531867981 6444
1751227210428 0.38795918226242065 6445
1751227211558 0.7191419005393982 6446
1751227212643 0.8488788604736328 6447
1751227213678 0.5744635462760925 6448
1751227214708 1.5978200435638428 6449
1751227215732 1.4868720769882202 6450
1751227216767 1.3873127698898315 6451
1751227217844 1.3536453247070312 6452
1751227218884 0.6478923559188843 6453
1751227219770 0.7957062721252441 6454
1751227221020 0.8151494860649109 6455
1751227222034 0.7189815640449524 6456
1751227223083 0.7537156939506531 6457
1751227224131 0.7919373512268066 6458
1751227225157 0.9620639681816101 6459
1751227226224 1.537274718284607 6460
1751227227379 0.7953513264656067 6461
1751227228558 1.2876484394073486 6462
1751227229501 2.0818498134613037 6463
1751227230517 0.24287325143814087 6464
1751227231581 1.0552538633346558 6465
1751227232603 0.9874489903450012 6466
1751227233629 1.0200294256210327 6467
1751227234642 0.39970308542251587 6468
1751227235689 0.7714393138885498 6469
1751227236713 0.7478190064430237 6470
1751227237748 0.49899646639823914 6471
1751227238755 0.9225620627403259 6472
1751227239837 0.9221107363700867 6473
1751227240874 0.776509165763855 6474
1751227241906 0.6109943389892578 6475
1751227243324 1.2037321329116821 6476
1751227244377 1.3227038383483887 6477
1751227245440 0.4016995131969452 6478
1751227246450 0.9238964915275574 6479
1751227247461 0.6258371472358704 6480
1751227248547 0.4546301066875458 6481
1751227249586 0.5378353595733643 6482
1751227250613 0.8877409100532532 6483
1751227251623 1.1091015338897705 6484
1751227252663 0.6236903667449951 6485
1751227253685 1.1874196529388428 6486
1751227254695 0.48086783289909363 6487
1751227255729 1.0296083688735962 6488
1751227256747 0.7162091732025146 6489
1751227257811 0.8850874900817871 6490
1751227258835 0.7349414825439453 6491
1751227259857 0.6521767973899841 6492
1751227261159 0.7998080253601074 6493
1751227262178 0.4982862174510956 6494
1751227263234 1.0889307260513306 6495
1751227264258 0.7198662757873535 6496
1751227265281 1.1045174598693848 6497
1751227266153 0.8426516056060791 6498
1751227267175 0.2622801661491394 6499
1751227268205 1.0311931371688843 6500
1751227269225 0.9629095196723938 6501
1751227270260 1.0916130542755127 6502
1751227271314 1.3533051013946533 6503
1751227272345 0.7736313939094543 6504
1751227273358 1.053852915763855 6505
1751227274356 0.844870388507843 6506
1751227275386 0.6822776794433594 6507
1751227276425 0.8921680450439453 6508
1751227277468 0.14371052384376526 6509
1751227278480 0.6574692726135254 6510
1751227279497 1.2015749216079712 6511
1751227280771 1.997483491897583 6512
1751227281892 0.6155357360839844 6513
1751227283035 0.6310991048812866 6514
1751227284105 0.9216543436050415 6515
1751227285115 1.3933056592941284 6516
1751227286138 1.6778181791305542 6517
1751227287213 0.9549024701118469 6518
1751227288280 0.6275320053100586 6519
1751227289286 1.3329541683197021 6520
1751227290363 1.1594070196151733 6521
1751227291375 0.7128407955169678 6522
1751227292404 0.6339035034179688 6523
1751227293457 0.8460062146186829 6524
1751227294481 0.8613659739494324 6525
1751227295531 0.6808103322982788 6526
1751227296552 0.7456175088882446 6527
1751227297683 0.7838312983512878 6528
1751227298896 1.3826264142990112 6529
1751227299862 0.9433183073997498 6530
1751227300902 1.4474328756332397 6531
1751227302154 0.697523295879364 6532
1751227303229 0.854727566242218 6533
1751227304277 0.5394243597984314 6534
1751227305292 1.1370142698287964 6535
1751227306296 0.5452408790588379 6536
1751227307331 0.9571903347969055 6537
1751227308344 0.7977558970451355 6538
1751227309272 0.581097424030304 6539
1751227310173 1.4919395446777344 6540
1751227311202 0.7290641665458679 6541
1751227312260 0.9391360282897949 6542
1751227313282 0.9059549570083618 6543
1751227314294 1.4787702560424805 6544
1751227315447 1.1347178220748901 6545
1751227316588 1.1063045263290405 6546
1751227317625 0.7268865704536438 6547
1751227318665 1.2713708877563477 6548
1751227319581 1.2189565896987915 6549
1751227320830 0.42558813095092773 6550
1751227321869 1.5919712781906128 6551
1751227322915 0.7627935409545898 6552
1751227323947 1.1289700269699097 6553
1751227324993 0.9429889917373657 6554
1751227326036 0.5559897422790527 6555
1751227327064 0.6305508613586426 6556
1751227328100 0.7371806502342224 6557
1751227329117 1.3154085874557495 6558
1751227330189 0.7929034233093262 6559
1751227331253 0.5356753468513489 6560
1751227332274 0.688075602054596 6561
1751227333287 1.3750190734863281 6562
1751227334346 1.6885613203048706 6563
1751227335379 1.1645687818527222 6564
1751227336394 0.35532304644584656 6565
1751227337387 0.6320752501487732 6566
1751227338284 0.6876427531242371 6567
1751227339297 0.7468802332878113 6568
1751227340589 0.7543978095054626 6569
1751227341621 0.7831942439079285 6570
1751227342630 0.6705643534660339 6571
1751227343643 0.6098162531852722 6572
1751227344682 1.1609933376312256 6573
1751227345714 0.5596044659614563 6574
1751227346743 0.9065818786621094 6575
1751227347792 1.0292001962661743 6576
1751227348840 0.9068769812583923 6577
1751227349846 0.8197223544120789 6578
1751227350885 0.7537534832954407 6579
1751227351948 1.092617392539978 6580
1751227352948 0.5409899950027466 6581
1751227353988 0.707439124584198 6582
1751227355019 0.6166581511497498 6583
1751227356018 0.7303937077522278 6584
1751227357052 0.7023056149482727 6585
1751227358115 0.9099149703979492 6586
1751227359006 0.8629545569419861 6587
1751227360044 0.7190760970115662 6588
1751227361383 0.4885466992855072 6589
1751227362290 0.7880839705467224 6590
1751227363329 1.094006896018982 6591
1751227364341 0.8838613629341125 6592
1751227365356 0.737359344959259 6593
1751227366426 0.8955045938491821 6594
1751227367475 1.1364117860794067 6595
1751227368389 0.9861669540405273 6596
1751227369396 0.771964967250824 6597
1751227370405 0.7845783233642578 6598
1751227371400 1.0586060285568237 6599
1751227372426 0.7219671607017517 6600
1751227373457 0.838830292224884 6601
1751227374508 1.2632280588150024 6602
1751227375514 0.9117351770401001 6603
1751227376429 0.8787403106689453 6604
1751227377598 0.9107743501663208 6605
1751227378736 0.9640306830406189 6606
1751227380030 0.6140328645706177 6607
1751227381045 0.8318148851394653 6608
1751227382155 0.5266236066818237 6609
1751227383191 1.2061344385147095 6610
1751227384273 0.47257158160209656 6611
1751227385362 0.748700737953186 6612
1751227386379 0.7898163199424744 6613
1751227387408 1.4175431728363037 6614
1751227388434 1.1463979482650757 6615
1751227389442 0.524696409702301 6616
1751227390350 1.4777418375015259 6617
1751227391407 0.7024357914924622 6618
1751227392444 1.1933867931365967 6619
1751227393501 0.6267966628074646 6620
1751227394475 1.741766333580017 6621
1751227395627 0.7354931831359863 6622
1751227396703 0.8069431185722351 6623
1751227397797 0.8153428435325623 6624
1751227399127 1.372047781944275 6625
1751227400152 0.6724762916564941 6626
1751227401286 0.5830732583999634 6627
1751227402341 0.6515421867370605 6628
1751227403215 1.0315226316452026 6629
1751227404236 0.640445351600647 6630
1751227405260 1.2936493158340454 6631
1751227406289 0.8116777539253235 6632
1751227407358 0.4805029034614563 6633
1751227408406 0.6530275344848633 6634
1751227409291 0.9685631394386292 6635
1751227410325 1.0082958936691284 6636
1751227411328 0.7922695875167847 6637
1751227412536 0.7120054364204407 6638
1751227413623 0.69847571849823 6639
1751227414623 1.1284536123275757 6640
1751227415652 0.6422037482261658 6641
1751227416720 1.0402125120162964 6642
1751227417731 0.7579761743545532 6643
1751227418720 1.389059066772461 6644
1751227419695 1.4092463254928589 6645
1751227420994 1.105977177619934 6646
1751227422012 0.9899870157241821 6647
1751227422981 1.308733344078064 6648
1751227423915 1.2361708879470825 6649
1751227424937 1.7372921705245972 6650
1751227425948 1.302188754081726 6651
1751227426986 1.0696641206741333 6652
1751227428035 0.7399992346763611 6653
1751227429036 0.9749695062637329 6654
1751227430084 0.4735494554042816 6655
1751227430965 1.447079062461853 6656
1751227431963 0.5527796745300293 6657
1751227432994 0.623601496219635 6658
1751227434047 0.6969209909439087 6659
1751227435072 1.0034534931182861 6660
1751227436107 1.141555666923523 6661
1751227437159 1.0427477359771729 6662
1751227438443 0.8122618198394775 6663
1751227439445 0.9045677185058594 6664
1751227440476 0.5310959815979004 6665
1751227441496 0.7763139605522156 6666
1751227442484 0.9210332036018372 6667
1751227443478 0.6635531783103943 6668
1751227444494 1.5602058172225952 6669
1751227445530 0.8681864142417908 6670
1751227446572 0.574313759803772 6671
1751227447596 0.7540402412414551 6672
1751227448635 0.7544227242469788 6673
1751227449640 1.0767722129821777 6674
1751227450637 0.5564724802970886 6675
1751227451638 0.12252233922481537 6676
1751227452685 0.866182267665863 6677
1751227453749 1.1815073490142822 6678
1751227454754 1.2329555749893188 6679
1751227455778 0.6246244311332703 6680
1751227456830 0.7033202648162842 6681
1751227458098 1.2990659475326538 6682
1751227458968 0.7330735325813293 6683
1751227460024 0.6559393405914307 6684
1751227461017 0.7191182374954224 6685
1751227462064 0.923139750957489 6686
1751227463135 0.6583152413368225 6687
1751227464205 0.5206466317176819 6688
1751227465240 0.5424448251724243 6689
1751227466269 1.1119171380996704 6690
1751227467307 0.6633458137512207 6691
1751227468362 1.0809624195098877 6692
1751227469402 0.7267671823501587 6693
1751227470413 0.5646211504936218 6694
1751227471444 0.8914383053779602 6695
1751227472463 1.1355363130569458 6696
1751227473509 0.7627313733100891 6697
1751227474505 0.6742329001426697 6698
1751227475648 1.197741985321045 6699
1751227476674 0.7697588801383972 6700
1751227478031 0.8646016120910645 6701
1751227478938 0.7798629999160767 6702
1751227479824 1.2164057493209839 6703
1751227480721 1.1404972076416016 6704
1751227481757 0.5419949889183044 6705
1751227482793 0.8540361523628235 6706
1751227483783 1.6861305236816406 6707
1751227484956 0.7464004755020142 6708
1751227485998 0.6751932501792908 6709
1751227487013 0.4763193130493164 6710
1751227488052 0.9743139147758484 6711
1751227488976 1.1436123847961426 6712
1751227489979 0.9384279251098633 6713
1751227491031 1.1434929370880127 6714
1751227492026 1.0101501941680908 6715
1751227493050 1.1299818754196167 6716
1751227494104 1.1450777053833008 6717
1751227495137 0.6981778740882874 6718
1751227496292 0.8528224229812622 6719
1751227497333 0.6024017333984375 6720
1751227498355 1.229227900505066 6721
1751227499470 0.3433445394039154 6722
1751227500591 1.2183914184570312 6723
1751227501659 0.9084386229515076 6724
1751227502697 1.3365055322647095 6725
1751227503704 0.9919983148574829 6726
1751227504737 0.7463021278381348 6727
1751227505738 1.2877025604248047 6728
1751227506765 0.875527024269104 6729
1751227507850 0.9619186520576477 6730
1751227508887 1.1379950046539307 6731
1751227509962 0.9367932677268982 6732
1751227510979 0.7801074385643005 6733
1751227512029 0.9326682090759277 6734
1751227513067 1.3089383840560913 6735
1751227514168 1.9485836029052734 6736
1751227515236 0.5776660442352295 6737
1751227516227 0.4221654534339905 6738
1751227517291 0.9060134887695312 6739
1751227518317 0.45123741030693054 6740
1751227519326 0.7289729118347168 6741
1751227520319 0.9713274836540222 6742
1751227521352 0.8493385314941406 6743
1751227522387 0.84117192029953 6744
1751227523391 0.709387481212616 6745
1751227524424 1.1190071105957031 6746
1751227525424 0.4766477644443512 6747
1751227526456 0.5913059115409851 6748
1751227527483 0.8034648895263672 6749
1751227528498 1.066806674003601 6750
1751227529582 0.6875733733177185 6751
1751227530589 0.5173012614250183 6752
1751227531565 0.8396507501602173 6753
1751227532860 0.7616543769836426 6754
1751227533783 1.626606822013855 6755
1751227534790 0.9862461090087891 6756
1751227535812 0.39724040031433105 6757
1751227536837 0.9913841485977173 6758
1751227537884 0.9862972497940063 6759
1751227538908 1.210981011390686 6760
1751227539935 0.8414363265037537 6761
1751227540952 0.7609103918075562 6762
1751227541989 0.846465528011322 6763
1751227543040 1.2624180316925049 6764
1751227544074 0.8646308779716492 6765
1751227545154 0.6131578087806702 6766
1751227546186 0.7301420569419861 6767
1751227547034 1.2647212743759155 6768
1751227548054 0.8562003970146179 6769
1751227549114 0.715678334236145 6770
1751227550385 0.6007471084594727 6771
1751227551440 0.6197666525840759 6772
1751227552510 0.1499658077955246 6773
1751227553571 0.7733290791511536 6774
1751227554631 0.9973832368850708 6775
1751227555832 0.11704909801483154 6776
1751227556957 0.5788989067077637 6777
1751227558022 0.9113106727600098 6778
1751227558915 0.7198426723480225 6779
1751227559805 1.7300671339035034 6780
1751227560850 0.627305805683136 6781
1751227561894 1.9888057708740234 6782
1751227562905 0.3434104025363922 6783
1751227563917 0.751022458076477 6784
1751227564919 0.9894868731498718 6785
1751227565931 0.5936276912689209 6786
1751227566987 0.6532102227210999 6787
1751227568064 0.6861979365348816 6788
1751227569329 0.829908013343811 6789
1751227570368 0.7818841934204102 6790
1751227571432 1.0662641525268555 6791
1751227572534 0.6924239993095398 6792
1751227573676 0.9236630797386169 6793
1751227574707 0.9126102328300476 6794
1751227575739 1.2150981426239014 6795
1751227576741 0.9746017456054688 6796
1751227577766 0.5127397179603577 6797
1751227578788 0.7880143523216248 6798
1751227579803 0.3957973122596741 6799
1751227580725 1.4423508644104004 6800
1751227581739 1.5973364114761353 6801
1751227582775 0.7659333348274231 6802
1751227583786 0.7158462405204773 6803
1751227584834 0.743213951587677 6804
1751227585850 1.2756582498550415 6805
1751227587285 1.671648383140564 6806
1751227588305 0.5763970613479614 6807
1751227589228 1.1192034482955933 6808
1751227590376 1.0147050619125366 6809
1751227591429 0.71339350938797 6810
1751227592455 0.8442414402961731 6811
1751227593462 0.8180988430976868 6812
1751227594482 1.0784351825714111 6813
1751227595502 0.9033582806587219 6814
1751227596509 1.0430301427841187 6815
1751227597539 0.6459606289863586 6816
1751227598568 0.8502023220062256 6817
1751227599619 0.887868344783783 6818
1751227600619 0.7811697125434875 6819
1751227601651 1.2056177854537964 6820
1751227602713 1.3572239875793457 6821
1751227603757 1.193942666053772 6822
1751227604779 1.1830781698226929 6823
1751227606020 0.6571511626243591 6824
1751227607049 0.7997673153877258 6825
1751227608065 0.6119025945663452 6826
1751227609068 0.7106389999389648 6827
1751227610089 0.9003246426582336 6828
1751227611119 0.7250206470489502 6829
1751227612120 0.8904054760932922 6830
1751227613133 0.7585415840148926 6831
1751227614150 0.9865741729736328 6832
1751227615147 0.221597820520401 6833
1751227616149 1.2657060623168945 6834
1751227617178 0.6495248675346375 6835
1751227618223 0.5888358354568481 6836
1751227619202 0.621931791305542 6837
1751227620222 0.4611065089702606 6838
1751227621292 0.9541109204292297 6839
1751227622304 0.7417645454406738 6840
1751227623211 1.3955084085464478 6841
1751227624299 0.9741775393486023 6842
1751227625303 0.7856254577636719 6843
1751227626386 0.6709181666374207 6844
1751227627416 0.6131225824356079 6845
1751227628512 0.7145147323608398 6846
1751227629494 0.5153574347496033 6847
1751227630413 0.8801870346069336 6848
1751227631295 1.1050050258636475 6849
1751227632317 0.7157617807388306 6850
1751227633348 0.977021336555481 6851
1751227634359 0.7610933184623718 6852
1751227635402 1.1994260549545288 6853
1751227636449 1.2789597511291504 6854
1751227637488 0.6849497556686401 6855
1751227638517 0.6657907366752625 6856
1751227639407 0.8857354521751404 6857
1751227640405 0.6516293883323669 6858
1751227641446 0.8453925848007202 6859
1751227642725 0.41052302718162537 6860
1751227643748 0.748641312122345 6861
1751227644827 0.7652055025100708 6862
1751227645988 0.5852131247520447 6863
1751227647004 0.3755261301994324 6864
1751227648184 1.4868053197860718 6865
1751227649220 1.3127678632736206 6866
1751227650256 1.6058597564697266 6867
1751227651299 1.3727965354919434 6868
1751227652322 0.055330272763967514 6869
1751227653350 0.5824577212333679 6870
1751227654388 1.072536587715149 6871
1751227655405 0.5283222794532776 6872
1751227656448 0.6220727562904358 6873
1751227657475 0.8465650677680969 6874
1751227658384 1.0710080862045288 6875
1751227659467 0.6724392771720886 6876
1751227660850 1.075463891029358 6877
1751227661841 1.4397627115249634 6878
1751227662988 0.7128915786743164 6879
1751227664131 0.9729315042495728 6880
1751227665132 0.8270061612129211 6881
1751227666165 0.6616141200065613 6882
1751227667181 0.8704542517662048 6883
1751227668250 0.7948809266090393 6884
1751227669121 0.3879369795322418 6885
1751227670114 0.8488195538520813 6886
1751227671156 0.6051930785179138 6887
1751227672193 1.1368604898452759 6888
1751227673184 0.8522209525108337 6889
1751227674190 0.6984371542930603 6890
1751227675209 0.9446998834609985 6891
1751227676228 0.8619279861450195 6892
1751227677268 1.1916449069976807 6893
1751227678605 0.8153627514839172 6894
1751227679704 0.7342000007629395 6895
1751227680850 0.5829132795333862 6896
1751227681746 0.6664499640464783 6897
1751227682781 0.8044492602348328 6898
1751227683821 0.7056450247764587 6899
1751227684875 0.705615758895874 6900
1751227685907 0.8848426938056946 6901
1751227686936 0.5519617199897766 6902
1751227687980 1.142418384552002 6903
1751227689066 0.5788148045539856 6904
1751227690145 0.8664681315422058 6905
1751227691167 1.3933539390563965 6906
1751227692211 1.5635617971420288 6907
1751227693244 0.7808612585067749 6908
1751227694244 1.2714654207229614 6909
1751227695269 0.40016037225723267 6910
1751227696278 0.8059110641479492 6911
1751227697662 0.6315609812736511 6912
1751227698537 1.14285147190094 6913
1751227699580 0.860505223274231 6914
1751227700467 0.7711426615715027 6915
1751227701501 0.6927549839019775 6916
1751227702537 0.728886067867279 6917
1751227703440 0.8950287103652954 6918
1751227704487 0.569639265537262 6919
1751227705503 1.1031333208084106 6920
1751227706527 0.9160467386245728 6921
1751227707393 0.590272843837738 6922
1751227708419 1.263189673423767 6923
1751227709449 1.0798760652542114 6924
1751227710447 0.7317410111427307 6925
1751227711495 1.281489372253418 6926
1751227712350 3.3682141304016113 6927
1751227713361 1.2067105770111084 6928
1751227714376 1.5379019975662231 6929
1751227715706 1.0412527322769165 6930
1751227716706 0.4755589962005615 6931
1751227717738 1.241265892982483 6932
1751227718803 0.8896812796592712 6933
1751227719823 1.680820345878601 6934
1751227720859 0.9660588502883911 6935
1751227721875 3.427692174911499 6936
1751227722891 0.6064540147781372 6937
1751227723901 0.9074863791465759 6938
1751227724784 0.8513838052749634 6939
1751227725825 0.6823992133140564 6940
1751227726880 0.8430861830711365 6941
1751227727911 0.5054013729095459 6942
1751227728937 0.7770132422447205 6943
1751227729964 0.819868266582489 6944
1751227731016 0.815158486366272 6945
1751227732090 1.1582393646240234 6946
1751227733117 1.184962272644043 6947
1751227734403 0.6656938195228577 6948
1751227735458 1.050513744354248 6949
1751227736522 0.6286837458610535 6950
1751227737557 0.6927546858787537 6951
1751227738602 0.4512404501438141 6952
1751227739621 0.5276201367378235 6953
1751227740662 0.8121007084846497 6954
1751227741523 1.23270583152771 6955
1751227742633 1.5162757635116577 6956
1751227743789 0.6811767220497131 6957
1751227744796 0.614668607711792 6958
1751227745825 1.0015252828598022 6959
1751227746937 0.9283838272094727 6960
1751227747977 0.6884185075759888 6961
1751227748887 1.4364784955978394 6962
1751227749948 1.160664439201355 6963
1751227750982 1.2359312772750854 6964
1751227752023 0.8458611369132996 6965
1751227753312 0.9915240406990051 6966
1751227754232 1.8322724103927612 6967
1751227755262 1.2241179943084717 6968
1751227756294 1.0528595447540283 6969
1751227757354 0.7796594500541687 6970
1751227758414 1.1737498044967651 6971
1751227759577 0.6993911266326904 6972
1751227760634 0.5830084085464478 6973
1751227761693 0.5603155493736267 6974
1751227762591 1.2284523248672485 6975
1751227763601 0.5182778239250183 6976
1751227764620 0.7089375257492065 6977
1751227765654 1.1262270212173462 6978
1751227766618 0.663621723651886 6979
1751227767651 0.45062682032585144 6980
1751227768681 0.9185283780097961 6981
1751227769694 0.873192310333252 6982
1751227770979 0.7335454821586609 6983
1751227772015 0.6707668304443359 6984
1751227773044 1.247039794921875 6985
1751227774064 1.0875139236450195 6986
1751227775100 0.6291670203208923 6987
1751227776307 0.7047165036201477 6988
1751227777360 0.40867358446121216 6989
1751227778378 0.6793851852416992 6990
1751227779422 0.8965438008308411 6991
1751227780465 0.9790850877761841 6992
1751227781468 1.0885677337646484 6993
1751227782494 1.156760811805725 6994
1751227783543 1.0432578325271606 6995
1751227784581 0.5706499218940735 6996
1751227785616 0.9623975157737732 6997
1751227786620 0.5502670407295227 6998
1751227787691 1.0399271249771118 6999
1751227788756 0.8902784585952759 7000
1751227790029 0.6722878813743591 7001
1751227791112 0.5586546659469604 7002
1751227792175 0.5482529997825623 7003
1751227793226 0.8325222134590149 7004
1751227794142 1.2516337633132935 7005
1751227795164 0.8498119711875916 7006
1751227796177 0.7698141932487488 7007
1751227797127 1.3993101119995117 7008
1751227798054 2.186976194381714 7009
1751227799068 0.9138574004173279 7010
1751227800102 0.6807373762130737 7011
1751227801114 0.7344316840171814 7012
1751227802166 0.2774203419685364 7013
1751227803247 0.6719126105308533 7014
1751227804292 1.1073671579360962 7015
1751227805337 0.7786256074905396 7016
1751227806376 0.6064828038215637 7017
1751227807411 0.8049195408821106 7018
1751227808742 0.9391424059867859 7019
1751227809770 1.17544686794281 7020
1751227810809 0.704967200756073 7021
1751227811878 0.9480735659599304 7022
1751227812921 0.9429834485054016 7023
1751227813944 0.6956843733787537 7024
1751227814993 0.5458832383155823 7025
1751227816054 0.9360342025756836 7026
1751227817056 2.197443962097168 7027
1751227818074 1.0961014032363892 7028
1751227819115 0.8134037256240845 7029
1751227820215 0.4666224420070648 7030
1751227821260 0.8059995174407959 7031
1751227822311 1.011795163154602 7032
1751227823327 0.4303751587867737 7033
1751227824389 1.207922339439392 7034
1751227825413 0.5318684577941895 7035
1751227826489 0.6964536905288696 7036
1751227827728 0.8598961234092712 7037
1751227828756 0.768605649471283 7038
1751227829789 0.7552124261856079 7039
1751227830821 0.5932045578956604 7040
1751227831903 1.122874140739441 7041
1751227832946 0.8306757807731628 7042
1751227833813 0.8373247385025024 7043
1751227834860 0.5074645280838013 7044
1751227835890 0.9819933772087097 7045
1751227836943 0.37386730313301086 7046
1751227837960 0.537689745426178 7047
1751227839031 1.0012733936309814 7048
1751227840158 0.6189286112785339 7049
1751227841201 0.6813369989395142 7050
1751227842255 1.0338724851608276 7051
1751227843133 0.7801823616027832 7052
1751227844189 0.5610038638114929 7053
1751227845223 0.40002986788749695 7054
1751227846543 0.9779869318008423 7055
1751227847582 1.9988998174667358 7056
1751227848600 0.49091485142707825 7057
1751227849627 0.580136775970459 7058
1751227850647 0.8224603533744812 7059
1751227851664 2.4071669578552246 7060
1751227852688 0.5856292843818665 7061
1751227853746 0.7644888162612915 7062
1751227854775 0.7340824007987976 7063
1751227856043 0.8537546396255493 7064
1751227857090 0.9016339182853699 7065
1751227858113 0.7400801777839661 7066
1751227859163 0.5410898923873901 7067
1751227860235 0.7921099662780762 7068
1751227861290 0.7973459362983704 7069
1751227862322 0.9506216049194336 7070
1751227863580 0.5445279479026794 7071
1751227864608 0.058904122561216354 7072
1751227865718 1.0138722658157349 7073
1751227866778 0.8145286440849304 7074
1751227867825 1.1683934926986694 7075
1751227868849 0.8029130101203918 7076
1751227869921 0.6107217669487 7077
1751227870940 1.1736953258514404 7078
1751227872059 1.0811632871627808 7079
1751227873239 0.6689791679382324 7080
1751227874284 1.5296725034713745 7081
1751227875365 0.9998018145561218 7082
1751227876413 0.9267452359199524 7083
1751227877467 0.6301870346069336 7084
1751227878476 1.1382429599761963 7085
1751227879505 0.9176359176635742 7086
1751227880882 0.6288118362426758 7087
1751227881989 1.230145812034607 7088
1751227883058 0.8349876403808594 7089
1751227884068 0.5807716846466064 7090
1751227885125 0.6901202201843262 7091
1751227886156 1.4204689264297485 7092
1751227887189 0.5498802065849304 7093
1751227888249 1.1691163778305054 7094
1751227889252 0.13204674422740936 7095
1751227890281 0.8894209861755371 7096
1751227891212 0.39909473061561584 7097
1751227892297 0.5614088177680969 7098
1751227893340 0.9192751049995422 7099
1751227894433 0.36751607060432434 7100
1751227895460 0.7957927584648132 7101
1751227896467 0.9568406939506531 7102
1751227897518 0.4671230912208557 7103
1751227898806 0.9793450236320496 7104
1751227899697 0.45418283343315125 7105
1751227900710 0.6179682016372681 7106
1751227901699 1.170788288116455 7107
1751227902784 0.7712685465812683 7108
1751227903810 0.9273986220359802 7109
1751227904854 0.5562106966972351 7110
1751227905893 0.5910632014274597 7111
1751227906961 0.6322628855705261 7112
1751227907956 0.7715393900871277 7113
1751227908850 0.8834947943687439 7114
1751227909891 1.2646076679229736 7115
1751227910802 1.6913139820098877 7116
1751227911838 0.6721863150596619 7117
1751227912904 0.6268488168716431 7118
1751227913915 0.7537066340446472 7119
1751227914942 0.6460008025169373 7120
1751227916200 0.3937849700450897 7121
1751227917239 0.9306043982505798 7122
1751227918091 1.4142473936080933 7123
1751227919106 0.7448524832725525 7124
1751227920144 1.0723497867584229 7125
1751227921148 0.9500008225440979 7126
1751227922037 0.8551458716392517 7127
1751227923069 1.5676971673965454 7128
1751227924069 1.2359718084335327 7129
1751227925084 0.7519102096557617 7130
1751227926117 0.693182647228241 7131
1751227927153 1.0450772047042847 7132
1751227928080 1.22273850440979 7133
1751227929064 0.7680558562278748 7134
1751227930129 1.1209770441055298 7135
1751227931187 0.12046731263399124 7136
1751227932243 0.5422234535217285 7137
1751227933522 1.5048283338546753 7138
1751227934588 0.7332624197006226 7139
1751227935722 0.8019178509712219 7140
1751227936764 0.6056376695632935 7141
1751227937853 1.085856556892395 7142
1751227938927 0.5287889838218689 7143
1751227939941 0.8992478251457214 7144
1751227940984 0.9954057931900024 7145
1751227942012 0.7081741690635681 7146
1751227943052 0.8681127429008484 7147
1751227944056 0.5675062537193298 7148
1751227944991 0.8866977095603943 7149
1751227946021 0.6529117822647095 7150
1751227947065 0.298949658870697 7151
1751227948094 0.8865175247192383 7152
1751227949149 0.6523712873458862 7153
1751227950505 0.9450927972793579 7154
1751227951530 0.7692658305168152 7155
1751227952635 1.3777612447738647 7156
1751227953757 0.7345177531242371 7157
1751227954822 1.0382198095321655 7158
1751227955846 0.3190893530845642 7159
1751227956869 1.0658855438232422 7160
1751227957902 1.7409435510635376 7161
1751227959017 1.007244348526001 7162
1751227960084 0.8273908495903015 7163
1751227961055 1.3443905115127563 7164
1751227962123 0.13915663957595825 7165
1751227963147 0.5801810622215271 7166
1751227964173 0.5605202317237854 7167
1751227965215 0.7278808951377869 7168
1751227966222 0.8410530090332031 7169
1751227967282 0.8582227826118469 7170
1751227968659 0.9630305171012878 7171
1751227969779 0.5964381098747253 7172
1751227970943 0.8953116536140442 7173
1751227971976 0.6990954279899597 7174
1751227972885 1.2856905460357666 7175
1751227973935 0.0990753322839737 7176
1751227975009 1.1388959884643555 7177
1751227976101 0.7740036845207214 7178
1751227977193 0.8889518976211548 7179
1751227978121 0.900425910949707 7180
1751227979135 0.7075561881065369 7181
1751227980147 0.6654325723648071 7182
1751227981169 0.8548160791397095 7183
1751227982240 0.6452626585960388 7184
1751227983286 0.9527046084403992 7185
1751227984298 0.7405029535293579 7186
1751227985576 1.0761778354644775 7187
1751227986584 0.6941640377044678 7188
1751227987589 0.7711094617843628 7189
1751227988479 0.906083881855011 7190
1751227989467 1.0882678031921387 7191
1751227990467 2.9769601821899414 7192
1751227991456 0.7722799181938171 7193
1751227992509 0.6832336783409119 7194
1751227993545 0.8095178604125977 7195
1751227994598 0.9247469305992126 7196
1751227995619 0.8733286261558533 7197
1751227996623 0.7763218283653259 7198
1751227997658 0.6389117240905762 7199
1751227998683 0.6394254565238953 7200
1751228051290 0.941489040851593 7201
1751228052337 0.8159610033035278 7202
1751228053367 1.6064144372940063 7203
1751228054642 0.5031073689460754 7204
1751228055679 0.5838932991027832 7205
1751228056703 0.46798235177993774 7206
1751228057741 0.8089639544487 7207
1751228058801 0.5348477363586426 7208
1751228059871 0.7821993827819824 7209
1751228061055 0.7451304793357849 7210
1751228062113 0.6212560534477234 7211
1751228063166 0.17323341965675354 7212
1751228064067 1.4045673608779907 7213
1751228065125 0.8378762602806091 7214
1751228066141 0.8010973930358887 7215
1751228067020 1.2936897277832031 7216
1751228068120 0.8511880040168762 7217
1751228069139 0.5956167578697205 7218
1751228070146 0.8290505409240723 7219
1751228071532 0.6397455334663391 7220
1751228072590 0.721466064453125 7221
1751228073615 0.8991077542304993 7222
1751228074622 1.4537283182144165 7223
1751228075659 0.6780065298080444 7224
1751228076690 0.75434410572052 7225
1751228077768 0.4690666198730469 7226
1751228078650 1.3773889541625977 7227
1751228079531 1.093733787536621 7228
1751228080570 0.5797032713890076 7229
1751228081602 1.0435397624969482 7230
1751228082637 0.8511961102485657 7231
1751228083676 0.7057043313980103 7232
1751228084748 0.673124372959137 7233
1751228085851 0.7286322712898254 7234
1751228086878 0.8130705952644348 7235
1751228088162 0.8756184577941895 7236
1751228089159 0.8889737129211426 7237
1751228090223 0.9229969382286072 7238
1751228091091 1.0797756910324097 7239
1751228092153 0.9631089568138123 7240
1751228093206 0.5837821960449219 7241
1751228094259 0.754535973072052 7242
1751228095309 0.5450426340103149 7243
1751228096219 0.9122318625450134 7244
1751228097252 0.3759247660636902 7245
1751228098245 0.7061781883239746 7246
1751228099275 1.9592007398605347 7247
1751228100137 1.1577109098434448 7248
1751228101156 0.724524974822998 7249
1751228102186 0.6743968725204468 7250
1751228103199 0.6984914541244507 7251
1751228104261 1.147935152053833 7252
1751228105568 0.9495693445205688 7253
1751228106629 0.8219640851020813 7254
1751228107662 1.3934602737426758 7255
1751228108673 0.8302209973335266 7256
1751228109704 0.6180552840232849 7257
1751228110728 0.6545748114585876 7258
1751228111779 0.7581032514572144 7259
1751228112766 0.9127769470214844 7260
1751228113833 0.7239751219749451 7261
1751228114939 1.3560322523117065 7262
1751228116094 0.8138511776924133 7263
1751228117143 1.109334945678711 7264
1751228118164 0.6781488656997681 7265
1751228119216 0.8786692023277283 7266
1751228120246 0.7009706497192383 7267
1751228121305 0.7066565752029419 7268
1751228122346 0.762579619884491 7269
1751228123566 1.0510374307632446 7270
1751228124590 1.043455958366394 7271
1751228125510 2.2061526775360107 7272
1751228126532 0.8704805374145508 7273
1751228127548 0.6716645359992981 7274
1751228128572 0.8355974555015564 7275
1751228129603 0.8367909789085388 7276
1751228130629 1.227041482925415 7277
1751228131726 0.7496719360351562 7278
1751228132922 0.8267555236816406 7279
1751228133997 1.3781088590621948 7280
1751228135069 0.6302286386489868 7281
1751228136083 0.8083299994468689 7282
1751228137131 1.6389745473861694 7283
1751228138222 1.2939046621322632 7284
1751228139247 1.0090030431747437 7285
1751228140504 1.1629090309143066 7286
1751228141604 0.6121729612350464 7287
1751228142624 0.8274832963943481 7288
1751228143525 0.8761528134346008 7289
1751228144568 0.732147753238678 7290
1751228145591 0.7533621788024902 7291
1751228146646 0.3740980327129364 7292
1751228147682 0.9298688173294067 7293
1751228148736 0.7504704594612122 7294
1751228149940 0.853110134601593 7295
1751228150968 1.5526528358459473 7296
1751228151989 0.6399059891700745 7297
1751228153026 0.020051266998052597 7298
1751228154100 0.8529146909713745 7299
1751228155193 0.8305937051773071 7300
1751228156244 1.0003036260604858 7301
1751228157325 0.6978497505187988 7302
1751228158606 1.1520532369613647 7303
1751228159630 0.5176160335540771 7304
1751228160558 0.18664990365505219 7305
1751228161595 0.6410091519355774 7306
1751228162500 1.0320771932601929 7307
1751228163506 0.6570487022399902 7308
1751228164544 0.5673784613609314 7309
1751228165604 0.7272117137908936 7310
1751228166502 2.1206490993499756 7311
1751228167505 1.5900453329086304 7312
1751228168549 1.1652523279190063 7313
1751228169562 1.095301866531372 7314
1751228170676 0.6799637675285339 7315
1751228171600 0.9360806345939636 7316
1751228172634 0.7333609461784363 7317
1751228173664 0.8499258756637573 7318
1751228174940 0.6045082211494446 7319
1751228175951 0.6653296947479248 7320
1751228176982 0.9429611563682556 7321
1751228178060 0.6944617629051208 7322
1751228179132 0.681487500667572 7323
1751228180158 0.8633835911750793 7324
1751228181210 1.1293522119522095 7325
1751228182133 0.7664548754692078 7326
1751228183140 1.5620057582855225 7327
1751228184154 1.217302680015564 7328
1751228185207 0.5315856337547302 7329
1751228186285 0.9672037959098816 7330
1751228187326 0.6472727656364441 7331
1751228188402 0.7133613228797913 7332
1751228189436 0.7765957117080688 7333
1751228190468 1.0182212591171265 7334
1751228191590 0.9961269497871399 7335
1751228192442 0.21321050822734833 7336
1751228193297 0.7930968403816223 7337
1751228194320 0.6674758195877075 7338
1751228195323 0.7474262118339539 7339
1751228196217 0.6171098947525024 7340
1751228197246 0.9506303668022156 7341
1751228198293 0.7670137286186218 7342
1751228199354 0.5315651893615723 7343
1751228200381 0.9276689887046814 7344
1751228201403 1.0812402963638306 7345
1751228202319 1.652155876159668 7346
1751228203384 0.3973112404346466 7347
1751228204401 0.8348886370658875 7348
1751228205452 1.743529200553894 7349
1751228206505 0.7053655385971069 7350
1751228207422 1.4617520570755005 7351
1751228208739 1.0317888259887695 7352
1751228209754 0.4800996780395508 7353
1751228210793 0.7076869010925293 7354
1751228211821 0.768841564655304 7355
1751228212839 0.5610148310661316 7356
1751228213984 0.7421111464500427 7357
1751228215004 0.2923358082771301 7358
1751228216045 0.7710123062133789 7359
1751228217053 0.9202594757080078 7360
1751228218077 0.7192172408103943 7361
1751228219136 0.48296889662742615 7362
1751228220199 0.7561022043228149 7363
1751228221288 0.715426504611969 7364
1751228222324 0.7719674110412598 7365
1751228223313 0.5055361390113831 7366
1751228224309 0.6013715863227844 7367
1751228225340 0.20952141284942627 7368
1751228226504 0.7478652000427246 7369
1751228227535 0.7270628213882446 7370
1751228228573 1.9065430164337158 7371
1751228229636 0.8575420379638672 7372
1751228230817 0.7201674580574036 7373
1751228231856 0.9797841310501099 7374
1751228232896 0.7143397927284241 7375
1751228233958 0.7211741209030151 7376
1751228234994 0.7283961176872253 7377
1751228236057 1.5956133604049683 7378
1751228237108 0.7005530595779419 7379
1751228237997 1.0674877166748047 7380
1751228239053 0.75876384973526 7381
1751228240080 0.688483715057373 7382
1751228241154 1.31964910030365 7383
1751228242182 0.6740597486495972 7384
1751228243236 0.46059343218803406 7385
1751228244617 1.8063596487045288 7386
1751228245687 0.7384856343269348 7387
1751228246700 1.5730841159820557 7388
1751228247870 0.6349425911903381 7389
1751228248948 0.8835693597793579 7390
1751228249980 0.73393714427948 7391
1751228250832 2.4566400051116943 7392
1751228251936 0.9359729886054993 7393
1751228252939 0.6586529612541199 7394
1751228253865 1.7827987670898438 7395
1751228254909 0.913399338722229 7396
1751228255962 1.6130657196044922 7397
1751228257052 0.9029631018638611 7398
1751228258086 0.428533673286438 7399
1751228259147 0.6156960725784302 7400
1751228260391 0.7046812176704407 7401
1751228261432 0.6079432368278503 7402
1751228262459 0.9525032043457031 7403
1751228263487 0.9289080500602722 7404
1751228264536 0.7532185316085815 7405
1751228265571 1.0026239156723022 7406
1751228266576 0.6082047820091248 7407
1751228267590 0.8475870490074158 7408
1751228268637 1.1101428270339966 7409
1751228269670 0.9966786503791809 7410
1751228270668 0.6182741522789001 7411
1751228271700 0.6000879406929016 7412
1751228272721 0.5269806385040283 7413
1751228273795 0.8084654808044434 7414
1751228274795 0.9887917637825012 7415
1751228275819 0.7095766067504883 7416
1751228277057 0.9247112274169922 7417
1751228278073 0.6786738634109497 7418
1751228278960 0.8875829577445984 7419
1751228279984 0.9413299560546875 7420
1751228281019 0.7369022965431213 7421
1751228282073 0.8231456875801086 7422
1751228283121 0.7463869452476501 7423
1751228284127 1.0588229894638062 7424
1751228285153 0.748195469379425 7425
1751228286173 0.5921342968940735 7426
1751228287225 0.6706767082214355 7427
1751228288242 0.7840690016746521 7428
1751228289269 0.4479893743991852 7429
1751228290345 1.0630435943603516 7430
1751228291424 1.0688368082046509 7431
1751228292588 1.3921884298324585 7432
1751228293497 0.9635022878646851 7433
1751228294570 0.7683901786804199 7434
1751228295610 0.800498902797699 7435
1751228296661 0.4738171100616455 7436
1751228297687 1.1270793676376343 7437
1751228298723 0.8613250851631165 7438
1751228299633 1.7461581230163574 7439
1751228300519 0.7761465907096863 7440
1751228301547 0.6630133986473083 7441
1751228302749 1.0237138271331787 7442
1751228303855 0.7462143301963806 7443
1751228304907 0.6442092061042786 7444
1751228305942 0.6914249658584595 7445
1751228306966 0.6630234718322754 7446
1751228308023 0.8339805006980896 7447
1751228309213 0.7479286789894104 7448
1751228310259 1.0326576232910156 7449
1751228311268 1.1626728773117065 7450
1751228312172 0.8058537840843201 7451
1751228313206 0.6539587378501892 7452
1751228314251 0.47519373893737793 7453
1751228315286 0.893697202205658 7454
1751228316336 0.6743406653404236 7455
1751228317363 0.7384508848190308 7456
1751228318391 0.9492926597595215 7457
1751228319573 0.1325332522392273 7458
1751228320655 1.0067329406738281 7459
1751228321723 1.3153882026672363 7460
1751228322745 0.9873690605163574 7461
1751228323804 0.647366464138031 7462
1751228325081 0.9593034982681274 7463
1751228326117 0.39980754256248474 7464
1751228327131 1.3986095190048218 7465
1751228328020 1.1535555124282837 7466
1751228329092 1.303781509399414 7467
1751228330159 0.695133626461029 7468
1751228331220 1.1191564798355103 7469
1751228332294 0.7398830056190491 7470
1751228333334 0.6936398148536682 7471
1751228334361 0.5662717223167419 7472
1751228335458 0.5501295924186707 7473
1751228336601 0.9663804173469543 7474
1751228337649 0.5590766072273254 7475
1751228338517 0.587814450263977 7476
1751228339548 0.31601661443710327 7477
1751228340588 1.135574460029602 7478
1751228341646 1.275100588798523 7479
1751228342915 0.7294080853462219 7480
1751228343913 0.4906420409679413 7481
1751228344791 0.6223088502883911 7482
1751228345793 0.9680060744285583 7483
1751228346798 0.7590596079826355 7484
1751228347886 0.9297027587890625 7485
1751228348930 0.7256062626838684 7486
1751228349989 1.068886160850525 7487
1751228350993 1.115795612335205 7488
1751228351872 1.4647791385650635 7489
1751228352929 0.6977216601371765 7490
1751228353943 1.0727828741073608 7491
1751228354800 1.2051044702529907 7492
1751228355817 0.9435238242149353 7493
1751228356856 0.5087929964065552 7494
1751228358109 0.6910221576690674 7495
1751228359137 0.917169988155365 7496
1751228360178 0.5629417300224304 7497
1751228361222 0.5843459963798523 7498
1751228362236 0.5592342615127563 7499
1751228363257 0.9599947333335876 7500
1751228364337 0.8729095458984375 7501
1751228365389 0.9080337882041931 7502
1751228366422 1.2318047285079956 7503
1751228367523 0.8703921437263489 7504
1751228368549 0.7816511392593384 7505
1751228369548 0.6527026295661926 7506
1751228370582 1.2675501108169556 7507
1751228371497 1.2238256931304932 7508
1751228372515 0.7269129753112793 7509
1751228373786 1.217246174812317 7510
1751228374788 0.8794817328453064 7511
1751228375808 0.700630784034729 7512
1751228376826 0.6363502740859985 7513
1751228377855 0.6330659985542297 7514
1751228378885 0.5817544460296631 7515
1751228379923 0.7571534514427185 7516
1751228380947 0.7414823770523071 7517
1751228382039 0.9839803576469421 7518
1751228383037 0.9591093063354492 7519
1751228383952 0.6478252410888672 7520
1751228384957 1.3516854047775269 7521
1751228385974 1.1744184494018555 7522
1751228387013 0.6329317092895508 7523
1751228388071 0.7261911630630493 7524
1751228389126 1.1042914390563965 7525
1751228390173 0.5914103388786316 7526
1751228391415 0.730063796043396 7527
1751228392421 0.7312034964561462 7528
1751228393444 0.6384644508361816 7529
1751228394500 0.6335436701774597 7530
1751228395554 0.890367329120636 7531
1751228396577 0.2187717705965042 7532
1751228397723 0.6361780166625977 7533
1751228398839 0.5587171912193298 7534
1751228399871 0.8655202984809875 7535
1751228400764 1.8289107084274292 7536
1751228401808 0.7627386450767517 7537
1751228402831 0.7006892561912537 7538
1751228403867 0.713518500328064 7539
1751228404872 1.3620083332061768 7540
1751228405897 0.5620605945587158 7541
1751228407038 0.6058815121650696 7542
1751228407937 0.6874293088912964 7543
1751228408863 1.8339124917984009 7544
1751228409948 1.0533065795898438 7545
1751228411040 0.9869624972343445 7546
1751228412087 0.637305498123169 7547
1751228413123 0.7232840657234192 7548
1751228414321 0.6785784959793091 7549
1751228415456 0.855276882648468 7550
1751228416566 0.5539106726646423 7551
1751228417617 0.5873560905456543 7552
1751228418655 0.8376602530479431 7553
1751228419684 0.5627925992012024 7554
1751228420934 0.34051278233528137 7555
1751228422174 0.931760311126709 7556
1751228423628 1.0110496282577515 7557
1751228424729 1.8188987970352173 7558
1751228426073 0.8834342360496521 7559
1751228427600 0.9471262097358704 7560
1751228428634 0.7364921569824219 7561
1751228429711 0.8074672818183899 7562
1751228430938 0.4999710023403168 7563
1751228432007 0.9443331956863403 7564
1751228433047 0.7818064093589783 7565
1751228434091 0.5453833937644958 7566
1751228435126 0.9507797360420227 7567
1751228436169 0.6347727179527283 7568
1751228437197 0.692720353603363 7569
1751228438261 0.565652072429657 7570
1751228439343 0.8154017329216003 7571
1751228440764 0.8965169787406921 7572
1751228441788 0.4195815920829773 7573
1751228442838 0.6532217860221863 7574
1751228443876 0.8594391942024231 7575
1751228445004 0.8646219372749329 7576
1751228446004 0.8265417218208313 7577
1751228447022 1.8115673065185547 7578
1751228448059 1.7319412231445312 7579
1751228449111 0.42774322628974915 7580
1751228450168 0.6901788115501404 7581
1751228451213 0.5595627427101135 7582
1751228452290 0.6234753727912903 7583
1751228453293 0.653724193572998 7584
1751228454327 2.455144166946411 7585
1751228455378 0.7023924589157104 7586
1751228456409 0.9118683934211731 7587
1751228457448 0.9402518272399902 7588
1751228458691 0.9524394869804382 7589
1751228459715 1.0977307558059692 7590
1751228460587 1.132830023765564 7591
1751228461616 1.2584387063980103 7592
1751228462668 0.7823842167854309 7593
1751228463741 0.9542194604873657 7594
1751228464812 1.1094307899475098 7595
1751228465879 0.9818058013916016 7596
1751228466964 0.9013622403144836 7597
1751228467993 0.8288376927375793 7598
1751228469072 0.9535858631134033 7599
1751228470096 0.8927568793296814 7600
1751228471039 0.9280733466148376 7601
1751228472049 0.7883796095848083 7602
1751228473083 0.6695103645324707 7603
1751228474352 0.783973217010498 7604
1751228475390 0.9017206430435181 7605
1751228476426 0.8204506039619446 7606
1751228477457 0.6965504884719849 7607
1751228478542 0.8855779767036438 7608
1751228479564 0.1663697063922882 7609
1751228480610 1.3219904899597168 7610
1751228481629 1.1679234504699707 7611
1751228482679 0.6500579118728638 7612
1751228483698 1.1762745380401611 7613
1751228484734 1.1658525466918945 7614
1751228485781 0.685991644859314 7615
1751228486858 0.133816659450531 7616
1751228487934 0.8883485794067383 7617
1751228488963 0.8246213793754578 7618
1751228490230 0.5895161032676697 7619
1751228491092 1.0221917629241943 7620
1751228492138 0.9727630615234375 7621
1751228493167 0.2650909423828125 7622
1751228494199 2.5019657611846924 7623
1751228495337 0.910430908203125 7624
1751228496353 0.12531034648418427 7625
1751228497392 0.48151856660842896 7626
1751228498278 1.0699352025985718 7627
1751228499297 1.603218913078308 7628
1751228500296 0.7208490967750549 7629
1751228501312 1.4230785369873047 7630
1751228502384 1.1606003046035767 7631
1751228503289 2.0457117557525635 7632
1751228504178 0.97146075963974 7633
1751228505228 0.5725930333137512 7634
1751228506227 0.7587181925773621 7635
1751228507474 0.9042375683784485 7636
1751228508502 1.2206547260284424 7637
1751228509662 1.2745469808578491 7638
1751228510715 0.6590186953544617 7639
1751228511759 0.4668576419353485 7640
1751228512796 1.4272284507751465 7641
1751228513732 1.1994590759277344 7642
1751228514793 0.7525627017021179 7643
1751228515853 1.0485285520553589 7644
1751228516879 0.5971072316169739 7645
1751228517929 1.0269850492477417 7646
1751228518948 0.4577504098415375 7647
1751228519968 0.01614047773182392 7648
1751228521018 1.0207890272140503 7649
1751228522055 0.4671971797943115 7650
1751228523382 1.0160096883773804 7651
1751228524403 0.898059070110321 7652
1751228525436 0.929676353931427 7653
1751228526497 0.8602739572525024 7654
1751228527485 0.8963479995727539 7655
1751228528378 0.5666379928588867 7656
1751228529397 0.2169918417930603 7657
1751228530268 1.081543207168579 7658
1751228531339 1.058058738708496 7659
1751228532390 0.5368574261665344 7660
1751228533434 0.14221176505088806 7661
1751228534485 0.297306627035141 7662
1751228535522 0.902457058429718 7663
1751228536540 0.59742271900177 7664
1751228537594 0.6567277312278748 7665
1751228538623 0.6987137198448181 7666
1751228539925 0.4857872426509857 7667
1751228540957 0.717981219291687 7668
1751228542107 0.9444659352302551 7669
1751228543147 0.8282249569892883 7670
1751228544189 0.6722771525382996 7671
1751228545217 1.620171070098877 7672
1751228546230 1.0314044952392578 7673
1751228547278 0.836564838886261 7674
1751228548380 0.3938264548778534 7675
1751228549453 0.7111465334892273 7676
1751228550538 0.9802302718162537 7677
1751228551596 0.3298712372779846 7678
1751228552621 1.4672685861587524 7679
1751228553643 0.6513080596923828 7680
1751228554677 1.0526787042617798 7681
1751228555745 0.9907521605491638 7682
1751228556993 1.6718578338623047 7683
1751228558036 0.5871645212173462 7684
1751228559078 0.6403045058250427 7685
1751228560119 0.6708805561065674 7686
1751228561142 0.7218354940414429 7687
1751228562233 1.1914962530136108 7688
1751228563231 1.1291946172714233 7689
1751228564283 0.863137423992157 7690
1751228565356 2.368908405303955 7691
1751228566402 2.1411232948303223 7692
1751228567430 0.8184620141983032 7693
1751228568477 0.8825273513793945 7694
1751228569545 0.7557842135429382 7695
1751228570589 0.5581730008125305 7696
1751228571675 0.7548975944519043 7697
1751228572768 1.039791464805603 7698
1751228573795 0.6723699569702148 7699
1751228574841 0.7615189552307129 7700
1751228575870 0.5285278558731079 7701
1751228576904 0.7976955771446228 7702
1751228577966 0.5908740162849426 7703
1751228579007 0.8699925541877747 7704
1751228580134 0.7339097261428833 7705
1751228581123 0.8384004831314087 7706
1751228582205 0.8498002886772156 7707
1751228583250 0.9354228377342224 7708
1751228584333 0.6470543742179871 7709
1751228585310 0.651946485042572 7710
1751228586342 0.32826605439186096 7711
1751228587362 0.785618007183075 7712
1751228588552 1.1171575784683228 7713
1751228589575 0.5918978452682495 7714
1751228590582 0.6976438760757446 7715
1751228591589 0.4721192419528961 7716
1751228592607 1.531970739364624 7717
1751228593625 0.6664272546768188 7718
1751228594523 2.50587797164917 7719
1751228595568 1.1591511964797974 7720
1751228596615 0.8578476309776306 7721
1751228597807 0.6811387538909912 7722
1751228598897 1.2416150569915771 7723
1751228599909 1.17300546169281 7724
1751228600947 0.7976820468902588 7725
1751228602032 0.5470349192619324 7726
1751228602939 1.7356735467910767 7727
1751228604204 0.7163884043693542 7728
1751228605237 0.857551097869873 7729
1751228606307 0.7636494636535645 7730
1751228607411 0.809035062789917 7731
1751228608290 0.9298016428947449 7732
1751228609331 0.9066199660301208 7733
1751228610379 0.8039995431900024 7734
1751228611408 1.0149952173233032 7735
1751228612486 0.5432476997375488 7736
1751228613597 1.1301621198654175 7737
1751228614525 1.0877076387405396 7738
1751228615695 0.6651085615158081 7739
1751228616727 0.8836762309074402 7740
1751228617747 1.414655327796936 7741
1751228618766 0.6359651684761047 7742
1751228620065 0.7237263321876526 7743
1751228621088 1.085479736328125 7744
1751228622151 0.9021522402763367 7745
1751228623184 1.2039402723312378 7746
1751228624210 0.7830021977424622 7747
1751228625294 0.4243461787700653 7748
1751228626208 1.1680412292480469 7749
1751228627167 1.487166404724121 7750
1751228628227 1.0568697452545166 7751
1751228629256 0.6655299067497253 7752
1751228630277 0.8005332350730896 7753
1751228631290 0.7462838888168335 7754
1751228632366 0.7960942983627319 7755
1751228633360 2.158945083618164 7756
1751228634382 0.7095800638198853 7757
1751228635790 0.9943834543228149 7758
1751228636894 1.2111071348190308 7759
1751228637969 0.6702888607978821 7760
1751228639006 1.030603289604187 7761
1751228640048 0.36637231707572937 7762
1751228641063 0.8219286203384399 7763
1751228642124 1.0549968481063843 7764
1751228643162 1.2112749814987183 7765
1751228644298 1.2781826257705688 7766
1751228645346 1.2903509140014648 7767
1751228646418 1.1321133375167847 7768
1751228647428 0.8160650134086609 7769
1751228648649 1.2197426557540894 7770
1751228649832 0.9767616391181946 7771
1751228651111 1.3199214935302734 7772
1751228652267 0.7708907127380371 7773
1751228653283 0.6911401748657227 7774
1751228654315 1.2969788312911987 7775
1751228655353 0.7737388610839844 7776
1751228656379 0.824350893497467 7777
1751228657391 0.9984787106513977 7778
1751228658394 1.170233130455017 7779
1751228659401 0.9857456088066101 7780
1751228660412 0.616269052028656 7781
1751228661484 0.9387161135673523 7782
1751228662526 0.5199803709983826 7783
1751228663440 0.6583561897277832 7784
1751228664450 0.9960494041442871 7785
1751228665471 0.9050281643867493 7786
1751228666716 1.2277792692184448 7787
1751228667579 0.7014363408088684 7788
1751228668586 1.1423240900039673 7789
1751228669625 0.4887409210205078 7790
1751228670674 1.202141523361206 7791
1751228671684 0.5576440095901489 7792
1751228672701 0.5930414199829102 7793
1751228673722 0.7817482948303223 7794
1751228674764 0.8764948844909668 7795
1751228675790 1.109021544456482 7796
1751228676813 0.8512054681777954 7797
1751228677818 1.1634382009506226 7798
1751228678868 0.5543405413627625 7799
1751228679935 0.2640107572078705 7800
1751228681272 0.7697648406028748 7801
1751228682332 0.5591369867324829 7802
1751228683347 0.7095156908035278 7803
1751228684426 0.9902036786079407 7804
1751228685478 0.8296448588371277 7805
1751228686514 1.1415901184082031 7806
1751228687572 1.2864750623703003 7807
1751228688625 1.075463891029358 7808
1751228689696 1.415425181388855 7809
1751228690707 1.1624164581298828 7810
1751228691741 1.0250091552734375 7811
1751228692889 0.7934793829917908 7812
1751228694017 0.6832562685012817 7813
1751228695103 1.584607720375061 7814
1751228696132 0.8015710711479187 7815
1751228697174 0.8659992218017578 7816
1751228698554 1.124973177909851 7817
1751228699635 0.8120449185371399 7818
1751228700679 0.8471052050590515 7819
1751228701749 1.0532811880111694 7820
1751228702756 0.6238572001457214 7821
1751228703832 0.5610790252685547 7822
1751228704919 0.38866180181503296 7823
1751228706029 0.6600224375724792 7824
1751228707115 1.1503337621688843 7825
1751228708089 0.7561320066452026 7826
1751228709255 0.37917548418045044 7827
1751228710303 1.1292778253555298 7828
1751228711352 0.77645343542099 7829
1751228712411 0.8163257837295532 7830
1751228713550 1.2520703077316284 7831
1751228714640 0.6700587272644043 7832
1751228715653 1.0208810567855835 7833
1751228716703 0.841632068157196 7834
1751228717743 0.8820482492446899 7835
1751228718768 0.8799301385879517 7836
1751228719838 0.8794361352920532 7837
1751228720909 1.3350815773010254 7838
1751228721924 0.6868904232978821 7839
1751228722949 1.1079763174057007 7840
1751228723965 0.7411773204803467 7841
1751228725057 1.186679482460022 7842
1751228726184 0.9888877868652344 7843
1751228727071 1.0652625560760498 7844
1751228728096 1.0117647647857666 7845
1751228729424 1.0266023874282837 7846
1751228730432 0.7068938612937927 7847
1751228731457 0.99896639585495 7848
1751228732485 0.9780210852622986 7849
1751228733512 0.9011676907539368 7850
1751228734532 0.8331875801086426 7851
1751228735556 1.2145473957061768 7852
1751228736578 0.9506168365478516 7853
1751228737610 0.5680155754089355 7854
1751228738648 0.3957115709781647 7855
1751228739679 1.036969780921936 7856
1751228740717 0.8688503503799438 7857
1751228741631 0.9330641031265259 7858
1751228742667 0.6459677815437317 7859
1751228743801 0.6743651032447815 7860
1751228744815 0.7187446355819702 7861
1751228745820 0.8635767102241516 7862
1751228746891 0.7790941596031189 7863
1751228747939 1.1781457662582397 7864
1751228748830 0.720393180847168 7865
1751228749826 0.8072844743728638 7866
1751228750870 1.1838773488998413 7867
1751228751952 0.9811069369316101 7868
1751228752974 0.49041539430618286 7869
1751228753905 1.0775840282440186 7870
1751228754940 0.6892351508140564 7871
1751228755959 1.2659265995025635 7872
1751228757002 0.29345396161079407 7873
1751228758008 0.5536419153213501 7874
1751228759278 0.7368067502975464 7875
1751228760288 1.5309176445007324 7876
1751228761337 0.6655048727989197 7877
1751228762378 1.4289556741714478 7878
1751228763426 0.7108003497123718 7879
1751228764480 0.3909492492675781 7880
1751228765517 1.3290122747421265 7881
1751228766418 0.41558852791786194 7882
1751228767423 1.1322965621948242 7883
1751228768453 2.0961410999298096 7884
1751228769497 0.837911069393158 7885
1751228770520 1.5294686555862427 7886
1751228771548 0.3247983455657959 7887
1751228772556 0.5948354601860046 7888
1751228773582 0.6470972299575806 7889
1751228774975 0.7465001344680786 7890
1751228776043 0.6967595815658569 7891
1751228776931 0.9216019511222839 7892
1751228778007 0.7730376124382019 7893
1751228779035 0.6753622889518738 7894
1751228780071 0.7897292375564575 7895
1751228781105 0.8840811252593994 7896
1751228782137 0.3438514173030853 7897
1751228783200 0.5911981463432312 7898
1751228784218 0.754759669303894 7899
1751228785250 0.8242789506912231 7900
1751228786277 0.07643698155879974 7901
1751228787418 0.7267165184020996 7902
1751228788563 0.9831926822662354 7903
1751228789631 0.7603726387023926 7904
1751228790859 1.4873013496398926 7905
1751228791900 0.7604782581329346 7906
1751228792938 1.1753747463226318 7907
1751228793964 1.0896390676498413 7908
1751228795035 1.499634027481079 7909
1751228795984 1.7836334705352783 7910
1751228797045 0.8244137167930603 7911
1751228798097 1.1442550420761108 7912
1751228799141 1.4937312602996826 7913
1751228800170 0.7947371602058411 7914
1751228801208 1.9344600439071655 7915
1751228802224 0.8575526475906372 7916
1751228803294 0.8165248036384583 7917
1751228804397 0.6468873023986816 7918
1751228805588 0.6214494109153748 7919
1751228806910 0.5687341094017029 7920
1751228807963 0.3356984555721283 7921
1751228808912 1.2742563486099243 7922
1751228809944 0.7189998626708984 7923
1751228810991 0.7671412825584412 7924
1751228812036 0.4550577700138092 7925
1751228813049 0.7130605578422546 7926
1751228814106 0.9245861172676086 7927
1751228815108 0.5410544276237488 7928
1751228816188 1.3262081146240234 7929
1751228817259 0.9468345046043396 7930
1751228818313 1.3525866270065308 7931
1751228819336 1.2470762729644775 7932
1751228820408 0.5078478455543518 7933
1751228821805 0.717741847038269 7934
1751228822944 1.30488920211792 7935
1751228823964 1.036694884300232 7936
1751228824995 1.2580187320709229 7937
1751228826060 0.0792006179690361 7938
1751228826991 1.3325480222702026 7939
1751228828011 0.8508841395378113 7940
1751228829036 1.508888602256775 7941
1751228830105 0.7263054251670837 7942
1751228831121 0.6917840838432312 7943
1751228832178 0.8856314420700073 7944
1751228833198 0.563960611820221 7945
1751228834261 0.9175135493278503 7946
1751228835303 0.7563698887825012 7947
1751228836357 0.6915863156318665 7948
1751228837659 0.7918112874031067 7949
1751228838754 0.960582435131073 7950
1751228839770 1.200063705444336 7951
1751228840665 1.818186640739441 7952
1751228841732 0.897968590259552 7953
1751228842755 0.9128343462944031 7954
1751228843811 0.1255301684141159 7955
1751228844853 0.7647814154624939 7956
1751228845892 0.49812766909599304 7957
1751228846955 0.7809557318687439 7958
1751228847969 0.6579742431640625 7959
1751228848983 0.9352436065673828 7960
1751228850035 0.8385120630264282 7961
1751228851082 0.802261471748352 7962
1751228852167 0.7059618234634399 7963
1751228853465 0.9765172004699707 7964
1751228854486 0.8747950792312622 7965
1751228855493 0.959486186504364 7966
1751228856537 0.9166971445083618 7967
1751228857547 1.5256757736206055 7968
1751228858575 0.8470474481582642 7969
1751228859590 0.716009795665741 7970
1751228860607 1.4372252225875854 7971
1751228861477 0.804553210735321 7972
1751228862494 1.4171315431594849 7973
1751228863599 0.5213088989257812 7974
1751228864599 1.0470011234283447 7975
1751228865617 0.956662118434906 7976
1751228866645 0.7296712398529053 7977
1751228867661 1.658570647239685 7978
1751228868949 1.104996919631958 7979
1751228869985 0.6716307401657104 7980
1751228871039 0.6286273002624512 7981
1751228872053 0.6262132525444031 7982
1751228872963 0.923134982585907 7983
1751228873830 1.3200206756591797 7984
1751228874842 0.9768025279045105 7985
1751228875896 0.5696712136268616 7986
1751228876982 1.3327926397323608 7987
1751228878090 0.7821623086929321 7988
1751228879114 0.7942730784416199 7989
1751228880145 0.7760804891586304 7990
1751228881176 1.5516843795776367 7991
1751228882189 0.8624218106269836 7992
1751228883200 0.7745314836502075 7993
1751228884573 0.4944489002227783 7994
1751228885629 0.689517080783844 7995
1751228886643 1.0796030759811401 7996
1751228887663 1.1687339544296265 7997
1751228888543 1.1093238592147827 7998
1751228889585 1.1906834840774536 7999
1751228890602 0.8846867680549622 8000
1751228891632 1.0714991092681885 8001
1751228892714 0.6904495358467102 8002
1751228893758 0.7765105366706848 8003
1751228894945 0.37611085176467896 8004
1751228896008 1.107250452041626 8005
1751228897039 0.5658111572265625 8006
1751228898085 1.2172456979751587 8007
1751228899087 0.7900428771972656 8008
1751228900358 0.7041608095169067 8009
1751228901405 0.5169441103935242 8010
1751228902451 0.8447801470756531 8011
1751228903485 1.4811902046203613 8012
1751228904571 0.9926655888557434 8013
1751228905586 1.1501826047897339 8014
1751228906706 0.6751808524131775 8015
1751228907623 1.9665850400924683 8016
1751228908643 0.8271889090538025 8017
1751228909541 1.6017011404037476 8018
1751228910559 0.8213741183280945 8019
1751228911754 0.7481195330619812 8020
1751228912656 0.7619534134864807 8021
1751228913748 0.7972351908683777 8022
1751228914670 1.101178526878357 8023
1751228915935 0.5444740653038025 8024
1751228916947 0.7211138606071472 8025
1751228917996 0.6880106925964355 8026
1751228919034 0.7100369930267334 8027
1751228920075 0.7604050040245056 8028
1751228921061 0.6560980677604675 8029
1751228922089 1.352586030960083 8030
1751228923123 0.9421030282974243 8031
1751228924192 0.6517989039421082 8032
1751228925257 0.7696138620376587 8033
1751228926273 0.7175065875053406 8034
1751228927304 1.1025631427764893 8035
1751228928329 0.5335662961006165 8036
1751228929366 0.7793426513671875 8037
1751228930512 2.3239645957946777 8038
1751228931552 0.7431451082229614 8039
1751228932589 0.7444519400596619 8040
1751228933610 0.7697315812110901 8041
1751228934614 0.629901111125946 8042
1751228935644 0.5831494331359863 8043
1751228936692 0.5360317230224609 8044
1751228937705 0.5654037594795227 8045
1751228938742 0.9020218253135681 8046
1751228939758 0.5048550963401794 8047
1751228940763 0.9587023854255676 8048
1751228941779 0.8841844797134399 8049
1751228942780 0.7164251208305359 8050
1751228943823 0.6228081583976746 8051
1751228945131 1.1024423837661743 8052
1751228946171 0.9727224707603455 8053
1751228947233 2.5382659435272217 8054
1751228948243 1.1637365818023682 8055
1751228949270 0.7928222417831421 8056
1751228950292 0.8333379626274109 8057
1751228951349 0.7413356304168701 8058
1751228952411 0.9167162179946899 8059
1751228953473 0.6983581781387329 8060
1751228954363 1.172763705253601 8061
1751228955416 0.900474488735199 8062
1751228956353 1.2118885517120361 8063
1751228957392 1.6604114770889282 8064
1751228958454 0.8686076998710632 8065
1751228959511 1.0960584878921509 8066
1751228960882 1.0412883758544922 8067
1751228961966 0.7036969661712646 8068
1751228963058 0.5315569043159485 8069
1751228963973 2.1484344005584717 8070
1751228965049 0.9588016867637634 8071
1751228966263 0.5547927618026733 8072
1751228967381 0.6300490498542786 8073
1751228968420 1.1380186080932617 8074
1751228969460 0.3332744240760803 8075
1751228970519 1.8507694005966187 8076
1751228971546 0.926196277141571 8077
1751228972587 1.7443488836288452 8078
1751228973604 0.9723300933837891 8079
1751228974697 1.2878751754760742 8080
1751228975732 1.303453803062439 8081
1751228976770 0.5956911444664001 8082
1751228978066 0.6661109924316406 8083
1751228979107 1.18003249168396 8084
1751228980156 1.9614518880844116 8085
1751228981264 0.8342297673225403 8086
1751228982477 1.2733439207077026 8087
1751228983550 0.9306303262710571 8088
1751228984589 0.8389742374420166 8089
1751228985636 0.7559232115745544 8090
1751228986664 0.7997921109199524 8091
1751228987706 0.4936312139034271 8092
1751228988816 0.8238388299942017 8093
1751228989890 1.3963594436645508 8094
1751228990964 0.6598789095878601 8095
1751228992009 0.9688500165939331 8096
1751228993074 0.8670948147773743 8097
1751228994304 0.6675606966018677 8098
1751228995214 0.7345236539840698 8099
1751228996254 0.5865544676780701 8100
1751228997310 0.6964384317398071 8101
1751228998526 0.9534687995910645 8102
1751228999626 0.7368258237838745 8103
1751229000633 0.5720348954200745 8104
1751229001688 0.8392166495323181 8105
1751229002714 1.0059618949890137 8106
1751229003770 0.7641701698303223 8107
1751229004801 0.6098027229309082 8108
1751229005816 0.7617945671081543 8109
1751229006835 0.568519115447998 8110
1751229007909 0.5307459831237793 8111
1751229009149 0.788699746131897 8112
1751229010213 0.6349266171455383 8113
1751229011111 1.876639723777771 8114
1751229012154 0.7600446939468384 8115
1751229013171 0.8322336077690125 8116
1751229014197 0.9454591870307922 8117
1751229015247 0.4856979548931122 8118
1751229016300 1.7544357776641846 8119
1751229017365 1.3166271448135376 8120
1751229018382 0.5797106027603149 8121
1751229019409 0.9123492240905762 8122
1751229020459 0.6088599562644958 8123
1751229021486 0.7831464409828186 8124
1751229022791 0.8872588276863098 8125
1751229023860 0.6909270882606506 8126
1751229024943 0.5008711814880371 8127
1751229025996 0.9107138514518738 8128
1751229027067 0.85537189245224 8129
1751229028204 1.0287116765975952 8130
1751229029121 0.7757236361503601 8131
1751229030055 0.8396592736244202 8132
1751229031081 0.9951151013374329 8133
1751229032177 0.6480478644371033 8134
1751229033223 0.6245653033256531 8135
1751229034304 0.8016025424003601 8136
1751229035339 0.6976993680000305 8137
1751229036343 1.1865084171295166 8138
1751229037649 0.8674908876419067 8139
1751229038741 0.08666780591011047 8140
1751229039633 0.9900680780410767 8141
1751229040508 1.0442646741867065 8142
1751229041575 0.10693999379873276 8143
1751229042656 0.7066160440444946 8144
1751229043730 0.4862227141857147 8145
1751229044844 0.517135739326477 8146
1751229045919 0.7753338813781738 8147
1751229046944 1.3416706323623657 8148
1751229048022 0.7136985659599304 8149
1751229049065 0.6568800806999207 8150
1751229050116 0.9702762961387634 8151
1751229051178 1.6383618116378784 8152
1751229052209 1.1611499786376953 8153
1751229053584 1.564771056175232 8154
1751229054706 0.96700519323349 8155
1751229055801 0.7957776188850403 8156
1751229056831 0.8757200241088867 8157
1751229057863 1.6179300546646118 8158
1751229058884 0.9074148535728455 8159
1751229059906 0.7679495811462402 8160
1751229060998 0.6238937973976135 8161
1751229062175 0.7880575060844421 8162
1751229063220 1.1123522520065308 8163
1751229064257 1.4282898902893066 8164
1751229065345 0.8902713060379028 8165
1751229066479 0.5017583966255188 8166
1751229067564 0.4176953434944153 8167
1751229068879 0.8665532469749451 8168
1751229069993 0.5719261169433594 8169
1751229071057 0.7127905488014221 8170
1751229072091 0.7464607954025269 8171
1751229073175 0.8700219392776489 8172
1751229074261 0.5713226199150085 8173
1751229075299 0.805982768535614 8174
1751229076338 1.0293359756469727 8175
1751229077440 1.1702446937561035 8176
1751229078665 0.5771566033363342 8177
1751229079717 0.8607637286186218 8178
1751229080750 0.7121784090995789 8179
1751229081786 0.737551212310791 8180
1751229083164 0.4996572434902191 8181
1751229084277 1.521572470664978 8182
1751229085341 1.1233789920806885 8183
1751229086233 1.521799921989441 8184
1751229087257 0.8146171569824219 8185
1751229088280 0.9618958830833435 8186
1751229089303 0.9281938672065735 8187
1751229090344 0.6333207488059998 8188
1751229091396 0.8935413360595703 8189
1751229092491 0.7586283683776855 8190
1751229093618 1.0677021741867065 8191
1751229094728 0.7596914768218994 8192
1751229095938 0.7077069282531738 8193
1751229096981 0.7189981341362 8194
1751229098229 0.9539338946342468 8195
1751229099278 0.8632742166519165 8196
1751229100330 0.6234261393547058 8197
1751229101407 1.0074331760406494 8198
1751229102465 0.8413695693016052 8199
1751229103523 1.2609121799468994 8200
1751229104565 0.6318486928939819 8201
1751229105610 0.46765097975730896 8202
1751229106738 0.6237355470657349 8203
1751229107765 0.6319422125816345 8204
1751229108796 1.1424857378005981 8205
1751229109899 2.485095739364624 8206
1751229110929 0.7206327319145203 8207
1751229111946 0.7191553115844727 8208
1751229113016 0.24916857481002808 8209
1751229114335 0.8828882575035095 8210
1751229115358 0.9798089861869812 8211
1751229116408 0.44959551095962524 8212
1751229117460 0.8176918029785156 8213
1751229118518 0.6038419604301453 8214
1751229119540 0.6197895407676697 8215
1751229120564 0.5950338244438171 8216
1751229121633 2.0036797523498535 8217
1751229122681 0.9921010136604309 8218
1751229123692 0.4780491888523102 8219
1751229124605 0.8980213403701782 8220
1751229125673 0.6522636413574219 8221
1751229126708 0.6326810121536255 8222
1751229127818 0.626886248588562 8223
1751229129076 0.29023465514183044 8224
1751229130129 1.6018791198730469 8225
1751229131233 1.0749088525772095 8226
1751229132302 1.0508959293365479 8227
1751229133317 0.6797195672988892 8228
1751229134336 0.8567487001419067 8229
1751229135221 1.0392661094665527 8230
1751229136225 0.6411809325218201 8231
1751229137296 0.6523281335830688 8232
1751229138161 1.209228515625 8233
1751229139177 2.709296703338623 8234
1751229140214 0.837446391582489 8235
1751229141249 0.7807986736297607 8236
1751229142278 0.7980756163597107 8237
1751229143635 0.5970168709754944 8238
1751229144692 0.7691036462783813 8239
1751229145591 1.7593616247177124 8240
1751229146638 0.7426422834396362 8241
1751229147690 0.7281204462051392 8242
1751229148733 0.9360160231590271 8243
1751229149789 0.6466137170791626 8244
1751229150827 1.6394599676132202 8245
1751229151879 1.7341984510421753 8246
1751229152905 0.8663656115531921 8247
1751229153956 0.9975534677505493 8248
1751229155023 0.5682697296142578 8249
1751229156206 1.012590765953064 8250
1751229157368 0.6591773629188538 8251
1751229158627 0.526951014995575 8252
1751229159679 0.8528240323066711 8253
1751229160680 0.8095113039016724 8254
1751229161720 0.6433250308036804 8255
1751229162765 0.7832937240600586 8256
1751229163671 1.4939950704574585 8257
1751229164694 0.9095794558525085 8258
1751229165779 0.7376464009284973 8259
1751229166799 0.8805738687515259 8260
1751229167732 1.0522195100784302 8261
1751229168781 0.7222939133644104 8262
1751229169876 1.1008936166763306 8263
1751229170895 0.7054505944252014 8264
1751229171919 0.815507709980011 8265
1751229173279 0.9916037917137146 8266
1751229174449 0.5706301927566528 8267
1751229175496 0.9907079935073853 8268
1751229176561 0.7516419887542725 8269
1751229177596 1.1135916709899902 8270
1751229178630 0.9474547505378723 8271
1751229179530 0.8162668347358704 8272
1751229180416 0.6619325280189514 8273
1751229181433 1.598940134048462 8274
1751229182443 1.1360933780670166 8275
1751229183460 0.8074796795845032 8276
1751229184486 0.4962625205516815 8277
1751229185387 1.883694052696228 8278
1751229186424 1.211882472038269 8279
1751229187786 0.4742066562175751 8280
1751229188856 1.116925597190857 8281
1751229189994 0.6238507032394409 8282
1751229191122 1.2104763984680176 8283
1751229192343 0.8852719664573669 8284
1751229193431 0.643787682056427 8285
1751229194435 0.7123686075210571 8286
1751229195529 0.7616851925849915 8287
1751229196573 2.2368059158325195 8288
1751229197617 0.7575890421867371 8289
1751229198739 0.8532821536064148 8290
1751229199806 1.0613325834274292 8291
1751229200874 0.48096615076065063 8292
1751229201931 0.6842116713523865 8293
1751229203298 0.535918653011322 8294
1751229204355 0.6971513628959656 8295
1751229205403 0.5906888246536255 8296
1751229206455 0.7252631783485413 8297
1751229207514 1.2529257535934448 8298
1751229208526 0.9070309996604919 8299
1751229209556 1.1228293180465698 8300
1751229210625 0.9394288063049316 8301
1751229211499 0.8717824816703796 8302
1751229212561 0.6473466753959656 8303
1751229213668 0.8125155568122864 8304
1751229214771 1.1265195608139038 8305
1751229215845 0.4080115258693695 8306
1751229217191 0.8891849517822266 8307
1751229218242 1.0293303728103638 8308
1751229219158 0.836912989616394 8309
1751229220265 0.8795567154884338 8310
1751229221287 0.6481842398643494 8311
1751229222338 0.8118293881416321 8312
1751229223438 0.6905779242515564 8313
1751229224493 0.3872152864933014 8314
1751229225567 1.017197847366333 8315
1751229226639 0.5639897584915161 8316
1751229227717 0.10859020799398422 8317
1751229228755 1.0530614852905273 8318
1751229229847 1.4093023538589478 8319
1751229230844 0.6227180361747742 8320
1751229232157 0.6648430824279785 8321
1751229233162 1.4536434412002563 8322
1751229234154 0.7990772724151611 8323
1751229235226 0.7120368480682373 8324
1751229236222 0.7378742098808289 8325
1751229237433 0.8930239081382751 8326
1751229238896 1.1303433179855347 8327
1751229239989 0.6764792799949646 8328
1751229241108 0.6297983527183533 8329
1751229242156 2.1639156341552734 8330
1751229243236 1.3873904943466187 8331
1751229244291 0.7305895686149597 8332
1751229245394 0.838401734828949 8333
1751229246471 0.7639418840408325 8334
1751229247477 0.771220862865448 8335
1751229248760 0.8618336915969849 8336
1751229249871 0.6996591091156006 8337
1751229250962 1.0542839765548706 8338
1751229252115 0.5319327712059021 8339
1751229253057 0.9987484216690063 8340
1751229254191 0.6564127206802368 8341
1751229255287 0.710645318031311 8342
1751229256375 0.7072678208351135 8343
1751229257387 1.4010828733444214 8344
1751229258290 0.3775947391986847 8345
1751229259328 1.3245670795440674 8346
1751229260365 0.7689349055290222 8347
1751229261455 1.4232916831970215 8348
1751229262497 1.1538833379745483 8349
1751229263820 0.5816275477409363 8350
1751229264884 0.6535665392875671 8351
1751229265960 0.9015746116638184 8352
1751229266992 0.8714216351509094 8353
1751229268062 0.6342029571533203 8354
1751229269102 0.8266800045967102 8355
1751229270236 1.0264214277267456 8356
1751229271422 0.4062264859676361 8357
1751229272358 0.855336606502533 8358
1751229273497 0.7618857622146606 8359
1751229274408 1.3565174341201782 8360
1751229275474 1.3815792798995972 8361
1751229276525 1.304140329360962 8362
1751229277575 0.6995760202407837 8363
1751229278797 1.2647589445114136 8364
1751229279915 1.7872332334518433 8365
1751229280945 0.722480833530426 8366
1751229282026 0.9957071542739868 8367
1751229283069 0.9567797780036926 8368
1751229284117 0.784469723701477 8369
1751229285165 1.9505995512008667 8370
1751229286180 0.9309133887290955 8371
1751229287353 0.8997007608413696 8372
1751229288408 0.1446642279624939 8373
1751229289475 0.7926709651947021 8374
1751229290490 1.1420031785964966 8375
1751229291490 0.8167631030082703 8376
1751229292508 0.645513653755188 8377
1751229293801 0.9006005525588989 8378
1751229294805 0.6258565783500671 8379
1751229295848 0.6658006906509399 8380
1751229296893 1.0991541147232056 8381
1751229298006 0.4618839919567108 8382
1751229299085 0.9323940277099609 8383
1751229300143 0.8094373941421509 8384
1751229301227 0.13951554894447327 8385
1751229302299 0.8424283862113953 8386
1751229303399 0.6548122763633728 8387
1751229304444 0.970304012298584 8388
1751229305485 0.9340965151786804 8389
1751229306588 2.0462758541107178 8390
1751229307603 0.7667019963264465 8391
1751229308862 0.9434934854507446 8392
1751229309920 0.810924232006073 8393
1751229310970 0.8253095149993896 8394
1751229311998 0.6195403337478638 8395
1751229313076 0.17959962785243988 8396
1751229314141 0.7655436396598816 8397
1751229315187 0.9776119589805603 8398
1751229316086 1.0164695978164673 8399
1751229317070 2.1031157970428467 8400
1751229318104 1.377907633781433 8401
1751229319148 0.7241764664649963 8402
1751229320235 0.9400467872619629 8403
1751229321333 1.1849173307418823 8404
1751229322200 0.8208175897598267 8405
1751229323468 0.6828701496124268 8406
1751229324544 0.46582871675491333 8407
1751229325568 0.5890931487083435 8408
1751229326587 1.0360270738601685 8409
1751229327664 0.8393106460571289 8410
1751229328686 0.6830632090568542 8411
1751229329729 1.3677161931991577 8412
1751229330771 0.8624801635742188 8413
1751229331820 0.6281137466430664 8414
1751229332821 0.5389696359634399 8415
1751229333882 0.6504087448120117 8416
1751229334931 0.7414965033531189 8417
1751229336058 1.4123218059539795 8418
1751229337088 0.6740789413452148 8419
1751229338381 1.6209217309951782 8420
1751229339446 0.7662658095359802 8421
1751229340471 1.2337616682052612 8422
1751229341526 0.44065484404563904 8423
1751229342540 0.8803812265396118 8424
1751229343596 0.6733748316764832 8425
1751229344505 0.8567625880241394 8426
1751229345412 0.7726253867149353 8427
1751229346428 0.8089982271194458 8428
1751229347487 0.536335289478302 8429
1751229348545 0.9673997163772583 8430
1751229349468 0.4519810676574707 8431
1751229350637 0.8038904070854187 8432
1751229351674 1.1187394857406616 8433
1751229353075 0.48088952898979187 8434
1751229354144 0.7561928629875183 8435
1751229355197 0.5895883440971375 8436
1751229356203 0.6864882111549377 8437
1751229357199 1.1195029020309448 8438
1751229358208 1.0071649551391602 8439
1751229359250 0.8113357424736023 8440
1751229360269 0.6257497668266296 8441
1751229361308 1.0956209897994995 8442
1751229362470 0.8088200688362122 8443
1751229363497 0.6750829815864563 8444
1751229364540 0.6186525821685791 8445
1751229365571 0.24302875995635986 8446
1751229367106 0.6464495062828064 8447
1751229368284 0.8319972157478333 8448
1751229369382 1.01481294631958 8449
1751229370465 1.280619502067566 8450
1751229371510 0.9348478317260742 8451
1751229372573 0.7656981945037842 8452
1751229373609 0.864065945148468 8453
1751229374645 0.8020359873771667 8454
1751229375663 0.7192143797874451 8455
1751229376678 0.9120386242866516 8456
1751229377743 1.0845603942871094 8457
1751229378767 0.657307505607605 8458
1751229379796 1.0943797826766968 8459
1751229380830 0.7503343820571899 8460
1751229382126 0.6956556439399719 8461
1751229383207 0.5725395083427429 8462
1751229384406 0.7134754061698914 8463
1751229385474 0.8370820879936218 8464
1751229386398 1.0388773679733276 8465
1751229387444 0.1557178795337677 8466
1751229388522 0.9587228894233704 8467
1751229389547 0.950914204120636 8468
1751229390586 0.7171322703361511 8469
1751229391693 1.047120451927185 8470
1751229392769 0.8410906195640564 8471
1751229393815 0.5635307431221008 8472
1751229394884 0.7298998236656189 8473
1751229395916 0.6469362378120422 8474
1751229397236 0.7823197245597839 8475
1751229398258 0.9558238983154297 8476
1751229399259 0.9766237139701843 8477
1751229400302 0.6951295137405396 8478
1751229401348 0.6380958557128906 8479
1751229402345 0.6141318678855896 8480
1751229403405 0.8737325072288513 8481
1751229404467 1.334725260734558 8482
1751229405460 0.07099409401416779 8483
1751229406471 0.6382169127464294 8484
1751229407524 1.1938716173171997 8485
1751229408570 0.14931240677833557 8486
1751229409601 0.9647489786148071 8487
1751229410760 0.9991052746772766 8488
1751229411848 0.6455070376396179 8489
1751229412908 0.8008298277854919 8490
1751229413994 1.0432175397872925 8491
1751229415011 1.0799331665039062 8492
1751229416073 1.1478115320205688 8493
1751229417124 0.8701567053794861 8494
1751229418130 0.8971534967422485 8495
1751229419027 1.1206228733062744 8496
1751229420126 0.7282423377037048 8497
1751229421165 0.5632082223892212 8498
1751229422202 1.038873553276062 8499
1751229423217 1.2991231679916382 8500
1751229424532 0.8021589517593384 8501
1751229425463 2.484233856201172 8502
1751229426526 0.6847630739212036 8503
1751229427551 2.1419332027435303 8504
1751229428559 1.401261806488037 8505
1751229429620 0.4965343177318573 8506
1751229430648 0.7223530411720276 8507
1751229431755 1.0118417739868164 8508
1751229432810 3.2107255458831787 8509
1751229433914 1.114503264427185 8510
1751229434957 1.3456062078475952 8511
1751229436019 0.8327746391296387 8512
1751229437352 0.3607833981513977 8513
1751229438386 1.2403062582015991 8514
1751229439401 1.0228575468063354 8515
1751229440449 0.5541404485702515 8516
1751229441523 0.7790096402168274 8517
1751229442573 0.7576482892036438 8518
1751229443642 1.113827109336853 8519
1751229444659 0.909615159034729 8520
1751229445776 1.3268321752548218 8521
1751229446965 1.4417990446090698 8522
1751229448050 0.5790585875511169 8523
1751229449112 0.9980578422546387 8524
1751229450016 0.6631874442100525 8525
1751229451050 0.6372120380401611 8526
1751229452385 0.34353795647621155 8527
1751229453431 0.7055915594100952 8528
1751229454505 0.5924236178398132 8529
1751229455546 0.16811369359493256 8530
1751229456990 1.8456966876983643 8531
1751229458282 0.8966302871704102 8532
1751229459787 0.7375035285949707 8533
1751229461043 1.5266183614730835 8534
1751229462344 0.7868369817733765 8535
1751229463721 0.539243221282959 8536
1751229464799 0.833043098449707 8537
1751229465874 1.1191749572753906 8538
1751229466966 0.8143715262413025 8539
1751229468252 0.8879364132881165 8540
1751229469297 0.6527066230773926 8541
1751229470313 0.4382328987121582 8542
1751229471313 1.0721166133880615 8543
1751229472414 0.7629845142364502 8544
1751229473586 0.7036806344985962 8545
1751229474738 0.723590075969696 8546
1751229475663 0.7599458694458008 8547
1751229476734 0.6467664837837219 8548
1751229477865 1.203025221824646 8549
1751229479051 0.6677351593971252 8550
1751229480081 0.3085167407989502 8551
1751229481134 0.4781930148601532 8552
1751229482485 0.850881040096283 8553
1751229483537 0.8048705458641052 8554
1751229484582 0.7878316044807434 8555
1751229485640 0.703107476234436 8556
1751229486689 0.043295517563819885 8557
1751229487679 0.7732200622558594 8558
1751229488680 1.6575119495391846 8559
1751229489713 1.0135973691940308 8560
1751229490752 0.5093669295310974 8561
1751229491810 0.839399516582489 8562
1751229492838 0.6999309659004211 8563
1751229493911 1.022743582725525 8564
1751229494977 0.7802020311355591 8565
1751229496384 0.42544126510620117 8566
1751229497430 0.9095163345336914 8567
1751229498463 1.2115496397018433 8568
1751229499531 1.0376108884811401 8569
1751229500648 0.6625469326972961 8570
1751229501738 0.7750271558761597 8571
1751229502803 0.6603173613548279 8572
1751229503867 1.0449649095535278 8573
1751229504930 0.11956724524497986 8574
1751229505988 0.6462695598602295 8575
1751229507053 0.6304571628570557 8576
1751229508084 0.57337886095047 8577
1751229509155 0.7262610793113708 8578
1751229510227 0.9537212252616882 8579
1751229511450 0.7077518701553345 8580
1751229512497 0.144370436668396 8581
1751229513569 1.077331781387329 8582
1751229514620 0.9886390566825867 8583
1751229515669 1.0977189540863037 8584
1751229516584 1.0397779941558838 8585
1751229517556 0.8543056845664978 8586
1751229518612 0.6052231788635254 8587
1751229519637 0.6942378878593445 8588
1751229520700 0.4740285575389862 8589
1751229521737 0.7899638414382935 8590
1751229522743 0.6407721638679504 8591
1751229523781 0.7170389294624329 8592
1751229524829 0.5735242366790771 8593
1751229526089 0.5907444357872009 8594
1751229527145 0.6203571557998657 8595
1751229528185 0.8284842371940613 8596
1751229529244 1.0040123462677002 8597
1751229530248 0.8550266623497009 8598
1751229531299 0.8874908685684204 8599
1751229532348 1.786661148071289 8600
1751229533261 0.7703550457954407 8601
1751229534147 1.5380083322525024 8602
1751229535084 1.3879276514053345 8603
1751229536365 1.03658127784729 8604
1751229537493 0.6274417042732239 8605
1751229538594 0.8612977862358093 8606
1751229539889 1.1905087232589722 8607
1751229540992 0.7845097184181213 8608
1751229542152 0.5873439311981201 8609
1751229543318 0.9029305577278137 8610
1751229544424 0.7083303332328796 8611
1751229545479 0.7318063974380493 8612
1751229546460 0.7927480340003967 8613
1751229547416 0.7781394720077515 8614
1751229548549 0.6547992825508118 8615
1751229549733 0.3924868404865265 8616
1751229550904 0.6581140160560608 8617
1751229551980 0.6283084750175476 8618
1751229553044 0.7299785614013672 8619
1751229554353 1.6901829242706299 8620
1751229555380 0.9595722556114197 8621
1751229556424 0.7799553275108337 8622
1751229557477 0.977827250957489 8623
1751229558559 0.6399132013320923 8624
1751229559772 1.2169560194015503 8625
1751229560797 1.1018755435943604 8626
1751229561859 0.7339243292808533 8627
1751229562893 0.9887761473655701 8628
1751229563944 1.1139249801635742 8629
1751229564978 0.5584241151809692 8630
1751229566018 0.959799587726593 8631
1751229567036 0.7576965689659119 8632
1751229568059 0.9178346991539001 8633
1751229569465 0.8261011242866516 8634
1751229570529 0.6538465619087219 8635
1751229571445 0.827732503414154 8636
1751229572484 0.9138429760932922 8637
1751229573524 0.5731483697891235 8638
1751229574572 0.5280463695526123 8639
1751229575701 0.7891707420349121 8640
1751229576918 0.9886234402656555 8641
1751229577967 0.7169668078422546 8642
1751229578856 1.1481869220733643 8643
1751229579917 0.9574699401855469 8644
1751229580975 1.2339650392532349 8645
1751229582038 0.6161484122276306 8646
1751229583415 0.7836303114891052 8647
1751229584436 1.1111801862716675 8648
1751229585456 1.087673544883728 8649
1751229586513 0.9762840270996094 8650
1751229587568 1.1034862995147705 8651
1751229588571 0.7837460041046143 8652
1751229589609 0.6127896308898926 8653
1751229590622 0.9478287100791931 8654
1751229591507 1.456790566444397 8655
1751229592555 0.6001515984535217 8656
1751229593599 1.057294249534607 8657
1751229594674 0.07008404284715652 8658
1751229595622 1.4587087631225586 8659
1751229596914 0.19193655252456665 8660
1751229597935 0.7256438136100769 8661
1751229598965 0.7425252199172974 8662
1751229599900 1.6879853010177612 8663
1751229600987 0.5236585736274719 8664
1751229602043 0.6993950605392456 8665
1751229603126 1.8429832458496094 8666
1751229604183 0.3362340033054352 8667
1751229605248 1.1751041412353516 8668
1751229606301 1.530563473701477 8669
1751229607318 0.8581361174583435 8670
1751229608376 0.5735383033752441 8671
1751229609445 0.9143486022949219 8672
1751229610496 0.5765630602836609 8673
1751229611792 0.08379014581441879 8674
1751229612845 0.6353172659873962 8675
1751229613860 0.5160050988197327 8676
1751229614894 1.359944224357605 8677
1751229615922 0.7218834161758423 8678
1751229617032 0.7419922947883606 8679
1751229618079 0.8045772910118103 8680
1751229619132 0.282748818397522 8681
1751229620175 1.4308955669403076 8682
1751229621226 1.1453937292099 8683
1751229622277 0.8639488220214844 8684
1751229623347 1.1483436822891235 8685
1751229624373 0.8416935801506042 8686
1751229625718 0.6417493224143982 8687
1751229626727 1.225239634513855 8688
1751229627812 0.5954034924507141 8689
1751229628844 0.5175777673721313 8690
1751229629902 0.16830432415008545 8691
1751229630832 0.7066349983215332 8692
1751229631862 0.5233439803123474 8693
1751229632756 0.9442557692527771 8694
1751229633792 1.694959282875061 8695
1751229634851 0.8705562949180603 8696
1751229635916 1.3342090845108032 8697
1751229636973 0.9803614616394043 8698
1751229638020 0.5877677202224731 8699
1751229639290 0.6441712379455566 8700
1751229640306 0.6697854399681091 8701
1751229641371 0.6106175184249878 8702
1751229642421 0.6811301112174988 8703
1751229643330 1.1898494958877563 8704
1751229644392 1.0740193128585815 8705
1751229645443 1.1907743215560913 8706
1751229646501 0.9079988598823547 8707
1751229647613 1.574519395828247 8708
1751229648738 1.096623420715332 8709
1751229649777 0.013894876465201378 8710
1751229650833 0.8302256464958191 8711
1751229651855 0.9151638150215149 8712
1751229652917 0.7987332344055176 8713
1751229654216 1.0308729410171509 8714
1751229655114 0.7030146718025208 8715
1751229656144 0.8294536471366882 8716
1751229657185 0.5917591452598572 8717
1751229658218 0.8074573874473572 8718
1751229659275 1.0316822528839111 8719
1751229660344 0.8995200991630554 8720
1751229661432 0.6967198252677917 8721
1751229662473 0.9708834886550903 8722
1751229663538 0.5208045840263367 8723
1751229664594 0.5171613693237305 8724
1751229665733 0.8111400008201599 8725
1751229666955 0.6748971343040466 8726
1751229668307 0.8645876049995422 8727
1751229669341 0.6393159031867981 8728
1751229670365 0.9614413976669312 8729
1751229671402 0.7456600666046143 8730
1751229672443 0.822878360748291 8731
1751229673521 0.7038009762763977 8732
1751229674560 1.0217798948287964 8733
1751229675625 0.8819643259048462 8734
1751229676686 0.22321438789367676 8735
1751229677732 0.8632267713546753 8736
1751229678772 0.667411744594574 8737
1751229679809 0.7476160526275635 8738
1751229680879 0.9881153106689453 8739
1751229682376 0.5929741263389587 8740
1751229683446 0.7290135622024536 8741
1751229684479 0.8552882075309753 8742
1751229685504 0.6902713775634766 8743
1751229686413 1.53767991065979 8744
1751229687467 0.5607694983482361 8745
1751229688536 0.870270311832428 8746
1751229689545 1.2749087810516357 8747
1751229690565 0.6100493669509888 8748
1751229691574 0.5682293176651001 8749
1751229692623 1.8072223663330078 8750
1751229693637 0.5979453325271606 8751
1751229694554 0.19475136697292328 8752
1751229695599 1.4782899618148804 8753
1751229696889 0.8338306546211243 8754
1751229697950 1.1684235334396362 8755
1751229699017 0.6577542424201965 8756
1751229699929 0.5446701049804688 8757
1751229700878 0.8066811561584473 8758
1751229701917 1.294402003288269 8759
1751229702926 0.7018245458602905 8760
1751229703961 0.6567901968955994 8761
1751229705015 0.5800291299819946 8762
1751229706062 0.5339609384536743 8763
1751229707161 0.9845296144485474 8764
1751229708214 1.0688213109970093 8765
1751229709229 1.238099455833435 8766
1751229710593 1.0027916431427002 8767
1751229711489 0.5907363295555115 8768
1751229712569 0.6939648985862732 8769
1751229713603 1.1480940580368042 8770
1751229714722 0.6799805760383606 8771
1751229715623 2.1476593017578125 8772
1751229716661 1.6654036045074463 8773
1751229717590 0.9807608127593994 8774
1751229718656 1.0740712881088257 8775
1751229719683 0.6117633581161499 8776
1751229720572 1.065611720085144 8777
1751229721578 0.7837655544281006 8778
1751229722613 0.6148110628128052 8779
1751229723927 0.7339710593223572 8780
1751229724972 0.5541192889213562 8781
1751229726017 0.8845992088317871 8782
1751229727090 0.6796825528144836 8783
1751229728152 1.3217700719833374 8784
1751229729227 0.48341795802116394 8785
1751229730303 0.5983151793479919 8786
1751229731288 0.8376676440238953 8787
1751229732436 0.6167070269584656 8788
1751229733486 1.2617963552474976 8789
1751229734613 0.761094331741333 8790
1751229735503 2.306699752807617 8791
1751229736595 0.846878707408905 8792
1751229738047 0.8740159869194031 8793
1751229739115 0.7271251678466797 8794
1751229740128 0.8421775102615356 8795
1751229741160 1.1841247081756592 8796
1751229742249 0.7245861887931824 8797
1751229743334 0.5756567120552063 8798
1751229744374 1.3217486143112183 8799
1751229745431 0.8749266862869263 8800
1751229746498 0.7016240954399109 8801
1751229747453 1.7604637145996094 8802
1751229748531 0.6763321161270142 8803
1751229749576 0.8340067267417908 8804
1751229750639 0.6991385221481323 8805
1751229751983 0.8613709807395935 8806
1751229753064 0.7119542956352234 8807
1751229754239 1.1570103168487549 8808
1751229755310 1.2588964700698853 8809
1751229756319 1.051216721534729 8810
1751229757344 0.39605626463890076 8811
1751229758389 1.2893768548965454 8812
1751229759417 1.5201066732406616 8813
1751229760487 0.6863238215446472 8814
1751229761547 0.8643898367881775 8815
1751229762612 0.7964908480644226 8816
1751229763646 0.9796217083930969 8817
1751229764951 0.42177125811576843 8818
1751229766009 0.7104843854904175 8819
1751229767037 0.6903401613235474 8820
1751229768096 0.7654867172241211 8821
1751229769144 0.840711236000061 8822
1751229770263 0.9380273222923279 8823
1751229771469 1.1320720911026 8824
1751229772500 1.1655800342559814 8825
1751229773504 0.9371946454048157 8826
1751229774517 0.968784511089325 8827
1751229775546 0.7414783835411072 8828
1751229776649 1.0727059841156006 8829
1751229777718 0.9296402335166931 8830
1751229779110 0.6190451383590698 8831
1751229780198 1.2156199216842651 8832
1751229781230 0.8784542083740234 8833
1751229782297 0.6914141178131104 8834
1751229783388 1.1793670654296875 8835
1751229784476 0.44891121983528137 8836
1751229785533 0.7835139632225037 8837
1751229786432 2.3026013374328613 8838
1751229787342 0.8948103785514832 8839
1751229788342 0.9456402063369751 8840
1751229789336 1.0364731550216675 8841
1751229790362 0.7291574478149414 8842
1751229791405 0.9431903958320618 8843
1751229792782 0.7066857814788818 8844
1751229793791 0.327475368976593 8845
1751229794817 0.6992539763450623 8846
1751229795919 1.2505993843078613 8847
1751229796801 0.9811363220214844 8848
1751229797878 0.5464314818382263 8849
1751229798945 0.6221069693565369 8850
1751229800030 0.7427371740341187 8851
1751229800930 1.38027024269104 8852
1751229801998 0.9247992634773254 8853
1751229803076 1.306414008140564 8854
1751229804129 0.4192515015602112 8855
1751229805402 0.8519198298454285 8856
1751229806444 0.6680537462234497 8857
1751229807472 0.6135315299034119 8858
1751229808532 0.6953564286231995 8859
1751229809582 0.5819866061210632 8860
1751229810640 0.9181966781616211 8861
1751229811673 0.6636268496513367 8862
1751229812775 1.1229561567306519 8863
1751229813814 1.01761794090271 8864
1751229814901 0.6497306823730469 8865
1751229815952 0.6997637748718262 8866
1751229817045 0.34204572439193726 8867
1751229818096 1.35104501247406 8868
1751229819343 0.8356167078018188 8869
1751229820410 0.8749184012413025 8870
1751229821429 1.4726165533065796 8871
1751229822422 1.0290387868881226 8872
1751229823509 0.6107578277587891 8873
1751229824550 0.8816738128662109 8874
1751229825575 0.9123941659927368 8875
1751229826622 0.7754544019699097 8876
1751229827671 0.5510318875312805 8877
1751229828542 1.9602173566818237 8878
1751229829603 1.4002723693847656 8879
1751229830484 0.8135042190551758 8880
1751229831520 1.0137332677841187 8881
1751229832841 0.25103306770324707 8882
1751229833867 0.5404340028762817 8883
1751229834760 1.039031982421875 8884
1751229835827 1.0973738431930542 8885
1751229836871 1.1666125059127808 8886
1751229837938 0.5296818017959595 8887
1751229838978 0.6379134058952332 8888
1751229840082 0.6556809544563293 8889
1751229841152 1.003047227859497 8890
1751229842260 1.2359700202941895 8891
1751229843460 0.7993935346603394 8892
1751229844584 0.9271333813667297 8893
1751229845955 0.6015250086784363 8894
1751229846963 0.5532032251358032 8895
1751229847909 0.5757035613059998 8896
1751229848999 1.485966444015503 8897
1751229850032 0.8977447748184204 8898
1751229851035 0.6242902874946594 8899
1751229852102 0.5991096496582031 8900
1751229853012 1.0726693868637085 8901
1751229854069 0.6747589111328125 8902
1751229855144 0.7763497233390808 8903
1751229856252 0.8731300234794617 8904
1751229857322 0.8102867007255554 8905
1751229858247 0.9940208792686462 8906
1751229859614 1.1064398288726807 8907
1751229860737 1.590410828590393 8908
1751229861680 1.0164395570755005 8909
1751229862701 0.9503936767578125 8910
1751229863621 1.2264124155044556 8911
1751229864518 1.1850107908248901 8912
1751229865601 1.278878092765808 8913
1751229866666 0.8465504050254822 8914
1751229867712 1.9467051029205322 8915
1751229868751 0.1854446828365326 8916
1751229869789 0.9002857208251953 8917
1751229870821 0.7145306468009949 8918
1751229871883 0.5943554639816284 8919
1751229873245 0.6512250304222107 8920
1751229874332 1.0704647302627563 8921
1751229875365 1.0562025308609009 8922
1751229876403 0.7553384304046631 8923
1751229877462 0.6436454653739929 8924
1751229878531 0.9419704675674438 8925
1751229879560 1.0053194761276245 8926
1751229880613 0.9375423789024353 8927
1751229881528 2.0124661922454834 8928
1751229882583 0.7260767817497253 8929
1751229883624 0.7681971788406372 8930
1751229884555 0.8864737749099731 8931
1751229885858 0.5610508322715759 8932
1751229886933 1.04585862159729 8933
1751229887978 0.6099366545677185 8934
1751229889086 0.8678882718086243 8935
1751229890134 0.797606885433197 8936
1751229891184 0.7212297320365906 8937
1751229892258 0.6403671503067017 8938
1751229893284 0.49900946021080017 8939
1751229894366 0.5489000678062439 8940
1751229895400 0.6564218401908875 8941
1751229896408 0.9519608020782471 8942
1751229897469 0.9616492986679077 8943
1751229898512 0.8963640332221985 8944
1751229899800 0.7742476463317871 8945
1751229900817 0.9950048327445984 8946
1751229901929 0.9290356040000916 8947
1751229902964 0.6784904599189758 8948
1751229903997 0.3551098108291626 8949
1751229905040 0.9094082713127136 8950
1751229906075 0.77412348985672 8951
1751229907180 0.6889581084251404 8952
1751229908227 0.9012340903282166 8953
1751229909271 0.7243189215660095 8954
1751229910308 0.9544962048530579 8955
1751229911406 0.7181686162948608 8956
1751229912439 0.7564893960952759 8957
1751229913698 0.32179853320121765 8958
1751229914740 0.5483542084693909 8959
1751229915758 0.585752546787262 8960
1751229916827 0.7767636775970459 8961
1751229917882 1.0757001638412476 8962
1751229918788 4.09045934677124 8963
1751229919833 1.3732179403305054 8964
1751229920909 0.8353010416030884 8965
1751229921821 0.7274128794670105 8966
1751229923079 0.870932400226593 8967
1751229924147 1.0239708423614502 8968
1751229925078 0.7247226238250732 8969
1751229926169 0.9624387621879578 8970
1751229927437 1.0161237716674805 8971
1751229928489 0.724086344242096 8972
1751229929587 0.8431900143623352 8973
1751229930633 0.5604597330093384 8974
1751229931488 3.037889003753662 8975
1751229932527 0.7800634503364563 8976
1751229933563 0.7033863067626953 8977
1751229934597 0.5003265142440796 8978
1751229935666 1.487757921218872 8979
1751229936705 1.0271071195602417 8980
1751229937636 1.2348361015319824 8981
1751229938737 0.742405354976654 8982
1751229939893 0.6622921824455261 8983
1751229941123 0.8898030519485474 8984
1751229942156 0.8509582877159119 8985
1751229943207 0.8427028059959412 8986
1751229944275 0.6523792743682861 8987
1751229945311 0.592717170715332 8988
1751229946358 0.9058676958084106 8989
1751229947438 1.192885398864746 8990
1751229948478 1.698255181312561 8991
1751229949568 0.7881231307983398 8992
1751229950516 0.5664893388748169 8993
1751229951594 1.132712721824646 8994
1751229952636 1.0407322645187378 8995
1751229954015 0.6911157965660095 8996
1751229955149 0.9521955847740173 8997
1751229956302 0.8647147417068481 8998
1751229957317 0.6457191705703735 8999
1751229958367 0.6368350982666016 9000
1751230010409 0.7151361703872681 9001
1751230011512 0.676505446434021 9002
1751230012563 0.49746808409690857 9003
1751230013673 0.8010454177856445 9004
1751230014761 0.40559011697769165 9005
1751230015792 0.5459233522415161 9006
1751230016695 0.7877541780471802 9007
1751230017749 0.6372467875480652 9008
1751230019039 1.1159664392471313 9009
1751230020083 0.5026735663414001 9010
1751230021118 0.6181188821792603 9011
1751230022147 0.9818466305732727 9012
1751230023220 1.034497618675232 9013
1751230024276 0.04089347645640373 9014
1751230025343 0.9533392190933228 9015
1751230026555 0.7374635934829712 9016
1751230027728 0.8369582295417786 9017
1751230028762 1.0752639770507812 9018
1751230029842 1.1275815963745117 9019
1751230030905 1.4140875339508057 9020
1751230031981 0.708562970161438 9021
1751230033260 0.8265172839164734 9022
1751230034307 0.9757701754570007 9023
1751230035361 1.0030980110168457 9024
1751230036412 0.5009707808494568 9025
1751230037455 0.03504437580704689 9026
1751230038475 0.7281134724617004 9027
1751230039560 0.9217047095298767 9028
1751230040581 0.8400301933288574 9029
1751230041487 1.1461204290390015 9030
1751230042556 0.8542346954345703 9031
1751230043646 0.9085311889648438 9032
1751230044856 0.9594202041625977 9033
1751230046180 0.9350177645683289 9034
1751230047185 0.8130987286567688 9035
1751230048204 0.7557758688926697 9036
1751230049247 0.8177530169487 9037
1751230050328 0.9193083643913269 9038
1751230051391 0.5322679877281189 9039
1751230052317 0.8993914723396301 9040
1751230053214 1.6115175485610962 9041
1751230054254 1.3867920637130737 9042
1751230055311 1.1492308378219604 9043
1751230056426 0.7188460230827332 9044
1751230057518 0.8546118140220642 9045
1751230058620 0.6381230354309082 9046
1751230059793 1.0071991682052612 9047
1751230060882 1.1634348630905151 9048
1751230061980 0.788181722164154 9049
1751230063058 0.12710583209991455 9050
1751230064113 0.5438191294670105 9051
1751230065198 0.8715673685073853 9052
1751230066226 0.7516867518424988 9053
1751230067245 1.28372061252594 9054
1751230068277 0.5676392912864685 9055
1751230069340 0.8166682124137878 9056
1751230070369 0.8893960118293762 9057
1751230071358 0.617306649684906 9058
1751230072364 1.2660198211669922 9059
1751230073666 1.103017807006836 9060
1751230074720 0.5999242663383484 9061
1751230075795 0.698776364326477 9062
1751230076834 1.7641388177871704 9063
1751230077837 0.8973560333251953 9064
1751230078862 0.5701536536216736 9065
1751230079916 0.6955711841583252 9066
1751230080968 1.4531582593917847 9067
1751230081998 0.6874136924743652 9068
1751230083023 0.26811638474464417 9069
1751230084077 0.6908403635025024 9070
1751230085099 1.019347071647644 9071
1751230086442 1.3904392719268799 9072
1751230087525 0.8208884596824646 9073
1751230088604 1.2211850881576538 9074
1751230089631 1.2366316318511963 9075
1751230090681 0.8317421078681946 9076
1751230091744 0.6693958640098572 9077
1751230092748 1.123921275138855 9078
1751230093805 1.1310967206954956 9079
1751230094882 1.0549591779708862 9080
1751230095902 0.1513129025697708 9081
1751230096947 0.4953818917274475 9082
1751230097864 0.2293347865343094 9083
1751230098920 1.0582040548324585 9084
1751230100228 0.5865761637687683 9085
1751230101145 2.5496859550476074 9086
1751230102181 0.7294667959213257 9087
1751230103268 1.241070032119751 9088
1751230104330 1.0228351354599 9089
1751230105411 0.9382117390632629 9090
1751230106386 0.7813286781311035 9091
1751230107447 0.9615894556045532 9092
1751230108505 1.031701683998108 9093
1751230109563 0.6948904991149902 9094
1751230110635 0.6773045063018799 9095
1751230111678 1.0408473014831543 9096
1751230112781 0.7275993227958679 9097
1751230114140 1.0493696928024292 9098
1751230115179 0.9568077325820923 9099
1751230116213 0.5891573429107666 9100
1751230117257 0.7273736000061035 9101
1751230118357 1.2724707126617432 9102
1751230119388 1.042170763015747 9103
1751230120295 0.9207448363304138 9104
1751230121317 0.8096939325332642 9105
1751230122406 1.054490089416504 9106
1751230123580 0.6346237659454346 9107
1751230124670 0.8403629660606384 9108
1751230125608 2.7846035957336426 9109
1751230126870 1.099590539932251 9110
1751230127906 0.766554057598114 9111
1751230128947 0.7115093469619751 9112
1751230129968 1.0151890516281128 9113
1751230131063 0.4473143517971039 9114
1751230132118 0.6433226466178894 9115
1751230133014 1.0497643947601318 9116
1751230134019 0.8199583888053894 9117
1751230135028 0.7005249857902527 9118
1751230136051 0.8599988222122192 9119
1751230137211 0.3391065299510956 9120
1751230138278 0.7589815258979797 9121
1751230139216 1.3988243341445923 9122
1751230140491 0.8199506998062134 9123
1751230141510 0.7137519717216492 9124
1751230142551 0.6882806420326233 9125
1751230143585 0.9068624377250671 9126
1751230144649 0.9041975140571594 9127
1751230145686 1.6335395574569702 9128
1751230146691 0.7942048907279968 9129
1751230147747 0.6983391642570496 9130
1751230148827 0.8362994194030762 9131
1751230149771 0.9436241984367371 9132
1751230150827 0.35406798124313354 9133
1751230151837 0.8854799270629883 9134
1751230152876 0.23313413560390472 9135
1751230154161 0.8425256609916687 9136
1751230155238 1.0780855417251587 9137
1751230156287 0.4864879250526428 9138
1751230157318 0.8115999102592468 9139
1751230158417 0.544895589351654 9140
1751230159451 1.2777079343795776 9141
1751230160466 0.9054164886474609 9142
1751230161518 0.803167462348938 9143
1751230162577 1.4159605503082275 9144
1751230163645 0.713957667350769 9145
1751230164538 1.033676028251648 9146
1751230165613 0.7982704639434814 9147
1751230166919 0.9217977523803711 9148
1751230167821 1.1956175565719604 9149
1751230168929 0.44910088181495667 9150
1751230169991 0.6982620358467102 9151
1751230171013 0.6741765737533569 9152
1751230172121 0.7049753069877625 9153
1751230173194 0.9486989378929138 9154
1751230174283 0.7394770383834839 9155
1751230175342 0.6609123945236206 9156
1751230176421 0.5847960710525513 9157
1751230177453 1.292779564857483 9158
1751230178477 0.6136119365692139 9159
1751230179810 0.5960066914558411 9160
1751230180842 1.3949230909347534 9161
1751230181879 0.6332469582557678 9162
1751230182890 1.1805188655853271 9163
1751230183907 0.8009949922561646 9164
1751230184968 0.8623668551445007 9165
1751230185902 1.5300134420394897 9166
1751230186948 0.9825286269187927 9167
1751230187960 0.7598310708999634 9168
1751230188981 0.7902472019195557 9169
1751230189996 0.49746647477149963 9170
1751230191010 1.486977458000183 9171
1751230192108 1.9126242399215698 9172
1751230193175 2.436786413192749 9173
1751230194229 1.0272632837295532 9174
1751230195278 0.14423830807209015 9175
1751230196329 0.8622751235961914 9176
1751230197344 0.2094477266073227 9177
1751230198378 1.3472436666488647 9178
1751230199448 0.4758809506893158 9179
1751230200514 0.644042432308197 9180
1751230201595 1.0325987339019775 9181
1751230202843 0.9664890766143799 9182
1751230203774 1.15069580078125 9183
1751230205158 0.6555655598640442 9184
1751230206066 0.9721516966819763 9185
1751230207107 1.1732395887374878 9186
1751230208145 0.47532549500465393 9187
1751230209173 0.7303439974784851 9188
1751230210240 0.6011692881584167 9189
1751230211306 1.0686008930206299 9190
1751230212312 0.6498741507530212 9191
1751230213345 1.0206434726715088 9192
1751230214446 1.0867069959640503 9193
1751230215506 1.333428144454956 9194
1751230216528 0.8756742477416992 9195
1751230217914 0.9287219047546387 9196
1751230219130 0.9418248534202576 9197
1751230220208 0.9534996151924133 9198
1751230221271 1.46034574508667 9199
1751230222302 0.920563817024231 9200
1751230223322 0.8130161166191101 9201
1751230224369 1.121842861175537 9202
1751230225447 1.1207066774368286 9203
1751230226478 0.5582332611083984 9204
1751230227523 1.429922103881836 9205
1751230228547 1.6442493200302124 9206
1751230229609 0.7821822166442871 9207
1751230230846 0.7934713363647461 9208
1751230231892 0.9263827800750732 9209
1751230232935 0.8361957669258118 9210
1751230234022 1.0646638870239258 9211
1751230235104 0.7428242564201355 9212
1751230236304 0.6637201309204102 9213
1751230237356 0.7063177824020386 9214
1751230238394 0.6934278011322021 9215
1751230239413 0.6317742466926575 9216
1751230240436 0.8603952527046204 9217
1751230241464 0.9279400706291199 9218
1751230242502 1.1466854810714722 9219
1751230243575 0.922163188457489 9220
1751230244641 0.6742336750030518 9221
1751230245691 0.7768074870109558 9222
1751230246689 0.7221757173538208 9223
1751230247724 0.6904155015945435 9224
1751230248801 0.7031813859939575 9225
1751230249817 0.8279891610145569 9226
1751230250857 0.3410976231098175 9227
1751230251895 1.0505692958831787 9228
1751230252924 0.6212804913520813 9229
1751230253942 0.9436565637588501 9230
1751230254982 1.2029393911361694 9231
1751230256344 0.5366442799568176 9232
1751230257343 0.8017182350158691 9233
1751230258378 3.4509854316711426 9234
1751230259466 0.5377807021141052 9235
1751230260543 0.5949904322624207 9236
1751230261570 0.9465681314468384 9237
1751230262445 0.4818746745586395 9238
1751230263544 0.8692519068717957 9239
1751230264578 0.8278949856758118 9240
1751230265630 1.0065640211105347 9241
1751230266660 0.7900024652481079 9242
1751230267723 0.9283031821250916 9243
1751230269001 0.8527905941009521 9244
1751230270061 0.5536066889762878 9245
1751230271133 0.8948392868041992 9246
1751230272206 0.986670970916748 9247
1751230273252 0.8910538554191589 9248
1751230274281 0.7646879553794861 9249
1751230275234 1.4558912515640259 9250
1751230276278 0.9844053387641907 9251
1751230277335 2.3361282348632812 9252
1751230278371 0.6030207872390747 9253
1751230279437 0.5084991455078125 9254
1751230280437 0.7019705772399902 9255
1751230281693 0.8410996794700623 9256
1751230282770 0.9192928671836853 9257
1751230283807 0.7191490530967712 9258
1751230284889 0.7010737061500549 9259
1751230285898 0.41871652007102966 9260
1751230286962 0.8436201214790344 9261
1751230288030 0.8002403378486633 9262
1751230289068 1.19930899143219 9263
1751230290144 0.8211035132408142 9264
1751230291335 0.9690889716148376 9265
1751230292372 0.04387721046805382 9266
1751230293420 0.9681436419487 9267
1751230294720 0.5559605956077576 9268
1751230295778 1.0917184352874756 9269
1751230296830 0.394776850938797 9270
1751230297880 0.8060974478721619 9271
1751230298920 1.7419074773788452 9272
1751230299866 0.8331746459007263 9273
1751230300894 0.7642525434494019 9274
1751230301944 0.6840748190879822 9275
1751230303009 1.2417017221450806 9276
1751230304042 1.4208691120147705 9277
1751230305087 0.7657109498977661 9278
1751230306126 0.8696199655532837 9279
1751230307549 0.6295303702354431 9280
1751230308695 0.7584335803985596 9281
1751230309759 0.832472026348114 9282
1751230310829 0.6266612410545349 9283
1751230311783 1.3031253814697266 9284
1751230312867 0.946009635925293 9285
1751230313895 1.0732243061065674 9286
1751230314969 0.6827762722969055 9287
1751230315888 0.6234939098358154 9288
1751230316916 0.980319619178772 9289
1751230317967 0.9208227396011353 9290
1751230318919 0.40777409076690674 9291
1751230320244 0.7442896962165833 9292
1751230321315 0.6601874828338623 9293
1751230322365 0.68182373046875 9294
1751230323398 0.80439692735672 9295
1751230324512 0.8017568588256836 9296
1751230325681 0.5451701283454895 9297
1751230326741 0.9978456497192383 9298
1751230327777 0.7999179363250732 9299
1751230328812 0.8638752102851868 9300
1751230329888 0.9992758631706238 9301
1751230330942 1.4786968231201172 9302
1751230331998 0.30160465836524963 9303
1751230333294 0.5166372656822205 9304
1751230334304 1.4063276052474976 9305
1751230335338 0.5785000920295715 9306
1751230336392 0.9226256012916565 9307
1751230337422 0.7809135317802429 9308
1751230338480 0.6304112672805786 9309
1751230339526 0.6179337501525879 9310
1751230340550 0.7012854814529419 9311
1751230341570 1.0416285991668701 9312
1751230342615 0.7903007864952087 9313
1751230343670 1.1874974966049194 9314
1751230344711 0.7165147662162781 9315
1751230345938 0.8331255316734314 9316
1751230347003 0.8114358186721802 9317
1751230347959 1.0980709791183472 9318
1751230349016 1.0751659870147705 9319
1751230350091 0.48473453521728516 9320
1751230351146 0.6215619444847107 9321
1751230352191 0.83465975522995 9322
1751230353260 0.7471113204956055 9323
1751230354175 1.1061369180679321 9324
1751230355070 0.7576597929000854 9325
1751230356145 1.4107544422149658 9326
1751230357017 1.3456133604049683 9327
1751230358314 0.78985196352005 9328
1751230359370 0.8986759185791016 9329
1751230360397 0.8300004005432129 9330
1751230361459 0.9484840631484985 9331
1751230362543 0.5279827117919922 9332
1751230363569 0.7171820402145386 9333
1751230364462 1.0912601947784424 9334
1751230365481 0.5559693574905396 9335
1751230366501 0.6859704256057739 9336
1751230367528 0.6497431993484497 9337
1751230368438 1.234932780265808 9338
1751230369457 0.5312471389770508 9339
1751230370724 0.9964699149131775 9340
1751230371797 0.5825720429420471 9341
1751230372821 1.053626537322998 9342
1751230373895 1.1827963590621948 9343
1751230374965 0.845594584941864 9344
1751230376029 0.625541627407074 9345
1751230377118 0.7161466479301453 9346
1751230378182 0.7508233785629272 9347
1751230379052 0.9210309982299805 9348
1751230379978 0.7603273391723633 9349
1751230381018 0.7854356169700623 9350
1751230382050 1.2634907960891724 9351
1751230383322 0.9151960611343384 9352
1751230384336 1.101601481437683 9353
1751230385405 0.8131529092788696 9354
1751230386428 0.829890251159668 9355
1751230387654 1.3652223348617554 9356
1751230388806 1.0260809659957886 9357
1751230389847 0.030788812786340714 9358
1751230390874 0.6915850639343262 9359
1751230391934 0.6134955286979675 9360
1751230392949 0.6627481579780579 9361
1751230394001 0.6648285984992981 9362
1751230395082 1.0355863571166992 9363
1751230396303 0.6872209310531616 9364
1751230397342 0.533983051776886 9365
1751230398428 0.5725216269493103 9366
1751230399504 1.2132831811904907 9367
1751230400561 0.703168511390686 9368
1751230401589 0.6761462688446045 9369
1751230402653 0.7740363478660583 9370
1751230403788 0.539178192615509 9371
1751230404974 0.1524229198694229 9372
1751230405987 0.44023656845092773 9373
1751230407056 0.8875057101249695 9374
1751230408074 0.6193704009056091 9375
1751230409368 1.07085120677948 9376
1751230410434 0.7998086214065552 9377
1751230411494 1.1315674781799316 9378
1751230412510 0.7644256949424744 9379
1751230413592 1.1508064270019531 9380
1751230414644 0.42986422777175903 9381
1751230415696 0.21386051177978516 9382
1751230416773 0.8514074683189392 9383
1751230417853 0.7279576659202576 9384
1751230418883 0.8716983795166016 9385
1751230419914 0.43732595443725586 9386
1751230421131 0.5466381907463074 9387
1751230422441 0.8737319111824036 9388
1751230423503 0.38038045167922974 9389
1751230424553 1.0013564825057983 9390
1751230425474 1.4144530296325684 9391
1751230426559 0.6170432567596436 9392
1751230427481 1.0820401906967163 9393
1751230428526 0.27131757140159607 9394
1751230429556 0.6428502202033997 9395
1751230430590 0.5969826579093933 9396
1751230431645 0.5768120884895325 9397
1751230432765 0.5832597613334656 9398
1751230433850 0.7684914469718933 9399
1751230435173 0.679345428943634 9400
1751230436094 1.0859787464141846 9401
1751230437122 1.0033005475997925 9402
1751230438265 1.1335690021514893 9403
1751230439275 0.6918556094169617 9404
1751230440303 0.42325544357299805 9405
1751230441156 1.0451338291168213 9406
1751230442190 0.6088261604309082 9407
1751230443231 0.6160610318183899 9408
1751230444268 0.6298105120658875 9409
1751230445343 1.3105205297470093 9410
1751230446371 0.6296125650405884 9411
1751230447594 0.8825711607933044 9412
1751230448667 0.5570420622825623 9413
1751230449712 0.9026640057563782 9414
1751230450767 0.5624639391899109 9415
1751230451821 0.5958768725395203 9416
1751230452852 1.1372740268707275 9417
1751230453972 1.1851806640625 9418
1751230455049 0.8603814244270325 9419
1751230456091 0.8643965125083923 9420
1751230457139 0.7406877875328064 9421
1751230458185 1.080365777015686 9422
1751230459216 0.7607421278953552 9423
1751230460485 0.6368657350540161 9424
1751230461498 0.7811548709869385 9425
1751230462386 1.7163937091827393 9426
1751230463411 0.9812769889831543 9427
1751230464451 0.7790612578392029 9428
1751230465498 0.8141178488731384 9429
1751230466556 0.9465989470481873 9430
1751230467645 0.6193238496780396 9431
1751230468724 0.5981273055076599 9432
1751230469765 0.7567561268806458 9433
1751230470830 0.976442813873291 9434
1751230471879 0.7391599416732788 9435
1751230473162 0.3301057815551758 9436
1751230474244 1.0903581380844116 9437
1751230475321 0.9341717958450317 9438
1751230476524 0.8746917843818665 9439
1751230477583 0.9442846179008484 9440
1751230478702 1.2047332525253296 9441
1751230479784 0.5977727174758911 9442
1751230480810 0.699126660823822 9443
1751230481851 0.6505590677261353 9444
1751230482906 0.8692271113395691 9445
1751230483958 0.3976353406906128 9446
1751230485002 1.4366521835327148 9447
1751230486260 0.7779884934425354 9448
1751230487296 0.7366766333580017 9449
1751230488364 0.5336033701896667 9450
1751230489436 0.8364001512527466 9451
1751230490355 0.9590425491333008 9452
1751230491452 0.7964089512825012 9453
1751230492419 1.0486944913864136 9454
1751230493463 0.9241238832473755 9455
1751230494514 0.6615796089172363 9456
1751230495550 0.8361015319824219 9457
1751230496558 0.7041577696800232 9458
1751230497642 0.7040440440177917 9459
1751230498887 0.8556541800498962 9460
1751230499944 0.6277651786804199 9461
1751230500985 1.4956951141357422 9462
1751230502065 0.7587971091270447 9463
1751230503112 0.5506904721260071 9464
1751230504199 0.921524167060852 9465
1751230505223 0.40000298619270325 9466
1751230506283 0.7890152335166931 9467
1751230507375 1.2891380786895752 9468
1751230508556 1.2236727476119995 9469
1751230509709 0.8326228260993958 9470
1751230510777 0.9082146883010864 9471
1751230511879 0.8781442642211914 9472
1751230512782 1.036742091178894 9473
1751230513652 0.9640401005744934 9474
1751230514672 1.018794298171997 9475
1751230515698 1.938132882118225 9476
1751230516751 0.6025140285491943 9477
1751230517827 1.155730962753296 9478
1751230518850 0.8838491439819336 9479
1751230519918 0.9875369071960449 9480
1751230520990 0.3294244706630707 9481
1751230522047 0.6862525939941406 9482
1751230523116 0.6907705664634705 9483
1751230524390 0.7319852709770203 9484
1751230525411 0.7278457880020142 9485
1751230526440 0.7718979716300964 9486
1751230527486 0.6527167558670044 9487
1751230528530 1.1210867166519165 9488
1751230529567 0.8734308481216431 9489
1751230530637 1.4638155698776245 9490
1751230531559 0.8114191293716431 9491
1751230532598 0.6785601377487183 9492
1751230533645 0.4834619462490082 9493
1751230534702 0.5267482995986938 9494
1751230535774 0.7805353403091431 9495
1751230537106 0.7592536807060242 9496
1751230538170 0.3710983693599701 9497
1751230539245 0.5397576689720154 9498
1751230540319 0.6939938068389893 9499
1751230541369 0.6793739199638367 9500
1751230542440 0.7164692282676697 9501
1751230543457 0.9171152710914612 9502
1751230544519 0.5707855224609375 9503
1751230545568 0.9114145636558533 9504
1751230546625 1.0365736484527588 9505
1751230547672 1.0105392932891846 9506
1751230549110 0.07968735694885254 9507
1751230550143 1.1643518209457397 9508
1751230551186 0.5428028106689453 9509
1751230552286 1.2745707035064697 9510
1751230553336 0.7814057469367981 9511
1751230554370 0.9181445240974426 9512
1751230555405 0.08995772898197174 9513
1751230556455 0.8854464888572693 9514
1751230557474 0.9225265979766846 9515
1751230558372 0.6907314658164978 9516
1751230559413 1.1974695920944214 9517
1751230560458 0.7839218378067017 9518
1751230561486 0.8130555748939514 9519
1751230562826 1.1426647901535034 9520
1751230563887 0.5677900314331055 9521
1751230564786 1.1646217107772827 9522
1751230565837 0.6228907704353333 9523
1751230566738 1.3685153722763062 9524
1751230567626 1.0267832279205322 9525
1751230568667 0.7010894417762756 9526
1751230569741 1.01239013671875 9527
1751230570756 0.7432230114936829 9528
1751230571821 0.5831596255302429 9529
1751230573012 0.9115741848945618 9530
1751230574338 1.0018633604049683 9531
1751230575383 0.8193923234939575 9532
1751230576415 1.2145910263061523 9533
1751230577463 0.4818041920661926 9534
1751230578525 0.8662492632865906 9535
1751230579572 0.9704353213310242 9536
1751230580584 1.0360808372497559 9537
1751230581637 0.7219831347465515 9538
1751230582683 0.7522615790367126 9539
1751230583739 1.2940208911895752 9540
1751230584835 0.6080434918403625 9541
1751230586162 1.098859429359436 9542
1751230587240 0.6665183305740356 9543
1751230588282 0.36611878871917725 9544
1751230589455 0.7425968647003174 9545
1751230590590 1.428654432296753 9546
1751230591615 1.5080749988555908 9547
1751230592672 1.1003646850585938 9548
1751230593744 0.9266075491905212 9549
1751230594793 1.6880043745040894 9550
1751230595905 0.8978781700134277 9551
1751230596926 0.49160823225975037 9552
1751230597973 1.1143022775650024 9553
1751230598996 1.5250048637390137 9554
1751230600277 0.45577964186668396 9555
1751230601362 1.0389084815979004 9556
1751230602407 1.3402822017669678 9557
1751230603339 1.7283048629760742 9558
1751230604417 0.5472074747085571 9559
1751230605554 0.41184350848197937 9560
1751230606742 0.7198194861412048 9561
1751230607845 1.0996475219726562 9562
1751230608735 0.9984022378921509 9563
1751230609773 1.1886720657348633 9564
1751230611047 0.7310189604759216 9565
1751230612084 1.0104655027389526 9566
1751230613169 0.9345348477363586 9567
1751230614107 1.6178489923477173 9568
1751230615160 0.6122007966041565 9569
1751230616041 1.1581920385360718 9570
1751230617060 0.7482088208198547 9571
1751230618136 1.1090067625045776 9572
1751230619163 0.673499584197998 9573
1751230620204 1.4008268117904663 9574
1751230621257 0.547223687171936 9575
1751230622621 0.8617710471153259 9576
1751230623687 0.8773765563964844 9577
1751230624747 0.6241453289985657 9578
1751230625796 0.6523420214653015 9579
1751230626856 1.7276657819747925 9580
1751230627918 0.7020934224128723 9581
1751230628994 0.33977165818214417 9582
1751230630044 0.6328533291816711 9583
1751230631000 0.9920356869697571 9584
1751230631958 1.95163094997406 9585
1751230632995 0.7404148578643799 9586
1751230633903 0.8787993788719177 9587
1751230635285 0.9322190880775452 9588
1751230636338 0.8085684776306152 9589
1751230637376 0.6805009245872498 9590
1751230638443 0.8019790053367615 9591
1751230639478 0.3795471787452698 9592
1751230640500 0.5127722024917603 9593
1751230641539 0.17483513057231903 9594
1751230642582 1.005964994430542 9595
1751230643632 0.6321618556976318 9596
1751230644663 0.9567111134529114 9597
1751230645673 0.6767331957817078 9598
1751230646702 0.8285107612609863 9599
1751230648040 0.9096854329109192 9600
1751230649098 1.4587877988815308 9601
1751230650167 1.0907090902328491 9602
1751230651058 0.8282510638237 9603
1751230652103 1.003255844116211 9604
1751230653155 1.0382542610168457 9605
1751230654213 0.8408838510513306 9606
1751230655235 0.5274245142936707 9607
1751230656284 0.6414297819137573 9608
1751230657325 0.8614087104797363 9609
1751230658350 0.11352445930242538 9610
1751230659524 1.7112358808517456 9611
1751230660539 0.9552764296531677 9612
1751230661574 0.47899994254112244 9613
1751230662645 1.7345129251480103 9614
1751230663597 1.1414545774459839 9615
1751230664625 0.7489170432090759 9616
1751230665659 0.7346047163009644 9617
1751230666728 0.7823208570480347 9618
1751230667759 0.5309687852859497 9619
1751230668851 1.2327039241790771 9620
1751230669982 0.6626424789428711 9621
1751230671283 1.1105860471725464 9622
1751230672370 1.1099499464035034 9623
1751230673412 1.2936875820159912 9624
1751230674452 0.8685319423675537 9625
1751230675494 0.7910600304603577 9626
1751230676521 0.6031753420829773 9627
1751230677537 0.6410652995109558 9628
1751230678648 0.7818093299865723 9629
1751230679729 0.9727227687835693 9630
1751230680814 1.2798923254013062 9631
1751230681860 0.9636601805686951 9632
1751230682884 0.5992109179496765 9633
1751230684240 1.0257840156555176 9634
1751230685371 0.7668715715408325 9635
1751230686414 1.2105547189712524 9636
1751230687458 0.40874627232551575 9637
1751230688501 0.7791878581047058 9638
1751230689587 0.7595891952514648 9639
1751230690628 1.4834198951721191 9640
1751230691677 1.1408748626708984 9641
1751230692725 1.08426833152771 9642
1751230693776 0.694036602973938 9643
1751230694832 0.8947405815124512 9644
1751230695760 0.7132206559181213 9645
1751230697039 0.5415675044059753 9646
1751230698108 0.6457503437995911 9647
1751230699160 0.6765173673629761 9648
1751230700201 0.5661534667015076 9649
1751230701257 0.5528959035873413 9650
1751230702367 0.7450339198112488 9651
1751230703566 0.8802133798599243 9652
1751230704618 0.7292398810386658 9653
1751230705658 0.6565457582473755 9654
1751230706676 0.773105800151825 9655
1751230707597 1.3772375583648682 9656
1751230708894 0.6198769807815552 9657
1751230709938 1.022077202796936 9658
1751230710949 0.5186517834663391 9659
1751230711974 0.7355527281761169 9660
1751230712995 0.605333685874939 9661
1751230714020 1.1429979801177979 9662
1751230715062 0.9468089938163757 9663
1751230716144 0.7636590003967285 9664
1751230717201 0.6737237572669983 9665
1751230718242 0.7489100098609924 9666
1751230719312 0.5521393418312073 9667
1751230720581 0.8551260232925415 9668
1751230721641 0.6842624545097351 9669
1751230722687 1.101195216178894 9670
1751230723715 0.8122979998588562 9671
1751230724752 0.5983431935310364 9672
1751230725784 0.7400206923484802 9673
1751230726799 0.8339622616767883 9674
1751230727841 1.6115509271621704 9675
1751230728870 0.7210536003112793 9676
1751230729869 0.6903466582298279 9677
1751230730888 0.9109194874763489 9678
1751230731936 0.6349501013755798 9679
1751230733245 0.6600258946418762 9680
1751230734282 0.5926809310913086 9681
1751230735298 2.049964666366577 9682
1751230736380 1.1138066053390503 9683
1751230737303 1.0371164083480835 9684
1751230738354 0.9861926436424255 9685
1751230739380 0.5521578192710876 9686
1751230740499 1.0313657522201538 9687
1751230741613 0.7190698981285095 9688
1751230742653 0.747018039226532 9689
1751230743705 0.7438303828239441 9690
1751230745039 0.4046172499656677 9691
1751230746084 0.7788452506065369 9692
1751230747127 0.9127658009529114 9693
1751230748210 1.957269310951233 9694
1751230749241 0.9005993008613586 9695
1751230750302 1.059631109237671 9696
1751230751334 0.9315387010574341 9697
1751230752397 1.2280198335647583 9698
1751230753443 0.5812759399414062 9699
1751230754467 0.6912816166877747 9700
1751230755547 1.3317179679870605 9701
1751230756570 0.6465956568717957 9702
1751230757864 0.8894410133361816 9703
1751230758809 1.2033213376998901 9704
1751230759736 0.45418471097946167 9705
1751230760741 0.8349294662475586 9706
1751230761791 0.965907871723175 9707
1751230762690 0.7173792123794556 9708
1751230763742 0.8613225817680359 9709
1751230764776 0.6230558156967163 9710
1751230765991 0.5512852668762207 9711
1751230766910 0.7294968962669373 9712
1751230767956 0.38586434721946716 9713
1751230769021 0.6757455468177795 9714
1751230770337 0.6809648871421814 9715
1751230771406 0.9990072250366211 9716
1751230772462 0.9105642437934875 9717
1751230773528 0.6738566756248474 9718
1751230774569 0.7794844508171082 9719
1751230775456 0.9151840209960938 9720
1751230776483 1.5793737173080444 9721
1751230777566 0.7164387106895447 9722
1751230778633 0.42573949694633484 9723
1751230779701 0.6786820292472839 9724
1751230780610 1.2582018375396729 9725
1751230782097 0.9826942682266235 9726
1751230783270 0.7721311450004578 9727
1751230784299 0.7744678854942322 9728
1751230785340 0.4699099659919739 9729
1751230786406 1.3019459247589111 9730
1751230787544 0.9996547698974609 9731
1751230788629 0.6938918232917786 9732
1751230789516 0.709756076335907 9733
1751230790582 0.7174281477928162 9734
1751230791599 2.041877508163452 9735
1751230792674 0.8999062776565552 9736
1751230793974 0.3040519654750824 9737
1751230795001 0.5231577754020691 9738
1751230796079 0.92232745885849 9739
1751230797148 0.4770004451274872 9740
1751230798229 1.0641220808029175 9741
1751230799431 0.9202229380607605 9742
1751230800578 1.2571378946304321 9743
1751230801620 1.0767996311187744 9744
1751230802677 0.593869149684906 9745
1751230803581 1.9547220468521118 9746
1751230804649 1.2239408493041992 9747
1751230805737 0.8336127400398254 9748
1751230806789 0.8906003832817078 9749
1751230808097 0.963827908039093 9750
1751230809180 0.708606481552124 9751
1751230810245 0.9410166144371033 9752
1751230811286 0.8821002840995789 9753
1751230812332 0.9121808409690857 9754
1751230813373 1.135834813117981 9755
1751230814461 0.9049529433250427 9756
1751230815511 1.2255022525787354 9757
1751230816539 0.8368043899536133 9758
1751230817593 0.9610797762870789 9759
1751230818633 1.3312783241271973 9760
1751230819918 0.6188228130340576 9761
1751230820848 0.13835260272026062 9762
1751230821923 0.5933003425598145 9763
1751230822967 1.1874397993087769 9764
1751230823955 0.7250414490699768 9765
1751230825063 0.9042299389839172 9766
1751230826121 0.6997656226158142 9767
1751230827154 0.5117895007133484 9768
1751230828184 1.050706386566162 9769
1751230829220 0.9434060454368591 9770
1751230830267 0.2694728374481201 9771
1751230831528 1.2072069644927979 9772
1751230832596 0.541970431804657 9773
1751230833670 1.2173820734024048 9774
1751230834684 1.1332428455352783 9775
1751230835747 0.6061272025108337 9776
1751230836806 0.6528478264808655 9777
1751230837772 0.6168956160545349 9778
1751230838893 0.5962148308753967 9779
1751230839944 1.004585862159729 9780
1751230840958 0.03311828896403313 9781
1751230841860 0.8505134582519531 9782
1751230842998 2.5548439025878906 9783
1751230844045 0.703033447265625 9784
1751230845144 1.3466930389404297 9785
1751230846180 1.2998474836349487 9786
1751230847087 1.2104873657226562 9787
1751230848203 0.6986277103424072 9788
1751230849218 1.3247672319412231 9789
1751230850271 0.9395208358764648 9790
1751230851193 0.8304862976074219 9791
1751230852215 0.6991766691207886 9792
1751230853266 0.6232361793518066 9793
1751230854289 0.909392774105072 9794
1751230855526 1.5719269514083862 9795
1751230856580 0.7712134122848511 9796
1751230857627 0.6846622824668884 9797
1751230858677 0.933127224445343 9798
1751230859743 0.8877378702163696 9799
1751230860777 0.741506814956665 9800
1751230861826 0.7908355593681335 9801
1751230863036 0.4818289875984192 9802
1751230864065 1.1723098754882812 9803
1751230865066 0.8415660858154297 9804
1751230866081 0.8699923753738403 9805
1751230867049 0.9988124966621399 9806
1751230868346 0.9567070603370667 9807
1751230869372 0.9015100598335266 9808
1751230870380 0.7113312482833862 9809
1751230871278 1.125322937965393 9810
1751230872321 0.941925048828125 9811
1751230873348 0.9738484621047974 9812
1751230874300 0.770556628704071 9813
1751230875394 0.6284980773925781 9814
1751230876467 0.8247478604316711 9815
1751230877513 0.871712863445282 9816
1751230878549 0.6879998445510864 9817
1751230879515 0.8225257992744446 9818
1751230880900 0.868900716304779 9819
1751230881925 0.530810534954071 9820
1751230882949 2.4029862880706787 9821
1751230883991 0.5839456915855408 9822
1751230885047 0.3039182722568512 9823
1751230886063 1.0071792602539062 9824
1751230887100 0.663114607334137 9825
1751230888170 0.8568857312202454 9826
1751230889246 0.7426854372024536 9827
1751230890272 0.22500541806221008 9828
1751230891327 1.1884766817092896 9829
1751230892334 0.8406938910484314 9830
1751230893700 0.06195949390530586 9831
1751230894775 0.8403924107551575 9832
1751230895855 0.34317973256111145 9833
1751230897026 0.6646046042442322 9834
1751230898094 0.6171309351921082 9835
1751230899154 0.8384451866149902 9836
1751230900207 0.749362587928772 9837
1751230901246 0.9024814963340759 9838
1751230902282 0.7634576559066772 9839
1751230903323 0.7472582459449768 9840
1751230904326 0.5336460471153259 9841
1751230905593 0.7542665600776672 9842
1751230906605 1.1202846765518188 9843
1751230907670 0.6827061772346497 9844
1751230908718 0.9690194725990295 9845
1751230909816 0.6559428572654724 9846
1751230910882 1.2404099702835083 9847
1751230911768 2.3089218139648438 9848
1751230912812 0.6526551246643066 9849
1751230913892 0.6808759570121765 9850
1751230914817 0.4678785800933838 9851
1751230915880 0.6103798747062683 9852
1751230917128 0.5416479110717773 9853
1751230918192 0.7301228046417236 9854
1751230919284 0.5293328166007996 9855
1751230920179 1.7852884531021118 9856
1751230921207 1.1543415784835815 9857
1751230922250 0.7321068048477173 9858
1751230923292 0.7390830516815186 9859
1751230924311 0.8686473965644836 9860
1751230925351 0.7419738173484802 9861
1751230926393 0.4971581995487213 9862
1751230927427 0.9195912480354309 9863
1751230928786 1.5688211917877197 9864
1751230929838 0.8466194272041321 9865
1751230930908 1.2538169622421265 9866
1751230931971 0.7880706787109375 9867
1751230933019 0.6802574396133423 9868
1751230933925 0.6484137773513794 9869
1751230934942 1.5756901502609253 9870
1751230935988 0.6951607465744019 9871
1751230937041 0.8851709365844727 9872
1751230938064 0.6922494769096375 9873
1751230939115 1.2465932369232178 9874
1751230940375 0.6807013750076294 9875
1751230941395 0.20470315217971802 9876
1751230942484 0.5718040466308594 9877
1751230943505 0.24724255502223969 9878
1751230944555 0.8269318342208862 9879
1751230945634 0.8282670974731445 9880
1751230946657 0.7762770652770996 9881
1751230947719 0.5126354098320007 9882
1751230948747 0.6420755386352539 9883
1751230949828 1.2560570240020752 9884
1751230950934 0.7928813099861145 9885
1751230952247 1.0670585632324219 9886
1751230953297 0.9392213821411133 9887
1751230954317 0.49832630157470703 9888
1751230955446 0.7081127762794495 9889
1751230956504 0.8226785659790039 9890
1751230957521 0.9751650094985962 9891
1751230958664 0.6853398084640503 9892
1751230959770 0.9455849528312683 9893
1751230960837 0.8367872834205627 9894
1751230961740 1.1123636960983276 9895
1751230962789 0.9336199760437012 9896
1751230963829 1.20219886302948 9897
1751230964963 1.0629485845565796 9898
1751230966006 0.4679878354072571 9899
1751230967009 0.9232723712921143 9900
1751230968023 1.0865377187728882 9901
1751230969061 0.6932368278503418 9902
1751230970107 0.8771619200706482 9903
1751230971223 0.7105081081390381 9904
1751230972292 0.8558613061904907 9905
1751230973337 0.8036857843399048 9906
1751230974415 1.0324394702911377 9907
1751230975436 1.2639414072036743 9908
1751230976887 0.6804923415184021 9909
1751230977954 0.8350211977958679 9910
1751230978991 0.7677991986274719 9911
1751230979901 1.9062845706939697 9912
1751230980965 0.595589280128479 9913
1751230982012 0.7595105767250061 9914
1751230983062 0.8888378143310547 9915
1751230984015 0.9649707674980164 9916
1751230985064 0.9057133793830872 9917
1751230986088 0.2552852928638458 9918
1751230987155 1.2475531101226807 9919
1751230988461 1.0606272220611572 9920
1751230989472 0.7695993781089783 9921
1751230990531 0.9382618069648743 9922
1751230991653 0.8320907950401306 9923
1751230992728 0.5280300378799438 9924
1751230993931 0.6060035824775696 9925
1751230995005 0.6230337023735046 9926
1751230996055 0.85731440782547 9927
1751230997109 0.5274156928062439 9928
1751230998208 0.8925014734268188 9929
1751230999244 0.5055306553840637 9930
1751231000588 0.6606312990188599 9931
1751231001658 0.7170270681381226 9932
1751231002723 0.6791867613792419 9933
1751231003760 1.0012905597686768 9934
1751231004827 1.1763161420822144 9935
1751231005871 0.9977753758430481 9936
1751231006911 0.7162312865257263 9937
1751231007935 0.7985556721687317 9938
1751231008982 0.7278984189033508 9939
1751231010052 0.9171904921531677 9940
1751231011068 0.7380404472351074 9941
1751231012370 0.6737209558486938 9942
1751231013397 0.8537208437919617 9943
1751231014314 0.680524468421936 9944
1751231015372 1.220624327659607 9945
1751231016393 0.1915668249130249 9946
1751231017488 0.4478223919868469 9947
1751231018540 0.5009008049964905 9948
1751231019594 0.8059775233268738 9949
1751231020657 0.8026247024536133 9950
1751231021708 1.357492446899414 9951
1751231022749 0.6316910982131958 9952
1751231023779 0.5089747905731201 9953
1751231025154 0.5813633799552917 9954
1751231026219 0.5698930025100708 9955
1751231027278 0.8850055932998657 9956
1751231028206 1.0341289043426514 9957
1751231029295 0.7968034148216248 9958
1751231030329 0.8815995454788208 9959
1751231031221 1.3298513889312744 9960
1751231032115 1.3998429775238037 9961
1751231033200 1.0679407119750977 9962
1751231034225 0.6002193093299866 9963
1751231035266 0.6042239665985107 9964
1751231036545 2.6404616832733154 9965
1751231037620 0.5682781338691711 9966
1751231038664 1.2960516214370728 9967
1751231039782 0.9636823534965515 9968
1751231040801 0.5703168511390686 9969
1751231041858 0.6003237366676331 9970
1751231042874 0.09263574331998825 9971
1751231043936 0.5259672999382019 9972
1751231044874 0.47744500637054443 9973
1751231045950 1.145134687423706 9974
1751231046989 1.2721360921859741 9975
1751231048171 0.6832800507545471 9976
1751231049205 0.5907738208770752 9977
1751231050237 0.1342604160308838 9978
1751231051260 0.21204718947410583 9979
1751231052308 0.1781979501247406 9980
1751231053379 1.0741523504257202 9981
1751231054289 0.8124122023582458 9982
1751231055309 0.7471657395362854 9983
1751231056381 0.6236984133720398 9984
1751231057524 0.4177524149417877 9985
1751231058563 0.8175341486930847 9986
1751231059979 0.628546416759491 9987
1751231060917 0.769618570804596 9988
1751231061959 0.7206142544746399 9989
1751231063008 0.7250529527664185 9990
1751231064058 0.4496746063232422 9991
1751231065092 1.2121890783309937 9992
1751231066130 0.820854127407074 9993
1751231067165 0.6550052165985107 9994
1751231068243 0.8231341242790222 9995
1751231069335 0.7996594309806824 9996
1751231070432 0.8169107437133789 9997
1751231071828 0.6836715936660767 9998
1751231072875 0.5687349438667297 9999
1751231073788 0.8814371228218079 10000
1751231074991 0.7831723690032959 10001
1751231076122 0.9045228958129883 10002
1751231077203 0.5910945534706116 10003
1751231078300 0.6254749894142151 10004
1751231079237 0.9329730868339539 10005
1751231080306 0.765788197517395 10006
1751231081368 0.8099424242973328 10007
1751231082467 0.7905001044273376 10008
1751231083791 1.0420606136322021 10009
1751231084767 1.1065850257873535 10010
1751231085823 1.1625465154647827 10011
1751231086854 0.738207995891571 10012
1751231087923 0.8334325551986694 10013
1751231088823 1.0675158500671387 10014
1751231089773 1.544918417930603 10015
1751231090820 0.8546121716499329 10016
1751231092022 0.5533475875854492 10017
1751231093091 1.9023255109786987 10018
1751231094132 0.6278692483901978 10019
1751231095538 0.8141099810600281 10020
1751231096565 0.8240006566047668 10021
1751231097499 0.7508586049079895 10022
1751231098364 0.4023701846599579 10023
1751231099446 0.928525984287262 10024
1751231100464 0.6956844329833984 10025
1751231101500 0.7406992316246033 10026
1751231102537 0.8506069183349609 10027
1751231103587 0.8857168555259705 10028
1751231104677 0.7652292847633362 10029
1751231105700 0.6226224303245544 10030
1751231106830 1.158494472503662 10031
1751231107879 0.8781397938728333 10032
1751231108913 0.7391695380210876 10033
1751231109935 0.6751994490623474 10034
1751231111008 0.6633543968200684 10035
1751231112094 0.7669199109077454 10036
1751231113166 0.7685376405715942 10037
1751231114185 0.7022232413291931 10038
1751231115266 0.5049485564231873 10039
1751231116289 1.4637633562088013 10040
1751231117306 0.5764217376708984 10041
1751231118629 0.934478759765625 10042
1751231119547 0.3883574903011322 10043
1751231120621 1.0306103229522705 10044
1751231121649 0.9805354475975037 10045
1751231122703 0.8698708415031433 10046
1751231123749 1.0255472660064697 10047
1751231124823 0.633446216583252 10048
1751231125877 0.7538528442382812 10049
1751231126956 1.0230066776275635 10050
1751231127992 0.5276541113853455 10051
1751231128960 0.770368218421936 10052
1751231130294 0.7778818011283875 10053
1751231131330 0.7284414172172546 10054
1751231132287 0.37822312116622925 10055
1751231133320 1.4052417278289795 10056
1751231134392 0.8245431184768677 10057
1751231135328 1.356742262840271 10058
1751231136372 0.6702031493186951 10059
1751231137387 0.9487571716308594 10060
1751231138418 0.9146618247032166 10061
1751231139460 1.5184179544448853 10062
1751231140533 1.2185765504837036 10063
1751231141783 0.7555920481681824 10064
1751231142834 0.9180306792259216 10065
1751231143740 0.9056718945503235 10066
1751231144808 0.6517340540885925 10067
1751231145889 1.2165544033050537 10068
1751231147104 1.2988133430480957 10069
1751231148185 0.5033705830574036 10070
1751231149227 1.4113527536392212 10071
1751231150244 0.7375355958938599 10072
1751231151308 0.603848934173584 10073
1751231152352 0.6675991415977478 10074
1751231153405 0.7403918504714966 10075
1751231154705 0.8482949137687683 10076
1751231155745 0.8864114880561829 10077
1751231156776 0.845766544342041 10078
1751231157821 0.8621511459350586 10079
1751231158907 0.3534044921398163 10080
1751231159988 0.795383095741272 10081
1751231161037 0.8570665717124939 10082
1751231161986 0.8284893035888672 10083
1751231163156 0.5353719592094421 10084
1751231164360 0.8172058463096619 10085
1751231165734 0.525160014629364 10086
1751231166756 0.5210729837417603 10087
1751231167798 0.7103074789047241 10088
1751231168847 1.2308323383331299 10089
1751231169908 0.9243149161338806 10090
1751231171007 0.8617640137672424 10091
1751231172116 1.2244075536727905 10092
1751231173222 0.8183726668357849 10093
1751231174277 1.2308393716812134 10094
1751231175338 0.8916024565696716 10095
1751231176436 0.8019883036613464 10096
1751231177769 0.9702073931694031 10097
1751231178863 0.6142666339874268 10098
1751231180045 0.7184638381004333 10099
1751231181141 0.7481222748756409 10100
1751231182201 0.5861275792121887 10101
1751231183217 0.5632587671279907 10102
1751231184152 1.4173177480697632 10103
1751231185202 0.5435536503791809 10104
1751231186267 0.5342215895652771 10105
1751231187344 0.5836029052734375 10106
1751231188233 0.904248058795929 10107
1751231189524 0.6237914562225342 10108
1751231190576 0.7643291354179382 10109
1751231191599 0.5106980800628662 10110
1751231192686 0.9105690121650696 10111
1751231193774 0.7808371782302856 10112
1751231194735 1.8057044744491577 10113
1751231195793 0.5594597458839417 10114
1751231196842 0.6219650506973267 10115
1751231197888 0.6666268706321716 10116
1751231198820 0.714289128780365 10117
1751231199881 1.1143527030944824 10118
1751231200905 1.0357331037521362 10119
1751231202168 3.2597358226776123 10120
1751231203107 1.0674837827682495 10121
1751231204168 0.5367407202720642 10122
1751231205254 0.9543130993843079 10123
1751231206274 1.0064114332199097 10124
1751231207301 0.5557287335395813 10125
1751231208384 0.16965773701667786 10126
1751231209442 0.6735197901725769 10127
1751231210488 0.6605822443962097 10128
1751231211514 0.7742501497268677 10129
1751231212543 0.8420867919921875 10130
1751231213797 0.8888088464736938 10131
1751231214858 0.6401738524436951 10132
1751231215877 0.6327458620071411 10133
1751231216916 0.3310675024986267 10134
1751231217833 0.9549600481987 10135
1751231218842 0.5180045962333679 10136
1751231219867 0.6757161021232605 10137
1751231220883 1.1730871200561523 10138
1751231221924 0.3857114017009735 10139
1751231222956 1.1151787042617798 10140
1751231224050 0.4189869463443756 10141
1751231225350 0.5574968457221985 10142
1751231226426 1.0045527219772339 10143
1751231227480 0.8796664476394653 10144
1751231228527 0.7141279578208923 10145
1751231229605 0.8743047118186951 10146
1751231230681 0.1335439532995224 10147
1751231231726 0.9232266545295715 10148
1751231232792 1.0733264684677124 10149
1751231233837 0.45078617334365845 10150
1751231234755 2.845672369003296 10151
1751231235774 0.5417125225067139 10152
1751231237030 0.7275407910346985 10153
1751231237959 0.8373851776123047 10154
1751231239028 0.7800341248512268 10155
1751231240066 0.5856024026870728 10156
1751231241132 1.4636386632919312 10157
1751231242331 1.1189428567886353 10158
1751231243514 0.675343930721283 10159
1751231244582 0.7291856408119202 10160
1751231245630 1.6198348999023438 10161
1751231246647 0.6632365584373474 10162
1751231247668 1.2729214429855347 10163
1751231248941 1.1284245252609253 10164
1751231249978 0.7166368365287781 10165
1751231251032 0.7235312461853027 10166
1751231252064 0.9729019403457642 10167
1751231253110 0.20950132608413696 10168
1751231254115 0.9089884757995605 10169
1751231255168 0.6470769047737122 10170
1751231256247 0.5253798365592957 10171
1751231257280 0.8988613486289978 10172
1751231258320 0.8038050532341003 10173
1751231259459 0.9258171319961548 10174
1751231260986 0.87923663854599 10175
1751231262022 1.1649014949798584 10176
1751231262944 1.6420719623565674 10177
1751231264006 0.8029584884643555 10178
1751231265062 0.5712195038795471 10179
1751231266122 0.6948848962783813 10180
1751231267174 1.2374552488327026 10181
1751231268101 1.4490412473678589 10182
1751231269157 0.8449937105178833 10183
1751231270224 0.7921355366706848 10184
1751231271289 1.0555148124694824 10185
1751231272572 0.8577980399131775 10186
1751231273660 0.7251211404800415 10187
1751231274724 0.6900570392608643 10188
1751231275758 0.5929805636405945 10189
1751231276974 0.41677889227867126 10190
1751231277881 1.2646023035049438 10191
1751231278921 0.7072507739067078 10192
1751231279864 1.5213788747787476 10193
1751231280929 1.4784713983535767 10194
1751231281960 0.716546893119812 10195
1751231283001 0.6967537999153137 10196
1751231284249 0.8068586587905884 10197
1751231285280 1.0902589559555054 10198
1751231286213 1.1247400045394897 10199
1751231287340 0.6785677671432495 10200
1751231288407 0.821203887462616 10201
1751231289480 0.3845950663089752 10202
1751231290571 0.641366720199585 10203
1751231291648 0.8387594223022461 10204
1751231292689 0.7447474598884583 10205
1751231293739 0.6813713312149048 10206
1751231295095 0.8358734250068665 10207
1751231296117 1.808214783668518 10208
1751231297009 1.0923503637313843 10209
1751231298034 0.6328714489936829 10210
1751231299089 0.9106652140617371 10211
1751231300123 0.535045862197876 10212
1751231301192 0.7597026228904724 10213
1751231302198 0.8301748633384705 10214
1751231303253 0.6996498703956604 10215
1751231304324 1.22667396068573 10216
1751231305409 0.6422497034072876 10217
1751231306739 0.6769413352012634 10218
1751231307830 0.40467604994773865 10219
1751231308854 0.9556970596313477 10220
1751231309902 0.5827221274375916 10221
1751231310955 0.9048058390617371 10222
1751231311989 1.164323329925537 10223
1751231313029 1.08052659034729 10224
1751231314072 0.5880391001701355 10225
1751231315093 1.3443090915679932 10226
1751231316133 0.4651312828063965 10227
1751231317196 0.6799916625022888 10228
1751231318377 0.8110339641571045 10229
1751231319411 1.1954952478408813 10230
1751231320436 0.6533871293067932 10231
1751231321408 0.4818164110183716 10232
1751231322490 1.2210009098052979 10233
1751231323530 1.1184779405593872 10234
1751231324608 0.8120573163032532 10235
1751231325620 1.0528051853179932 10236
1751231326716 0.6690942645072937 10237
1751231327755 1.0014731884002686 10238
1751231329138 0.46098625659942627 10239
1751231330181 0.6815406680107117 10240
1751231331217 0.8650555610656738 10241
1751231332096 1.202286958694458 10242
1751231333089 1.470474362373352 10243
1751231334130 0.24818530678749084 10244
1751231335186 0.7226225137710571 10245
1751231336131 0.7424227595329285 10246
1751231337081 0.9156328439712524 10247
1751231338149 0.6508550047874451 10248
1751231339233 0.7677760124206543 10249
1751231340682 0.6648420095443726 10250
1751231341794 1.3009012937545776 10251
1751231342871 0.7939075827598572 10252
1751231343898 0.47334036231040955 10253
1751231344945 0.6224419474601746 10254
1751231345991 1.0232794284820557 10255
1751231347026 0.728334367275238 10256
1751231347964 2.245877504348755 10257
1751231349046 1.4598087072372437 10258
1751231350081 0.3927958309650421 10259
1751231351354 0.6344289183616638 10260
1751231352385 0.8212486505508423 10261
1751231353462 0.5666607618331909 10262
1751231354527 0.763272225856781 10263
1751231355643 0.8555006384849548 10264
1751231356835 0.5323859453201294 10265
1751231357848 0.8782699704170227 10266
1751231358915 1.0729249715805054 10267
1751231359953 1.0562101602554321 10268
1751231361035 1.2305179834365845 10269
1751231362090 0.41183358430862427 10270
1751231363441 0.26638561487197876 10271
1751231364483 0.5870462656021118 10272
1751231365513 0.6528099775314331 10273
1751231366582 0.638769268989563 10274
1751231367627 0.8142852783203125 10275
1751231368643 0.8963173031806946 10276
1751231369687 0.964930534362793 10277
1751231370751 0.8788766860961914 10278
1751231371803 0.7190071940422058 10279
1751231373006 0.261684775352478 10280
1751231374300 0.9090811014175415 10281
1751231375393 1.0201586484909058 10282
1751231376420 0.6986410021781921 10283
1751231377482 0.8949068188667297 10284
1751231378533 0.6883205771446228 10285
1751231379587 0.7405259013175964 10286
1751231380671 0.5823017358779907 10287
1751231381714 0.04273548349738121 10288
1751231382815 0.8904482126235962 10289
1751231383905 1.241515874862671 10290
1751231384965 0.8724755644798279 10291
1751231386298 0.36376458406448364 10292
1751231387185 0.4742094874382019 10293
1751231388214 1.0147703886032104 10294
1751231389262 0.6297349333763123 10295
1751231390257 0.9922773241996765 10296
1751231391281 1.8731358051300049 10297
1751231392331 0.771568775177002 10298
1751231393354 0.8810728192329407 10299
1751231394406 0.8767904043197632 10300
1751231395292 1.457422137260437 10301
1751231396346 0.8317838907241821 10302
1751231397730 0.47827836871147156 10303
1751231398788 1.332640528678894 10304
1751231399876 0.9657487273216248 10305
1751231400947 0.544066846370697 10306
1751231401975 1.0356743335723877 10307
1751231402854 1.2702068090438843 10308
1751231403873 0.6545900106430054 10309
1751231404932 0.8370947241783142 10310
1751231406007 0.5461142659187317 10311
1751231407042 0.9861218333244324 10312
1751231408120 0.8591150641441345 10313
1751231409398 0.8921424746513367 10314
1751231410445 0.7066439986228943 10315
1751231411491 0.8522262573242188 10316
1751231412554 1.0004103183746338 10317
1751231413587 0.5267779231071472 10318
1751231414658 0.5961782336235046 10319
1751231415676 1.2915977239608765 10320
1751231416839 0.9839858412742615 10321
1751231417913 1.1479519605636597 10322
1751231418952 1.5215750932693481 10323
1751231420195 0.7612876892089844 10324
1751231421215 0.2648911476135254 10325
1751231422085 1.031002402305603 10326
1751231423144 1.922808289527893 10327
1751231424183 0.6926843523979187 10328
1751231425262 0.78910231590271 10329
1751231426300 1.2978523969650269 10330
1751231427329 0.736476480960846 10331
1751231428442 1.75072181224823 10332
1751231429494 1.624612808227539 10333
1751231430567 1.061472773551941 10334
1751231431890 0.7202146649360657 10335
1751231432958 1.0028173923492432 10336
1751231434045 2.990312099456787 10337
1751231435220 1.145843744277954 10338
1751231436249 0.8539110422134399 10339
1751231437173 0.8608531951904297 10340
1751231438251 0.8818691372871399 10341
1751231439275 1.5810941457748413 10342
1751231440334 0.5120534300804138 10343
1751231441373 1.0903123617172241 10344
1751231442417 0.6365849375724792 10345
1751231443695 0.8163513541221619 10346
1751231444707 0.6424543261528015 10347
1751231445774 0.49156418442726135 10348
1751231446804 1.055956482887268 10349
1751231447698 0.7976651787757874 10350
1751231448765 0.8269706964492798 10351
1751231449873 0.9214794039726257 10352
1751231451075 0.9654604196548462 10353
1751231452145 1.1323193311691284 10354
1751231453225 0.7618970274925232 10355
1751231454534 0.6492864489555359 10356
1751231455632 0.7416412234306335 10357
1751231456672 1.0340381860733032 10358
1751231457736 0.6544114947319031 10359
1751231458844 0.6219580769538879 10360
1751231459881 0.7238075137138367 10361
1751231460917 0.9019697904586792 10362
1751231461995 0.7705249786376953 10363
1751231463102 1.0177497863769531 10364
1751231464147 0.4119531214237213 10365
1751231465193 0.7261323928833008 10366
1751231466535 0.6912754774093628 10367
1751231467714 0.6287615299224854 10368
1751231468666 0.8369595408439636 10369
1751231469680 0.39299920201301575 10370
1751231470710 0.18442708253860474 10371
1751231471771 0.669563353061676 10372
1751231472828 0.7276471257209778 10373
1751231473863 0.8073383569717407 10374
1751231474900 0.6837078332901001 10375
1751231475934 0.8151573538780212 10376
1751231476966 1.0419065952301025 10377
1751231478235 0.39120376110076904 10378
1751231479268 0.7898268699645996 10379
1751231480319 1.0130560398101807 10380
1751231481351 0.9800661206245422 10381
1751231482438 0.7919501066207886 10382
1751231483479 1.2782520055770874 10383
1751231484525 0.8555191159248352 10384
1751231485410 1.999793291091919 10385
1751231486463 0.7802143096923828 10386
1751231487536 0.4893319606781006 10387
1751231488849 0.87920743227005 10388
1751231489891 0.6753272414207458 10389
1751231490755 1.6477168798446655 10390
1751231491791 1.3288445472717285 10391
1751231492707 3.8997275829315186 10392
1751231493770 1.4773468971252441 10393
1751231494786 0.768981397151947 10394
1751231495878 1.0223363637924194 10395
1751231496922 0.6013220548629761 10396
1751231497973 0.7933556437492371 10397
1751231499005 0.8432378768920898 10398
1751231500273 0.8787426352500916 10399
1751231501340 0.5308842062950134 10400
1751231502363 0.6947829127311707 10401
1751231503422 0.8751881718635559 10402
1751231504439 1.9400551319122314 10403
1751231505477 2.2077064514160156 10404
1751231506566 0.7169647216796875 10405
1751231507586 0.7426442503929138 10406
1751231508598 0.9612544178962708 10407
1751231509628 0.40941518545150757 10408
1751231510720 0.8825899362564087 10409
1751231511977 0.4660496711730957 10410
1751231512886 1.290757179260254 10411
1751231513995 0.7092693448066711 10412
1751231515056 0.5884053111076355 10413
1751231516130 1.0164588689804077 10414
1751231517174 0.6286243200302124 10415
1751231518220 0.7682034969329834 10416
1751231519294 0.4745640456676483 10417
1751231520340 0.8256105184555054 10418
1751231521397 0.802811324596405 10419
1751231522675 0.8728824853897095 10420
1751231523747 0.7297336459159851 10421
1751231524771 0.3142416179180145 10422
1751231525816 0.9200672507286072 10423
1751231526878 1.1844233274459839 10424
1751231527968 0.7111518979072571 10425
1751231529013 0.46242085099220276 10426
1751231530136 0.7063040137290955 10427
1751231531298 0.5645179748535156 10428
1751231532473 0.7068309783935547 10429
1751231533387 1.1256204843521118 10430
1751231534656 1.0363490581512451 10431
1751231535538 1.360199213027954 10432
1751231536593 0.6409727931022644 10433
1751231537635 0.6861124038696289 10434
1751231538753 0.7543131709098816 10435
1751231539822 0.7770334482192993 10436
1751231540851 0.5583767294883728 10437
1751231541922 0.9662050604820251 10438
1751231542981 0.8524976968765259 10439
1751231544046 0.9445495009422302 10440
1751231545089 0.7511393427848816 10441
1751231546365 1.2018499374389648 10442
1751231547460 0.40247565507888794 10443
1751231548685 1.0224032402038574 10444
1751231549838 0.8514528274536133 10445
1751231550890 0.9811679720878601 10446
1751231551853 1.8748302459716797 10447
1751231552743 1.2114927768707275 10448
1751231553772 0.4802168011665344 10449
1751231554833 0.6584311723709106 10450
1751231555861 1.6203793287277222 10451
1751231557336 0.9701148867607117 10452
1751231558398 0.8918326497077942 10453
1751231559397 1.2331955432891846 10454
1751231560507 0.6947289705276489 10455
1751231561579 1.0380114316940308 10456
1751231562636 0.7070111632347107 10457
1751231563713 0.7452873587608337 10458
1751231564893 0.32163843512535095 10459
1751231565964 0.8067795634269714 10460
1751231567040 0.6700240969657898 10461
1751231568112 0.9094812870025635 10462
1751231569381 0.7163402438163757 10463
1751231570508 1.1139718294143677 10464
1751231571537 0.8839799761772156 10465
1751231572595 0.3282710015773773 10466
1751231573655 0.8979936838150024 10467
1751231574553 1.8755134344100952 10468
1751231575689 0.20987766981124878 10469
1751231576716 1.0827980041503906 10470
1751231577816 0.5840058326721191 10471
1751231578917 1.312821626663208 10472
1751231579959 0.5395753979682922 10473
1751231581276 0.644962728023529 10474
1751231582341 0.4327206313610077 10475
1751231583382 1.007430076599121 10476
1751231584433 0.32490119338035583 10477
1751231585439 0.5905000567436218 10478
1751231586462 0.5631745457649231 10479
1751231587611 0.7225115895271301 10480
1751231588700 0.7517246007919312 10481
1751231589798 0.8158244490623474 10482
1751231590824 1.3954143524169922 10483
1751231592159 0.5980978608131409 10484
1751231593241 1.2431315183639526 10485
1751231594290 1.1848657131195068 10486
1751231595336 1.918684959411621 10487
1751231596370 0.8884825110435486 10488
1751231597382 0.6927264332771301 10489
1751231598451 0.7130233645439148 10490
1751231599509 0.7903900742530823 10491
1751231600451 1.3034762144088745 10492
1751231601504 0.540746808052063 10493
1751231602551 0.7058392763137817 10494
1751231603851 0.9504507184028625 10495
1751231604873 0.7442302703857422 10496
1751231605967 0.8818866014480591 10497
1751231607014 0.4647306501865387 10498
1751231608050 1.1515365839004517 10499
1751231609095 1.0471956729888916 10500
1751231610132 0.7280048727989197 10501
1751231611184 0.7132484912872314 10502
1751231612279 0.8859492540359497 10503
1751231613338 0.9521490931510925 10504
1751231614592 0.9783481955528259 10505
1751231615614 0.5201003551483154 10506
1751231616646 1.064779281616211 10507
1751231617759 0.9983062148094177 10508
1751231618803 0.8471623659133911 10509
1751231619848 0.7896344065666199 10510
1751231620846 1.035597801208496 10511
1751231621883 0.9435535669326782 10512
1751231622928 0.6942439675331116 10513
1751231623818 0.8525072336196899 10514
1751231624876 0.6400413513183594 10515
1751231626175 1.068632960319519 10516
1751231627142 1.098213791847229 10517
1751231628270 0.6434915065765381 10518
1751231629306 0.9498252868652344 10519
1751231630406 0.5215100049972534 10520
1751231631454 0.42256447672843933 10521
1751231632539 0.6594946980476379 10522
1751231633593 0.9687010645866394 10523
1751231634630 0.6882537007331848 10524
1751231635643 1.0600005388259888 10525
1751231637022 0.8501901626586914 10526
1751231638098 0.91327303647995 10527
1751231639154 0.5224530100822449 10528
1751231640215 1.0825799703598022 10529
1751231641276 0.787026584148407 10530
1751231642371 0.8279914855957031 10531
1751231643564 1.1110721826553345 10532
1751231644703 1.1800695657730103 10533
1751231645722 1.0016964673995972 10534
1751231646774 0.45182839035987854 10535
1751231647669 1.2405180931091309 10536
1751231648811 0.9057985544204712 10537
1751231649905 0.9054147601127625 10538
1751231650967 0.6890193819999695 10539
1751231651972 1.271605134010315 10540
1751231652990 1.2208150625228882 10541
1751231654045 0.5300112962722778 10542
1751231655086 0.8112089037895203 10543
1751231656141 0.8995581865310669 10544
1751231657179 1.0183767080307007 10545
1751231658238 0.6894592046737671 10546
1751231659642 1.0402652025222778 10547
1751231660851 1.2170268297195435 10548
1751231661899 0.8233709335327148 10549
1751231662973 1.239579200744629 10550
1751231664070 0.8474717140197754 10551
1751231665119 1.1486003398895264 10552
1751231666179 1.6232223510742188 10553
1751231667077 1.953121542930603 10554
1751231668037 0.6411083340644836 10555
1751231669085 0.9430079460144043 10556
1751231670124 0.6091943383216858 10557
1751231671424 0.7766674160957336 10558
1751231672367 0.7038009166717529 10559
1751231673404 0.7205425500869751 10560
1751231674465 0.945102334022522 10561
1751231675539 0.7839674353599548 10562
1751231676561 1.319356918334961 10563
1751231677624 0.8461807370185852 10564
1751231678659 0.9938535690307617 10565
1751231679742 0.8056478500366211 10566
1751231680755 1.029937505722046 10567
1751231682023 0.706246554851532 10568
1751231683100 0.855774998664856 10569
1751231684020 0.888669490814209 10570
1751231685074 1.4754217863082886 10571
1751231686127 0.6430425643920898 10572
1751231687158 0.028633564710617065 10573
1751231688205 1.0404762029647827 10574
1751231689251 0.8482853174209595 10575
1751231690286 0.6410727500915527 10576
1751231691179 0.9042741656303406 10577
1751231692467 0.5982771515846252 10578
1751231693508 1.0432077646255493 10579
1751231694551 0.9098707437515259 10580
1751231695584 0.7332683205604553 10581
1751231696600 0.47852373123168945 10582
1751231697663 0.6353310942649841 10583
1751231698624 0.7846556901931763 10584
1751231699666 0.6715118885040283 10585
1751231700762 0.746237576007843 10586
1751231701803 0.8091375231742859 10587
1751231702850 0.7450221180915833 10588
1751231704146 0.7350574135780334 10589
1751231705208 0.7024399638175964 10590
1751231706295 2.4803264141082764 10591
1751231707383 0.575620174407959 10592
1751231708399 0.7946646809577942 10593
1751231709436 0.7177453637123108 10594
1751231710453 0.5092891454696655 10595
1751231711508 0.9792596101760864 10596
1751231712535 0.8569427728652954 10597
1751231713561 1.0805565118789673 10598
1751231714847 0.6690227389335632 10599
1751231715736 1.5146865844726562 10600
1751231716737 0.836573600769043 10601
1751231717825 0.7005845904350281 10602
1751231718881 0.9073373675346375 10603
1751231719926 2.6628990173339844 10604
1751231720960 0.5854464173316956 10605
1751231722099 1.463996410369873 10606
1751231723246 0.8250274658203125 10607
1751231724320 0.9773223996162415 10608
1751231725677 1.2879873514175415 10609
1751231726756 0.9485872387886047 10610
1751231727835 0.5962934494018555 10611
1751231728894 0.8176665902137756 10612
1751231729973 0.8509400486946106 10613
1751231731010 0.7299277186393738 10614
1751231732029 1.2455506324768066 10615
1751231733096 0.671807587146759 10616
1751231734143 0.2696191668510437 10617
1751231735231 0.7268037796020508 10618
1751231736142 0.5431539416313171 10619
1751231737504 0.8140807151794434 10620
1751231738579 0.7234927415847778 10621
1751231739670 1.223814845085144 10622
1751231740854 0.629514217376709 10623
1751231741921 0.6063089370727539 10624
1751231742974 1.105446457862854 10625
1751231743994 0.8680705428123474 10626
1751231745057 1.6143187284469604 10627
1751231746123 1.5796512365341187 10628
1751231747441 0.8570021986961365 10629
1751231748490 0.5937070250511169 10630
1751231749369 1.3285460472106934 10631
1751231750456 1.3542858362197876 10632
1751231751486 0.8120718002319336 10633
1751231752562 0.8101482391357422 10634
1751231753647 0.7043766379356384 10635
1751231754694 0.5070318579673767 10636
1751231755716 0.5548710227012634 10637
1751231756793 0.654674768447876 10638
1751231758011 0.514534592628479 10639
1751231759341 0.9515631794929504 10640
1751231760247 0.809055507183075 10641
1751231761322 1.111574411392212 10642
1751231762392 1.4025075435638428 10643
1751231763441 0.9606159329414368 10644
1751231764498 0.9864618182182312 10645
1751231765567 0.5222673416137695 10646
1751231766612 0.5894122123718262 10647
1751231767718 0.6996707320213318 10648
1751231768823 0.7488817572593689 10649
1751231770123 0.6072401404380798 10650
1751231771233 0.8677045702934265 10651
1751231772328 0.7491403222084045 10652
1751231773444 0.8082827925682068 10653
1751231774530 0.9428340792655945 10654
1751231775581 0.6954179406166077 10655
1751231776655 0.6132757067680359 10656
1751231777706 1.1139143705368042 10657
1751231778783 0.5187088847160339 10658
1751231779840 0.9237346053123474 10659
1751231781174 0.719117283821106 10660
1751231782167 0.7839075922966003 10661
1751231783248 0.7353994846343994 10662
1751231784296 1.1637542247772217 10663
1751231785389 0.6706054210662842 10664
1751231786461 0.8180201649665833 10665
1751231787526 0.788025438785553 10666
1751231788573 0.9748902320861816 10667
1751231789634 0.8175296187400818 10668
1751231790701 0.811497151851654 10669
1751231792003 0.8974825143814087 10670
1751231793053 1.217308521270752 10671
1751231794147 0.673100471496582 10672
1751231795023 0.833901584148407 10673
1751231796054 1.9395157098770142 10674
1751231797078 1.217789649963379 10675
1751231797968 1.206362009048462 10676
1751231799032 0.705269455909729 10677
1751231800089 0.6583748459815979 10678
1751231801161 0.8885117769241333 10679
1751231802195 0.7894346117973328 10680
1751231803478 0.3825291693210602 10681
1751231804509 0.7357817888259888 10682
1751231805447 0.9366081357002258 10683
1751231806536 0.7167496085166931 10684
1751231807571 1.0339730978012085 10685
1751231808641 0.5441986322402954 10686
1751231809666 0.4023687541484833 10687
1751231810783 0.641950249671936 10688
1751231811938 0.745013415813446 10689
1751231813128 0.6863271594047546 10690
1751231814261 1.1836801767349243 10691
1751231815532 0.8179513812065125 10692
1751231816601 0.8974356651306152 10693
1751231817642 0.8607236742973328 10694
1751231818686 0.7823140621185303 10695
1751231819705 0.7166656851768494 10696
1751231820745 0.6552370190620422 10697
1751231821849 0.6370787620544434 10698
1751231822858 0.8951687216758728 10699
1751231823907 0.6889224052429199 10700
1751231825018 0.7722391486167908 10701
1751231826072 0.5927397608757019 10702
1751231827211 0.772835910320282 10703
1751231828356 0.8321709632873535 10704
1751231829425 0.7406708598136902 10705
1751231830480 0.6786219477653503 10706
1751231831539 0.5777226686477661 10707
1751231832602 1.1370775699615479 10708
1751231833716 0.7981365323066711 10709
1751231834788 0.3555552065372467 10710
1751231836106 0.4431367516517639 10711
1751231837185 0.6249719858169556 10712
1751231838246 0.7129730582237244 10713
1751231839327 0.7765501737594604 10714
1751231840356 0.7487913370132446 10715
1751231841437 1.037531852722168 10716
1751231842478 0.7418569326400757 10717
1751231843602 0.4859154224395752 10718
1751231844802 0.9179874658584595 10719
1751231845844 0.6260712742805481 10720
1751231846988 2.1420109272003174 10721
1751231848023 0.7347453236579895 10722
1751231849067 0.9939422607421875 10723
1751231850068 0.5152730941772461 10724
1751231851099 1.2420843839645386 10725
1751231852147 0.9894062280654907 10726
1751231853181 0.6675834655761719 10727
1751231854107 0.8048140406608582 10728
1751231855152 1.5669578313827515 10729
1751231856267 0.7436848878860474 10730
1751231857318 0.537792444229126 10731
1751231858573 0.6991449594497681 10732
1751231859635 0.5069230198860168 10733
1751231860791 0.8803790211677551 10734
1751231861881 0.515261173248291 10735
1751231862954 0.6413014531135559 10736
1751231864002 1.041685700416565 10737
1751231865062 0.5414506196975708 10738
1751231866120 0.6044530868530273 10739
1751231867190 0.504344642162323 10740
1751231868251 0.6285290122032166 10741
1751231869576 0.5992295145988464 10742
1751231870613 0.7520725131034851 10743
1751231871676 0.7259284853935242 10744
1751231872729 0.40344083309173584 10745
1751231873807 0.7514695525169373 10746
1751231874854 0.7137355804443359 10747
1751231875906 0.4263260066509247 10748
1751231876974 1.5116993188858032 10749
1751231878032 0.7981767058372498 10750
1751231879069 0.9626306891441345 10751
1751231880450 0.8860523104667664 10752
1751231881508 1.8153551816940308 10753
1751231882548 0.5059319734573364 10754
1751231883606 0.5006842017173767 10755
1751231884549 1.291136384010315 10756
1751231885597 0.851126492023468 10757
1751231886638 0.41908931732177734 10758
1751231887669 0.6907538771629333 10759
1751231888761 0.8095220923423767 10760
1751231889825 0.598025381565094 10761
1751231890880 0.6374974250793457 10762
1751231892182 0.6931304335594177 10763
1751231893233 0.8740524649620056 10764
1751231894368 1.0004793405532837 10765
1751231895405 0.47209253907203674 10766
1751231896434 0.727465808391571 10767
1751231897379 1.1116565465927124 10768
1751231898409 2.189913511276245 10769
1751231899444 0.9106485247612 10770
1751231900386 1.1219587326049805 10771
1751231901499 0.9093791842460632 10772
1751231902707 0.7741703987121582 10773
1751231903792 0.8492000699043274 10774
1751231904829 0.7386746406555176 10775
1751231905980 0.6915733218193054 10776
1751231907195 0.5332257747650146 10777
1751231908139 0.694563090801239 10778
1751231909172 0.4020071029663086 10779
1751231910239 0.8427411913871765 10780
1751231911170 0.9427559971809387 10781
1751231912245 0.7148358225822449 10782
1751231913283 0.9765720367431641 10783
1751231914658 0.6562588810920715 10784
1751231915698 0.646589994430542 10785
1751231916741 0.8164659738540649 10786
1751231917765 0.6596232652664185 10787
1751231918816 0.5823144316673279 10788
1751231919864 0.7681605219841003 10789
1751231920890 0.5215513110160828 10790
1751231921939 1.5601295232772827 10791
1751231922976 1.04878830909729 10792
1751231924077 3.3657219409942627 10793
1751231925478 0.8515265583992004 10794
1751231926598 0.6875193119049072 10795
1751231927551 0.7171632051467896 10796
1751231928509 0.9466849565505981 10797
1751231929576 0.57840895652771 10798
1751231930604 0.6541178822517395 10799
1751231931661 0.5368824005126953 10800
1751231983949 1.1298586130142212 10801
1751231984998 0.6959799528121948 10802
1751231986071 0.9802259802818298 10803
1751231987342 0.7055417895317078 10804
1751231988290 0.72371906042099 10805
1751231989349 0.7332912087440491 10806
1751231990277 1.054113745689392 10807
1751231991212 1.5817331075668335 10808
1751231992322 0.6787617802619934 10809
1751231993379 1.0931957960128784 10810
1751231994448 0.9921274185180664 10811
1751231995484 0.6601427793502808 10812
1751231996434 2.1244637966156006 10813
1751231997845 1.224524736404419 10814
1751231998952 0.9651956558227539 10815
1751232000038 0.4311040937900543 10816
1751232001081 0.714087188243866 10817
1751232002142 0.8498550653457642 10818
1751232003202 0.5721272826194763 10819
1751232004274 0.9072093963623047 10820
1751232005356 0.4854887127876282 10821
1751232006414 0.7550668716430664 10822
1751232007467 0.7336624264717102 10823
1751232008507 0.8682858943939209 10824
1751232009828 1.0558552742004395 10825
1751232010754 2.5455806255340576 10826
1751232011832 0.764286458492279 10827
1751232013001 1.098726511001587 10828
1751232014192 0.8594052195549011 10829
1751232015089 0.994915783405304 10830
1751232016138 0.7893357872962952 10831
1751232017164 1.0602420568466187 10832
1751232018260 0.956164538860321 10833
1751232019261 0.5070597529411316 10834
1751232020552 0.8271620869636536 10835
1751232021634 0.5737921595573425 10836
1751232022665 0.6742541193962097 10837
1751232023573 1.0704177618026733 10838
1751232024641 0.15664026141166687 10839
1751232025718 0.9880842566490173 10840
1751232026785 0.8675559163093567 10841
1751232027889 1.414217233657837 10842
1751232029048 0.5215319991111755 10843
1751232030197 0.746114194393158 10844
1751232031579 0.5628911256790161 10845
1751232032605 0.8610299229621887 10846
1751232033501 2.7295379638671875 10847
1751232034565 1.1434638500213623 10848
1751232035703 0.6010322570800781 10849
1751232036772 1.2682363986968994 10850
1751232037853 0.8883833289146423 10851
1751232038945 0.6273384094238281 10852
1751232039991 0.9856807589530945 10853
1751232041046 0.7099727988243103 10854
1751232042338 0.6931025385856628 10855
1751232043308 0.9305961728096008 10856
1751232044322 0.7004587054252625 10857
1751232045333 0.6805959343910217 10858
1751232046443 0.6303222179412842 10859
1751232047461 1.0886343717575073 10860
1751232048525 0.5891702175140381 10861
1751232049562 0.843592643737793 10862
1751232050617 0.6273577809333801 10863
1751232051693 1.0737825632095337 10864
1751232052578 0.859498918056488 10865
1751232053848 0.8929293751716614 10866
1751232054935 1.874179482460022 10867
1751232056025 0.6746187210083008 10868
1751232057095 1.1620234251022339 10869
1751232058169 0.9288511276245117 10870
1751232059240 0.668268620967865 10871
1751232060275 0.08824305236339569 10872
1751232061379 0.9737411737442017 10873
1751232062471 0.24044634401798248 10874
1751232063532 1.3653433322906494 10875
1751232064785 0.6641271710395813 10876
1751232065849 0.280622273683548 10877
1751232066895 0.8880953788757324 10878
1751232067959 1.0621565580368042 10879
1751232069033 0.8985382318496704 10880
1751232070089 0.785956621170044 10881
1751232071162 0.7233536839485168 10882
1751232072215 0.4602513313293457 10883
1751232073128 1.3326157331466675 10884
1751232074224 1.3653887510299683 10885
1751232075490 0.8922315835952759 10886
1751232076542 0.7885147333145142 10887
1751232077608 0.5775293707847595 10888
1751232078637 0.6983792185783386 10889
1751232079742 0.6614753603935242 10890
1751232080824 0.6564385890960693 10891
1751232081892 0.3500977158546448 10892
1751232082914 0.789100170135498 10893
1751232084030 0.88019198179245 10894
1751232085223 0.4585660398006439 10895
1751232086556 0.6352492570877075 10896
1751232087618 0.8503599166870117 10897
1751232088524 1.0569647550582886 10898
1751232089594 0.48013073205947876 10899
1751232090648 0.8155851364135742 10900
1751232091691 1.3217403888702393 10901
1751232092611 0.7521109580993652 10902
1751232093629 0.9762841463088989 10903
1751232094644 0.978765606880188 10904
1751232095695 0.9296486973762512 10905
1751232097018 1.0360949039459229 10906
1751232098051 0.6749674677848816 10907
1751232099109 1.152873158454895 10908
1751232100210 0.849273681640625 10909
1751232101374 0.6911217570304871 10910
1751232102332 1.2129316329956055 10911
1751232103403 0.3584224283695221 10912
1751232104420 0.7557600140571594 10913
1751232105516 0.711567223072052 10914
1751232106451 1.2676032781600952 10915
1751232107717 0.7727236747741699 10916
1751232108787 0.9495949745178223 10917
1751232109854 0.5717229247093201 10918
1751232110917 0.7271889448165894 10919
1751232111926 0.6659520268440247 10920
1751232112963 0.6562138795852661 10921
1751232114036 0.5120820999145508 10922
1751232115144 0.8098551630973816 10923
1751232116077 3.9191901683807373 10924
1751232117579 0.5582157969474792 10925
1751232118669 0.7663995027542114 10926
1751232119744 0.7880966067314148 10927
1751232120809 0.9125772714614868 10928
1751232121844 0.8380889296531677 10929
1751232122881 0.7440266609191895 10930
1751232123904 0.4870792329311371 10931
1751232124930 0.718776524066925 10932
1751232125965 0.6907445192337036 10933
1751232127113 0.7321373224258423 10934
1751232128425 0.5295827984809875 10935
1751232129495 1.318704605102539 10936
1751232130514 0.942378044128418 10937
1751232131536 0.6691564917564392 10938
1751232132603 1.1779637336730957 10939
1751232133637 1.2465523481369019 10940
1751232134674 1.1010383367538452 10941
1751232135730 1.069240927696228 10942
1751232136760 0.684277355670929 10943
1751232137834 1.0606178045272827 10944
1751232138942 1.5078527927398682 10945
1751232139988 0.6907039284706116 10946
1751232141035 0.9018390774726868 10947
1751232142131 0.7879504561424255 10948
1751232143172 1.7225288152694702 10949
1751232144208 0.7130061984062195 10950
1751232145262 1.6761845350265503 10951
1751232146279 0.8958940505981445 10952
1751232147310 0.7748414874076843 10953
1751232148375 0.7196775674819946 10954
1751232149690 1.2316914796829224 10955
1751232150790 0.4464939534664154 10956
1751232151856 0.8626897931098938 10957
1751232152904 0.621735155582428 10958
1751232154028 0.852817177772522 10959
1751232155112 0.6087688207626343 10960
1751232156182 0.8629304766654968 10961
1751232157230 1.1555408239364624 10962
1751232158161 1.5123275518417358 10963
1751232159209 0.5932216644287109 10964
1751232160553 0.747348964214325 10965
1751232161617 1.3176372051239014 10966
1751232162582 1.3022539615631104 10967
1751232163629 0.48259663581848145 10968
1751232164643 1.0456746816635132 10969
1751232165549 1.2929123640060425 10970
1751232166590 1.0522053241729736 10971
1751232167658 1.1236367225646973 10972
1751232168739 0.5095474720001221 10973
1751232169810 0.614190936088562 10974
1751232171112 0.6285985708236694 10975
1751232172179 0.8809826374053955 10976
1751232173226 1.137812852859497 10977
1751232174335 0.6516653895378113 10978
1751232175389 0.4984244108200073 10979
1751232176421 0.9442470669746399 10980
1751232177443 1.0126174688339233 10981
1751232178525 1.0166709423065186 10982
1751232179620 0.9247644543647766 10983
1751232180786 0.8174293637275696 10984
1751232181964 0.8419100046157837 10985
1751232183046 0.7347829937934875 10986
1751232184070 0.8959507346153259 10987
1751232185105 1.1435092687606812 10988
1751232186180 0.7711833715438843 10989
1751232187280 0.7635357975959778 10990
1751232188315 0.9120277166366577 10991
1751232189431 1.0067349672317505 10992
1751232190439 0.7957469820976257 10993
1751232191477 0.05755029618740082 10994
1751232192622 0.8261723518371582 10995
1751232193665 0.8717097640037537 10996
1751232194697 0.7574874758720398 10997
1751232195765 1.0771139860153198 10998
1751232197047 0.5687412619590759 10999
1751232198100 0.6546850204467773 11000
1751232199128 1.0172909498214722 11001
1751232200168 0.6825709342956543 11002
1751232201217 1.0046122074127197 11003
1751232202513 0.8675518035888672 11004
1751232203553 0.8254424929618835 11005
1751232204627 0.941165566444397 11006
1751232205660 0.5354624390602112 11007
1751232206696 1.6529937982559204 11008
1751232207748 0.7863914370536804 11009
1751232208844 2.208864688873291 11010
1751232209901 1.253660798072815 11011
1751232210970 0.764753520488739 11012
1751232212040 0.5251924395561218 11013
1751232213493 0.8639692664146423 11014
1751232214558 0.8133589625358582 11015
1751232215573 0.9817236065864563 11016
1751232216658 0.6301129460334778 11017
1751232217667 0.8122429251670837 11018
1751232218568 1.6813281774520874 11019
1751232219590 0.7210268974304199 11020
1751232220589 1.8912668228149414 11021
1751232221646 1.0843496322631836 11022
1751232222677 0.6568524241447449 11023
1751232223992 0.7747114300727844 11024
1751232225010 1.0505337715148926 11025
1751232225952 1.0245822668075562 11026
1751232227042 0.7065079212188721 11027
1751232228062 0.5661989450454712 11028
1751232229174 1.0775513648986816 11029
1751232230209 0.8378082513809204 11030
1751232231113 0.8638672828674316 11031
1751232232127 0.5072562098503113 11032
1751232233145 0.691847026348114 11033
1751232234396 0.9455204010009766 11034
1751232235420 0.7954215407371521 11035
1751232236441 0.6247466206550598 11036
1751232237487 0.8809569478034973 11037
1751232238555 1.0511811971664429 11038
1751232239655 0.6073102355003357 11039
1751232240728 0.6700326204299927 11040
1751232241774 1.785413384437561 11041
1751232242804 0.8484953045845032 11042
1751232243874 0.4081391394138336 11043
1751232245148 0.041159212589263916 11044
1751232246215 0.6446698307991028 11045
1751232247296 0.6533966660499573 11046
1751232248333 1.0425426959991455 11047
1751232249439 0.9143056869506836 11048
1751232250443 1.4477741718292236 11049
1751232251499 0.6984313130378723 11050
1751232252581 1.0884369611740112 11051
1751232253640 0.7417387366294861 11052
1751232254956 0.5406535267829895 11053
1751232256040 2.6582298278808594 11054
1751232257086 0.8637020587921143 11055
1751232258177 0.747844934463501 11056
1751232259222 0.7526035904884338 11057
1751232260347 1.415324330329895 11058
1751232261401 0.8200222253799438 11059
1751232262465 1.1130046844482422 11060
1751232263569 0.7372059226036072 11061
1751232264626 0.7450230717658997 11062
1751232265926 1.0518113374710083 11063
1751232266813 1.3041821718215942 11064
1751232267893 0.9712631106376648 11065
1751232268946 0.8422361612319946 11066
1751232270038 0.4728260040283203 11067
1751232271136 1.1571464538574219 11068
1751232272170 0.4498289227485657 11069
1751232273215 0.503570020198822 11070
1751232274391 0.9600266814231873 11071
1751232275481 1.0518923997879028 11072
1751232276759 0.7624714374542236 11073
1751232277790 0.8228001594543457 11074
1751232278832 0.35108786821365356 11075
1751232279884 0.8404865264892578 11076
1751232280936 0.5189706683158875 11077
1751232281888 0.8737374544143677 11078
1751232282929 1.1259541511535645 11079
1751232283998 0.5502364635467529 11080
1751232285088 0.7000799179077148 11081
1751232286138 1.067466139793396 11082
1751232287374 0.9958958625793457 11083
1751232288485 1.3736836910247803 11084
1751232289594 0.7311375141143799 11085
1751232290581 1.5024219751358032 11086
1751232291648 0.9568199515342712 11087
1751232292811 0.71116042137146 11088
1751232293867 0.5264222025871277 11089
1751232294976 0.8372787833213806 11090
1751232296043 1.1036611795425415 11091
1751232297121 0.6330728530883789 11092
1751232298415 0.7751461267471313 11093
1751232299448 0.7972007393836975 11094
1751232300497 0.637873113155365 11095
1751232301563 0.8409339189529419 11096
1751232302679 0.7941581606864929 11097
1751232303739 0.8769999742507935 11098
1751232304799 0.7452611327171326 11099
1751232305736 1.0073508024215698 11100
1751232306855 0.5731692314147949 11101
1751232308104 0.8105339407920837 11102
1751232309388 0.727098822593689 11103
1751232310454 0.9887601733207703 11104
1751232311528 0.8506660461425781 11105
1751232312553 0.7485191226005554 11106
1751232313588 0.8696490526199341 11107
1751232314490 0.9526557922363281 11108
1751232315568 0.9252269864082336 11109
1751232316616 0.6266080141067505 11110
1751232317679 1.5411255359649658 11111
1751232318813 0.5357152223587036 11112
1751232319826 1.0766805410385132 11113
1751232320929 0.6275727152824402 11114
1751232321954 0.6906399726867676 11115
1751232322997 0.8447141051292419 11116
1751232324088 0.9956056475639343 11117
1751232325153 0.7116548418998718 11118
1751232326200 0.59897381067276 11119
1751232327248 0.6650044322013855 11120
1751232328298 1.0315040349960327 11121
1751232329565 0.650272786617279 11122
1751232330605 0.6778997778892517 11123
1751232331704 0.8873552680015564 11124
1751232332744 0.8609181642532349 11125
1751232333815 0.6413266062736511 11126
1751232334910 0.37875857949256897 11127
1751232335934 0.680788516998291 11128
1751232336966 0.24149782955646515 11129
1751232338012 0.6378766894340515 11130
1751232339106 0.5442772507667542 11131
1751232340377 0.6024532318115234 11132
1751232341393 0.8781210780143738 11133
1751232342414 0.7417804598808289 11134
1751232343488 0.7796509265899658 11135
1751232344533 0.14721260964870453 11136
1751232345548 0.6028759479522705 11137
1751232346565 0.9938673377037048 11138
1751232347659 0.8539142608642578 11139
1751232348573 1.2347331047058105 11140
1751232349630 0.8287813067436218 11141
1751232350894 0.8746151328086853 11142
1751232351995 0.6763340830802917 11143
1751232353028 0.6814166903495789 11144
1751232354062 0.9989026188850403 11145
1751232355085 0.7562332153320312 11146
1751232356139 0.9023270606994629 11147
1751232357023 1.1245168447494507 11148
1751232358060 0.7638946175575256 11149
1751232358957 0.8269038200378418 11150
1751232360019 0.09721095860004425 11151
1751232361487 1.16598379611969 11152
1751232362623 0.5119814276695251 11153
1751232363665 0.6748716831207275 11154
1751232364711 0.2939692735671997 11155
1751232365757 0.9442592859268188 11156
1751232366835 1.0450161695480347 11157
1751232367853 0.15290206670761108 11158
1751232368779 1.4663523435592651 11159
1751232369865 0.7545434832572937 11160
1751232370866 0.6332208514213562 11161
1751232372214 1.1682065725326538 11162
1751232373260 0.4462455213069916 11163
1751232374318 0.6753503680229187 11164
1751232375382 0.6279976963996887 11165
1751232376443 1.1313670873641968 11166
1751232377491 0.7959124445915222 11167
1751232378713 1.0096405744552612 11168
1751232379620 1.1314737796783447 11169
1751232380650 0.6338719725608826 11170
1751232381963 0.47789546847343445 11171
1751232383052 0.9773458242416382 11172
1751232384120 0.44653722643852234 11173
1751232385188 1.1045283079147339 11174
1751232386269 0.993090808391571 11175
1751232387315 0.7796631455421448 11176
1751232388354 0.7868598103523254 11177
1751232389431 0.5536054372787476 11178
1751232390489 0.8113334774971008 11179
1751232391522 0.6676056981086731 11180
1751232392692 1.7320501804351807 11181
1751232393778 0.6348753571510315 11182
1751232394982 0.8302309513092041 11183
1751232396076 0.6239175200462341 11184
1751232397125 0.7960865497589111 11185
1751232398209 0.5766111612319946 11186
1751232399106 1.3508074283599854 11187
1751232400129 0.606498658657074 11188
1751232401170 1.0521917343139648 11189
1751232402198 0.8749191164970398 11190
1751232403531 0.9493886828422546 11191
1751232404586 0.40692174434661865 11192
1751232405629 1.0487481355667114 11193
1751232406711 0.9918922781944275 11194
1751232407757 0.5738857388496399 11195
1751232408648 0.9182619452476501 11196
1751232409712 1.476611614227295 11197
1751232410752 0.07763664424419403 11198
1751232411785 0.7490689158439636 11199
1751232412835 0.615759015083313 11200
1751232414273 0.5481762886047363 11201
1751232415314 0.7161478400230408 11202
1751232416342 0.6566935777664185 11203
1751232417351 4.992212772369385 11204
1751232418358 0.7376185059547424 11205
1751232419441 0.6229950785636902 11206
1751232420471 0.816078782081604 11207
1751232421508 0.014550109393894672 11208
1751232422546 0.8995983004570007 11209
1751232423903 1.2116761207580566 11210
1751232424942 1.0919549465179443 11211
1751232425992 0.7471891641616821 11212
1751232427060 0.7768858075141907 11213
1751232428125 0.7650609016418457 11214
1751232429209 0.09854850172996521 11215
1751232430300 0.7469565272331238 11216
1751232431350 0.6932786107063293 11217
1751232432387 1.0697342157363892 11218
1751232433408 0.7288912534713745 11219
1751232434704 1.2357629537582397 11220
1751232435738 0.7570286989212036 11221
1751232436780 0.6319980621337891 11222
1751232437873 3.024113416671753 11223
1751232438919 2.2731587886810303 11224
1751232439966 0.5490028262138367 11225
1751232441048 0.9629902243614197 11226
1751232442123 1.9624862670898438 11227
1751232443285 0.7943283319473267 11228
1751232444359 0.78071129322052 11229
1751232445660 0.6266166567802429 11230
1751232446752 0.8974918723106384 11231
1751232447826 0.5474708080291748 11232
1751232448867 0.10829923301935196 11233
1751232449890 0.7328367233276367 11234
1751232450941 0.7852188348770142 11235
1751232452025 0.7550076842308044 11236
1751232453090 1.3543587923049927 11237
1751232454134 0.9494099020957947 11238
1751232455206 1.0170263051986694 11239
1751232456573 0.8165602684020996 11240
1751232457758 0.36405715346336365 11241
1751232458820 0.7526960372924805 11242
1751232459912 0.6673266291618347 11243
1751232461017 0.7114670276641846 11244
1751232462047 1.0270951986312866 11245
1751232463204 0.9076444506645203 11246
1751232464124 1.345929741859436 11247
1751232465180 0.7906956076622009 11248
1751232466194 0.5210803151130676 11249
1751232467527 0.9187707901000977 11250
1751232468625 0.6531991362571716 11251
1751232469714 0.7798846364021301 11252
1751232470763 0.6271085739135742 11253
1751232471806 0.682441771030426 11254
1751232472880 0.7848386168479919 11255
1751232474091 0.687917947769165 11256
1751232475230 0.824780285358429 11257
1751232476290 0.46376940608024597 11258
1751232477665 0.024161987006664276 11259
1751232478743 0.7911192774772644 11260
1751232479810 0.7031826972961426 11261
1751232480865 0.7579657435417175 11262
1751232481950 0.7563490867614746 11263
1751232482998 1.3152713775634766 11264
1751232484051 0.7399941086769104 11265
1751232485115 0.7049198746681213 11266
1751232486191 2.7289352416992188 11267
1751232487235 0.62229323387146 11268
1751232488542 0.6131991147994995 11269
1751232489570 0.42932137846946716 11270
1751232490773 0.6894345283508301 11271
1751232491916 0.8572927713394165 11272
1751232492962 1.2182061672210693 11273
1751232493987 0.9690243601799011 11274
1751232495033 1.0511952638626099 11275
1751232496061 0.5894100666046143 11276
1751232497107 0.5899766087532043 11277
1751232498494 0.9790483117103577 11278
1751232499406 1.132027506828308 11279
1751232500352 0.9565157890319824 11280
1751232501395 0.7789341807365417 11281
1751232502434 0.7706723213195801 11282
1751232503506 0.6630510687828064 11283
1751232504579 0.7431760430335999 11284
1751232505532 1.147177815437317 11285
1751232506538 0.6509609222412109 11286
1751232507565 0.7588040828704834 11287
1751232508825 0.7781586647033691 11288
1751232509868 0.46971556544303894 11289
1751232510921 1.2108592987060547 11290
1751232511964 0.8862029314041138 11291
1751232513005 0.6340541243553162 11292
1751232513880 1.8748584985733032 11293
1751232514912 0.7985760569572449 11294
1751232515990 0.8011256456375122 11295
1751232517032 0.996185302734375 11296
1751232518393 0.31541576981544495 11297
1751232519448 0.6964206099510193 11298
1751232520491 0.7682576179504395 11299
1751232521553 1.2233713865280151 11300
1751232522601 0.8309888243675232 11301
1751232523691 0.7379144430160522 11302
1751232524840 0.763647735118866 11303
1751232525888 0.5798668265342712 11304
1751232526927 0.41123151779174805 11305
1751232527959 0.7241585850715637 11306
1751232529234 0.46302902698516846 11307
1751232530293 0.6422187089920044 11308
1751232531338 0.32801640033721924 11309
1751232532416 0.873912513256073 11310
1751232533428 0.8765537142753601 11311
1751232534489 0.7571952939033508 11312
1751232535503 1.2218297719955444 11313
1751232536533 0.8487038016319275 11314
1751232537575 0.7121622562408447 11315
1751232538830 0.8019582033157349 11316
1751232539734 1.3427133560180664 11317
1751232540843 0.7785689234733582 11318
1751232541709 0.9061092734336853 11319
1751232542775 0.6996061205863953 11320
1751232543821 0.7284156680107117 11321
1751232544889 0.8546417355537415 11322
1751232545937 0.3889710605144501 11323
1751232547071 0.6676937937736511 11324
1751232548135 0.9164310097694397 11325
1751232549423 0.7985841631889343 11326
1751232550462 0.6986556649208069 11327
1751232551534 0.4688548147678375 11328
1751232552612 1.0320099592208862 11329
1751232553799 0.856937050819397 11330
1751232554867 0.6692376136779785 11331
1751232555890 0.4001061022281647 11332
1751232556943 0.4032590985298157 11333
1751232558003 0.7098154425621033 11334
1751232559361 0.781932532787323 11335
1751232560432 0.9285096526145935 11336
1751232561452 0.6457948684692383 11337
1751232562546 0.12414554506540298 11338
1751232563642 0.6945915818214417 11339
1751232564677 1.0631897449493408 11340
1751232565698 1.3145889043807983 11341
1751232566754 1.1376703977584839 11342
1751232567774 1.0724090337753296 11343
1751232568824 0.599685788154602 11344
1751232570272 0.7565299868583679 11345
1751232571321 0.6606716513633728 11346
1751232572351 1.0448813438415527 11347
1751232573394 0.7706173062324524 11348
1751232574300 1.578895926475525 11349
1751232575354 1.101023554801941 11350
1751232576408 1.6018141508102417 11351
1751232577464 0.8469111323356628 11352
1751232578505 1.412908673286438 11353
1751232579944 1.3058174848556519 11354
1751232581006 0.7236854434013367 11355
1751232582069 0.7382625937461853 11356
1751232583121 0.6050030589103699 11357
1751232584179 0.7251391410827637 11358
1751232585230 0.664862871170044 11359
1751232586310 0.7146141529083252 11360
1751232587513 0.947648823261261 11361
1751232588654 0.7143399715423584 11362
1751232589723 0.7404433488845825 11363
1751232591079 0.9173224568367004 11364
1751232592132 1.1990715265274048 11365
1751232593192 0.8294257521629333 11366
1751232594259 0.7043069005012512 11367
1751232595306 0.9311962127685547 11368
1751232596308 0.47769275307655334 11369
1751232597331 0.5819587111473083 11370
1751232598288 1.1907943487167358 11371
1751232599339 0.8648079633712769 11372
1751232600616 0.6501561999320984 11373
1751232601677 0.6903291344642639 11374
1751232602770 0.5512857437133789 11375
1751232603874 1.4156230688095093 11376
1751232604915 0.48638224601745605 11377
1751232605962 0.7314678430557251 11378
1751232606968 0.7266201376914978 11379
1751232608008 0.9504196047782898 11380
1751232609073 0.8423250317573547 11381
1751232610121 0.7446444034576416 11382
1751232611428 0.6530877947807312 11383
1751232612494 0.5408418774604797 11384
1751232613602 0.8922695517539978 11385
1751232614717 0.8693802952766418 11386
1751232615747 1.3366948366165161 11387
1751232616800 0.8175783157348633 11388
1751232617898 0.887225329875946 11389
1751232618992 0.6758965253829956 11390
1751232620069 0.8496443033218384 11391
1751232621219 0.7552588582038879 11392
1751232622327 0.7339518070220947 11393
1751232623243 0.9837700128555298 11394
1751232624283 0.4876195192337036 11395
1751232625324 0.7925845384597778 11396
1751232626365 0.5406965613365173 11397
1751232627419 1.1278564929962158 11398
1751232628524 0.30325430631637573 11399
1751232629438 1.269974708557129 11400
1751232630789 0.7295234799385071 11401
1751232631803 0.7640886306762695 11402
1751232632847 0.9403123259544373 11403
1751232633892 0.13013362884521484 11404
1751232634946 0.5807810425758362 11405
1751232636021 1.1047018766403198 11406
1751232637086 0.6530463695526123 11407
1751232638172 0.7183127403259277 11408
1751232639276 0.806439995765686 11409
1751232640190 1.0024114847183228 11410
1751232641531 0.46203121542930603 11411
1751232642590 0.7072702646255493 11412
1751232643494 1.1753047704696655 11413
1751232644620 1.0666558742523193 11414
1751232645697 0.890773594379425 11415
1751232646638 0.5465530753135681 11416
1751232647681 0.6788500547409058 11417
1751232648739 0.6672426462173462 11418
1751232649801 0.9664169549942017 11419
1751232650935 1.9316303730010986 11420
1751232652282 1.4434751272201538 11421
1751232653294 0.563606858253479 11422
1751232654348 1.0133445262908936 11423
1751232655449 0.7917878031730652 11424
1751232656512 1.0750095844268799 11425
1751232657596 0.74951171875 11426
1751232658688 0.619681715965271 11427
1751232659745 0.7277325987815857 11428
1751232660781 0.5620296001434326 11429
1751232661949 0.759088933467865 11430
1751232663012 0.7923378348350525 11431
1751232664059 2.194526433944702 11432
1751232665143 0.8663243651390076 11433
1751232666375 0.793708860874176 11434
1751232667453 0.5590753555297852 11435
1751232668490 0.8438028693199158 11436
1751232669607 0.5194278359413147 11437
1751232670685 0.835752010345459 11438
1751232671931 1.1287411451339722 11439
1751232672952 0.8022770881652832 11440
1751232673988 0.628014326095581 11441
1751232675072 0.5840598344802856 11442
1751232676140 0.7734971046447754 11443
1751232677157 0.8822386860847473 11444
1751232678033 0.9728263020515442 11445
1751232679098 0.7077364325523376 11446
1751232680144 1.0760328769683838 11447
1751232681279 0.594889760017395 11448
1751232682642 1.1133986711502075 11449
1751232683835 0.6065848469734192 11450
1751232684898 1.0831787586212158 11451
1751232685930 1.2122416496276855 11452
1751232686998 0.7600709199905396 11453
1751232688037 1.09269118309021 11454
1751232689070 0.6033176183700562 11455
1751232690107 1.0490424633026123 11456
1751232691182 0.5334138870239258 11457
1751232692523 0.5804022550582886 11458
1751232693670 0.7514907121658325 11459
1751232694732 0.6615384221076965 11460
1751232695783 0.6378906965255737 11461
1751232696811 0.7676029205322266 11462
1751232697878 1.361451506614685 11463
1751232698965 0.6305952072143555 11464
1751232700001 1.3437837362289429 11465
1751232701039 0.5250495672225952 11466
1751232701936 1.286453127861023 11467
1751232703269 1.106152057647705 11468
1751232704306 0.6728100776672363 11469
1751232705342 0.7182129621505737 11470
1751232706388 0.5281175971031189 11471
1751232707470 0.8642040491104126 11472
1751232708517 1.0495647192001343 11473
1751232709555 0.7453172206878662 11474
1751232710595 0.7968999147415161 11475
1751232711686 0.5899028778076172 11476
1751232713009 0.6760149002075195 11477
1751232714046 1.132620096206665 11478
1751232715111 0.8023344874382019 11479
1751232716157 0.8622013330459595 11480
1751232717210 0.5900893211364746 11481
1751232718325 0.77851402759552 11482
1751232719367 0.7999221682548523 11483
1751232720387 0.6673306822776794 11484
1751232721429 0.59621661901474 11485
1751232722706 0.6507869958877563 11486
1751232723767 0.8931348919868469 11487
1751232724791 0.6663819551467896 11488
1751232725831 1.046679139137268 11489
1751232726910 0.7911416888237 11490
1751232727934 0.9771406054496765 11491
1751232729045 0.6958997845649719 11492
1751232730105 0.5159319639205933 11493
1751232731186 0.4493469297885895 11494
1751232732238 0.268059641122818 11495
1751232733582 0.38031232357025146 11496
1751232734644 0.8696423768997192 11497
1751232735674 0.9794363379478455 11498
1751232736710 0.9064294099807739 11499
1751232737778 1.0089898109436035 11500
1751232738837 0.9019932150840759 11501
1751232739935 0.6119393706321716 11502
1751232741008 0.8759331703186035 11503
1751232742116 0.68912273645401 11504
1751232743408 0.6077793836593628 11505
1751232744604 1.5118197202682495 11506
1751232745829 0.5693018436431885 11507
1751232746914 0.11725745350122452 11508
1751232747955 1.0879487991333008 11509
1751232749002 1.1158889532089233 11510
1751232750075 0.6743501424789429 11511
1751232751178 0.8534995317459106 11512
1751232752257 0.8922473192214966 11513
1751232753321 0.18728217482566833 11514
1751232754608 0.7329956889152527 11515
1751232755689 0.7526403069496155 11516
1751232756610 0.7134518623352051 11517
1751232757665 2.229138135910034 11518
1751232758750 0.5728788375854492 11519
1751232759805 1.2409025430679321 11520
1751232760865 0.5700632929801941 11521
1751232762077 0.6754429936408997 11522
1751232763246 1.0531575679779053 11523
1751232764596 0.6386025547981262 11524
1751232765647 0.8819507956504822 11525
1751232766704 1.5894922018051147 11526
1751232767803 1.0001463890075684 11527
1751232768832 0.7355814576148987 11528
1751232769881 0.7174497842788696 11529
1751232770925 1.0159306526184082 11530
1751232771983 1.126377820968628 11531
1751232773053 0.8366909623146057 11532
1751232774112 0.3339313268661499 11533
1751232775526 1.0258818864822388 11534
1751232776631 0.4592028558254242 11535
1751232777681 0.6438149809837341 11536
1751232778803 1.0270241498947144 11537
1751232779845 0.7648400068283081 11538
1751232780865 0.9015669822692871 11539
1751232781943 0.5878565907478333 11540
1751232782989 0.8571704030036926 11541
1751232784014 0.6539942026138306 11542
1751232785357 0.7965185046195984 11543
1751232786452 0.7352710962295532 11544
1751232787511 0.9345980882644653 11545
1751232788554 0.8378319144248962 11546
1751232789616 1.0018330812454224 11547
1751232790665 1.0174587965011597 11548
1751232791697 0.5234803557395935 11549
1751232792729 0.48048123717308044 11550
1751232793769 0.7087817788124084 11551
1751232794847 0.765285849571228 11552
1751232796159 1.7972328662872314 11553
1751232797159 1.023821473121643 11554
1751232798271 1.274433970451355 11555
1751232799336 0.7012943029403687 11556
1751232800359 1.136198878288269 11557
1751232801413 0.5989474654197693 11558
1751232802453 1.0791877508163452 11559
1751232803486 0.669003427028656 11560
1751232804409 0.6296284794807434 11561
1751232805760 0.6984390616416931 11562
1751232806791 0.3899516761302948 11563
1751232807852 0.9999181628227234 11564
1751232808935 1.174729585647583 11565
1751232809978 0.8046212196350098 11566
1751232811048 0.8267993927001953 11567
1751232811935 0.5633315443992615 11568
1751232813036 0.4839611351490021 11569
1751232813989 1.5887902975082397 11570
1751232815054 1.211733102798462 11571
1751232816391 0.6083620190620422 11572
1751232817433 0.614010751247406 11573
1751232818511 1.1541962623596191 11574
1751232819589 1.138270616531372 11575
1751232820655 0.6882323622703552 11576
1751232821774 0.4935198724269867 11577
1751232822830 0.7511835098266602 11578
1751232823867 0.20114168524742126 11579
1751232824886 0.8809782862663269 11580
1751232826178 1.4269670248031616 11581
1751232827299 0.5485675930976868 11582
1751232828310 0.6407122611999512 11583
1751232829354 0.3821483850479126 11584
1751232830386 1.251886010169983 11585
1751232831344 3.233529806137085 11586
1751232832477 1.2203058004379272 11587
1751232833538 0.8600468039512634 11588
1751232834573 0.6612269282341003 11589
1751232835641 0.5419202446937561 11590
1751232836815 0.7709977030754089 11591
1751232837872 0.7964459657669067 11592
1751232838956 0.3849864602088928 11593
1751232840045 0.6040670275688171 11594
1751232841043 1.1647359132766724 11595
1751232842244 0.7370921969413757 11596
1751232843194 0.9301819205284119 11597
1751232844292 1.0996530055999756 11598
1751232845333 0.9203640818595886 11599
1751232846606 0.7668412327766418 11600
1751232847622 0.2678133249282837 11601
1751232848675 1.0559295415878296 11602
1751232849783 0.9822576642036438 11603
1751232850885 0.6583924889564514 11604
1751232851987 0.5827357769012451 11605
1751232853047 0.8443248867988586 11606
1751232854129 0.4584822356700897 11607
1751232855224 0.1821381151676178 11608
1751232856686 0.8639706969261169 11609
1751232857803 0.5861925482749939 11610
1751232858879 2.1767501831054688 11611
1751232859941 0.6427029967308044 11612
1751232861025 1.2742834091186523 11613
1751232862067 1.1591894626617432 11614
1751232863104 1.504290223121643 11615
1751232864154 0.530335545539856 11616
1751232865236 0.6399262547492981 11617
1751232866322 0.5288662910461426 11618
1751232867645 0.8021106719970703 11619
1751232868735 0.6681715846061707 11620
1751232869773 0.8152233362197876 11621
1751232870830 1.1120496988296509 11622
1751232871761 1.1592212915420532 11623
1751232872835 0.6397687196731567 11624
1751232873906 0.6325666308403015 11625
1751232875035 0.6081911325454712 11626
1751232876297 0.7264001369476318 11627
1751232877754 1.0961520671844482 11628
1751232878778 0.6418007016181946 11629
1751232879742 1.6636985540390015 11630
1751232880780 1.2503995895385742 11631
1751232881716 0.7298990488052368 11632
1751232882774 0.5978036522865295 11633
1751232883733 0.999729335308075 11634
1751232884766 0.5409644842147827 11635
1751232885840 1.0104084014892578 11636
1751232887170 1.0245417356491089 11637
1751232888255 0.8579456210136414 11638
1751232889331 0.7912272810935974 11639
1751232890385 1.4508744478225708 11640
1751232891406 0.8384647369384766 11641
1751232892445 0.5294095873832703 11642
1751232893519 1.2148486375808716 11643
1751232894586 0.9731201529502869 11644
1751232895604 0.6992830634117126 11645
1751232896932 1.5367393493652344 11646
1751232898013 0.7737467885017395 11647
1751232899040 0.7210991978645325 11648
1751232900118 0.6641123294830322 11649
1751232901169 0.7064454555511475 11650
1751232902217 0.4379900097846985 11651
1751232903169 1.5301402807235718 11652
1751232904258 0.7433473467826843 11653
1751232905327 0.4871846139431 11654
1751232906404 0.721312403678894 11655
1751232907825 0.7321723699569702 11656
1751232908889 0.7022120356559753 11657
1751232909997 0.6616474986076355 11658
1751232911055 0.5865927934646606 11659
1751232912134 0.5938413143157959 11660
1751232913245 1.2630236148834229 11661
1751232914308 0.7733849883079529 11662
1751232915334 0.993043065071106 11663
1751232916397 0.597610592842102 11664
1751232917715 1.052688717842102 11665
1751232918751 0.7745312452316284 11666
1751232919784 0.5594448447227478 11667
1751232920799 0.5691617727279663 11668
1751232921835 1.1008480787277222 11669
1751232922873 0.5452035069465637 11670
1751232923900 1.5998119115829468 11671
1751232924939 0.8420700430870056 11672
1751232925983 0.40057551860809326 11673
1751232927304 0.39950209856033325 11674
1751232928326 0.79474937915802 11675
1751232929402 1.019407033920288 11676
1751232930455 0.6835939288139343 11677
1751232931577 1.217703104019165 11678
1751232932645 0.419023334980011 11679
1751232933679 0.6188623905181885 11680
1751232934714 0.8823933005332947 11681
1751232935655 1.3962041139602661 11682
1751232936977 1.1372126340866089 11683
1751232938044 0.42027345299720764 11684
1751232939134 1.1443315744400024 11685
1751232940218 0.629906952381134 11686
1751232941295 0.8279444575309753 11687
1751232942429 0.9626631140708923 11688
1751232943673 1.0205787420272827 11689
1751232944717 1.1375441551208496 11690
1751232945780 1.182368278503418 11691
1751232947103 0.9751482009887695 11692
1751232948188 0.723162829875946 11693
1751232949248 0.6832178235054016 11694
1751232950291 0.490951269865036 11695
1751232951384 0.8899626135826111 11696
1751232952434 0.9871614575386047 11697
1751232953475 1.013261079788208 11698
1751232954565 0.8175444006919861 11699
1751232955514 1.3738330602645874 11700
1751232956581 0.9743973016738892 11701
1751232957959 0.6497043371200562 11702
1751232959067 1.07660973072052 11703
1751232960243 0.7128726840019226 11704
1751232961329 0.546501100063324 11705
1751232962387 1.1300300359725952 11706
1751232963444 0.7554324865341187 11707
1751232964480 0.5850912928581238 11708
1751232965554 2.398061513900757 11709
1751232966612 0.9976255297660828 11710
1751232967827 1.057077169418335 11711
1751232968903 0.7136165499687195 11712
1751232969954 0.76272052526474 11713
1751232971057 0.7061956524848938 11714
1751232972142 1.234126329421997 11715
1751232973226 1.4770475625991821 11716
1751232974276 0.7512288689613342 11717
1751232975342 1.2549985647201538 11718
1751232976555 0.6806514859199524 11719
1751232977961 0.7016140818595886 11720
1751232979071 0.6976624727249146 11721
1751232980122 1.0743465423583984 11722
1751232981199 1.2039090394973755 11723
1751232982246 0.8119060397148132 11724
1751232983322 0.8058962821960449 11725
1751232984234 1.083562970161438 11726
1751232985312 0.3412574231624603 11727
1751232986382 0.7689798474311829 11728
1751232987708 0.37774109840393066 11729
1751232988775 0.7523137927055359 11730
1751232989847 0.7736937999725342 11731
1751232990900 0.5933230519294739 11732
1751232991945 1.1170815229415894 11733
1751232993058 1.1267979145050049 11734
1751232994119 0.9393577575683594 11735
1751232995158 1.097796082496643 11736
1751232996204 0.6045382618904114 11737
1751232997306 0.5886616110801697 11738
1751232998622 1.177448034286499 11739
1751232999686 0.7595335245132446 11740
1751233000755 1.2680552005767822 11741
1751233001802 0.5800806283950806 11742
1751233002852 0.9171040654182434 11743
1751233003942 1.465997576713562 11744
1751233004992 0.4692908823490143 11745
1751233006093 1.4702730178833008 11746
1751233007182 0.5232738256454468 11747
1751233008710 0.8870317339897156 11748
1751233009736 0.5173155069351196 11749
1751233010796 0.7713841795921326 11750
1751233011705 1.0516549348831177 11751
1751233012742 0.9356240034103394 11752
1751233013804 0.7933316230773926 11753
1751233014802 0.7498820424079895 11754
1751233015876 0.7505394220352173 11755
1751233016919 0.7070093154907227 11756
1751233018233 1.004771113395691 11757
1751233019316 1.3265947103500366 11758
1751233020212 0.4127644896507263 11759
1751233021236 1.0418697595596313 11760
1751233022174 0.80642169713974 11761
1751233023215 0.6957359910011292 11762
1751233024345 0.583031415939331 11763
1751233025366 1.0371125936508179 11764
1751233026454 0.9209844470024109 11765
1751233027740 0.6636224389076233 11766
1751233028797 1.0293316841125488 11767
1751233029820 0.7512669563293457 11768
1751233030868 1.0300922393798828 11769
1751233031942 0.5027969479560852 11770
1751233033005 0.694178581237793 11771
1751233034091 0.8226246237754822 11772
1751233035114 0.9719066619873047 11773
1751233036198 1.0491001605987549 11774
1751233037563 0.11593805253505707 11775
1751233038650 0.6897122263908386 11776
1751233039701 0.7469518184661865 11777
1751233040761 0.5719542503356934 11778
1751233041810 0.7593884468078613 11779
1751233042881 0.685086190700531 11780
1751233043963 0.7765840291976929 11781
1751233045111 0.7926341891288757 11782
1751233046160 0.7110428810119629 11783
1751233047688 0.7302412390708923 11784
1751233048853 0.686744213104248 11785
1751233049907 0.7299055457115173 11786
1751233050787 0.92466139793396 11787
1751233051691 0.6524423360824585 11788
1751233052829 0.7133811712265015 11789
1751233053867 0.6532394289970398 11790
1751233054911 0.6216757297515869 11791
1751233055980 0.4810771048069 11792
1751233057034 1.1865662336349487 11793
1751233058341 1.3468505144119263 11794
1751233059422 1.0332618951797485 11795
1751233060450 1.0008876323699951 11796
1751233061520 0.4185671806335449 11797
1751233062597 0.6475560069084167 11798
1751233063783 0.9356393814086914 11799
1751233064896 0.2894538640975952 11800
1751233065954 1.1434589624404907 11801
1751233067026 1.0556674003601074 11802
1751233068403 0.8322011232376099 11803
1751233069504 0.7412515878677368 11804
1751233070549 0.8341881036758423 11805
1751233071579 0.5501348972320557 11806
1751233072462 2.1065568923950195 11807
1751233073515 0.47683119773864746 11808
1751233074550 0.8341413140296936 11809
1751233075477 1.0392016172409058 11810
1751233076580 0.7342081665992737 11811
1751233077852 0.71624755859375 11812
1751233078904 1.3351726531982422 11813
1751233079789 1.395262598991394 11814
1751233080858 0.9093946814537048 11815
1751233081948 2.670207977294922 11816
1751233083004 0.8745260238647461 11817
1751233084101 1.0796362161636353 11818
1751233085206 0.5952340364456177 11819
1751233086254 0.6374431848526001 11820
1751233087576 1.4548085927963257 11821
1751233088657 0.682771623134613 11822
1751233089694 0.7442731261253357 11823
1751233090782 0.5329036116600037 11824
1751233091807 0.7006187438964844 11825
1751233092894 1.4096382856369019 11826
1751233093984 0.5344530940055847 11827
1751233095029 0.9524822235107422 11828
1751233096113 0.8747854828834534 11829
1751233097129 0.9623354077339172 11830
1751233098437 1.2051705121994019 11831
1751233099483 0.7543679475784302 11832
1751233100519 1.01577627658844 11833
1751233101668 1.0384219884872437 11834
1751233102751 0.9439285397529602 11835
1751233103804 0.8458145260810852 11836
1751233104838 0.6267525553703308 11837
1751233105886 0.3588067293167114 11838
1751233106956 0.3430418074131012 11839
1751233108397 0.7556814551353455 11840
1751233109434 0.7286767363548279 11841
1751233110319 1.5146890878677368 11842
1751233111468 0.16900096833705902 11843
1751233112511 0.6184042096138 11844
1751233113623 0.9446685910224915 11845
1751233114704 2.027167558670044 11846
1751233115744 0.5427553057670593 11847
1751233116813 0.5174577236175537 11848
1751233118189 0.8517643213272095 11849
1751233119216 0.7028176188468933 11850
1751233120304 0.5978748202323914 11851
1751233121404 0.5284786820411682 11852
1751233122490 0.4638851583003998 11853
1751233123566 0.6260822415351868 11854
1751233124627 0.025894641876220703 11855
1751233125683 1.2999705076217651 11856
1751233126884 0.5785096287727356 11857
1751233128258 1.082407832145691 11858
1751233129398 0.7804604768753052 11859
1751233130452 1.015668272972107 11860
1751233131473 0.6615321040153503 11861
1751233132527 0.6832227110862732 11862
1751233133645 0.44819551706314087 11863
1751233134682 0.6762855648994446 11864
1751233135589 0.6666564345359802 11865
1751233136672 1.0347017049789429 11866
1751233137740 0.5907878279685974 11867
1751233139150 0.8662471175193787 11868
1751233140241 0.7399019598960876 11869
1751233141300 0.988395094871521 11870
1751233142388 0.5301784873008728 11871
1751233143607 1.1873465776443481 11872
1751233144687 1.080992341041565 11873
1751233145790 0.7059335708618164 11874
1751233146841 0.5852245688438416 11875
1751233147935 0.7269805669784546 11876
1751233149212 0.6883018612861633 11877
1751233150309 0.7684666514396667 11878
1751233151394 1.2860994338989258 11879
1751233152477 1.0176385641098022 11880
1751233153538 0.8651376962661743 11881
1751233154579 0.49566012620925903 11882
1751233155635 0.5400681495666504 11883
1751233156673 3.2144432067871094 11884
1751233157864 0.4386712312698364 11885
1751233159141 0.7792885899543762 11886
1751233160208 0.8472927212715149 11887
1751233161238 1.664147973060608 11888
1751233162345 0.7782416939735413 11889
1751233163394 1.19279944896698 11890
1751233164471 0.8041213154792786 11891
1751233165568 0.5154119729995728 11892
1751233166599 1.2678308486938477 11893
1751233167732 1.2891712188720703 11894
1751233168752 0.8810081481933594 11895
1751233170167 0.8677305579185486 11896
1751233171281 0.683264434337616 11897
1751233172218 1.5397413969039917 11898
1751233173287 0.6018924713134766 11899
1751233174351 0.8073264956474304 11900
1751233175430 0.5259025692939758 11901
1751233176491 1.5067970752716064 11902
1751233177586 1.4098548889160156 11903
1751233178633 1.0272854566574097 11904
1751233179752 2.071847915649414 11905
1751233180784 0.5371466875076294 11906
1751233181844 0.8906174898147583 11907
1751233182882 0.9016038775444031 11908
1751233183934 0.6507980823516846 11909
1751233184988 0.6249303817749023 11910
1751233186026 0.3086211085319519 11911
1751233187087 0.7398900985717773 11912
1751233188472 0.6459600925445557 11913
1751233189526 0.5359562039375305 11914
1751233190613 0.8449954986572266 11915
1751233191645 0.07659438997507095 11916
1751233192698 0.6766263842582703 11917
1751233193639 1.164385199546814 11918
1751233194666 1.0871211290359497 11919
1751233195695 0.6869685649871826 11920
1751233196707 0.5764707922935486 11921
1751233198036 0.7874452471733093 11922
1751233199135 0.39435672760009766 11923
1751233200172 0.021304743364453316 11924
1751233201172 0.48971232771873474 11925
1751233202242 0.6408306956291199 11926
1751233203321 0.6355269551277161 11927
1751233204396 0.712474524974823 11928
1751233205372 0.802372395992279 11929
1751233206416 0.5724077224731445 11930
1751233207819 0.15399980545043945 11931
1751233208869 0.8114439845085144 11932
1751233209938 0.8026737570762634 11933
1751233210962 0.6419708132743835 11934
1751233212011 1.1238434314727783 11935
1751233213090 1.01982843875885 11936
1751233214114 2.1830456256866455 11937
1751233215196 0.9852559566497803 11938
1751233216253 0.7266830801963806 11939
1751233217146 0.9001603126525879 11940
1751233218547 0.7301164865493774 11941
1751233219637 0.9795822501182556 11942
1751233220709 0.9620844125747681 11943
1751233221876 0.6785163283348083 11944
1751233222896 2.248049259185791 11945
1751233223971 1.0661513805389404 11946
1751233225024 0.6328927874565125 11947
1751233226056 0.41371843218803406 11948
1751233227147 0.8095471262931824 11949
1751233228422 1.0952039957046509 11950
1751233229497 0.6377468109130859 11951
1751233230558 0.705554187297821 11952
1751233231621 0.9185161590576172 11953
1751233232692 1.9960304498672485 11954
1751233233761 0.7638039588928223 11955
1751233234807 0.8716496825218201 11956
1751233235857 0.35350364446640015 11957
1751233236904 1.6471260786056519 11958
1751233238372 0.6261624693870544 11959
1751233239509 0.5622724890708923 11960
1751233240592 0.9002338647842407 11961
1751233241637 1.821528434753418 11962
1751233242680 0.5893107652664185 11963
1751233243763 0.9936241507530212 11964
1751233244823 0.6591230630874634 11965
1751233245922 1.2083539962768555 11966
1751233247021 0.9900146722793579 11967
1751233248327 1.033503770828247 11968
1751233249398 0.8887675404548645 11969
1751233250467 0.7888194918632507 11970
1751233251569 0.5556684732437134 11971
1751233252619 1.2205595970153809 11972
1751233253726 0.9038947224617004 11973
1751233254921 0.2569092810153961 11974
1751233255982 0.9330248236656189 11975
1751233257254 0.7800070643424988 11976
1751233258311 0.5488566160202026 11977
1751233259376 0.5928886532783508 11978
1751233260417 0.8524684906005859 11979
1751233261466 1.1820356845855713 11980
1751233262558 1.0133682489395142 11981
1751233263668 0.6499968767166138 11982
1751233264745 0.27003782987594604 11983
1751233265803 0.15429726243019104 11984
1751233266900 0.6236090064048767 11985
1751233268252 0.690422773361206 11986
1751233269304 0.6714398264884949 11987
1751233270390 1.0787209272384644 11988
1751233271489 0.5400152206420898 11989
1751233272537 0.6185891032218933 11990
1751233273626 0.8888546228408813 11991
1751233274715 0.8164913058280945 11992
1751233275827 0.7896332144737244 11993
1751233277158 0.7287402749061584 11994
1751233278235 0.69504714012146 11995
1751233279272 0.6259611248970032 11996
1751233280288 1.0708563327789307 11997
1751233281348 0.906498908996582 11998
1751233282370 0.7609609961509705 11999
1751233283402 0.9287009239196777 12000
1751233284453 0.5318664312362671 12001
1751233285518 1.1585255861282349 12002
1751233286800 0.8817845582962036 12003
1751233287868 0.6546719670295715 12004
1751233288933 0.7383728623390198 12005
1751233289973 0.9440141916275024 12006
1751233291022 0.6877175569534302 12007
1751233292114 0.6880301237106323 12008
1751233293139 1.8621753454208374 12009
1751233294163 0.9286405444145203 12010
1751233295247 0.7390871047973633 12011
1751233296514 0.6963502168655396 12012
1751233297568 0.9204379320144653 12013
1751233298634 0.846129834651947 12014
1751233299568 1.0444329977035522 12015
1751233300665 0.6554836630821228 12016
1751233301599 2.5659701824188232 12017
1751233302618 0.8833208084106445 12018
1751233303569 0.8072355389595032 12019
1751233304607 1.1815552711486816 12020
1751233305898 0.489813894033432 12021
1751233306966 0.5599352121353149 12022
1751233308008 1.2393642663955688 12023
1751233309070 0.6143783926963806 12024
1751233310138 0.6998598575592041 12025
1751233311213 1.8830803632736206 12026
1751233312272 0.7674223780632019 12027
1751233313364 0.7149635553359985 12028
1751233314480 0.5644029974937439 12029
1751233315725 0.7666935920715332 12030
1751233316809 1.113718032836914 12031
1751233317991 0.7174031138420105 12032
1751233319031 0.578079342842102 12033
1751233320090 0.8345295190811157 12034
1751233321169 0.8387508392333984 12035
1751233322222 0.7112157344818115 12036
1751233323298 0.6372150182723999 12037
1751233324362 0.7652251720428467 12038
1751233325701 0.4496288299560547 12039
1751233326747 0.4312327206134796 12040
1751233327800 1.135050892829895 12041
1751233328893 0.9314355850219727 12042
1751233329959 1.0030994415283203 12043
1751233331006 1.3905986547470093 12044
1751233332085 0.7698399424552917 12045
1751233333128 0.6321210265159607 12046
1751233334561 0.5538797378540039 12047
1751233335675 0.5408671498298645 12048
1751233336767 0.7893764972686768 12049
1751233337834 0.7290417551994324 12050
1751233338865 0.7564327120780945 12051
1751233339969 0.11736597120761871 12052
1751233341012 0.7972831726074219 12053
1751233342060 0.8948180079460144 12054
1751233343094 0.8664615750312805 12055
1751233344406 1.31101655960083 12056
1751233345464 0.6160674095153809 12057
1751233346503 0.708253026008606 12058
1751233347553 0.70954829454422 12059
1751233348571 0.5987750887870789 12060
1751233349788 1.0395501852035522 12061
1751233350900 0.6271543502807617 12062
1751233351949 1.3387941122055054 12063
1751233353035 0.7103855013847351 12064
1751233354362 0.39324110746383667 12065
1751233355430 0.7737426161766052 12066
1751233356529 0.8007215857505798 12067
1751233357616 1.0632421970367432 12068
1751233358676 0.709985077381134 12069
1751233359738 1.0248386859893799 12070
1751233360819 1.2155802249908447 12071
1751233361921 1.044176697731018 12072
1751233362975 0.6835967898368835 12073
1751233364234 0.914118766784668 12074
1751233365146 0.7253037691116333 12075
1751233366210 1.3840888738632202 12076
1751233367263 0.6609082221984863 12077
1751233368321 1.5404832363128662 12078
1751233369354 0.8607088923454285 12079
1751233370386 1.0527037382125854 12080
1751233371437 0.8291085362434387 12081
1751233372461 0.8989707231521606 12082
1751233373808 0.7809463739395142 12083
1751233374893 0.8727534413337708 12084
1751233375924 1.6159433126449585 12085
1751233376999 0.8509284853935242 12086
1751233378109 0.503366231918335 12087
1751233379156 0.5366639494895935 12088
1751233380236 0.6145531535148621 12089
1751233381178 1.352709412574768 12090
1751233382252 0.8877644538879395 12091
1751233383546 0.6257026195526123 12092
1751233384442 0.8002695441246033 12093
1751233385487 0.5354459881782532 12094
1751233386538 1.053228735923767 12095
1751233387615 0.8215017318725586 12096
1751233388699 0.7369754314422607 12097
1751233389787 0.5928805470466614 12098
1751233390854 0.7411050796508789 12099
1751233391917 0.6858518719673157 12100
1751233393183 0.45760372281074524 12101
1751233394225 0.7018093466758728 12102
1751233395318 0.8403592109680176 12103
1751233396229 0.9455963373184204 12104
1751233397284 0.9247390627861023 12105
1751233398188 1.3002270460128784 12106
1751233399259 0.16753080487251282 12107
1751233400322 0.5745058059692383 12108
1751233401585 0.7413141131401062 12109
1751233402690 0.8248829245567322 12110
1751233403734 0.6566560864448547 12111
1751233404788 0.7805973291397095 12112
1751233405841 0.026378577575087547 12113
1751233406916 0.5295672416687012 12114
1751233407979 0.7955431938171387 12115
1751233409053 0.9046472907066345 12116
1751233410120 0.779711902141571 12117
1751233411189 0.7514116168022156 12118
1751233412566 0.5689477324485779 12119
1751233413724 0.42724236845970154 12120
1751233414771 0.8140972256660461 12121
1751233415831 0.6548362374305725 12122
1751233416895 0.9993721842765808 12123
1751233417962 0.7246503233909607 12124
1751233419006 0.7538527846336365 12125
1751233420125 0.5718770623207092 12126
1751233421433 0.5467319488525391 12127
1751233422549 0.6725583672523499 12128
1751233423663 1.0520474910736084 12129
1751233424716 1.5745667219161987 12130
1751233425759 0.7094721794128418 12131
1751233426826 0.8321306109428406 12132
1751233427888 0.6706268191337585 12133
1751233429154 0.9291252493858337 12134
1751233430248 0.9831172823905945 12135
1751233431679 0.9427569508552551 12136
1751233432717 0.7756627202033997 12137
1751233433754 0.8608894348144531 12138
1751233434824 0.9668303728103638 12139
1751233435869 0.9495874643325806 12140
1751233436916 0.7207812666893005 12141
1751233437994 1.0743039846420288 12142
1751233439087 0.4062468111515045 12143
1751233440184 0.8557615280151367 12144
1751233441476 0.7936916947364807 12145
1751233442523 0.8573875427246094 12146
1751233443584 0.8455397486686707 12147
1751233444688 0.6735807061195374 12148
1751233445772 0.735173225402832 12149
1751233446833 0.7417284250259399 12150
1751233447874 0.6968821883201599 12151
1751233448935 0.8919981122016907 12152
1751233449993 0.7774075865745544 12153
1751233451280 0.9317317008972168 12154
1751233452308 0.7589141726493835 12155
1751233453350 0.8950387835502625 12156
1751233454247 1.1576117277145386 12157
1751233455348 0.8980752229690552 12158
1751233456414 0.9010652899742126 12159
1751233457484 1.6071869134902954 12160
1751233458532 0.8868980407714844 12161
1751233459623 0.8562531471252441 12162
1751233460725 0.14678622782230377 12163
1751233461789 1.9082527160644531 12164
1751233462815 0.9117207527160645 12165
1751233463891 1.9584362506866455 12166
1751233464947 0.8682661056518555 12167
1751233465983 0.688896119594574 12168
1751233467030 0.37283968925476074 12169
1751233468053 0.6174315810203552 12170
1751233469108 0.9767261743545532 12171
1751233470418 1.0418590307235718 12172
1751233471475 0.47484132647514343 12173
1751233472552 0.8949854969978333 12174
1751233473596 0.9407745599746704 12175
1751233474643 0.7482439875602722 12176
1751233475671 1.6398080587387085 12177
1751233476688 0.5858794450759888 12178
1751233477795 0.7321130037307739 12179
1751233479120 0.4492088854312897 12180
1751233480169 0.5914600491523743 12181
1751233481249 0.6702646613121033 12182
1751233482313 1.122379183769226 12183
1751233483222 2.141791582107544 12184
1751233484251 0.6801946759223938 12185
1751233485286 1.2106698751449585 12186
1751233486331 0.9213196635246277 12187
1751233487390 0.6000589728355408 12188
1751233488657 1.1088227033615112 12189
1751233489703 1.07917058467865 12190
1751233490812 1.0855894088745117 12191
1751233491875 0.8395595550537109 12192
1751233492920 0.4537465274333954 12193
1751233493970 0.8391581773757935 12194
1751233495029 0.8394573330879211 12195
1751233496087 0.6628968119621277 12196
1751233497118 1.059902310371399 12197
1751233498530 0.7905364036560059 12198
1751233499608 0.6574923396110535 12199
1751233500669 0.965461015701294 12200
1751233501763 0.6740694046020508 12201
1751233502656 0.9185892343521118 12202
1751233503719 0.8090347647666931 12203
1751233504796 0.7475932240486145 12204
1751233505927 0.5329561233520508 12205
1751233507012 0.7562109231948853 12206
1751233508504 1.0358697175979614 12207
1751233509665 0.5833186507225037 12208
1751233510719 1.0581775903701782 12209
1751233511773 0.876648485660553 12210
1751233512711 0.5745121240615845 12211
1751233513732 0.46527981758117676 12212
1751233514785 0.7190313339233398 12213
1751233515860 0.5723271369934082 12214
1751233517128 0.8819740414619446 12215
1751233518201 0.6870559453964233 12216
1751233519295 0.9168604016304016 12217
1751233520370 0.8730759024620056 12218
1751233521434 0.9028037190437317 12219
1751233522522 0.4574054777622223 12220
1751233523570 0.708285927772522 12221
1751233524820 0.888684093952179 12222
1751233525978 0.759213924407959 12223
1751233526888 0.9677202105522156 12224
1751233528160 0.5990145206451416 12225
1751233529225 0.7666573524475098 12226
1751233530171 0.9984119534492493 12227
1751233531234 0.983738362789154 12228
1751233532294 0.8139328956604004 12229
1751233533347 0.963648796081543 12230
1751233534384 0.8875029683113098 12231
1751233535354 0.8850099444389343 12232
1751233536663 1.497814655303955 12233
1751233537554 2.8117034435272217 12234
1751233538625 1.5745397806167603 12235
1751233539696 1.9484894275665283 12236
1751233540737 0.8423492312431335 12237
1751233541975 0.35971611738204956 12238
1751233543019 2.2598965167999268 12239
1751233544051 0.45111972093582153 12240
1751233545149 0.9468539357185364 12241
1751233546434 0.7187997698783875 12242
1751233547510 1.1407886743545532 12243
1751233548623 0.25053951144218445 12244
1751233549673 0.09138236194849014 12245
1751233550736 0.7289871573448181 12246
1751233551825 0.333686500787735 12247
1751233552901 0.8167943954467773 12248
1751233553963 0.6948390007019043 12249
1751233555016 1.4395363330841064 12250
1751233556309 0.6603445410728455 12251
1751233557396 0.4596935212612152 12252
1751233558472 1.0161106586456299 12253
1751233559340 0.9078050851821899 12254
1751233560228 1.3429046869277954 12255
1751233561282 0.6884236335754395 12256
1751233562363 0.5248003602027893 12257
1751233563425 0.8884391784667969 12258
1751233564481 0.9022987484931946 12259
1751233565872 0.6816002726554871 12260
1751233566985 0.7842475175857544 12261
1751233568059 0.9763633608818054 12262
1751233569148 0.6857203841209412 12263
1751233570230 0.8128148913383484 12264
1751233571276 2.334629774093628 12265
1751233572357 0.5967625975608826 12266
1751233573393 1.0373207330703735 12267
1751233574676 0.2634207606315613 12268
1751233575764 0.3163086175918579 12269
1751233576805 0.5916143655776978 12270
1751233577973 0.8468751311302185 12271
1751233579023 0.5369229316711426 12272
1751233580083 1.3162596225738525 12273
1751233581153 0.8021469116210938 12274
1751233582215 1.0151246786117554 12275
1751233583288 0.6868587136268616 12276
1751233584352 0.768693208694458 12277
1751233585644 0.6240121126174927 12278
1751233586701 1.1940973997116089 12279
1751233587772 0.8721297383308411 12280
1751233588894 0.8631172180175781 12281
1751233589987 0.5316768288612366 12282
1751233591055 1.171167254447937 12283
1751233592107 0.8924427032470703 12284
1751233593217 1.1230924129486084 12285
1751233594544 1.4079898595809937 12286
1751233595590 0.8209092020988464 12287
1751233596650 0.6274973154067993 12288
1751233597685 0.620250940322876 12289
1751233598605 0.2629832625389099 12290
1751233599676 0.6840344667434692 12291
