1750997467474 0.5521130561828613 1
1750997598160 0.4046473503112793 2
1750997599526 0.4571572244167328 3
1750997600915 0.5148942470550537 4
1750997602245 0.39197400212287903 5
1750997603677 0.36718863248825073 6
1750997604988 0.6012025475502014 7
1750997606287 0.37628817558288574 8
1750997607629 0.3547060489654541 9
1750997608957 0.4215589165687561 10
1750997610309 0.3826024532318115 11
1750997611662 0.3005489706993103 12
1750997613023 0.3165063261985779 13
1750997614353 0.3195788264274597 14
1750997615633 0.3251070976257324 15
1750997616980 0.3977821171283722 16
1750997618308 0.40720972418785095 17
1750997619694 0.4569137692451477 18
1750997621024 0.3775082528591156 19
1750997622346 0.3050394058227539 20
1750997623684 0.328620970249176 21
1750997625027 0.3492792844772339 22
1750997626348 0.37359076738357544 23
1750997627745 0.4927152991294861 24
1750997629058 0.4130829870700836 25
1750997630381 0.3175370693206787 26
1750997631619 0.3663049042224884 27
1750997632953 0.3727571368217468 28
1750997634426 0.4680723249912262 29
1750997635802 0.41367560625076294 30
1750997637153 0.28736844658851624 31
1750997638527 0.43500757217407227 32
1750997639859 0.3596774935722351 33
1750997641163 0.33068013191223145 34
1750997642507 0.32927513122558594 35
1750997643818 0.3824937343597412 36
1750997645161 0.3018985092639923 37
1750997646486 0.43957674503326416 38
1750997647831 0.4291638135910034 39
1750997649207 0.46197301149368286 40
1750997650544 0.29184621572494507 41
1750997651868 0.4462403357028961 42
1750997653186 0.3480200469493866 43
1750997654427 0.4504082500934601 44
1750997655800 0.2575393319129944 45
1750997657144 0.3779011368751526 46
1750997658376 0.30377358198165894 47
1750997659756 0.2763024866580963 48
1750997661078 0.39355233311653137 49
1750997662390 0.3290236294269562 50
1750997663728 0.42657023668289185 51
1750997665079 0.3015626072883606 52
1750997666431 0.2689360976219177 53
1750997667760 0.39448481798171997 54
1750997669073 0.32995355129241943 55
1750997670388 0.3320668935775757 56
1750997671714 0.33223018050193787 57
1750997673091 0.4278325140476227 58
1750997674412 0.3726896047592163 59
1750997675763 0.33971017599105835 60
1750997677101 0.4178447723388672 61
1750997678422 0.33416682481765747 62
1750997679734 0.2899083197116852 63
1750997681135 0.3628145456314087 64
1750997682554 0.3450694680213928 65
1750997683893 0.29530957341194153 66
1750997685227 0.406011700630188 67
1750997686543 0.3259718418121338 68
1750997687882 0.3830263614654541 69
1750997689259 0.36322349309921265 70
1750997690590 0.39987966418266296 71
1750997691935 0.292416512966156 72
1750997693258 0.31786060333251953 73
1750997694557 0.30155009031295776 74
1750997695894 0.2788867950439453 75
1750997697207 0.3743540346622467 76
1750997698535 0.28224700689315796 77
1750997699850 0.3076856732368469 78
1750997701093 0.3745807707309723 79
1750997702453 0.24648287892341614 80
1750997703839 0.3991021513938904 81
1750997705182 0.35331112146377563 82
1750997706542 0.2394399642944336 83
1750997707880 0.29743337631225586 84
1750997709233 0.3766337037086487 85
1750997710590 0.3375054597854614 86
1750997711923 0.23391693830490112 87
1750997713278 0.3772258460521698 88
1750997714592 0.26872122287750244 89
1750997715831 0.2578112781047821 90
1750997717186 0.31628939509391785 91
1750997718560 0.24273192882537842 92
1750997719906 0.37436217069625854 93
1750997721292 0.3192637860774994 94
1750997722674 0.25750434398651123 95
1750997723916 0.3775668442249298 96
1750997725217 0.2958981692790985 97
1750997726519 0.2845507860183716 98
1750997727826 0.381002277135849 99
1750997729187 0.3689139783382416 100
1750997730622 0.2733716666698456 101
1750997731964 0.32214510440826416 102
1750997733275 0.317550927400589 103
1750997734589 0.35494568943977356 104
1750997735967 0.35101211071014404 105
1750997737287 0.26250606775283813 106
1750997738667 0.29669225215911865 107
1750997740092 0.2794785499572754 108
1750997741451 0.39399486780166626 109
1750997742800 0.3450140953063965 110
1750997744110 0.34646373987197876 111
1750997745477 0.27243927121162415 112
1750997746806 0.2981296479701996 113
1750997748152 0.38946712017059326 114
1750997749529 0.2709120213985443 115
1750997750882 0.32984524965286255 116
1750997752195 0.272962749004364 117
1750997753510 0.31617820262908936 118
1750997754759 0.3965109586715698 119
1750997756075 0.2702152729034424 120
1750997757390 0.2862918972969055 121
1750997758785 0.29574376344680786 122
1750997760148 0.34996354579925537 123
1750997761483 0.37104421854019165 124
1750997762807 0.4519428014755249 125
1750997764093 0.35557031631469727 126
1750997765436 0.3400113880634308 127
1750997766751 0.29823291301727295 128
1750997768054 0.28559303283691406 129
1750997769455 0.29537224769592285 130
1750997770810 0.31945550441741943 131
1750997772127 0.37017929553985596 132
1750997773559 0.28943708539009094 133
1750997774971 0.33763283491134644 134
1750997776299 0.23288826644420624 135
1750997777650 0.35551613569259644 136
1750997778964 0.24518582224845886 137
1750997780298 0.3481024503707886 138
1750997781543 0.3715347945690155 139
1750997782896 0.37305715680122375 140
1750997784197 0.35053256154060364 141
1750997785534 0.2897842526435852 142
1750997786862 0.33366358280181885 143
1750997788182 0.4170059859752655 144
1750997789514 0.3022831678390503 145
1750997790838 0.26375821232795715 146
1750997792198 0.2631898820400238 147
1750997793595 0.23962900042533875 148
1750997794911 0.2981792688369751 149
1750997796302 0.322645366191864 150
1750997797577 0.3946336507797241 151
1750997798906 0.3883192539215088 152
1750997800265 0.30669087171554565 153
1750997801652 0.2987772524356842 154
1750997802913 0.3408973217010498 155
1750997804305 0.31143686175346375 156
1750997805610 0.29473188519477844 157
1750997807022 0.34661436080932617 158
1750997808334 0.37872326374053955 159
1750997809655 0.33603203296661377 160
1750997810976 0.3111742436885834 161
1750997812355 0.3478834927082062 162
1750997813762 0.31215766072273254 163
1750997815073 0.3347242772579193 164
1750997816461 0.2934843897819519 165
1750997817828 0.3533695340156555 166
1750997819151 0.35444867610931396 167
1750997820467 0.2642558813095093 168
1750997821781 0.28818562626838684 169
1750997823105 0.2523353695869446 170
1750997824419 0.3388518989086151 171
1750997825768 0.38329389691352844 172
1750997827078 0.39097800850868225 173
1750997828387 0.24124014377593994 174
1750997829698 0.33020463585853577 175
1750997831023 0.3249529004096985 176
1750997832344 0.3592599630355835 177
1750997833722 0.3516381084918976 178
1750997835058 0.30584293603897095 179
1750997836284 0.3829459547996521 180
1750997837638 0.2867697477340698 181
1750997838907 0.4031398594379425 182
1750997840236 0.3812224268913269 183
1750997841574 0.30654096603393555 184
1750997842885 0.38420921564102173 185
1750997844202 0.291658878326416 186
1750997845556 0.3936951458454132 187
1750997846898 0.4222692847251892 188
1750997848308 0.2641584873199463 189
1750997849652 0.2713250517845154 190
1750997851027 0.3020743131637573 191
1750997852388 0.2563997805118561 192
1750997853710 0.34809842705726624 193
1750997855034 0.2728089690208435 194
1750997856390 0.2809417247772217 195
1750997857755 0.3365243375301361 196
1750997859101 0.3025209903717041 197
1750997860484 0.3572385907173157 198
1750997861822 0.2974696755409241 199
1750997863163 0.3565545380115509 200
1750997864520 0.3504917025566101 201
1750997865871 0.4067126214504242 202
1750997867205 0.24691790342330933 203
1750997868540 0.32579219341278076 204
1750997869879 0.30915552377700806 205
1750997871230 0.2621171474456787 206
1750997872589 0.3204793334007263 207
1750997873934 0.3054962158203125 208
1750997875262 0.36218902468681335 209
1750997876599 0.29287290573120117 210
1750997877883 0.4319482147693634 211
1750997879229 0.2795584499835968 212
1750997880582 0.3009203374385834 213
1750997881897 0.21260036528110504 214
1750997883319 0.3099874258041382 215
1750997884632 0.30814802646636963 216
1750997886020 0.27717986702919006 217
1750997887342 0.2406715601682663 218
1750997888673 0.2315855175256729 219
1750997890060 0.29317012429237366 220
1750997891373 0.2468092441558838 221
1750997892756 0.34352293610572815 222
1750997894082 0.3437572717666626 223
1750997895455 0.4098500907421112 224
1750997896830 0.329918771982193 225
1750997898142 0.25864100456237793 226
1750997899506 0.3261493146419525 227
1750997900847 0.3099951148033142 228
1750997902174 0.2596917748451233 229
1750997903776 0.24735301733016968 230
1750997905126 0.289529949426651 231
1750997906447 0.3035142123699188 232
1750997907781 0.29141998291015625 233
1750997909112 0.27389851212501526 234
1750997910455 0.3491972088813782 235
1750997911826 0.31314074993133545 236
1750997913144 0.33950644731521606 237
1750997914464 0.3639366328716278 238
1750997915813 0.35116639733314514 239
1750997917194 0.3269873857498169 240
1750997918528 0.30135536193847656 241
1750997919867 0.30781373381614685 242
1750997921205 0.2698860764503479 243
1750997922551 0.30403757095336914 244
1750997923886 0.310580313205719 245
1750997925275 0.26359838247299194 246
1750997926596 0.31013908982276917 247
1750997927938 0.28745755553245544 248
1750997929236 0.3852047920227051 249
1750997930553 0.28605347871780396 250
1750997931879 0.3180842101573944 251
1750997933216 0.28937068581581116 252
1750997934552 0.3860957622528076 253
1750997935930 0.29635947942733765 254
1750997937253 0.32700568437576294 255
1750997938671 0.3386836051940918 256
1750997940077 0.3210768699645996 257
1750997941315 0.27789121866226196 258
1750997942658 0.3454803228378296 259
1750997943972 0.3482931852340698 260
1750997945311 0.282400906085968 261
1750997946628 0.35646891593933105 262
1750997947961 0.34808585047721863 263
1750997949269 0.2579488754272461 264
1750997950663 0.2769564688205719 265
1750997952021 0.26860731840133667 266
1750997953353 0.25158965587615967 267
1750997954752 0.2822936773300171 268
1750997956085 0.35168370604515076 269
1750997957388 0.287059485912323 270
1750997958703 0.2817131280899048 271
1750997960071 0.27547281980514526 272
1750997961333 0.37607449293136597 273
1750997962654 0.2626422047615051 274
1750997964034 0.29850804805755615 275
1750997965369 0.36355826258659363 276
1750997966702 0.3904407024383545 277
1750997968035 0.36114031076431274 278
1750997969374 0.23941870033740997 279
1750997970724 0.2954193353652954 280
1750997972068 0.3103422522544861 281
1750997973430 0.2871449887752533 282
1750997974766 0.3658011853694916 283
1750997976091 0.37383919954299927 284
1750997977444 0.2471962571144104 285
1750997978785 0.34143906831741333 286
1750997980134 0.25382354855537415 287
1750997981483 0.3164833188056946 288
1750997982821 0.27649497985839844 289
1750997984142 0.25835686922073364 290
1750997985492 0.23375165462493896 291
1750997986818 0.3296287953853607 292
1750997988156 0.2514626383781433 293
1750997989466 0.2372937798500061 294
1750997990788 0.29563194513320923 295
1750997992119 0.24800996482372284 296
1750997993446 0.21069349348545074 297
1750997994782 0.3527677059173584 298
1750997996093 0.2600191831588745 299
1750997997414 0.259236216545105 300
1750997998714 0.3582088053226471 301
1750998000115 0.29358622431755066 302
1750998001436 0.3381507694721222 303
1750998002759 0.320010244846344 304
1750998004072 0.27730792760849 305
1750998005391 0.23574413359165192 306
1750998006720 0.3103337585926056 307
1750998008055 0.25201258063316345 308
1750998009363 0.3416658043861389 309
1750998010687 0.3272615075111389 310
1750998012010 0.2803415060043335 311
1750998013318 0.24595166742801666 312
1750998014636 0.2746017575263977 313
1750998015990 0.250304639339447 314
1750998017317 0.2100944221019745 315
1750998018627 0.34033840894699097 316
1750998019865 0.3567885458469391 317
1750998021124 0.4264101982116699 318
1750998022455 0.30201515555381775 319
1750998023812 0.2894173264503479 320
1750998025133 0.257771760225296 321
1750998026461 0.3331416845321655 322
1750998027774 0.2691592574119568 323
1750998029118 0.24932026863098145 324
1750998030440 0.2794113755226135 325
1750998031769 0.2850326895713806 326
1750998033094 0.25175368785858154 327
1750998034432 0.2803270220756531 328
1750998035756 0.32359054684638977 329
1750998037114 0.2852630019187927 330
1750998038439 0.3729538917541504 331
1750998039817 0.2515525817871094 332
1750998041151 0.3381112217903137 333
1750998042487 0.3430625796318054 334
1750998043724 0.349521666765213 335
1750998045071 0.3615228533744812 336
1750998046424 0.25054609775543213 337
1750998047770 0.27125558257102966 338
1750998049056 0.214066743850708 339
1750998050347 0.44831979274749756 340
1750998051722 0.28894728422164917 341
1750998053103 0.2605811059474945 342
1750998054419 0.30900856852531433 343
1750998055789 0.34609341621398926 344
1750998057107 0.2807445526123047 345
1750998058441 0.2381461262702942 346
1750998059758 0.2260274440050125 347
1750998061010 0.42442503571510315 348
1750998062349 0.27298855781555176 349
1750998063706 0.3597450256347656 350
1750998065044 0.34532466530799866 351
1750998066387 0.39293771982192993 352
1750998067706 0.25130367279052734 353
1750998069012 0.2758336365222931 354
1750998070320 0.3387278914451599 355
1750998071644 0.34029245376586914 356
1750998072996 0.27751463651657104 357
1750998074310 0.3229769468307495 358
1750998075624 0.3139621317386627 359
1750998076979 0.3208296298980713 360
1750998078301 0.2949422299861908 361
1750998079632 0.285957396030426 362
1750998080985 0.30170661211013794 363
1750998082376 0.30310487747192383 364
1750998083706 0.38159579038619995 365
1750998084996 0.4434111416339874 366
1750998086312 0.36651450395584106 367
1750998087631 0.306043803691864 368
1750998088939 0.3277852237224579 369
1750998090276 0.36193934082984924 370
1750998091588 0.24186824262142181 371
1750998092977 0.2639050781726837 372
1750998094294 0.3238459825515747 373
1750998095577 0.30061089992523193 374
1750998096885 0.22739875316619873 375
1750998098256 0.28145498037338257 376
1750998099563 0.33719027042388916 377
1750998100878 0.3137817978858948 378
1750998102134 0.44699668884277344 379
1750998103507 0.29065048694610596 380
1750998104842 0.33725523948669434 381
1750998106199 0.32974016666412354 382
1750998107517 0.340919554233551 383
1750998108855 0.21012410521507263 384
1750998110167 0.26965028047561646 385
1750998111480 0.25358498096466064 386
1750998112837 0.31849920749664307 387
1750998114195 0.34165409207344055 388
1750998115545 0.29857563972473145 389
1750998116903 0.3440486490726471 390
1750998118251 0.3008764982223511 391
1750998119647 0.31018856167793274 392
1750998120965 0.28966110944747925 393
1750998122334 0.23313096165657043 394
1750998123690 0.3513181209564209 395
1750998125022 0.33328843116760254 396
1750998126373 0.3268941044807434 397
1750998127731 0.29375970363616943 398
1750998129058 0.29268693923950195 399
1750998130389 0.3137992024421692 400
1750998131624 0.4342118501663208 401
1750998132962 0.3267442584037781 402
1750998134279 0.2631549537181854 403
1750998135607 0.25748080015182495 404
1750998136917 0.23112301528453827 405
1750998138183 0.40232789516448975 406
1750998139517 0.3056167960166931 407
1750998140838 0.33163371682167053 408
1750998142152 0.26223450899124146 409
1750998143479 0.2919590175151825 410
1750998144807 0.3333474397659302 411
1750998146150 0.14421871304512024 412
1750998147496 0.2940240800380707 413
1750998148823 0.25320935249328613 414
1750998150132 0.26287585496902466 415
1750998151444 0.2969767153263092 416
1750998152747 0.30141520500183105 417
1750998154060 0.35634636878967285 418
1750998155376 0.260586142539978 419
1750998156794 0.3276353180408478 420
1750998158202 0.2239179015159607 421
1750998159621 0.28603607416152954 422
1750998160945 0.2425684630870819 423
1750998162359 0.3061913251876831 424
1750998163695 0.29369890689849854 425
1750998165015 0.2571396231651306 426
1750998166361 0.29379916191101074 427
1750998167667 0.3086152970790863 428
1750998168900 0.3611188530921936 429
1750998170247 0.26079481840133667 430
1750998171575 0.2791040539741516 431
1750998172884 0.2820283770561218 432
1750998174205 0.2407926768064499 433
1750998175555 0.26014167070388794 434
1750998176794 0.27734440565109253 435
1750998178115 0.3049514591693878 436
1750998179433 0.27104517817497253 437
1750998180783 0.3825569450855255 438
1750998182094 0.35512083768844604 439
1750998183408 0.28999918699264526 440
1750998184723 0.3289763927459717 441
1750998185966 0.4149094223976135 442
1750998187309 0.2875846326351166 443
1750998188627 0.295677125453949 444
1750998189976 0.34076035022735596 445
1750998191376 0.28247886896133423 446
1750998192690 0.3080366849899292 447
1750998194005 0.25854045152664185 448
1750998195335 0.30776628851890564 449
1750998196743 0.32369107007980347 450
1750998198074 0.29211169481277466 451
1750998199422 0.2415352761745453 452
1750998200737 0.2603958547115326 453
1750998202050 0.2621343731880188 454
1750998203355 0.2944984436035156 455
1750998204714 0.26767498254776 456
1750998206083 0.2808895707130432 457
1750998207442 0.355294406414032 458
1750998208797 0.2872936725616455 459
1750998210120 0.2737528085708618 460
1750998211445 0.22841483354568481 461
1750998212781 0.27399367094039917 462
1750998214098 0.31616267561912537 463
1750998215452 0.3432278335094452 464
1750998216775 0.29361897706985474 465
1750998218211 0.23708581924438477 466
1750998219556 0.22180218994617462 467
1750998220926 0.29620760679244995 468
1750998222286 0.2710414528846741 469
1750998223655 0.253581166267395 470
1750998224961 0.26408621668815613 471
1750998226290 0.321612149477005 472
1750998227621 0.2636886239051819 473
1750998228985 0.31701183319091797 474
1750998230325 0.23204849660396576 475
1750998231638 0.26830554008483887 476
1750998232944 0.2892950177192688 477
1750998234286 0.30120810866355896 478
1750998235606 0.2681105136871338 479
1750998236969 0.2712504267692566 480
1750998238199 0.32074376940727234 481
1750998239594 0.2713402211666107 482
1750998240970 0.23467300832271576 483
1750998242273 0.3547152876853943 484
1750998243598 0.2777950167655945 485
1750998244922 0.2474766969680786 486
1750998246230 0.29017192125320435 487
1750998247562 0.2621748149394989 488
1750998248895 0.28189557790756226 489
1750998250218 0.26954036951065063 490
1750998251465 0.2570457458496094 491
1750998252770 0.31132930517196655 492
1750998254124 0.3106604218482971 493
1750998255445 0.22583499550819397 494
1750998256770 0.303657591342926 495
1750998258096 0.27564185857772827 496
1750998259419 0.34027495980262756 497
1750998260732 0.28396594524383545 498
1750998262053 0.29375478625297546 499
1750998263370 0.2563445568084717 500
1750998264721 0.2600637376308441 501
1750998266064 0.2901264429092407 502
1750998267384 0.2804519534111023 503
1750998268709 0.2989831864833832 504
1750998269981 0.24618467688560486 505
1750998271312 0.24280725419521332 506
1750998272680 0.30167922377586365 507
1750998274007 0.3049085736274719 508
1750998275329 0.29153895378112793 509
1750998276649 0.2759241461753845 510
1750998277993 0.28683945536613464 511
1750998279313 0.25385546684265137 512
1750998280617 0.2824782431125641 513
1750998281866 0.31019026041030884 514
1750998283239 0.2235051691532135 515
1750998284563 0.3079010248184204 516
1750998285909 0.23049397766590118 517
1750998287219 0.25873351097106934 518
1750998288564 0.25161898136138916 519
1750998289893 0.2809378504753113 520
1750998291241 0.2768436074256897 521
1750998292561 0.2614274024963379 522
1750998293871 0.27264639735221863 523
1750998295197 0.27814799547195435 524
1750998296531 0.27328377962112427 525
1750998297842 0.2418842911720276 526
1750998299166 0.2920384407043457 527
1750998300502 0.30851322412490845 528
1750998301752 0.30424952507019043 529
1750998303147 0.24920718371868134 530
1750998304516 0.24575041234493256 531
1750998305839 0.2860906422138214 532
1750998307205 0.3157833218574524 533
1750998308468 0.40022996068000793 534
1750998309782 0.3044348359107971 535
1750998311170 0.26071473956108093 536
1750998312503 0.2674640417098999 537
1750998313914 0.2817843556404114 538
1750998315232 0.2652243971824646 539
1750998316574 0.21645553410053253 540
1750998317925 0.23858824372291565 541
1750998319262 0.27903664112091064 542
1750998320573 0.28223198652267456 543
1750998322002 0.24004533886909485 544
1750998323337 0.2624983489513397 545
1750998324641 0.2752600312232971 546
1750998325998 0.3155372738838196 547
1750998327525 0.2557240426540375 548
1750998328837 0.28975045680999756 549
1750998330268 0.25078076124191284 550
1750998331588 0.2419251650571823 551
1750998332906 0.26454228162765503 552
1750998334238 0.28098392486572266 553
1750998335548 0.28350433707237244 554
1750998336873 0.21775197982788086 555
1750998338130 0.3971215486526489 556
1750998339453 0.2721157968044281 557
1750998340804 0.2665165662765503 558
1750998342133 0.24577400088310242 559
1750998343473 0.26553696393966675 560
1750998344867 0.24842140078544617 561
1750998346210 0.3031509220600128 562
1750998347565 0.27080756425857544 563
1750998348893 0.3286009430885315 564
1750998350221 0.1964050829410553 565
1750998351544 0.2771051824092865 566
1750998352867 0.31563490629196167 567
1750998354148 0.4772353172302246 568
1750998355469 0.25593775510787964 569
1750998356800 0.26059263944625854 570
1750998358123 0.29710137844085693 571
1750998359482 0.2790440320968628 572
1750998360825 0.2653050422668457 573
1750998362218 0.2572926878929138 574
1750998363543 0.21300974488258362 575
1750998364893 0.24560052156448364 576
1750998366196 0.21439790725708008 577
1750998367517 0.26801401376724243 578
1750998368846 0.2391919493675232 579
1750998370195 0.3051249384880066 580
1750998371513 0.2455611675977707 581
1750998372863 0.247389554977417 582
1750998374182 0.21242234110832214 583
1750998375428 0.25580501556396484 584
1750998376766 0.26743239164352417 585
1750998378047 0.30843594670295715 586
1750998379305 0.35694795846939087 587
1750998380548 0.296267032623291 588
1750998381871 0.2849058508872986 589
1750998383279 0.2746451497077942 590
1750998384601 0.27095967531204224 591
1750998385955 0.256290078163147 592
1750998387209 0.2865244746208191 593
1750998388543 0.23975344002246857 594
1750998389871 0.26462334394454956 595
1750998391219 0.22196948528289795 596
1750998392528 0.26346924901008606 597
1750998393863 0.22940075397491455 598
1750998395193 0.30868667364120483 599
1750998396527 0.2930896282196045 600
1750998397777 0.31853675842285156 601
1750998399098 0.20522147417068481 602
1750998400335 0.27325889468193054 603
1750998401690 0.309190571308136 604
1750998402994 0.2508232593536377 605
1750998404329 0.24962285161018372 606
1750998405650 0.2602749466896057 607
1750998407063 0.3179052472114563 608
1750998408373 0.2526673674583435 609
1750998409623 0.4172430634498596 610
1750998410975 0.275346577167511 611
1750998412290 0.2807411551475525 612
1750998413627 0.2343853861093521 613
1750998414959 0.2891457974910736 614
1750998416291 0.24548348784446716 615
1750998417634 0.286307156085968 616
1750998418887 0.24810700118541718 617
1750998420210 0.2849400043487549 618
1750998421449 0.24228383600711823 619
1750998422786 0.3026585578918457 620
1750998424118 0.2527625560760498 621
1750998425445 0.24007046222686768 622
1750998426775 0.24704429507255554 623
1750998428137 0.267242431640625 624
1750998429465 0.25471121072769165 625
1750998430881 0.26476362347602844 626
1750998432243 0.3171793818473816 627
1750998433648 0.2675982713699341 628
1750998434979 0.2189466953277588 629
1750998436308 0.2609727084636688 630
1750998437644 0.22469475865364075 631
1750998439009 0.2932717204093933 632
1750998440288 0.36287087202072144 633
1750998441638 0.29944220185279846 634
1750998442959 0.2801467776298523 635
1750998444313 0.27978140115737915 636
1750998445623 0.27571022510528564 637
1750998446942 0.28308042883872986 638
1750998448314 0.27144891023635864 639
1750998449696 0.24743247032165527 640
1750998451018 0.27041223645210266 641
1750998452353 0.2418173998594284 642
1750998453674 0.26005440950393677 643
1750998455019 0.2412467896938324 644
1750998456350 0.25974398851394653 645
1750998457665 0.25343185663223267 646
1750998458999 0.32437050342559814 647
1750998460362 0.22586485743522644 648
1750998461686 0.29210272431373596 649
1750998463074 0.22867140173912048 650
1750998464404 0.2901466190814972 651
1750998465724 0.2653331160545349 652
1750998467054 0.2804979383945465 653
1750998468408 0.26654505729675293 654
1750998469727 0.22347161173820496 655
1750998471061 0.22220036387443542 656
1750998472356 0.283902645111084 657
1750998473680 0.23258422315120697 658
1750998475054 0.22237616777420044 659
1750998476407 0.2813774049282074 660
1750998477710 0.30392205715179443 661
1750998479030 0.2652397155761719 662
1750998480356 0.2590451240539551 663
1750998481669 0.271555632352829 664
1750998483009 0.23793545365333557 665
1750998484325 0.26493579149246216 666
1750998485649 0.27756887674331665 667
1750998486985 0.2394440472126007 668
1750998488317 0.2749277651309967 669
1750998489638 0.23691658675670624 670
1750998490953 0.22933703660964966 671
1750998492286 0.3018103241920471 672
1750998493570 0.3537558913230896 673
1750998494883 0.24106794595718384 674
1750998496200 0.2622789144515991 675
1750998497531 0.24508073925971985 676
1750998498845 0.2821478247642517 677
1750998500257 0.2368282675743103 678
1750998501518 0.27327877283096313 679
1750998502873 0.2758098244667053 680
1750998504186 0.23135659098625183 681
1750998505547 0.21459174156188965 682
1750998506892 0.26765355467796326 683
1750998508260 0.2666621804237366 684
1750998509642 0.2333214282989502 685
1750998510997 0.2289534956216812 686
1750998512330 0.22037288546562195 687
1750998513644 0.260988712310791 688
1750998514960 0.24136626720428467 689
1750998516294 0.21798351407051086 690
1750998517636 0.23348575830459595 691
1750998518982 0.26410746574401855 692
1750998520349 0.2624664604663849 693
1750998521620 0.3183857798576355 694
1750998522952 0.2504236102104187 695
1750998524284 0.19467100501060486 696
1750998525612 0.27711230516433716 697
1750998526936 0.25567883253097534 698
1750998528257 0.23259755969047546 699
1750998529550 0.38305187225341797 700
1750998530877 0.23460881412029266 701
1750998532199 0.2163011133670807 702
1750998533538 0.22563757002353668 703
1750998534879 0.21399107575416565 704
1750998536187 0.2718747854232788 705
1750998537516 0.2712281048297882 706
1750998538833 0.2747650742530823 707
1750998540154 0.27258557081222534 708
1750998541469 0.26413604617118835 709
1750998542806 0.21151486039161682 710
1750998544128 0.25243839621543884 711
1750998545445 0.2482346147298813 712
1750998546746 0.2835826277732849 713
1750998548087 0.26136070489883423 714
1750998549389 0.2759101688861847 715
1750998550731 0.29186922311782837 716
1750998552040 0.2560233473777771 717
1750998553361 0.24146708846092224 718
1750998554745 0.24767327308654785 719
1750998556160 0.2954912781715393 720
1750998557405 0.29029381275177 721
1750998558738 0.23774085938930511 722
1750998560055 0.30253008008003235 723
1750998561388 0.20836707949638367 724
1750998562716 0.27189746499061584 725
1750998564069 0.26404237747192383 726
1750998565391 0.2664489150047302 727
1750998566756 0.276434063911438 728
1750998568120 0.23827242851257324 729
1750998569451 0.2338046282529831 730
1750998570782 0.24814635515213013 731
1750998572135 0.22147861123085022 732
1750998573436 0.23679456114768982 733
1750998574756 0.2739619016647339 734
1750998576013 0.36857274174690247 735
1750998577335 0.2303570806980133 736
1750998578656 0.2506455183029175 737
1750998579903 0.29684191942214966 738
1750998581219 0.25562387704849243 739
1750998582542 0.2523297071456909 740
1750998583859 0.2796841859817505 741
1750998585178 0.24865230917930603 742
1750998586509 0.2719491124153137 743
1750998587837 0.2745315134525299 744
1750998589154 0.2592955231666565 745
1750998590507 0.26151788234710693 746
1750998591822 0.21746684610843658 747
1750998593142 0.2595861554145813 748
1750998594460 0.23252855241298676 749
1750998595788 0.2286573052406311 750
1750998597108 0.23587051033973694 751
1750998598475 0.20130181312561035 752
1750998599790 0.16337624192237854 753
1750998601135 0.25038832426071167 754
1750998602464 0.25388455390930176 755
1750998603826 0.266086220741272 756
1750998605179 0.2635027766227722 757
1750998606524 0.23030860722064972 758
1750998607852 0.24628351628780365 759
1750998609212 0.2869272828102112 760
1750998610557 0.26500973105430603 761
1750998611895 0.2837960720062256 762
1750998613233 0.22064784169197083 763
1750998614575 0.20253613591194153 764
1750998615913 0.2586735486984253 765
1750998617327 0.2810579538345337 766
1750998618582 0.2722024917602539 767
1750998619891 0.2389337420463562 768
1750998621251 0.2024897336959839 769
1750998622660 0.275681734085083 770
1750998623985 0.22197218239307404 771
1750998625226 0.282556414604187 772
1750998626576 0.21038341522216797 773
1750998627915 0.2161620706319809 774
1750998629229 0.20241180062294006 775
1750998630559 0.24584555625915527 776
1750998631891 0.26842600107192993 777
1750998633241 0.2355760931968689 778
1750998634549 0.2436877340078354 779
1750998635947 0.2452157884836197 780
1750998637266 0.21392256021499634 781
1750998638591 0.25385239720344543 782
1750998639910 0.28689855337142944 783
1750998641233 0.28139764070510864 784
1750998642555 0.24737076461315155 785
1750998643921 0.21782639622688293 786
1750998645168 0.22641445696353912 787
1750998646549 0.2604083716869354 788
1750998647796 0.2725723385810852 789
1750998649105 0.24461844563484192 790
1750998650419 0.22059673070907593 791
1750998651780 0.2420954406261444 792
1750998653086 0.2202828824520111 793
1750998654416 0.2565816044807434 794
1750998655720 0.28698480129241943 795
1750998657062 0.23035767674446106 796
1750998658368 0.24030236899852753 797
1750998659731 0.2152094841003418 798
1750998661050 0.2540145516395569 799
1750998662383 0.21343472599983215 800
1750998663694 0.2409599870443344 801
1750998665029 0.1920202076435089 802
1750998666270 0.3566655218601227 803
1750998667592 0.22644907236099243 804
1750998668934 0.24990922212600708 805
1750998670267 0.27563804388046265 806
1750998671606 0.2379193753004074 807
1750998672966 0.227725088596344 808
1750998674291 0.352218359708786 809
1750998675665 0.26136788725852966 810
1750998676998 0.22444570064544678 811
1750998678396 0.2366218864917755 812
1750998679629 0.2826017141342163 813
1750998680950 0.22642385959625244 814
1750998682320 0.27911376953125 815
1750998683647 0.21982043981552124 816
1750998684959 0.19970571994781494 817
1750998686289 0.2697411775588989 818
1750998687606 0.22781097888946533 819
1750998689001 0.2642168402671814 820
1750998690343 0.26209700107574463 821
1750998691705 0.2388370931148529 822
1750998693026 0.25305652618408203 823
1750998694351 0.2186325192451477 824
1750998695657 0.21596753597259521 825
1750998696971 0.22288541495800018 826
1750998698202 0.2923519015312195 827
1750998699582 0.247892826795578 828
1750998700897 0.2642490863800049 829
1750998702222 0.27863815426826477 830
1750998703550 0.22960171103477478 831
1750998704877 0.18301591277122498 832
1750998706195 0.24641042947769165 833
1750998707551 0.2575623393058777 834
1750998709072 0.2644678056240082 835
1750998710439 0.2385869324207306 836
1750998711692 0.2962466776371002 837
1750998713012 0.2570149898529053 838
1750998714330 0.2795368731021881 839
1750998715668 0.26086992025375366 840
1750998717011 0.20829302072525024 841
1750998718368 0.2902548909187317 842
1750998719710 0.2473992258310318 843
1750998721049 0.3063938021659851 844
1750998722321 0.33653724193573 845
1750998723702 0.2503706216812134 846
1750998725051 0.2489524483680725 847
1750998726421 0.26920393109321594 848
1750998727765 0.19885380566120148 849
1750998729184 0.2560707926750183 850
1750998730435 0.2609974145889282 851
1750998731764 0.3093486428260803 852
1750998733113 0.24349625408649445 853
1750998734485 0.2557528018951416 854
1750998735802 0.25805383920669556 855
1750998737124 0.20270490646362305 856
1750998738492 0.24066855013370514 857
1750998739828 0.2581675350666046 858
1750998741150 0.21852006018161774 859
1750998742470 0.2218858003616333 860
1750998743782 0.25772321224212646 861
1750998745133 0.2536413073539734 862
1750998746378 0.234279602766037 863
1750998747687 0.2816450893878937 864
1750998748988 0.27819281816482544 865
1750998750312 0.2527748942375183 866
1750998751633 0.235876202583313 867
1750998752948 0.2573176622390747 868
1750998754279 0.24895741045475006 869
1750998755725 0.26065555214881897 870
1750998757055 0.2177572101354599 871
1750998758387 0.2203402817249298 872
1750998759755 0.20912809669971466 873
1750998761123 0.28100350499153137 874
1750998762432 0.22239349782466888 875
1750998763695 0.3426057696342468 876
1750998765043 0.23434202373027802 877
1750998766376 0.26294055581092834 878
1750998767701 0.2459258884191513 879
1750998769067 0.25637394189834595 880
1750998770433 0.2682357728481293 881
1750998771749 0.23679468035697937 882
1750998773060 0.24734187126159668 883
1750998774405 0.23811709880828857 884
1750998775726 0.20276719331741333 885
1750998777050 0.21294941008090973 886
1750998778358 0.2820863425731659 887
1750998779677 0.2500838041305542 888
1750998781012 0.2917751371860504 889
1750998782341 0.2417200356721878 890
1750998783680 0.23916569352149963 891
1750998785016 0.25807589292526245 892
1750998786349 0.25554943084716797 893
1750998787674 0.23161515593528748 894
1750998788933 0.38377845287323 895
1750998790273 0.23893532156944275 896
1750998791613 0.2415962815284729 897
1750998792958 0.2292768657207489 898
1750998794281 0.22181090712547302 899
1750998795608 0.2955109179019928 900
1750998796965 0.27144694328308105 901
1750998798333 0.24496683478355408 902
1750998799711 0.18563641607761383 903
1750998801065 0.23989565670490265 904
1750998802383 0.26533669233322144 905
1750998803689 0.2608635425567627 906
1750998805005 0.22955834865570068 907
1750998806307 0.23235014081001282 908
1750998807618 0.234475240111351 909
1750998808987 0.22550436854362488 910
1750998810277 0.31993329524993896 911
1750998811609 0.2524864673614502 912
1750998812948 0.2642751634120941 913
1750998814206 0.38105466961860657 914
1750998815511 0.25460439920425415 915
1750998816824 0.2507774829864502 916
1750998818159 0.2432919442653656 917
1750998819507 0.24169141054153442 918
1750998820833 0.20219451189041138 919
1750998822274 0.2204424887895584 920
1750998823618 0.21759441494941711 921
1750998824856 0.3337479531764984 922
1750998826110 0.3093467950820923 923
1750998827445 0.2217639833688736 924
1750998828770 0.26627203822135925 925
1750998830079 0.21430185437202454 926
1750998831308 0.23760761320590973 927
1750998832682 0.25414562225341797 928
1750998833994 0.24942506849765778 929
1750998835326 0.2416168600320816 930
1750998836681 0.20378601551055908 931
1750998838033 0.2300684154033661 932
1750998839345 0.2733708620071411 933
1750998840650 0.23324525356292725 934
1750998842048 0.23049861192703247 935
1750998843362 0.24732978641986847 936
1750998844688 0.26881688833236694 937
1750998846013 0.17528723180294037 938
1750998847342 0.24897810816764832 939
1750998848668 0.19374683499336243 940
1750998849989 0.2881937325000763 941
1750998851338 0.2483595609664917 942
1750998852658 0.2091793715953827 943
1750998853990 0.2698991596698761 944
1750998855335 0.24362631142139435 945
1750998856662 0.2380332350730896 946
1750998858006 0.23238477110862732 947
1750998859376 0.2122366726398468 948
1750998860722 0.2164856195449829 949
1750998862009 0.36433660984039307 950
1750998863328 0.2420579195022583 951
1750998864683 0.23106154799461365 952
1750998866055 0.19693772494792938 953
1750998867397 0.24497583508491516 954
1750998868767 0.2469995766878128 955
1750998870139 0.23136171698570251 956
1750998871428 0.23133033514022827 957
1750998872737 0.23696786165237427 958
1750998874089 0.2491324245929718 959
1750998875408 0.2568100094795227 960
1750998876767 0.21950200200080872 961
1750998878112 0.2080623209476471 962
1750998879448 0.2601892948150635 963
1750998880782 0.27156007289886475 964
1750998882133 0.2790694236755371 965
1750998883457 0.25521120429039 966
1750998884792 0.2607514262199402 967
1750998886087 0.47165510058403015 968
1750998887413 0.20869669318199158 969
1750998888749 0.19306030869483948 970
1750998890093 0.25252681970596313 971
1750998891450 0.23469117283821106 972
1750998892798 0.2303144633769989 973
1750998894168 0.22450430691242218 974
1750998895526 0.2578301429748535 975
1750998896914 0.22715526819229126 976
1750998898273 0.22847922146320343 977
1750998899592 0.22097031772136688 978
1750998900904 0.2222611904144287 979
1750998902179 0.3219766318798065 980
1750998903500 0.226820707321167 981
1750998904820 0.28416135907173157 982
1750998906137 0.24261945486068726 983
1750998907478 0.24100838601589203 984
1750998908788 0.262248158454895 985
1750998910129 0.200731098651886 986
1750998911431 0.17880801856517792 987
1750998912675 0.4217689037322998 988
1750998913990 0.21517758071422577 989
1750998915309 0.23639163374900818 990
1750998916615 0.2418348789215088 991
1750998917943 0.2606930434703827 992
1750998919261 0.25156739354133606 993
1750998920608 0.2190481275320053 994
1750998921913 0.25600293278694153 995
1750998923227 0.22313961386680603 996
1750998924532 0.26263800263404846 997
1750998925852 0.2586318850517273 998
1750998927184 0.266607403755188 999
1750998928510 0.1778201460838318 1000
1750998929841 0.28645575046539307 1001
1750998931220 0.25240176916122437 1002
1750998932545 0.23660971224308014 1003
1750998933877 0.24363119900226593 1004
1750998935207 0.22227826714515686 1005
1750998936564 0.2377091497182846 1006
1750998937892 0.20027726888656616 1007
1750998939214 0.2656937837600708 1008
1750998940543 0.2488882690668106 1009
1750998941854 0.22841641306877136 1010
1750998943116 0.3649713397026062 1011
1750998944468 0.23263484239578247 1012
1750998945789 0.25235170125961304 1013
1750998947119 0.2606619596481323 1014
1750998948457 0.263888418674469 1015
1750998949785 0.23129799962043762 1016
1750998951111 0.23655954003334045 1017
1750998952441 0.2031947672367096 1018
1750998953774 0.22540229558944702 1019
1750998955134 0.19343812763690948 1020
1750998956496 0.23224502801895142 1021
1750998957849 0.22515654563903809 1022
1750998959166 0.23629513382911682 1023
1750998960568 0.24230869114398956 1024
1750998961913 0.2724013328552246 1025
1750998963250 0.28176623582839966 1026
1750998964596 0.22347652912139893 1027
1750998965891 0.34633177518844604 1028
1750998967224 0.24880851805210114 1029
1750998968613 0.2523672580718994 1030
1750998969944 0.20949667692184448 1031
1750998971279 0.24749815464019775 1032
1750998972591 0.24163101613521576 1033
1750998973913 0.2510750889778137 1034
1750998975236 0.20852842926979065 1035
1750998976637 0.23572707176208496 1036
1750998977963 0.23928920924663544 1037
1750998979293 0.2584727108478546 1038
1750998980614 0.22971808910369873 1039
1750998982040 0.20575352013111115 1040
1750998983380 0.2696533799171448 1041
1750998984714 0.2288551926612854 1042
1750998986086 0.24328213930130005 1043
1750998987407 0.22523117065429688 1044
1750998988734 0.2161809504032135 1045
1750998990093 0.2502285838127136 1046
1750998991407 0.21754322946071625 1047
1750998992688 0.34124600887298584 1048
1750998994009 0.21631106734275818 1049
1750998995353 0.21440520882606506 1050
1750998996673 0.2399812936782837 1051
1750998997995 0.20950819551944733 1052
1750998999261 0.28452378511428833 1053
1750999000614 0.22277697920799255 1054
1750999001994 0.23450489342212677 1055
1750999003321 0.21006321907043457 1056
1750999004664 0.26306217908859253 1057
1750999006029 0.2024253010749817 1058
1750999007354 0.20019769668579102 1059
1750999008727 0.19680744409561157 1060
1750999010047 0.217056542634964 1061
1750999011403 0.2827799916267395 1062
1750999012753 0.2536782920360565 1063
1750999014082 0.2377084195613861 1064
1750999015410 0.27239590883255005 1065
1750999016665 0.2195846438407898 1066
1750999018019 0.2462771087884903 1067
1750999019364 0.24171635508537292 1068
1750999020694 0.225340336561203 1069
1750999022050 0.21853777766227722 1070
1750999023556 0.23164257407188416 1071
1750999024872 0.23391684889793396 1072
1750999026183 0.24182003736495972 1073
1750999027539 0.2244977504014969 1074
1750999028842 0.22394120693206787 1075
1750999030158 0.1992432177066803 1076
1750999031483 0.23541074991226196 1077
1750999032831 0.2435297966003418 1078
1750999034216 0.20445406436920166 1079
1750999035627 0.22396951913833618 1080
1750999036932 0.2277008593082428 1081
1750999038269 0.2425607293844223 1082
1750999039598 0.22365733981132507 1083
1750999040925 0.24303901195526123 1084
1750999042241 0.22485023736953735 1085
1750999043612 0.24091647565364838 1086
1750999044948 0.2637469172477722 1087
1750999046270 0.238705575466156 1088
1750999047595 0.22724750638008118 1089
1750999048986 0.2202593982219696 1090
1750999050315 0.22837013006210327 1091
1750999051580 0.23947960138320923 1092
1750999052923 0.21356555819511414 1093
1750999054246 0.22909808158874512 1094
1750999055598 0.2350441813468933 1095
1750999056922 0.24152429401874542 1096
1750999058248 0.23519039154052734 1097
1750999059594 0.25273892283439636 1098
1750999060859 0.26309484243392944 1099
1750999062164 0.23183868825435638 1100
1750999063483 0.22978639602661133 1101
1750999064832 0.2450868785381317 1102
1750999066199 0.23994393646717072 1103
1750999067465 0.3650595545768738 1104
1750999068803 0.22252534329891205 1105
1750999070154 0.214438796043396 1106
1750999071495 0.18888042867183685 1107
1750999072808 0.2629510760307312 1108
1750999074128 0.20198163390159607 1109
1750999075487 0.23401011526584625 1110
1750999076808 0.22294551134109497 1111
1750999078137 0.21041643619537354 1112
1750999079457 0.22997897863388062 1113
1750999080794 0.2490479201078415 1114
1750999082118 0.23431643843650818 1115
1750999083378 0.3103090524673462 1116
1750999084664 0.33830970525741577 1117
1750999086012 0.20374655723571777 1118
1750999087308 0.2024000734090805 1119
1750999088632 0.23429761826992035 1120
1750999089949 0.2390129715204239 1121
1750999091209 0.23463985323905945 1122
1750999092519 0.20746536552906036 1123
1750999093895 0.24692995846271515 1124
1750999095167 0.33309656381607056 1125
1750999096497 0.2342548370361328 1126
1750999097764 0.3469226062297821 1127
1750999099114 0.2175690084695816 1128
1750999100430 0.2275819182395935 1129
1750999101766 0.21073254942893982 1130
1750999103086 0.22145339846611023 1131
1750999104488 0.2060474455356598 1132
1750999105810 0.23889684677124023 1133
1750999107175 0.21741846203804016 1134
1750999108546 0.23479408025741577 1135
1750999109905 0.2151155024766922 1136
1750999111247 0.24071425199508667 1137
1750999112570 0.24635109305381775 1138
1750999113891 0.2052070051431656 1139
1750999115231 0.22803303599357605 1140
1750999116557 0.2299993485212326 1141
1750999117882 0.19232408702373505 1142
1750999119166 0.23729842901229858 1143
1750999120523 0.2155921757221222 1144
1750999121758 0.23885101079940796 1145
1750999123080 0.24065543711185455 1146
1750999124399 0.1811961829662323 1147
1750999125785 0.25571537017822266 1148
1750999127086 0.20880694687366486 1149
1750999128426 0.179986834526062 1150
1750999129736 0.23568126559257507 1151
1750999131119 0.23681573569774628 1152
1750999132455 0.2189968079328537 1153
1750999133693 0.3200758695602417 1154
1750999135023 0.24872690439224243 1155
1750999136344 0.21965454518795013 1156
1750999137694 0.2125823199748993 1157
1750999139008 0.23237310349941254 1158
1750999140368 0.27530455589294434 1159
1750999141690 0.2425076961517334 1160
1750999143018 0.23290134966373444 1161
1750999144382 0.2372378706932068 1162
1750999145717 0.19030404090881348 1163
1750999146973 0.35899150371551514 1164
1750999148305 0.22340622544288635 1165
1750999149634 0.24707980453968048 1166
1750999150974 0.2532379627227783 1167
1750999152311 0.24484091997146606 1168
1750999153666 0.2269505262374878 1169
1750999154990 0.21535727381706238 1170
1750999156306 0.25308340787887573 1171
1750999157631 0.21193116903305054 1172
1750999158950 0.25031572580337524 1173
1750999160293 0.26091161370277405 1174
1750999161620 0.18537050485610962 1175
1750999162960 0.2261478304862976 1176
1750999164317 0.26903316378593445 1177
1750999165646 0.2312450110912323 1178
1750999166982 0.1931728571653366 1179
1750999168330 0.2397548258304596 1180
1750999169679 0.2367469072341919 1181
1750999171024 0.20590245723724365 1182
1750999172351 0.26037901639938354 1183
1750999173730 0.22854138910770416 1184
1750999175098 0.2730574905872345 1185
1750999176441 0.19934135675430298 1186
1750999177687 0.4087245762348175 1187
1750999179003 0.21827667951583862 1188
1750999180320 0.22743144631385803 1189
1750999181623 0.17096295952796936 1190
1750999182970 0.26924699544906616 1191
1750999184294 0.23866626620292664 1192
1750999185634 0.187810480594635 1193
1750999186945 0.22305545210838318 1194
1750999188261 0.23929718136787415 1195
1750999189585 0.25615596771240234 1196
1750999190912 0.21974487602710724 1197
1750999192241 0.27080029249191284 1198
1750999193646 0.2294270396232605 1199
1750999194967 0.22715167701244354 1200
1750999196382 0.24390104413032532 1201
1750999197703 0.19696427881717682 1202
1750999199007 0.20043522119522095 1203
1750999200419 0.23188552260398865 1204
1750999201766 0.19054758548736572 1205
1750999203145 0.22099772095680237 1206
1750999204463 0.23659688234329224 1207
1750999205800 0.24142563343048096 1208
1750999207111 0.22473284602165222 1209
1750999208438 0.2192164957523346 1210
1750999209847 0.21718832850456238 1211
1750999211189 0.2010292112827301 1212
1750999212454 0.31254446506500244 1213
1750999213760 0.25211483240127563 1214
1750999215078 0.1956826150417328 1215
1750999216397 0.23539406061172485 1216
1750999217715 0.23555757105350494 1217
1750999219036 0.2361195981502533 1218
1750999220406 0.26977699995040894 1219
1750999221751 0.21177129447460175 1220
1750999223072 0.20596326887607574 1221
1750999224375 0.24123738706111908 1222
1750999225702 0.2551368772983551 1223
1750999227012 0.21838048100471497 1224
1750999228325 0.240045964717865 1225
1750999229575 0.34409260749816895 1226
1750999230912 0.20734959840774536 1227
1750999232258 0.20168636739253998 1228
1750999233597 0.16807244718074799 1229
1750999234894 0.23073144257068634 1230
1750999236151 0.27090656757354736 1231
1750999237535 0.2094181478023529 1232
1750999238888 0.25512203574180603 1233
1750999240200 0.2261372059583664 1234
1750999241543 0.2279270440340042 1235
1750999242860 0.22401867806911469 1236
1750999244169 0.22603820264339447 1237
1750999245496 0.2612189054489136 1238
1750999246805 0.21567776799201965 1239
1750999248138 0.2283220887184143 1240
1750999249459 0.20267724990844727 1241
1750999250704 0.33898186683654785 1242
1750999252032 0.24305850267410278 1243
1750999253348 0.20306384563446045 1244
1750999254675 0.21210169792175293 1245
1750999255912 0.36135733127593994 1246
1750999257247 0.23205476999282837 1247
1750999258566 0.20376187562942505 1248
1750999259942 0.24634265899658203 1249
1750999261327 0.2284853458404541 1250
1750999262718 0.22866404056549072 1251
1750999264059 0.24893754720687866 1252
1750999265407 0.15665027499198914 1253
1750999266682 0.2880140542984009 1254
1750999268007 0.23305487632751465 1255
1750999269359 0.21581006050109863 1256
1750999270675 0.1971709132194519 1257
1750999272038 0.25287339091300964 1258
1750999273360 0.2561165392398834 1259
1750999274673 0.2581935524940491 1260
1750999275999 0.20049026608467102 1261
1750999277304 0.23778153955936432 1262
1750999278760 0.2644033133983612 1263
1750999280068 0.2509123384952545 1264
1750999281414 0.21225333213806152 1265
1750999282726 0.23291456699371338 1266
1750999284118 0.2283339500427246 1267
1750999285484 0.23619967699050903 1268
1750999286734 0.27533793449401855 1269
1750999288068 0.25486117601394653 1270
1750999289427 0.24770328402519226 1271
1750999290757 0.25082528591156006 1272
1750999292095 0.20526233315467834 1273
1750999293457 0.21007603406906128 1274
1750999294765 0.20592617988586426 1275
1750999296082 0.22328683733940125 1276
1750999297392 0.20970433950424194 1277
1750999298712 0.20718269050121307 1278
1750999300044 0.2599354386329651 1279
1750999301353 0.22844460606575012 1280
1750999302712 0.21501949429512024 1281
1750999303979 0.3993954658508301 1282
1750999305395 0.18308117985725403 1283
1750999306737 0.20472677052021027 1284
1750999308059 0.215622216463089 1285
1750999309291 0.38278305530548096 1286
1750999310608 0.23340284824371338 1287
1750999311940 0.202237069606781 1288
1750999313278 0.2675396800041199 1289
1750999314608 0.20999084413051605 1290
1750999315928 0.22324004769325256 1291
1750999317268 0.22446446120738983 1292
1750999318648 0.21655628085136414 1293
1750999319974 0.22474947571754456 1294
1750999321302 0.24720045924186707 1295
1750999322611 0.23222807049751282 1296
1750999323952 0.20875763893127441 1297
1750999325280 0.22694018483161926 1298
1750999326638 0.22435104846954346 1299
1750999327958 0.18758420646190643 1300
1750999329280 0.2712526321411133 1301
1750999330627 0.24246908724308014 1302
1750999331974 0.23253710567951202 1303
1750999333320 0.24845461547374725 1304
1750999334654 0.22530168294906616 1305
1750999335978 0.20349611341953278 1306
1750999337302 0.21208389103412628 1307
1750999338624 0.27044594287872314 1308
1750999339931 0.19873327016830444 1309
1750999341252 0.2132275402545929 1310
1750999342568 0.2400893121957779 1311
1750999343890 0.25365298986434937 1312
1750999345135 0.2925017476081848 1313
1750999346468 0.23405735194683075 1314
1750999347816 0.19894494116306305 1315
1750999349143 0.23598802089691162 1316
1750999350568 0.24187026917934418 1317
1750999351889 0.19464266300201416 1318
1750999353215 0.20309299230575562 1319
1750999354537 0.19065415859222412 1320
1750999355856 0.20814132690429688 1321
1750999357191 0.2108725756406784 1322
1750999358507 0.23679015040397644 1323
1750999359826 0.2250596284866333 1324
1750999361213 0.24262039363384247 1325
1750999362511 0.2621222734451294 1326
1750999363870 0.24674206972122192 1327
1750999365207 0.20645058155059814 1328
1750999366520 0.2139614224433899 1329
1750999367835 0.23065954446792603 1330
1750999369165 0.2417106181383133 1331
1750999370486 0.25317874550819397 1332
1750999371802 0.22855262458324432 1333
1750999373137 0.21447132527828217 1334
1750999374486 0.2192934900522232 1335
1750999375802 0.24496990442276 1336
1750999377153 0.19930154085159302 1337
1750999378479 0.22859838604927063 1338
1750999379806 0.23482853174209595 1339
1750999381129 0.2458093762397766 1340
1750999382546 0.20499077439308167 1341
1750999383921 0.2555999159812927 1342
1750999385245 0.2388887256383896 1343
1750999386587 0.19598647952079773 1344
1750999387844 0.343869686126709 1345
1750999389181 0.2350442260503769 1346
1750999390536 0.22579382359981537 1347
1750999391790 0.24959780275821686 1348
1750999393119 0.23549556732177734 1349
1750999394375 0.34369492530822754 1350
1750999395725 0.1942627727985382 1351
1750999396968 0.23150698840618134 1352
1750999398364 0.21373876929283142 1353
1750999399691 0.24106895923614502 1354
1750999401054 0.20711365342140198 1355
1750999402373 0.1852903962135315 1356
1750999403692 0.19618740677833557 1357
1750999405036 0.2462986558675766 1358
1750999406352 0.24259354174137115 1359
1750999407685 0.21533054113388062 1360
1750999408985 0.20720814168453217 1361
1750999410297 0.20202898979187012 1362
1750999411621 0.22207602858543396 1363
1750999412947 0.2209959626197815 1364
1750999414265 0.2332170605659485 1365
1750999415621 0.2145865261554718 1366
1750999417020 0.21544623374938965 1367
1750999418266 0.2916308641433716 1368
1750999419595 0.23386341333389282 1369
1750999420912 0.2504928708076477 1370
1750999422254 0.21105733513832092 1371
1750999423553 0.24289363622665405 1372
1750999424868 0.2357218712568283 1373
1750999426103 0.3153688311576843 1374
1750999427407 0.20895755290985107 1375
1750999428783 0.2275107204914093 1376
1750999430123 0.3534196615219116 1377
1750999431455 0.18020987510681152 1378
1750999432782 0.21948374807834625 1379
1750999434144 0.2377406656742096 1380
1750999435579 0.21333879232406616 1381
1750999436905 0.196412593126297 1382
1750999438208 0.24045948684215546 1383
1750999439581 0.18018187582492828 1384
1750999440918 0.2542579174041748 1385
1750999442260 0.2351599633693695 1386
1750999443581 0.19574293494224548 1387
1750999444913 0.22358976304531097 1388
1750999446255 0.21954096853733063 1389
1750999447509 0.275200217962265 1390
1750999448904 0.27190545201301575 1391
1750999450219 0.25283658504486084 1392
1750999451541 0.21433858573436737 1393
1750999452867 0.22256016731262207 1394
1750999454220 0.18815463781356812 1395
1750999455543 0.223655566573143 1396
1750999456802 0.37862688302993774 1397
1750999458128 0.216086283326149 1398
1750999459456 0.21024706959724426 1399
1750999460797 0.2345542311668396 1400
1750999462132 0.2650490701198578 1401
1750999463473 0.241667702794075 1402
1750999464810 0.25808364152908325 1403
1750999466149 0.21741297841072083 1404
1750999467483 0.22334426641464233 1405
1750999468835 0.2219308316707611 1406
1750999470174 0.21445590257644653 1407
1750999471515 0.31244534254074097 1408
1750999472890 0.23001478612422943 1409
1750999474239 0.22207839787006378 1410
1750999475563 0.24273908138275146 1411
1750999476883 0.19059352576732635 1412
1750999478198 0.23568610846996307 1413
1750999479518 0.21021877229213715 1414
1750999480847 0.20300856232643127 1415
1750999482187 0.21688801050186157 1416
1750999483590 0.20063011348247528 1417
1750999484904 0.22617372870445251 1418
1750999486278 0.210775688290596 1419
1750999487598 0.25358057022094727 1420
1750999488962 0.24224761128425598 1421
1750999490289 0.2102285772562027 1422
1750999491612 0.19984591007232666 1423
1750999492919 0.24158811569213867 1424
1750999494243 0.23335273563861847 1425
1750999495606 0.21281415224075317 1426
1750999496979 0.2117505818605423 1427
1750999498288 0.22976794838905334 1428
1750999499614 0.22758913040161133 1429
1750999500926 0.20586375892162323 1430
1750999502249 0.19607731699943542 1431
1750999503564 0.2068169116973877 1432
1750999504902 0.21356219053268433 1433
1750999506202 0.19872808456420898 1434
1750999507517 0.21945978701114655 1435
1750999508863 0.22065770626068115 1436
1750999510167 0.2564760148525238 1437
1750999511513 0.22864779829978943 1438
1750999512841 0.20653778314590454 1439
1750999514085 0.3119121491909027 1440
1750999515418 0.15654903650283813 1441
1750999516766 0.22235101461410522 1442
1750999518098 0.20085081458091736 1443
1750999519434 0.20832878351211548 1444
1750999520772 0.19003279507160187 1445
1750999522097 0.21183589100837708 1446
1750999523410 0.22477306425571442 1447
1750999524783 0.2442387342453003 1448
1750999526109 0.19266211986541748 1449
1750999527444 0.18097907304763794 1450
1750999528815 0.20232036709785461 1451
1750999530170 0.20324009656906128 1452
1750999531518 0.193811297416687 1453
1750999532857 0.17514356970787048 1454
1750999534228 0.20359092950820923 1455
1750999535558 0.2035735547542572 1456
1750999536810 0.33695632219314575 1457
1750999538158 0.1991664171218872 1458
1750999539551 0.26796993613243103 1459
1750999540861 0.2246100902557373 1460
1750999542421 0.1891133189201355 1461
1750999543783 0.25325021147727966 1462
1750999545111 0.22736933827400208 1463
1750999546423 0.15790791809558868 1464
1750999547791 0.19786915183067322 1465
1750999549147 0.24926084280014038 1466
1750999550462 0.23894266784191132 1467
1750999551789 0.2118770033121109 1468
1750999553122 0.18804185092449188 1469
1750999554452 0.2360748052597046 1470
1750999555789 0.22265273332595825 1471
1750999557132 0.1974441111087799 1472
1750999558505 0.24872304499149323 1473
1750999559807 0.2138356864452362 1474
1750999561147 0.22771622240543365 1475
1750999562498 0.20938247442245483 1476
1750999563754 0.2658061981201172 1477
1750999565087 0.2211489975452423 1478
1750999566418 0.21117061376571655 1479
1750999567724 0.22930501401424408 1480
1750999569060 0.21105320751667023 1481
1750999570412 0.22861534357070923 1482
1750999571728 0.2318149209022522 1483
1750999573052 0.22297365963459015 1484
1750999574384 0.23343920707702637 1485
1750999575732 0.21297687292099 1486
1750999577080 0.23090554773807526 1487
1750999578431 0.21326442062854767 1488
1750999579798 0.26087599992752075 1489
1750999581154 0.21943622827529907 1490
1750999582432 0.37975430488586426 1491
1750999583791 0.2097165286540985 1492
1750999585135 0.21916909515857697 1493
1750999586495 0.2115708440542221 1494
1750999587769 0.2817784249782562 1495
1750999589109 0.21876096725463867 1496
1750999590464 0.20098872482776642 1497
1750999591816 0.21768949925899506 1498
1750999593169 0.23029550909996033 1499
1750999594442 0.38816845417022705 1500
1750999595789 0.17621329426765442 1501
1750999597141 0.24207603931427002 1502
1750999598492 0.2581772804260254 1503
1750999599831 0.20819178223609924 1504
1750999601152 0.23850083351135254 1505
1750999602488 0.23741424083709717 1506
1750999603803 0.21402022242546082 1507
1750999605053 0.44277331233024597 1508
1750999606300 0.29096630215644836 1509
1750999607604 0.19160723686218262 1510
1750999608919 0.1908085197210312 1511
1750999610224 0.20052146911621094 1512
1750999611545 0.21462604403495789 1513
1750999612799 0.47329244017601013 1514
1750999614118 0.26299411058425903 1515
1750999615439 0.17493918538093567 1516
1750999616769 0.22582289576530457 1517
1750999618116 0.19767042994499207 1518
1750999619474 0.2334473431110382 1519
1750999620838 0.26439279317855835 1520
1750999622207 0.21457767486572266 1521
1750999623525 0.2075314223766327 1522
1750999624885 0.21477782726287842 1523
1750999626215 0.2203005701303482 1524
1750999627545 0.22782516479492188 1525
1750999628923 0.24906757473945618 1526
1750999630250 0.21556812524795532 1527
1750999631572 0.22457413375377655 1528
1750999632914 0.22458766400814056 1529
1750999634146 0.31595155596733093 1530
1750999635448 0.2274731993675232 1531
1750999636774 0.2460935413837433 1532
1750999638142 0.1936570554971695 1533
1750999639473 0.26967135071754456 1534
1750999640798 0.18225982785224915 1535
1750999642113 0.24026216566562653 1536
1750999643424 0.24884718656539917 1537
1750999644752 0.2582229971885681 1538
1750999646087 0.16354818642139435 1539
1750999647403 0.18774577975273132 1540
1750999648640 0.2881505787372589 1541
1750999649881 0.2558292746543884 1542
1750999651127 0.29197847843170166 1543
1750999652449 0.20780301094055176 1544
1750999653799 0.19633260369300842 1545
1750999655051 0.23699845373630524 1546
1750999656384 0.2470518946647644 1547
1750999657698 0.22922833263874054 1548
1750999659017 0.20519647002220154 1549
1750999660271 0.32254087924957275 1550
1750999661586 0.21992908418178558 1551
1750999662899 0.21850106120109558 1552
1750999664183 0.30892276763916016 1553
1750999665518 0.20436201989650726 1554
1750999666854 0.19398434460163116 1555
1750999668173 0.23884037137031555 1556
1750999669523 0.2235560119152069 1557
1750999670846 0.2100161761045456 1558
1750999672170 0.23489509522914886 1559
1750999673470 0.21393431723117828 1560
1750999674870 0.2146332561969757 1561
1750999676193 0.20912906527519226 1562
1750999677511 0.15940722823143005 1563
1750999678844 0.21478219330310822 1564
1750999680170 0.19131901860237122 1565
1750999681509 0.2185603380203247 1566
1750999682833 0.2200116664171219 1567
1750999684150 0.19293299317359924 1568
1750999685481 0.22275756299495697 1569
1750999686801 0.2143147736787796 1570
1750999688117 0.20142202079296112 1571
1750999689434 0.2007077932357788 1572
1750999690803 0.21676045656204224 1573
1750999692155 0.20780321955680847 1574
1750999693487 0.22362419962882996 1575
1750999694737 0.30765610933303833 1576
1750999696097 0.21111959218978882 1577
1750999697339 0.3607345223426819 1578
1750999698659 0.19477833807468414 1579
1750999699969 0.2384842038154602 1580
1750999701318 0.1570821851491928 1581
1750999702651 0.2199891209602356 1582
1750999703967 0.2017669677734375 1583
1750999705301 0.2288511097431183 1584
1750999706648 0.2281690090894699 1585
1750999707964 0.1957106590270996 1586
1750999709206 0.30283457040786743 1587
1750999710468 0.34693264961242676 1588
1750999711795 0.20026305317878723 1589
1750999713136 0.1955687701702118 1590
1750999714451 0.20823335647583008 1591
1750999715786 0.20585127174854279 1592
1750999717027 0.4447915256023407 1593
1750999718298 0.30475637316703796 1594
1750999719625 0.2303820550441742 1595
1750999720953 0.2477443814277649 1596
1750999722395 0.24313926696777344 1597
1750999723730 0.2017728090286255 1598
1750999724967 0.37670886516571045 1599
1750999726288 0.239313542842865 1600
1750999727610 0.22940993309020996 1601
1750999728931 0.19241967797279358 1602
1750999730245 0.20335227251052856 1603
1750999731552 0.24248036742210388 1604
1750999732887 0.2518521249294281 1605
1750999734237 0.2256166934967041 1606
1750999735570 0.22143927216529846 1607
1750999736898 0.2189261019229889 1608
1750999738258 0.18700473010540009 1609
1750999739583 0.20649690926074982 1610
1750999740835 0.2774354815483093 1611
1750999742175 0.22014093399047852 1612
1750999743578 0.2207527905702591 1613
1750999744941 0.18313829600811005 1614
1750999746321 0.17895647883415222 1615
1750999747685 0.22277036309242249 1616
1750999749203 0.18425439298152924 1617
1750999750529 0.1981152892112732 1618
1750999751857 0.24274343252182007 1619
1750999753174 0.24938231706619263 1620
1750999754525 0.2064952403306961 1621
1750999755867 0.18754403293132782 1622
1750999757179 0.2364729791879654 1623
1750999758492 0.2175496220588684 1624
1750999759825 0.20944830775260925 1625
1750999761128 0.24384517967700958 1626
1750999762449 0.19797322154045105 1627
1750999763828 0.19451910257339478 1628
1750999765183 0.16650041937828064 1629
1750999766538 0.24824073910713196 1630
1750999767863 0.1981954276561737 1631
1750999769195 0.22977815568447113 1632
1750999770515 0.1985948085784912 1633
1750999771832 0.1799084097146988 1634
1750999773149 0.20317523181438446 1635
1750999774463 0.20614536106586456 1636
1750999775694 0.4695730209350586 1637
1750999777017 0.22633281350135803 1638
1750999778304 0.2032778561115265 1639
1750999779623 0.25895166397094727 1640
1750999780940 0.2058742195367813 1641
1750999782275 0.19076383113861084 1642
1750999783587 0.25676652789115906 1643
1750999784905 0.21977190673351288 1644
1750999786233 0.22858496010303497 1645
1750999787554 0.2037132978439331 1646
1750999788885 0.24698524177074432 1647
1750999790203 0.21547847986221313 1648
1750999791522 0.18313658237457275 1649
1750999792860 0.21426185965538025 1650
1750999794189 0.21118374168872833 1651
1750999795446 0.32655006647109985 1652
1750999796770 0.2269033044576645 1653
1750999798098 0.24971944093704224 1654
1750999799416 0.20760923624038696 1655
1750999800784 0.18629202246665955 1656
1750999802142 0.20956656336784363 1657
1750999803511 0.20608147978782654 1658
1750999804846 0.1907433271408081 1659
1750999806176 0.246718168258667 1660
1750999807527 0.2584625482559204 1661
1750999808876 0.26234835386276245 1662
1750999810210 0.21342433989048004 1663
1750999811547 0.16507571935653687 1664
1750999812906 0.21242502331733704 1665
1750999814254 0.19322261214256287 1666
1750999815588 0.2521681487560272 1667
1750999816918 0.20965144038200378 1668
1750999818262 0.21973010897636414 1669
1750999819617 0.19717764854431152 1670
1750999820935 0.21061739325523376 1671
1750999822284 0.22272087633609772 1672
1750999823638 0.2012796849012375 1673
1750999824957 0.17453454434871674 1674
1750999826316 0.20866017043590546 1675
1750999827642 0.20164375007152557 1676
1750999828984 0.21905076503753662 1677
1750999830316 0.22111786901950836 1678
1750999831649 0.17007482051849365 1679
1750999832966 0.23901614546775818 1680
1750999834419 0.19275356829166412 1681
1750999835757 0.22148507833480835 1682
1750999837088 0.19577498733997345 1683
1750999838416 0.22212490439414978 1684
1750999839785 0.20445361733436584 1685
1750999841162 0.21759691834449768 1686
1750999842476 0.21541596949100494 1687
1750999843776 0.195392906665802 1688
1750999845029 0.3435620963573456 1689
1750999846276 0.250693142414093 1690
1750999847588 0.19619303941726685 1691
1750999848900 0.20457546412944794 1692
1750999850221 0.1709045022726059 1693
1750999851557 0.2068696916103363 1694
1750999852894 0.18228021264076233 1695
1750999854256 0.20132774114608765 1696
1750999855595 0.18609210848808289 1697
1750999856962 0.18718189001083374 1698
1750999858352 0.20391643047332764 1699
1750999859670 0.243806391954422 1700
1750999860988 0.23579943180084229 1701
1750999862324 0.22795958817005157 1702
1750999863657 0.22749552130699158 1703
1750999864984 0.18565791845321655 1704
1750999866417 0.19739308953285217 1705
1750999867731 0.18816810846328735 1706
1750999869094 0.23751913011074066 1707
1750999870349 0.262315571308136 1708
1750999871655 0.20314548909664154 1709
1750999872978 0.22356197237968445 1710
1750999874358 0.1978052854537964 1711
1750999875674 0.21112868189811707 1712
1750999877026 0.19558501243591309 1713
1750999878255 0.40361565351486206 1714
1750999879612 0.19112099707126617 1715
1750999880925 0.2334369421005249 1716
1750999882255 0.1941833794116974 1717
1750999883640 0.22706720232963562 1718
1750999884976 0.17793962359428406 1719
1750999886294 0.19001683592796326 1720
1750999887634 0.21120616793632507 1721
1750999888978 0.20109790563583374 1722
1750999890308 0.1792430430650711 1723
1750999891640 0.22053244709968567 1724
1750999893076 0.18665491044521332 1725
1750999894405 0.210439994931221 1726
1750999895729 0.23079794645309448 1727
1750999897056 0.21436870098114014 1728
1750999898414 0.2176651954650879 1729
1750999899755 0.2013990581035614 1730
1750999901130 0.22303703427314758 1731
1750999902395 0.32316744327545166 1732
1750999903735 0.2123500257730484 1733
1750999905076 0.22515875101089478 1734
1750999906432 0.20623570680618286 1735
1750999907747 0.20818635821342468 1736
1750999909062 0.2001112699508667 1737
1750999910399 0.24232488870620728 1738
1750999911752 0.23829661309719086 1739
1750999913108 0.17456620931625366 1740
1750999914466 0.18225260078907013 1741
1750999915821 0.1833195686340332 1742
1750999917192 0.19626131653785706 1743
1750999918574 0.16220101714134216 1744
1750999919914 0.21260710060596466 1745
1750999921230 0.23282621800899506 1746
1750999922572 0.21382348239421844 1747
1750999923907 0.22248496115207672 1748
1750999925308 0.22816891968250275 1749
1750999926657 0.16444946825504303 1750
1750999928049 0.20100995898246765 1751
1750999929382 0.19448953866958618 1752
1750999930732 0.1778021603822708 1753
1750999931996 0.2845672369003296 1754
1750999933267 0.2603877782821655 1755
1750999934647 0.16646011173725128 1756
1750999936013 0.21740283071994781 1757
1750999937336 0.18666628003120422 1758
1750999938669 0.27219921350479126 1759
1750999939999 0.189952552318573 1760
1750999941352 0.23785951733589172 1761
1750999942673 0.21436312794685364 1762
1750999944003 0.22133028507232666 1763
1750999945360 0.22182917594909668 1764
1750999946687 0.21627433598041534 1765
1750999948016 0.19132938981056213 1766
1750999949377 0.2084960788488388 1767
1750999950931 0.21397966146469116 1768
1750999952254 0.19729557633399963 1769
1750999953641 0.21376928687095642 1770
1750999954968 0.21423061192035675 1771
1750999956310 0.1789175271987915 1772
1750999957678 0.20177888870239258 1773
1750999959018 0.19913852214813232 1774
1750999960435 0.22462424635887146 1775
1750999961785 0.2508091330528259 1776
1750999963134 0.2375265657901764 1777
1750999964457 0.22394578158855438 1778
1750999965800 0.1838575154542923 1779
1750999967131 0.21419349312782288 1780
1750999968474 0.21675965189933777 1781
1750999969818 0.20576226711273193 1782
1750999971139 0.23841208219528198 1783
1750999972463 0.1886245310306549 1784
1750999973868 0.20543889701366425 1785
1750999975203 0.20701172947883606 1786
1750999976569 0.18941499292850494 1787
1750999977866 0.38119059801101685 1788
1750999979208 0.20103441178798676 1789
1750999980551 0.22038932144641876 1790
1750999981876 0.24020811915397644 1791
1750999983210 0.2184561789035797 1792
1750999984588 0.20207244157791138 1793
1750999985963 0.19956418871879578 1794
1750999987268 0.290665864944458 1795
1750999988599 0.18620918691158295 1796
1750999989948 0.21797877550125122 1797
1750999991288 0.19948700070381165 1798
1750999992657 0.1944398283958435 1799
1750999994009 0.17633964121341705 1800
1751000068546 0.21466678380966187 1801
1751000118236 0.21203957498073578 1802
1751000119630 0.20922859013080597 1803
1751000120889 0.2656581997871399 1804
1751000122232 0.1849929392337799 1805
1751000123575 0.1794043779373169 1806
1751000124908 0.20767635107040405 1807
1751000126233 0.20429566502571106 1808
1751000127584 0.20247972011566162 1809
1751000128874 0.32547423243522644 1810
1751000130259 0.24869009852409363 1811
1751000131585 0.18159149587154388 1812
1751000132944 0.21678927540779114 1813
1751000134259 0.4569088816642761 1814
1751000135644 0.20884737372398376 1815
1751000136963 0.19051162898540497 1816
1751000138227 0.35362231731414795 1817
1751000139569 0.20943798124790192 1818
1751000140917 0.2079058289527893 1819
1751000142329 0.21820306777954102 1820
1751000143728 0.20611533522605896 1821
1751000145086 0.20660138130187988 1822
1751000146398 0.21845746040344238 1823
1751000147723 0.23781493306159973 1824
1751000149064 0.1822926551103592 1825
1751000150414 0.1932927519083023 1826
1751000151738 0.23497846722602844 1827
1751000153132 0.1797521859407425 1828
1751000154499 0.22256708145141602 1829
1751000155826 0.18253403902053833 1830
1751000157170 0.21701326966285706 1831
1751000158493 0.2088993787765503 1832
1751000159816 0.18955957889556885 1833
1751000161136 0.22494009137153625 1834
1751000162528 0.22788307070732117 1835
1751000163835 0.36512285470962524 1836
1751000165186 0.190318301320076 1837
1751000166542 0.21112988889217377 1838
1751000167899 0.22143012285232544 1839
1751000169223 0.20541438460350037 1840
1751000170554 0.2248249351978302 1841
1751000171927 0.2122988998889923 1842
1751000173283 0.21566693484783173 1843
1751000174601 0.20474381744861603 1844
1751000175967 0.2337765097618103 1845
1751000177283 0.18343284726142883 1846
1751000178609 0.21279488503932953 1847
1751000179927 0.20909693837165833 1848
1751000181270 0.1978258192539215 1849
1751000182643 0.1722169816493988 1850
1751000183959 0.2353774756193161 1851
1751000185326 0.1731928586959839 1852
1751000186698 0.20525625348091125 1853
1751000188027 0.19612133502960205 1854
1751000189367 0.18055739998817444 1855
1751000190709 0.17473183572292328 1856
1751000192027 0.23644909262657166 1857
1751000193358 0.21367588639259338 1858
1751000194659 0.36535128951072693 1859
1751000195988 0.21650011837482452 1860
1751000197362 0.18705394864082336 1861
1751000198712 0.20995472371578217 1862
1751000200035 0.21506401896476746 1863
1751000201364 0.17990660667419434 1864
1751000202653 0.30443108081817627 1865
1751000203982 0.19909781217575073 1866
1751000205358 0.1775590181350708 1867
1751000206673 0.205008864402771 1868
1751000208021 0.17365950345993042 1869
1751000209364 0.18011713027954102 1870
1751000210746 0.20349878072738647 1871
1751000212108 0.2110660970211029 1872
1751000213446 0.1919897198677063 1873
1751000214786 0.2172328680753708 1874
1751000216117 0.2277732491493225 1875
1751000217454 0.2013585865497589 1876
1751000219081 0.19432364404201508 1877
1751000220412 0.3807806670665741 1878
1751000221726 0.18961453437805176 1879
1751000223103 0.1901995837688446 1880
1751000224459 0.24273142218589783 1881
1751000225848 0.20194968581199646 1882
1751000227137 0.2922150790691376 1883
1751000228487 0.20227530598640442 1884
1751000229842 0.18464860320091248 1885
1751000231197 0.2346011996269226 1886
1751000232537 0.18969017267227173 1887
1751000233877 0.4527749717235565 1888
1751000235231 0.21756988763809204 1889
1751000236530 0.4057845175266266 1890
1751000237892 0.1825779676437378 1891
1751000239268 0.18767671287059784 1892
1751000240632 0.21242213249206543 1893
1751000241980 0.20713463425636292 1894
1751000243323 0.19134488701820374 1895
1751000244695 0.21692705154418945 1896
1751000246026 0.2133823037147522 1897
1751000247406 0.2084067463874817 1898
1751000248773 0.18587297201156616 1899
1751000250093 0.2017810344696045 1900
1751000251434 0.23122939467430115 1901
1751000252763 0.1779075562953949 1902
1751000254115 0.17950519919395447 1903
1751000255348 0.42404794692993164 1904
1751000256710 0.22248275578022003 1905
1751000258048 0.21287178993225098 1906
1751000259421 0.19902770221233368 1907
1751000260773 0.18584296107292175 1908
1751000262115 0.22642531991004944 1909
1751000263457 0.19365403056144714 1910
1751000264784 0.3837026357650757 1911
1751000266052 0.3660270571708679 1912
1751000267430 0.16565674543380737 1913
1751000268766 0.2124214768409729 1914
1751000270115 0.14240692555904388 1915
1751000271437 0.1579277366399765 1916
1751000272757 0.20455896854400635 1917
1751000274064 0.2035243660211563 1918
1751000275469 0.22807148098945618 1919
1751000276794 0.20299851894378662 1920
1751000278120 0.19781413674354553 1921
1751000279482 0.16811783611774445 1922
1751000280887 0.16374285519123077 1923
1751000282219 0.1781029999256134 1924
1751000283519 0.3651880621910095 1925
1751000284855 0.19621360301971436 1926
1751000286259 0.1626948118209839 1927
1751000287600 0.1936911791563034 1928
1751000288946 0.19034443795681 1929
1751000290325 0.19579531252384186 1930
1751000291684 0.20842638611793518 1931
1751000293018 0.2044552117586136 1932
1751000294345 0.22338229417800903 1933
1751000295679 0.22058597207069397 1934
1751000297064 0.20040521025657654 1935
1751000298412 0.19349846243858337 1936
1751000299741 0.18938250839710236 1937
1751000301065 0.21339833736419678 1938
1751000302395 0.17094598710536957 1939
1751000303719 0.2000497430562973 1940
1751000305036 0.18810993432998657 1941
1751000306374 0.22125045955181122 1942
1751000307715 0.19242854416370392 1943
1751000309048 0.22539031505584717 1944
1751000310352 0.351507306098938 1945
1751000311689 0.2505808472633362 1946
1751000313024 0.1690855175256729 1947
1751000314348 0.14936301112174988 1948
1751000315673 0.17972350120544434 1949
1751000317008 0.19816426932811737 1950
1751000318333 0.1843893676996231 1951
1751000319663 0.18770675361156464 1952
1751000320983 0.17738540470600128 1953
1751000322312 0.20699304342269897 1954
1751000323731 0.22078165411949158 1955
1751000325078 0.20244324207305908 1956
1751000326403 0.18233157694339752 1957
1751000327732 0.19214928150177002 1958
1751000329069 0.20453312993049622 1959
1751000330396 0.18330246210098267 1960
1751000331756 0.15541373193264008 1961
1751000333111 0.20652443170547485 1962
1751000334481 0.17638130486011505 1963
1751000335817 0.2267443835735321 1964
1751000337195 0.20292040705680847 1965
1751000338565 0.17700593173503876 1966
1751000339912 0.17175568640232086 1967
1751000341245 0.19847285747528076 1968
1751000342629 0.20888596773147583 1969
1751000343970 0.19277594983577728 1970
1751000345300 0.19201120734214783 1971
1751000346640 0.18681153655052185 1972
1751000347891 0.33022749423980713 1973
1751000349303 0.2597268223762512 1974
1751000350661 0.17717806994915009 1975
1751000352009 0.18028885126113892 1976
1751000353388 0.1822947859764099 1977
1751000354627 0.26347213983535767 1978
1751000355955 0.18167760968208313 1979
1751000357282 0.15700219571590424 1980
1751000358571 0.2957019805908203 1981
1751000359895 0.16796565055847168 1982
1751000361225 0.18976037204265594 1983
1751000362546 0.1654880940914154 1984
1751000363878 0.18212592601776123 1985
1751000365147 0.39850863814353943 1986
1751000366480 0.17213352024555206 1987
1751000367798 0.1757589429616928 1988
1751000369195 0.21522678434848785 1989
1751000370523 0.21375247836112976 1990
1751000371867 0.17956368625164032 1991
1751000373201 0.17922034859657288 1992
1751000374539 0.1801629215478897 1993
1751000375873 0.21996630728244781 1994
1751000377238 0.1717473715543747 1995
1751000378562 0.19081343710422516 1996
1751000379890 0.20842745900154114 1997
1751000381220 0.20438894629478455 1998
1751000382585 0.21491065621376038 1999
1751000383916 0.17360389232635498 2000
1751000385279 0.21012702584266663 2001
1751000386598 0.2361011505126953 2002
1751000387918 0.22314611077308655 2003
1751000389240 0.21833999454975128 2004
1751000390647 0.14631541073322296 2005
1751000391970 0.2234015166759491 2006
1751000393334 0.20585185289382935 2007
1751000394671 0.196671262383461 2008
1751000396223 0.21059006452560425 2009
1751000397536 0.18767958879470825 2010
1751000398879 0.1693110316991806 2011
1751000400218 0.20500078797340393 2012
1751000401592 0.18207666277885437 2013
1751000402945 0.1637318730354309 2014
1751000404304 0.210251122713089 2015
1751000405666 0.2074287384748459 2016
1751000407010 0.20304125547409058 2017
1751000408346 0.1823880970478058 2018
1751000409686 0.16845881938934326 2019
1751000411035 0.1917758285999298 2020
1751000412357 0.19276440143585205 2021
1751000413688 0.17605385184288025 2022
1751000415056 0.21422547101974487 2023
1751000416396 0.20546431839466095 2024
1751000417747 0.20509490370750427 2025
1751000419126 0.21188825368881226 2026
1751000420484 0.24417103826999664 2027
1751000421799 0.2958356738090515 2028
1751000423143 0.17119725048542023 2029
1751000424424 0.3871978521347046 2030
1751000425790 0.22650359570980072 2031
1751000427149 0.19746434688568115 2032
1751000428482 0.21208861470222473 2033
1751000429762 0.2970753312110901 2034
1751000431092 0.1665545403957367 2035
1751000432412 0.1884000450372696 2036
1751000433727 0.1612483114004135 2037
1751000435074 0.2031911164522171 2038
1751000436404 0.20348712801933289 2039
1751000437744 0.21469680964946747 2040
1751000439055 0.19323550164699554 2041
1751000440407 0.22137655317783356 2042
1751000441771 0.21637840569019318 2043
1751000443094 0.15835040807724 2044
1751000444433 0.19950878620147705 2045
1751000445758 0.21740597486495972 2046
1751000447076 0.22090396285057068 2047
1751000448394 0.1682228147983551 2048
1751000449723 0.20188350975513458 2049
1751000450969 0.2940272092819214 2050
1751000452329 0.17612794041633606 2051
1751000453680 0.2251831591129303 2052
1751000455010 0.24342834949493408 2053
1751000456360 0.19920065999031067 2054
1751000457726 0.1606014221906662 2055
1751000459084 0.16354092955589294 2056
1751000460447 0.2222822606563568 2057
1751000461779 0.21809688210487366 2058
1751000463105 0.2046065479516983 2059
1751000464435 0.18535929918289185 2060
1751000465762 0.17907831072807312 2061
1751000467092 0.20093214511871338 2062
1751000468449 0.17741042375564575 2063
1751000469773 0.19910426437854767 2064
1751000471092 0.20427244901657104 2065
1751000472457 0.17032791674137115 2066
1751000473794 0.2098718136548996 2067
1751000475188 0.2070370614528656 2068
1751000476524 0.2087050974369049 2069
1751000477895 0.19890716671943665 2070
1751000479258 0.21177414059638977 2071
1751000480601 0.17422667145729065 2072
1751000482012 0.19168955087661743 2073
1751000483336 0.18958339095115662 2074
1751000484673 0.19894060492515564 2075
1751000486030 0.18218356370925903 2076
1751000487370 0.18238884210586548 2077
1751000488737 0.17655640840530396 2078
1751000490075 0.1663774698972702 2079
1751000491493 0.17470118403434753 2080
1751000492860 0.18469266593456268 2081
1751000494234 0.18139605224132538 2082
1751000495610 0.19937776029109955 2083
1751000496938 0.18831470608711243 2084
1751000498327 0.17807450890541077 2085
1751000499677 0.20656123757362366 2086
1751000501045 0.2052251547574997 2087
1751000502391 0.2239316999912262 2088
1751000503718 0.20158517360687256 2089
1751000505051 0.19333919882774353 2090
1751000506415 0.18169447779655457 2091
1751000507752 0.16953855752944946 2092
1751000509090 0.20838795602321625 2093
1751000510432 0.19958177208900452 2094
1751000511689 0.3480694890022278 2095
1751000512999 0.18429216742515564 2096
1751000514346 0.17294420301914215 2097
1751000515677 0.19838447868824005 2098
1751000517035 0.19408023357391357 2099
1751000518389 0.2056410014629364 2100
1751000519729 0.17196311056613922 2101
1751000521064 0.19895321130752563 2102
1751000522479 0.16579598188400269 2103
1751000523818 0.2006094753742218 2104
1751000525190 0.19801665842533112 2105
1751000526524 0.16916076838970184 2106
1751000527865 0.2262968122959137 2107
1751000529231 0.19324356317520142 2108
1751000530496 0.34193599224090576 2109
1751000531787 0.30426841974258423 2110
1751000533133 0.21644574403762817 2111
1751000534473 0.18462678790092468 2112
1751000535824 0.21274451911449432 2113
1751000537114 0.27327045798301697 2114
1751000538538 0.18193912506103516 2115
1751000539877 0.20932799577713013 2116
1751000541195 0.19195353984832764 2117
1751000542519 0.1894356608390808 2118
1751000543773 0.33948826789855957 2119
1751000545090 0.20846866071224213 2120
1751000546454 0.20838920772075653 2121
1751000547727 0.31500428915023804 2122
1751000549115 0.2023809254169464 2123
1751000550440 0.20301595330238342 2124
1751000551690 0.34657126665115356 2125
1751000553021 0.2196492999792099 2126
1751000554319 0.2984667122364044 2127
1751000555660 0.2346683144569397 2128
1751000557023 0.14670917391777039 2129
1751000558394 0.19290190935134888 2130
1751000559711 0.1528511494398117 2131
1751000561063 0.17532584071159363 2132
1751000562341 0.28999194502830505 2133
1751000563716 0.18930687010288239 2134
1751000565042 0.2221396565437317 2135
1751000566373 0.18711796402931213 2136
1751000567724 0.19061756134033203 2137
1751000569053 0.19535908102989197 2138
1751000570423 0.18960285186767578 2139
1751000571798 0.19507642090320587 2140
1751000573138 0.20402979850769043 2141
1751000574671 0.19448432326316833 2142
1751000576008 0.22033809125423431 2143
1751000577339 0.21775616705417633 2144
1751000578656 0.17912796139717102 2145
1751000579981 0.1932729184627533 2146
1751000581311 0.18948376178741455 2147
1751000582640 0.21978646516799927 2148
1751000584024 0.1777869164943695 2149
1751000585348 0.21204861998558044 2150
1751000586671 0.16254764795303345 2151
1751000587998 0.21354207396507263 2152
1751000589333 0.17413374781608582 2153
1751000590643 0.20458506047725677 2154
1751000591978 0.19616013765335083 2155
1751000593291 0.20443668961524963 2156
1751000594688 0.1991245150566101 2157
1751000595998 0.16249610483646393 2158
1751000597322 0.17965911328792572 2159
1751000598641 0.17836099863052368 2160
1751000600040 0.1877117156982422 2161
1751000601383 0.18614250421524048 2162
1751000602712 0.18035167455673218 2163
1751000604038 0.18365567922592163 2164
1751000605391 0.1804569661617279 2165
1751000606708 0.1691398024559021 2166
1751000608037 0.15833142399787903 2167
1751000609369 0.18844008445739746 2168
1751000610743 0.19713187217712402 2169
1751000612099 0.20218190550804138 2170
1751000613433 0.20155975222587585 2171
1751000614706 0.23270143568515778 2172
1751000616033 0.1992747187614441 2173
1751000617355 0.19504301249980927 2174
1751000618708 0.18253031373023987 2175
1751000620038 0.18956580758094788 2176
1751000621450 0.1966172158718109 2177
1751000622791 0.20724160969257355 2178
1751000624118 0.16566340625286102 2179
1751000625436 0.21541568636894226 2180
1751000626766 0.1783350110054016 2181
1751000628089 0.14523932337760925 2182
1751000629486 0.188914954662323 2183
1751000630814 0.18587057292461395 2184
1751000632132 0.2009742259979248 2185
1751000633450 0.1791948825120926 2186
1751000634888 0.16803160309791565 2187
1751000636216 0.1682201623916626 2188
1751000637623 0.17533384263515472 2189
1751000638961 0.24390532076358795 2190
1751000640303 0.20997658371925354 2191
1751000641633 0.20802567899227142 2192
1751000642975 0.18997424840927124 2193
1751000644341 0.18877455592155457 2194
1751000645654 0.15571939945220947 2195
1751000646971 0.15648216009140015 2196
1751000648312 0.1834915727376938 2197
1751000649655 0.1947471648454666 2198
1751000651026 0.18679369986057281 2199
1751000652377 0.16957972943782806 2200
1751000653639 0.29132068157196045 2201
1751000654992 0.19439637660980225 2202
1751000656242 0.3851889669895172 2203
1751000657570 0.1852804571390152 2204
1751000658969 0.22295716404914856 2205
1751000660317 0.18951690196990967 2206
1751000661643 0.16018857061862946 2207
1751000662979 0.20321142673492432 2208
1751000664308 0.18782058358192444 2209
1751000665554 0.24378806352615356 2210
1751000666888 0.14137083292007446 2211
1751000668210 0.1882401555776596 2212
1751000669499 0.40393370389938354 2213
1751000670763 0.2823711633682251 2214
1751000672085 0.17039254307746887 2215
1751000673427 0.2144334614276886 2216
1751000674707 0.23484978079795837 2217
1751000676046 0.17368824779987335 2218
1751000677394 0.18238796293735504 2219
1751000678721 0.17822709679603577 2220
1751000679970 0.35265570878982544 2221
1751000681299 0.1939176321029663 2222
1751000682619 0.20218431949615479 2223
1751000683899 0.32587435841560364 2224
1751000685246 0.25734469294548035 2225
1751000686571 0.14509353041648865 2226
1751000687950 0.17821073532104492 2227
1751000689286 0.20554372668266296 2228
1751000690636 0.17681777477264404 2229
1751000691878 0.29671376943588257 2230
1751000693221 0.1759319305419922 2231
1751000694541 0.1972111165523529 2232
1751000695872 0.16487212479114532 2233
1751000697194 0.18163853883743286 2234
1751000698600 0.20183733105659485 2235
1751000699945 0.1912602335214615 2236
1751000701348 0.1736394613981247 2237
1751000702893 0.1677474081516266 2238
1751000704209 0.2116621881723404 2239
1751000705556 0.16435806453227997 2240
1751000706881 0.20488762855529785 2241
1751000708215 0.20934341847896576 2242
1751000709546 0.2398410439491272 2243
1751000710873 0.1766880750656128 2244
1751000712212 0.18862223625183105 2245
1751000713551 0.1984192430973053 2246
1751000714901 0.18133379518985748 2247
1751000716249 0.17335253953933716 2248
1751000717612 0.20288056135177612 2249
1751000718975 0.2145673632621765 2250
1751000720297 0.20783963799476624 2251
1751000721570 0.4218558967113495 2252
1751000722916 0.20459908246994019 2253
1751000724246 0.15619607269763947 2254
1751000725612 0.1750156581401825 2255
1751000726946 0.15116122364997864 2256
1751000728274 0.21497297286987305 2257
1751000729520 0.2699365019798279 2258
1751000730889 0.20917490124702454 2259
1751000732271 0.19573424756526947 2260
1751000733634 0.20843170583248138 2261
1751000734968 0.19123493134975433 2262
1751000736295 0.2138882428407669 2263
1751000737690 0.19330893456935883 2264
1751000739034 0.19510726630687714 2265
1751000740407 0.2024007886648178 2266
1751000741728 0.20277039706707 2267
1751000743053 0.2266419529914856 2268
1751000744397 0.16171589493751526 2269
1751000745710 0.1563640832901001 2270
1751000747034 0.21466714143753052 2271
1751000748419 0.20516212284564972 2272
1751000749797 0.17849089205265045 2273
1751000751123 0.2050195038318634 2274
1751000752440 0.1634141504764557 2275
1751000753786 0.18251971900463104 2276
1751000755102 0.152179554104805 2277
1751000756425 0.1874079406261444 2278
1751000757766 0.2113761603832245 2279
1751000759186 0.18912367522716522 2280
1751000760523 0.16293060779571533 2281
1751000761857 0.18249556422233582 2282
1751000763262 0.1973637342453003 2283
1751000764579 0.1601845920085907 2284
1751000765918 0.18123319745063782 2285
1751000767278 0.15462420880794525 2286
1751000768588 0.22938507795333862 2287
1751000769927 0.20243287086486816 2288
1751000771296 0.19839894771575928 2289
1751000772535 0.34348639845848083 2290
1751000773858 0.19706299901008606 2291
1751000775193 0.16786183416843414 2292
1751000776499 0.14872121810913086 2293
1751000777810 0.2157692164182663 2294
1751000779061 0.31807389855384827 2295
1751000780397 0.18095995485782623 2296
1751000781733 0.22739681601524353 2297
1751000783086 0.1649283766746521 2298
1751000784457 0.20695608854293823 2299
1751000785825 0.18805068731307983 2300
1751000787173 0.19780096411705017 2301
1751000788508 0.21727730333805084 2302
1751000789856 0.15379852056503296 2303
1751000791217 0.18511414527893066 2304
1751000792504 0.32760265469551086 2305
1751000793849 0.1839514523744583 2306
1751000795109 0.2620837688446045 2307
1751000796417 0.2056354433298111 2308
1751000797679 0.3747118413448334 2309
1751000799008 0.1897866427898407 2310
1751000800390 0.22292108833789825 2311
1751000801710 0.18705105781555176 2312
1751000803042 0.20405876636505127 2313
1751000804356 0.16021421551704407 2314
1751000805687 0.16146621108055115 2315
1751000807018 0.1966891586780548 2316
1751000808303 0.28828373551368713 2317
1751000809656 0.1818239688873291 2318
1751000811035 0.19767233729362488 2319
1751000812365 0.14855331182479858 2320
1751000813751 0.1949005424976349 2321
1751000815062 0.17178083956241608 2322
1751000816429 0.20287153124809265 2323
1751000817815 0.19642142951488495 2324
1751000819152 0.20927199721336365 2325
1751000820494 0.16718009114265442 2326
1751000821814 0.17676058411598206 2327
1751000823142 0.1786271035671234 2328
1751000824495 0.1521361917257309 2329
1751000825757 0.3126380443572998 2330
1751000827119 0.16992054879665375 2331
1751000828448 0.22349590063095093 2332
1751000829798 0.29384979605674744 2333
1751000831376 0.1789627969264984 2334
1751000832780 0.1848723590373993 2335
1751000834189 0.23838138580322266 2336
1751000835527 0.180669903755188 2337
1751000836897 0.16408532857894897 2338
1751000838254 0.1913450062274933 2339
1751000839577 0.21541446447372437 2340
1751000840917 0.18436312675476074 2341
1751000842169 0.2572944760322571 2342
1751000843500 0.18632948398590088 2343
1751000844815 0.19600938260555267 2344
1751000846159 0.16412848234176636 2345
1751000847470 0.17667657136917114 2346
1751000848793 0.16782699525356293 2347
1751000850191 0.15750479698181152 2348
1751000851443 0.325457900762558 2349
1751000852797 0.2015545517206192 2350
1751000854058 0.32831037044525146 2351
1751000855379 0.20365998148918152 2352
1751000856637 0.2846596837043762 2353
1751000857959 0.21311011910438538 2354
1751000859342 0.2159024477005005 2355
1751000860664 0.17600294947624207 2356
1751000862010 0.2190883457660675 2357
1751000863372 0.20009124279022217 2358
1751000864744 0.18473927676677704 2359
1751000866094 0.20507001876831055 2360
1751000867444 0.19332930445671082 2361
1751000868769 0.1590547263622284 2362
1751000870103 0.18022343516349792 2363
1751000871429 0.3108721971511841 2364
1751000872763 0.20099946856498718 2365
1751000874120 0.21299345791339874 2366
1751000875446 0.20695549249649048 2367
1751000876792 0.20791247487068176 2368
1751000878129 0.168777734041214 2369
1751000879493 0.21419861912727356 2370
1751000880852 0.18787093460559845 2371
1751000882232 0.17850938439369202 2372
1751000883547 0.1646079421043396 2373
1751000884903 0.22891169786453247 2374
1751000886299 0.17569434642791748 2375
1751000887730 0.17301340401172638 2376
1751000889060 0.2023145854473114 2377
1751000890387 0.18653017282485962 2378
1751000891644 0.3087320923805237 2379
1751000892891 0.43644529581069946 2380
1751000894208 0.20968028903007507 2381
1751000895523 0.1803627610206604 2382
1751000896965 0.1966521143913269 2383
1751000898392 0.1923981010913849 2384
1751000899654 0.3021208941936493 2385
1751000900988 0.18152496218681335 2386
1751000902415 0.1735430657863617 2387
1751000903746 0.17435365915298462 2388
1751000905109 0.20103207230567932 2389
1751000906424 0.20841802656650543 2390
1751000907762 0.15703976154327393 2391
1751000909089 0.18040265142917633 2392
1751000910448 0.19035300612449646 2393
1751000911779 0.1984086036682129 2394
1751000913171 0.1881026327610016 2395
1751000914636 0.16361147165298462 2396
1751000916006 0.18140195310115814 2397
1751000917359 0.20275749266147614 2398
1751000918717 0.21282199025154114 2399
1751000920080 0.1603679358959198 2400
1751000921456 0.1723199486732483 2401
1751000922785 0.17309702932834625 2402
1751000924113 0.2044125497341156 2403
1751000925459 0.1610766500234604 2404
1751000926799 0.19173485040664673 2405
1751000928128 0.22566810250282288 2406
1751000929521 0.17235444486141205 2407
1751000930819 0.2336682379245758 2408
1751000932162 0.1450245976448059 2409
1751000933490 0.18542157113552094 2410
1751000934819 0.20916496217250824 2411
1751000936202 0.18867386877536774 2412
1751000937524 0.2195737063884735 2413
1751000938847 0.19168755412101746 2414
1751000940113 0.27219846844673157 2415
1751000941488 0.16991734504699707 2416
1751000942829 0.19534185528755188 2417
1751000944095 0.4096343517303467 2418
1751000945462 0.20968711376190186 2419
1751000946802 0.15044277906417847 2420
1751000948160 0.20499056577682495 2421
1751000949513 0.17676448822021484 2422
1751000950837 0.13788220286369324 2423
1751000952218 0.15983067452907562 2424
1751000953562 0.2229376584291458 2425
1751000954923 0.18765470385551453 2426
1751000956247 0.19724500179290771 2427
1751000957578 0.1413082778453827 2428
1751000959090 0.22847014665603638 2429
1751000960446 0.193987637758255 2430
1751000961765 0.2086513340473175 2431
1751000963094 0.1946568489074707 2432
1751000964470 0.15531115233898163 2433
1751000965842 0.1475498080253601 2434
1751000967192 0.16863329708576202 2435
1751000968513 0.16216693818569183 2436
1751000969838 0.2040901482105255 2437
1751000971178 0.17915628850460052 2438
1751000972487 0.19508060812950134 2439
1751000973955 0.205477774143219 2440
1751000975287 0.22862908244132996 2441
1751000976648 0.17339040338993073 2442
1751000977990 0.16474470496177673 2443
1751000979414 0.18372854590415955 2444
1751000980745 0.18095752596855164 2445
1751000982076 0.23293882608413696 2446
1751000983408 0.1853625774383545 2447
1751000984737 0.17409321665763855 2448
1751000986077 0.2182212918996811 2449
1751000987399 0.19500592350959778 2450
1751000988772 0.18791869282722473 2451
1751000990188 0.21073578298091888 2452
1751000991552 0.1892957091331482 2453
1751000992879 0.20724482834339142 2454
1751000994196 0.20339307188987732 2455
1751000995533 0.19631119072437286 2456
1751000996864 0.20876428484916687 2457
1751000998190 0.17964671552181244 2458
1751000999599 0.16766494512557983 2459
1751001000986 0.169911190867424 2460
1751001002313 0.19093097746372223 2461
1751001003636 0.21653659641742706 2462
1751001004970 0.17809858918190002 2463
1751001006306 0.19071327149868011 2464
1751001007667 0.1842629611492157 2465
1751001008969 0.35621771216392517 2466
1751001010322 0.1975371092557907 2467
1751001011698 0.17594566941261292 2468
1751001013007 0.4061967134475708 2469
1751001014359 0.1664709448814392 2470
1751001015731 0.16904106736183167 2471
1751001017177 0.18840083479881287 2472
1751001018500 0.15834233164787292 2473
1751001019835 0.17132669687271118 2474
1751001021266 0.2053425908088684 2475
1751001022606 0.1939428299665451 2476
1751001023937 0.1722627878189087 2477
1751001025300 0.17489297688007355 2478
1751001026658 0.18259215354919434 2479
1751001027979 0.179907888174057 2480
1751001029321 0.19482243061065674 2481
1751001030691 0.20370560884475708 2482
1751001032057 0.17692634463310242 2483
1751001033386 0.1899835467338562 2484
1751001034747 0.21337375044822693 2485
1751001036080 0.19292610883712769 2486
1751001037433 0.18842503428459167 2487
1751001038783 0.19943273067474365 2488
1751001040152 0.17293667793273926 2489
1751001041474 0.15227475762367249 2490
1751001042801 0.21360231935977936 2491
1751001044148 0.16168348491191864 2492
1751001045467 0.17923855781555176 2493
1751001046786 0.2010612040758133 2494
1751001048139 0.18022948503494263 2495
1751001049502 0.17300951480865479 2496
1751001050838 0.20376692712306976 2497
1751001052198 0.18616114556789398 2498
1751001053543 0.20813944935798645 2499
1751001054906 0.20590835809707642 2500
1751001056263 0.2075909674167633 2501
1751001057586 0.1792721152305603 2502
1751001058946 0.21893741190433502 2503
1751001060323 0.16719867289066315 2504
1751001061657 0.20649468898773193 2505
1751001063015 0.20910128951072693 2506
1751001064374 0.22475391626358032 2507
1751001065701 0.17074361443519592 2508
1751001067025 0.2116411328315735 2509
1751001068359 0.1761382669210434 2510
1751001069703 0.1899566352367401 2511
1751001071022 0.2068292200565338 2512
1751001072385 0.2219701111316681 2513
1751001073752 0.17361170053482056 2514
1751001075095 0.18087241053581238 2515
1751001076658 0.21547278761863708 2516
1751001078032 0.19286894798278809 2517
1751001079368 0.18759024143218994 2518
1751001080703 0.1740659475326538 2519
1751001082022 0.15027260780334473 2520
1751001083318 0.31182992458343506 2521
1751001084645 0.17575550079345703 2522
1751001086023 0.1709912270307541 2523
1751001087375 0.1682303100824356 2524
1751001088718 0.20306041836738586 2525
1751001090072 0.1459406465291977 2526
1751001091397 0.19372878968715668 2527
1751001092787 0.16286814212799072 2528
1751001094126 0.15124130249023438 2529
1751001095450 0.16782903671264648 2530
1751001096760 0.16129931807518005 2531
1751001098092 0.2206014096736908 2532
1751001099450 0.1940436065196991 2533
1751001100821 0.1795620322227478 2534
1751001102139 0.1721062809228897 2535
1751001103541 0.1928219199180603 2536
1751001104891 0.20067474246025085 2537
1751001106218 0.22192300856113434 2538
1751001107551 0.18046598136425018 2539
1751001108891 0.1808251440525055 2540
1751001110136 0.272562712430954 2541
1751001111513 0.18943610787391663 2542
1751001112860 0.19492819905281067 2543
1751001114246 0.186799556016922 2544
1751001115521 0.3814878761768341 2545
1751001116859 0.1998816430568695 2546
1751001118190 0.1852521002292633 2547
1751001119517 0.16695833206176758 2548
1751001120846 0.19180834293365479 2549
1751001122182 0.19595372676849365 2550
1751001123543 0.1836691051721573 2551
1751001124902 0.19852329790592194 2552
1751001126233 0.20755738019943237 2553
1751001127546 0.21107973158359528 2554
1751001128868 0.1705644279718399 2555
1751001130199 0.18942654132843018 2556
1751001131528 0.15779468417167664 2557
1751001132860 0.15685854852199554 2558
1751001134224 0.1772150993347168 2559
1751001135601 0.16931995749473572 2560
1751001136934 0.1880059540271759 2561
1751001138261 0.17055590450763702 2562
1751001139615 0.18603195250034332 2563
1751001140941 0.1749306321144104 2564
1751001142266 0.17315420508384705 2565
1751001143610 0.19790789484977722 2566
1751001144941 0.22051110863685608 2567
1751001146261 0.18422207236289978 2568
1751001147611 0.17629657685756683 2569
1751001148926 0.17480608820915222 2570
1751001150259 0.21099168062210083 2571
1751001151590 0.16220349073410034 2572
1751001152945 0.20446057617664337 2573
1751001154311 0.23017041385173798 2574
1751001155647 0.21514001488685608 2575
1751001157053 0.1709764301776886 2576
1751001158415 0.19641117751598358 2577
1751001159738 0.20209941267967224 2578
1751001161099 0.1666828989982605 2579
1751001162438 0.16055753827095032 2580
1751001163766 0.22347646951675415 2581
1751001165108 0.19799984991550446 2582
1751001166433 0.19457411766052246 2583
1751001167688 0.31095534563064575 2584
1751001169036 0.17513225972652435 2585
1751001170368 0.2034408152103424 2586
1751001171705 0.22078992426395416 2587
1751001173062 0.20430207252502441 2588
1751001174386 0.16853031516075134 2589
1751001175726 0.20042604207992554 2590
1751001177048 0.19294524192810059 2591
1751001178366 0.19909343123435974 2592
1751001179731 0.17739053070545197 2593
1751001181062 0.1701190173625946 2594
1751001182310 0.31486013531684875 2595
1751001183803 0.168148934841156 2596
1751001185140 0.20620489120483398 2597
1751001186511 0.21973305940628052 2598
1751001187854 0.18960246443748474 2599
1751001189265 0.1898423731327057 2600
1751001190601 0.20227299630641937 2601
1751001191926 0.19644245505332947 2602
1751001193245 0.16801755130290985 2603
1751001194574 0.19236034154891968 2604
1751001195907 0.18678803741931915 2605
1751001197265 0.18238607048988342 2606
1751001198603 0.14872175455093384 2607
1751001199957 0.18698354065418243 2608
1751001201363 0.20695710182189941 2609
1751001202677 0.1663944125175476 2610
1751001204011 0.1594029664993286 2611
1751001205349 0.14642322063446045 2612
1751001206690 0.17708057165145874 2613
1751001207998 0.31810569763183594 2614
1751001209406 0.17957130074501038 2615
1751001210838 0.19753506779670715 2616
1751001212230 0.18469670414924622 2617
1751001213585 0.22557029128074646 2618
1751001214914 0.1879364401102066 2619
1751001216267 0.24803300201892853 2620
1751001217580 0.35367584228515625 2621
1751001218931 0.19086763262748718 2622
1751001220332 0.1662016212940216 2623
1751001221660 0.2010137438774109 2624
1751001222942 0.30071133375167847 2625
1751001224237 0.27461063861846924 2626
1751001225558 0.17641222476959229 2627
1751001226858 0.19604545831680298 2628
1751001228271 0.2113470882177353 2629
1751001229615 0.17187412083148956 2630
1751001230941 0.13788506388664246 2631
1751001232199 0.30897191166877747 2632
1751001233598 0.13632231950759888 2633
1751001234938 0.1774785965681076 2634
1751001236285 0.16727134585380554 2635
1751001237637 0.17840810120105743 2636
1751001238993 0.17742905020713806 2637
1751001240348 0.17809690535068512 2638
1751001241679 0.19654616713523865 2639
1751001243089 0.21457482874393463 2640
1751001244436 0.18357345461845398 2641
1751001245819 0.1583310067653656 2642
1751001247169 0.16010205447673798 2643
1751001248541 0.20476409792900085 2644
1751001249884 0.1902865469455719 2645
1751001251242 0.17330807447433472 2646
1751001252602 0.2023678421974182 2647
1751001253929 0.18338698148727417 2648
1751001255286 0.15368208289146423 2649
1751001256616 0.16940388083457947 2650
1751001257938 0.183149516582489 2651
1751001259304 0.20562979578971863 2652
1751001260686 0.2029769867658615 2653
1751001262043 0.17835956811904907 2654
1751001263364 0.17242074012756348 2655
1751001264737 0.21049180626869202 2656
1751001266089 0.14315783977508545 2657
1751001267448 0.1577826589345932 2658
1751001268790 0.17040733993053436 2659
1751001270150 0.20023830235004425 2660
1751001271522 0.1774839162826538 2661
1751001272844 0.19924667477607727 2662
1751001274185 0.20800034701824188 2663
1751001275571 0.19913610816001892 2664
1751001276985 0.17454642057418823 2665
1751001278335 0.1843985766172409 2666
1751001279652 0.19885671138763428 2667
1751001281098 0.18969173729419708 2668
1751001282461 0.1729271113872528 2669
1751001283730 0.3562759757041931 2670
1751001284997 0.3078775107860565 2671
1751001286334 0.1926213800907135 2672
1751001287714 0.20584160089492798 2673
1751001289080 0.20298519730567932 2674
1751001290688 0.18615038692951202 2675
1751001292117 0.19655822217464447 2676
1751001293505 0.17568176984786987 2677
1751001294822 0.1791243851184845 2678
1751001296152 0.18312755227088928 2679
1751001297498 0.19328567385673523 2680
1751001298826 0.20650610327720642 2681
1751001300152 0.19769303500652313 2682
1751001301533 0.17749935388565063 2683
1751001302876 0.1792691946029663 2684
1751001304238 0.19422388076782227 2685
1751001305587 0.18669849634170532 2686
1751001306916 0.1732129603624344 2687
1751001308258 0.19481909275054932 2688
1751001309582 0.19462481141090393 2689
1751001310955 0.18112313747406006 2690
1751001312325 0.287463903427124 2691
1751001313691 0.17887558043003082 2692
1751001315014 0.20331327617168427 2693
1751001316369 0.2147773802280426 2694
1751001317690 0.16964280605316162 2695
1751001319031 0.21692192554473877 2696
1751001320396 0.1734725534915924 2697
1751001321770 0.1824120283126831 2698
1751001323180 0.16389690339565277 2699
1751001324503 0.1778603494167328 2700
1751001325812 0.15355578064918518 2701
1751001327163 0.19013521075248718 2702
1751001328501 0.19659306108951569 2703
1751001329849 0.18401360511779785 2704
1751001331271 0.17413952946662903 2705
1751001332528 0.24807825684547424 2706
1751001333922 0.17815464735031128 2707
1751001335282 0.2373664677143097 2708
1751001336664 0.17302121222019196 2709
1751001337983 0.14335966110229492 2710
1751001339266 0.32979676127433777 2711
1751001340542 0.3381088972091675 2712
1751001341891 0.18996384739875793 2713
1751001343252 0.19074469804763794 2714
1751001344663 0.17188668251037598 2715
1751001346006 0.17787131667137146 2716
1751001347327 0.20724792778491974 2717
1751001348693 0.21324388682842255 2718
1751001350024 0.18074347078800201 2719
1751001351381 0.20196551084518433 2720
1751001352710 0.19606436789035797 2721
1751001354041 0.2358841449022293 2722
1751001355454 0.18614214658737183 2723
1751001356788 0.18701447546482086 2724
1751001358130 0.21234890818595886 2725
1751001359459 0.19495582580566406 2726
1751001360793 0.16785575449466705 2727
1751001362111 0.1940515637397766 2728
1751001363441 0.1684911996126175 2729
1751001364780 0.20208673179149628 2730
1751001366103 0.16590604186058044 2731
1751001367448 0.16887256503105164 2732
1751001368862 0.17185036838054657 2733
1751001370180 0.19835785031318665 2734
1751001371496 0.18611112236976624 2735
1751001372858 0.1751517355442047 2736
1751001374280 0.1604594886302948 2737
1751001375607 0.18539273738861084 2738
1751001376934 0.18212999403476715 2739
1751001378279 0.15878728032112122 2740
1751001379610 0.19141559302806854 2741
1751001380946 0.17271538078784943 2742
1751001382210 0.27520233392715454 2743
1751001383534 0.19363856315612793 2744
1751001384878 0.18847611546516418 2745
1751001386209 0.2191096842288971 2746
1751001387595 0.20189744234085083 2747
1751001388944 0.18048635125160217 2748
1751001390266 0.19724884629249573 2749
1751001391539 0.35430750250816345 2750
1751001392863 0.20151172578334808 2751
1751001394201 0.21058683097362518 2752
1751001395569 0.21619665622711182 2753
1751001396881 0.15242527425289154 2754
1751001398423 0.19015485048294067 2755
1751001399760 0.1882065087556839 2756
1751001401148 0.1945590376853943 2757
1751001402463 0.21435044705867767 2758
1751001403802 0.16158567368984222 2759
1751001405130 0.14903482794761658 2760
1751001406499 0.20135997235774994 2761
1751001407877 0.1932266801595688 2762
1751001409285 0.17121274769306183 2763
1751001410623 0.19009090960025787 2764
1751001412074 0.18472075462341309 2765
1751001413454 0.18622292578220367 2766
1751001414838 0.18315377831459045 2767
1751001416154 0.1935172975063324 2768
1751001417510 0.2007349729537964 2769
1751001418785 0.2765679955482483 2770
1751001420120 0.2013939917087555 2771
1751001421462 0.20181195437908173 2772
1751001422802 0.18522530794143677 2773
1751001424185 0.17485235631465912 2774
1751001425543 0.15960761904716492 2775
1751001426896 0.19477005302906036 2776
1751001428230 0.1919868141412735 2777
1751001429573 0.17696335911750793 2778
1751001430916 0.18000277876853943 2779
1751001432262 0.15880554914474487 2780
1751001433651 0.18341682851314545 2781
1751001435005 0.17169494926929474 2782
1751001436331 0.19371362030506134 2783
1751001437663 0.17515027523040771 2784
1751001438990 0.1833915114402771 2785
1751001440284 0.2707383632659912 2786
1751001441673 0.18092581629753113 2787
1751001443024 0.18070553243160248 2788
1751001444271 0.397157222032547 2789
1751001445654 0.19410987198352814 2790
1751001446988 0.196539044380188 2791
1751001448322 0.17569223046302795 2792
1751001449648 0.1815536618232727 2793
1751001450974 0.19977165758609772 2794
1751001452311 0.18257148563861847 2795
1751001453662 0.17804011702537537 2796
1751001455002 0.18580129742622375 2797
1751001456324 0.18370038270950317 2798
1751001457604 0.34913039207458496 2799
1751001458948 0.16786858439445496 2800
1751001460299 0.1766948699951172 2801
1751001461551 0.36182284355163574 2802
1751001462935 0.1735967993736267 2803
1751001464268 0.19080215692520142 2804
1751001465602 0.2003229260444641 2805
1751001466972 0.14903590083122253 2806
1751001468259 0.3308389484882355 2807
1751001469583 0.16986551880836487 2808
1751001470905 0.2041514813899994 2809
1751001472170 0.31893008947372437 2810
1751001473582 0.19066590070724487 2811
1751001474902 0.18130826950073242 2812
1751001476223 0.18583029508590698 2813
1751001477496 0.38400232791900635 2814
1751001478830 0.2039227932691574 2815
1751001480145 0.19882832467556 2816
1751001481510 0.18713541328907013 2817
1751001482856 0.1806359589099884 2818
1751001484199 0.20263496041297913 2819
1751001485629 0.1962025761604309 2820
1751001486972 0.18112610280513763 2821
1751001488287 0.19438591599464417 2822
1751001489607 0.18696755170822144 2823
1751001490914 0.18154287338256836 2824
1751001492258 0.15712790191173553 2825
1751001493590 0.1928449273109436 2826
1751001494917 0.1456192433834076 2827
1751001496243 0.1965464949607849 2828
1751001497617 0.20249348878860474 2829
1751001498875 0.3071025609970093 2830
1751001500199 0.18918944895267487 2831
1751001501472 0.29563605785369873 2832
1751001502981 0.16450348496437073 2833
1751001504328 0.17868158221244812 2834
1751001505671 0.186843603849411 2835
1751001506932 0.3246995210647583 2836
1751001508261 0.18376384675502777 2837
1751001509602 0.20826560258865356 2838
1751001510924 0.18185818195343018 2839
1751001512286 0.18034446239471436 2840
1751001513615 0.18023714423179626 2841
1751001514932 0.19714584946632385 2842
1751001516307 0.18724951148033142 2843
1751001517664 0.16001950204372406 2844
1751001519082 0.1957896500825882 2845
1751001520437 0.17896360158920288 2846
1751001521768 0.1766064167022705 2847
1751001523096 0.20024614036083221 2848
1751001524457 0.193388894200325 2849
1751001525784 0.20165807008743286 2850
1751001527108 0.21114638447761536 2851
1751001528473 0.18326017260551453 2852
1751001529837 0.16442997753620148 2853
1751001531181 0.1734929084777832 2854
1751001532508 0.2015257477760315 2855
1751001533840 0.18296001851558685 2856
1751001535192 0.1962559074163437 2857
1751001536512 0.19548562169075012 2858
1751001537828 0.2054780274629593 2859
1751001539153 0.19973763823509216 2860
1751001540507 0.1659049391746521 2861
1751001541834 0.19050505757331848 2862
1751001543302 0.16862204670906067 2863
1751001544660 0.17175325751304626 2864
1751001546001 0.18840733170509338 2865
1751001547364 0.22074711322784424 2866
1751001548723 0.2087830752134323 2867
1751001550079 0.1649177372455597 2868
1751001551431 0.14227676391601562 2869
1751001552800 0.20458851754665375 2870
1751001554151 0.17269238829612732 2871
1751001555514 0.16665582358837128 2872
1751001556850 0.1824761927127838 2873
1751001558185 0.18033123016357422 2874
1751001559551 0.156707763671875 2875
1751001560895 0.18012045323848724 2876
1751001562229 0.17395810782909393 2877
1751001563590 0.2035897821187973 2878
1751001564944 0.20515207946300507 2879
1751001566308 0.1690922975540161 2880
1751001567672 0.18090961873531342 2881
1751001569043 0.19750329852104187 2882
1751001570472 0.18014800548553467 2883
1751001571813 0.15893268585205078 2884
1751001573201 0.1765892505645752 2885
1751001574568 0.18522273004055023 2886
1751001575907 0.16037198901176453 2887
1751001577254 0.1689828634262085 2888
1751001578592 0.17492684721946716 2889
1751001579920 0.16647374629974365 2890
1751001581371 0.18683059513568878 2891
1751001582648 0.33925220370292664 2892
1751001584023 0.20842665433883667 2893
1751001585350 0.1679101586341858 2894
1751001586704 0.2125788927078247 2895
1751001588039 0.15995082259178162 2896
1751001589365 0.2295982837677002 2897
1751001591009 0.18371428549289703 2898
1751001592265 0.32794100046157837 2899
1751001593584 0.1883583962917328 2900
1751001594922 0.1896762251853943 2901
1751001596246 0.1951390504837036 2902
1751001597498 0.26117444038391113 2903
1751001598818 0.1852380335330963 2904
1751001600151 0.19476716220378876 2905
1751001601463 0.13568457961082458 2906
1751001602796 0.1888275146484375 2907
1751001604055 0.3928775191307068 2908
1751001605310 0.3244013786315918 2909
1751001606637 0.18037627637386322 2910
1751001608003 0.19119153916835785 2911
1751001609335 0.15474054217338562 2912
1751001610671 0.19562777876853943 2913
1751001612002 0.17940205335617065 2914
1751001613362 0.16715103387832642 2915
1751001614688 0.18672141432762146 2916
1751001616106 0.16937686502933502 2917
1751001617395 0.3420272767543793 2918
1751001618765 0.17691931128501892 2919
1751001620093 0.18540090322494507 2920
1751001621423 0.18946588039398193 2921
1751001622754 0.18089240789413452 2922
1751001624087 0.1830706000328064 2923
1751001625428 0.1975090056657791 2924
1751001626784 0.21215716004371643 2925
1751001628131 0.17107118666172028 2926
1751001629507 0.1761418581008911 2927
1751001630854 0.18568412959575653 2928
1751001632225 0.19180051982402802 2929
1751001633573 0.22292926907539368 2930
1751001634936 0.19530919194221497 2931
1751001636264 0.1865795999765396 2932
1751001637600 0.2258903980255127 2933
1751001638950 0.19888117909431458 2934
1751001640239 0.41445204615592957 2935
1751001641565 0.18925946950912476 2936
1751001642899 0.20870250463485718 2937
1751001644236 0.16377732157707214 2938
1751001645558 0.20875613391399384 2939
1751001646892 0.20137201249599457 2940
1751001648286 0.17232228815555573 2941
1751001649621 0.19523873925209045 2942
1751001650964 0.19241011142730713 2943
1751001652314 0.17566713690757751 2944
1751001653681 0.2039170265197754 2945
1751001655024 0.18234069645404816 2946
1751001656363 0.17923274636268616 2947
1751001657692 0.1581127643585205 2948
1751001659033 0.1832762062549591 2949
1751001660387 0.21083706617355347 2950
1751001661724 0.18021348118782043 2951
1751001663062 0.21204182505607605 2952
1751001664381 0.2278626263141632 2953
1751001665725 0.21592850983142853 2954
1751001667110 0.15398123860359192 2955
1751001668448 0.15301403403282166 2956
1751001669771 0.19804763793945312 2957
1751001671119 0.17972949147224426 2958
1751001672480 0.15687286853790283 2959
1751001673846 0.18192315101623535 2960
1751001675378 0.16185113787651062 2961
1751001676639 0.358451247215271 2962
1751001677968 0.16547051072120667 2963
1751001679301 0.1905064582824707 2964
1751001680634 0.18280547857284546 2965
1751001681962 0.1812835931777954 2966
1751001683295 0.18884558975696564 2967
1751001684619 0.16300949454307556 2968
1751001685966 0.18412157893180847 2969
1751001687300 0.15482750535011292 2970
1751001688633 0.17521753907203674 2971
1751001689946 0.14904551208019257 2972
1751001691278 0.16448292136192322 2973
1751001692614 0.18527734279632568 2974
1751001693977 0.16043469309806824 2975
1751001695311 0.18291619420051575 2976
1751001696651 0.18648821115493774 2977
1751001697972 0.20478636026382446 2978
1751001699396 0.18653348088264465 2979
1751001700725 0.19947504997253418 2980
1751001702083 0.15860086679458618 2981
1751001703323 0.35074687004089355 2982
1751001704673 0.19250178337097168 2983
1751001706024 0.18533875048160553 2984
1751001707366 0.22949054837226868 2985
1751001708685 0.19505564868450165 2986
1751001710009 0.147272527217865 2987
1751001711368 0.19823980331420898 2988
1751001712716 0.19180241227149963 2989
1751001714048 0.18055033683776855 2990
1751001715377 0.19180846214294434 2991
1751001716714 0.15599240362644196 2992
1751001718050 0.18686342239379883 2993
1751001719312 0.2464739829301834 2994
1751001720650 0.1881808340549469 2995
1751001721894 0.28696683049201965 2996
1751001723250 0.19109219312667847 2997
1751001724537 0.2954079508781433 2998
1751001725897 0.18692544102668762 2999
1751001727220 0.2009190320968628 3000
1751001728581 0.17884477972984314 3001
1751001729852 0.4602060914039612 3002
1751001731180 0.16516757011413574 3003
1751001732568 0.16107243299484253 3004
1751001733907 0.17994287610054016 3005
1751001735243 0.1615518033504486 3006
1751001736584 0.19052338600158691 3007
1751001737918 0.18197768926620483 3008
1751001739300 0.20832772552967072 3009
1751001740652 0.19996044039726257 3010
1751001741980 0.198386549949646 3011
1751001743318 0.16591772437095642 3012
1751001744700 0.18524084985256195 3013
1751001746043 0.197289377450943 3014
1751001747400 0.18937760591506958 3015
1751001748743 0.18692028522491455 3016
1751001750055 0.19336292147636414 3017
1751001751399 0.17126215994358063 3018
1751001752659 0.3629855513572693 3019
1751001753975 0.18438231945037842 3020
1751001755315 0.19775329530239105 3021
1751001756672 0.20628175139427185 3022
1751001758051 0.16515913605690002 3023
1751001759383 0.22212231159210205 3024
1751001760960 0.18557021021842957 3025
1751001762298 0.18414069712162018 3026
1751001763717 0.19685928523540497 3027
1751001765057 0.16806042194366455 3028
1751001766404 0.21827398240566254 3029
1751001767740 0.1718226671218872 3030
1751001769082 0.19415877759456635 3031
1751001770405 0.23402470350265503 3032
1751001771738 0.1921730637550354 3033
1751001773099 0.17886362969875336 3034
1751001774477 0.15123851597309113 3035
1751001775825 0.1730450540781021 3036
1751001777141 0.1806148737668991 3037
1751001778487 0.16145792603492737 3038
1751001779814 0.20169559121131897 3039
1751001781173 0.1567334085702896 3040
1751001782559 0.18088795244693756 3041
1751001783898 0.17108312249183655 3042
1751001785298 0.1873174011707306 3043
1751001786661 0.15271005034446716 3044
1751001787995 0.1990063339471817 3045
1751001789355 0.175429105758667 3046
1751001790687 0.17683768272399902 3047
1751001792041 0.18975265324115753 3048
1751001793382 0.19181260466575623 3049
1751001794717 0.1796785295009613 3050
1751001796147 0.19009001553058624 3051
1751001797492 0.15718737244606018 3052
1751001798824 0.17497506737709045 3053
1751001800200 0.18010936677455902 3054
1751001801555 0.18052896857261658 3055
1751001802959 0.15163008868694305 3056
1751001804298 0.17265012860298157 3057
1751001805613 0.20738884806632996 3058
1751001807021 0.17256316542625427 3059
1751001808350 0.1631331890821457 3060
1751001809693 0.16248689591884613 3061
1751001811037 0.17680835723876953 3062
1751001812289 0.2961634695529938 3063
1751001813540 0.33290159702301025 3064
1751001814961 0.19257616996765137 3065
1751001816293 0.18013666570186615 3066
1751001817623 0.18318739533424377 3067
1751001818983 0.1654910445213318 3068
1751001820341 0.19268280267715454 3069
1751001821672 0.18546926975250244 3070
1751001823034 0.206560879945755 3071
1751001824419 0.19378477334976196 3072
1751001825734 0.1954316943883896 3073
1751001827053 0.1984984427690506 3074
1751001828369 0.1620904505252838 3075
1751001829698 0.24638986587524414 3076
1751001831027 0.159894198179245 3077
1751001832370 0.17005133628845215 3078
1751001833718 0.17258159816265106 3079
1751001835044 0.2029607594013214 3080
1751001836486 0.185606449842453 3081
1751001837804 0.17685632407665253 3082
1751001839127 0.26929908990859985 3083
1751001840484 0.21385085582733154 3084
1751001841787 0.36058536171913147 3085
1751001843055 0.3317905068397522 3086
1751001844390 0.2065819799900055 3087
1751001845708 0.15659372508525848 3088
1751001847055 0.17321190237998962 3089
1751001848398 0.18630722165107727 3090
1751001849762 0.18023677170276642 3091
1751001851100 0.177517831325531 3092
1751001852412 0.19603879749774933 3093
1751001853788 0.19331902265548706 3094
1751001855117 0.17418302595615387 3095
1751001856447 0.16147319972515106 3096
1751001857774 0.16603031754493713 3097
1751001859115 0.19138862192630768 3098
1751001860573 0.3315064311027527 3099
1751001861891 0.21629086136817932 3100
1751001863292 0.21112003922462463 3101
1751001864634 0.1603417694568634 3102
1751001866029 0.18510082364082336 3103
1751001867377 0.20338764786720276 3104
1751001868746 0.17517855763435364 3105
1751001870125 0.21656513214111328 3106
1751001871532 0.18686600029468536 3107
1751001872865 0.16527047753334045 3108
1751001874236 0.17381034791469574 3109
1751001875577 0.17441801726818085 3110
1751001876934 0.197959303855896 3111
1751001878271 0.18156611919403076 3112
1751001879619 0.20939981937408447 3113
1751001880937 0.17394614219665527 3114
1751001882263 0.1986534297466278 3115
1751001883592 0.19431710243225098 3116
1751001884848 0.23406243324279785 3117
1751001886199 0.1739805042743683 3118
1751001887562 0.19029569625854492 3119
1751001888898 0.1879039853811264 3120
1751001890230 0.1589842587709427 3121
1751001891585 0.18647244572639465 3122
1751001892924 0.195519357919693 3123
1751001894267 0.18969415128231049 3124
1751001895629 0.16501283645629883 3125
1751001897016 0.17558573186397552 3126
1751001898366 0.20892077684402466 3127
1751001899696 0.1820017397403717 3128
1751001901047 0.19193147122859955 3129
1751001902315 0.26985353231430054 3130
1751001903709 0.17001822590827942 3131
1751001905066 0.16905038058757782 3132
1751001906396 0.21053095161914825 3133
1751001907762 0.1685090810060501 3134
1751001909078 0.299302339553833 3135
1751001910427 0.2001408040523529 3136
1751001911772 0.18041042983531952 3137
1751001913135 0.1721411794424057 3138
1751001914481 0.18426278233528137 3139
1751001915799 0.16713345050811768 3140
1751001917178 0.18403878808021545 3141
1751001918555 0.1408504694700241 3142
1751001919927 0.1998513638973236 3143
1751001921283 0.16572460532188416 3144
1751001922627 0.15404465794563293 3145
1751001923986 0.17455065250396729 3146
1751001925409 0.18715935945510864 3147
1751001926812 0.20322975516319275 3148
1751001928147 0.15266335010528564 3149
1751001929443 0.3608227074146271 3150
1751001930760 0.2005426436662674 3151
1751001932036 0.2689225673675537 3152
1751001933388 0.19075748324394226 3153
1751001934759 0.19814720749855042 3154
1751001936076 0.20909109711647034 3155
1751001937384 0.16598737239837646 3156
1751001938717 0.23547470569610596 3157
1751001940037 0.18036743998527527 3158
1751001941444 0.1951988786458969 3159
1751001942762 0.20489665865898132 3160
1751001944107 0.2056696116924286 3161
1751001945442 0.2532786726951599 3162
1751001946834 0.20708118379116058 3163
1751001948107 0.2641277313232422 3164
1751001949706 0.19441638886928558 3165
1751001951069 0.17069672048091888 3166
1751001952410 0.20813244581222534 3167
1751001953773 0.14550334215164185 3168
1751001955196 0.14029406011104584 3169
1751001956535 0.21581244468688965 3170
1751001957909 0.18238228559494019 3171
1751001959248 0.16081127524375916 3172
1751001960570 0.20464003086090088 3173
1751001961899 0.1773238182067871 3174
1751001963296 0.17521032691001892 3175
1751001964632 0.1890501081943512 3176
1751001965975 0.18400925397872925 3177
1751001967306 0.19487625360488892 3178
1751001968632 0.16490277647972107 3179
1751001969982 0.20044606924057007 3180
1751001971304 0.17344500124454498 3181
1751001972640 0.18085262179374695 3182
1751001973969 0.17926636338233948 3183
1751001975306 0.15279927849769592 3184
1751001976672 0.188409224152565 3185
1751001978044 0.15437668561935425 3186
1751001979431 0.20757541060447693 3187
1751001980756 0.1722572147846222 3188
1751001982079 0.16937944293022156 3189
1751001983414 0.16990754008293152 3190
1751001984762 0.16092069447040558 3191
1751001986071 0.15809756517410278 3192
1751001987402 0.1923644244670868 3193
1751001988764 0.18219108879566193 3194
1751001990129 0.18815696239471436 3195
1751001991505 0.15379539132118225 3196
1751001992841 0.17559386789798737 3197
1751001994229 0.19063276052474976 3198
1751001995609 0.19539973139762878 3199
1751001996946 0.15162184834480286 3200
1751001998334 0.15445175766944885 3201
1751001999734 0.22786292433738708 3202
1751002001065 0.16944476962089539 3203
1751002002407 0.2019813507795334 3204
1751002003733 0.19532977044582367 3205
1751002005069 0.19499105215072632 3206
1751002006386 0.21742618083953857 3207
1751002007673 0.25026968121528625 3208
1751002009050 0.18485458195209503 3209
1751002010388 0.16793018579483032 3210
1751002011724 0.17828507721424103 3211
1751002013072 0.19585832953453064 3212
1751002014349 0.3285074234008789 3213
1751002015696 0.20251719653606415 3214
1751002017092 0.18132373690605164 3215
1751002018430 0.2102736532688141 3216
1751002019764 0.19260099530220032 3217
1751002021099 0.19034811854362488 3218
1751002022449 0.19591829180717468 3219
1751002023839 0.18348518013954163 3220
1751002025159 0.17482832074165344 3221
1751002026498 0.18536606431007385 3222
1751002028097 0.17150196433067322 3223
1751002029361 0.25830984115600586 3224
1751002030721 0.18792858719825745 3225
1751002032102 0.17059943079948425 3226
1751002033448 0.1733524203300476 3227
1751002034823 0.18540650606155396 3228
1751002036089 0.2643837332725525 3229
1751002037445 0.20741954445838928 3230
1751002038792 0.17659038305282593 3231
1751002040147 0.20118439197540283 3232
1751002041496 0.1807849407196045 3233
1751002042849 0.16363218426704407 3234
1751002044206 0.22656303644180298 3235
1751002045584 0.1735469549894333 3236
1751002046945 0.19609154760837555 3237
1751002048373 0.18289601802825928 3238
1751002049835 0.1739816963672638 3239
1751002051162 0.20127493143081665 3240
1751002052506 0.1613951474428177 3241
1751002053848 0.21244728565216064 3242
1751002055217 0.17817819118499756 3243
1751002056584 0.18663853406906128 3244
1751002057962 0.1782480925321579 3245
1751002059320 0.19978070259094238 3246
1751002060766 0.22175514698028564 3247
1751002062137 0.17621061205863953 3248
1751002063480 0.18013210594654083 3249
1751002064828 0.18495914340019226 3250
1751002066237 0.18269933760166168 3251
1751002067578 0.15524297952651978 3252
1751002068921 0.17992687225341797 3253
1751002070264 0.17574693262577057 3254
1751002071630 0.18081706762313843 3255
1751002072902 0.23066505789756775 3256
1751002074235 0.1857852339744568 3257
1751002075638 0.1837649941444397 3258
1751002076998 0.1671053171157837 3259
1751002078352 0.17375558614730835 3260
1751002079627 0.3321159780025482 3261
1751002080992 0.15212243795394897 3262
1751002082334 0.17180666327476501 3263
1751002083704 0.1726800501346588 3264
1751002085068 0.19523616135120392 3265
1751002086434 0.18548889458179474 3266
1751002087822 0.14822757244110107 3267
1751002089170 0.16245535016059875 3268
1751002090536 0.1800849735736847 3269
1751002091889 0.16360501945018768 3270
1751002093221 0.20024323463439941 3271
1751002094545 0.16921722888946533 3272
1751002095891 0.17642274498939514 3273
1751002097147 0.34039998054504395 3274
1751002098471 0.19370464980602264 3275
1751002099792 0.3413928747177124 3276
1751002101145 0.15878236293792725 3277
1751002102509 0.1348160356283188 3278
1751002103837 0.2162342071533203 3279
1751002105403 0.17862620949745178 3280
1751002106772 0.19892120361328125 3281
1751002108172 0.19268672168254852 3282
1751002109505 0.19854840636253357 3283
1751002110870 0.1858033388853073 3284
1751002112230 0.17811544239521027 3285
1751002113612 0.17610061168670654 3286
1751002114953 0.19289913773536682 3287
1751002116362 0.1798515021800995 3288
1751002117684 0.1934465765953064 3289
1751002119002 0.1698152869939804 3290
1751002120425 0.15797238051891327 3291
1751002121757 0.18910333514213562 3292
1751002123094 0.21242649853229523 3293
1751002124517 0.2225971221923828 3294
1751002125857 0.2098369002342224 3295
1751002127189 0.18755148351192474 3296
1751002128528 0.16632318496704102 3297
1751002129853 0.16844293475151062 3298
1751002131242 0.19152092933654785 3299
1751002132583 0.1830766499042511 3300
1751002133919 0.12303349375724792 3301
1751002135248 0.18558833003044128 3302
1751002136584 0.20906475186347961 3303
1751002137988 0.18628516793251038 3304
1751002139246 0.3589625656604767 3305
1751002140634 0.1709422469139099 3306
1751002141975 0.20497867465019226 3307
1751002143221 0.331613689661026 3308
1751002144580 0.21720150113105774 3309
1751002145970 0.17730112373828888 3310
1751002147343 0.17353907227516174 3311
1751002148728 0.1532554030418396 3312
1751002150069 0.21816356480121613 3313
1751002151394 0.15864858031272888 3314
1751002152749 0.22723519802093506 3315
1751002154120 0.2027590423822403 3316
1751002155460 0.17818477749824524 3317
1751002156802 0.19003406167030334 3318
1751002158133 0.18392080068588257 3319
1751002159523 0.2649295926094055 3320
1751002160860 0.18653900921344757 3321
1751002162205 0.18281829357147217 3322
1751002163566 0.17777317762374878 3323
1751002164929 0.18657372891902924 3324
1751002166281 0.1902390718460083 3325
1751002167692 0.16201287508010864 3326
1751002169081 0.22032177448272705 3327
1751002170467 0.16865649819374084 3328
1751002171869 0.16796338558197021 3329
1751002173212 0.17086592316627502 3330
1751002174569 0.17521141469478607 3331
1751002176057 0.1664961576461792 3332
1751002177673 0.17579790949821472 3333
1751002178932 0.27600306272506714 3334
1751002180273 0.14995960891246796 3335
1751002181675 0.14967671036720276 3336
1751002183119 0.17253601551055908 3337
1751002184509 0.17577755451202393 3338
1751002185946 0.1846020221710205 3339
1751002187284 0.14740028977394104 3340
1751002188602 0.20583981275558472 3341
1751002190031 0.20496514439582825 3342
1751002191389 0.18021124601364136 3343
1751002192731 0.1627742499113083 3344
1751002194086 0.18855483829975128 3345
1751002195459 0.17917412519454956 3346
1751002196809 0.1807171106338501 3347
1751002198147 0.1806170791387558 3348
1751002199485 0.15105898678302765 3349
1751002200840 0.17244338989257812 3350
1751002202220 0.16893351078033447 3351
1751002203553 0.17363187670707703 3352
1751002204886 0.17372769117355347 3353
1751002206294 0.1982513666152954 3354
1751002207634 0.20003178715705872 3355
1751002208991 0.1745818853378296 3356
1751002210345 0.18250423669815063 3357
1751002211711 0.14468902349472046 3358
1751002213065 0.17475682497024536 3359
1751002214390 0.1802319586277008 3360
1751002215751 0.19523349404335022 3361
1751002217097 0.15896615386009216 3362
1751002218468 0.16304071247577667 3363
1751002219826 0.20858588814735413 3364
1751002221178 0.16770097613334656 3365
1751002222517 0.17152613401412964 3366
1751002223876 0.19100579619407654 3367
1751002225221 0.18298250436782837 3368
1751002226558 0.15925131738185883 3369
1751002227897 0.17455369234085083 3370
1751002229227 0.19835981726646423 3371
1751002230594 0.1629376858472824 3372
1751002231920 0.19024759531021118 3373
1751002233293 0.19741865992546082 3374
1751002234735 0.1831478327512741 3375
1751002236071 0.1992073655128479 3376
1751002237413 0.3377605676651001 3377
1751002238782 0.15745612978935242 3378
1751002240138 0.17980261147022247 3379
1751002241503 0.15213808417320251 3380
1751002242829 0.1575251966714859 3381
1751002244187 0.2018001526594162 3382
1751002245500 0.15973429381847382 3383
1751002246840 0.18575114011764526 3384
1751002248193 0.17542651295661926 3385
1751002249537 0.19160418212413788 3386
1751002250830 0.3662339150905609 3387
1751002252165 0.2101617008447647 3388
1751002253457 0.3348320722579956 3389
1751002254994 0.17982760071754456 3390
1751002256340 0.14071494340896606 3391
1751002257668 0.19391724467277527 3392
1751002259009 0.1714155375957489 3393
1751002260421 0.1847386211156845 3394
1751002261793 0.16622403264045715 3395
1751002263163 0.17772835493087769 3396
1751002264526 0.18738186359405518 3397
1751002265908 0.19094783067703247 3398
1751002267252 0.18607407808303833 3399
1751002268583 0.18775326013565063 3400
1751002269926 0.18551349639892578 3401
1751002271213 0.30031800270080566 3402
1751002272546 0.2294030785560608 3403
1751002273876 0.19188933074474335 3404
1751002275222 0.18929511308670044 3405
1751002276595 0.18905885517597198 3406
1751002277956 0.197488933801651 3407
1751002279315 0.1692323088645935 3408
1751002280644 0.1734071671962738 3409
1751002281970 0.16697391867637634 3410
1751002283297 0.1439317911863327 3411
1751002284633 0.16079142689704895 3412
1751002286064 0.13893434405326843 3413
1751002287434 0.19011348485946655 3414
1751002288775 0.18439018726348877 3415
1751002290132 0.177998885512352 3416
1751002291462 0.18599987030029297 3417
1751002292849 0.15114696323871613 3418
1751002294235 0.19782283902168274 3419
1751002295623 0.18714432418346405 3420
1751002297041 0.15680193901062012 3421
1751002298370 0.20541447401046753 3422
1751002299645 0.3248283863067627 3423
1751002300983 0.1797962486743927 3424
1751002302391 0.18842288851737976 3425
1751002303736 0.1908469796180725 3426
1751002305080 0.14817175269126892 3427
1751002306424 0.2091522514820099 3428
1751002307766 0.21535737812519073 3429
1751002309049 0.3512353003025055 3430
1751002310408 0.21472257375717163 3431
1751002311734 0.17695657908916473 3432
1751002313113 0.19974300265312195 3433
1751002314481 0.18075016140937805 3434
1751002315831 0.16565898060798645 3435
1751002317165 0.20238426327705383 3436
1751002318513 0.1794208288192749 3437
1751002319840 0.21034592390060425 3438
1751002321186 0.17042803764343262 3439
1751002322520 0.20887279510498047 3440
1751002323874 0.19911906123161316 3441
1751002325211 0.18590863049030304 3442
1751002326573 0.1694062352180481 3443
1751002327902 0.17901939153671265 3444
1751002329235 0.1533011794090271 3445
1751002330620 0.15686888992786407 3446
1751002332269 0.18284893035888672 3447
1751002333532 0.4911208152770996 3448
1751002334929 0.18009664118289948 3449
1751002336298 0.1675308495759964 3450
1751002337624 0.1959630250930786 3451
1751002339006 0.194182887673378 3452
1751002340361 0.16947883367538452 3453
1751002341686 0.19166618585586548 3454
1751002343061 0.17350825667381287 3455
1751002344393 0.174683079123497 3456
1751002345750 0.17304924130439758 3457
1751002347176 0.16154152154922485 3458
1751002348518 0.17659087479114532 3459
1751002349880 0.16641804575920105 3460
1751002351235 0.15219327807426453 3461
1751002352572 0.18097244203090668 3462
1751002353940 0.1361255794763565 3463
1751002355231 0.362993448972702 3464
1751002356582 0.20644241571426392 3465
1751002357900 0.17838642001152039 3466
1751002359233 0.16795051097869873 3467
1751002360564 0.20111915469169617 3468
1751002361923 0.18966884911060333 3469
1751002363301 0.19089215993881226 3470
1751002364635 0.15576957166194916 3471
1751002365995 0.16757425665855408 3472
1751002367390 0.16888317465782166 3473
1751002368725 0.1864156872034073 3474
1751002370061 0.17984595894813538 3475
1751002371397 0.18085864186286926 3476
1751002372665 0.2943079173564911 3477
1751002373985 0.17180244624614716 3478
1751002375304 0.19194245338439941 3479
1751002376629 0.18264156579971313 3480
1751002377932 0.33647066354751587 3481
1751002379275 0.15228211879730225 3482
1751002380568 0.36276593804359436 3483
1751002381845 0.23068296909332275 3484
1751002383205 0.17678655683994293 3485
1751002384553 0.1908109486103058 3486
1751002385905 0.19145207107067108 3487
1751002387277 0.19480156898498535 3488
1751002388636 0.17334213852882385 3489
1751002389934 0.36161917448043823 3490
1751002391325 0.1412617415189743 3491
1751002392683 0.13655999302864075 3492
1751002394029 0.19649533927440643 3493
1751002395356 0.1840323507785797 3494
1751002396678 0.17877483367919922 3495
1751002397997 0.22646257281303406 3496
1751002399321 0.1794884204864502 3497
1751002400673 0.16410616040229797 3498
1751002402040 0.16788260638713837 3499
1751002403445 0.171480193734169 3500
1751002405082 0.17187869548797607 3501
1751002406438 0.17568542063236237 3502
1751002407775 0.1882028430700302 3503
1751002409115 0.1762055605649948 3504
1751002410467 0.15045887231826782 3505
1751002411791 0.17528510093688965 3506
1751002413116 0.1734313815832138 3507
1751002414514 0.1643492877483368 3508
1751002415881 0.19112816452980042 3509
1751002417226 0.1549966037273407 3510
1751002418555 0.16596391797065735 3511
1751002419844 0.33008354902267456 3512
1751002421142 0.35993558168411255 3513
1751002422478 0.15937194228172302 3514
1751002423800 0.1609247773885727 3515
1751002425121 0.18097543716430664 3516
1751002426406 0.26394587755203247 3517
1751002427789 0.18593387305736542 3518
1751002429104 0.19299322366714478 3519
1751002430452 0.17868885397911072 3520
1751002431833 0.16894464194774628 3521
1751002433166 0.17451030015945435 3522
1751002434497 0.1701669842004776 3523
1751002435822 0.17848828434944153 3524
1751002437144 0.15614944696426392 3525
1751002438496 0.18196775019168854 3526
1751002439826 0.19908323884010315 3527
1751002441250 0.1694805920124054 3528
1751002442588 0.16732877492904663 3529
1751002443944 0.2008630335330963 3530
1751002445302 0.18765592575073242 3531
1751002446631 0.19013309478759766 3532
1751002447953 0.1702694147825241 3533
1751002449284 0.15168426930904388 3534
1751002450611 0.16829247772693634 3535
1751002451948 0.19736459851264954 3536
1751002453301 0.20672756433486938 3537
1751002454628 0.1856270730495453 3538
1751002456018 0.14605168998241425 3539
1751002457374 0.182355597615242 3540
1751002458718 0.18945656716823578 3541
1751002460040 0.17596885561943054 3542
1751002461370 0.17847350239753723 3543
1751002462709 0.1875312328338623 3544
1751002464043 0.17838315665721893 3545
1751002465400 0.18387800455093384 3546
1751002466754 0.20329910516738892 3547
1751002468130 0.17337149381637573 3548
1751002469483 0.16096630692481995 3549
1751002470829 0.1695353388786316 3550
1751002472153 0.1709153950214386 3551
1751002473444 0.36927711963653564 3552
1751002474808 0.15302075445652008 3553
1751002476361 0.14758679270744324 3554
1751002477682 0.17705602943897247 3555
1751002479021 0.16756103932857513 3556
1751002480385 0.2120668739080429 3557
1751002481740 0.20181594789028168 3558
1751002483063 0.19422709941864014 3559
1751002484470 0.16378998756408691 3560
1751002485814 0.17749184370040894 3561
1751002487157 0.19672249257564545 3562
1751002488496 0.20000486075878143 3563
1751002489860 0.19768919050693512 3564
1751002491218 0.17047125101089478 3565
1751002492553 0.1438225507736206 3566
1751002493892 0.17474433779716492 3567
1751002495253 0.17815664410591125 3568
1751002496591 0.18112525343894958 3569
1751002497916 0.20545238256454468 3570
1751002499248 0.19875618815422058 3571
1751002500582 0.16773900389671326 3572
1751002501958 0.2022017538547516 3573
1751002503329 0.19372867047786713 3574
1751002504667 0.15349823236465454 3575
1751002506029 0.19282522797584534 3576
1751002507302 0.2694959044456482 3577
1751002508553 0.2928643524646759 3578
1751002509900 0.17702843248844147 3579
1751002511267 0.1845695674419403 3580
1751002512584 0.16404350101947784 3581
1751002513909 0.1785300374031067 3582
1751002515233 0.18164348602294922 3583
1751002516568 0.1654244214296341 3584
1751002517900 0.18572528660297394 3585
1751002519296 0.18684644997119904 3586
1751002520625 0.1693258285522461 3587
1751002521962 0.1691870093345642 3588
1751002523233 0.3499201536178589 3589
1751002524568 0.16806909441947937 3590
1751002525902 0.19263774156570435 3591
1751002527245 0.1798953115940094 3592
1751002528570 0.1649569720029831 3593
1751002529899 0.206647127866745 3594
1751002531228 0.16267496347427368 3595
1751002532549 0.1793651580810547 3596
1751002533874 0.18776245415210724 3597
1751002535218 0.1630643904209137 3598
1751002536590 0.17770031094551086 3599
1751002538294 0.18137502670288086 3600
1751002616461 0.2006014734506607 3601
1751002669728 0.19966566562652588 3602
1751002671056 0.18357177078723907 3603
1751002672399 0.16448329389095306 3604
1751002673769 0.18072235584259033 3605
1751002675143 0.14772950112819672 3606
1751002676508 0.19764527678489685 3607
1751002677887 0.1887800395488739 3608
1751002679241 0.21291866898536682 3609
1751002680573 0.22444625198841095 3610
1751002681928 0.2056172490119934 3611
1751002683281 0.14095090329647064 3612
1751002684569 0.33709365129470825 3613
1751002685896 0.177755206823349 3614
1751002687173 0.37315911054611206 3615
1751002688548 0.13784091174602509 3616
1751002689885 0.1734788417816162 3617
1751002691203 0.16048739850521088 3618
1751002692556 0.18317349255084991 3619
1751002693905 0.18277901411056519 3620
1751002695231 0.17104914784431458 3621
1751002696579 0.15071739256381989 3622
1751002697912 0.1778683066368103 3623
1751002699180 0.23845097422599792 3624
1751002700536 0.16812452673912048 3625
1751002701897 0.18619872629642487 3626
1751002703238 0.1997874230146408 3627
1751002704599 0.17980605363845825 3628
1751002705924 0.1529894918203354 3629
1751002707260 0.15801279246807098 3630
1751002708611 0.192612886428833 3631
1751002709956 0.1848546713590622 3632
1751002711427 0.21792098879814148 3633
1751002712813 0.1732550859451294 3634
1751002714167 0.19801515340805054 3635
1751002715503 0.17974525690078735 3636
1751002716923 0.16491539776325226 3637
1751002718301 0.18909677863121033 3638
1751002719639 0.20917567610740662 3639
1751002720976 0.17473942041397095 3640
1751002722329 0.20107245445251465 3641
1751002723672 0.18198555707931519 3642
1751002725008 0.18702808022499084 3643
1751002726347 0.19100357592105865 3644
1751002727615 0.3793768286705017 3645
1751002728933 0.23231080174446106 3646
1751002730204 0.2763928771018982 3647
1751002731535 0.18670783936977386 3648
1751002732954 0.15532925724983215 3649
1751002734219 0.38583582639694214 3650
1751002735555 0.18136195838451385 3651
1751002736894 0.19462580978870392 3652
1751002738487 0.2092713713645935 3653
1751002739827 0.1781819760799408 3654
1751002741146 0.16920804977416992 3655
1751002742570 0.19486021995544434 3656
1751002743846 0.333697110414505 3657
1751002745194 0.19344207644462585 3658
1751002746528 0.18297384679317474 3659
1751002747876 0.17428144812583923 3660
1751002749227 0.1778905987739563 3661
1751002750507 0.3152444362640381 3662
1751002751856 0.18246954679489136 3663
1751002753126 0.27157166600227356 3664
1751002754420 0.2685198187828064 3665
1751002755760 0.13071967661380768 3666
1751002757090 0.15532547235488892 3667
1751002758382 0.27154839038848877 3668
1751002759788 0.1753312051296234 3669
1751002761114 0.16917701065540314 3670
1751002762370 0.3106718063354492 3671
1751002763703 0.17029260098934174 3672
1751002765076 0.1670447587966919 3673
1751002766460 0.20142365992069244 3674
1751002767862 0.17931079864501953 3675
1751002769213 0.2013835906982422 3676
1751002770538 0.17781881988048553 3677
1751002771909 0.16837407648563385 3678
1751002773171 0.33785754442214966 3679
1751002774430 0.3267250657081604 3680
1751002775699 0.2845604717731476 3681
1751002777030 0.19208824634552002 3682
1751002778383 0.1779916137456894 3683
1751002779758 0.17588059604167938 3684
1751002781083 0.18988725543022156 3685
1751002782437 0.20116451382637024 3686
1751002783761 0.17932620644569397 3687
1751002785028 0.2840997874736786 3688
1751002786356 0.1856589913368225 3689
1751002787690 0.17411276698112488 3690
1751002789025 0.17550158500671387 3691
1751002790375 0.20480790734291077 3692
1751002791718 0.20072674751281738 3693
1751002793051 0.17666679620742798 3694
1751002794365 0.16138556599617004 3695
1751002795688 0.1652284562587738 3696
1751002797024 0.19054388999938965 3697
1751002798360 0.1252458244562149 3698
1751002799706 0.19743117690086365 3699
1751002801248 0.1525256335735321 3700
1751002802615 0.20649033784866333 3701
1751002803985 0.20095327496528625 3702
1751002805363 0.18421247601509094 3703
1751002806700 0.20658449828624725 3704
1751002808029 0.18923501670360565 3705
1751002809378 0.1556079089641571 3706
1751002810733 0.17910027503967285 3707
1751002812062 0.18581484258174896 3708
1751002813362 0.24847234785556793 3709
1751002814695 0.16338083148002625 3710
1751002816101 0.19163933396339417 3711
1751002817470 0.18658199906349182 3712
1751002818822 0.1701497584581375 3713
1751002820155 0.20667679607868195 3714
1751002821478 0.15203805267810822 3715
1751002822885 0.1940254271030426 3716
1751002824241 0.1952190101146698 3717
1751002825570 0.19918769598007202 3718
1751002826914 0.14191704988479614 3719
1751002828313 0.16578376293182373 3720
1751002829662 0.21249249577522278 3721
1751002831003 0.19672620296478271 3722
1751002832352 0.15883378684520721 3723
1751002833715 0.20577450096607208 3724
1751002835060 0.1520320028066635 3725
1751002836394 0.13765579462051392 3726
1751002837731 0.1796284317970276 3727
1751002839080 0.17604435980319977 3728
1751002840430 0.2057657241821289 3729
1751002841772 0.19261126220226288 3730
1751002843107 0.1878817081451416 3731
1751002844450 0.17117102444171906 3732
1751002845795 0.1817391961812973 3733
1751002847146 0.1807335764169693 3734
1751002848475 0.15868790447711945 3735
1751002849837 0.19079482555389404 3736
1751002851165 0.1712413728237152 3737
1751002852506 0.16941764950752258 3738
1751002853845 0.15886741876602173 3739
1751002855195 0.17649111151695251 3740
1751002856534 0.1735645830631256 3741
1751002857862 0.2097572535276413 3742
1751002859189 0.17633667588233948 3743
1751002860461 0.3349509835243225 3744
1751002861790 0.17429423332214355 3745
1751002863122 0.16400517523288727 3746
1751002864698 0.16992595791816711 3747
1751002866040 0.19490468502044678 3748
1751002867386 0.18753549456596375 3749
1751002868710 0.17273400723934174 3750
1751002870152 0.1937427669763565 3751
1751002871537 0.18567508459091187 3752
1751002872915 0.20543578267097473 3753
1751002874283 0.1879805326461792 3754
1751002875647 0.1860077977180481 3755
1751002876997 0.17536324262619019 3756
1751002878355 0.1983070969581604 3757
1751002879703 0.17605264484882355 3758
1751002881051 0.18028298020362854 3759
1751002882394 0.16678640246391296 3760
1751002883758 0.17440949380397797 3761
1751002885080 0.18320128321647644 3762
1751002886423 0.2036755234003067 3763
1751002887761 0.1681731641292572 3764
1751002889140 0.1737348437309265 3765
1751002890494 0.163038432598114 3766
1751002891799 0.25276464223861694 3767
1751002893167 0.1786269247531891 3768
1751002894564 0.18386632204055786 3769
1751002895927 0.17725354433059692 3770
1751002897395 0.1629016101360321 3771
1751002898742 0.18938153982162476 3772
1751002900139 0.17471294105052948 3773
1751002901419 0.2998103201389313 3774
1751002902747 0.16781872510910034 3775
1751002904086 0.18311816453933716 3776
1751002905446 0.16562268137931824 3777
1751002906798 0.18033993244171143 3778
1751002908067 0.34884655475616455 3779
1751002909470 0.17793601751327515 3780
1751002910816 0.15902672708034515 3781
1751002912174 0.1989847719669342 3782
1751002913450 0.2330721765756607 3783
1751002914818 0.22559323906898499 3784
1751002916185 0.19762250781059265 3785
1751002917545 0.19833360612392426 3786
1751002918897 0.17724058032035828 3787
1751002920218 0.1587200164794922 3788
1751002921557 0.19101303815841675 3789
1751002922895 0.15344223380088806 3790
1751002924179 0.30196282267570496 3791
1751002925547 0.1401602327823639 3792
1751002926945 0.16398635506629944 3793
1751002928308 0.1714773327112198 3794
1751002929869 0.18310657143592834 3795
1751002931231 0.15205372869968414 3796
1751002932568 0.17919862270355225 3797
1751002933929 0.18285441398620605 3798
1751002935260 0.20699940621852875 3799
1751002936504 0.3790616989135742 3800
1751002937852 0.18373271822929382 3801
1751002939177 0.190562903881073 3802
1751002940541 0.23250386118888855 3803
1751002941900 0.18131700158119202 3804
1751002943288 0.15121643245220184 3805
1751002944661 0.1680343747138977 3806
1751002946008 0.19510573148727417 3807
1751002947359 0.17490649223327637 3808
1751002948686 0.1810794174671173 3809
1751002950058 0.18564927577972412 3810
1751002951403 0.20019859075546265 3811
1751002952767 0.19530557096004486 3812
1751002954125 0.1835852712392807 3813
1751002955472 0.18103033304214478 3814
1751002956880 0.1802716702222824 3815
1751002958253 0.18505895137786865 3816
1751002959623 0.19780239462852478 3817
1751002960976 0.1556728482246399 3818
1751002962383 0.18167002499103546 3819
1751002963753 0.18343034386634827 3820
1751002965103 0.193121999502182 3821
1751002966375 0.32006406784057617 3822
1751002967656 0.27040109038352966 3823
1751002969015 0.18453097343444824 3824
1751002970349 0.16989821195602417 3825
1751002971615 0.28193575143814087 3826
1751002972970 0.18030589818954468 3827
1751002974336 0.17457938194274902 3828
1751002975704 0.18442785739898682 3829
1751002977079 0.19105856120586395 3830
1751002978463 0.1867656111717224 3831
1751002979808 0.15947449207305908 3832
1751002981177 0.14864706993103027 3833
1751002982513 0.15642686188220978 3834
1751002983900 0.18915458023548126 3835
1751002985263 0.17184895277023315 3836
1751002986599 0.18839126825332642 3837
1751002987920 0.18674209713935852 3838
1751002989262 0.21127775311470032 3839
1751002990509 0.25934457778930664 3840
1751002991855 0.15170928835868835 3841
1751002993392 0.1855751872062683 3842
1751002994807 0.1457362025976181 3843
1751002996170 0.16241773962974548 3844
1751002997579 0.16889172792434692 3845
1751002998927 0.18960843980312347 3846
1751003000314 0.1565323770046234 3847
1751003001659 0.18040341138839722 3848
1751003002998 0.16756460070610046 3849
1751003004379 0.15149585902690887 3850
1751003005725 0.2052047848701477 3851
1751003007171 0.18214523792266846 3852
1751003008597 0.206766277551651 3853
1751003009952 0.17838819324970245 3854
1751003011277 0.18062663078308105 3855
1751003012632 0.20013120770454407 3856
1751003013972 0.16954676806926727 3857
1751003015304 0.17376577854156494 3858
1751003016662 0.1938098967075348 3859
1751003018079 0.1685180515050888 3860
1751003019511 0.19504901766777039 3861
1751003020900 0.2043684422969818 3862
1751003022365 0.1673097312450409 3863
1751003023672 0.34895360469818115 3864
1751003025073 0.2007557600736618 3865
1751003026410 0.1826084852218628 3866
1751003027773 0.16715338826179504 3867
1751003029169 0.20138703286647797 3868
1751003030396 0.4127659201622009 3869
1751003031684 0.37305504083633423 3870
1751003033088 0.18127374351024628 3871
1751003034604 0.151460200548172 3872
1751003035982 0.1832731068134308 3873
1751003037322 0.1555977165699005 3874
1751003038667 0.17804694175720215 3875
1751003040043 0.1538648009300232 3876
1751003041457 0.2015077769756317 3877
1751003042809 0.14222046732902527 3878
1751003044219 0.17530067265033722 3879
1751003045569 0.14434075355529785 3880
1751003046837 0.4048926830291748 3881
1751003048090 0.3564363420009613 3882
1751003049493 0.1839921772480011 3883
1751003050833 0.2138744443655014 3884
1751003052195 0.17456959187984467 3885
1751003053513 0.1838921755552292 3886
1751003055093 0.1869552731513977 3887
1751003056490 0.18324178457260132 3888
1751003057836 0.22178709506988525 3889
1751003059198 0.17799735069274902 3890
1751003060535 0.182104229927063 3891
1751003061785 0.3694850206375122 3892
1751003063107 0.16433417797088623 3893
1751003064430 0.18839362263679504 3894
1751003065769 0.1713247150182724 3895
1751003067131 0.1790192574262619 3896
1751003068495 0.18721187114715576 3897
1751003069844 0.17022201418876648 3898
1751003071233 0.19603729248046875 3899
1751003072592 0.17085927724838257 3900
1751003073943 0.21187326312065125 3901
1751003075304 0.18791718780994415 3902
1751003076651 0.19736646115779877 3903
1751003078013 0.17011228203773499 3904
1751003079391 0.17025333642959595 3905
1751003080740 0.20499756932258606 3906
1751003082101 0.1682872474193573 3907
1751003083504 0.18128827214241028 3908
1751003084916 0.15909236669540405 3909
1751003086248 0.1857612431049347 3910
1751003087600 0.17871597409248352 3911
1751003088933 0.24203522503376007 3912
1751003090265 0.17809125781059265 3913
1751003091622 0.1868617981672287 3914
1751003092945 0.19058921933174133 3915
1751003094279 0.1809408813714981 3916
1751003095646 0.18068823218345642 3917
1751003096917 0.23112836480140686 3918
1751003098308 0.15468576550483704 3919
1751003099644 0.18253806233406067 3920
1751003101025 0.19634605944156647 3921
1751003102366 0.17108532786369324 3922
1751003103771 0.19156335294246674 3923
1751003105107 0.18309906125068665 3924
1751003106458 0.19856758415699005 3925
1751003107826 0.191280335187912 3926
1751003109369 0.12720412015914917 3927
1751003110698 0.17679929733276367 3928
1751003112065 0.1858637034893036 3929
1751003113336 0.24762243032455444 3930
1751003114674 0.1762283742427826 3931
1751003116063 0.2153240293264389 3932
1751003117404 0.18011397123336792 3933
1751003118795 0.16913646459579468 3934
1751003120136 0.1661350429058075 3935
1751003121470 0.14233502745628357 3936
1751003122847 0.1677340865135193 3937
1751003124184 0.19657544791698456 3938
1751003125538 0.18540148437023163 3939
1751003126916 0.17533019185066223 3940
1751003128285 0.16869132220745087 3941
1751003129582 0.37156426906585693 3942
1751003130947 0.1836186647415161 3943
1751003132293 0.1897728145122528 3944
1751003133608 0.17242169380187988 3945
1751003134967 0.11255160719156265 3946
1751003136298 0.1895865648984909 3947
1751003137654 0.1872660517692566 3948
1751003139077 0.18735378980636597 3949
1751003140413 0.18116456270217896 3950
1751003141750 0.16867418587207794 3951
1751003143150 0.17324745655059814 3952
1751003144504 0.16467417776584625 3953
1751003145853 0.1865037977695465 3954
1751003147249 0.18896061182022095 3955
1751003148627 0.1736031174659729 3956
1751003150042 0.17140182852745056 3957
1751003151387 0.2313334047794342 3958
1751003152746 0.21381758153438568 3959
1751003154122 0.17477844655513763 3960
1751003155454 0.19193579256534576 3961
1751003156819 0.16668027639389038 3962
1751003158101 0.3689880967140198 3963
1751003159460 0.18798379600048065 3964
1751003161075 0.17338280379772186 3965
1751003162388 0.18770375847816467 3966
1751003163725 0.17016294598579407 3967
1751003165062 0.17249023914337158 3968
1751003166505 0.17068003118038177 3969
1751003167823 0.16274863481521606 3970
1751003169164 0.1632874608039856 3971
1751003170511 0.16812849044799805 3972
1751003171929 0.14510390162467957 3973
1751003173196 0.3504765033721924 3974
1751003174632 0.18793746829032898 3975
1751003175967 0.1618659645318985 3976
1751003177376 0.17842301726341248 3977
1751003178709 0.1671847701072693 3978
1751003179979 0.31610482931137085 3979
1751003181323 0.1802421361207962 3980
1751003182667 0.17718467116355896 3981
1751003183979 0.18808263540267944 3982
1751003185328 0.19615742564201355 3983
1751003186643 0.18156999349594116 3984
1751003187986 0.19683337211608887 3985
1751003189315 0.16697834432125092 3986
1751003190651 0.1682458519935608 3987
1751003191991 0.17007127404212952 3988
1751003193365 0.20275940001010895 3989
1751003194690 0.1845683455467224 3990
1751003196070 0.15860512852668762 3991
1751003197414 0.16795355081558228 3992
1751003198777 0.17809098958969116 3993
1751003200097 0.15751589834690094 3994
1751003201462 0.19518861174583435 3995
1751003202852 0.2092094123363495 3996
1751003204203 0.19532158970832825 3997
1751003205571 0.18798239529132843 3998
1751003206940 0.1925746351480484 3999
1751003208306 0.18510425090789795 4000
1751003209676 0.13749951124191284 4001
1751003211035 0.19551408290863037 4002
1751003212364 0.2023877054452896 4003
1751003213721 0.16598162055015564 4004
1751003215058 0.2069152593612671 4005
1751003216212 0.43563517928123474 4006
1751003217631 0.15459920465946198 4007
1751003219185 0.17932148277759552 4008
1751003220534 0.1334049105644226 4009
1751003221875 0.13720621168613434 4010
1751003223292 0.17713963985443115 4011
1751003224686 0.1858600378036499 4012
1751003226020 0.15234267711639404 4013
1751003227385 0.17826442420482635 4014
1751003228726 0.16275450587272644 4015
1751003230068 0.15631242096424103 4016
1751003231398 0.17448657751083374 4017
1751003232784 0.1611023247241974 4018
1751003234120 0.14197930693626404 4019
1751003235479 0.2146049290895462 4020
1751003236904 0.19035974144935608 4021
1751003238283 0.17922359704971313 4022
1751003239551 0.3056739866733551 4023
1751003240907 0.16852472722530365 4024
1751003242279 0.16901451349258423 4025
1751003243611 0.18235193192958832 4026
1751003244906 0.21974365413188934 4027
1751003246198 0.37542691826820374 4028
1751003247583 0.1696741133928299 4029
1751003248952 0.1682072877883911 4030
1751003250310 0.20594410598278046 4031
1751003251662 0.16491453349590302 4032
1751003253039 0.18118196725845337 4033
1751003254292 0.33410006761550903 4034
1751003255698 0.2086777240037918 4035
1751003257092 0.14677126705646515 4036
1751003258465 0.18602672219276428 4037
1751003259790 0.18027587234973907 4038
1751003261129 0.1763935387134552 4039
1751003262492 0.1870844066143036 4040
1751003263808 0.16360920667648315 4041
1751003265137 0.18324044346809387 4042
1751003266494 0.17180997133255005 4043
1751003267856 0.15442848205566406 4044
1751003269228 0.1879914402961731 4045
1751003270550 0.17692777514457703 4046
1751003271906 0.18384617567062378 4047
1751003273240 0.14490513503551483 4048
1751003274840 0.17839819192886353 4049
1751003276102 0.3546345829963684 4050
1751003277437 0.15695637464523315 4051
1751003278841 0.17572364211082458 4052
1751003280196 0.1300050914287567 4053
1751003281528 0.17693018913269043 4054
1751003282856 0.20380449295043945 4055
1751003284183 0.1672767549753189 4056
1751003285526 0.19518133997917175 4057
1751003286862 0.1916852742433548 4058
1751003288193 0.15771734714508057 4059
1751003289518 0.15601560473442078 4060
1751003290875 0.16891400516033173 4061
1751003292238 0.19403108954429626 4062
1751003293638 0.205818772315979 4063
1751003295003 0.1801113486289978 4064
1751003296383 0.16801944375038147 4065
1751003297754 0.1414237916469574 4066
1751003299129 0.16161128878593445 4067
1751003300489 0.22543814778327942 4068
1751003301852 0.18463416397571564 4069
1751003303234 0.1553269624710083 4070
1751003304669 0.17232650518417358 4071
1751003306049 0.16712172329425812 4072
1751003307372 0.1864725798368454 4073
1751003308702 0.1468745470046997 4074
1751003310094 0.21652962267398834 4075
1751003311497 0.23231427371501923 4076
1751003312895 0.17241951823234558 4077
1751003314264 0.18910539150238037 4078
1751003315581 0.2923538386821747 4079
1751003316903 0.19614137709140778 4080
1751003318237 0.19378262758255005 4081
1751003319597 0.17103345692157745 4082
1751003321022 0.1817898005247116 4083
1751003322380 0.14591476321220398 4084
1751003323716 0.19881269335746765 4085
1751003324965 0.372221976518631 4086
1751003326415 0.16320833563804626 4087
1751003327789 0.17154937982559204 4088
1751003329146 0.1788116693496704 4089
1751003330509 0.19275900721549988 4090
1751003331855 0.17975828051567078 4091
1751003333170 0.26720356941223145 4092
1751003334703 0.16683420538902283 4093
1751003336053 0.17163801193237305 4094
1751003337329 0.4248698651790619 4095
1751003338683 0.18270471692085266 4096
1751003340037 0.15455876290798187 4097
1751003341368 0.16468006372451782 4098
1751003342673 0.28237396478652954 4099
1751003344037 0.14603692293167114 4100
1751003345452 0.17187164723873138 4101
1751003346890 0.17160320281982422 4102
1751003348255 0.16316470503807068 4103
1751003349612 0.19403722882270813 4104
1751003350968 0.1810380518436432 4105
1751003352310 0.18493080139160156 4106
1751003353642 0.20198588073253632 4107
1751003355002 0.2019699215888977 4108
1751003356390 0.16395524144172668 4109
1751003357756 0.16686969995498657 4110
1751003359134 0.14026282727718353 4111
1751003360479 0.15869902074337006 4112
1751003361838 0.13372820615768433 4113
1751003363232 0.19140572845935822 4114
1751003364573 0.14092975854873657 4115
1751003365852 0.3932673931121826 4116
1751003367223 0.1683821976184845 4117
1751003368554 0.19057077169418335 4118
1751003369921 0.15480658411979675 4119
1751003371251 0.19919024407863617 4120
1751003372589 0.19737055897712708 4121
1751003373929 0.17011943459510803 4122
1751003375266 0.1858569085597992 4123
1751003376595 0.18215948343276978 4124
1751003377948 0.17569683492183685 4125
1751003379337 0.15945644676685333 4126
1751003380698 0.16894927620887756 4127
1751003381961 0.2487548589706421 4128
1751003383292 0.14230898022651672 4129
1751003384554 0.3264407217502594 4130
1751003385887 0.22124499082565308 4131
1751003387165 0.40839365124702454 4132
1751003388511 0.1796587109565735 4133
1751003390147 0.16779085993766785 4134
1751003391497 0.15323126316070557 4135
1751003392844 0.1691880226135254 4136
1751003394134 0.31443095207214355 4137
1751003395512 0.15889576077461243 4138
1751003396824 0.3600686192512512 4139
1751003398272 0.204163059592247 4140
1751003399616 0.1658955216407776 4141
1751003400943 0.17678843438625336 4142
1751003402281 0.19182893633842468 4143
1751003403607 0.17102709412574768 4144
1751003404946 0.16559970378875732 4145
1751003406291 0.19255387783050537 4146
1751003407644 0.19154483079910278 4147
1751003408911 0.3129116892814636 4148
1751003410246 0.19506284594535828 4149
1751003411608 0.18469750881195068 4150
1751003412949 0.16858410835266113 4151
1751003414280 0.17802157998085022 4152
1751003415618 0.1833893060684204 4153
1751003416965 0.18234461545944214 4154
1751003418335 0.14458990097045898 4155
1751003419683 0.1638585329055786 4156
1751003421022 0.1938697099685669 4157
1751003422457 0.19477713108062744 4158
1751003423824 0.19495758414268494 4159
1751003425183 0.187322199344635 4160
1751003426528 0.17692771553993225 4161
1751003427893 0.19452469050884247 4162
1751003429249 0.17175175249576569 4163
1751003430609 0.17946332693099976 4164
1751003431978 0.18338799476623535 4165
1751003433337 0.17995628714561462 4166
1751003434704 0.19211281836032867 4167
1751003436034 0.18282663822174072 4168
1751003437368 0.17320644855499268 4169
1751003438705 0.17976993322372437 4170
1751003439970 0.35723385214805603 4171
1751003441300 0.19125495851039886 4172
1751003442621 0.1628497987985611 4173
1751003444018 0.17728346586227417 4174
1751003445269 0.22038808465003967 4175
1751003446618 0.17377768456935883 4176
1751003448165 0.2051790952682495 4177
1751003449589 0.21913619339466095 4178
1751003450953 0.1666146069765091 4179
1751003452211 0.3690662980079651 4180
1751003453544 0.15824520587921143 4181
1751003454923 0.17519690096378326 4182
1751003456287 0.162858784198761 4183
1751003457545 0.3018516004085541 4184
1751003458869 0.16942688822746277 4185
1751003460223 0.144954115152359 4186
1751003461554 0.1663569211959839 4187
1751003462895 0.19094514846801758 4188
1751003464177 0.2597404718399048 4189
1751003465557 0.15002359449863434 4190
1751003466920 0.18812936544418335 4191
1751003468280 0.13979963958263397 4192
1751003469569 0.25205808877944946 4193
1751003470908 0.19380781054496765 4194
1751003472248 0.16722095012664795 4195
1751003473646 0.17576080560684204 4196
1751003475015 0.20337194204330444 4197
1751003476315 0.3596307635307312 4198
1751003477680 0.17925509810447693 4199
1751003479042 0.19400370121002197 4200
1751003480438 0.15788033604621887 4201
1751003481720 0.2750875949859619 4202
1751003483090 0.1958407759666443 4203
1751003484422 0.2010629028081894 4204
1751003485747 0.17867311835289001 4205
1751003487090 0.17985740303993225 4206
1751003488425 0.1747712343931198 4207
1751003489770 0.20084966719150543 4208
1751003491128 0.20397073030471802 4209
1751003492480 0.14916954934597015 4210
1751003493829 0.20533789694309235 4211
1751003495153 0.193692147731781 4212
1751003496509 0.22388575971126556 4213
1751003497844 0.17933619022369385 4214
1751003499085 0.3898323178291321 4215
1751003500484 0.17197127640247345 4216
1751003501850 0.18118180334568024 4217
1751003503190 0.1978762447834015 4218
1751003504763 0.18151980638504028 4219
1751003506085 0.2040022760629654 4220
1751003507404 0.18759050965309143 4221
1751003508807 0.1459193378686905 4222
1751003510147 0.19140280783176422 4223
1751003511478 0.14821621775627136 4224
1751003512793 0.17220184206962585 4225
1751003514147 0.1653522402048111 4226
1751003515533 0.17276012897491455 4227
1751003516868 0.18858471512794495 4228
1751003518233 0.17218133807182312 4229
1751003519566 0.1593881994485855 4230
1751003520890 0.18325112760066986 4231
1751003522219 0.17677655816078186 4232
1751003523552 0.17807292938232422 4233
1751003524871 0.21229654550552368 4234
1751003526171 0.37163278460502625 4235
1751003527493 0.16579921543598175 4236
1751003528812 0.19394856691360474 4237
1751003530181 0.2049858570098877 4238
1751003531521 0.16047954559326172 4239
1751003532886 0.18314117193222046 4240
1751003534206 0.17518998682498932 4241
1751003535589 0.18197906017303467 4242
1751003536943 0.18527765572071075 4243
1751003538264 0.1283019781112671 4244
1751003539605 0.1895626187324524 4245
1751003540949 0.15927809476852417 4246
1751003542264 0.2549580931663513 4247
1751003543587 0.17734333872795105 4248
1751003544919 0.17478561401367188 4249
1751003546253 0.18138915300369263 4250
1751003547607 0.17577867209911346 4251
1751003549008 0.18299464881420135 4252
1751003550336 0.20212778449058533 4253
1751003551679 0.19611647725105286 4254
1751003553021 0.16963467001914978 4255
1751003554565 0.1749788224697113 4256
1751003555897 0.17226526141166687 4257
1751003557244 0.15455582737922668 4258
1751003558604 0.2176436334848404 4259
1751003559918 0.16082355380058289 4260
1751003561275 0.15729859471321106 4261
1751003562629 0.1565333753824234 4262
1751003563999 0.1692560613155365 4263
1751003565356 0.20171688497066498 4264
1751003566693 0.15966448187828064 4265
1751003568100 0.17932692170143127 4266
1751003569436 0.18913276493549347 4267
1751003570815 0.15304459631443024 4268
1751003572149 0.19846642017364502 4269
1751003573493 0.351188600063324 4270
1751003574815 0.1764448583126068 4271
1751003576140 0.14880530536174774 4272
1751003577471 0.1910710632801056 4273
1751003578827 0.21559962630271912 4274
1751003580165 0.1788954734802246 4275
1751003581522 0.21530622243881226 4276
1751003582874 0.1869301199913025 4277
1751003584227 0.16933739185333252 4278
1751003585567 0.15023018419742584 4279
1751003586907 0.18480485677719116 4280
1751003588236 0.17826645076274872 4281
1751003589584 0.1828496754169464 4282
1751003590945 0.1814281940460205 4283
1751003592319 0.2038455605506897 4284
1751003593653 0.19634510576725006 4285
1751003595004 0.1828203946352005 4286
1751003596308 0.3455936312675476 4287
1751003597729 0.26353535056114197 4288
1751003599090 0.16287115216255188 4289
1751003600648 0.16779741644859314 4290
1751003601986 0.18996037542819977 4291
1751003603311 0.18017758429050446 4292
1751003604625 0.1571466028690338 4293
1751003605975 0.19135791063308716 4294
1751003607362 0.1725994497537613 4295
1751003608711 0.17094756662845612 4296
1751003610046 0.13803008198738098 4297
1751003611382 0.17191065847873688 4298
1751003612703 0.19793543219566345 4299
1751003614040 0.1666010022163391 4300
1751003615373 0.19495393335819244 4301
1751003616709 0.1730162352323532 4302
1751003618085 0.16974644362926483 4303
1751003619414 0.16532188653945923 4304
1751003620803 0.1629757583141327 4305
1751003622186 0.13918352127075195 4306
1751003623513 0.1595669984817505 4307
1751003624899 0.19513851404190063 4308
1751003626237 0.19907836616039276 4309
1751003627604 0.16906046867370605 4310
1751003628968 0.17372795939445496 4311
1751003630300 0.17833206057548523 4312
1751003631658 0.1704261302947998 4313
1751003633000 0.1663174033164978 4314
1751003634333 0.16778358817100525 4315
1751003635699 0.18008726835250854 4316
1751003637153 0.1867304891347885 4317
1751003638498 0.16180482506752014 4318
1751003639882 0.19807949662208557 4319
1751003641208 0.1949988603591919 4320
1751003642544 0.170911505818367 4321
1751003643891 0.182735413312912 4322
1751003645222 0.18157640099525452 4323
1751003646557 0.15537187457084656 4324
1751003647907 0.18395552039146423 4325
1751003649534 0.16805970668792725 4326
1751003650855 0.16349975764751434 4327
1751003652301 0.1928565800189972 4328
1751003653640 0.15555986762046814 4329
1751003654967 0.18389172852039337 4330
1751003656309 0.19190752506256104 4331
1751003657659 0.17478951811790466 4332
1751003659002 0.15658259391784668 4333
1751003660346 0.20590907335281372 4334
1751003661729 0.19390130043029785 4335
1751003663066 0.19726580381393433 4336
1751003664400 0.15286079049110413 4337
1751003665743 0.1620301455259323 4338
1751003667087 0.20402364432811737 4339
1751003668433 0.18371835350990295 4340
1751003669787 0.1821889877319336 4341
1751003671113 0.1674359142780304 4342
1751003672465 0.15069183707237244 4343
1751003673734 0.29878291487693787 4344
1751003675077 0.18505172431468964 4345
1751003676406 0.19893541932106018 4346
1751003677726 0.19801905751228333 4347
1751003679119 0.18159183859825134 4348
1751003680467 0.16854789853096008 4349
1751003681833 0.14640317857265472 4350
1751003683173 0.17969921231269836 4351
1751003684519 0.20614007115364075 4352
1751003685849 0.19116675853729248 4353
1751003687176 0.15623071789741516 4354
1751003688524 0.17106246948242188 4355
1751003689798 0.2647464871406555 4356
1751003691173 0.1892041265964508 4357
1751003692536 0.13432934880256653 4358
1751003693862 0.17764297127723694 4359
1751003695246 0.2040298879146576 4360
1751003696720 0.4015524685382843 4361
1751003698067 0.16355381906032562 4362
1751003699403 0.18016792833805084 4363
1751003700742 0.1969292163848877 4364
1751003702075 0.18438783288002014 4365
1751003703405 0.19543695449829102 4366
1751003704747 0.1894398182630539 4367
1751003706011 0.3136250972747803 4368
1751003707340 0.16778522729873657 4369
1751003708599 0.3536475896835327 4370
1751003710004 0.17949669063091278 4371
1751003711294 0.3362738788127899 4372
1751003712652 0.16516627371311188 4373
1751003714018 0.17050272226333618 4374
1751003715370 0.16836492717266083 4375
1751003716772 0.17116370797157288 4376
1751003718159 0.16065248847007751 4377
1751003719507 0.18765345215797424 4378
1751003720834 0.17343226075172424 4379
1751003722102 0.30456799268722534 4380
1751003723458 0.17020036280155182 4381
1751003724877 0.1678982377052307 4382
1751003726205 0.18519160151481628 4383
1751003727537 0.18966609239578247 4384
1751003728868 0.16030365228652954 4385
1751003730221 0.19702351093292236 4386
1751003731579 0.18038207292556763 4387
1751003732929 0.1852380335330963 4388
1751003734263 0.170855313539505 4389
1751003735598 0.16854643821716309 4390
1751003736871 0.2867667078971863 4391
1751003738214 0.15163367986679077 4392
1751003739553 0.1667722761631012 4393
1751003740881 0.18791267275810242 4394
1751003742188 0.33112841844558716 4395
1751003743548 0.1901436448097229 4396
1751003744896 0.16252148151397705 4397
1751003746481 0.20628169178962708 4398
1751003747850 0.17525438964366913 4399
1751003749218 0.18014076352119446 4400
1751003750496 0.30147767066955566 4401
1751003751932 0.1752442866563797 4402
1751003753276 0.18457874655723572 4403
1751003754606 0.16700159013271332 4404
1751003755941 0.2969987988471985 4405
1751003757267 0.17281535267829895 4406
1751003758621 0.18168197572231293 4407
1751003759999 0.15317454934120178 4408
1751003761341 0.1635436713695526 4409
1751003762699 0.14788755774497986 4410
1751003764025 0.17369341850280762 4411
1751003765377 0.14578673243522644 4412
1751003766734 0.17009639739990234 4413
1751003768076 0.1746542602777481 4414
1751003769340 0.3433817923069 4415
1751003770674 0.17415469884872437 4416
1751003772050 0.13909879326820374 4417
1751003773412 0.24191099405288696 4418
1751003774753 0.1603526622056961 4419
1751003776085 0.17639446258544922 4420
1751003777446 0.1683758944272995 4421
1751003778821 0.1624242067337036 4422
1751003780090 0.3130708336830139 4423
1751003781491 0.1849597692489624 4424
1751003782851 0.1728699803352356 4425
1751003784220 0.18008726835250854 4426
1751003785581 0.16218358278274536 4427
1751003786848 0.34702229499816895 4428
1751003788265 0.19228561222553253 4429
1751003789625 0.18710900843143463 4430
1751003790960 0.1526269018650055 4431
1751003792309 0.1656031459569931 4432
1751003793640 0.13877643644809723 4433
1751003794995 0.14775237441062927 4434
1751003796470 0.34243452548980713 4435
1751003797838 0.1581442803144455 4436
1751003799179 0.18572759628295898 4437
1751003800555 0.19942054152488708 4438
1751003801899 0.15107542276382446 4439
1751003803254 0.17672158777713776 4440
1751003804541 0.33464574813842773 4441
1751003805929 0.16453924775123596 4442
1751003807269 0.16992436349391937 4443
1751003808652 0.1698155403137207 4444
1751003810014 0.18663407862186432 4445
1751003811363 0.17848922312259674 4446
1751003812700 0.17743292450904846 4447
1751003814054 0.16648820042610168 4448
1751003815319 0.40397390723228455 4449
1751003816693 0.18361955881118774 4450
1751003818055 0.17449432611465454 4451
1751003819395 0.1773274540901184 4452
1751003820828 0.1792091280221939 4453
1751003822180 0.15358710289001465 4454
1751003823532 0.18429750204086304 4455
1751003824897 0.182435542345047 4456
1751003826260 0.1621495485305786 4457
1751003827648 0.1616346538066864 4458
1751003828976 0.18983745574951172 4459
1751003830347 0.17964418232440948 4460
1751003831728 0.14391940832138062 4461
1751003833115 0.17087987065315247 4462
1751003834495 0.1663956344127655 4463
1751003835844 0.2085058093070984 4464
1751003837210 0.18338549137115479 4465
1751003838563 0.17559117078781128 4466
1751003839921 0.1919230818748474 4467
1751003841290 0.1499730944633484 4468
1751003842925 0.1892007291316986 4469
1751003844278 0.18604326248168945 4470
1751003845634 0.1806522160768509 4471
1751003846962 0.17251399159431458 4472
1751003848345 0.1605607271194458 4473
1751003849688 0.2063448429107666 4474
1751003851040 0.167449951171875 4475
1751003852415 0.1773850917816162 4476
1751003853752 0.1782589554786682 4477
1751003855097 0.17037422955036163 4478
1751003856492 0.1739484965801239 4479
1751003857841 0.20144933462142944 4480
1751003859102 0.30420756340026855 4481
1751003860488 0.18652941286563873 4482
1751003861850 0.18048882484436035 4483
1751003863221 0.18568013608455658 4484
1751003864604 0.1696019321680069 4485
1751003865873 0.25450700521469116 4486
1751003867209 0.15378710627555847 4487
1751003868580 0.17665669322013855 4488
1751003869945 0.18110275268554688 4489
1751003871221 0.3450218737125397 4490
1751003872559 0.14530646800994873 4491
1751003873911 0.1914793848991394 4492
1751003875186 0.3564654588699341 4493
1751003876544 0.18383042514324188 4494
1751003877901 0.17781834304332733 4495
1751003879262 0.18142756819725037 4496
1751003880624 0.18308599293231964 4497
1751003881981 0.18410897254943848 4498
1751003883327 0.17495864629745483 4499
1751003884681 0.1809404194355011 4500
1751003886018 0.1860978752374649 4501
1751003887286 0.30604660511016846 4502
1751003888651 0.15730923414230347 4503
1751003890032 0.17546382546424866 4504
1751003891621 0.17584577202796936 4505
1751003892966 0.16091153025627136 4506
1751003894314 0.16411738097667694 4507
1751003895653 0.15618747472763062 4508
1751003897085 0.1935868263244629 4509
1751003898461 0.17799964547157288 4510
1751003899835 0.17639192938804626 4511
1751003901223 0.1960139274597168 4512
1751003902585 0.17366254329681396 4513
1751003903926 0.16373467445373535 4514
1751003905287 0.20678749680519104 4515
1751003906668 0.15378986299037933 4516
1751003908033 0.18520650267601013 4517
1751003909367 0.18899886310100555 4518
1751003910698 0.19490203261375427 4519
1751003912040 0.1691739559173584 4520
1751003913370 0.16487236320972443 4521
1751003914698 0.16880545020103455 4522
1751003916064 0.15479017794132233 4523
1751003917418 0.1666000634431839 4524
1751003918769 0.16922886669635773 4525
1751003920112 0.1658172607421875 4526
1751003921370 0.3656478524208069 4527
1751003922705 0.18834561109542847 4528
1751003923987 0.28371483087539673 4529
1751003925328 0.1885809451341629 4530
1751003926662 0.16885894536972046 4531
1751003927978 0.16318872570991516 4532
1751003929361 0.15629994869232178 4533
1751003930715 0.17666961252689362 4534
1751003932061 0.173013374209404 4535
1751003933422 0.17355746030807495 4536
1751003934786 0.1808776557445526 4537
1751003936062 0.2796761393547058 4538
1751003937466 0.1850605010986328 4539
1751003939027 0.1723935604095459 4540
1751003940352 0.22574152052402496 4541
1751003941688 0.18333852291107178 4542
1751003943030 0.2117937207221985 4543
1751003944386 0.1439376026391983 4544
1751003945643 0.3588816523551941 4545
1751003947018 0.1721421182155609 4546
1751003948416 0.16538795828819275 4547
1751003949764 0.1828053593635559 4548
1751003951113 0.1580353081226349 4549
1751003952439 0.19177475571632385 4550
1751003953780 0.1664314568042755 4551
1751003955117 0.14849545061588287 4552
1751003956487 0.17298054695129395 4553
1751003957863 0.15210017561912537 4554
1751003959246 0.19290122389793396 4555
1751003960600 0.17381685972213745 4556
1751003962023 0.16433583199977875 4557
1751003963365 0.20995035767555237 4558
1751003964714 0.19348204135894775 4559
1751003966060 0.14312371611595154 4560
1751003967438 0.2082430124282837 4561
1751003968824 0.17353272438049316 4562
1751003970228 0.18686088919639587 4563
1751003971602 0.17650935053825378 4564
1751003972933 0.1715492308139801 4565
1751003974294 0.2368829995393753 4566
1751003975667 0.18313588201999664 4567
1751003976984 0.16241705417633057 4568
1751003978355 0.18815794587135315 4569
1751003979774 0.1881982684135437 4570
1751003981108 0.2035757303237915 4571
1751003982480 0.14142471551895142 4572
1751003983927 0.18060971796512604 4573
1751003985284 0.2061324566602707 4574
1751003986788 0.15364959836006165 4575
1751003988144 0.17886137962341309 4576
1751003989511 0.19598007202148438 4577
1751003990857 0.18376177549362183 4578
1751003992261 0.1820356547832489 4579
1751003993612 0.19345341622829437 4580
1751003994959 0.22378849983215332 4581
1751003996317 0.17927339673042297 4582
1751003997658 0.2170388251543045 4583
1751003999049 0.1461600661277771 4584
1751004000345 0.3033449947834015 4585
1751004001670 0.2025793492794037 4586
1751004003014 0.16154351830482483 4587
1751004004377 0.1600954830646515 4588
1751004005780 0.18341824412345886 4589
1751004007147 0.21122443675994873 4590
1751004008493 0.1573888212442398 4591
1751004009833 0.17365331947803497 4592
1751004011171 0.16884073615074158 4593
1751004012524 0.17780759930610657 4594
1751004013894 0.17534571886062622 4595
1751004015253 0.18201985955238342 4596
1751004016601 0.22200283408164978 4597
1751004017959 0.18375572562217712 4598
1751004019396 0.18263132870197296 4599
1751004020756 0.21285884082317352 4600
1751004022087 0.29333245754241943 4601
1751004023418 0.1794540286064148 4602
1751004024779 0.18520094454288483 4603
1751004026122 0.18710319697856903 4604
1751004027465 0.15921203792095184 4605
1751004028713 0.30007004737854004 4606
1751004030052 0.20693615078926086 4607
1751004031372 0.2036590725183487 4608
1751004032958 0.1632799506187439 4609
1751004034313 0.1674359142780304 4610
1751004035662 0.17411892116069794 4611
1751004037007 0.19265234470367432 4612
1751004038337 0.1953478753566742 4613
1751004039663 0.21418428421020508 4614
1751004041089 0.15822438895702362 4615
1751004042465 0.17160795629024506 4616
1751004043790 0.20954519510269165 4617
1751004045111 0.17037466168403625 4618
1751004046456 0.17637233436107635 4619
1751004047787 0.18518918752670288 4620
1751004049125 0.19997555017471313 4621
1751004050476 0.22618158161640167 4622
1751004051816 0.16202041506767273 4623
1751004053079 0.29856353998184204 4624
1751004054402 0.16218647360801697 4625
1751004055752 0.11244618147611618 4626
1751004057163 0.1616872400045395 4627
1751004058498 0.17679373919963837 4628
1751004059819 0.20020142197608948 4629
1751004061081 0.5060828924179077 4630
1751004062439 0.19165900349617004 4631
1751004063834 0.18227218091487885 4632
1751004065092 0.3688453137874603 4633
1751004066455 0.15480472147464752 4634
1751004067831 0.17343412339687347 4635
1751004069186 0.16911964118480682 4636
1751004070550 0.17492704093456268 4637
1751004071924 0.23669496178627014 4638
1751004073361 0.17890258133411407 4639
1751004074957 0.23951545357704163 4640
1751004076379 0.14994283020496368 4641
1751004077750 0.17270143330097198 4642
1751004079114 0.16529780626296997 4643
1751004080535 0.1918247938156128 4644
1751004081904 0.14410078525543213 4645
1751004083286 0.2260589599609375 4646
1751004084615 0.19224877655506134 4647
1751004085877 0.28897225856781006 4648
1751004087221 0.15304413437843323 4649
1751004088550 0.18635085225105286 4650
1751004089909 0.16694897413253784 4651
1751004091242 0.19055555760860443 4652
1751004092589 0.17400990426540375 4653
1751004094050 0.18306341767311096 4654
1751004095392 0.19224923849105835 4655
1751004096728 0.18460820615291595 4656
1751004098020 0.3236520290374756 4657
1751004099343 0.19679710268974304 4658
1751004100759 0.19406461715698242 4659
1751004102132 0.15178228914737701 4660
1751004103457 0.17289143800735474 4661
1751004104710 0.31882861256599426 4662
1751004106032 0.19679486751556396 4663
1751004107356 0.26131075620651245 4664
1751004108717 0.1471484899520874 4665
1751004110072 0.1969180703163147 4666
1751004111438 0.21273690462112427 4667
1751004112803 0.15389975905418396 4668
1751004114130 0.15584632754325867 4669
1751004115402 0.23158760368824005 4670
1751004116749 0.16862653195858002 4671
1751004118309 0.1475844383239746 4672
1751004119637 0.1750766932964325 4673
1751004120894 0.3267248272895813 4674
1751004122291 0.1718965470790863 4675
1751004123662 0.1744525134563446 4676
1751004125056 0.1665022224187851 4677
1751004126396 0.15729117393493652 4678
1751004127759 0.16984416544437408 4679
1751004129140 0.178641676902771 4680
1751004130492 0.17035850882530212 4681
1751004131836 0.17565956711769104 4682
1751004133176 0.2486746609210968 4683
1751004134531 0.1592143476009369 4684
1751004135953 0.2242882251739502 4685
1751004137292 0.16124044358730316 4686
1751004138554 0.38030076026916504 4687
1751004139906 0.18761961162090302 4688
1751004141329 0.20655399560928345 4689
1751004142581 0.4078502357006073 4690
1751004143931 0.21129193902015686 4691
1751004145263 0.19576677680015564 4692
1751004146620 0.16719216108322144 4693
1751004147865 0.24897430837154388 4694
1751004149201 0.1897193193435669 4695
1751004150570 0.15857821702957153 4696
1751004151932 0.201564759016037 4697
1751004153201 0.24811042845249176 4698
1751004154492 0.2977214455604553 4699
1751004155875 0.1550622135400772 4700
1751004157205 0.18070067465305328 4701
1751004158550 0.2066625952720642 4702
1751004159894 0.1661614179611206 4703
1751004161559 0.18429864943027496 4704
1751004162904 0.18973013758659363 4705
1751004164271 0.19261185824871063 4706
1751004165664 0.13724349439144135 4707
1751004167042 0.1987268477678299 4708
1751004168403 0.1551298201084137 4709
1751004169798 0.18236826360225677 4710
1751004171097 0.3022429943084717 4711
1751004172461 0.20656812191009521 4712
1751004173831 0.16081562638282776 4713
1751004175201 0.1575382947921753 4714
1751004176599 0.17404012382030487 4715
1751004178009 0.19229280948638916 4716
1751004179366 0.17203284800052643 4717
1751004180748 0.16489142179489136 4718
1751004182138 0.17987537384033203 4719
1751004183559 0.1944984495639801 4720
1751004184980 0.15304645895957947 4721
1751004186332 0.1634950339794159 4722
1751004187721 0.17494183778762817 4723
1751004189092 0.12153550982475281 4724
1751004190451 0.18995943665504456 4725
1751004191797 0.18706698715686798 4726
1751004193198 0.17692936956882477 4727
1751004194544 0.18374671041965485 4728
1751004195889 0.25330060720443726 4729
1751004197244 0.17916004359722137 4730
1751004198589 0.1757594645023346 4731
1751004199958 0.19335812330245972 4732
1751004201297 0.16671329736709595 4733
1751004202630 0.16460157930850983 4734
1751004204269 0.18926313519477844 4735
1751004205689 0.17994199693202972 4736
1751004207248 0.20184630155563354 4737
1751004208761 0.18514934182167053 4738
1751004210110 0.19294476509094238 4739
1751004211396 0.3502911925315857 4740
1751004212770 0.18284431099891663 4741
1751004214107 0.23246242105960846 4742
1751004215457 0.15221816301345825 4743
1751004216836 0.14012980461120605 4744
1751004218197 0.16905780136585236 4745
1751004219552 0.17350932955741882 4746
1751004220986 0.17661841213703156 4747
1751004222338 0.14767475426197052 4748
1751004223713 0.1576211005449295 4749
1751004225110 0.1725819706916809 4750
1751004226452 0.18352286517620087 4751
1751004228049 0.22577980160713196 4752
1751004229407 0.15389610826969147 4753
1751004230774 0.18210674822330475 4754
1751004232105 0.18821971118450165 4755
1751004233394 0.3341505825519562 4756
1751004234716 0.23960013687610626 4757
1751004236067 0.1845056712627411 4758
1751004237472 0.1704878807067871 4759
1751004238857 0.18363869190216064 4760
1751004240317 0.1731317639350891 4761
1751004241688 0.2202332317829132 4762
1751004243057 0.1433613896369934 4763
1751004244413 0.16854554414749146 4764
1751004245779 0.14726459980010986 4765
1751004247155 0.18574389815330505 4766
1751004248731 0.1834394633769989 4767
1751004250075 0.19529001414775848 4768
1751004251366 0.2638453245162964 4769
1751004252743 0.19768908619880676 4770
1751004254085 0.17495310306549072 4771
1751004255467 0.1883099377155304 4772
1751004256856 0.13373726606369019 4773
1751004258246 0.18049784004688263 4774
1751004259595 0.21248860657215118 4775
1751004260961 0.17146562039852142 4776
1751004262325 0.16784392297267914 4777
1751004263688 0.1669076681137085 4778
1751004265030 0.18959273397922516 4779
1751004266482 0.18070951104164124 4780
1751004267805 0.1937054544687271 4781
1751004269172 0.15879985690116882 4782
1751004270518 0.18532931804656982 4783
1751004271820 0.3017410337924957 4784
1751004273193 0.1626870334148407 4785
1751004274574 0.1546342372894287 4786
1751004275972 0.15447983145713806 4787
1751004277249 0.26688528060913086 4788
1751004278525 0.3451794683933258 4789
1751004279879 0.1827964335680008 4790
1751004281149 0.24942654371261597 4791
1751004282474 0.1565055251121521 4792
1751004283767 0.32207566499710083 4793
1751004285041 0.27713361382484436 4794
1751004286373 0.17743918299674988 4795
1751004287702 0.17229150235652924 4796
1751004289067 0.18541370332241058 4797
1751004290725 0.15484283864498138 4798
1751004292136 0.1908353865146637 4799
1751004293543 0.14969457685947418 4800
1751004294934 0.17186541855335236 4801
1751004296275 0.19549448788166046 4802
1751004297618 0.1794271320104599 4803
1751004298965 0.17689305543899536 4804
1751004300312 0.16882368922233582 4805
1751004301646 0.1791103184223175 4806
1751004303047 0.20728781819343567 4807
1751004304418 0.19297173619270325 4808
1751004305755 0.1823112666606903 4809
1751004307091 0.13755793869495392 4810
1751004308494 0.17667314410209656 4811
1751004309806 0.43259668350219727 4812
1751004311070 0.2874523997306824 4813
1751004312469 0.17655350267887115 4814
1751004313855 0.14597943425178528 4815
1751004315204 0.19053056836128235 4816
1751004316544 0.19393599033355713 4817
1751004317921 0.1634712517261505 4818
1751004319278 0.16935847699642181 4819
1751004320625 0.16279198229312897 4820
1751004321977 0.17438068985939026 4821
1751004323336 0.18131116032600403 4822
1751004324764 0.18795108795166016 4823
1751004326133 0.17137613892555237 4824
1751004327485 0.16750051081180573 4825
1751004328867 0.19440516829490662 4826
1751004330256 0.19559931755065918 4827
1751004331626 0.15100982785224915 4828
1751004333189 0.2178633213043213 4829
1751004334451 0.3645499050617218 4830
1751004335726 0.3412976861000061 4831
1751004337101 0.1829906404018402 4832
1751004338459 0.15548953413963318 4833
1751004339815 0.16862019896507263 4834
1751004341161 0.1761191338300705 4835
1751004342517 0.17661842703819275 4836
1751004343878 0.17641863226890564 4837
1751004345207 0.15803293883800507 4838
1751004346548 0.15792402625083923 4839
1751004347913 0.14279705286026 4840
1751004349254 0.13390788435935974 4841
1751004350597 0.2083827406167984 4842
1751004351862 0.3370721936225891 4843
1751004353200 0.15959474444389343 4844
1751004354544 0.20620495080947876 4845
1751004355902 0.181363046169281 4846
1751004357237 0.17684495449066162 4847
1751004358584 0.1895480751991272 4848
1751004359956 0.15798412263393402 4849
1751004361289 0.18494024872779846 4850
1751004362643 0.17478129267692566 4851
1751004363977 0.19824784994125366 4852
1751004365344 0.150673508644104 4853
1751004366736 0.17199598252773285 4854
1751004368092 0.14917537569999695 4855
1751004369457 0.17550678551197052 4856
1751004370849 0.17430564761161804 4857
1751004372220 0.17962771654129028 4858
1751004373545 0.16432294249534607 4859
1751004375144 0.17146766185760498 4860
1751004376489 0.1562265306711197 4861
1751004377841 0.18141427636146545 4862
1751004379173 0.15091806650161743 4863
1751004380544 0.20851485431194305 4864
1751004381917 0.1728420853614807 4865
1751004383279 0.17352154850959778 4866
1751004384565 0.299910306930542 4867
1751004385943 0.20331670343875885 4868
1751004387315 0.18321190774440765 4869
1751004388667 0.1588793843984604 4870
1751004390020 0.1845497488975525 4871
1751004391365 0.19662165641784668 4872
1751004392708 0.16750162839889526 4873
1751004394046 0.16374748945236206 4874
1751004395377 0.1942199319601059 4875
1751004396708 0.18130671977996826 4876
1751004398079 0.19990450143814087 4877
1751004399417 0.18064188957214355 4878
1751004400744 0.19208142161369324 4879
1751004402091 0.14076127111911774 4880
1751004403453 0.145891934633255 4881
1751004404716 0.3224259614944458 4882
1751004406076 0.19253824651241302 4883
1751004407479 0.17700767517089844 4884
1751004408825 0.3161165714263916 4885
1751004410297 0.1438615322113037 4886
1751004411673 0.21288588643074036 4887
1751004413007 0.20880579948425293 4888
1751004414386 0.17077122628688812 4889
1751004415670 0.274865984916687 4890
1751004417015 0.1781788468360901 4891
1751004418574 0.14939650893211365 4892
1751004419905 0.19101950526237488 4893
1751004421264 0.16024905443191528 4894
1751004422611 0.1396586000919342 4895
1751004423971 0.14518533647060394 4896
1751004425314 0.1726026087999344 4897
1751004426655 0.19569168984889984 4898
1751004427936 0.468604177236557 4899
1751004429234 0.2593611776828766 4900
1751004430574 0.19049786031246185 4901
1751004431936 0.15674597024917603 4902
1751004433308 0.14899183809757233 4903
1751004434670 0.16225552558898926 4904
1751004436007 0.18288356065750122 4905
1751004437521 0.16990000009536743 4906
1751004438967 0.19223076105117798 4907
1751004440307 0.20400679111480713 4908
1751004441658 0.20291365683078766 4909
1751004442994 0.16508617997169495 4910
1751004444389 0.21256524324417114 4911
1751004445742 0.19171059131622314 4912
1751004447175 0.15112584829330444 4913
1751004448519 0.18714725971221924 4914
1751004449852 0.16337397694587708 4915
1751004451202 0.16937768459320068 4916
1751004452553 0.179250568151474 4917
1751004453891 0.1801982969045639 4918
1751004455251 0.17135319113731384 4919
1751004456575 0.1485525369644165 4920
1751004457942 0.18250073492527008 4921
1751004459274 0.17565828561782837 4922
1751004460927 0.1478523463010788 4923
1751004462276 0.17809489369392395 4924
1751004463640 0.16765785217285156 4925
1751004464888 0.2947543263435364 4926
1751004466229 0.16058267652988434 4927
1751004467670 0.20281526446342468 4928
1751004469027 0.16688667237758636 4929
1751004470371 0.21055158972740173 4930
1751004471741 0.17642459273338318 4931
1751004473104 0.19330181181430817 4932
1751004474391 0.262238085269928 4933
1751004475762 0.17246827483177185 4934
1751004477226 0.17745424807071686 4935
1751004478596 0.14641180634498596 4936
1751004480047 0.17104864120483398 4937
1751004481380 0.17144200205802917 4938
1751004482740 0.18330033123493195 4939
1751004484088 0.1832537055015564 4940
1751004485534 0.18214307725429535 4941
1751004486901 0.17826507985591888 4942
1751004488232 0.1832631379365921 4943
1751004489583 0.1376459002494812 4944
1751004490951 0.13813474774360657 4945
1751004492300 0.16506639122962952 4946
1751004493656 0.19663235545158386 4947
1751004495007 0.1730247139930725 4948
1751004496356 0.17775419354438782 4949
1751004497738 0.2195727527141571 4950
1751004499097 0.18058276176452637 4951
1751004500722 0.14473076164722443 4952
1751004502055 0.19342994689941406 4953
1751004503352 0.2868725061416626 4954
1751004504740 0.15524037182331085 4955
1751004506104 0.15665452182292938 4956
1751004507379 0.29237860441207886 4957
1751004508744 0.17648127675056458 4958
1751004510063 0.1753939390182495 4959
1751004511398 0.15359416604042053 4960
1751004512728 0.18212752044200897 4961
1751004514096 0.1807502806186676 4962
1751004515378 0.3188956379890442 4963
1751004516767 0.2132471203804016 4964
1751004518141 0.1901727020740509 4965
1751004519425 0.3139529228210449 4966
1751004520750 0.1849839836359024 4967
1751004522110 0.17345961928367615 4968
1751004523454 0.16439123451709747 4969
1751004524730 0.4006730914115906 4970
1751004526082 0.18544429540634155 4971
1751004527439 0.1836831271648407 4972
1751004528789 0.1626642495393753 4973
1751004530083 0.24075137078762054 4974
1751004531447 0.22169369459152222 4975
1751004532841 0.17136210203170776 4976
1751004534176 0.21251758933067322 4977
1751004535527 0.16605040431022644 4978
1751004536894 0.16690713167190552 4979
1751004538458 0.1683308333158493 4980
1751004539827 0.17590336501598358 4981
1751004541253 0.1835392713546753 4982
1751004542592 0.16859139502048492 4983
1751004543950 0.14744606614112854 4984
1751004545227 0.2991369366645813 4985
1751004546582 0.13310641050338745 4986
1751004547943 0.15707117319107056 4987
1751004549303 0.1813792586326599 4988
1751004550681 0.1885782778263092 4989
1751004552062 0.18118886649608612 4990
1751004553421 0.1352774202823639 4991
1751004554855 0.16200900077819824 4992
1751004556209 0.17541971802711487 4993
1751004557627 0.16277119517326355 4994
1751004559026 0.16623178124427795 4995
1751004560393 0.15179479122161865 4996
1751004561748 0.17195698618888855 4997
1751004563102 0.20907720923423767 4998
1751004564466 0.18309183418750763 4999
1751004565842 0.14607393741607666 5000
1751004567201 0.17957085371017456 5001
1751004568535 0.18310312926769257 5002
1751004569914 0.20059078931808472 5003
1751004571313 0.18295815587043762 5004
1751004572614 0.45692378282546997 5005
1751004573938 0.18192839622497559 5006
1751004575889 0.1860085278749466 5007
1751004577241 0.21039879322052002 5008
1751004578570 0.16976988315582275 5009
1751004579841 0.3024832010269165 5010
1751004581215 0.17621338367462158 5011
1751004582550 0.1824996918439865 5012
1751004583896 0.15153472125530243 5013
1751004585248 0.15858720242977142 5014
1751004586513 0.3632993996143341 5015
1751004587862 0.18397843837738037 5016
1751004589269 0.14401334524154663 5017
1751004590612 0.1513930857181549 5018
1751004591954 0.17313982546329498 5019
1751004593293 0.16050691902637482 5020
1751004594633 0.17387746274471283 5021
1751004595979 0.19137194752693176 5022
1751004597244 0.27456045150756836 5023
1751004598511 0.35927650332450867 5024
1751004599838 0.17964306473731995 5025
1751004601233 0.16914238035678864 5026
1751004602583 0.18907058238983154 5027
1751004604008 0.18097421526908875 5028
1751004605388 0.2019544243812561 5029
1751004606727 0.16656208038330078 5030
1751004608074 0.19706928730010986 5031
1751004609421 0.17665830254554749 5032
1751004610803 0.1911851316690445 5033
1751004612354 0.30536094307899475 5034
1751004613694 0.20540264248847961 5035
1751004615038 0.14146888256072998 5036
1751004616324 0.3677172064781189 5037
1751004617750 0.15730080008506775 5038
1751004619024 0.3197649419307709 5039
1751004620371 0.18466497957706451 5040
1751004621700 0.17920035123825073 5041
1751004623128 0.20220708847045898 5042
1751004624493 0.15469568967819214 5043
1751004625899 0.19975149631500244 5044
1751004627237 0.1856345683336258 5045
1751004628631 0.18485161662101746 5046
1751004629907 0.2858074903488159 5047
1751004631317 0.19749411940574646 5048
1751004632644 0.20183169841766357 5049
1751004633999 0.1638251692056656 5050
1751004635375 0.2030303031206131 5051
1751004636707 0.1707482933998108 5052
1751004637950 0.36185091733932495 5053
1751004639300 0.1962636411190033 5054
1751004640654 0.18996372818946838 5055
1751004641978 0.15361249446868896 5056
1751004643311 0.19456040859222412 5057
1751004644633 0.17965731024742126 5058
1751004645964 0.1835988461971283 5059
1751004647344 0.1653120517730713 5060
1751004648677 0.19137519598007202 5061
1751004649934 0.31152284145355225 5062
1751004651533 0.16394269466400146 5063
1751004652915 0.17061281204223633 5064
1751004654250 0.16397768259048462 5065
1751004655603 0.16895955801010132 5066
1751004656932 0.20151537656784058 5067
1751004658347 0.16684237122535706 5068
1751004659636 0.2440641224384308 5069
1751004660989 0.18780842423439026 5070
1751004662329 0.1873285472393036 5071
1751004663629 0.39395496249198914 5072
1751004664990 0.1656859666109085 5073
1751004666354 0.17025190591812134 5074
1751004667729 0.1764312982559204 5075
1751004669000 0.29287970066070557 5076
1751004670320 0.16592779755592346 5077
1751004671664 0.1611485481262207 5078
1751004673010 0.16922076046466827 5079
1751004674356 0.18762247264385223 5080
1751004675686 0.20178547501564026 5081
1751004677040 0.15013666450977325 5082
1751004678379 0.17836904525756836 5083
1751004679761 0.18731117248535156 5084
1751004681092 0.17885570228099823 5085
1751004682458 0.2044980823993683 5086
1751004683836 0.1532680094242096 5087
1751004685179 0.17069567739963531 5088
1751004686740 0.17483815550804138 5089
1751004688034 0.36162087321281433 5090
1751004689356 0.17152830958366394 5091
1751004690688 0.1497986614704132 5092
1751004692042 0.1794937551021576 5093
1751004693400 0.18338130414485931 5094
1751004694754 0.20096836984157562 5095
1751004696089 0.16644106805324554 5096
1751004697428 0.15906094014644623 5097
1751004698779 0.16295158863067627 5098
1751004700212 0.19990462064743042 5099
1751004701576 0.18004149198532104 5100
1751004702901 0.17435157299041748 5101
1751004704239 0.20491832494735718 5102
1751004705604 0.20496071875095367 5103
1751004706942 0.16929209232330322 5104
1751004708206 0.38564634323120117 5105
1751004709558 0.1728164255619049 5106
1751004710902 0.1483958512544632 5107
1751004712163 0.2518291473388672 5108
1751004713523 0.18392561376094818 5109
1751004714871 0.15222635865211487 5110
1751004716226 0.1471567004919052 5111
1751004717585 0.186882883310318 5112
1751004718943 0.1869574785232544 5113
1751004720277 0.13928735256195068 5114
1751004721631 0.1867409199476242 5115
1751004722974 0.16418536007404327 5116
1751004724542 0.17569300532341003 5117
1751004725899 0.18605154752731323 5118
1751004727255 0.18013304471969604 5119
1751004728576 0.17858177423477173 5120
1751004729917 0.2073832005262375 5121
1751004731252 0.18180429935455322 5122
1751004732598 0.15776541829109192 5123
1751004733935 0.16105249524116516 5124
1751004735272 0.1600377857685089 5125
1751004736641 0.19507786631584167 5126
1751004737975 0.1510327160358429 5127
1751004739336 0.1479923129081726 5128
1751004740668 0.1809232085943222 5129
1751004742041 0.15424451231956482 5130
1751004743390 0.17460572719573975 5131
1751004744718 0.19346775114536285 5132
1751004746055 0.1759580373764038 5133
1751004747347 0.2684219479560852 5134
1751004748722 0.1914682537317276 5135
1751004750100 0.17330342531204224 5136
1751004751385 0.26291748881340027 5137
1751004752734 0.17280271649360657 5138
1751004754078 0.19173960387706757 5139
1751004755450 0.192934051156044 5140
1751004756799 0.14487510919570923 5141
1751004758155 0.1756303310394287 5142
1751004759509 0.1753413826227188 5143
1751004760906 0.15032958984375 5144
1751004762521 0.16422998905181885 5145
1751004763850 0.1611039638519287 5146
1751004765190 0.18271806836128235 5147
1751004766605 0.17781588435173035 5148
1751004767945 0.1231735572218895 5149
1751004769372 0.18022410571575165 5150
1751004770719 0.18805146217346191 5151
1751004772078 0.19353000819683075 5152
1751004773449 0.1364278942346573 5153
1751004774846 0.16827839612960815 5154
1751004776227 0.17082270979881287 5155
1751004777495 0.26412326097488403 5156
1751004778831 0.1698291003704071 5157
1751004780256 0.15545468032360077 5158
1751004781626 0.1730812042951584 5159
1751004782993 0.1818068027496338 5160
1751004784330 0.3242857754230499 5161
1751004785656 0.17599701881408691 5162
1751004786976 0.19319453835487366 5163
1751004788314 0.18583491444587708 5164
1751004789713 0.1932011842727661 5165
1751004791074 0.1661515086889267 5166
1751004792430 0.16721928119659424 5167
1751004793714 0.3263357877731323 5168
1751004795080 0.1975935995578766 5169
1751004796477 0.16278912127017975 5170
1751004797832 0.18071329593658447 5171
1751004799167 0.17247502505779266 5172
1751004800673 0.3591071665287018 5173
1751004802040 0.17802327871322632 5174
1751004803416 0.1714896857738495 5175
1751004804783 0.16512781381607056 5176
1751004806088 0.28808271884918213 5177
1751004807448 0.17868360877037048 5178
1751004808814 0.17347963154315948 5179
1751004810235 0.18450981378555298 5180
1751004811604 0.15067936480045319 5181
1751004812973 0.19997911155223846 5182
1751004814318 0.1517452895641327 5183
1751004815658 0.18604321777820587 5184
1751004817024 0.16081848740577698 5185
1751004818375 0.16836746037006378 5186
1751004819746 0.17067353427410126 5187
1751004821132 0.19213736057281494 5188
1751004822569 0.17094330489635468 5189
1751004823918 0.17580276727676392 5190
1751004825300 0.1686185896396637 5191
1751004826644 0.17496410012245178 5192
1751004828017 0.18013279139995575 5193
1751004829460 0.16512097418308258 5194
1751004830743 0.2245950996875763 5195
1751004832168 0.14512944221496582 5196
1751004833526 0.16698876023292542 5197
1751004834856 0.15866318345069885 5198
1751004836204 0.18922004103660583 5199
1751004837560 0.1912757009267807 5200
1751004839128 0.20564329624176025 5201
1751004840478 0.14856106042861938 5202
1751004841846 0.18980345129966736 5203
1751004843229 0.20716071128845215 5204
1751004844525 0.4084848165512085 5205
1751004845889 0.17049776017665863 5206
1751004847231 0.17777737975120544 5207
1751004848573 0.17542290687561035 5208
1751004849855 0.3853263556957245 5209
1751004851223 0.19857041537761688 5210
1751004852619 0.1591341197490692 5211
1751004854051 0.17503339052200317 5212
1751004855385 0.16528163850307465 5213
1751004856722 0.16494451463222504 5214
1751004858055 0.16304725408554077 5215
1751004859400 0.19289225339889526 5216
1751004860793 0.191535085439682 5217
1751004862132 0.16117778420448303 5218
1751004863464 0.16405194997787476 5219
1751004864714 0.29614415764808655 5220
1751004866058 0.16720010340213776 5221
1751004867418 0.16072019934654236 5222
1751004868744 0.16527488827705383 5223
1751004870098 0.1728886514902115 5224
1751004871458 0.15757052600383759 5225
1751004872815 0.16679003834724426 5226
1751004874144 0.20454125106334686 5227
1751004875484 0.14957158267498016 5228
1751004877127 0.19142839312553406 5229
1751004878479 0.17258469760417938 5230
1751004879812 0.20807301998138428 5231
1751004881148 0.18063461780548096 5232
1751004882486 0.1654762178659439 5233
1751004883756 0.29162877798080444 5234
1751004885137 0.174020916223526 5235
1751004886479 0.17314587533473969 5236
1751004887861 0.19520267844200134 5237
1751004889208 0.19565019011497498 5238
1751004890543 0.18237793445587158 5239
1751004891883 0.1857113093137741 5240
1751004893240 0.1576867699623108 5241
1751004894606 0.18191152811050415 5242
1751004895940 0.16583551466464996 5243
1751004897314 0.18856680393218994 5244
1751004898681 0.17000733315944672 5245
1751004900047 0.20720675587654114 5246
1751004901415 0.17650756239891052 5247
1751004902690 0.32056647539138794 5248
1751004904084 0.1645744889974594 5249
1751004905423 0.19990769028663635 5250
1751004906766 0.1380346119403839 5251
1751004908129 0.1714223325252533 5252
1751004909487 0.16708388924598694 5253
1751004910789 0.3807651996612549 5254
1751004912143 0.1704871654510498 5255
1751004913473 0.1544221043586731 5256
1751004914845 0.16035324335098267 5257
1751004916415 0.15820536017417908 5258
1751004917735 0.15805989503860474 5259
1751004919136 0.16990816593170166 5260
1751004920494 0.20085608959197998 5261
1751004921829 0.20009037852287292 5262
1751004923171 0.18698111176490784 5263
1751004924515 0.1581699252128601 5264
1751004925877 0.20825320482254028 5265
1751004927227 0.20129209756851196 5266
1751004928562 0.17580482363700867 5267
1751004929924 0.16516470909118652 5268
1751004931256 0.17659343779087067 5269
1751004932622 0.2050938606262207 5270
1751004933982 0.19527055323123932 5271
1751004935380 0.19251203536987305 5272
1751004936728 0.16025501489639282 5273
1751004938075 0.18626046180725098 5274
1751004939433 0.16335007548332214 5275
1751004940821 0.16917628049850464 5276
1751004942173 0.1662033200263977 5277
1751004943523 0.17609885334968567 5278
1751004944860 0.17499002814292908 5279
1751004946205 0.190902978181839 5280
1751004947548 0.18272098898887634 5281
1751004948884 0.1555815041065216 5282
1751004950226 0.1536169946193695 5283
1751004951580 0.1679767668247223 5284
1751004953220 0.17860230803489685 5285
1751004954561 0.1457231044769287 5286
1751004955900 0.21933364868164062 5287
1751004957247 0.15435034036636353 5288
1751004958616 0.19309605658054352 5289
1751004959972 0.16541659832000732 5290
1751004961323 0.17498062551021576 5291
1751004962703 0.20418086647987366 5292
1751004964088 0.15815144777297974 5293
1751004965444 0.1819027066230774 5294
1751004966834 0.18720737099647522 5295
1751004968149 0.20603904128074646 5296
1751004969484 0.19809435307979584 5297
1751004970827 0.1703455150127411 5298
1751004972168 0.1745772659778595 5299
1751004973565 0.13748499751091003 5300
1751004974946 0.1884094476699829 5301
1751004976368 0.17816758155822754 5302
1751004977729 0.1740182787179947 5303
1751004979080 0.17080344259738922 5304
1751004980440 0.17237108945846558 5305
1751004981799 0.1483643651008606 5306
1751004983209 0.17118529975414276 5307
1751004984577 0.17244234681129456 5308
1751004985952 0.13609164953231812 5309
1751004987338 0.1575833112001419 5310
1751004988902 0.1664358228445053 5311
1751004990307 0.1856301724910736 5312
1751004991674 0.17819169163703918 5313
1751004993016 0.17983856797218323 5314
1751004994383 0.19624656438827515 5315
1751004995728 0.17558665573596954 5316
1751004997063 0.2915431261062622 5317
1751004998445 0.15544143319129944 5318
1751004999788 0.1839834451675415 5319
1751005001206 0.19250285625457764 5320
1751005002649 0.18390744924545288 5321
1751005004003 0.17608517408370972 5322
1751005005357 0.18990562856197357 5323
1751005006710 0.17374621331691742 5324
1751005008084 0.18703244626522064 5325
1751005009463 0.1725720465183258 5326
1751005010733 0.3272976875305176 5327
1751005012083 0.1673128604888916 5328
1751005013332 0.2942158579826355 5329
1751005014696 0.18076881766319275 5330
1751005016072 0.19931146502494812 5331
1751005017435 0.18599066138267517 5332
1751005018798 0.17560231685638428 5333
1751005020181 0.18480980396270752 5334
1751005021765 0.18768548965454102 5335
1751005023113 0.1880120038986206 5336
1751005024417 0.29628854990005493 5337
1751005025772 0.16801059246063232 5338
1751005027143 0.18198519945144653 5339
1751005028509 0.1243819147348404 5340
1751005029871 0.19290249049663544 5341
1751005031181 0.3949452042579651 5342
1751005032554 0.1649990677833557 5343
1751005033927 0.16911545395851135 5344
1751005035217 0.3089599013328552 5345
1751005036482 0.40917491912841797 5346
1751005037860 0.18182027339935303 5347
1751005039236 0.16671240329742432 5348
1751005040623 0.19960100948810577 5349
1751005041983 0.12800276279449463 5350
1751005043399 0.18108251690864563 5351
1751005044786 0.1998952329158783 5352
1751005046190 0.16054747998714447 5353
1751005047522 0.20288099348545074 5354
1751005048886 0.17953750491142273 5355
1751005050233 0.1788797676563263 5356
1751005051573 0.16932076215744019 5357
1751005052908 0.20912954211235046 5358
1751005054252 0.18393364548683167 5359
1751005055819 0.16945120692253113 5360
1751005057094 0.37482890486717224 5361
1751005058429 0.1714288592338562 5362
1751005059788 0.1468924880027771 5363
1751005061149 0.19334542751312256 5364
1751005062486 0.1546183079481125 5365
1751005063847 0.1908058375120163 5366
1751005065194 0.19395187497138977 5367
1751005066551 0.1669040024280548 5368
1751005067811 0.3300235867500305 5369
1751005069173 0.13858051598072052 5370
1751005070518 0.18821875751018524 5371
1751005071829 0.29250431060791016 5372
1751005073083 0.2525292932987213 5373
1751005074427 0.1675197035074234 5374
1751005075765 0.19580887258052826 5375
1751005077142 0.17711308598518372 5376
1751005078483 0.19312497973442078 5377
1751005079829 0.1721602827310562 5378
1751005081161 0.2066769003868103 5379
1751005082493 0.18361546099185944 5380
1751005083807 0.30407238006591797 5381
1751005085165 0.16810095310211182 5382
1751005086523 0.16396422684192657 5383
1751005087878 0.14832153916358948 5384
1751005089243 0.19903512299060822 5385
1751005090927 0.19864705204963684 5386
1751005092370 0.20143088698387146 5387
1751005093748 0.21063962578773499 5388
1751005095106 0.17473599314689636 5389
1751005096489 0.17492420971393585 5390
1751005097843 0.14382976293563843 5391
1751005099245 0.1803262084722519 5392
1751005100595 0.157679945230484 5393
1751005101938 0.18956971168518066 5394
1751005103312 0.1855309158563614 5395
1751005104693 0.15640336275100708 5396
1751005106030 0.17845085263252258 5397
1751005107391 0.18637438118457794 5398
1751005108738 0.18581967055797577 5399
1751005110115 0.19041502475738525 5400
1751005185624 0.18076224625110626 5401
1751005232452 0.1701716035604477 5402
1751005233820 0.17523643374443054 5403
1751005235161 0.15973824262619019 5404
1751005236510 0.16498345136642456 5405
1751005238064 0.19656044244766235 5406
1751005239432 0.17931559681892395 5407
1751005240824 0.1775263398885727 5408
1751005242183 0.20800264179706573 5409
1751005243519 0.20540156960487366 5410
1751005244895 0.1504419595003128 5411
1751005246253 0.17915348708629608 5412
1751005247645 0.16444268822669983 5413
1751005249023 0.14636802673339844 5414
1751005251200 0.1957145631313324 5415
1751005252807 0.15311357378959656 5416
1751005254837 0.18115298449993134 5417
1751005256350 0.17603330314159393 5418
1751005258068 0.18069233000278473 5419
1751005259825 0.1917480230331421 5420
1751005261193 0.15689021348953247 5421
1751005262715 0.1679249256849289 5422
1751005264440 0.1594676375389099 5423
1751005265978 0.14162512123584747 5424
1751005267570 0.18072180449962616 5425
1751005268943 0.17038166522979736 5426
1751005270393 0.1664893478155136 5427
1751005271760 0.18604765832424164 5428
1751005273632 0.19684556126594543 5429
1751005275132 0.17334987223148346 5430
1751005276500 0.1703939437866211 5431
1751005278667 0.1738452911376953 5432
1751005280491 0.1859610378742218 5433
1751005282009 0.181674063205719 5434
1751005283493 0.17375047504901886 5435
1751005284998 0.18043674528598785 5436
1751005286359 0.16599294543266296 5437
1751005287949 0.1592964231967926 5438
1751005289328 0.15486972033977509 5439
1751005290716 0.17365843057632446 5440
1751005292414 0.17319607734680176 5441
1751005293937 0.1686079502105713 5442
1751005295396 0.3200823664665222 5443
1751005296780 0.17026753723621368 5444
1751005298296 0.19853436946868896 5445
1751005299803 0.15430858731269836 5446
1751005301177 0.1570177972316742 5447
1751005302564 0.1612038016319275 5448
1751005303935 0.17776840925216675 5449
1751005305285 0.18313825130462646 5450
1751005306678 0.18599899113178253 5451
1751005308111 0.1814761459827423 5452
1751005310384 0.1766258180141449 5453
1751005311765 0.14479750394821167 5454
1751005313575 0.20258358120918274 5455
1751005314957 0.16557246446609497 5456
1751005316557 0.18489202857017517 5457
1751005318357 0.19371441006660461 5458
1751005319697 0.16117405891418457 5459
1751005321078 0.18043754994869232 5460
1751005322749 0.16934028267860413 5461
1751005324120 0.16488432884216309 5462
1751005325474 0.1887281835079193 5463
1751005327008 0.17178964614868164 5464
1751005328337 0.14648035168647766 5465
1751005329718 0.1749339997768402 5466
1751005331072 0.17213943600654602 5467
1751005332421 0.18016856908798218 5468
1751005334554 0.1833888590335846 5469
1751005335916 0.16136619448661804 5470
1751005337240 0.17766514420509338 5471
1751005338673 0.1565859317779541 5472
1751005340011 0.20400938391685486 5473
1751005341288 0.278815895318985 5474
1751005343056 0.1829666793346405 5475
1751005345107 0.16251853108406067 5476
1751005346459 0.2004702091217041 5477
1751005347860 0.17084196209907532 5478
1751005349248 0.18116658926010132 5479
1751005350646 0.19867104291915894 5480
1751005352161 0.18802887201309204 5481
1751005353518 0.16194799542427063 5482
1751005355083 0.3940020203590393 5483
1751005356384 0.3922504484653473 5484
1751005358003 0.1637914478778839 5485
1751005359270 0.37642762064933777 5486
1751005360722 0.16523465514183044 5487
1751005362053 0.16276060044765472 5488
1751005363580 0.19657127559185028 5489
1751005364957 0.18947431445121765 5490
1751005366304 0.16283130645751953 5491
1751005367680 0.16167782247066498 5492
1751005369038 0.18087060749530792 5493
1751005370323 0.33417844772338867 5494
1751005371689 0.15917810797691345 5495
1751005373066 0.1878793090581894 5496
1751005374465 0.17331644892692566 5497
1751005375840 0.1569056659936905 5498
1751005377193 0.19351321458816528 5499
1751005378556 0.17349854111671448 5500
1751005379913 0.21194469928741455 5501
1751005381204 0.2888687252998352 5502
1751005382567 0.16201820969581604 5503
1751005383907 0.1643739938735962 5504
1751005385224 0.18896251916885376 5505
1751005386593 0.17210423946380615 5506
1751005387863 0.3710334897041321 5507
1751005389465 0.1845782995223999 5508
1751005391105 0.1775858849287033 5509
1751005392423 0.35228732228279114 5510
1751005394187 0.1852937787771225 5511
1751005395454 0.33687078952789307 5512
1751005396784 0.1705164611339569 5513
1751005398430 0.17635592818260193 5514
1751005399873 0.1532769352197647 5515
1751005401247 0.1815706491470337 5516
1751005402568 0.289650559425354 5517
1751005403926 0.1632542908191681 5518
1751005405223 0.43599066138267517 5519
1751005406605 0.1746058315038681 5520
1751005407957 0.16494016349315643 5521
1751005409321 0.18721990287303925 5522
1751005410692 0.1600920557975769 5523
1751005412132 0.1451469510793686 5524
1751005413526 0.16514572501182556 5525
1751005414889 0.15999260544776917 5526
1751005416277 0.16912086308002472 5527
1751005418089 0.17040660977363586 5528
1751005419429 0.1718357503414154 5529
1751005420802 0.1843928098678589 5530
1751005422505 0.16179823875427246 5531
1751005423878 0.16277752816677094 5532
1751005425453 0.1589403748512268 5533
1751005426904 0.18947312235832214 5534
1751005428272 0.18698781728744507 5535
1751005429648 0.20713622868061066 5536
1751005431111 0.1556895673274994 5537
1751005432489 0.18399465084075928 5538
1751005433867 0.1771967113018036 5539
1751005435192 0.3713518977165222 5540
1751005436928 0.16915427148342133 5541
1751005438318 0.21024495363235474 5542
1751005439689 0.15790601074695587 5543
1751005441006 0.3149561882019043 5544
1751005442865 0.180450901389122 5545
1751005444265 0.16855347156524658 5546
1751005445631 0.19804689288139343 5547
1751005447014 0.19239166378974915 5548
1751005448431 0.19030719995498657 5549
1751005449773 0.15929070115089417 5550
1751005451177 0.17692765593528748 5551
1751005452522 0.1727432757616043 5552
1751005453909 0.307953417301178 5553
1751005455387 0.17796997725963593 5554
1751005456737 0.1678263545036316 5555
1751005458103 0.15510231256484985 5556
1751005459408 0.2501286268234253 5557
1751005461244 0.29531580209732056 5558
1751005462590 0.17402279376983643 5559
1751005463901 0.2720887064933777 5560
1751005465290 0.18048390746116638 5561
1751005466655 0.16479957103729248 5562
1751005468051 0.19448517262935638 5563
1751005469376 0.16124457120895386 5564
1751005470764 0.1593995988368988 5565
1751005472191 0.14496389031410217 5566
1751005473537 0.19238561391830444 5567
1751005474910 0.36120113730430603 5568
1751005476408 0.1844208687543869 5569
1751005477810 0.19463762640953064 5570
1751005479238 0.17524874210357666 5571
1751005480624 0.1664893627166748 5572
1751005482002 0.18347713351249695 5573
1751005483434 0.2214776873588562 5574
1751005484819 0.18752260506153107 5575
1751005486131 0.42955082654953003 5576
1751005487988 0.19943460822105408 5577
1751005489356 0.1701246201992035 5578
1751005490721 0.17622767388820648 5579
1751005492140 0.175016850233078 5580
1751005493509 0.1933690905570984 5581
1751005494898 0.17572103440761566 5582
1751005496742 0.17402562499046326 5583
1751005498333 0.1853269338607788 5584
1751005499662 0.15564727783203125 5585
1751005501050 0.1889653503894806 5586
1751005502393 0.16668906807899475 5587
1751005503747 0.17230895161628723 5588
1751005505108 0.14624641835689545 5589
1751005506379 0.41152194142341614 5590
1751005507789 0.19533729553222656 5591
1751005508975 0.44410234689712524 5592
1751005510368 0.13617819547653198 5593
1751005511729 0.16732315719127655 5594
1751005513212 0.17282387614250183 5595
1751005515166 0.19871953129768372 5596
1751005516541 0.17100536823272705 5597
1751005517897 0.20563122630119324 5598
1751005519245 0.1798817217350006 5599
1751005520582 0.17545172572135925 5600
1751005521918 0.18059805035591125 5601
1751005523281 0.17409881949424744 5602
1751005524611 0.3690686523914337 5603
1751005525961 0.15050634741783142 5604
1751005527232 0.3402400314807892 5605
1751005528498 0.28265559673309326 5606
1751005529824 0.1917038857936859 5607
1751005531166 0.17852860689163208 5608
1751005532705 0.16530610620975494 5609
1751005534147 0.19305218756198883 5610
1751005535612 0.17703355848789215 5611
1751005537041 0.16584108769893646 5612
1751005538323 0.2856442928314209 5613
1751005539676 0.18198713660240173 5614
1751005541034 0.16511917114257812 5615
1751005542484 0.15640303492546082 5616
1751005543865 0.16443228721618652 5617
1751005545223 0.19923678040504456 5618
1751005546503 0.38514620065689087 5619
1751005547858 0.1541622281074524 5620
1751005549224 0.15126974880695343 5621
1751005550619 0.17155250906944275 5622
1751005551997 0.1941661238670349 5623
1751005553368 0.1866229772567749 5624
1751005554714 0.18419739603996277 5625
1751005556053 0.2190004587173462 5626
1751005557420 0.17508405447006226 5627
1751005558774 0.16910210251808167 5628
1751005560142 0.18838593363761902 5629
1751005561501 0.16139784455299377 5630
1751005562877 0.1706221103668213 5631
1751005564249 0.4272232949733734 5632
1751005565592 0.18440917134284973 5633
1751005566930 0.15311309695243835 5634
1751005568469 0.1842307448387146 5635
1751005569806 0.15225453674793243 5636
1751005571132 0.16526833176612854 5637
1751005572483 0.18469378352165222 5638
1751005573856 0.178603857755661 5639
1751005575225 0.1744360327720642 5640
1751005576568 0.1432352364063263 5641
1751005577917 0.15050329267978668 5642
1751005579188 0.2858937978744507 5643
1751005580539 0.16343683004379272 5644
1751005581876 0.21243420243263245 5645
1751005583222 0.19000518321990967 5646
1751005584564 0.17154721915721893 5647
1751005585897 0.21221710741519928 5648
1751005587235 0.15115806460380554 5649
1751005588587 0.1769566833972931 5650
1751005589946 0.2041371613740921 5651
1751005591397 0.15449169278144836 5652
1751005592744 0.1899169385433197 5653
1751005593993 0.2580798268318176 5654
1751005595323 0.18901532888412476 5655
1751005596711 0.1811983734369278 5656
1751005598070 0.19959276914596558 5657
1751005599410 0.17688027024269104 5658
1751005600757 0.15648974478244781 5659
1751005602304 0.1510927379131317 5660
1751005603707 0.1762584149837494 5661
1751005605088 0.17338338494300842 5662
1751005606441 0.16230075061321259 5663
1751005607788 0.17051757872104645 5664
1751005609141 0.19003471732139587 5665
1751005610567 0.16262316703796387 5666
1751005611996 0.18819722533226013 5667
1751005613352 0.19044356048107147 5668
1751005614768 0.15910756587982178 5669
1751005616117 0.17114482820034027 5670
1751005617469 0.16841378808021545 5671
1751005618886 0.16010844707489014 5672
1751005620235 0.17395660281181335 5673
1751005621575 0.20596647262573242 5674
1751005622927 0.17096291482448578 5675
1751005624285 0.18895310163497925 5676
1751005625637 0.1829158365726471 5677
1751005626998 0.17042936384677887 5678
1751005628330 0.14137887954711914 5679
1751005629706 0.15989333391189575 5680
1751005631080 0.1841963529586792 5681
1751005632441 0.1833922266960144 5682
1751005633973 0.1837390959262848 5683
1751005635319 0.16674768924713135 5684
1751005636666 0.13820341229438782 5685
1751005637995 0.16837641596794128 5686
1751005639337 0.16670268774032593 5687
1751005640687 0.17048534750938416 5688
1751005642036 0.17183208465576172 5689
1751005643383 0.1955859363079071 5690
1751005644730 0.20116087794303894 5691
1751005646126 0.18224525451660156 5692
1751005647467 0.17335209250450134 5693
1751005648810 0.1884709745645523 5694
1751005650161 0.14411665499210358 5695
1751005651443 0.2977791428565979 5696
1751005652836 0.1970120370388031 5697
1751005654201 0.17202216386795044 5698
1751005655572 0.15038250386714935 5699
1751005656953 0.17144837975502014 5700
1751005658226 0.42215490341186523 5701
1751005659514 0.3033720850944519 5702
1751005660871 0.1735829859972 5703
1751005662169 0.265471875667572 5704
1751005663530 0.14941972494125366 5705
1751005665106 0.18126681447029114 5706
1751005666480 0.14245152473449707 5707
1751005667758 0.3212698698043823 5708
1751005669149 0.19338640570640564 5709
1751005670513 0.19363510608673096 5710
1751005671910 0.16653761267662048 5711
1751005673288 0.1619446575641632 5712
1751005674661 0.180515855550766 5713
1751005676026 0.16772720217704773 5714
1751005677425 0.1608044058084488 5715
1751005678834 0.20692500472068787 5716
1751005680198 0.1739632487297058 5717
1751005681559 0.18769145011901855 5718
1751005682905 0.16148881614208221 5719
1751005684246 0.19833412766456604 5720
1751005685613 0.13015469908714294 5721
1751005687008 0.1774505227804184 5722
1751005688360 0.17488877475261688 5723
1751005689721 0.17137199640274048 5724
1751005691069 0.17776957154273987 5725
1751005692434 0.1619885414838791 5726
1751005693840 0.1752655953168869 5727
1751005695271 0.18035322427749634 5728
1751005696609 0.17905296385288239 5729
1751005698182 0.1894300878047943 5730
1751005699528 0.17701959609985352 5731
1751005700910 0.13287466764450073 5732
1751005702291 0.17424362897872925 5733
1751005703650 0.18570326268672943 5734
1751005705006 0.17885711789131165 5735
1751005706382 0.1355654001235962 5736
1751005707739 0.14301761984825134 5737
1751005709071 0.13966143131256104 5738
1751005710435 0.175657257437706 5739
1751005711778 0.38407766819000244 5740
1751005713164 0.17100468277931213 5741
1751005714527 0.1822483241558075 5742
1751005715872 0.19112350046634674 5743
1751005717280 0.1985115259885788 5744
1751005718635 0.17722991108894348 5745
1751005720003 0.19033044576644897 5746
1751005721367 0.1742168664932251 5747
1751005722740 0.1430848240852356 5748
1751005724108 0.17948445677757263 5749
1751005725457 0.1663200855255127 5750
1751005726803 0.18078923225402832 5751
1751005728144 0.15396389365196228 5752
1751005729706 0.1820317655801773 5753
1751005731049 0.17634353041648865 5754
1751005732417 0.14695540070533752 5755
1751005733782 0.16817399859428406 5756
1751005735137 0.15877985954284668 5757
1751005736481 0.18319948017597198 5758
1751005737819 0.18377169966697693 5759
1751005739230 0.18470625579357147 5760
1751005740581 0.18076260387897491 5761
1751005741931 0.17856186628341675 5762
1751005743280 0.18540197610855103 5763
1751005744660 0.1598888337612152 5764
1751005746013 0.16700702905654907 5765
1751005747356 0.1989435851573944 5766
1751005748700 0.19576147198677063 5767
1751005750066 0.17315161228179932 5768
1751005751449 0.1874309778213501 5769
1751005752736 0.29382315278053284 5770
1751005754099 0.12387673556804657 5771
1751005755463 0.14548319578170776 5772
1751005756826 0.1775730550289154 5773
1751005758170 0.1709745228290558 5774
1751005759522 0.17169030010700226 5775
1751005761135 0.1686813086271286 5776
1751005762473 0.17655295133590698 5777
1751005763823 0.19558407366275787 5778
1751005765110 0.3631155788898468 5779
1751005766493 0.1967344880104065 5780
1751005767837 0.18887245655059814 5781
1751005769190 0.19037175178527832 5782
1751005770546 0.18981868028640747 5783
1751005771857 0.33875441551208496 5784
1751005773127 0.36429327726364136 5785
1751005774467 0.14985895156860352 5786
1751005775839 0.17087769508361816 5787
1751005777193 0.14918729662895203 5788
1751005778553 0.180764302611351 5789
1751005779908 0.2121874839067459 5790
1751005781247 0.13964948058128357 5791
1751005782604 0.1922416388988495 5792
1751005783975 0.2140200436115265 5793
1751005785326 0.18891434371471405 5794
1751005786606 0.2953600287437439 5795
1751005787966 0.17454880475997925 5796
1751005789340 0.17972531914710999 5797
1751005790701 0.20477288961410522 5798
1751005792201 0.24208946526050568 5799
1751005793550 0.17131894826889038 5800
1751005794916 0.14310336112976074 5801
1751005796283 0.1704704463481903 5802
1751005797659 0.20208998024463654 5803
1751005799086 0.16688111424446106 5804
1751005800440 0.1730186939239502 5805
1751005801783 0.18025493621826172 5806
1751005803066 0.2855238616466522 5807
1751005804440 0.16019102931022644 5808
1751005805806 0.23155687749385834 5809
1751005807161 0.20309937000274658 5810
1751005808519 0.1840541958808899 5811
1751005809889 0.17146223783493042 5812
1751005811232 0.16519036889076233 5813
1751005812566 0.16783607006072998 5814
1751005813920 0.16623163223266602 5815
1751005815277 0.17927943170070648 5816
1751005816635 0.18937715888023376 5817
1751005817931 0.40031445026397705 5818
1751005819222 0.42029839754104614 5819
1751005820580 0.1644686758518219 5820
1751005821925 0.1609838902950287 5821
1751005823503 0.13092079758644104 5822
1751005824830 0.3341355323791504 5823
1751005826174 0.31570667028427124 5824
1751005827534 0.20645321905612946 5825
1751005828879 0.18134120106697083 5826
1751005830233 0.1586492359638214 5827
1751005831589 0.1708756983280182 5828
1751005832965 0.16821517050266266 5829
1751005834317 0.1739853471517563 5830
1751005835714 0.17191456258296967 5831
1751005837087 0.15335196256637573 5832
1751005838430 0.1667306125164032 5833
1751005839775 0.15590187907218933 5834
1751005841189 0.2173425555229187 5835
1751005842567 0.17625777423381805 5836
1751005843954 0.154822438955307 5837
1751005845292 0.1833413541316986 5838
1751005846678 0.18809011578559875 5839
1751005848062 0.18486212193965912 5840
1751005849431 0.1750572919845581 5841
1751005850781 0.15552181005477905 5842
1751005852157 0.1702897846698761 5843
1751005853538 0.1862494945526123 5844
1751005855179 0.1487686187028885 5845
1751005856531 0.18430064618587494 5846
1751005857892 0.1626570224761963 5847
1751005859244 0.19411706924438477 5848
1751005860609 0.21152111887931824 5849
1751005861952 0.195102721452713 5850
1751005863343 0.18958725035190582 5851
1751005864712 0.16386187076568604 5852
1751005866119 0.1541188359260559 5853
1751005867495 0.18418076634407043 5854
1751005868843 0.19009852409362793 5855
1751005870239 0.16062621772289276 5856
1751005871658 0.1515074372291565 5857
1751005873029 0.15220460295677185 5858
1751005874387 0.15594011545181274 5859
1751005875804 0.160180926322937 5860
1751005877155 0.18534241616725922 5861
1751005878533 0.20384728908538818 5862
1751005879964 0.13644978404045105 5863
1751005881336 0.19513602554798126 5864
1751005882675 0.19579461216926575 5865
1751005884016 0.19085007905960083 5866
1751005885372 0.22556152939796448 5867
1751005886801 0.2065497636795044 5868
1751005888392 0.15075913071632385 5869
1751005889735 0.179258793592453 5870
1751005891073 0.15109474956989288 5871
1751005892463 0.16211462020874023 5872
1751005893832 0.19041578471660614 5873
1751005895182 0.17469242215156555 5874
1751005896557 0.18421587347984314 5875
1751005897904 0.1850062608718872 5876
1751005899250 0.18523113429546356 5877
1751005900612 0.1692960262298584 5878
1751005901970 0.17639794945716858 5879
1751005903393 0.14296367764472961 5880
1751005904771 0.1734924018383026 5881
1751005906112 0.18452423810958862 5882
1751005907443 0.18038105964660645 5883
1751005908893 0.1781451553106308 5884
1751005910272 0.1997397392988205 5885
1751005911624 0.1654181182384491 5886
1751005912970 0.21132835745811462 5887
1751005914346 0.18737421929836273 5888
1751005915695 0.17846465110778809 5889
1751005917049 0.15937496721744537 5890
1751005918511 0.19088223576545715 5891
1751005920162 0.1851692944765091 5892
1751005921538 0.16160708665847778 5893
1751005922895 0.1881236582994461 5894
1751005924252 0.1896270513534546 5895
1751005925635 0.1838357299566269 5896
1751005926998 0.14218086004257202 5897
1751005928345 0.15946830809116364 5898
1751005929688 0.14961950480937958 5899
1751005931069 0.1583821177482605 5900
1751005932439 0.17028726637363434 5901
1751005933815 0.18619684875011444 5902
1751005935189 0.17291128635406494 5903
1751005936581 0.1507023572921753 5904
1751005937940 0.19115081429481506 5905
1751005939302 0.16522669792175293 5906
1751005940662 0.1684594452381134 5907
1751005942016 0.1898733675479889 5908
1751005943348 0.20389790832996368 5909
1751005944689 0.17464211583137512 5910
1751005946078 0.18049949407577515 5911
1751005947475 0.13742351531982422 5912
1751005948843 0.16011638939380646 5913
1751005950195 0.17345869541168213 5914
1751005951808 0.19249647855758667 5915
1751005953199 0.1690666228532791 5916
1751005954552 0.18085408210754395 5917
1751005955956 0.1908196210861206 5918
1751005957403 0.19614222645759583 5919
1751005958747 0.15768353641033173 5920
1751005960115 0.1615348905324936 5921
1751005961502 0.16674402356147766 5922
1751005962876 0.1676303893327713 5923
1751005964347 0.18321150541305542 5924
1751005965828 0.13886681199073792 5925
1751005967138 0.26366180181503296 5926
1751005968502 0.1859419196844101 5927
1751005969880 0.1925736963748932 5928
1751005971286 0.16799888014793396 5929
1751005972727 0.19176876544952393 5930
1751005974131 0.18517428636550903 5931
1751005975523 0.16345202922821045 5932
1751005976950 0.18497106432914734 5933
1751005978351 0.15722137689590454 5934
1751005979575 0.48890984058380127 5935
1751005981002 0.16943508386611938 5936
1751005982453 0.17384901642799377 5937
1751005983861 0.1909887045621872 5938
1751005985486 0.18216562271118164 5939
1751005987019 0.1599736362695694 5940
1751005988493 0.18936187028884888 5941
1751005989976 0.157999649643898 5942
1751005991507 0.13197392225265503 5943
1751005993096 0.14332734048366547 5944
1751005994666 0.18492166697978973 5945
1751005996185 0.16316133737564087 5946
1751005997641 0.20172274112701416 5947
1751005999187 0.16419997811317444 5948
1751006000585 0.15938949584960938 5949
1751006002013 0.18361890316009521 5950
1751006003386 0.14892733097076416 5951
1751006004769 0.2779802978038788 5952
1751006006138 0.1882620006799698 5953
1751006007483 0.16608858108520508 5954
1751006008852 0.30539470911026 5955
1751006010250 0.1625688523054123 5956
1751006011617 0.18167030811309814 5957
1751006012978 0.1832498461008072 5958
1751006014343 0.18079158663749695 5959
1751006015695 0.19305317103862762 5960
1751006017059 0.15192732214927673 5961
1751006018614 0.2022305727005005 5962
1751006019986 0.1438864916563034 5963
1751006021342 0.17220240831375122 5964
1751006022604 0.32774701714515686 5965
1751006023967 0.16148832440376282 5966
1751006025332 0.18249920010566711 5967
1751006026681 0.216634139418602 5968
1751006028052 0.1691126972436905 5969
1751006029434 0.1437898725271225 5970
1751006030808 0.14559003710746765 5971
1751006032201 0.1738729178905487 5972
1751006033596 0.15965253114700317 5973
1751006034877 0.3206905722618103 5974
1751006036177 0.32531529664993286 5975
1751006037542 0.1665990650653839 5976
1751006038879 0.19106833636760712 5977
1751006040283 0.16553017497062683 5978
1751006041663 0.19012224674224854 5979
1751006043016 0.1644267737865448 5980
1751006044366 0.19663690030574799 5981
1751006045747 0.17139194905757904 5982
1751006047133 0.18736320734024048 5983
1751006048507 0.18415307998657227 5984
1751006050050 0.15477254986763 5985
1751006051457 0.17264768481254578 5986
1751006052835 0.14958538115024567 5987
1751006054199 0.19035500288009644 5988
1751006055497 0.42584437131881714 5989
1751006056891 0.14648187160491943 5990
1751006058258 0.17925959825515747 5991
1751006059593 0.1778610348701477 5992
1751006060943 0.16713057458400726 5993
1751006062304 0.20720994472503662 5994
1751006063663 0.1597064733505249 5995
1751006065011 0.19833025336265564 5996
1751006066356 0.15580560266971588 5997
1751006067758 0.15782430768013 5998
1751006069095 0.19875696301460266 5999
1751006070445 0.18620532751083374 6000
1751006071795 0.1539367437362671 6001
1751006073127 0.25400227308273315 6002
1751006074474 0.1723754107952118 6003
1751006075840 0.18019872903823853 6004
1751006077206 0.17532071471214294 6005
1751006078578 0.15800049901008606 6006
1751006080208 0.17744386196136475 6007
1751006081590 0.15890425443649292 6008
1751006082983 0.18476668000221252 6009
1751006084373 0.16399678587913513 6010
1751006085772 0.1546165645122528 6011
1751006087132 0.15855509042739868 6012
1751006088502 0.15596801042556763 6013
1751006089872 0.144288569688797 6014
1751006091214 0.1655970811843872 6015
1751006092547 0.18385519087314606 6016
1751006093918 0.1600455939769745 6017
1751006095304 0.18537938594818115 6018
1751006096655 0.17755815386772156 6019
1751006098016 0.1424650251865387 6020
1751006099326 0.2995641231536865 6021
1751006100683 0.15935742855072021 6022
1751006102036 0.1416514366865158 6023
1751006103392 0.173566073179245 6024
1751006104753 0.15597322583198547 6025
1751006106130 0.15485237538814545 6026
1751006107464 0.15601497888565063 6027
1751006109102 0.23818248510360718 6028
1751006110485 0.15486162900924683 6029
1751006111862 0.20017659664154053 6030
1751006113230 0.1728261262178421 6031
1751006114606 0.16771219670772552 6032
1751006115958 0.17053648829460144 6033
1751006117333 0.21122512221336365 6034
1751006118785 0.1901589334011078 6035
1751006120122 0.1610165536403656 6036
1751006121475 0.16632021963596344 6037
1751006122824 0.16600912809371948 6038
1751006124170 0.1816008985042572 6039
1751006125551 0.1687394231557846 6040
1751006126938 0.17138418555259705 6041
1751006128292 0.19786015152931213 6042
1751006129559 0.327536404132843 6043
1751006131641 0.1660362184047699 6044
1751006133535 0.17500433325767517 6045
1751006134927 0.17498110234737396 6046
1751006136305 0.16218483448028564 6047
1751006137665 0.18734371662139893 6048
1751006139012 0.16703015565872192 6049
1751006140389 0.17164117097854614 6050
1751006142008 0.20488369464874268 6051
1751006143377 0.1913561373949051 6052
1751006144736 0.16798505187034607 6053
1751006146094 0.16791343688964844 6054
1751006147442 0.17488372325897217 6055
1751006148795 0.1717522144317627 6056
1751006150155 0.1505647897720337 6057
1751006151525 0.18510597944259644 6058
1751006152898 0.20113742351531982 6059
1751006154254 0.16861864924430847 6060
1751006155739 0.1626097559928894 6061
1751006157111 0.1586877703666687 6062
1751006158459 0.18381595611572266 6063
1751006159804 0.15326404571533203 6064
1751006161149 0.17444711923599243 6065
1751006162562 0.15149837732315063 6066
1751006163920 0.1623210310935974 6067
1751006165277 0.1484208106994629 6068
1751006166648 0.19902865588665009 6069
1751006168011 0.1967601627111435 6070
1751006169399 0.1689925491809845 6071
1751006170782 0.1607029139995575 6072
1751006172332 0.2588997483253479 6073
1751006173693 0.185177281498909 6074
1751006175070 0.18742847442626953 6075
1751006176421 0.1971481740474701 6076
1751006177801 0.18484580516815186 6077
1751006179161 0.14360937476158142 6078
1751006180573 0.163633793592453 6079
1751006181883 0.27348846197128296 6080
1751006183264 0.18264219164848328 6081
1751006184647 0.15862563252449036 6082
1751006186037 0.1855107843875885 6083
1751006187407 0.1690410077571869 6084
1751006188780 0.1636332869529724 6085
1751006190090 0.3540915548801422 6086
1751006191494 0.20355962216854095 6087
1751006192845 0.14826923608779907 6088
1751006194235 0.14764536917209625 6089
1751006195621 0.1546790450811386 6090
1751006196995 0.16936278343200684 6091
1751006198360 0.20570170879364014 6092
1751006199719 0.16994249820709229 6093
1751006201318 0.2042488157749176 6094
1751006202730 0.17777001857757568 6095
1751006204076 0.370531290769577 6096
1751006205446 0.190092533826828 6097
1751006206718 0.29235580563545227 6098
1751006208100 0.17625126242637634 6099
1751006209404 0.27535444498062134 6100
1751006210769 0.1827874779701233 6101
1751006212069 0.3763696849346161 6102
1751006213468 0.19709321856498718 6103
1751006214935 0.17710313200950623 6104
1751006216242 0.3418245315551758 6105
1751006217641 0.18397873640060425 6106
1751006218959 0.33581018447875977 6107
1751006220318 0.1722491979598999 6108
1751006221729 0.19714704155921936 6109
1751006223115 0.1983966827392578 6110
1751006224505 0.18583795428276062 6111
1751006225975 0.17272217571735382 6112
1751006227356 0.16122306883335114 6113
1751006228738 0.17472153902053833 6114
1751006230421 0.1553439348936081 6115
1751006231829 0.18017645180225372 6116
1751006233209 0.18331226706504822 6117
1751006234596 0.1680280715227127 6118
1751006235975 0.16998443007469177 6119
1751006237318 0.19944164156913757 6120
1751006238715 0.16924028098583221 6121
1751006240090 0.13802611827850342 6122
1751006241478 0.19640935957431793 6123
1751006242868 0.16959917545318604 6124
1751006244244 0.19449365139007568 6125
1751006245631 0.19727924466133118 6126
1751006247013 0.18463565409183502 6127
1751006248383 0.14702892303466797 6128
1751006249811 0.1657341569662094 6129
1751006251194 0.18379096686840057 6130
1751006252579 0.1604153960943222 6131
1751006253980 0.17976593971252441 6132
1751006255378 0.2291574478149414 6133
1751006256772 0.1658264398574829 6134
1751006258163 0.21760208904743195 6135
1751006259547 0.17681536078453064 6136
1751006261248 0.18636061251163483 6137
1751006262663 0.1698046624660492 6138
1751006263974 0.43578532338142395 6139
1751006265332 0.1752943992614746 6140
1751006266695 0.1414785087108612 6141
1751006268112 0.18746496737003326 6142
1751006269483 0.2153375893831253 6143
1751006270882 0.1452019214630127 6144
1751006272242 0.1922437846660614 6145
1751006273622 0.1472168266773224 6146
1751006275008 0.1688089817762375 6147
1751006276370 0.15673227608203888 6148
1751006277734 0.15741288661956787 6149
1751006279143 0.2086896300315857 6150
1751006280563 0.17071384191513062 6151
1751006281963 0.1726137399673462 6152
1751006283357 0.15220774710178375 6153
1751006284743 0.1660028100013733 6154
1751006286078 0.31388741731643677 6155
1751006287434 0.1862170547246933 6156
1751006288815 0.16945981979370117 6157
1751006290176 0.1722928285598755 6158
1751006291689 0.3170554041862488 6159
1751006293068 0.16596733033657074 6160
