1750145747355 0.5117468237876892 1
1750145873471 0.45245134830474854 2
1750145874799 0.5109884738922119 3
1750145876131 0.49026548862457275 4
1750145877448 0.4243854880332947 5
1750145878742 0.3166673481464386 6
1750145880076 0.6774395108222961 7
1750145881378 0.33992430567741394 8
1750145882718 0.36643335223197937 9
1750145884026 0.40593767166137695 10
1750145885392 0.413133442401886 11
1750145886693 0.27051490545272827 12
1750145888015 0.3221988379955292 13
1750145889352 0.36931437253952026 14
1750145890619 0.3542121648788452 15
1750145891928 0.42973119020462036 16
1750145893233 0.33111870288848877 17
1750145894575 0.37997013330459595 18
1750145895889 0.3086036443710327 19
1750145897221 0.3065091669559479 20
1750145898535 0.29441729187965393 21
1750145899871 0.3157268464565277 22
1750145901175 0.3488253355026245 23
1750145902483 0.5051084160804749 24
1750145903817 0.4043503403663635 25
1750145905126 0.3238978087902069 26
1750145906383 0.3011683225631714 27
1750145907719 0.3249712586402893 28
1750145909045 0.43969374895095825 29
1750145910393 0.404940664768219 30
1750145911705 0.29105475544929504 31
1750145913037 0.47647562623023987 32
1750145914355 0.36593112349510193 33
1750145915695 0.3103708326816559 34
1750145917058 0.3197106719017029 35
1750145918410 0.3344430923461914 36
1750145919742 0.32784348726272583 37
1750145921049 0.4030451774597168 38
1750145922362 0.46915555000305176 39
1750145923688 0.428356409072876 40
1750145925079 0.31490710377693176 41
1750145926412 0.4472278356552124 42
1750145927728 0.30341851711273193 43
1750145928995 0.4158937931060791 44
1750145930322 0.2755795419216156 45
1750145931622 0.3898819088935852 46
1750145932912 0.31676632165908813 47
1750145934233 0.273703008890152 48
1750145935540 0.4044632315635681 49
1750145936847 0.35563936829566956 50
1750145938154 0.399280846118927 51
1750145939501 0.2897392213344574 52
1750145940892 0.2908172607421875 53
1750145942236 0.33784517645835876 54
1750145943556 0.344728946685791 55
1750145944908 0.3199835419654846 56
1750145946257 0.337252676486969 57
1750145947598 0.37473002076148987 58
1750145948915 0.3606207072734833 59
1750145950236 0.3511200547218323 60
1750145951606 0.39124149084091187 61
1750145952931 0.3151271343231201 62
1750145954259 0.30944880843162537 63
1750145955582 0.3747462034225464 64
1750145956962 0.32112425565719604 65
1750145958273 0.2823549509048462 66
1750145959662 0.3667590618133545 67
1750145960959 0.4038628041744232 68
1750145962264 0.3606777787208557 69
1750145963569 0.3593481779098511 70
1750145964876 0.4279903173446655 71
1750145966183 0.342648446559906 72
1750145967494 0.2965255379676819 73
1750145968805 0.32506629824638367 74
1750145970108 0.2817394733428955 75
1750145971417 0.337922066450119 76
1750145972730 0.29244548082351685 77
1750145974027 0.3792456388473511 78
1750145975277 0.4142192006111145 79
1750145976582 0.2946067154407501 80
1750145977892 0.33981427550315857 81
1750145979197 0.30668872594833374 82
1750145980502 0.2434409260749817 83
1750145981838 0.286479115486145 84
1750145983174 0.4234866201877594 85
1750145984486 0.30721575021743774 86
1750145985802 0.21160589158535004 87
1750145987101 0.3904443681240082 88
1750145988421 0.25625693798065186 89
1750145989697 0.29355114698410034 90
1750145991025 0.27292943000793457 91
1750145992335 0.25713443756103516 92
1750145993655 0.40283674001693726 93
1750145994963 0.3160165548324585 94
1750145996310 0.2701577842235565 95
1750145997534 0.35566890239715576 96
1750145998840 0.30368900299072266 97
1750146000159 0.27187198400497437 98
1750146001469 0.3649403750896454 99
1750146002767 0.3527587652206421 100
1750146004076 0.3049924969673157 101
1750146005396 0.2924036383628845 102
1750146006730 0.35947510600090027 103
1750146008031 0.37878650426864624 104
1750146009348 0.3033270835876465 105
1750146010649 0.3122211992740631 106
1750146011976 0.31623518466949463 107
1750146013282 0.24760445952415466 108
1750146014622 0.4396767318248749 109
1750146015931 0.3873457908630371 110
1750146017235 0.3459766209125519 111
1750146018544 0.32116445899009705 112
1750146019854 0.2651190459728241 113
1750146021185 0.3891075849533081 114
1750146022522 0.23873993754386902 115
1750146023840 0.4035376310348511 116
1750146025143 0.2909526228904724 117
1750146026461 0.2958843410015106 118
1750146027684 0.3701496720314026 119
1750146029002 0.2510306239128113 120
1750146030310 0.25520750880241394 121
1750146031597 0.298236221075058 122
1750146032941 0.35400229692459106 123
1750146034274 0.3629554510116577 124
1750146035624 0.40837544202804565 125
1750146036866 0.3208828270435333 126
1750146038187 0.34896400570869446 127
1750146039498 0.2877265214920044 128
1750146040817 0.3160178065299988 129
1750146042204 0.30031704902648926 130
1750146043531 0.29424411058425903 131
1750146044851 0.37061917781829834 132
1750146046181 0.28437095880508423 133
1750146047491 0.32006144523620605 134
1750146048805 0.24886400997638702 135
1750146050129 0.32641202211380005 136
1750146051454 0.2728395462036133 137
1750146052776 0.3201964795589447 138
1750146054042 0.39334189891815186 139
1750146055364 0.30806422233581543 140
1750146056708 0.40199482440948486 141
1750146058057 0.3077344298362732 142
1750146059356 0.3243412673473358 143
1750146060668 0.35530179738998413 144
1750146061980 0.34190690517425537 145
1750146063367 0.24645820260047913 146
1750146064669 0.31006044149398804 147
1750146066002 0.26223212480545044 148
1750146067306 0.3573506772518158 149
1750146068665 0.31533652544021606 150
1750146069944 0.31788331270217896 151
1750146071251 0.3420970141887665 152
1750146072568 0.3337794542312622 153
1750146073901 0.268892765045166 154
1750146075169 0.33909016847610474 155
1750146076474 0.27138227224349976 156
1750146077843 0.3249770998954773 157
1750146079152 0.3076212704181671 158
1750146080488 0.33221906423568726 159
1750146081804 0.2803945243358612 160
1750146083114 0.33746111392974854 161
1750146084414 0.32548871636390686 162
1750146085761 0.30178871750831604 163
1750146087063 0.3218056857585907 164
1750146088389 0.31264498829841614 165
1750146089724 0.33350181579589844 166
1750146091103 0.30318230390548706 167
1750146092441 0.3041704297065735 168
1750146093760 0.2954646944999695 169
1750146095105 0.18669667840003967 170
1750146096498 0.3548041582107544 171
1750146097816 0.35108432173728943 172
1750146099182 0.37207478284835815 173
1750146100492 0.2482588291168213 174
1750146101888 0.32440099120140076 175
1750146103201 0.35660725831985474 176
1750146104594 0.3237370252609253 177
1750146105964 0.31416434049606323 178
1750146107290 0.3087528347969055 179
1750146108528 0.4973375201225281 180
1750146109842 0.28468161821365356 181
1750146111161 0.4356624484062195 182
1750146112453 0.36465150117874146 183
1750146113755 0.33113789558410645 184
1750146115111 0.38490408658981323 185
1750146116422 0.2988136410713196 186
1750146117740 0.3753979504108429 187
1750146119066 0.4204786419868469 188
1750146120401 0.2659260034561157 189
1750146121780 0.29772746562957764 190
1750146123128 0.32382720708847046 191
1750146124475 0.27391523122787476 192
1750146125781 0.29689326882362366 193
1750146127100 0.25829899311065674 194
1750146128475 0.32119274139404297 195
1750146129781 0.33094102144241333 196
1750146131083 0.32509130239486694 197
1750146132410 0.3325950503349304 198
1750146133778 0.26508015394210815 199
1750146135088 0.32727527618408203 200
1750146136435 0.29143014550209045 201
1750146137729 0.3400396406650543 202
1750146139043 0.26495829224586487 203
1750146140384 0.3202425241470337 204
1750146141702 0.283003568649292 205
1750146143001 0.2877199053764343 206
1750146144313 0.27200403809547424 207
1750146145617 0.2969014346599579 208
1750146146943 0.374426007270813 209
1750146148257 0.287614107131958 210
1750146149512 0.42407530546188354 211
1750146150819 0.3076356053352356 212
1750146152134 0.273307204246521 213
1750146153845 0.2199293076992035 214
1750146155218 0.3754611015319824 215
1750146156540 0.33645206689834595 216
1750146157861 0.2978099286556244 217
1750146159247 0.26048392057418823 218
1750146160557 0.22385355830192566 219
1750146161894 0.2493835985660553 220
1750146163197 0.26888322830200195 221
1750146164539 0.3560912013053894 222
1750146165930 0.3498716950416565 223
1750146167217 0.4170762300491333 224
1750146168557 0.2990577220916748 225
1750146169871 0.2720469832420349 226
1750146171204 0.3389115333557129 227
1750146172533 0.30683696269989014 228
1750146173862 0.25132185220718384 229
1750146175228 0.27272501587867737 230
1750146176521 0.29516881704330444 231
1750146177864 0.2899912893772125 232
1750146179183 0.32298383116722107 233
1750146180494 0.2810955345630646 234
1750146181785 0.29080528020858765 235
1750146183093 0.2810647487640381 236
1750146184403 0.3199768364429474 237
1750146185702 0.33946526050567627 238
1750146187010 0.33993732929229736 239
1750146188321 0.3273417353630066 240
1750146189607 0.32987362146377563 241
1750146190902 0.28819161653518677 242
1750146192198 0.27513474225997925 243
1750146193502 0.30941689014434814 244
1750146194807 0.2981758117675781 245
1750146196100 0.27842071652412415 246
1750146197419 0.2962166666984558 247
1750146198745 0.2680814266204834 248
1750146199969 0.41973963379859924 249
1750146201319 0.2467339038848877 250
1750146202641 0.35116294026374817 251
1750146203942 0.31160351634025574 252
1750146205324 0.3227975070476532 253
1750146206616 0.3055769205093384 254
1750146207936 0.31170499324798584 255
1750146209236 0.38401514291763306 256
1750146210560 0.29544293880462646 257
1750146211842 0.2927590608596802 258
1750146213137 0.3214181661605835 259
1750146214428 0.3191501498222351 260
1750146215751 0.3387097716331482 261
1750146217102 0.2931554317474365 262
1750146218405 0.3163774609565735 263
1750146219720 0.24675226211547852 264
1750146221053 0.2831236720085144 265
1750146222371 0.2603183388710022 266
1750146223696 0.2683025002479553 267
1750146225001 0.3193206787109375 268
1750146226363 0.37258487939834595 269
1750146227744 0.255915105342865 270
1750146229045 0.2932048738002777 271
1750146230358 0.31516143679618835 272
1750146231591 0.3648642897605896 273
1750146232877 0.28876692056655884 274
1750146234222 0.23528353869915009 275
1750146235519 0.356767475605011 276
1750146236842 0.3932945728302002 277
1750146238145 0.3551180064678192 278
1750146239473 0.25033584237098694 279
1750146240771 0.3028823733329773 280
1750146242075 0.29278501868247986 281
1750146243381 0.3546307682991028 282
1750146244699 0.37472161650657654 283
1750146245997 0.3110964894294739 284
1750146247291 0.25947150588035583 285
1750146248588 0.3134179413318634 286
1750146249971 0.29492664337158203 287
1750146251290 0.31132298707962036 288
1750146252602 0.3296411633491516 289
1750146253933 0.22751455008983612 290
1750146255290 0.22446084022521973 291
1750146256595 0.2838324010372162 292
1750146257973 0.23643764853477478 293
1750146259279 0.21481716632843018 294
1750146260611 0.2723205089569092 295
1750146261921 0.24448396265506744 296
1750146263252 0.22620484232902527 297
1750146264631 0.3512815237045288 298
1750146265926 0.2535664141178131 299
1750146267236 0.2781691551208496 300
1750146268543 0.3405952453613281 301
1750146269853 0.28563570976257324 302
1750146271182 0.32345107197761536 303
1750146272480 0.32807475328445435 304
1750146273779 0.2514932155609131 305
1750146275113 0.23564976453781128 306
1750146276413 0.3242623209953308 307
1750146277705 0.2503993511199951 308
1750146279042 0.31914955377578735 309
1750146280339 0.28665220737457275 310
1750146281649 0.2826650142669678 311
1750146282969 0.20528435707092285 312
1750146284250 0.2665700316429138 313
1750146285554 0.24945956468582153 314
1750146286858 0.25361233949661255 315
1750146288159 0.3618992865085602 316
1750146289381 0.30604398250579834 317
1750146290663 0.44992244243621826 318
1750146291975 0.2657391428947449 319
1750146293301 0.24357923865318298 320
1750146294679 0.2988796830177307 321
1750146295999 0.28809747099876404 322
1750146297305 0.27931445837020874 323
1750146298632 0.280494749546051 324
1750146299936 0.27893921732902527 325
1750146301240 0.2764461040496826 326
1750146302548 0.2510793209075928 327
1750146303876 0.28902435302734375 328
1750146305241 0.3316956162452698 329
1750146306599 0.2970852255821228 330
1750146307952 0.3494376838207245 331
1750146309305 0.27744388580322266 332
1750146310632 0.33558034896850586 333
1750146311939 0.38134241104125977 334
1750146313177 0.3497624099254608 335
1750146314486 0.32985827326774597 336
1750146315858 0.23075678944587708 337
1750146317172 0.27019965648651123 338
1750146318437 0.23968029022216797 339
1750146319670 0.46560126543045044 340
1750146321050 0.23967216908931732 341
1750146322340 0.29438796639442444 342
1750146323725 0.24001091718673706 343
1750146325031 0.3035586476325989 344
1750146326341 0.286521315574646 345
1750146327705 0.23374724388122559 346
1750146328997 0.2588769495487213 347
1750146330216 0.37423813343048096 348
1750146331523 0.2687165141105652 349
1750146332833 0.30348703265190125 350
1750146334135 0.33204638957977295 351
1750146335442 0.3871425688266754 352
1750146336757 0.2966090142726898 353
1750146338067 0.2898922264575958 354
1750146339396 0.3261173963546753 355
1750146340699 0.31338346004486084 356
1750146342014 0.27041399478912354 357
1750146343367 0.28828415274620056 358
1750146344678 0.36193323135375977 359
1750146345999 0.3119325041770935 360
1750146347299 0.32568275928497314 361
1750146348630 0.2631155252456665 362
1750146349925 0.28388088941574097 363
1750146351212 0.2877468764781952 364
1750146352523 0.32910600304603577 365
1750146353767 0.46521347761154175 366
1750146355175 0.2953464090824127 367
1750146356478 0.3075346350669861 368
1750146357785 0.34722235798835754 369
1750146359104 0.31922680139541626 370
1750146360416 0.27004575729370117 371
1750146361728 0.2774089574813843 372
1750146363048 0.3178427815437317 373
1750146364350 0.27420979738235474 374
1750146365650 0.23386672139167786 375
1750146366990 0.2631230652332306 376
1750146368333 0.2922472357749939 377
1750146369623 0.3201453685760498 378
1750146370846 0.4207382798194885 379
1750146372155 0.30196189880371094 380
1750146373472 0.28911712765693665 381
1750146374780 0.28919196128845215 382
1750146376077 0.3186013698577881 383
1750146377379 0.2078704535961151 384
1750146378685 0.28213346004486084 385
1750146379989 0.25156551599502563 386
1750146381362 0.28492099046707153 387
1750146382661 0.36874276399612427 388
1750146383978 0.29318034648895264 389
1750146385314 0.3218453526496887 390
1750146386631 0.31451573967933655 391
1750146387932 0.3260713815689087 392
1750146389338 0.3173213601112366 393
1750146390652 0.26181760430336 394
1750146391953 0.3293684422969818 395
1750146393257 0.2953118681907654 396
1750146394553 0.35200420022010803 397
1750146395850 0.2938913106918335 398
1750146397173 0.2927343249320984 399
1750146398468 0.3438674807548523 400
1750146399714 0.4285109043121338 401
1750146401031 0.36639484763145447 402
1750146402341 0.25770795345306396 403
1750146403654 0.29751449823379517 404
1750146404962 0.22836461663246155 405
1750146406207 0.38703107833862305 406
1750146407506 0.31224483251571655 407
1750146408826 0.3351380228996277 408
1750146410145 0.26775193214416504 409
1750146411454 0.29479658603668213 410
1750146412781 0.34085512161254883 411
1750146414071 0.16280564665794373 412
1750146415408 0.2835240960121155 413
1750146416706 0.2869143784046173 414
1750146418051 0.2803484797477722 415
1750146419357 0.33370018005371094 416
1750146420669 0.27015170454978943 417
1750146421992 0.3591125011444092 418
1750146423308 0.25229698419570923 419
1750146424597 0.3095794916152954 420
1750146425931 0.24123775959014893 421
1750146427287 0.3225068151950836 422
1750146428598 0.25638067722320557 423
1750146429935 0.28489115834236145 424
1750146431270 0.36259034276008606 425
1750146432578 0.2613644003868103 426
1750146433931 0.26232457160949707 427
1750146435270 0.30808213353157043 428
1750146436504 0.3426995277404785 429
1750146437802 0.28800636529922485 430
1750146439107 0.27072399854660034 431
1750146440415 0.34819453954696655 432
1750146441718 0.21759912371635437 433
1750146443030 0.280519962310791 434
1750146444302 0.29547926783561707 435
1750146445606 0.3010570704936981 436
1750146446989 0.2779443860054016 437
1750146448313 0.3241504430770874 438
1750146449607 0.32569414377212524 439
1750146450915 0.280270516872406 440
1750146452216 0.33809831738471985 441
1750146453505 0.41812220215797424 442
1750146454807 0.2871648073196411 443
1750146456121 0.3022877871990204 444
1750146457417 0.3355308175086975 445
1750146458755 0.30930209159851074 446
1750146460097 0.3005567491054535 447
1750146461408 0.2581396698951721 448
1750146462752 0.3303302526473999 449
1750146464082 0.2986260950565338 450
1750146465384 0.29298487305641174 451
1750146466685 0.20800286531448364 452
1750146467992 0.23296591639518738 453
1750146469296 0.30081707239151 454
1750146470683 0.29539090394973755 455
1750146471989 0.25081127882003784 456
1750146473283 0.28278690576553345 457
1750146474579 0.30619388818740845 458
1750146475897 0.27491503953933716 459
1750146477223 0.27290087938308716 460
1750146478526 0.2433515191078186 461
1750146479828 0.2680901885032654 462
1750146481143 0.36954379081726074 463
1750146482437 0.3061869740486145 464
1750146483748 0.30099570751190186 465
1750146485060 0.24271626770496368 466
1750146486397 0.23071321845054626 467
1750146487712 0.3164067268371582 468
1750146489096 0.2267686128616333 469
1750146490394 0.2742459177970886 470
1750146491711 0.26678138971328735 471
1750146493014 0.27563661336898804 472
1750146494326 0.3000161945819855 473
1750146495652 0.27689260244369507 474
1750146496964 0.27672964334487915 475
1750146498273 0.2358311414718628 476
1750146499591 0.2722562551498413 477
1750146500912 0.31702953577041626 478
1750146502220 0.29599282145500183 479
1750146503515 0.2542370557785034 480
1750146504746 0.36592432856559753 481
1750146506050 0.2540823519229889 482
1750146507379 0.2407713085412979 483
1750146508603 0.3133312463760376 484
1750146509923 0.3018497824668884 485
1750146511232 0.23775628209114075 486
1750146512589 0.30058562755584717 487
1750146513893 0.24255871772766113 488
1750146515197 0.2935967743396759 489
1750146516541 0.22751593589782715 490
1750146517772 0.263761043548584 491
1750146519083 0.3219318389892578 492
1750146520395 0.3434976637363434 493
1750146521759 0.254710853099823 494
1750146523074 0.3157975375652313 495
1750146524376 0.2787321209907532 496
1750146525694 0.32106006145477295 497
1750146527005 0.2940806448459625 498
1750146528322 0.2714764177799225 499
1750146529608 0.2585477828979492 500
1750146530923 0.24178950488567352 501
1750146532257 0.32410120964050293 502
1750146533584 0.28458207845687866 503
1750146534901 0.2610408663749695 504
1750146536118 0.2389739453792572 505
1750146537440 0.2645276188850403 506
1750146538771 0.295725017786026 507
1750146540099 0.3101189136505127 508
1750146541430 0.29320231080055237 509
1750146542723 0.3041759431362152 510
1750146544024 0.2756957709789276 511
1750146545366 0.24537348747253418 512
1750146546691 0.29246270656585693 513
1750146547916 0.328468382358551 514
1750146549242 0.22301921248435974 515
1750146550639 0.26960140466690063 516
1750146551955 0.21330136060714722 517
1750146553270 0.26293110847473145 518
1750146554613 0.2630884647369385 519
1750146555927 0.29451021552085876 520
1750146557281 0.28608012199401855 521
1750146558605 0.258297324180603 522
1750146559930 0.2468658685684204 523
1750146561238 0.27302926778793335 524
1750146562532 0.2664839029312134 525
1750146563937 0.2606799006462097 526
1750146565234 0.29067954421043396 527
1750146566547 0.32881468534469604 528
1750146567830 0.31026309728622437 529
1750146569128 0.23516343533992767 530
1750146570466 0.2066955417394638 531
1750146571997 0.2755766212940216 532
1750146573355 0.33303654193878174 533
1750146574601 0.4850214421749115 534
1750146575913 0.2966318726539612 535
1750146577218 0.26993781328201294 536
1750146578520 0.27579766511917114 537
1750146579830 0.22751390933990479 538
1750146581160 0.2518126964569092 539
1750146582503 0.21487800776958466 540
1750146583863 0.21111992001533508 541
1750146585174 0.290926992893219 542
1750146586473 0.26401638984680176 543
1750146587765 0.2690364122390747 544
1750146589097 0.2533690333366394 545
1750146590467 0.298025518655777 546
1750146591804 0.25486212968826294 547
1750146593117 0.2922927737236023 548
1750146594449 0.27807557582855225 549
1750146595747 0.27557551860809326 550
1750146597056 0.295364648103714 551
1750146598411 0.3077944815158844 552
1750146599712 0.256327360868454 553
1750146601018 0.2639220356941223 554
1750146602351 0.27151310443878174 555
1750146603586 0.3804190754890442 556
1750146604906 0.3283138871192932 557
1750146606209 0.2849601209163666 558
1750146607509 0.26598310470581055 559
1750146608805 0.2502394914627075 560
1750146610169 0.23532900214195251 561
1750146611580 0.3232118487358093 562
1750146612887 0.2540720999240875 563
1750146614192 0.2929823398590088 564
1750146615504 0.23982299864292145 565
1750146616805 0.23742133378982544 566
1750146618098 0.2780747711658478 567
1750146619333 0.4858153462409973 568
1750146620644 0.26384779810905457 569
1750146621964 0.25279396772384644 570
1750146623268 0.27954429388046265 571
1750146624580 0.28956931829452515 572
1750146625891 0.23980051279067993 573
1750146627234 0.2439841330051422 574
1750146628614 0.1986616998910904 575
1750146629921 0.2563246488571167 576
1750146631263 0.24378693103790283 577
1750146632578 0.24831177294254303 578
1750146633880 0.23484671115875244 579
1750146635243 0.2721567153930664 580
1750146636590 0.28965291380882263 581
1750146637929 0.26501592993736267 582
1750146639250 0.18046995997428894 583
1750146640487 0.2431226372718811 584
1750146641818 0.2791052460670471 585
1750146643061 0.27213889360427856 586
1750146644309 0.3544207215309143 587
1750146645573 0.3498777747154236 588
1750146646877 0.23576074838638306 589
1750146648197 0.22793251276016235 590
1750146649518 0.2947287857532501 591
1750146650817 0.24122029542922974 592
1750146652067 0.30882513523101807 593
1750146653381 0.21561843156814575 594
1750146654714 0.2568591237068176 595
1750146656017 0.21990789473056793 596
1750146657336 0.2799833416938782 597
1750146658743 0.25198209285736084 598
1750146660058 0.2447449266910553 599
1750146661363 0.29188913106918335 600
1750146662662 0.3337925374507904 601
1750146663976 0.25712984800338745 602
1750146665202 0.2802598774433136 603
1750146666516 0.34251487255096436 604
1750146667827 0.2733740508556366 605
1750146669155 0.26163822412490845 606
1750146670451 0.25992685556411743 607
1750146671760 0.24328400194644928 608
1750146673082 0.25534844398498535 609
1750146674334 0.39190101623535156 610
1750146675647 0.27225998044013977 611
1750146676971 0.3173060119152069 612
1750146678307 0.19525371491909027 613
1750146679602 0.2937680780887604 614
1750146680919 0.2518453299999237 615
1750146682253 0.2613697052001953 616
1750146683496 0.27333003282546997 617
1750146684808 0.26848575472831726 618
1750146686033 0.25873634219169617 619
1750146687342 0.26339200139045715 620
1750146688647 0.25471046566963196 621
1750146689995 0.2917270064353943 622
1750146691342 0.27499282360076904 623
1750146692659 0.2606637477874756 624
1750146694006 0.23626716434955597 625
1750146695383 0.2502536177635193 626
1750146696681 0.22883449494838715 627
1750146697985 0.2552754878997803 628
1750146699320 0.22224846482276917 629
1750146700664 0.24556255340576172 630
1750146701994 0.23620042204856873 631
1750146703302 0.2585122883319855 632
1750146704533 0.2806665897369385 633
1750146705833 0.2932984530925751 634
1750146707170 0.2735658884048462 635
1750146708467 0.262565940618515 636
1750146709788 0.2533695697784424 637
1750146711165 0.32701385021209717 638
1750146712475 0.23595955967903137 639
1750146713826 0.26711505651474 640
1750146715145 0.2900671362876892 641
1750146716456 0.2542916238307953 642
1750146717759 0.3395068645477295 643
1750146719089 0.22221443057060242 644
1750146720393 0.2517865002155304 645
1750146721708 0.23052209615707397 646
1750146723031 0.3056865930557251 647
1750146724378 0.22218510508537292 648
1750146725762 0.2626837193965912 649
1750146727075 0.2526897192001343 650
1750146728417 0.30367299914360046 651
1750146729734 0.22350439429283142 652
1750146731051 0.24519072473049164 653
1750146732393 0.266127347946167 654
1750146733742 0.1978258192539215 655
1750146735042 0.23206523060798645 656
1750146736355 0.2711170017719269 657
1750146737667 0.23942852020263672 658
1750146738983 0.22739744186401367 659
1750146740318 0.259310245513916 660
1750146741621 0.2583182454109192 661
1750146742982 0.2557171881198883 662
1750146744296 0.24431779980659485 663
1750146745638 0.29219478368759155 664
1750146746999 0.23610714077949524 665
1750146748293 0.2530606985092163 666
1750146749606 0.26180094480514526 667
1750146750916 0.2403472661972046 668
1750146752244 0.2923685312271118 669
1750146753563 0.2830825448036194 670
1750146754869 0.27952495217323303 671
1750146756179 0.27950018644332886 672
1750146757412 0.3370850682258606 673
1750146758732 0.24063217639923096 674
1750146760050 0.2418549358844757 675
1750146761349 0.2546583414077759 676
1750146762647 0.2854001522064209 677
1750146763954 0.28383517265319824 678
1750146765192 0.34660619497299194 679
1750146766496 0.2932412028312683 680
1750146767805 0.2273770570755005 681
1750146769163 0.2145288735628128 682
1750146770502 0.24327734112739563 683
1750146771795 0.26301777362823486 684
1750146773104 0.24682828783988953 685
1750146774398 0.23636385798454285 686
1750146775716 0.2195751667022705 687
1750146777030 0.28603464365005493 688
1750146778370 0.26828956604003906 689
1750146779678 0.1907147318124771 690
1750146781023 0.24665188789367676 691
1750146782349 0.25813770294189453 692
1750146783648 0.2523640990257263 693
1750146784893 0.31047433614730835 694
1750146786254 0.25284358859062195 695
1750146787557 0.18231195211410522 696
1750146788961 0.2630676031112671 697
1750146790321 0.252408891916275 698
1750146791622 0.27381590008735657 699
1750146792865 0.3726104199886322 700
1750146794149 0.21831540763378143 701
1750146795525 0.19376260042190552 702
1750146796848 0.23164741694927216 703
1750146798144 0.25755685567855835 704
1750146799481 0.24054041504859924 705
1750146800793 0.26638004183769226 706
1750146802130 0.28611862659454346 707
1750146803456 0.29303985834121704 708
1750146804804 0.2730448842048645 709
1750146806118 0.23336784541606903 710
1750146807507 0.24625848233699799 711
1750146808827 0.22883911430835724 712
1750146810154 0.2360387146472931 713
1750146811511 0.2598029673099518 714
1750146812819 0.27380552887916565 715
1750146814145 0.24379771947860718 716
1750146815464 0.2815319299697876 717
1750146816757 0.2670988142490387 718
1750146818171 0.22483447194099426 719
1750146819468 0.26537492871284485 720
1750146820738 0.2844906151294708 721
1750146822055 0.2404251992702484 722
1750146823403 0.26378798484802246 723
1750146824700 0.2223953902721405 724
1750146826015 0.2729518711566925 725
1750146827317 0.24625346064567566 726
1750146828625 0.2857667803764343 727
1750146829925 0.2297649383544922 728
1750146831220 0.22188185155391693 729
1750146832515 0.2484186440706253 730
1750146833829 0.23689402639865875 731
1750146835137 0.20357970893383026 732
1750146836435 0.21799954771995544 733
1750146837781 0.28652095794677734 734
1750146839001 0.3442193567752838 735
1750146840293 0.24611669778823853 736
1750146841600 0.24257466197013855 737
1750146842846 0.29698920249938965 738
1750146844173 0.24874013662338257 739
1750146845485 0.26312851905822754 740
1750146846797 0.24214842915534973 741
1750146848111 0.23532657325267792 742
1750146849425 0.2744578719139099 743
1750146850723 0.27077871561050415 744
1750146852041 0.25468236207962036 745
1750146853364 0.234514981508255 746
1750146854677 0.24798397719860077 747
1750146855986 0.23135146498680115 748
1750146857284 0.230235755443573 749
1750146858596 0.286295622587204 750
1750146859901 0.24624629318714142 751
1750146861214 0.22485771775245667 752
1750146862523 0.15528558194637299 753
1750146863816 0.23303955793380737 754
1750146865123 0.2515745460987091 755
1750146866440 0.2562144994735718 756
1750146867746 0.27861008048057556 757
1750146869061 0.23856399953365326 758
1750146870363 0.23956984281539917 759
1750146871667 0.25586843490600586 760
1750146872980 0.2635306715965271 761
1750146874281 0.306165486574173 762
1750146875573 0.2233031690120697 763
1750146876903 0.26137155294418335 764
1750146878239 0.28153252601623535 765
1750146879583 0.2622474133968353 766
1750146880865 0.2817581295967102 767
1750146882190 0.23087704181671143 768
1750146883503 0.2218659222126007 769
1750146884832 0.3097783625125885 770
1750146886157 0.2144850492477417 771
1750146887409 0.2604496479034424 772
1750146888770 0.26082131266593933 773
1750146890065 0.25337180495262146 774
1750146891371 0.22040121257305145 775
1750146892669 0.27429068088531494 776
1750146893987 0.24902121722698212 777
1750146895297 0.2783155143260956 778
1750146896587 0.25764283537864685 779
1750146897904 0.2339649647474289 780
1750146899204 0.203133225440979 781
1750146900506 0.2426912635564804 782
1750146901820 0.2705917954444885 783
1750146903126 0.26714956760406494 784
1750146904493 0.26823490858078003 785
1750146905815 0.24843572080135345 786
1750146907051 0.21436035633087158 787
1750146908365 0.2472764551639557 788
1750146909583 0.2609840929508209 789
1750146910894 0.20855560898780823 790
1750146912230 0.20656543970108032 791
1750146913543 0.2452007234096527 792
1750146914862 0.2517302334308624 793
1750146916167 0.2313874065876007 794
1750146917485 0.2515002191066742 795
1750146918835 0.24737036228179932 796
1750146920188 0.23934762179851532 797
1750146921520 0.19033432006835938 798
1750146922851 0.2619786262512207 799
1750146924193 0.217288076877594 800
1750146925522 0.23730666935443878 801
1750146926843 0.2097717970609665 802
1750146928083 0.34808242321014404 803
1750146929386 0.28540775179862976 804
1750146930756 0.2526385188102722 805
1750146932074 0.2495754063129425 806
1750146933395 0.24748285114765167 807
1750146934689 0.2412658929824829 808
1750146935988 0.2737279534339905 809
1750146937303 0.25022345781326294 810
1750146938631 0.24862723052501678 811
1750146939962 0.2514919936656952 812
1750146941200 0.26972243189811707 813
1750146942514 0.2243700921535492 814
1750146943855 0.2544711232185364 815
1750146945170 0.24198639392852783 816
1750146946483 0.22439005970954895 817
1750146947813 0.20311787724494934 818
1750146949152 0.2635997235774994 819
1750146950462 0.2685905694961548 820
1750146951859 0.24628739058971405 821
1750146953210 0.27587926387786865 822
1750146954513 0.2737877368927002 823
1750146955835 0.2535911500453949 824
1750146957129 0.2207631766796112 825
1750146958419 0.22407767176628113 826
1750146959888 0.30074942111968994 827
1750146961187 0.24744805693626404 828
1750146962545 0.2686266005039215 829
1750146963834 0.2573702037334442 830
1750146965211 0.23769475519657135 831
1750146966548 0.18260349333286285 832
1750146967883 0.22330263257026672 833
1750146969218 0.23593741655349731 834
1750146970520 0.23386237025260925 835
1750146971816 0.2715577483177185 836
1750146973067 0.26123547554016113 837
1750146974373 0.2589848041534424 838
1750146975686 0.2704981863498688 839
1750146976990 0.2647610902786255 840
1750146978346 0.22685831785202026 841
1750146979673 0.26577427983283997 842
1750146980990 0.2158619463443756 843
1750146982216 0.2707937955856323 844
1750146983494 0.35458576679229736 845
1750146984889 0.2664286494255066 846
1750146986185 0.22086304426193237 847
1750146987545 0.24786832928657532 848
1750146988856 0.1916726678609848 849
1750146990176 0.22464364767074585 850
1750146991432 0.2553696036338806 851
1750146992741 0.2510122060775757 852
1750146994046 0.23312680423259735 853
1750146995352 0.23550984263420105 854
1750146996682 0.2472262680530548 855
1750146997994 0.19818639755249023 856
1750146999320 0.2360420525074005 857
1750147000619 0.2282121479511261 858
1750147001974 0.2394668459892273 859
1750147003281 0.23326893150806427 860
1750147004629 0.23541732132434845 861
1750147005969 0.25466299057006836 862
1750147007231 0.25191110372543335 863
1750147008537 0.24032989144325256 864
1750147009847 0.27239352464675903 865
1750147011173 0.242738276720047 866
1750147012490 0.22716492414474487 867
1750147013797 0.25972145795822144 868
1750147015108 0.2783038020133972 869
1750147016420 0.2490336000919342 870
1750147017748 0.22311367094516754 871
1750147019042 0.22771002352237701 872
1750147020349 0.18448981642723083 873
1750147021666 0.28702908754348755 874
1750147023057 0.22456158697605133 875
1750147024278 0.2845538854598999 876
1750147025621 0.2091583013534546 877
1750147026960 0.2747434675693512 878
1750147028270 0.22815647721290588 879
1750147029550 0.2411426454782486 880
1750147030853 0.25620129704475403 881
1750147032161 0.23491591215133667 882
1750147033513 0.21854142844676971 883
1750147034826 0.24154774844646454 884
1750147036144 0.1705171763896942 885
1750147037455 0.26507997512817383 886
1750147038754 0.2581956684589386 887
1750147040049 0.2578132152557373 888
1750147041358 0.2510729432106018 889
1750147042749 0.20472365617752075 890
1750147044112 0.2742134630680084 891
1750147045421 0.2541254162788391 892
1750147046731 0.21453756093978882 893
1750147048033 0.22895294427871704 894
1750147049308 0.4017316699028015 895
1750147050617 0.22915658354759216 896
1750147051914 0.2700185179710388 897
1750147053201 0.21295633912086487 898
1750147054522 0.22090718150138855 899
1750147055819 0.26379257440567017 900
1750147057176 0.24948658049106598 901
1750147058486 0.26406538486480713 902
1750147059828 0.21785706281661987 903
1750147061124 0.26608383655548096 904
1750147062435 0.28933849930763245 905
1750147063735 0.2546197175979614 906
1750147065120 0.2675635814666748 907
1750147066418 0.2599506974220276 908
1750147067730 0.25703978538513184 909
1750147069038 0.23557625710964203 910
1750147070309 0.36469629406929016 911
1750147071638 0.20779773592948914 912
1750147072966 0.22132527828216553 913
1750147074195 0.39167100191116333 914
1750147075521 0.2543482780456543 915
1750147076829 0.25038713216781616 916
1750147078146 0.24135035276412964 917
1750147079551 0.23595352470874786 918
1750147080875 0.21991446614265442 919
1750147082198 0.2051871418952942 920
1750147083502 0.23751918971538544 921
1750147084736 0.3413376808166504 922
1750147086057 0.30640867352485657 923
1750147087417 0.20075973868370056 924
1750147088755 0.25620561838150024 925
1750147090049 0.21835742890834808 926
1750147091269 0.25589632987976074 927
1750147092601 0.2373666614294052 928
1750147093927 0.23612254858016968 929
1750147095255 0.2490060031414032 930
1750147096556 0.21098527312278748 931
1750147097863 0.247231125831604 932
1750147099166 0.24179226160049438 933
1750147100465 0.28367412090301514 934
1750147101829 0.23603911697864532 935
1750147103129 0.27248919010162354 936
1750147104434 0.22363349795341492 937
1750147105798 0.2011464238166809 938
1750147107112 0.24437040090560913 939
1750147108405 0.22521966695785522 940
1750147109781 0.25604352355003357 941
1750147111084 0.24413850903511047 942
1750147112402 0.20070575177669525 943
1750147113721 0.25983622670173645 944
1750147115095 0.2519291937351227 945
1750147116422 0.25068235397338867 946
1750147117815 0.24470043182373047 947
1750147119131 0.20440183579921722 948
1750147120454 0.18522489070892334 949
1750147121697 0.32893720269203186 950
1750147123028 0.2354975938796997 951
1750147124379 0.23713478446006775 952
1750147125688 0.2306130975484848 953
1750147127027 0.23658162355422974 954
1750147128330 0.26172080636024475 955
1750147129644 0.21484515070915222 956
1750147130943 0.24875611066818237 957
1750147132240 0.2334267646074295 958
1750147133540 0.27596187591552734 959
1750147134843 0.24536839127540588 960
1750147136141 0.20584484934806824 961
1750147137460 0.2644428610801697 962
1750147138777 0.25250309705734253 963
1750147140068 0.2940932512283325 964
1750147141374 0.23647165298461914 965
1750147142713 0.24111881852149963 966
1750147144049 0.23840011656284332 967
1750147145275 0.39493563771247864 968
1750147146586 0.23998960852622986 969
1750147147950 0.1913849413394928 970
1750147149256 0.2576119899749756 971
1750147150550 0.24803730845451355 972
1750147151903 0.23875372111797333 973
1750147153212 0.21589349210262299 974
1750147154513 0.226267009973526 975
1750147155816 0.24638307094573975 976
1750147157135 0.26880931854248047 977
1750147158497 0.2544347047805786 978
1750147159815 0.20611998438835144 979
1750147161032 0.3008546531200409 980
1750147162333 0.2053435742855072 981
1750147163638 0.24382281303405762 982
1750147165069 0.24742648005485535 983
1750147166382 0.24753253161907196 984
1750147167672 0.256489098072052 985
1750147168978 0.19263224303722382 986
1750147170303 0.2051113098859787 987
1750147171553 0.41311115026474 988
1750147172872 0.22249916195869446 989
1750147174189 0.24986308813095093 990
1750147175492 0.2554333508014679 991
1750147176792 0.2268359661102295 992
1750147178115 0.24198314547538757 993
1750147179448 0.22053813934326172 994
1750147180786 0.30116021633148193 995
1750147182079 0.2009008824825287 996
1750147183408 0.23570553958415985 997
1750147184703 0.24306036531925201 998
1750147186077 0.28136053681373596 999
1750147187371 0.17390522360801697 1000
1750147263476 0.2494523525238037 1001
1750147316821 0.24297791719436646 1002
1750147318154 0.23287184536457062 1003
1750147319477 0.21880239248275757 1004
1750147320785 0.2396613210439682 1005
1750147322090 0.2693384289741516 1006
1750147323395 0.19008323550224304 1007
1750147324714 0.26123881340026855 1008
1750147326017 0.24634931981563568 1009
1750147327337 0.20496349036693573 1010
1750147328558 0.3671983778476715 1011
1750147329852 0.22813135385513306 1012
1750147331148 0.23251500725746155 1013
1750147332451 0.25367704033851624 1014
1750147333831 0.23008787631988525 1015
1750147335136 0.22777050733566284 1016
1750147336447 0.23084694147109985 1017
1750147337811 0.21443718671798706 1018
1750147339113 0.2036871314048767 1019
1750147340416 0.22493359446525574 1020
1750147341730 0.2689591348171234 1021
1750147343038 0.2466610223054886 1022
1750147344324 0.23679062724113464 1023
1750147345646 0.25198620557785034 1024
1750147346954 0.2554176449775696 1025
1750147348306 0.22651907801628113 1026
1750147349624 0.22258076071739197 1027
1750147350885 0.3137185573577881 1028
1750147352176 0.2151126116514206 1029
1750147353529 0.24605292081832886 1030
1750147354832 0.2533968985080719 1031
1750147356143 0.2466099113225937 1032
1750147357530 0.2558674216270447 1033
1750147358869 0.2499607652425766 1034
1750147360168 0.22290465235710144 1035
1750147361498 0.2396852970123291 1036
1750147362814 0.22874213755130768 1037
1750147364125 0.24442455172538757 1038
1750147365434 0.25246280431747437 1039
1750147366730 0.22530999779701233 1040
1750147368044 0.2486083209514618 1041
1750147369344 0.22368526458740234 1042
1750147370758 0.24501284956932068 1043
1750147372057 0.23261220753192902 1044
1750147373349 0.2615937888622284 1045
1750147374659 0.2683258354663849 1046
1750147376007 0.24564163386821747 1047
1750147377231 0.34811678528785706 1048
1750147378617 0.23537251353263855 1049
1750147379956 0.17845436930656433 1050
1750147381335 0.25007110834121704 1051
1750147382643 0.1951543241739273 1052
1750147383910 0.27572017908096313 1053
1750147385212 0.23017561435699463 1054
1750147386554 0.2586090862751007 1055
1750147387913 0.22448408603668213 1056
1750147389220 0.2329271286725998 1057
1750147390561 0.20615717768669128 1058
1750147391907 0.21683305501937866 1059
1750147393211 0.18204987049102783 1060
1750147394578 0.1984216868877411 1061
1750147395881 0.2903439998626709 1062
1750147397209 0.24637478590011597 1063
1750147398491 0.234592467546463 1064
1750147399876 0.2667299509048462 1065
1750147401107 0.252920925617218 1066
1750147402416 0.2515881657600403 1067
1750147403715 0.2570561170578003 1068
1750147405306 0.19733066856861115 1069
1750147406621 0.2436801791191101 1070
1750147407915 0.25174468755722046 1071
1750147409241 0.24262933433055878 1072
1750147410537 0.24948176741600037 1073
1750147411928 0.21783873438835144 1074
1750147413233 0.2030353844165802 1075
1750147414540 0.24745486676692963 1076
1750147415854 0.2351410984992981 1077
1750147417170 0.24500076472759247 1078
1750147418554 0.2435513138771057 1079
1750147419862 0.22938023507595062 1080
1750147421186 0.2363840937614441 1081
1750147422482 0.23482702672481537 1082
1750147423791 0.2113783359527588 1083
1750147425094 0.2711796760559082 1084
1750147426407 0.2590787708759308 1085
1750147427706 0.2564407289028168 1086
1750147429012 0.23550286889076233 1087
1750147430316 0.19568337500095367 1088
1750147431607 0.21969076991081238 1089
1750147432943 0.1856411099433899 1090
1750147434263 0.1940975934267044 1091
1750147435497 0.2344372421503067 1092
1750147436806 0.1929989904165268 1093
1750147438091 0.21688704192638397 1094
1750147439393 0.2611256539821625 1095
1750147440692 0.23866915702819824 1096
1750147442002 0.21090054512023926 1097
1750147443299 0.23718342185020447 1098
1750147444584 0.25122010707855225 1099
1750147445891 0.21883270144462585 1100
1750147447193 0.21264074742794037 1101
1750147448580 0.22323134541511536 1102
1750147449889 0.2377864420413971 1103
1750147451127 0.35888323187828064 1104
1750147452457 0.22796502709388733 1105
1750147453762 0.24059338867664337 1106
1750147455078 0.2143402099609375 1107
1750147456378 0.2566918134689331 1108
1750147457706 0.2171517014503479 1109
1750147459051 0.23431740701198578 1110
1750147460369 0.2475772202014923 1111
1750147461665 0.2736368775367737 1112
1750147462971 0.2402842938899994 1113
1750147464314 0.2557072937488556 1114
1750147465642 0.2574009299278259 1115
1750147466895 0.29326891899108887 1116
1750147468172 0.3694484531879425 1117
1750147469487 0.20502890646457672 1118
1750147470786 0.18963471055030823 1119
1750147472086 0.21682745218276978 1120
1750147473385 0.2245006412267685 1121
1750147474619 0.27304571866989136 1122
1750147475935 0.20880703628063202 1123
1750147477248 0.25669530034065247 1124
1750147478499 0.38318347930908203 1125
1750147479817 0.22589410841464996 1126
1750147481064 0.3177013099193573 1127
1750147482387 0.19417256116867065 1128
1750147483704 0.22081159055233002 1129
1750147485039 0.20906727015972137 1130
1750147486365 0.20037098228931427 1131
1750147487663 0.20089924335479736 1132
1750147488964 0.21756792068481445 1133
1750147490253 0.21941110491752625 1134
1750147491594 0.23788204789161682 1135
1750147492909 0.2125423103570938 1136
1750147494218 0.23292192816734314 1137
1750147495544 0.2503666877746582 1138
1750147496860 0.18943604826927185 1139
1750147498164 0.22597669064998627 1140
1750147499472 0.2269691377878189 1141
1750147500814 0.20750541985034943 1142
1750147502062 0.26855701208114624 1143
1750147503364 0.2412777543067932 1144
1750147504596 0.23605643212795258 1145
1750147505945 0.23803026974201202 1146
1750147507306 0.18332955241203308 1147
1750147508647 0.22728696465492249 1148
1750147509960 0.21005819737911224 1149
1750147511268 0.2214827537536621 1150
1750147512609 0.2133045792579651 1151
1750147513916 0.217071071267128 1152
1750147515214 0.23910899460315704 1153
1750147516450 0.3275495171546936 1154
1750147517753 0.22109608352184296 1155
1750147519065 0.22196587920188904 1156
1750147520428 0.24359895288944244 1157
1750147521732 0.23931549489498138 1158
1750147523044 0.23805533349514008 1159
1750147524354 0.22278831899166107 1160
1750147525687 0.25141027569770813 1161
1750147526994 0.24860753118991852 1162
1750147528315 0.20412948727607727 1163
1750147529544 0.2951723337173462 1164
1750147530866 0.2557206451892853 1165
1750147532151 0.24103517830371857 1166
1750147533495 0.23654720187187195 1167
1750147534799 0.2523629665374756 1168
1750147536113 0.22661173343658447 1169
1750147537447 0.22124657034873962 1170
1750147538756 0.25043582916259766 1171
1750147540062 0.20429281890392303 1172
1750147541361 0.21058997511863708 1173
1750147542658 0.22000518441200256 1174
1750147543969 0.19583067297935486 1175
1750147545265 0.20878010988235474 1176
1750147546574 0.28745540976524353 1177
1750147547885 0.23837247490882874 1178
1750147549200 0.20993560552597046 1179
1750147550511 0.24126052856445312 1180
1750147551816 0.2322147935628891 1181
1750147553120 0.23437675833702087 1182
1750147554472 0.2283099889755249 1183
1750147555824 0.2316104769706726 1184
1750147557128 0.23728105425834656 1185
1750147558438 0.23678770661354065 1186
1750147559705 0.41212189197540283 1187
1750147561018 0.20904424786567688 1188
1750147562344 0.22285932302474976 1189
1750147563666 0.20720908045768738 1190
1750147564978 0.25337010622024536 1191
1750147566288 0.26762163639068604 1192
1750147567591 0.22211113572120667 1193
1750147568897 0.22386932373046875 1194
1750147570234 0.240122988820076 1195
1750147571584 0.2663136124610901 1196
1750147572891 0.2605264186859131 1197
1750147574193 0.25226297974586487 1198
1750147575540 0.21688216924667358 1199
1750147576858 0.20802825689315796 1200
1750147578173 0.2412680685520172 1201
1750147579487 0.21497659385204315 1202
1750147580805 0.2061784416437149 1203
1750147582100 0.22449932992458344 1204
1750147583417 0.1917087435722351 1205
1750147584721 0.21939191222190857 1206
1750147586022 0.2016083002090454 1207
1750147587317 0.2491239607334137 1208
1750147588617 0.20870321989059448 1209
1750147589947 0.24288636445999146 1210
1750147591258 0.2177666574716568 1211
1750147592554 0.21640357375144958 1212
1750147593792 0.27623486518859863 1213
1750147595087 0.2330108880996704 1214
1750147596430 0.19148364663124084 1215
1750147597740 0.23266801238059998 1216
1750147599048 0.24163398146629333 1217
1750147600358 0.20412421226501465 1218
1750147601672 0.23212601244449615 1219
1750147602969 0.20362618565559387 1220
1750147604268 0.19983428716659546 1221
1750147605567 0.25450459122657776 1222
1750147606860 0.22605054080486298 1223
1750147608169 0.21567583084106445 1224
1750147609465 0.2475525140762329 1225
1750147610706 0.30786406993865967 1226
1750147611994 0.20792855322360992 1227
1750147613299 0.18656976521015167 1228
1750147614602 0.16761434078216553 1229
1750147615931 0.23127701878547668 1230
1750147617201 0.2864793539047241 1231
1750147618505 0.21629533171653748 1232
1750147619808 0.2528400421142578 1233
1750147621132 0.2108873873949051 1234
1750147622451 0.2259102165699005 1235
1750147623833 0.2578142285346985 1236
1750147625182 0.23391713201999664 1237
1750147626555 0.24651572108268738 1238
1750147627867 0.22359389066696167 1239
1750147629163 0.26981449127197266 1240
1750147630495 0.19119347631931305 1241
1750147631756 0.3401283323764801 1242
1750147633159 0.23533895611763 1243
1750147634464 0.19375132024288177 1244
1750147635753 0.25186797976493835 1245
1750147636988 0.326793909072876 1246
1750147638281 0.2388763427734375 1247
1750147639575 0.24214866757392883 1248
1750147640888 0.192127525806427 1249
1750147642188 0.23639585077762604 1250
1750147643528 0.2341729998588562 1251
1750147644846 0.21378850936889648 1252
1750147646153 0.17670166492462158 1253
1750147647398 0.29606467485427856 1254
1750147648747 0.27577850222587585 1255
1750147650068 0.2181917279958725 1256
1750147651376 0.18235784769058228 1257
1750147652707 0.2513597011566162 1258
1750147654014 0.2442355453968048 1259
1750147655314 0.23363441228866577 1260
1750147656614 0.21754422783851624 1261
1750147657957 0.22941315174102783 1262
1750147659221 0.28500545024871826 1263
1750147660532 0.22113627195358276 1264
1750147662058 0.2139311134815216 1265
1750147663392 0.22603502869606018 1266
1750147664690 0.23056289553642273 1267
1750147666000 0.22438006103038788 1268
1750147667258 0.39557844400405884 1269
1750147668565 0.26219630241394043 1270
1750147669872 0.266410768032074 1271
1750147671170 0.2674536406993866 1272
1750147672486 0.2471304088830948 1273
1750147673803 0.2308669537305832 1274
1750147675141 0.20179682970046997 1275
1750147676441 0.24268978834152222 1276
1750147677832 0.200679212808609 1277
1750147679154 0.2429894208908081 1278
1750147680558 0.2528661787509918 1279
1750147681888 0.1976623684167862 1280
1750147683193 0.21452674269676208 1281
1750147684418 0.38195371627807617 1282
1750147685787 0.16877569258213043 1283
1750147687097 0.18976256251335144 1284
1750147688420 0.2294648289680481 1285
1750147689645 0.3529857397079468 1286
1750147690947 0.23076820373535156 1287
1750147692245 0.1972004920244217 1288
1750147693548 0.26105719804763794 1289
1750147694848 0.20758213102817535 1290
1750147696140 0.25185340642929077 1291
1750147697447 0.25142139196395874 1292
1750147698750 0.23378190398216248 1293
1750147700060 0.22100988030433655 1294
1750147701355 0.25204572081565857 1295
1750147702717 0.2573375105857849 1296
1750147704047 0.20317944884300232 1297
1750147705338 0.20899105072021484 1298
1750147706657 0.2372189611196518 1299
1750147707950 0.18071481585502625 1300
1750147709258 0.24014803767204285 1301
1750147710610 0.22318434715270996 1302
1750147711919 0.22630532085895538 1303
1750147713215 0.23424480855464935 1304
1750147714563 0.20699286460876465 1305
1750147715872 0.2274145483970642 1306
1750147717192 0.20331977307796478 1307
1750147718491 0.2811492681503296 1308
1750147719809 0.22353778779506683 1309
1750147721127 0.2102193534374237 1310
1750147722455 0.23983383178710938 1311
1750147723758 0.231708824634552 1312
1750147724997 0.31278225779533386 1313
1750147726311 0.2779366970062256 1314
1750147727615 0.2051188349723816 1315
1750147728905 0.2472173124551773 1316
1750147730218 0.2126825749874115 1317
1750147731543 0.21796594560146332 1318
1750147732874 0.21796345710754395 1319
1750147734211 0.2092994600534439 1320
1750147735514 0.22332674264907837 1321
1750147736873 0.1960025131702423 1322
1750147738166 0.2538302540779114 1323
1750147739453 0.22300583124160767 1324
1750147740768 0.23950223624706268 1325
1750147742020 0.29488426446914673 1326
1750147743335 0.2339421808719635 1327
1750147744649 0.2242383062839508 1328
1750147745947 0.23917506635189056 1329
1750147747245 0.22070884704589844 1330
1750147748567 0.2091778963804245 1331
1750147749874 0.26814335584640503 1332
1750147751191 0.2306423932313919 1333
1750147752509 0.2051423192024231 1334
1750147753864 0.2014535367488861 1335
1750147755184 0.2628988027572632 1336
1750147756504 0.21537572145462036 1337
1750147757797 0.2221854329109192 1338
1750147759117 0.24467433989048004 1339
1750147760428 0.20605310797691345 1340
1750147761726 0.24441766738891602 1341
1750147763057 0.2468479573726654 1342
1750147764388 0.2576637864112854 1343
1750147765695 0.1987742781639099 1344
1750147766931 0.3120249807834625 1345
1750147768279 0.2520679235458374 1346
1750147769574 0.22360742092132568 1347
1750147770799 0.23013539612293243 1348
1750147772158 0.2507416307926178 1349
1750147773393 0.32100042700767517 1350
1750147774706 0.17497606575489044 1351
1750147775938 0.25504815578460693 1352
1750147777252 0.20533442497253418 1353
1750147778537 0.2154836654663086 1354
1750147779866 0.21027496457099915 1355
1750147781176 0.20431998372077942 1356
1750147782493 0.21475915610790253 1357
1750147783791 0.23169225454330444 1358
1750147785095 0.2084304392337799 1359
1750147786393 0.23975712060928345 1360
1750147787689 0.20266380906105042 1361
1750147789015 0.2025100290775299 1362
1750147790317 0.21723085641860962 1363
1750147791594 0.27962541580200195 1364
1750147792903 0.22579354047775269 1365
1750147794218 0.22590482234954834 1366
1750147795552 0.23554834723472595 1367
1750147796772 0.3326709270477295 1368
1750147798090 0.24228709936141968 1369
1750147799393 0.2384204864501953 1370
1750147800723 0.19984373450279236 1371
1750147802036 0.1987723410129547 1372
1750147803339 0.22778670489788055 1373
1750147804565 0.3302793800830841 1374
1750147805945 0.2170092761516571 1375
1750147807244 0.2658386826515198 1376
1750147808530 0.35550713539123535 1377
1750147809830 0.2138443887233734 1378
1750147811130 0.2274705469608307 1379
1750147812456 0.23438528180122375 1380
1750147813772 0.21144898235797882 1381
1750147815098 0.19607526063919067 1382
1750147816397 0.20658734440803528 1383
1750147817699 0.17079266905784607 1384
1750147819062 0.2978407144546509 1385
1750147820389 0.19912800192832947 1386
1750147821709 0.19713401794433594 1387
1750147823036 0.20565810799598694 1388
1750147824336 0.21426427364349365 1389
1750147825598 0.26722997426986694 1390
1750147826951 0.22352278232574463 1391
1750147828285 0.25411421060562134 1392
1750147829618 0.23104926943778992 1393
1750147830930 0.25680971145629883 1394
1750147832253 0.23881250619888306 1395
1750147833558 0.21117103099822998 1396
1750147834866 0.339058518409729 1397
1750147836173 0.22965756058692932 1398
1750147837475 0.23092816770076752 1399
1750147838769 0.22665712237358093 1400
1750147840116 0.22062814235687256 1401
1750147841414 0.23051738739013672 1402
1750147842709 0.27426111698150635 1403
1750147844030 0.23215901851654053 1404
1750147845346 0.24736076593399048 1405
1750147846678 0.2237640917301178 1406
1750147848069 0.2604202628135681 1407
1750147849367 0.21713057160377502 1408
1750147850741 0.22044537961483002 1409
1750147852096 0.23004144430160522 1410
1750147853408 0.22759228944778442 1411
1750147854716 0.17937281727790833 1412
1750147856052 0.21885555982589722 1413
1750147857356 0.2136811912059784 1414
1750147858689 0.23522426187992096 1415
1750147859997 0.2049976885318756 1416
1750147861311 0.18228207528591156 1417
1750147862674 0.22292882204055786 1418
1750147864045 0.22105643153190613 1419
1750147865349 0.22342142462730408 1420
1750147866654 0.23609480261802673 1421
1750147868002 0.25505462288856506 1422
1750147869300 0.21699373424053192 1423
1750147870597 0.22924134135246277 1424
1750147871932 0.25477689504623413 1425
1750147873325 0.24632947146892548 1426
1750147874645 0.21721160411834717 1427
1750147875937 0.2533684968948364 1428
1750147877309 0.24351385235786438 1429
1750147878674 0.17493844032287598 1430
1750147879972 0.22610661387443542 1431
1750147881271 0.2183682769536972 1432
1750147882569 0.173197403550148 1433
1750147883873 0.20898818969726562 1434
1750147885222 0.23142673075199127 1435
1750147886534 0.2005290687084198 1436
1750147887912 0.23683246970176697 1437
1750147889228 0.2102867215871811 1438
1750147890649 0.20824968814849854 1439
1750147891876 0.28091517090797424 1440
1750147893244 0.18565264344215393 1441
1750147894556 0.23025435209274292 1442
1750147895858 0.2237280160188675 1443
1750147897161 0.2327515184879303 1444
1750147898474 0.17274366319179535 1445
1750147899772 0.20768597722053528 1446
1750147901108 0.2132205367088318 1447
1750147902397 0.2102460414171219 1448
1750147903718 0.19311931729316711 1449
1750147905025 0.15873345732688904 1450
1750147906341 0.23823785781860352 1451
1750147907661 0.24851852655410767 1452
1750147908972 0.18757754564285278 1453
1750147910283 0.18441057205200195 1454
1750147911604 0.170343279838562 1455
1750147912899 0.20075681805610657 1456
1750147914124 0.3223502039909363 1457
1750147915459 0.1959884911775589 1458
1750147916827 0.233397975564003 1459
1750147918124 0.2262658178806305 1460
1750147919504 0.19517874717712402 1461
1750147920836 0.20877468585968018 1462
1750147922133 0.26210203766822815 1463
1750147923448 0.14302025735378265 1464
1750147924778 0.2110907882452011 1465
1750147926110 0.24029193818569183 1466
1750147927488 0.20991572737693787 1467
1750147928782 0.23896661400794983 1468
1750147930157 0.20504701137542725 1469
1750147931462 0.2121160924434662 1470
1750147932985 0.24412518739700317 1471
1750147934299 0.22750744223594666 1472
1750147935612 0.23691052198410034 1473
1750147936942 0.18826836347579956 1474
1750147938258 0.21153712272644043 1475
1750147939549 0.26273176074028015 1476
1750147940779 0.3461342751979828 1477
1750147942096 0.2253645658493042 1478
1750147943409 0.21553750336170197 1479
1750147944713 0.2430829107761383 1480
1750147946054 0.18543466925621033 1481
1750147947355 0.24246513843536377 1482
1750147948663 0.24805280566215515 1483
1750147949970 0.22758494317531586 1484
1750147951280 0.2482774555683136 1485
1750147952587 0.2113504260778427 1486
1750147953912 0.2145949900150299 1487
1750147955212 0.22401836514472961 1488
1750147956509 0.24326862394809723 1489
1750147957801 0.2127775400876999 1490
1750147959051 0.3664379119873047 1491
1750147960354 0.22662582993507385 1492
1750147961665 0.23999705910682678 1493
1750147962971 0.17215317487716675 1494
1750147964188 0.3247191905975342 1495
1750147965468 0.22617438435554504 1496
1750147966779 0.19691962003707886 1497
1750147968086 0.2229059934616089 1498
1750147969411 0.19272971153259277 1499
1750147970666 0.33774518966674805 1500
1750147971966 0.19974398612976074 1501
1750147973279 0.23335207998752594 1502
1750147974569 0.23038089275360107 1503
1750147975866 0.2234223186969757 1504
1750147977191 0.25362643599510193 1505
1750147978550 0.23456056416034698 1506
1750147979884 0.2101394087076187 1507
1750147981100 0.4007101058959961 1508
1750147982332 0.2927381694316864 1509
1750147983661 0.20723213255405426 1510
1750147984969 0.21792447566986084 1511
1750147986282 0.23000040650367737 1512
1750147987587 0.27280354499816895 1513
1750147988933 0.3757316470146179 1514
1750147990317 0.2455071061849594 1515
1750147991609 0.13297812640666962 1516
1750147993049 0.19600671529769897 1517
1750147994373 0.23850679397583008 1518
1750147995736 0.22498823702335358 1519
1750147997028 0.2297368198633194 1520
1750147998364 0.198645681142807 1521
1750147999682 0.20865291357040405 1522
1750148001000 0.20012253522872925 1523
1750148002293 0.19077786803245544 1524
1750148003593 0.23740710318088531 1525
1750148004962 0.2050057351589203 1526
1750148006267 0.2091798484325409 1527
1750148007570 0.2301783561706543 1528
1750148008872 0.216999813914299 1529
1750148010100 0.33609485626220703 1530
1750148011408 0.22353029251098633 1531
1750148012705 0.21520888805389404 1532
1750148014004 0.1992410272359848 1533
1750148015304 0.2215290367603302 1534
1750148016638 0.1847417652606964 1535
1750148017943 0.23816125094890594 1536
1750148019254 0.24415366351604462 1537
1750148020612 0.2235836684703827 1538
1750148021996 0.17738160490989685 1539
1750148023318 0.17292307317256927 1540
1750148024555 0.3162012994289398 1541
1750148025780 0.26641446352005005 1542
1750148026997 0.28825926780700684 1543
1750148028313 0.2264152467250824 1544
1750148029622 0.21518079936504364 1545
1750148030848 0.26467055082321167 1546
1750148032142 0.23017965257167816 1547
1750148033484 0.22935086488723755 1548
1750148034881 0.1884080469608307 1549
1750148036131 0.32046937942504883 1550
1750148037441 0.24247349798679352 1551
1750148038739 0.19945764541625977 1552
1750148039977 0.39163991808891296 1553
1750148041287 0.22573041915893555 1554
1750148042634 0.1935432255268097 1555
1750148043975 0.22648049890995026 1556
1750148045281 0.2195785641670227 1557
1750148046607 0.2198738157749176 1558
1750148047916 0.20651891827583313 1559
1750148049244 0.21570909023284912 1560
1750148050569 0.18533937633037567 1561
1750148051906 0.22094058990478516 1562
1750148053206 0.16192379593849182 1563
1750148054503 0.22373828291893005 1564
1750148055805 0.21306288242340088 1565
1750148057135 0.20910581946372986 1566
1750148058549 0.1978716403245926 1567
1750148059919 0.1804136037826538 1568
1750148061225 0.20574739575386047 1569
1750148062529 0.22147145867347717 1570
1750148063877 0.1912018358707428 1571
1750148065183 0.2158348560333252 1572
1750148066497 0.21567216515541077 1573
1750148067798 0.21919694542884827 1574
1750148069118 0.2057236135005951 1575
1750148070346 0.2587220072746277 1576
1750148071653 0.21633675694465637 1577
1750148072881 0.4379918575286865 1578
1750148074186 0.18462029099464417 1579
1750148075491 0.20085027813911438 1580
1750148076850 0.1335747241973877 1581
1750148078158 0.1749570369720459 1582
1750148079589 0.20322316884994507 1583
1750148081043 0.21361058950424194 1584
1750148082402 0.2651757001876831 1585
1750148083707 0.20025014877319336 1586
1750148084935 0.25791412591934204 1587
1750148086189 0.4002414643764496 1588
1750148087486 0.22560922801494598 1589
1750148088786 0.18312448263168335 1590
1750148090134 0.21368670463562012 1591
1750148091468 0.179772287607193 1592
1750148092745 0.3967885673046112 1593
1750148094005 0.30101773142814636 1594
1750148095344 0.2386568784713745 1595
1750148096633 0.23808106780052185 1596
1750148097923 0.2138451188802719 1597
1750148099234 0.22513961791992188 1598
1750148100532 0.3648971915245056 1599
1750148101822 0.23277071118354797 1600
1750148103109 0.2198852300643921 1601
1750148104425 0.20136119425296783 1602
1750148105720 0.2001214325428009 1603
1750148107016 0.18876120448112488 1604
1750148108321 0.22320681810379028 1605
1750148109628 0.19774673879146576 1606
1750148110942 0.19141130149364471 1607
1750148112252 0.19250249862670898 1608
1750148113563 0.20388931035995483 1609
1750148114869 0.19901934266090393 1610
1750148116236 0.308041512966156 1611
1750148117542 0.20827120542526245 1612
1750148118907 0.18807998299598694 1613
1750148120205 0.1794041246175766 1614
1750148121560 0.1942468285560608 1615
1750148122886 0.30007272958755493 1616
1750148124207 0.1862848401069641 1617
1750148125522 0.21195992827415466 1618
1750148127047 0.19226397573947906 1619
1750148128352 0.19748598337173462 1620
1750148129649 0.1992214471101761 1621
1750148130952 0.18430906534194946 1622
1750148132304 0.20052510499954224 1623
1750148133613 0.24620191752910614 1624
1750148134924 0.20004045963287354 1625
1750148136278 0.19865474104881287 1626
1750148137606 0.20804455876350403 1627
1750148138907 0.20717579126358032 1628
1750148140226 0.20583128929138184 1629
1750148141538 0.22848540544509888 1630
1750148142841 0.19996875524520874 1631
1750148144176 0.22477048635482788 1632
1750148145499 0.18926337361335754 1633
1750148146834 0.21979743242263794 1634
1750148148136 0.20834627747535706 1635
1750148149452 0.18740522861480713 1636
1750148150690 0.41405946016311646 1637
1750148151999 0.18112286925315857 1638
1750148153297 0.19042377173900604 1639
1750148154643 0.22133049368858337 1640
1750148155969 0.1934695839881897 1641
1750148157345 0.18147118389606476 1642
1750148158683 0.2117394506931305 1643
1750148159987 0.2064713090658188 1644
1750148161291 0.2655940055847168 1645
1750148162601 0.2103111743927002 1646
1750148163909 0.24609607458114624 1647
1750148165231 0.20479683578014374 1648
1750148166609 0.19607429206371307 1649
1750148168006 0.2096206247806549 1650
1750148169341 0.21435600519180298 1651
1750148170576 0.302131325006485 1652
1750148171877 0.20886091887950897 1653
1750148173212 0.21682307124137878 1654
1750148174546 0.25447195768356323 1655
1750148175913 0.20980742573738098 1656
1750148177237 0.22019948065280914 1657
1750148178557 0.2111697494983673 1658
1750148179861 0.2091246098279953 1659
1750148181164 0.22899901866912842 1660
1750148182480 0.22205933928489685 1661
1750148183872 0.20618002116680145 1662
1750148185185 0.2321079671382904 1663
1750148186488 0.17460161447525024 1664
1750148187803 0.23070502281188965 1665
1750148189149 0.21559375524520874 1666
1750148190521 0.20459645986557007 1667
1750148191857 0.21509875357151031 1668
1750148193190 0.19145004451274872 1669
1750148194498 0.21776829659938812 1670
1750148195821 0.20605188608169556 1671
1750148197127 0.2020837366580963 1672
1750148198439 0.22244039177894592 1673
1750148199740 0.22744515538215637 1674
1750148201087 0.1950807273387909 1675
1750148202385 0.20189377665519714 1676
1750148203691 0.24759434163570404 1677
1750148205018 0.21251311898231506 1678
1750148206327 0.19335944950580597 1679
1750148207635 0.21528777480125427 1680
1750148208958 0.16767443716526031 1681
1750148210274 0.2484220266342163 1682
1750148211586 0.2312345802783966 1683
1750148212905 0.22035032510757446 1684
1750148214285 0.25038254261016846 1685
1750148215625 0.20110014081001282 1686
1750148216948 0.20764949917793274 1687
1750148218269 0.22155240178108215 1688
1750148219497 0.29137328267097473 1689
1750148220756 0.29760873317718506 1690
1750148222066 0.20095115900039673 1691
1750148223384 0.23122982680797577 1692
1750148224689 0.19332283735275269 1693
1750148225991 0.17401722073554993 1694
1750148227302 0.21882665157318115 1695
1750148228624 0.19833290576934814 1696
1750148229926 0.19104671478271484 1697
1750148231305 0.19319581985473633 1698
1750148232614 0.20737546682357788 1699
1750148233912 0.2324666827917099 1700
1750148235215 0.26421457529067993 1701
1750148236522 0.2469595968723297 1702
1750148237880 0.22427552938461304 1703
1750148239180 0.184940367937088 1704
1750148240516 0.17482979595661163 1705
1750148241939 0.1869107335805893 1706
1750148243324 0.20464682579040527 1707
1750148244585 0.3268797695636749 1708
1750148245949 0.19502565264701843 1709
1750148247308 0.21149691939353943 1710
1750148248644 0.1966158151626587 1711
1750148249957 0.1918610781431198 1712
1750148251271 0.22389154136180878 1713
1750148252505 0.3798099756240845 1714
1750148253839 0.16598045825958252 1715
1750148255144 0.22380682826042175 1716
1750148256508 0.20651616156101227 1717
1750148257803 0.20687425136566162 1718
1750148259096 0.17896577715873718 1719
1750148260390 0.17252816259860992 1720
1750148261684 0.2293451577425003 1721
1750148263046 0.2067766785621643 1722
1750148264343 0.17218081653118134 1723
1750148265671 0.237380251288414 1724
1750148266992 0.20607984066009521 1725
1750148268316 0.23007166385650635 1726
1750148269634 0.2071102112531662 1727
1750148270939 0.20355477929115295 1728
1750148272269 0.22380179166793823 1729
1750148273674 0.2194681316614151 1730
1750148275001 0.21193619072437286 1731
1750148276287 0.3901520371437073 1732
1750148277607 0.21213588118553162 1733
1750148278910 0.20156066119670868 1734
1750148280238 0.21296438574790955 1735
1750148281536 0.21389099955558777 1736
1750148282847 0.20486295223236084 1737
1750148284173 0.20159129798412323 1738
1750148285519 0.21266569197177887 1739
1750148286821 0.18281468749046326 1740
1750148288143 0.16530302166938782 1741
1750148289445 0.24145010113716125 1742
1750148290802 0.19201995432376862 1743
1750148292119 0.17108450829982758 1744
1750148293467 0.19799210131168365 1745
1750148294802 0.22271975874900818 1746
1750148296182 0.22311243414878845 1747
1750148297499 0.21269264817237854 1748
1750148298809 0.22296307981014252 1749
1750148300207 0.1832897961139679 1750
1750148301510 0.19341808557510376 1751
1750148302822 0.19703197479248047 1752
1750148304131 0.21145211160182953 1753
1750148305403 0.2771254777908325 1754
1750148306868 0.29748284816741943 1755
1750148308179 0.1557377278804779 1756
1750148309550 0.20899224281311035 1757
1750148310848 0.2462608814239502 1758
1750148312205 0.2232648730278015 1759
1750148313506 0.2139696478843689 1760
1750148314827 0.19948643445968628 1761
1750148316136 0.200461283326149 1762
1750148317456 0.20019511878490448 1763
1750148318756 0.2169986367225647 1764
1750148320067 0.18944257497787476 1765
1750148321404 0.21756315231323242 1766
1750148322715 0.23040863871574402 1767
1750148324010 0.22235709428787231 1768
1750148325320 0.1989961862564087 1769
1750148326662 0.2138875126838684 1770
1750148327982 0.20122934877872467 1771
1750148329289 0.20412322878837585 1772
1750148330635 0.18988922238349915 1773
1750148331943 0.21831941604614258 1774
1750148333264 0.19557547569274902 1775
1750148334579 0.21174412965774536 1776
1750148335915 0.22662071883678436 1777
1750148337261 0.20384474098682404 1778
1750148338568 0.19431713223457336 1779
1750148339882 0.18062609434127808 1780
1750148341245 0.23260711133480072 1781
1750148342561 0.20490051805973053 1782
1750148343930 0.21055388450622559 1783
1750148345231 0.18835367262363434 1784
1750148346553 0.19568109512329102 1785
1750148347861 0.19838663935661316 1786
1750148349152 0.18750065565109253 1787
1750148350380 0.39549684524536133 1788
1750148351687 0.19946877658367157 1789
1750148353029 0.2366645485162735 1790
1750148354350 0.21261480450630188 1791
1750148355649 0.21196140348911285 1792
1750148356943 0.19243386387825012 1793
1750148358231 0.2255168855190277 1794
1750148359451 0.2450258433818817 1795
1750148360760 0.20071257650852203 1796
1750148362069 0.19227305054664612 1797
1750148363374 0.19755126535892487 1798
1750148364687 0.20736974477767944 1799
1750148366459 0.2021523416042328 1800
1750148370888 0.19036825001239777 1801
1750148372229 0.20536747574806213 1802
1750148373626 0.21765613555908203 1803
1750148374873 0.2937646806240082 1804
1750148376180 0.23530679941177368 1805
1750148377518 0.18131281435489655 1806
1750148378825 0.23553691804409027 1807
1750148380131 0.1722513735294342 1808
1750148381432 0.161574125289917 1809
1750148382649 0.3165884017944336 1810
1750148383959 0.2311907857656479 1811
1750148385277 0.1970394104719162 1812
1750148386583 0.2125280499458313 1813
1750148387823 0.4623429775238037 1814
1750148389123 0.1744515746831894 1815
1750148390428 0.19991835951805115 1816
1750148391663 0.3766857385635376 1817
1750148392993 0.20058032870292664 1818
1750148394313 0.18915003538131714 1819
1750148395613 0.19896575808525085 1820
1750148396908 0.20170021057128906 1821
1750148398231 0.20662327110767365 1822
1750148399524 0.22149866819381714 1823
1750148400862 0.23309534788131714 1824
1750148402173 0.21308371424674988 1825
1750148403527 0.17350822687149048 1826
1750148404853 0.23954612016677856 1827
1750148406184 0.17068111896514893 1828
1750148407497 0.2275269627571106 1829
1750148408804 0.18034899234771729 1830
1750148410129 0.20870478451251984 1831
1750148411515 0.21407368779182434 1832
1750148412890 0.208123117685318 1833
1750148414195 0.22432607412338257 1834
1750148415561 0.1991499364376068 1835
1750148416849 0.3323836028575897 1836
1750148418161 0.21310031414031982 1837
1750148419495 0.21125487983226776 1838
1750148420808 0.2035951167345047 1839
1750148422114 0.2237546443939209 1840
1750148423418 0.1998869776725769 1841
1750148424768 0.21163320541381836 1842
1750148426097 0.17535443603992462 1843
1750148427452 0.1837780624628067 1844
1750148428764 0.206354022026062 1845
1750148430144 0.1875297874212265 1846
1750148431476 0.20605331659317017 1847
1750148432830 0.2052406370639801 1848
1750148434136 0.2190081775188446 1849
1750148435454 0.1561567783355713 1850
1750148436794 0.18788523972034454 1851
1750148438112 0.1605728715658188 1852
1750148439484 0.22886528074741364 1853
1750148440807 0.2025403082370758 1854
1750148442117 0.1674451231956482 1855
1750148443498 0.1967240273952484 1856
1750148444809 0.19494730234146118 1857
1750148446111 0.20582535862922668 1858
1750148447356 0.474287748336792 1859
1750148448686 0.23562666773796082 1860
1750148449985 0.17441785335540771 1861
1750148451288 0.199624702334404 1862
1750148452628 0.21082821488380432 1863
1750148453977 0.2062687873840332 1864
1750148455219 0.3306959867477417 1865
1750148456528 0.20125514268875122 1866
1750148457902 0.16633445024490356 1867
1750148459211 0.21749475598335266 1868
1750148460523 0.17228198051452637 1869
1750148461822 0.19987593591213226 1870
1750148463129 0.19342383742332458 1871
1750148464471 0.21007433533668518 1872
1750148465780 0.22018161416053772 1873
1750148467089 0.22234590351581573 1874
1750148468411 0.2162179946899414 1875
1750148469763 0.21351316571235657 1876
1750148471062 0.1832824945449829 1877
1750148472298 0.38660722970962524 1878
1750148473663 0.19010724127292633 1879
1750148475254 0.1688021868467331 1880
1750148476586 0.19732508063316345 1881
1750148477965 0.22719722986221313 1882
1750148479225 0.2634967565536499 1883
1750148480575 0.20297884941101074 1884
1750148481886 0.18213078379631042 1885
1750148483193 0.19644492864608765 1886
1750148484489 0.17997319996356964 1887
1750148485713 0.40475994348526 1888
1750148487026 0.21378850936889648 1889
1750148488299 0.36430007219314575 1890
1750148489605 0.1609756201505661 1891
1750148490916 0.15861867368221283 1892
1750148492257 0.2293199598789215 1893
1750148493655 0.2216062843799591 1894
1750148494974 0.19596409797668457 1895
1750148496374 0.2621648907661438 1896
1750148497695 0.2078539878129959 1897
1750148499042 0.1845550686120987 1898
1750148500361 0.21418076753616333 1899
1750148501676 0.1801234781742096 1900
1750148502989 0.22544226050376892 1901
1750148504288 0.19934871792793274 1902
1750148505622 0.18673881888389587 1903
1750148506880 0.4193105697631836 1904
1750148508179 0.1778915375471115 1905
1750148509550 0.21081694960594177 1906
1750148510861 0.2166341245174408 1907
1750148512196 0.20652523636817932 1908
1750148513525 0.22039496898651123 1909
1750148514852 0.20566658675670624 1910
1750148516114 0.37671810388565063 1911
1750148517406 0.41774553060531616 1912
1750148518769 0.18537071347236633 1913
1750148520099 0.17465631663799286 1914
1750148521426 0.12854501605033875 1915
1750148522771 0.19197171926498413 1916
1750148524109 0.2000909447669983 1917
1750148525428 0.18880361318588257 1918
1750148526742 0.24612531065940857 1919
1750148528064 0.1970338076353073 1920
1750148529381 0.18290114402770996 1921
1750148530685 0.1815916895866394 1922
1750148531980 0.18291382491588593 1923
1750148533279 0.16376499831676483 1924
1750148534516 0.3562700152397156 1925
1750148535857 0.17703643441200256 1926
1750148537170 0.16396144032478333 1927
1750148538519 0.19135063886642456 1928
1750148539867 0.2026061713695526 1929
1750148541207 0.20226404070854187 1930
1750148542633 0.1965169459581375 1931
1750148544023 0.20761632919311523 1932
1750148545335 0.2260941118001938 1933
1750148546656 0.20210611820220947 1934
1750148547966 0.17775753140449524 1935
1750148549289 0.19221830368041992 1936
1750148550628 0.19526483118534088 1937
1750148551992 0.22046557068824768 1938
1750148553294 0.1813894808292389 1939
1750148554611 0.20499637722969055 1940
1750148555935 0.21442173421382904 1941
1750148557255 0.20199331641197205 1942
1750148558555 0.17091959714889526 1943
1750148559862 0.17967580258846283 1944
1750148561092 0.33012109994888306 1945
1750148562457 0.24949181079864502 1946
1750148563781 0.19327840209007263 1947
1750148565090 0.15526357293128967 1948
1750148566404 0.21340879797935486 1949
1750148567755 0.19198773801326752 1950
1750148569060 0.1696416139602661 1951
1750148570364 0.16689527034759521 1952
1750148571680 0.19803398847579956 1953
1750148573012 0.24955971539020538 1954
1750148574354 0.1806289702653885 1955
1750148575672 0.2019418478012085 1956
1750148577067 0.20137763023376465 1957
1750148578401 0.19390125572681427 1958
1750148579774 0.19625958800315857 1959
1750148581077 0.19203977286815643 1960
1750148582486 0.1737806499004364 1961
1750148583843 0.21530309319496155 1962
1750148585160 0.18625125288963318 1963
1750148586464 0.21514257788658142 1964
1750148587816 0.1866433322429657 1965
1750148589121 0.19078442454338074 1966
1750148590440 0.20508220791816711 1967
1750148591758 0.18552318215370178 1968
1750148593107 0.2068714052438736 1969
1750148594420 0.18438228964805603 1970
1750148595771 0.20281293988227844 1971
1750148597112 0.19708970189094543 1972
1750148598385 0.2895735502243042 1973
1750148599694 0.22438636422157288 1974
1750148601019 0.1739175021648407 1975
1750148602326 0.1778182089328766 1976
1750148603681 0.1954614818096161 1977
1750148604930 0.27134013175964355 1978
1750148606298 0.215312659740448 1979
1750148607611 0.13181182742118835 1980
1750148608839 0.30676883459091187 1981
1750148610237 0.16927099227905273 1982
1750148611551 0.2025018036365509 1983
1750148612875 0.15666687488555908 1984
1750148614175 0.17455917596817017 1985
1750148615436 0.4382140040397644 1986
1750148616735 0.17142772674560547 1987
1750148618046 0.18777380883693695 1988
1750148619386 0.2082434445619583 1989
1750148620718 0.22232645750045776 1990
1750148622040 0.19558829069137573 1991
1750148623361 0.19791902601718903 1992
1750148624702 0.16635429859161377 1993
1750148626000 0.2232092320919037 1994
1750148627333 0.15397793054580688 1995
1750148628662 0.18386319279670715 1996
1750148629964 0.19060452282428741 1997
1750148631282 0.18947356939315796 1998
1750148632601 0.17376169562339783 1999
1750148633901 0.17802810668945312 2000
1750148711537 0.19987773895263672 2001
1750148764184 0.19585776329040527 2002
1750148765544 0.18140292167663574 2003
1750148766890 0.2058297097682953 2004
1750148768214 0.13703703880310059 2005
1750148769544 0.22250404953956604 2006
1750148770854 0.20776453614234924 2007
1750148772176 0.19134953618049622 2008
1750148773539 0.2256413996219635 2009
1750148774862 0.19597236812114716 2010
1750148776187 0.17778462171554565 2011
1750148777539 0.17139828205108643 2012
1750148778875 0.17641831934452057 2013
1750148780205 0.1759168803691864 2014
1750148781496 0.18066465854644775 2015
1750148782873 0.21062538027763367 2016
1750148784174 0.22025540471076965 2017
1750148785476 0.19340485334396362 2018
1750148786796 0.15794122219085693 2019
1750148788122 0.19641977548599243 2020
1750148789465 0.18226148188114166 2021
1750148790809 0.1863538771867752 2022
1750148792112 0.17205935716629028 2023
1750148793440 0.22297465801239014 2024
1750148794799 0.18480193614959717 2025
1750148796131 0.20344147086143494 2026
1750148797450 0.23190167546272278 2027
1750148798711 0.26217663288116455 2028
1750148800061 0.1719120889902115 2029
1750148801349 0.418259859085083 2030
1750148802679 0.22708916664123535 2031
1750148804009 0.2018892765045166 2032
1750148805336 0.1995161771774292 2033
1750148806624 0.2961086928844452 2034
1750148808029 0.1633257269859314 2035
1750148809358 0.18434174358844757 2036
1750148810663 0.1702711284160614 2037
1750148812058 0.19535940885543823 2038
1750148813461 0.19295477867126465 2039
1750148814791 0.19579823315143585 2040
1750148816104 0.15385624766349792 2041
1750148817412 0.2127034068107605 2042
1750148818733 0.3168834149837494 2043
1750148820037 0.16429777443408966 2044
1750148821395 0.20802932977676392 2045
1750148822779 0.21053877472877502 2046
1750148824095 0.22822506725788116 2047
1750148825401 0.19855251908302307 2048
1750148826792 0.18654567003250122 2049
1750148828073 0.3279570937156677 2050
1750148829393 0.18278270959854126 2051
1750148830685 0.1883731186389923 2052
1750148831972 0.22241799533367157 2053
1750148833310 0.1854386329650879 2054
1750148834662 0.17615190148353577 2055
1750148835967 0.16913239657878876 2056
1750148837298 0.1891537606716156 2057
1750148838622 0.19500473141670227 2058
1750148839961 0.18126969039440155 2059
1750148841275 0.19160115718841553 2060
1750148842653 0.18818554282188416 2061
1750148843952 0.21739476919174194 2062
1750148845265 0.19355957210063934 2063
1750148846582 0.1924060583114624 2064
1750148847898 0.19330403208732605 2065
1750148849239 0.17257121205329895 2066
1750148850557 0.20617586374282837 2067
1750148851891 0.1891460120677948 2068
1750148853234 0.18786439299583435 2069
1750148854642 0.2210557609796524 2070
1750148855950 0.22036084532737732 2071
1750148857261 0.18066652119159698 2072
1750148858573 0.17958597838878632 2073
1750148859875 0.18658596277236938 2074
1750148861176 0.21770471334457397 2075
1750148862487 0.1926278918981552 2076
1750148863834 0.15973864495754242 2077
1750148865205 0.18432271480560303 2078
1750148866503 0.19728925824165344 2079
1750148867835 0.20532728731632233 2080
1750148869195 0.20559068024158478 2081
1750148870561 0.1836884468793869 2082
1750148871875 0.18120607733726501 2083
1750148873211 0.1935490518808365 2084
1750148874519 0.17821186780929565 2085
1750148875837 0.18752913177013397 2086
1750148877146 0.22028937935829163 2087
1750148878479 0.19768613576889038 2088
1750148879832 0.20737551152706146 2089
1750148881180 0.19398514926433563 2090
1750148882531 0.17538809776306152 2091
1750148883834 0.16887244582176208 2092
1750148885153 0.20207704603672028 2093
1750148886507 0.21323899924755096 2094
1750148887798 0.33582422137260437 2095
1750148889156 0.1762285828590393 2096
1750148890470 0.16805994510650635 2097
1750148891834 0.19229814410209656 2098
1750148893226 0.17423692345619202 2099
1750148894550 0.21047945320606232 2100
1750148895855 0.19938838481903076 2101
1750148897161 0.17826387286186218 2102
1750148898524 0.16743330657482147 2103
1750148899861 0.18438121676445007 2104
1750148901183 0.21445831656455994 2105
1750148902556 0.16604909300804138 2106
1750148903938 0.21713978052139282 2107
1750148905288 0.17015334963798523 2108
1750148906564 0.33853834867477417 2109
1750148907787 0.3369275629520416 2110
1750148909136 0.21809875965118408 2111
1750148910435 0.18482813239097595 2112
1750148911732 0.17946618795394897 2113
1750148912974 0.28343066573143005 2114
1750148914286 0.1866486668586731 2115
1750148915683 0.23882688581943512 2116
1750148916995 0.17818094789981842 2117
1750148918321 0.1742554008960724 2118
1750148919590 0.32531502842903137 2119
1750148920884 0.2056485116481781 2120
1750148922197 0.19913890957832336 2121
1750148923435 0.3880639374256134 2122
1750148924842 0.2018502652645111 2123
1750148926138 0.16620978713035583 2124
1750148927374 0.29898977279663086 2125
1750148928942 0.19411326944828033 2126
1750148930177 0.34225744009017944 2127
1750148931495 0.20010125637054443 2128
1750148932800 0.15093326568603516 2129
1750148934109 0.1965663582086563 2130
1750148935455 0.15694016218185425 2131
1750148936763 0.20262610912322998 2132
1750148938043 0.276663213968277 2133
1750148939355 0.17466673254966736 2134
1750148940702 0.19106310606002808 2135
1750148942018 0.19424653053283691 2136
1750148943390 0.2093694657087326 2137
1750148944780 0.19635331630706787 2138
1750148946102 0.20623643696308136 2139
1750148947412 0.18075986206531525 2140
1750148948731 0.1826293170452118 2141
1750148950045 0.18222889304161072 2142
1750148951361 0.18706192076206207 2143
1750148952698 0.21087446808815002 2144
1750148954007 0.1727314293384552 2145
1750148955327 0.1903611421585083 2146
1750148956670 0.17659249901771545 2147
1750148957971 0.2010478675365448 2148
1750148959287 0.1975518763065338 2149
1750148960587 0.18684718012809753 2150
1750148961912 0.19021278619766235 2151
1750148963270 0.2056533843278885 2152
1750148964603 0.1622859686613083 2153
1750148965908 0.184029683470726 2154
1750148967211 0.184007465839386 2155
1750148968511 0.1905837208032608 2156
1750148969810 0.18021318316459656 2157
1750148971113 0.1893780529499054 2158
1750148972411 0.19850914180278778 2159
1750148973712 0.19258707761764526 2160
1750148975026 0.17810694873332977 2161
1750148976342 0.1660207211971283 2162
1750148977644 0.18962319195270538 2163
1750148978966 0.19906899333000183 2164
1750148980274 0.18889424204826355 2165
1750148981651 0.17235013842582703 2166
1750148983029 0.16678950190544128 2167
1750148984331 0.190239816904068 2168
1750148985666 0.20056337118148804 2169
1750148986980 0.18558895587921143 2170
1750148988290 0.20992767810821533 2171
1750148989531 0.25297772884368896 2172
1750148990851 0.1901344656944275 2173
1750148992156 0.1937147080898285 2174
1750148993474 0.15593263506889343 2175
1750148994816 0.20170974731445312 2176
1750148996120 0.18672260642051697 2177
1750148997425 0.19492825865745544 2178
1750148998767 0.1695728600025177 2179
1750149000112 0.20577436685562134 2180
1750149001434 0.170246422290802 2181
1750149002742 0.15152321755886078 2182
1750149004040 0.18377143144607544 2183
1750149005415 0.16488349437713623 2184
1750149006714 0.19358395040035248 2185
1750149008020 0.1754228174686432 2186
1750149009358 0.15166491270065308 2187
1750149010678 0.1837775707244873 2188
1750149011985 0.19642288982868195 2189
1750149013374 0.19964256882667542 2190
1750149014729 0.22347009181976318 2191
1750149016060 0.18377698957920074 2192
1750149017378 0.21787650883197784 2193
1750149018741 0.1789340078830719 2194
1750149020056 0.13995012640953064 2195
1750149021389 0.16448229551315308 2196
1750149022700 0.1864366978406906 2197
1750149024009 0.1840737760066986 2198
1750149025383 0.18945690989494324 2199
1750149026743 0.17214354872703552 2200
1750149027981 0.31257355213165283 2201
1750149029311 0.20929186046123505 2202
1750149030539 0.4368777871131897 2203
1750149031845 0.20024296641349792 2204
1750149033179 0.20285053551197052 2205
1750149034485 0.230241596698761 2206
1750149035795 0.1554366946220398 2207
1750149037097 0.21685200929641724 2208
1750149038395 0.18568956851959229 2209
1750149039686 0.24115672707557678 2210
1750149041007 0.15578919649124146 2211
1750149042343 0.19159552454948425 2212
1750149043580 0.347761869430542 2213
1750149044848 0.28084447979927063 2214
1750149046156 0.1617264747619629 2215
1750149047485 0.20900407433509827 2216
1750149048743 0.2576594352722168 2217
1750149050054 0.19048777222633362 2218
1750149051393 0.21187546849250793 2219
1750149052697 0.15192346274852753 2220
1750149053928 0.31979456543922424 2221
1750149055307 0.20249980688095093 2222
1750149056847 0.18436402082443237 2223
1750149058096 0.4093387722969055 2224
1750149059346 0.28566688299179077 2225
1750149060671 0.1534740924835205 2226
1750149062000 0.17545677721500397 2227
1750149063401 0.19574213027954102 2228
1750149064746 0.1722239851951599 2229
1750149065985 0.31869858503341675 2230
1750149067320 0.1543654203414917 2231
1750149068636 0.1679774969816208 2232
1750149070031 0.17053848505020142 2233
1750149071398 0.21474961936473846 2234
1750149072777 0.18997162580490112 2235
1750149074081 0.18366113305091858 2236
1750149075404 0.19231148064136505 2237
1750149076706 0.16116401553153992 2238
1750149078022 0.22597752511501312 2239
1750149079412 0.15121091902256012 2240
1750149080722 0.1833018958568573 2241
1750149082033 0.19933706521987915 2242
1750149083400 0.18066851794719696 2243
1750149084711 0.1640121340751648 2244
1750149086036 0.17926882207393646 2245
1750149087363 0.21898025274276733 2246
1750149088701 0.16946065425872803 2247
1750149090010 0.1700526475906372 2248
1750149091357 0.21117031574249268 2249
1750149092678 0.185505211353302 2250
1750149094006 0.18316712975502014 2251
1750149095267 0.4386844038963318 2252
1750149096570 0.18535536527633667 2253
1750149097955 0.17343729734420776 2254
1750149099363 0.18016254901885986 2255
1750149100746 0.15258829295635223 2256
1750149102071 0.21709781885147095 2257
1750149103320 0.2801074981689453 2258
1750149104655 0.23320430517196655 2259
1750149105980 0.16812440752983093 2260
1750149107294 0.19312316179275513 2261
1750149108594 0.20109668374061584 2262
1750149109930 0.19525474309921265 2263
1750149111240 0.1744023859500885 2264
1750149112581 0.1731642186641693 2265
1750149113895 0.20382797718048096 2266
1750149115233 0.18929317593574524 2267
1750149116612 0.1974954605102539 2268
1750149117936 0.16485586762428284 2269
1750149119237 0.1588173508644104 2270
1750149120547 0.21587613224983215 2271
1750149121866 0.1792389452457428 2272
1750149123216 0.17713618278503418 2273
1750149124606 0.21237006783485413 2274
1750149125919 0.17695628106594086 2275
1750149127265 0.1710517406463623 2276
1750149128625 0.19860874116420746 2277
1750149129949 0.2291436791419983 2278
1750149131242 0.20268791913986206 2279
1750149132541 0.2430141419172287 2280
1750149133867 0.1706971675157547 2281
1750149135166 0.19990301132202148 2282
1750149136524 0.1941489577293396 2283
1750149137914 0.16626696288585663 2284
1750149139291 0.18486730754375458 2285
1750149140664 0.15824072062969208 2286
1750149141979 0.19408848881721497 2287
1750149143289 0.1985335648059845 2288
1750149144614 0.19242572784423828 2289
1750149145846 0.3583225607872009 2290
1750149147147 0.1808716207742691 2291
1750149148485 0.15285757184028625 2292
1750149149791 0.13706327974796295 2293
1750149151089 0.18490295112133026 2294
1750149152332 0.32936275005340576 2295
1750149153642 0.17509683966636658 2296
1750149154945 0.198871910572052 2297
1750149156245 0.1806815266609192 2298
1750149157575 0.19841861724853516 2299
1750149158890 0.1759539395570755 2300
1750149160211 0.23060545325279236 2301
1750149161535 0.1670163869857788 2302
1750149162877 0.13998214900493622 2303
1750149164209 0.17546343803405762 2304
1750149165466 0.33686092495918274 2305
1750149166793 0.20417657494544983 2306
1750149168073 0.2835158109664917 2307
1750149169420 0.20710764825344086 2308
1750149170802 0.3492456376552582 2309
1750149172158 0.19857166707515717 2310
1750149173504 0.18157975375652313 2311
1750149174883 0.1653648465871811 2312
1750149176196 0.17863696813583374 2313
1750149177548 0.19182312488555908 2314
1750149178846 0.1726425588130951 2315
1750149180168 0.16931204497814178 2316
1750149181406 0.2608174681663513 2317
1750149182720 0.16949760913848877 2318
1750149184050 0.20412708818912506 2319
1750149185362 0.16686679422855377 2320
1750149186897 0.17968060076236725 2321
1750149188205 0.1705453097820282 2322
1750149189510 0.2266675978899002 2323
1750149190854 0.19745784997940063 2324
1750149192229 0.1869560331106186 2325
1750149193534 0.19448715448379517 2326
1750149194920 0.20084184408187866 2327
1750149196227 0.1888234168291092 2328
1750149197549 0.1388496458530426 2329
1750149198815 0.2523818612098694 2330
1750149200113 0.17809142172336578 2331
1750149201543 0.18387389183044434 2332
1750149202777 0.34949538111686707 2333
1750149204072 0.18454372882843018 2334
1750149205414 0.20478054881095886 2335
1750149206805 0.19383424520492554 2336
1750149208153 0.19752830266952515 2337
1750149209468 0.15728206932544708 2338
1750149210790 0.16751596331596375 2339
1750149212126 0.19363462924957275 2340
1750149213448 0.21626654267311096 2341
1750149214687 0.2663128972053528 2342
1750149216012 0.17993035912513733 2343
1750149217312 0.19458292424678802 2344
1750149218609 0.16805924475193024 2345
1750149219925 0.168503075838089 2346
1750149221235 0.17667466402053833 2347
1750149222612 0.1405561864376068 2348
1750149223860 0.3480636477470398 2349
1750149225243 0.15835990011692047 2350
1750149226498 0.3090103268623352 2351
1750149227875 0.21263276040554047 2352
1750149229139 0.2947821021080017 2353
1750149230531 0.20775306224822998 2354
1750149231900 0.19154499471187592 2355
1750149233259 0.18292716145515442 2356
1750149234622 0.18945430219173431 2357
1750149235956 0.18807145953178406 2358
1750149237283 0.17826798558235168 2359
1750149238611 0.19792327284812927 2360
1750149239931 0.1611146777868271 2361
1750149241259 0.14917021989822388 2362
1750149242588 0.18530985713005066 2363
1750149243870 0.3070436716079712 2364
1750149245195 0.1869928538799286 2365
1750149246555 0.23246414959430695 2366
1750149247989 0.19726228713989258 2367
1750149249312 0.2252509742975235 2368
1750149250670 0.19055600464344025 2369
1750149251987 0.19484585523605347 2370
1750149253355 0.18470850586891174 2371
1750149254725 0.17434121668338776 2372
1750149256088 0.1737823784351349 2373
1750149257458 0.14558599889278412 2374
1750149258807 0.17048612236976624 2375
1750149260199 0.1774115264415741 2376
1750149261562 0.20283207297325134 2377
1750149262902 0.16139522194862366 2378
1750149264140 0.33517491817474365 2379
1750149265381 0.40091371536254883 2380
1750149266777 0.21859216690063477 2381
1750149268117 0.16244225203990936 2382
1750149269469 0.18804676830768585 2383
1750149270801 0.18596437573432922 2384
1750149272051 0.31651413440704346 2385
1750149273369 0.16980265080928802 2386
1750149274704 0.19951730966567993 2387
1750149276006 0.18590393662452698 2388
1750149277347 0.19891151785850525 2389
1750149278689 0.18432125449180603 2390
1750149280063 0.17907413840293884 2391
1750149281391 0.1845322996377945 2392
1750149282710 0.16710910201072693 2393
1750149284041 0.19217288494110107 2394
1750149285412 0.2103373110294342 2395
1750149286743 0.17542502284049988 2396
1750149288154 0.20573334395885468 2397
1750149289469 0.17983275651931763 2398
1750149290863 0.19022300839424133 2399
1750149292176 0.16723638772964478 2400
1750149293549 0.1654868870973587 2401
1750149294859 0.17813824117183685 2402
1750149296232 0.206741064786911 2403
1750149297550 0.1764097511768341 2404
1750149298909 0.19008661806583405 2405
1750149300225 0.21593986451625824 2406
1750149301578 0.1966438889503479 2407
1750149302816 0.2504461705684662 2408
1750149304135 0.18379366397857666 2409
1750149305472 0.20821626484394073 2410
1750149306789 0.19762292504310608 2411
1750149308117 0.20402859151363373 2412
1750149309440 0.1809481978416443 2413
1750149310835 0.22112151980400085 2414
1750149312164 0.2601472735404968 2415
1750149313559 0.16683967411518097 2416
1750149314886 0.1978161334991455 2417
1750149316362 0.39471474289894104 2418
1750149317680 0.2355329543352127 2419
1750149318999 0.12805059552192688 2420
1750149320320 0.21677500009536743 2421
1750149321639 0.17999498546123505 2422
1750149322965 0.13445499539375305 2423
1750149324309 0.1634337455034256 2424
1750149325644 0.1642296016216278 2425
1750149326989 0.1770292967557907 2426
1750149328299 0.17711541056632996 2427
1750149329647 0.15451869368553162 2428
1750149330903 0.21002477407455444 2429
1750149332259 0.2065047174692154 2430
1750149333603 0.2225022315979004 2431
1750149334914 0.21331697702407837 2432
1750149336234 0.1367749720811844 2433
1750149337543 0.14370682835578918 2434
1750149338909 0.1636483371257782 2435
1750149340235 0.1837368607521057 2436
1750149341592 0.1811075210571289 2437
1750149342915 0.17447948455810547 2438
1750149344244 0.21202310919761658 2439
1750149345599 0.18095403909683228 2440
1750149346918 0.20170265436172485 2441
1750149348237 0.17528319358825684 2442
1750149349558 0.1653580516576767 2443
1750149350883 0.16262942552566528 2444
1750149352216 0.19595763087272644 2445
1750149353514 0.19700267910957336 2446
1750149354887 0.18053582310676575 2447
1750149356268 0.17473113536834717 2448
1750149357607 0.16313175857067108 2449
1750149359034 0.18554437160491943 2450
1750149360423 0.17676030099391937 2451
1750149361746 0.19419804215431213 2452
1750149363059 0.19861307740211487 2453
1750149364403 0.18646851181983948 2454
1750149365725 0.19535520672798157 2455
1750149367030 0.21014761924743652 2456
1750149368336 0.19625192880630493 2457
1750149369737 0.17193469405174255 2458
1750149371063 0.19537124037742615 2459
1750149372430 0.17765459418296814 2460
1750149373760 0.1675557941198349 2461
1750149375087 0.18232004344463348 2462
1750149376441 0.18260066211223602 2463
1750149377779 0.19831646978855133 2464
1750149379094 0.18471167981624603 2465
1750149380359 0.33345451951026917 2466
1750149381746 0.20344670116901398 2467
1750149383058 0.1679970622062683 2468
1750149384306 0.36507290601730347 2469
1750149385674 0.18378402292728424 2470
1750149387069 0.17115524411201477 2471
1750149388407 0.19950026273727417 2472
1750149389774 0.17350348830223083 2473
1750149391127 0.15886646509170532 2474
1750149392498 0.20584557950496674 2475
1750149393888 0.17978820204734802 2476
1750149395229 0.2105810046195984 2477
1750149396539 0.17601917684078217 2478
1750149397873 0.18218860030174255 2479
1750149399204 0.1877860575914383 2480
1750149400536 0.17328526079654694 2481
1750149401929 0.1863769292831421 2482
1750149403255 0.18997406959533691 2483
1750149404566 0.19223415851593018 2484
1750149405914 0.19342446327209473 2485
1750149407232 0.19287851452827454 2486
1750149408585 0.17841096222400665 2487
1750149409914 0.2033480703830719 2488
1750149411350 0.1841135025024414 2489
1750149412699 0.15574321150779724 2490
1750149414036 0.17924709618091583 2491
1750149415337 0.157383531332016 2492
1750149416683 0.15606087446212769 2493
1750149418068 0.19111968576908112 2494
1750149419399 0.1783495843410492 2495
1750149420748 0.17437110841274261 2496
1750149422102 0.17537584900856018 2497
1750149423437 0.1863507330417633 2498
1750149424744 0.1805318295955658 2499
1750149426056 0.201629638671875 2500
1750149427387 0.17038650810718536 2501
1750149428708 0.18704503774642944 2502
1750149430053 0.19993220269680023 2503
1750149431363 0.1682187169790268 2504
1750149432748 0.19097554683685303 2505
1750149434063 0.18787437677383423 2506
1750149435723 0.19091059267520905 2507
1750149437077 0.18262556195259094 2508
1750149438441 0.17496198415756226 2509
1750149439797 0.2326204776763916 2510
1750149441127 0.17508698999881744 2511
1750149442438 0.18996760249137878 2512
1750149443760 0.18427248299121857 2513
1750149445157 0.17929375171661377 2514
1750149446455 0.18627014756202698 2515
1750149447849 0.19134721159934998 2516
1750149449245 0.2138943374156952 2517
1750149450574 0.18417777121067047 2518
1750149451896 0.16150036454200745 2519
1750149453244 0.1461871862411499 2520
1750149454539 0.3553244471549988 2521
1750149455890 0.15403439104557037 2522
1750149457243 0.21959222853183746 2523
1750149458575 0.18065237998962402 2524
1750149459885 0.21817706525325775 2525
1750149461210 0.17417703568935394 2526
1750149462525 0.19186319410800934 2527
1750149463842 0.16981862485408783 2528
1750149465142 0.16931065917015076 2529
1750149466461 0.18379558622837067 2530
1750149467787 0.1474096179008484 2531
1750149469121 0.19946885108947754 2532
1750149470492 0.19743135571479797 2533
1750149471819 0.1601371169090271 2534
1750149473178 0.17176207900047302 2535
1750149474508 0.19884392619132996 2536
1750149475823 0.19920650124549866 2537
1750149477153 0.1834188997745514 2538
1750149478474 0.174523264169693 2539
1750149479779 0.1796571910381317 2540
1750149481019 0.27541497349739075 2541
1750149482341 0.17377148568630219 2542
1750149483672 0.20701950788497925 2543
1750149485006 0.18248245120048523 2544
1750149486285 0.37461358308792114 2545
1750149487623 0.2344454824924469 2546
1750149489039 0.18395096063613892 2547
1750149490396 0.17328496277332306 2548
1750149491717 0.20101019740104675 2549
1750149493047 0.19214452803134918 2550
1750149494361 0.19135239720344543 2551
1750149495664 0.22663819789886475 2552
1750149496998 0.17809022963047028 2553
1750149498312 0.20594388246536255 2554
1750149499629 0.16237060725688934 2555
1750149500953 0.18403494358062744 2556
1750149502380 0.16018462181091309 2557
1750149503706 0.18113651871681213 2558
1750149505052 0.16080060601234436 2559
1750149506416 0.1679362654685974 2560
1750149507814 0.17670300602912903 2561
1750149509152 0.16500304639339447 2562
1750149510578 0.20561647415161133 2563
1750149511915 0.18281367421150208 2564
1750149513279 0.17868250608444214 2565
1750149514597 0.1854369193315506 2566
1750149515931 0.2473496049642563 2567
1750149517252 0.18688726425170898 2568
1750149518570 0.1835891455411911 2569
1750149519970 0.179175466299057 2570
1750149521372 0.21170426905155182 2571
1750149522748 0.17093268036842346 2572
1750149524098 0.19911137223243713 2573
1750149525466 0.20840811729431152 2574
1750149526780 0.19716820120811462 2575
1750149528091 0.17058102786540985 2576
1750149529407 0.18579792976379395 2577
1750149530800 0.2085743397474289 2578
1750149532196 0.19319532811641693 2579
1750149533545 0.17283985018730164 2580
1750149534888 0.20901648700237274 2581
1750149536266 0.1760397106409073 2582
1750149537627 0.18880921602249146 2583
1750149538940 0.31094890832901 2584
1750149540267 0.183869406580925 2585
1750149541592 0.1930837631225586 2586
1750149543093 0.1908605396747589 2587
1750149544408 0.1902572512626648 2588
1750149545716 0.1779157966375351 2589
1750149547114 0.19081267714500427 2590
1750149548412 0.19949667155742645 2591
1750149549776 0.19217990338802338 2592
1750149551103 0.16226281225681305 2593
1750149552450 0.1510489135980606 2594
1750149553698 0.33333760499954224 2595
1750149555053 0.17112955451011658 2596
1750149556458 0.2003035545349121 2597
1750149557814 0.19101667404174805 2598
1750149559128 0.20466580986976624 2599
1750149560439 0.19385868310928345 2600
1750149561797 0.1878865659236908 2601
1750149563120 0.17866292595863342 2602
1750149564439 0.18536797165870667 2603
1750149565765 0.1973094940185547 2604
1750149567135 0.16511651873588562 2605
1750149568483 0.22324331104755402 2606
1750149569849 0.17372041940689087 2607
1750149571227 0.18649426102638245 2608
1750149572533 0.1660662591457367 2609
1750149573857 0.15071041882038116 2610
1750149575174 0.15458661317825317 2611
1750149576511 0.15875142812728882 2612
1750149577827 0.1572529673576355 2613
1750149579117 0.25967830419540405 2614
1750149580409 0.20727594196796417 2615
1750149581756 0.178207665681839 2616
1750149583082 0.1589454561471939 2617
1750149584436 0.18841856718063354 2618
1750149585767 0.1763937771320343 2619
1750149587010 0.27874046564102173 2620
1750149588298 0.36424151062965393 2621
1750149589604 0.18920502066612244 2622
1750149590905 0.16805554926395416 2623
1750149592250 0.16979816555976868 2624
1750149593516 0.30546048283576965 2625
1750149594773 0.24254164099693298 2626
1750149596093 0.17808149755001068 2627
1750149597429 0.1954464316368103 2628
1750149598739 0.17384327948093414 2629
1750149600071 0.17852473258972168 2630
1750149601451 0.15193547308444977 2631
1750149602734 0.3199496567249298 2632
1750149604081 0.14060872793197632 2633
1750149605464 0.17896994948387146 2634
1750149606804 0.16611984372138977 2635
1750149608142 0.17518046498298645 2636
1750149609480 0.1964191496372223 2637
1750149610796 0.15113291144371033 2638
1750149612101 0.1970253884792328 2639
1750149613419 0.2039973884820938 2640
1750149614744 0.19478534162044525 2641
1750149616124 0.1629086434841156 2642
1750149617486 0.1458887755870819 2643
1750149618832 0.20430292189121246 2644
1750149620213 0.20427356660366058 2645
1750149621596 0.16492682695388794 2646
1750149622972 0.20549628138542175 2647
1750149624330 0.20140448212623596 2648
1750149625659 0.14188054203987122 2649
1750149626980 0.16618311405181885 2650
1750149628299 0.18001028895378113 2651
1750149629643 0.16790293157100677 2652
1750149630980 0.19545230269432068 2653
1750149632323 0.1736748069524765 2654
1750149633660 0.16385914385318756 2655
1750149635048 0.21260163187980652 2656
1750149636384 0.16697651147842407 2657
1750149637800 0.17195406556129456 2658
1750149639113 0.1437423974275589 2659
1750149640465 0.20563489198684692 2660
1750149641867 0.23573008179664612 2661
1750149643194 0.18802428245544434 2662
1750149644497 0.189242422580719 2663
1750149645814 0.19013391435146332 2664
1750149647158 0.17484033107757568 2665
1750149648487 0.18899071216583252 2666
1750149650093 0.17749451100826263 2667
1750149651478 0.16423864662647247 2668
1750149652823 0.18620997667312622 2669
1750149654133 0.36441370844841003 2670
1750149655410 0.33855265378952026 2671
1750149656754 0.1922505795955658 2672
1750149658138 0.2157556712627411 2673
1750149659457 0.19213619828224182 2674
1750149660788 0.20658716559410095 2675
1750149662150 0.17199134826660156 2676
1750149663460 0.17258983850479126 2677
1750149664792 0.16904783248901367 2678
1750149666131 0.18315716087818146 2679
1750149667468 0.2016250193119049 2680
1750149668785 0.1769147515296936 2681
1750149670085 0.18286556005477905 2682
1750149671384 0.1613028645515442 2683
1750149672689 0.1789512038230896 2684
1750149674033 0.16862478852272034 2685
1750149675342 0.18262943625450134 2686
1750149676652 0.16902244091033936 2687
1750149678010 0.19195020198822021 2688
1750149679348 0.18451373279094696 2689
1750149680652 0.17448191344738007 2690
1750149681889 0.30932551622390747 2691
1750149683206 0.1513698399066925 2692
1750149684586 0.2157759964466095 2693
1750149685911 0.1575470268726349 2694
1750149687235 0.1476840227842331 2695
1750149688580 0.19061893224716187 2696
1750149689886 0.17309683561325073 2697
1750149691264 0.18126139044761658 2698
1750149692605 0.1856309175491333 2699
1750149693946 0.19182533025741577 2700
1750149695257 0.19207173585891724 2701
1750149696564 0.17228081822395325 2702
1750149697918 0.18175038695335388 2703
1750149699270 0.2006148397922516 2704
1750149700606 0.16243934631347656 2705
1750149701886 0.23655439913272858 2706
1750149703206 0.18870148062705994 2707
1750149704542 0.18072187900543213 2708
1750149705885 0.17166034877300262 2709
1750149707209 0.18504098057746887 2710
1750149708456 0.32526201009750366 2711
1750149709741 0.33889785408973694 2712
1750149711062 0.1787121295928955 2713
1750149712434 0.18556725978851318 2714
1750149713777 0.16724643111228943 2715
1750149715111 0.17166458070278168 2716
1750149716436 0.20993520319461823 2717
1750149717831 0.19568228721618652 2718
1750149719164 0.1964086890220642 2719
1750149720526 0.17489813268184662 2720
1750149721852 0.15026605129241943 2721
1750149723205 0.1847781091928482 2722
1750149724517 0.19791419804096222 2723
1750149725827 0.18865859508514404 2724
1750149727140 0.16048677265644073 2725
1750149728448 0.18853913247585297 2726
1750149729787 0.1900608241558075 2727
1750149731151 0.2039894461631775 2728
1750149732519 0.16055777668952942 2729
1750149733870 0.20674507319927216 2730
1750149735190 0.19796711206436157 2731
1750149736542 0.1904536783695221 2732
1750149737934 0.21009479463100433 2733
1750149739268 0.175916850566864 2734
1750149740583 0.19638997316360474 2735
1750149741904 0.17783783376216888 2736
1750149743209 0.16144615411758423 2737
1750149744505 0.17342546582221985 2738
1750149745870 0.19375449419021606 2739
1750149747195 0.18420228362083435 2740
1750149748544 0.18351256847381592 2741
1750149749868 0.18422362208366394 2742
1750149751135 0.29889097809791565 2743
1750149752488 0.20659208297729492 2744
1750149753843 0.17111966013908386 2745
1750149755198 0.19384783506393433 2746
1750149756791 0.17793339490890503 2747
1750149758131 0.19874820113182068 2748
1750149759465 0.1876010000705719 2749
1750149760700 0.37478306889533997 2750
1750149762015 0.1867494285106659 2751
1750149763337 0.2208710014820099 2752
1750149764668 0.19484677910804749 2753
1750149766017 0.14125379920005798 2754
1750149767428 0.19265608489513397 2755
1750149768756 0.1953829973936081 2756
1750149770098 0.17476177215576172 2757
1750149771422 0.18306274712085724 2758
1750149772740 0.18847307562828064 2759
1750149774090 0.15930277109146118 2760
1750149775440 0.18326802551746368 2761
1750149776775 0.16844739019870758 2762
1750149778160 0.16870592534542084 2763
1750149779515 0.18906980752944946 2764
1750149780849 0.18732690811157227 2765
1750149782237 0.17588157951831818 2766
1750149783606 0.16414833068847656 2767
1750149784972 0.1614062488079071 2768
1750149786304 0.2104528248310089 2769
1750149787554 0.290830135345459 2770
1750149788875 0.2149355411529541 2771
1750149790225 0.16350963711738586 2772
1750149791547 0.19684502482414246 2773
1750149792930 0.1959526538848877 2774
1750149794286 0.1750229150056839 2775
1750149795637 0.18963585793972015 2776
1750149796976 0.1852075755596161 2777
1750149798323 0.16310447454452515 2778
1750149799789 0.16716700792312622 2779
1750149801119 0.1410672962665558 2780
1750149802420 0.21041540801525116 2781
1750149803739 0.1747802048921585 2782
1750149805080 0.1849062144756317 2783
1750149806393 0.17257410287857056 2784
1750149807734 0.1773771494626999 2785
1750149808970 0.3092871606349945 2786
1750149810289 0.17450624704360962 2787
1750149811642 0.17616787552833557 2788
1750149812886 0.37251701951026917 2789
1750149814213 0.1977757215499878 2790
1750149815528 0.16195952892303467 2791
1750149816836 0.1882144659757614 2792
1750149818144 0.18510062992572784 2793
1750149819455 0.18438926339149475 2794
1750149820816 0.19900020956993103 2795
1750149822132 0.17798221111297607 2796
1750149823450 0.17761148512363434 2797
1750149824757 0.20103761553764343 2798
1750149826007 0.3277246654033661 2799
1750149827309 0.20230424404144287 2800
1750149828698 0.17897120118141174 2801
1750149829988 0.3673000931739807 2802
1750149831368 0.15883058309555054 2803
1750149832724 0.16464275121688843 2804
1750149834048 0.19024033844470978 2805
1750149835370 0.14618343114852905 2806
1750149836702 0.3463777005672455 2807
1750149838033 0.16655659675598145 2808
1750149839362 0.17267605662345886 2809
1750149840639 0.326458215713501 2810
1750149841991 0.17169462144374847 2811
1750149843360 0.19380100071430206 2812
1750149844700 0.16163955628871918 2813
1750149846008 0.3428804576396942 2814
1750149847406 0.20107167959213257 2815
1750149848764 0.15275509655475616 2816
1750149850089 0.17121689021587372 2817
1750149851419 0.16876372694969177 2818
1750149852762 0.24236679077148438 2819
1750149854100 0.20974643528461456 2820
1750149855437 0.17906346917152405 2821
1750149856767 0.17761296033859253 2822
1750149858092 0.20181676745414734 2823
1750149859422 0.180090069770813 2824
1750149860780 0.1840924173593521 2825
1750149862380 0.21597698330879211 2826
1750149863737 0.12485451251268387 2827
1750149865071 0.20302823185920715 2828
1750149866382 0.20341576635837555 2829
1750149867617 0.28981781005859375 2830
1750149868940 0.16098317503929138 2831
1750149870195 0.25464725494384766 2832
1750149871506 0.16854454576969147 2833
1750149872822 0.16575460135936737 2834
1750149874166 0.18254654109477997 2835
1750149875464 0.33095604181289673 2836
1750149876791 0.18088002502918243 2837
1750149878146 0.17561660706996918 2838
1750149879529 0.15401864051818848 2839
1750149880930 0.17608198523521423 2840
1750149882264 0.22026069462299347 2841
1750149883577 0.17043249309062958 2842
1750149884946 0.17372548580169678 2843
1750149886315 0.1873251497745514 2844
1750149887637 0.18226568400859833 2845
1750149888942 0.1902751922607422 2846
1750149890277 0.18857601284980774 2847
1750149891651 0.17773428559303284 2848
1750149893003 0.19214653968811035 2849
1750149894348 0.1695428192615509 2850
1750149895675 0.19660821557044983 2851
1750149897006 0.1810060441493988 2852
1750149898416 0.17582790553569794 2853
1750149899745 0.2077648788690567 2854
1750149901079 0.1782832145690918 2855
1750149902428 0.19399181008338928 2856
1750149903737 0.18908844888210297 2857
1750149905154 0.1837058663368225 2858
1750149906483 0.18732646107673645 2859
1750149907810 0.2173573076725006 2860
1750149909155 0.16054148972034454 2861
1750149910517 0.18750834465026855 2862
1750149911944 0.1669415384531021 2863
1750149913262 0.16664005815982819 2864
1750149914654 0.22357586026191711 2865
1750149915976 0.24354133009910583 2866
1750149917313 0.2030549943447113 2867
1750149918651 0.16590696573257446 2868
1750149919978 0.1391572654247284 2869
1750149921332 0.150875523686409 2870
1750149922662 0.14678455889225006 2871
1750149924014 0.16837777197360992 2872
1750149925330 0.20614728331565857 2873
1750149926656 0.17935562133789062 2874
1750149927982 0.16562676429748535 2875
1750149929299 0.18367499113082886 2876
1750149930608 0.1983030140399933 2877
1750149931946 0.17603395879268646 2878
1750149933300 0.20072299242019653 2879
1750149934658 0.17603465914726257 2880
1750149936027 0.19010087847709656 2881
1750149937441 0.17544211447238922 2882
1750149938786 0.18283629417419434 2883
1750149940100 0.15586990118026733 2884
1750149941425 0.17538130283355713 2885
1750149942738 0.21297360956668854 2886
1750149944071 0.15275268256664276 2887
1750149945434 0.1702696979045868 2888
1750149946992 0.1572083979845047 2889
1750149948314 0.17287054657936096 2890
1750149949658 0.17527520656585693 2891
1750149950942 0.4041370153427124 2892
1750149952325 0.1944754421710968 2893
1750149953681 0.16484253108501434 2894
1750149955011 0.16767987608909607 2895
1750149956341 0.15109238028526306 2896
1750149957671 0.19204610586166382 2897
1750149959000 0.1678439974784851 2898
1750149960251 0.3119860589504242 2899
1750149961607 0.19633091986179352 2900
1750149962918 0.18078073859214783 2901
1750149964264 0.18449397385120392 2902
1750149965514 0.2681978940963745 2903
1750149966875 0.1834097057580948 2904
1750149968201 0.20364508032798767 2905
1750149969550 0.14664316177368164 2906
1750149970917 0.1753261387348175 2907
1750149972238 0.39180946350097656 2908
1750149973475 0.2955583930015564 2909
1750149974789 0.1809934675693512 2910
1750149976105 0.1795661598443985 2911
1750149977435 0.14481432735919952 2912
1750149978800 0.20214949548244476 2913
1750149980178 0.16907522082328796 2914
1750149981500 0.15756261348724365 2915
1750149982885 0.17324554920196533 2916
1750149984246 0.15660175681114197 2917
1750149985577 0.3562421202659607 2918
1750149986913 0.1684114933013916 2919
1750149988310 0.15752318501472473 2920
1750149989641 0.2151792049407959 2921
1750149990957 0.19081929326057434 2922
1750149992279 0.20256264507770538 2923
1750149993644 0.1689150333404541 2924
1750149994955 0.17440132796764374 2925
1750149996254 0.16875600814819336 2926
1750149997618 0.16844923794269562 2927
1750149998952 0.1946432739496231 2928
1750150000299 0.18127229809761047 2929
1750150001675 0.1877291202545166 2930
1750150003051 0.1775200217962265 2931
1750150004437 0.19100415706634521 2932
1750150005759 0.1789097636938095 2933
1750150007105 0.22731603682041168 2934
1750150008382 0.3994845151901245 2935
1750150009740 0.15165066719055176 2936
1750150011094 0.20938703417778015 2937
1750150012408 0.16248002648353577 2938
1750150013773 0.201452374458313 2939
1750150015103 0.2037176489830017 2940
1750150016448 0.19280776381492615 2941
1750150017810 0.1733073890209198 2942
1750150019170 0.2024301439523697 2943
1750150020543 0.158210888504982 2944
1750150021849 0.18812890350818634 2945
1750150023172 0.21139714121818542 2946
1750150024594 0.17726469039916992 2947
1750150025967 0.17272183299064636 2948
1750150027339 0.21566198766231537 2949
1750150028666 0.20466287434101105 2950
1750150029992 0.18677550554275513 2951
1750150031378 0.19713670015335083 2952
1750150032982 0.19194814562797546 2953
1750150034339 0.2224608063697815 2954
1750150035726 0.15032832324504852 2955
1750150037140 0.13783687353134155 2956
1750150038470 0.1948981136083603 2957
1750150039851 0.1833207756280899 2958
1750150041165 0.17620186507701874 2959
1750150042503 0.1900966465473175 2960
1750150043828 0.1937045454978943 2961
1750150045117 0.2885299026966095 2962
1750150046463 0.19061438739299774 2963
1750150047810 0.201689213514328 2964
1750150049203 0.18692328035831451 2965
1750150050562 0.1865590214729309 2966
1750150051955 0.20647060871124268 2967
1750150053276 0.1794358491897583 2968
1750150054599 0.17320741713047028 2969
1750150055903 0.1450979858636856 2970
1750150057217 0.15435826778411865 2971
1750150058583 0.17437854409217834 2972
1750150059913 0.1815173625946045 2973
1750150061235 0.19447541236877441 2974
1750150062585 0.2221875786781311 2975
1750150063960 0.19413766264915466 2976
1750150065280 0.20293626189231873 2977
1750150066637 0.18574808537960052 2978
1750150067944 0.18785002827644348 2979
1750150069261 0.20853838324546814 2980
1750150070569 0.162240132689476 2981
1750150071814 0.3417384922504425 2982
1750150073202 0.17882080376148224 2983
1750150074649 0.20514702796936035 2984
1750150075973 0.20774364471435547 2985
1750150077308 0.18652483820915222 2986
1750150078673 0.16042542457580566 2987
1750150080038 0.19375917315483093 2988
1750150081375 0.19079118967056274 2989
1750150082699 0.19402021169662476 2990
1750150084018 0.20696330070495605 2991
1750150085356 0.17897310853004456 2992
1750150086678 0.1739674061536789 2993
1750150087940 0.27995818853378296 2994
1750150089299 0.19073480367660522 2995
1750150090629 0.2711332142353058 2996
1750150091970 0.18262739479541779 2997
1750150093226 0.3492691218852997 2998
1750150094575 0.17538189888000488 2999
1750150095941 0.19464033842086792 3000
1750150172905 0.17644502222537994 3001
1750150227922 0.4261370003223419 3002
1750150229253 0.1953313648700714 3003
1750150230635 0.1810430884361267 3004
1750150231954 0.16750434041023254 3005
1750150233280 0.16491742432117462 3006
1750150234594 0.1981217861175537 3007
1750150236186 0.2045859694480896 3008
1750150237507 0.19270184636116028 3009
1750150238859 0.17879872024059296 3010
1750150240187 0.1943284273147583 3011
1750150241516 0.17129908502101898 3012
1750150242859 0.1881394386291504 3013
1750150244208 0.21425312757492065 3014
1750150245552 0.19096077978610992 3015
1750150246874 0.1960272490978241 3016
1750150248238 0.20354102551937103 3017
1750150249591 0.18737272918224335 3018
1750150250830 0.33586418628692627 3019
1750150252164 0.2181466817855835 3020
1750150253515 0.16716289520263672 3021
1750150254946 0.19122414290905 3022
1750150256279 0.15467292070388794 3023
1750150257646 0.17243920266628265 3024
1750150258979 0.18547290563583374 3025
1750150260376 0.1775340884923935 3026
1750150261723 0.20621299743652344 3027
1750150263046 0.17337185144424438 3028
1750150264407 0.19277548789978027 3029
1750150265734 0.17365407943725586 3030
1750150267061 0.21471530199050903 3031
1750150268384 0.1859651505947113 3032
1750150269759 0.17554092407226562 3033
1750150271131 0.18081645667552948 3034
1750150272458 0.1706789880990982 3035
1750150273823 0.19251179695129395 3036
1750150275163 0.18291866779327393 3037
1750150276481 0.14954349398612976 3038
1750150277778 0.20200301706790924 3039
1750150279096 0.18556219339370728 3040
1750150280424 0.17364174127578735 3041
1750150281756 0.16811025142669678 3042
1750150283113 0.19389215111732483 3043
1750150284482 0.1740240752696991 3044
1750150285803 0.17443621158599854 3045
1750150287120 0.1843978762626648 3046
1750150288471 0.17749953269958496 3047
1750150289851 0.1987881064414978 3048
1750150291187 0.18135078251361847 3049
1750150292527 0.18557634949684143 3050
1750150293859 0.18827149271965027 3051
1750150295216 0.15080596506595612 3052
1750150296549 0.1606185883283615 3053
1750150297893 0.17335695028305054 3054
1750150299248 0.1634865701198578 3055
1750150300579 0.17172101140022278 3056
1750150301903 0.19146136939525604 3057
1750150303231 0.20838049054145813 3058
1750150304561 0.16706418991088867 3059
1750150305988 0.18810823559761047 3060
1750150307331 0.16229066252708435 3061
1750150308660 0.18753446638584137 3062
1750150309907 0.2981067895889282 3063
1750150311198 0.3451874256134033 3064
1750150312538 0.1726408302783966 3065
1750150313952 0.1927630752325058 3066
1750150315299 0.17089277505874634 3067
1750150316686 0.158809632062912 3068
1750150318072 0.20131686329841614 3069
1750150319402 0.18874505162239075 3070
1750150320717 0.17673519253730774 3071
1750150322038 0.1845121681690216 3072
1750150323537 0.21902164816856384 3073
1750150324847 0.17610874772071838 3074
1750150326174 0.15373794734477997 3075
1750150327517 0.20094271004199982 3076
1750150328955 0.15239784121513367 3077
1750150330367 0.157160222530365 3078
1750150331716 0.17154887318611145 3079
1750150333085 0.1910836547613144 3080
1750150334409 0.17748597264289856 3081
1750150335716 0.16002798080444336 3082
1750150337004 0.25549715757369995 3083
1750150338333 0.18283139169216156 3084
1750150339588 0.3451244831085205 3085
1750150340858 0.3085789680480957 3086
1750150342176 0.17433013021945953 3087
1750150343495 0.14928683638572693 3088
1750150344826 0.155955970287323 3089
1750150346155 0.17562714219093323 3090
1750150347517 0.16950707137584686 3091
1750150348906 0.13957969844341278 3092
1750150350231 0.17981666326522827 3093
1750150351550 0.19111844897270203 3094
1750150352967 0.1712556630373001 3095
1750150354296 0.1689603179693222 3096
1750150355637 0.1788269430398941 3097
1750150356949 0.1961497664451599 3098
1750150358189 0.34401628375053406 3099
1750150359501 0.1912241280078888 3100
1750150360832 0.20578868687152863 3101
1750150362167 0.17696425318717957 3102
1750150363505 0.1913646161556244 3103
1750150364876 0.176016166806221 3104
1750150366192 0.17064183950424194 3105
1750150367510 0.15777206420898438 3106
1750150368824 0.17871583998203278 3107
1750150370255 0.17117808759212494 3108
1750150371580 0.15726709365844727 3109
1750150372919 0.1705307960510254 3110
1750150374245 0.18979552388191223 3111
1750150375566 0.18419793248176575 3112
1750150376941 0.19838190078735352 3113
1750150378355 0.16718730330467224 3114
1750150379697 0.18882247805595398 3115
1750150381084 0.1813654601573944 3116
1750150382377 0.24361228942871094 3117
1750150383746 0.18431295454502106 3118
1750150385112 0.16507132351398468 3119
1750150386452 0.18415477871894836 3120
1750150387775 0.17036862671375275 3121
1750150389094 0.1897173523902893 3122
1750150390403 0.18510496616363525 3123
1750150391766 0.21082696318626404 3124
1750150393085 0.14883506298065186 3125
1750150394436 0.17222648859024048 3126
1750150395857 0.19722753763198853 3127
1750150397228 0.159081369638443 3128
1750150398601 0.16679587960243225 3129
1750150399890 0.29596784710884094 3130
1750150401267 0.1901419758796692 3131
1750150402640 0.17728905379772186 3132
1750150403948 0.1768626868724823 3133
1750150405270 0.14838726818561554 3134
1750150406513 0.3036934435367584 3135
1750150407829 0.1845795214176178 3136
1750150409152 0.17755788564682007 3137
1750150410494 0.1930726170539856 3138
1750150411830 0.18216270208358765 3139
1750150413168 0.18730983138084412 3140
1750150414626 0.227273628115654 3141
1750150415960 0.1722560077905655 3142
1750150417307 0.19858747720718384 3143
1750150418637 0.17735210061073303 3144
1750150419955 0.16023851931095123 3145
1750150421281 0.16436991095542908 3146
1750150422610 0.1947072148323059 3147
1750150424200 0.168657585978508 3148
1750150425536 0.18859416246414185 3149
1750150426790 0.36837437748908997 3150
1750150428130 0.18732738494873047 3151
1750150429399 0.31694626808166504 3152
1750150430791 0.16408732533454895 3153
1750150432152 0.15561705827713013 3154
1750150433532 0.18636028468608856 3155
1750150434894 0.15527227520942688 3156
1750150436256 0.19220633804798126 3157
1750150437628 0.1793946623802185 3158
1750150438949 0.2424684315919876 3159
1750150440278 0.19627463817596436 3160
1750150441599 0.21353517472743988 3161
1750150442849 0.25954264402389526 3162
1750150444198 0.19827556610107422 3163
1750150445492 0.23080378770828247 3164
1750150446847 0.1849803626537323 3165
1750150448226 0.1930934488773346 3166
1750150449596 0.2121312916278839 3167
1750150450964 0.14119583368301392 3168
1750150452283 0.15082710981369019 3169
1750150453602 0.21135330200195312 3170
1750150454928 0.19892734289169312 3171
1750150456274 0.16313700377941132 3172
1750150457660 0.18702977895736694 3173
1750150458996 0.15530508756637573 3174
1750150460349 0.19146950542926788 3175
1750150461678 0.19555969536304474 3176
1750150463008 0.18078216910362244 3177
1750150464343 0.1928335577249527 3178
1750150465677 0.17379817366600037 3179
1750150466987 0.16532887518405914 3180
1750150468299 0.16679348051548004 3181
1750150469620 0.20292523503303528 3182
1750150470960 0.18485432863235474 3183
1750150472274 0.18166100978851318 3184
1750150473589 0.21091356873512268 3185
1750150474926 0.14806824922561646 3186
1750150476265 0.20192623138427734 3187
1750150477601 0.16523367166519165 3188
1750150478940 0.1640813797712326 3189
1750150480269 0.18433956801891327 3190
1750150481605 0.15494610369205475 3191
1750150482925 0.14819377660751343 3192
1750150484263 0.20186565816402435 3193
1750150485583 0.17884036898612976 3194
1750150486896 0.1777293086051941 3195
1750150488278 0.1374739408493042 3196
1750150489584 0.1605844795703888 3197
1750150490939 0.15953481197357178 3198
1750150492285 0.170664444565773 3199
1750150493714 0.151636004447937 3200
1750150495061 0.14032161235809326 3201
1750150496434 0.207750141620636 3202
1750150497774 0.14570346474647522 3203
1750150499110 0.19100886583328247 3204
1750150500449 0.17739522457122803 3205
1750150501800 0.20131078362464905 3206
1750150503165 0.19004511833190918 3207
1750150504680 0.23634952306747437 3208
1750150506004 0.17750780284404755 3209
1750150507314 0.17715483903884888 3210
1750150508645 0.2201053351163864 3211
1750150510026 0.18428447842597961 3212
1750150511290 0.3322782516479492 3213
1750150512622 0.20023465156555176 3214
1750150513966 0.1704978197813034 3215
1750150515354 0.1888294368982315 3216
1750150516710 0.16284096240997314 3217
1750150518025 0.1664028763771057 3218
1750150519371 0.20810982584953308 3219
1750150520725 0.1796395629644394 3220
1750150522036 0.18297089636325836 3221
1750150523379 0.19073700904846191 3222
1750150524717 0.18507874011993408 3223
1750150525998 0.21014916896820068 3224
1750150527344 0.17385834455490112 3225
1750150528682 0.17472046613693237 3226
1750150530027 0.19425570964813232 3227
1750150531364 0.1624210625886917 3228
1750150532632 0.2578777074813843 3229
1750150533957 0.18070027232170105 3230
1750150535299 0.1701793670654297 3231
1750150536630 0.16063295304775238 3232
1750150538019 0.16024821996688843 3233
1750150539349 0.16143271327018738 3234
1750150540716 0.2085362672805786 3235
1750150542071 0.1744009256362915 3236
1750150543436 0.2095842957496643 3237
1750150544834 0.18923795223236084 3238
1750150546226 0.1951664388179779 3239
1750150547545 0.18259499967098236 3240
1750150548913 0.145094096660614 3241
1750150550226 0.2162104845046997 3242
1750150551556 0.16451790928840637 3243
1750150552887 0.17506864666938782 3244
1750150554204 0.1678287535905838 3245
1750150555527 0.18005020916461945 3246
1750150556908 0.20546825230121613 3247
1750150558265 0.18559744954109192 3248
1750150559627 0.17403507232666016 3249
1750150560977 0.18027235567569733 3250
1750150562388 0.15601930022239685 3251
1750150563759 0.18758705258369446 3252
1750150565084 0.19692504405975342 3253
1750150566467 0.15487420558929443 3254
1750150567880 0.17474400997161865 3255
1750150569167 0.21853286027908325 3256
1750150570526 0.21607868373394012 3257
1750150571879 0.16525864601135254 3258
1750150573226 0.15358278155326843 3259
1750150574573 0.14717015624046326 3260
1750150575834 0.3788873553276062 3261
1750150577178 0.14194542169570923 3262
1750150578521 0.16832156479358673 3263
1750150579867 0.1915280818939209 3264
1750150581214 0.19849111139774323 3265
1750150582771 0.18692998588085175 3266
1750150584078 0.17325818538665771 3267
1750150585387 0.16913756728172302 3268
1750150586741 0.1827583909034729 3269
1750150588056 0.14709141850471497 3270
1750150589367 0.20192375779151917 3271
1750150590736 0.18579420447349548 3272
1750150592074 0.1648530811071396 3273
1750150593326 0.3787878155708313 3274
1750150594744 0.18941396474838257 3275
1750150596041 0.2984294593334198 3276
1750150597382 0.172638401389122 3277
1750150598700 0.1661243587732315 3278
1750150600038 0.17049849033355713 3279
1750150601355 0.14009332656860352 3280
1750150602690 0.2108248472213745 3281
1750150604065 0.1615208089351654 3282
1750150605381 0.19746822118759155 3283
1750150606752 0.19733434915542603 3284
1750150608083 0.195744588971138 3285
1750150609447 0.1763448715209961 3286
1750150610763 0.1873456984758377 3287
1750150612173 0.16249582171440125 3288
1750150613544 0.18964457511901855 3289
1750150614870 0.1742270290851593 3290
1750150616193 0.1720249354839325 3291
1750150617495 0.17187383770942688 3292
1750150618801 0.18798920512199402 3293
1750150620121 0.16137409210205078 3294
1750150621442 0.191383957862854 3295
1750150622786 0.18511082231998444 3296
1750150624132 0.14615963399410248 3297
1750150625453 0.18207979202270508 3298
1750150626860 0.1995798796415329 3299
1750150628182 0.19121426343917847 3300
1750150629596 0.14233186841011047 3301
1750150630939 0.1728704571723938 3302
1750150632292 0.18017181754112244 3303
1750150633609 0.19749659299850464 3304
1750150634898 0.32083776593208313 3305
1750150636222 0.17402878403663635 3306
1750150637556 0.16720354557037354 3307
1750150638750 0.3754515051841736 3308
1750150640103 0.18282708525657654 3309
1750150641448 0.16502954065799713 3310
1750150642766 0.17237398028373718 3311
1750150644086 0.1644730567932129 3312
1750150645385 0.18101027607917786 3313
1750150646746 0.1252899318933487 3314
1750150648060 0.1730692833662033 3315
1750150649473 0.19485490024089813 3316
1750150650794 0.17374727129936218 3317
1750150652182 0.1821807473897934 3318
1750150653562 0.1567833125591278 3319
1750150654827 0.2933740019798279 3320
1750150656205 0.18587371706962585 3321
1750150657754 0.16667833924293518 3322
1750150659063 0.15544062852859497 3323
1750150660382 0.17774789035320282 3324
1750150661778 0.1676955223083496 3325
1750150663103 0.15193986892700195 3326
1750150664437 0.18288303911685944 3327
1750150665852 0.18242591619491577 3328
1750150667228 0.17900630831718445 3329
1750150668565 0.18914279341697693 3330
1750150669905 0.1645413339138031 3331
1750150671280 0.1580061912536621 3332
1750150672610 0.1734287440776825 3333
1750150673883 0.28520992398262024 3334
1750150675222 0.14692747592926025 3335
1750150676582 0.14338955283164978 3336
1750150677939 0.18749773502349854 3337
1750150679283 0.1624554693698883 3338
1750150680641 0.19093717634677887 3339
1750150682039 0.16454532742500305 3340
1750150683436 0.19600722193717957 3341
1750150684780 0.19512557983398438 3342
1750150686151 0.20112961530685425 3343
1750150687477 0.19841618835926056 3344
1750150688805 0.1730918288230896 3345
1750150690144 0.17720600962638855 3346
1750150691466 0.1689811795949936 3347
1750150692863 0.16641424596309662 3348
1750150694255 0.14536727964878082 3349
1750150695576 0.18594595789909363 3350
1750150696959 0.17128944396972656 3351
1750150698334 0.1724831461906433 3352
1750150699662 0.1847538948059082 3353
1750150701074 0.16241055727005005 3354
1750150702539 0.22782957553863525 3355
1750150703904 0.18379104137420654 3356
1750150705213 0.17652460932731628 3357
1750150706617 0.13544760644435883 3358
1750150707970 0.19898538291454315 3359
1750150709306 0.1537807732820511 3360
1750150710686 0.18953950703144073 3361
1750150712001 0.15528446435928345 3362
1750150713339 0.17210808396339417 3363
1750150714700 0.22075201570987701 3364
1750150716067 0.1877080202102661 3365
1750150717553 0.17687641084194183 3366
1750150718926 0.18138493597507477 3367
1750150720269 0.17194849252700806 3368
1750150721674 0.18402862548828125 3369
1750150722996 0.17908968031406403 3370
1750150724304 0.21166661381721497 3371
1750150725695 0.16944164037704468 3372
1750150727067 0.18399092555046082 3373
1750150728376 0.225233256816864 3374
1750150729704 0.18346211314201355 3375
1750150731273 0.1870465874671936 3376
1750150732534 0.3128579258918762 3377
1750150733905 0.1821337789297104 3378
1750150735246 0.18154741823673248 3379
1750150736593 0.13455712795257568 3380
1750150737921 0.19072625041007996 3381
1750150739235 0.1651252657175064 3382
1750150740548 0.15336081385612488 3383
1750150741860 0.1823977380990982 3384
1750150743171 0.16568371653556824 3385
1750150744502 0.17687566578388214 3386
1750150745769 0.3271505832672119 3387
1750150747127 0.18965215981006622 3388
1750150748408 0.41027113795280457 3389
1750150749787 0.16669940948486328 3390
1750150751107 0.18477404117584229 3391
1750150752482 0.19966349005699158 3392
1750150753818 0.1663060486316681 3393
1750150755178 0.1866387128829956 3394
1750150756492 0.19834880530834198 3395
1750150757806 0.1511652171611786 3396
1750150759112 0.17921039462089539 3397
1750150760436 0.17210182547569275 3398
1750150761792 0.19648054242134094 3399
1750150763141 0.2059602588415146 3400
1750150764463 0.18841272592544556 3401
1750150765776 0.28063440322875977 3402
1750150767114 0.1987583339214325 3403
1750150768421 0.19115012884140015 3404
1750150769763 0.19852705299854279 3405
1750150771080 0.16749271750450134 3406
1750150772409 0.18865099549293518 3407
1750150773709 0.17970119416713715 3408
1750150775040 0.17182385921478271 3409
1750150776426 0.17789772152900696 3410
1750150777759 0.14474408328533173 3411
1750150779093 0.183904767036438 3412
1750150780465 0.13649091124534607 3413
1750150781841 0.17090433835983276 3414
1750150783186 0.1800655573606491 3415
1750150784513 0.22324258089065552 3416
1750150785851 0.1802240014076233 3417
1750150787170 0.1687754988670349 3418
1750150788498 0.197739377617836 3419
1750150789848 0.17195813357830048 3420
1750150791241 0.1680750548839569 3421
1750150792552 0.1798630952835083 3422
1750150793849 0.3799061179161072 3423
1750150795217 0.17988714575767517 3424
1750150796569 0.206229105591774 3425
1750150797922 0.17187505960464478 3426
1750150799257 0.14774870872497559 3427
1750150800608 0.19538617134094238 3428
1750150801954 0.19304104149341583 3429
1750150803199 0.26356738805770874 3430
1750150804531 0.21855278313159943 3431
1750150805852 0.18674704432487488 3432
1750150807403 0.18584664165973663 3433
1750150808786 0.16786909103393555 3434
1750150810119 0.19160975515842438 3435
1750150811450 0.19425322115421295 3436
1750150812777 0.16633091866970062 3437
1750150814091 0.20546755194664001 3438
1750150815424 0.1820428967475891 3439
1750150816783 0.2166016697883606 3440
1750150818146 0.19866622984409332 3441
1750150819509 0.17833212018013 3442
1750150820905 0.15552560985088348 3443
1750150822240 0.16982030868530273 3444
1750150823576 0.16306725144386292 3445
1750150824902 0.14848116040229797 3446
1750150826259 0.18795442581176758 3447
1750150827522 0.42859578132629395 3448
1750150828869 0.17237746715545654 3449
1750150830202 0.15063366293907166 3450
1750150831520 0.16300158202648163 3451
1750150832883 0.17650973796844482 3452
1750150834234 0.17563283443450928 3453
1750150835564 0.1804526150226593 3454
1750150836966 0.18634741008281708 3455
1750150838287 0.20401808619499207 3456
1750150839637 0.16453489661216736 3457
1750150840957 0.16443616151809692 3458
1750150842307 0.1664799600839615 3459
1750150843616 0.19492441415786743 3460
1750150844958 0.14918524026870728 3461
1750150846273 0.1580495536327362 3462
1750150847581 0.14411994814872742 3463
1750150848833 0.28783363103866577 3464
1750150850152 0.20129355788230896 3465
1750150851566 0.19724558293819427 3466
1750150852954 0.16721093654632568 3467
1750150854318 0.16081205010414124 3468
1750150855722 0.15833014249801636 3469
1750150857064 0.18327754735946655 3470
1750150858398 0.14328132569789886 3471
1750150859720 0.1764434278011322 3472
1750150861051 0.19851216673851013 3473
1750150862381 0.17338679730892181 3474
1750150863752 0.19595977663993835 3475
1750150865073 0.18559059500694275 3476
1750150866347 0.33482134342193604 3477
1750150867694 0.18450497090816498 3478
1750150869019 0.21957524120807648 3479
1750150870362 0.1655801236629486 3480
1750150871629 0.33439332246780396 3481
1750150873018 0.13238036632537842 3482
1750150874274 0.3370985984802246 3483
1750150875520 0.2823484539985657 3484
1750150876861 0.18593604862689972 3485
1750150878174 0.16008757054805756 3486
1750150879481 0.19035714864730835 3487
1750150881019 0.17792871594429016 3488
1750150882372 0.17664137482643127 3489
1750150883615 0.2922896146774292 3490
1750150884949 0.15451765060424805 3491
1750150886276 0.15037038922309875 3492
1750150887604 0.18676544725894928 3493
1750150888966 0.17426329851150513 3494
1750150890288 0.17341983318328857 3495
1750150891646 0.18474990129470825 3496
1750150893001 0.1680748164653778 3497
1750150894315 0.1741800308227539 3498
1750150895675 0.1942465901374817 3499
1750150896998 0.15735037624835968 3500
1750150898315 0.1469910442829132 3501
1750150899653 0.17302079498767853 3502
1750150900989 0.17614035308361053 3503
1750150902335 0.19992327690124512 3504
1750150903680 0.16209767758846283 3505
1750150905036 0.18699777126312256 3506
1750150906408 0.17358599603176117 3507
1750150907740 0.16516965627670288 3508
1750150909089 0.18362215161323547 3509
1750150910402 0.20272177457809448 3510
1750150911815 0.18293631076812744 3511
1750150913077 0.33598223328590393 3512
1750150914325 0.4034714102745056 3513
1750150915733 0.18244463205337524 3514
1750150917075 0.18949516117572784 3515
1750150918425 0.1803210973739624 3516
1750150919701 0.27468475699424744 3517
1750150921046 0.18952101469039917 3518
1750150922403 0.20308148860931396 3519
1750150923702 0.17769481241703033 3520
1750150925099 0.17206448316574097 3521
1750150926432 0.16523990035057068 3522
1750150927809 0.16145175695419312 3523
1750150929145 0.15811869502067566 3524
1750150930480 0.1563429981470108 3525
1750150931817 0.20221877098083496 3526
1750150933202 0.1890774816274643 3527
1750150934575 0.18302273750305176 3528
1750150935986 0.1890227198600769 3529
1750150937330 0.19261208176612854 3530
1750150938646 0.20189352333545685 3531
1750150939968 0.21211954951286316 3532
1750150941309 0.19496586918830872 3533
1750150942668 0.17035064101219177 3534
1750150943971 0.1729060560464859 3535
1750150945286 0.17942039668560028 3536
1750150946636 0.18842022120952606 3537
1750150948057 0.1675756424665451 3538
1750150949400 0.15115046501159668 3539
1750150950748 0.1966034471988678 3540
1750150952112 0.19687122106552124 3541
1750150953460 0.18468961119651794 3542
1750150955021 0.168617844581604 3543
1750150956333 0.18873605132102966 3544
1750150957723 0.17373844981193542 3545
1750150959079 0.16785717010498047 3546
1750150960498 0.2001933753490448 3547
1750150961824 0.17798876762390137 3548
1750150963173 0.15603479743003845 3549
1750150964520 0.15379071235656738 3550
1750150965889 0.15479378402233124 3551
1750150967170 0.3593851327896118 3552
1750150968635 0.13824474811553955 3553
1750150969994 0.1734004020690918 3554
1750150971329 0.1702643483877182 3555
1750150972652 0.17220903933048248 3556
1750150973993 0.15846997499465942 3557
1750150975320 0.20486977696418762 3558
1750150976644 0.17424485087394714 3559
1750150978018 0.1500859260559082 3560
1750150979371 0.19717799127101898 3561
1750150980758 0.1856706291437149 3562
1750150982105 0.20134899020195007 3563
1750150983473 0.20231547951698303 3564
1750150984865 0.17409871518611908 3565
1750150986271 0.1664305180311203 3566
1750150987633 0.18196246027946472 3567
1750150988989 0.1691948026418686 3568
1750150990442 0.17228716611862183 3569
1750150991795 0.201928049325943 3570
1750150993220 0.15632396936416626 3571
1750150994568 0.17100518941879272 3572
1750150995952 0.1985650658607483 3573
1750150997337 0.1937006711959839 3574
1750150998686 0.14450231194496155 3575
1750151000075 0.20502692461013794 3576
1750151001372 0.28700917959213257 3577
1750151002660 0.2855232059955597 3578
1750151004004 0.16923819482326508 3579
1750151005365 0.1932505965232849 3580
1750151006713 0.15753895044326782 3581
1750151008050 0.15783660113811493 3582
1750151009465 0.18222612142562866 3583
1750151010826 0.14470231533050537 3584
1750151012195 0.1986527144908905 3585
1750151013575 0.19138844311237335 3586
1750151015005 0.17557011544704437 3587
1750151016423 0.1704138070344925 3588
1750151017762 0.340366393327713 3589
1750151019373 0.17639338970184326 3590
1750151020716 0.1964050829410553 3591
1750151022068 0.19256138801574707 3592
1750151023409 0.17080387473106384 3593
1750151024745 0.18824954330921173 3594
1750151026071 0.18525460362434387 3595
1750151027460 0.17566658556461334 3596
1750151028830 0.19175931811332703 3597
1750151030182 0.18084338307380676 3598
1750151031562 0.16587886214256287 3599
1750151033284 0.1670665293931961 3600
1750151037789 0.17816613614559174 3601
1750151039143 0.19160985946655273 3602
1750151040501 0.17358720302581787 3603
1750151041837 0.17223575711250305 3604
1750151043175 0.20086368918418884 3605
1750151044512 0.14636552333831787 3606
1750151045847 0.20565791428089142 3607
1750151047195 0.19400432705879211 3608
1750151048551 0.1956668347120285 3609
1750151049942 0.18865558505058289 3610
1750151051347 0.21635392308235168 3611
1750151052691 0.15745458006858826 3612
1750151053987 0.3609619736671448 3613
1750151055357 0.15962597727775574 3614
1750151056667 0.38683760166168213 3615
1750151058040 0.13842123746871948 3616
1750151059394 0.16213500499725342 3617
1750151060736 0.15065130591392517 3618
1750151062082 0.20357748866081238 3619
1750151063469 0.20206353068351746 3620
1750151064814 0.20734763145446777 3621
1750151066192 0.16523554921150208 3622
1750151067509 0.16402366757392883 3623
1750151068746 0.2195132076740265 3624
1750151070067 0.16856950521469116 3625
1750151071382 0.16312912106513977 3626
1750151072721 0.16583789885044098 3627
1750151074045 0.15965649485588074 3628
1750151075363 0.16453960537910461 3629
1750151076757 0.1663808524608612 3630
1750151078121 0.17196694016456604 3631
1750151079458 0.17498204112052917 3632
1750151080826 0.16601555049419403 3633
1750151082231 0.17971760034561157 3634
1750151083667 0.18567126989364624 3635
1750151085295 0.16904324293136597 3636
1750151086642 0.18497084081172943 3637
1750151087991 0.1645050048828125 3638
1750151089348 0.20985707640647888 3639
1750151090668 0.18250496685504913 3640
1750151092111 0.17667973041534424 3641
1750151093516 0.18723821640014648 3642
1750151094880 0.18958035111427307 3643
1750151096297 0.15838652849197388 3644
1750151097623 0.3475375175476074 3645
1750151099000 0.19378088414669037 3646
1750151100310 0.3095419406890869 3647
1750151101632 0.1986929476261139 3648
1750151103016 0.1737443506717682 3649
1750151104329 0.42640548944473267 3650
1750151105726 0.14850828051567078 3651
1750151107060 0.19849872589111328 3652
1750151108442 0.19167551398277283 3653
1750151109830 0.169236421585083 3654
1750151111184 0.15245980024337769 3655
1750151112619 0.1593128889799118 3656
1750151113968 0.3311963677406311 3657
1750151115336 0.1952308714389801 3658
1750151116682 0.18151479959487915 3659
1750151118020 0.18133723735809326 3660
1750151119370 0.14589378237724304 3661
1750151120686 0.28190529346466064 3662
1750151122038 0.18420368432998657 3663
1750151123287 0.2761377692222595 3664
1750151124565 0.3004091680049896 3665
1750151125931 0.1381276249885559 3666
1750151127291 0.16505083441734314 3667
1750151128623 0.23908773064613342 3668
1750151130035 0.18353304266929626 3669
1750151131392 0.1808597296476364 3670
1750151132648 0.3101532459259033 3671
1750151134008 0.16650550067424774 3672
1750151135387 0.1680242121219635 3673
1750151136737 0.18081806600093842 3674
1750151138081 0.16970953345298767 3675
1750151139489 0.1808912307024002 3676
1750151140884 0.15972137451171875 3677
1750151142232 0.162683367729187 3678
1750151143525 0.325161337852478 3679
1750151144861 0.32745808362960815 3680
1750151146241 0.330927312374115 3681
1750151147575 0.18814483284950256 3682
1750151148969 0.1764039546251297 3683
1750151150399 0.17532360553741455 3684
1750151151981 0.16757896542549133 3685
1750151153324 0.16921746730804443 3686
1750151154780 0.14606210589408875 3687
1750151156059 0.2808062434196472 3688
1750151157403 0.17286443710327148 3689
1750151158793 0.17882579565048218 3690
1750151160131 0.1824951469898224 3691
1750151161460 0.1617012321949005 3692
1750151162791 0.1587267369031906 3693
1750151164164 0.1957893967628479 3694
1750151165488 0.17961229383945465 3695
1750151166815 0.16203619539737701 3696
1750151168136 0.18068915605545044 3697
1750151169484 0.14837104082107544 3698
1750151170822 0.18164271116256714 3699
1750151172207 0.1469733715057373 3700
1750151173590 0.17132744193077087 3701
1750151175001 0.1856035441160202 3702
1750151176449 0.18123772740364075 3703
1750151177810 0.17643944919109344 3704
1750151179232 0.17638295888900757 3705
1750151180585 0.14384178817272186 3706
1750151181960 0.1673433929681778 3707
1750151183311 0.191920205950737 3708
1750151184575 0.2681516110897064 3709
1750151185953 0.16118882596492767 3710
1750151187316 0.21057111024856567 3711
1750151188685 0.18398088216781616 3712
1750151190032 0.18557524681091309 3713
1750151191414 0.22553467750549316 3714
1750151192763 0.1433693766593933 3715
1750151194155 0.19086851179599762 3716
1750151195568 0.2017734944820404 3717
1750151196904 0.19279514253139496 3718
1750151198257 0.16449835896492004 3719
1750151199626 0.16102424263954163 3720
1750151200994 0.19412928819656372 3721
1750151202380 0.18170160055160522 3722
1750151203749 0.14654001593589783 3723
1750151205112 0.18122391402721405 3724
1750151206561 0.1476821005344391 3725
1750151207931 0.16471338272094727 3726
1750151209317 0.1799754947423935 3727
1750151210701 0.16935619711875916 3728
1750151212089 0.2034229338169098 3729
1750151213472 0.17938274145126343 3730
1750151214859 0.17549771070480347 3731
1750151216219 0.17076103389263153 3732
1750151217877 0.1791788935661316 3733
1750151219303 0.17207537591457367 3734
1750151220629 0.16556912660598755 3735
1750151221986 0.17531009018421173 3736
1750151223394 0.16764941811561584 3737
1750151224777 0.17205321788787842 3738
1750151226202 0.15845009684562683 3739
1750151227595 0.17491577565670013 3740
1750151228939 0.16968214511871338 3741
1750151230274 0.18635761737823486 3742
1750151231605 0.1555103063583374 3743
1750151232880 0.3353292644023895 3744
1750151234241 0.16219505667686462 3745
1750151235593 0.15197168290615082 3746
1750151236978 0.17079538106918335 3747
1750151238357 0.1709815412759781 3748
1750151239747 0.1904766708612442 3749
1750151241140 0.15578483045101166 3750
1750151242518 0.20622318983078003 3751
1750151243876 0.15015044808387756 3752
1750151245296 0.19141334295272827 3753
1750151246644 0.17507877945899963 3754
1750151248003 0.19181883335113525 3755
1750151249334 0.1740749031305313 3756
1750151250672 0.17699359357357025 3757
1750151252037 0.18127328157424927 3758
1750151253436 0.16026180982589722 3759
1750151254851 0.1774371862411499 3760
1750151256250 0.16961272060871124 3761
1750151257640 0.16729488968849182 3762
1750151259029 0.1630161702632904 3763
1750151260428 0.16022904217243195 3764
1750151261772 0.19321319460868835 3765
1750151263225 0.16753537952899933 3766
1750151264529 0.23539061844348907 3767
1750151265890 0.15317848324775696 3768
1750151267358 0.18911586701869965 3769
1750151268761 0.16978727281093597 3770
1750151270153 0.1869966685771942 3771
1750151271509 0.21523325145244598 3772
1750151272862 0.17008590698242188 3773
1750151274174 0.279501348733902 3774
1750151275529 0.1756587028503418 3775
1750151276870 0.17020438611507416 3776
1750151278188 0.17383983731269836 3777
1750151279535 0.2006547451019287 3778
1750151281029 0.34102171659469604 3779
1750151282438 0.1803341954946518 3780
1750151283766 0.1343899667263031 3781
1750151285154 0.22432072460651398 3782
1750151286459 0.27468281984329224 3783
1750151287827 0.1941068172454834 3784
1750151289200 0.22963185608386993 3785
1750151290571 0.17876937985420227 3786
1750151291913 0.18706199526786804 3787
1750151293272 0.18000173568725586 3788
1750151294609 0.17080458998680115 3789
1750151295995 0.1541682481765747 3790
1750151297270 0.331511527299881 3791
1750151298634 0.14800764620304108 3792
1750151300001 0.1409459114074707 3793
1750151301320 0.17224591970443726 3794
1750151302724 0.16738921403884888 3795
1750151304064 0.15192066133022308 3796
1750151305401 0.16765126585960388 3797
1750151306733 0.1658492237329483 3798
1750151308081 0.19483491778373718 3799
1750151309315 0.3150186538696289 3800
1750151310641 0.17717358469963074 3801
1750151311994 0.21791745722293854 3802
1750151313320 0.19487181305885315 3803
1750151314647 0.18451617658138275 3804
1750151315989 0.15894287824630737 3805
1750151317367 0.16177082061767578 3806
1750151318724 0.18760401010513306 3807
1750151320075 0.1745014190673828 3808
1750151321420 0.1630786955356598 3809
1750151322777 0.17308712005615234 3810
1750151324142 0.18606659770011902 3811
1750151325470 0.1752430498600006 3812
1750151326818 0.1787583827972412 3813
1750151328176 0.20732757449150085 3814
1750151329528 0.1770075261592865 3815
1750151330875 0.1735849827528 3816
1750151332244 0.19361189007759094 3817
1750151333607 0.17442697286605835 3818
1750151334980 0.20683646202087402 3819
1750151336309 0.17236898839473724 3820
1750151337650 0.19289149343967438 3821
1750151338964 0.2924332916736603 3822
1750151340239 0.26890259981155396 3823
1750151341590 0.21200211346149445 3824
1750151342946 0.18492016196250916 3825
1750151344477 0.3346826732158661 3826
1750151345797 0.1706973910331726 3827
1750151347145 0.1836521476507187 3828
1750151348470 0.16914060711860657 3829
1750151349816 0.1752089262008667 3830
1750151351180 0.18653593957424164 3831
1750151352525 0.15223833918571472 3832
1750151353873 0.16010868549346924 3833
1750151355225 0.16069266200065613 3834
1750151356567 0.19250741600990295 3835
1750151357922 0.17271345853805542 3836
1750151359246 0.1644817739725113 3837
1750151360601 0.19554606080055237 3838
1750151361935 0.16584810614585876 3839
1750151363208 0.21390558779239655 3840
1750151364618 0.1633753627538681 3841
1750151365983 0.17791475355625153 3842
1750151367405 0.1532994508743286 3843
1750151368792 0.18259209394454956 3844
1750151370173 0.16596361994743347 3845
1750151371514 0.18740451335906982 3846
1750151372937 0.1818670630455017 3847
1750151374266 0.17732876539230347 3848
1750151375603 0.13238030672073364 3849
1750151376979 0.16871698200702667 3850
1750151378365 0.16728602349758148 3851
1750151379695 0.1716173142194748 3852
1750151381047 0.1886945366859436 3853
1750151382385 0.1999703347682953 3854
1750151383773 0.16499140858650208 3855
1750151385103 0.20211878418922424 3856
1750151386487 0.1830640733242035 3857
1750151387894 0.1758730113506317 3858
1750151389265 0.19000256061553955 3859
1750151390611 0.18986064195632935 3860
1750151391934 0.22756066918373108 3861
1750151393294 0.17401714622974396 3862
1750151394649 0.15860103070735931 3863
1750151395907 0.3758648931980133 3864
1750151397240 0.16936632990837097 3865
1750151398564 0.21367168426513672 3866
1750151399890 0.172427237033844 3867
1750151401218 0.2080169916152954 3868
1750151402486 0.40576398372650146 3869
1750151403783 0.4146491587162018 3870
1750151405122 0.1928490698337555 3871
1750151406467 0.16373926401138306 3872
1750151408071 0.1893513798713684 3873
1750151409415 0.1505507230758667 3874
1750151410726 0.14908462762832642 3875
1750151412056 0.16730298101902008 3876
1750151413381 0.20547106862068176 3877
1750151414762 0.15663936734199524 3878
1750151416105 0.18229372799396515 3879
1750151417427 0.14689719676971436 3880
1750151418730 0.4113743305206299 3881
1750151419997 0.364152729511261 3882
1750151421341 0.19032734632492065 3883
1750151422709 0.19846417009830475 3884
1750151424063 0.20502400398254395 3885
1750151425453 0.15270449221134186 3886
1750151426818 0.17730727791786194 3887
1750151428158 0.168302983045578 3888
1750151429528 0.21865379810333252 3889
1750151430842 0.1714755892753601 3890
1750151432187 0.168921560049057 3891
1750151433490 0.334060400724411 3892
1750151434881 0.169054314494133 3893
1750151436237 0.161100834608078 3894
1750151437574 0.18361935019493103 3895
1750151438928 0.1870095580816269 3896
1750151440277 0.15835420787334442 3897
1750151441650 0.20874172449111938 3898
1750151442970 0.17803585529327393 3899
1750151444341 0.17241500318050385 3900
1750151445675 0.17456191778182983 3901
1750151446996 0.19429093599319458 3902
1750151448347 0.200542151927948 3903
1750151449684 0.1943160593509674 3904
1750151451024 0.17630526423454285 3905
1750151452415 0.17663517594337463 3906
1750151453780 0.1647895723581314 3907
1750151455187 0.17055323719978333 3908
1750151456556 0.1969088613986969 3909
1750151457889 0.17642158269882202 3910
1750151459221 0.17994424700737 3911
1750151460625 0.18259906768798828 3912
1750151461981 0.17869554460048676 3913
1750151463521 0.19882287085056305 3914
1750151464842 0.19182565808296204 3915
1750151466196 0.17250926792621613 3916
1750151467548 0.20271900296211243 3917
1750151468844 0.2378160059452057 3918
1750151470192 0.1768539696931839 3919
1750151471547 0.18276529014110565 3920
1750151472890 0.220607727766037 3921
1750151474244 0.16664549708366394 3922
1750151475607 0.1664186418056488 3923
1750151476972 0.185266375541687 3924
1750151478284 0.1860285848379135 3925
1750151479622 0.19786056876182556 3926
1750151480955 0.1436513066291809 3927
1750151482303 0.17889592051506042 3928
1750151483680 0.19724033772945404 3929
1750151484948 0.23733897507190704 3930
1750151486285 0.19746354222297668 3931
1750151487647 0.16291914880275726 3932
1750151488995 0.16258467733860016 3933
1750151490410 0.16928404569625854 3934
1750151491775 0.16910946369171143 3935
1750151493129 0.14859649538993835 3936
1750151494474 0.17993956804275513 3937
1750151495816 0.20680969953536987 3938
1750151497237 0.16752296686172485 3939
1750151498605 0.192525714635849 3940
1750151499975 0.1634848713874817 3941
1750151501147 0.3814290165901184 3942
1750151502496 0.1600223332643509 3943
1750151503899 0.18061313033103943 3944
1750151505233 0.176329106092453 3945
1750151506580 0.10141761600971222 3946
1750151507923 0.20035621523857117 3947
1750151509276 0.1854633390903473 3948
1750151510638 0.18823254108428955 3949
1750151511962 0.18575632572174072 3950
1750151513376 0.18511100113391876 3951
1750151514705 0.16819019615650177 3952
1750151516029 0.17230606079101562 3953
1750151517577 0.19210368394851685 3954
1750151518909 0.1866777539253235 3955
1750151520230 0.2024569809436798 3956
1750151521573 0.15293988585472107 3957
1750151522954 0.2332824170589447 3958
1750151524315 0.2138318121433258 3959
1750151525655 0.17108097672462463 3960
1750151526999 0.17868804931640625 3961
1750151528394 0.1699993908405304 3962
1750151529712 0.3737413287162781 3963
1750151531028 0.172675222158432 3964
1750151532351 0.17614009976387024 3965
1750151533671 0.17236004769802094 3966
1750151535096 0.15056604146957397 3967
1750151536422 0.1923912763595581 3968
1750151537828 0.18127673864364624 3969
1750151539181 0.1560489535331726 3970
1750151540507 0.14135387539863586 3971
1750151541829 0.1770557165145874 3972
1750151543259 0.15008026361465454 3973
1750151544518 0.28930914402008057 3974
1750151545889 0.16293594241142273 3975
1750151547215 0.1477459967136383 3976
1750151548557 0.16860735416412354 3977
1750151549897 0.18463444709777832 3978
1750151551165 0.37078410387039185 3979
1750151552510 0.1703251600265503 3980
1750151553851 0.18579287827014923 3981
1750151555206 0.16256918013095856 3982
1750151556577 0.1788410246372223 3983
1750151557978 0.16728082299232483 3984
1750151559328 0.19057366251945496 3985
1750151560673 0.1974116414785385 3986
1750151562018 0.16419212520122528 3987
1750151563361 0.17979350686073303 3988
1750151564801 0.18140043318271637 3989
1750151566154 0.1686481535434723 3990
1750151567488 0.15986967086791992 3991
1750151568805 0.1809113621711731 3992
1750151570353 0.18045441806316376 3993
1750151571717 0.14852650463581085 3994
1750151573070 0.20609091222286224 3995
1750151574381 0.17500251531600952 3996
1750151575708 0.1930662989616394 3997
1750151577030 0.18714994192123413 3998
1750151578373 0.18576887249946594 3999
1750151579823 0.1756511777639389 4000
1750151658780 0.1714257150888443 4001
1750151713219 0.1812049150466919 4002
1750151714574 0.1896650195121765 4003
1750151715911 0.15781453251838684 4004
1750151717264 0.2087012529373169 4005
1750151718521 0.3607308864593506 4006
1750151719881 0.16654115915298462 4007
1750151721255 0.17151962220668793 4008
1750151722617 0.14460477232933044 4009
1750151724025 0.15502731502056122 4010
1750151725375 0.16207407414913177 4011
1750151726757 0.18644247949123383 4012
1750151728104 0.1502421647310257 4013
1750151729535 0.18560189008712769 4014
1750151730878 0.1636679321527481 4015
1750151732190 0.15962475538253784 4016
1750151733536 0.16823601722717285 4017
1750151734903 0.18981361389160156 4018
1750151736261 0.1490839123725891 4019
1750151737620 0.18545027077198029 4020
1750151738979 0.17605403065681458 4021
1750151740329 0.18107140064239502 4022
1750151741591 0.3558858036994934 4023
1750151742934 0.16358846426010132 4024
1750151744308 0.18443509936332703 4025
1750151745656 0.15407240390777588 4026
1750151746924 0.22077810764312744 4027
1750151748394 0.3527730107307434 4028
1750151749768 0.19011087715625763 4029
1750151751102 0.15912745893001556 4030
1750151752483 0.23073437809944153 4031
1750151753810 0.15859097242355347 4032
1750151755172 0.18389999866485596 4033
1750151756499 0.29685163497924805 4034
1750151757920 0.22193455696105957 4035
1750151759264 0.14710506796836853 4036
1750151760650 0.16553807258605957 4037
1750151761980 0.16794779896736145 4038
1750151763327 0.17389608919620514 4039
1750151764653 0.18910783529281616 4040
1750151766035 0.1609804630279541 4041
1750151767394 0.16679686307907104 4042
1750151768730 0.15530133247375488 4043
1750151770081 0.1834573596715927 4044
1750151771431 0.18562176823616028 4045
1750151772772 0.16244736313819885 4046
1750151774109 0.20251689851284027 4047
1750151775530 0.1413286179304123 4048
1750151776895 0.21495118737220764 4049
1750151778153 0.3049393892288208 4050
1750151779484 0.17650943994522095 4051
1750151780852 0.16938072443008423 4052
1750151782257 0.14666876196861267 4053
1750151783575 0.1579407900571823 4054
1750151784924 0.19628265500068665 4055
1750151786272 0.17483621835708618 4056
1750151787616 0.1586647629737854 4057
1750151789063 0.18745693564414978 4058
1750151790399 0.1812906563282013 4059
1750151791750 0.1777416467666626 4060
1750151793103 0.1833120435476303 4061
1750151794436 0.16288459300994873 4062
1750151795782 0.22339393198490143 4063
1750151797137 0.16115087270736694 4064
1750151798453 0.15843799710273743 4065
1750151799791 0.14636753499507904 4066
1750151801108 0.17126664519309998 4067
1750151802448 0.2077096551656723 4068
1750151803808 0.18878692388534546 4069
1750151805150 0.17059755325317383 4070
1750151806518 0.1758764684200287 4071
1750151808170 0.16600792109966278 4072
1750151809519 0.20677150785923004 4073
1750151810903 0.17601320147514343 4074
1750151812243 0.18911302089691162 4075
1750151813591 0.18518632650375366 4076
1750151814926 0.1769341379404068 4077
1750151816246 0.18237914144992828 4078
1750151817489 0.2756805121898651 4079
1750151818805 0.19275233149528503 4080
1750151820136 0.18899470567703247 4081
1750151821474 0.17854559421539307 4082
1750151822828 0.21228685975074768 4083
1750151824156 0.17734909057617188 4084
1750151825496 0.16885748505592346 4085
1750151826872 0.3874704837799072 4086
1750151828235 0.19098041951656342 4087
1750151829575 0.16878630220890045 4088
1750151830888 0.1560516208410263 4089
1750151832236 0.18059247732162476 4090
1750151833571 0.15970930457115173 4091
1750151834820 0.2679717540740967 4092
1750151836144 0.17007996141910553 4093
1750151837492 0.16540846228599548 4094
1750151838796 0.39272916316986084 4095
1750151840139 0.1574792116880417 4096
1750151841474 0.15178576111793518 4097
1750151842927 0.1600203812122345 4098
1750151844267 0.3105955719947815 4099
1750151845631 0.14848391711711884 4100
1750151846995 0.1841595470905304 4101
1750151848345 0.17881760001182556 4102
1750151849673 0.15340948104858398 4103
1750151850988 0.15752199292182922 4104
1750151852311 0.16303390264511108 4105
1750151853635 0.1603800654411316 4106
1750151854971 0.17399388551712036 4107
1750151856315 0.18526078760623932 4108
1750151857674 0.1655619740486145 4109
1750151858999 0.16051864624023438 4110
1750151860371 0.15691260993480682 4111
1750151862041 0.16167372465133667 4112
1750151863391 0.14913497865200043 4113
1750151864726 0.19489139318466187 4114
1750151866072 0.14814436435699463 4115
1750151867368 0.35055527091026306 4116
1750151868718 0.18994882702827454 4117
1750151870046 0.2277548909187317 4118
1750151871368 0.193098247051239 4119
1750151872708 0.18104287981987 4120
1750151874064 0.18918342888355255 4121
1750151875430 0.17964158952236176 4122
1750151876807 0.200890451669693 4123
1750151878172 0.18497473001480103 4124
1750151879512 0.1717805564403534 4125
1750151880897 0.17367249727249146 4126
1750151882253 0.17658796906471252 4127
1750151883501 0.23217010498046875 4128
1750151884846 0.13556864857673645 4129
1750151886114 0.3383578658103943 4130
1750151887465 0.1835452914237976 4131
1750151888742 0.3446614742279053 4132
1750151890105 0.19200274348258972 4133
1750151891476 0.1935759335756302 4134
1750151892816 0.1648273915052414 4135
1750151894188 0.18132686614990234 4136
1750151895461 0.33165642619132996 4137
1750151896869 0.1987544298171997 4138
1750151898127 0.3957076668739319 4139
1750151899465 0.22194990515708923 4140
1750151900799 0.16872689127922058 4141
1750151902131 0.18343082070350647 4142
1750151903535 0.19020037353038788 4143
1750151904875 0.18748116493225098 4144
1750151906218 0.18270930647850037 4145
1750151907570 0.17388176918029785 4146
1750151908958 0.19343352317810059 4147
1750151910248 0.30146896839141846 4148
1750151911582 0.19011226296424866 4149
1750151912911 0.18572641909122467 4150
1750151914243 0.18181052803993225 4151
1750151915553 0.20019882917404175 4152
1750151916917 0.185733824968338 4153
1750151918252 0.19241194427013397 4154
1750151919806 0.12559615075588226 4155
1750151921170 0.15107892453670502 4156
1750151922512 0.17784851789474487 4157
1750151923896 0.16053830087184906 4158
1750151925319 0.17505651712417603 4159
1750151926686 0.1664467453956604 4160
1750151928042 0.16829243302345276 4161
1750151929369 0.19077467918395996 4162
1750151930697 0.15511229634284973 4163
1750151932019 0.19015046954154968 4164
1750151933373 0.16401737928390503 4165
1750151934712 0.17872583866119385 4166
1750151936056 0.1841013878583908 4167
1750151937410 0.17838028073310852 4168
1750151938779 0.17377710342407227 4169
1750151940137 0.18180957436561584 4170
1750151941391 0.2896362245082855 4171
1750151942752 0.1886167824268341 4172
1750151944120 0.15988141298294067 4173
1750151945468 0.17715893685817719 4174
1750151946785 0.21835124492645264 4175
1750151948133 0.20893414318561554 4176
1750151949462 0.2152368575334549 4177
1750151950804 0.1736268401145935 4178
1750151952141 0.16171768307685852 4179
1750151953415 0.3464440405368805 4180
1750151954846 0.18034076690673828 4181
1750151956177 0.19898539781570435 4182
1750151957540 0.17430739104747772 4183
1750151958811 0.35256901383399963 4184
1750151960155 0.18350866436958313 4185
1750151961518 0.14723040163516998 4186
1750151962844 0.15874116122722626 4187
1750151964173 0.18956129252910614 4188
1750151965466 0.24963992834091187 4189
1750151966796 0.1845722198486328 4190
1750151968123 0.22338518500328064 4191
1750151969487 0.1721723973751068 4192
1750151970778 0.2575785517692566 4193
1750151972147 0.18861669301986694 4194
1750151973512 0.1552349328994751 4195
1750151975155 0.17404969036579132 4196
1750151976552 0.19938117265701294 4197
1750151977835 0.31126075983047485 4198
1750151979172 0.1516416221857071 4199
1750151980537 0.19299420714378357 4200
1750151981925 0.16514334082603455 4201
1750151983181 0.3083344101905823 4202
1750151984503 0.1826016902923584 4203
1750151985857 0.1842891275882721 4204
1750151987264 0.17730477452278137 4205
1750151988667 0.17215211689472198 4206
1750151989992 0.18209844827651978 4207
1750151991323 0.14728769659996033 4208
1750151992653 0.18388357758522034 4209
1750151993995 0.155686616897583 4210
1750151995317 0.1745924949645996 4211
1750151996662 0.18280644714832306 4212
1750151998010 0.18128971755504608 4213
1750151999360 0.18876202404499054 4214
1750152000649 0.4704863727092743 4215
1750152002072 0.16763553023338318 4216
1750152003512 0.1588820368051529 4217
1750152004876 0.2069663405418396 4218
1750152006234 0.1731710433959961 4219
1750152007683 0.20365038514137268 4220
1750152009000 0.19083228707313538 4221
1750152010344 0.14961692690849304 4222
1750152011695 0.18963323533535004 4223
1750152013099 0.15094226598739624 4224
1750152014426 0.15583771467208862 4225
1750152015783 0.16307127475738525 4226
1750152017132 0.18005016446113586 4227
1750152018478 0.17373059689998627 4228
1750152019823 0.18662595748901367 4229
1750152021151 0.15847228467464447 4230
1750152022532 0.15574702620506287 4231
1750152023882 0.20314814150333405 4232
1750152025271 0.16922496259212494 4233
1750152026616 0.1844434142112732 4234
1750152027882 0.3355167508125305 4235
1750152029197 0.16008628904819489 4236
1750152030750 0.19725985825061798 4237
1750152032088 0.19950513541698456 4238
1750152033427 0.15464341640472412 4239
1750152034760 0.186673104763031 4240
1750152036131 0.18075449764728546 4241
1750152037495 0.17505991458892822 4242
1750152038832 0.2058960646390915 4243
1750152040220 0.14288604259490967 4244
1750152041555 0.18170669674873352 4245
1750152042879 0.1581859290599823 4246
1750152044137 0.3082483112812042 4247
1750152045490 0.15419626235961914 4248
1750152046818 0.22162020206451416 4249
1750152048159 0.16909635066986084 4250
1750152049542 0.1881626844406128 4251
1750152050909 0.17685815691947937 4252
1750152052256 0.17803549766540527 4253
1750152053603 0.1962536871433258 4254
1750152054958 0.16623534262180328 4255
1750152056346 0.18929076194763184 4256
1750152057681 0.17181895673274994 4257
1750152059032 0.16026514768600464 4258
1750152060353 0.1820971965789795 4259
1750152061677 0.14831671118736267 4260
1750152063012 0.17369434237480164 4261
1750152064425 0.12771838903427124 4262
1750152065797 0.18339838087558746 4263
1750152067140 0.18667037785053253 4264
1750152068491 0.1603231132030487 4265
1750152069821 0.16539162397384644 4266
1750152071150 0.1673915982246399 4267
1750152072589 0.22369283437728882 4268
1750152073956 0.17988038063049316 4269
1750152075281 0.3320612609386444 4270
1750152076608 0.1918063759803772 4271
1750152077953 0.156451016664505 4272
1750152079545 0.16968503594398499 4273
1750152080874 0.19579899311065674 4274
1750152082186 0.16167309880256653 4275
1750152083511 0.19647975265979767 4276
1750152084859 0.17380665242671967 4277
1750152086241 0.17381587624549866 4278
1750152087576 0.18231627345085144 4279
1750152088910 0.16120415925979614 4280
1750152090279 0.18541058897972107 4281
1750152091636 0.1804826408624649 4282
1750152092989 0.17428533732891083 4283
1750152094306 0.17391467094421387 4284
1750152095624 0.20238925516605377 4285
1750152096983 0.1804729402065277 4286
1750152098275 0.4268011152744293 4287
1750152099607 0.16906076669692993 4288
1750152100994 0.1641661822795868 4289
1750152102393 0.18047940731048584 4290
1750152103794 0.18510884046554565 4291
1750152105191 0.18721283972263336 4292
1750152106542 0.1605236530303955 4293
1750152107877 0.19085243344306946 4294
1750152109226 0.15301692485809326 4295
1750152110577 0.1508869081735611 4296
1750152111918 0.15852239727973938 4297
1750152113251 0.22045215964317322 4298
1750152114616 0.18696442246437073 4299
1750152115945 0.17110919952392578 4300
1750152117308 0.18186774849891663 4301
1750152118671 0.16290193796157837 4302
1750152120015 0.15229102969169617 4303
1750152121363 0.16007035970687866 4304
1750152122698 0.16825754940509796 4305
1750152124059 0.14328047633171082 4306
1750152125602 0.1592978537082672 4307
1750152126921 0.16415058076381683 4308
1750152128248 0.1778584122657776 4309
1750152129575 0.20470111072063446 4310
1750152130918 0.22539643943309784 4311
1750152132239 0.1734427809715271 4312
1750152133618 0.17465801537036896 4313
1750152135031 0.16190572082996368 4314
1750152136371 0.15916308760643005 4315
1750152137702 0.16939333081245422 4316
1750152139055 0.1765645146369934 4317
1750152140376 0.15374022722244263 4318
1750152141734 0.17817342281341553 4319
1750152143061 0.185683935880661 4320
1750152144419 0.16021013259887695 4321
1750152145773 0.1744956225156784 4322
1750152147094 0.1697322428226471 4323
1750152148422 0.1770491898059845 4324
1750152149759 0.1774195283651352 4325
1750152151120 0.16217024624347687 4326
1750152152486 0.15357482433319092 4327
1750152153856 0.18680274486541748 4328
1750152155247 0.17960593104362488 4329
1750152156623 0.16424861550331116 4330
1750152157988 0.18615558743476868 4331
1750152159340 0.1953076273202896 4332
1750152160686 0.1735582947731018 4333
1750152162051 0.174462229013443 4334
1750152163401 0.17714278399944305 4335
1750152164766 0.19086915254592896 4336
1750152166109 0.17337170243263245 4337
1750152167463 0.1756591796875 4338
1750152168852 0.20633596181869507 4339
1750152170215 0.18655556440353394 4340
1750152171558 0.1837027370929718 4341
1750152172917 0.1613551378250122 4342
1750152174495 0.1584852933883667 4343
1750152175755 0.30582818388938904 4344
1750152177108 0.16533195972442627 4345
1750152178534 0.16423581540584564 4346
1750152179872 0.18901324272155762 4347
1750152181208 0.17647576332092285 4348
1750152182538 0.17086777091026306 4349
1750152183894 0.14320093393325806 4350
1750152185258 0.1870041936635971 4351
1750152186682 0.19100508093833923 4352
1750152188020 0.19518230855464935 4353
1750152189395 0.14614340662956238 4354
1750152190717 0.20440584421157837 4355
1750152192023 0.2782573699951172 4356
1750152193355 0.16904032230377197 4357
1750152194735 0.1379624903202057 4358
1750152196048 0.1658504605293274 4359
1750152197440 0.19604608416557312 4360
1750152198706 0.3365097939968109 4361
1750152200083 0.1597081422805786 4362
1750152201434 0.16920356452465057 4363
1750152202821 0.18232597410678864 4364
1750152204189 0.1858166605234146 4365
1750152205550 0.17869852483272552 4366
1750152206989 0.15762843191623688 4367
1750152208265 0.3142697811126709 4368
1750152209598 0.18486984074115753 4369
1750152210876 0.35604339838027954 4370
1750152212204 0.18967317044734955 4371
1750152213465 0.3575700521469116 4372
1750152214821 0.19430798292160034 4373
1750152216160 0.17635251581668854 4374
1750152217494 0.1764070689678192 4375
1750152218829 0.16327017545700073 4376
1750152220173 0.17278185486793518 4377
1750152221710 0.1739235818386078 4378
1750152223087 0.15214437246322632 4379
1750152224377 0.2849070429801941 4380
1750152225734 0.18047431111335754 4381
1750152227089 0.16313138604164124 4382
1750152228428 0.16646431386470795 4383
1750152229738 0.19235830008983612 4384
1750152231075 0.15405751764774323 4385
1750152232404 0.1792069375514984 4386
1750152233727 0.2077561616897583 4387
1750152235076 0.195349782705307 4388
1750152236415 0.14309003949165344 4389
1750152237790 0.2092503160238266 4390
1750152239052 0.3065806031227112 4391
1750152240424 0.14773473143577576 4392
1750152241774 0.16550865769386292 4393
1750152243144 0.1980290412902832 4394
1750152244420 0.31449395418167114 4395
1750152245748 0.18358811736106873 4396
1750152247081 0.19376257061958313 4397
1750152248419 0.2097940742969513 4398
1750152249765 0.17882142961025238 4399
1750152251098 0.19007858633995056 4400
1750152252392 0.3214113116264343 4401
1750152253723 0.18839618563652039 4402
1750152255068 0.2027117758989334 4403
1750152256428 0.1904153972864151 4404
1750152257707 0.3144611716270447 4405
1750152259066 0.16386660933494568 4406
1750152260414 0.19007174670696259 4407
1750152261744 0.1754160225391388 4408
1750152263099 0.17139753699302673 4409
1750152264485 0.18970344960689545 4410
1750152265852 0.16216853260993958 4411
1750152267183 0.16320207715034485 4412
1750152268544 0.18036511540412903 4413
1750152269886 0.1561596393585205 4414
1750152271181 0.33013972640037537 4415
1750152272786 0.16853855550289154 4416
1750152274162 0.13526418805122375 4417
1750152275505 0.17987018823623657 4418
1750152276847 0.15239685773849487 4419
1750152278250 0.1574159413576126 4420
1750152279587 0.17745301127433777 4421
1750152280970 0.19643351435661316 4422
1750152282218 0.3558751344680786 4423
1750152283565 0.16207857429981232 4424
1750152284901 0.1606547087430954 4425
1750152286248 0.15436960756778717 4426
1750152287591 0.1664234846830368 4427
1750152288880 0.32457202672958374 4428
1750152290257 0.17128771543502808 4429
1750152291630 0.18657274544239044 4430
1750152293003 0.1528727412223816 4431
1750152294411 0.173648864030838 4432
1750152295735 0.12731575965881348 4433
1750152297138 0.15636157989501953 4434
1750152298398 0.4381248652935028 4435
1750152299728 0.1663053035736084 4436
1750152301081 0.17878325283527374 4437
1750152302420 0.16957318782806396 4438
1750152303800 0.14773248136043549 4439
1750152305148 0.1695234626531601 4440
1750152306431 0.3967982828617096 4441
1750152307832 0.14765600860118866 4442
1750152309259 0.18737071752548218 4443
1750152310596 0.18305617570877075 4444
1750152311995 0.16296300292015076 4445
1750152313392 0.18814623355865479 4446
1750152314735 0.17857463657855988 4447
1750152316091 0.1656479388475418 4448
1750152317350 0.3941025733947754 4449
1750152318684 0.18728125095367432 4450
1750152320027 0.18639807403087616 4451
1750152321625 0.1628841757774353 4452
1750152322939 0.17251001298427582 4453
1750152324282 0.14194703102111816 4454
1750152325618 0.16692954301834106 4455
1750152326951 0.181575745344162 4456
1750152328297 0.19180001318454742 4457
1750152329631 0.1480484902858734 4458
1750152330987 0.19007381796836853 4459
1750152332330 0.15643317997455597 4460
1750152333723 0.15553396940231323 4461
1750152335094 0.19417908787727356 4462
1750152336448 0.1819932460784912 4463
1750152337795 0.16886742413043976 4464
1750152339174 0.1859123706817627 4465
1750152340500 0.19153176248073578 4466
1750152341846 0.18936753273010254 4467
1750152343190 0.1418510228395462 4468
1750152344556 0.17743292450904846 4469
1750152345951 0.16798186302185059 4470
1750152347370 0.18852348625659943 4471
1750152348807 0.16481658816337585 4472
1750152350151 0.17282706499099731 4473
1750152351491 0.16252094507217407 4474
1750152352829 0.19433695077896118 4475
1750152354203 0.1641942411661148 4476
1750152355550 0.16855686902999878 4477
1750152356893 0.16346128284931183 4478
1750152358215 0.1875363439321518 4479
1750152359538 0.1997232735157013 4480
1750152360804 0.31599169969558716 4481
1750152362174 0.1793420910835266 4482
1750152363572 0.1714269071817398 4483
1750152365025 0.18342874944210052 4484
1750152366364 0.19460421800613403 4485
1750152367625 0.2692243456840515 4486
1750152369171 0.18144142627716064 4487
1750152370512 0.18185485899448395 4488
1750152371856 0.16852039098739624 4489
1750152373120 0.32596495747566223 4490
1750152374442 0.13595625758171082 4491
1750152375785 0.19107481837272644 4492
1750152377075 0.32620155811309814 4493
1750152378442 0.20897576212882996 4494
1750152379856 0.18616870045661926 4495
1750152381208 0.18012206256389618 4496
1750152382580 0.1768210530281067 4497
1750152383911 0.18441741168498993 4498
1750152385325 0.1992819905281067 4499
1750152386655 0.18288913369178772 4500
1750152388018 0.18450778722763062 4501
1750152389321 0.32673728466033936 4502
1750152390661 0.15143591165542603 4503
1750152392055 0.1806454211473465 4504
1750152393439 0.16175180673599243 4505
1750152394807 0.15729720890522003 4506
1750152396231 0.21350400149822235 4507
1750152397692 0.1687740683555603 4508
1750152399068 0.15818774700164795 4509
1750152400424 0.2055746465921402 4510
1750152401780 0.16805429756641388 4511
1750152403118 0.2164720594882965 4512
1750152404539 0.18269962072372437 4513
1750152405880 0.16163606941699982 4514
1750152407217 0.15961414575576782 4515
1750152408562 0.16619873046875 4516
1750152409917 0.18850716948509216 4517
1750152411332 0.17077060043811798 4518
1750152412672 0.1921183168888092 4519
1750152414025 0.16204127669334412 4520
1750152415391 0.15270669758319855 4521
1750152417094 0.16395628452301025 4522
1750152418471 0.15114042162895203 4523
1750152419853 0.1736154556274414 4524
1750152421187 0.17196300625801086 4525
1750152422589 0.14863914251327515 4526
1750152423895 0.37370243668556213 4527
1750152425236 0.2061716616153717 4528
1750152426500 0.2579980194568634 4529
1750152427932 0.20960502326488495 4530
1750152429274 0.17769452929496765 4531
1750152430628 0.18693307042121887 4532
1750152431991 0.20075467228889465 4533
1750152433339 0.2269040197134018 4534
1750152434687 0.15874989330768585 4535
1750152436028 0.1686517298221588 4536
1750152437357 0.18526944518089294 4537
1750152438674 0.27867159247398376 4538
1750152440012 0.18380433320999146 4539
1750152441411 0.1593095362186432 4540
1750152442774 0.21044957637786865 4541
1750152444116 0.17533601820468903 4542
1750152445474 0.17182490229606628 4543
1750152446840 0.14082062244415283 4544
1750152448151 0.3904791474342346 4545
1750152449534 0.18057043850421906 4546
1750152450917 0.17439375817775726 4547
1750152452295 0.18404647707939148 4548
1750152453623 0.16599240899085999 4549
1750152454952 0.18908348679542542 4550
1750152456342 0.16274577379226685 4551
1750152457793 0.15988470613956451 4552
1750152459134 0.19485661387443542 4553
1750152460470 0.13864780962467194 4554
1750152461809 0.18805532157421112 4555
1750152463194 0.1948707550764084 4556
1750152464806 0.17484909296035767 4557
1750152466157 0.16951584815979004 4558
1750152467504 0.18171022832393646 4559
1750152468885 0.17028838396072388 4560
1750152470274 0.20388953387737274 4561
1750152471648 0.16299918293952942 4562
1750152473054 0.1813819706439972 4563
1750152474388 0.16243527829647064 4564
1750152475725 0.16350023448467255 4565
1750152477075 0.16383549571037292 4566
1750152478492 0.15890908241271973 4567
1750152479864 0.16397243738174438 4568
1750152481247 0.17894718050956726 4569
1750152482597 0.17512139678001404 4570
1750152483936 0.17808379232883453 4571
1750152485312 0.1563524454832077 4572
1750152486646 0.1559111773967743 4573
1750152487989 0.19073200225830078 4574
1750152489320 0.15925970673561096 4575
1750152490692 0.1675235778093338 4576
1750152492072 0.18405452370643616 4577
1750152493395 0.16450715065002441 4578
1750152494738 0.14936329424381256 4579
1750152496064 0.1865960955619812 4580
1750152497395 0.17915090918540955 4581
1750152498805 0.18125323951244354 4582
1750152500174 0.19093108177185059 4583
1750152501548 0.17448586225509644 4584
1750152502806 0.31676316261291504 4585
1750152504171 0.16035349667072296 4586
1750152505566 0.15086273849010468 4587
1750152506915 0.18973730504512787 4588
1750152508273 0.18880261480808258 4589
1750152509592 0.21416005492210388 4590
1750152511155 0.15393304824829102 4591
1750152512490 0.16522613167762756 4592
1750152513868 0.1607711911201477 4593
1750152515223 0.18368875980377197 4594
1750152516567 0.18005886673927307 4595
1750152517929 0.16581225395202637 4596
1750152519315 0.18329167366027832 4597
1750152520668 0.15795500576496124 4598
1750152522052 0.16554491221904755 4599
1750152523419 0.1806962639093399 4600
1750152524687 0.29665064811706543 4601
1750152526020 0.20945562422275543 4602
1750152527342 0.1772546023130417 4603
1750152528736 0.16865327954292297 4604
1750152530142 0.15316954255104065 4605
1750152531438 0.29403722286224365 4606
1750152532776 0.1585686206817627 4607
1750152534139 0.18826983869075775 4608
1750152535510 0.16809412837028503 4609
1750152536857 0.18997803330421448 4610
1750152538203 0.18792018294334412 4611
1750152539579 0.1691216230392456 4612
1750152540894 0.19607599079608917 4613
1750152542258 0.1687963753938675 4614
1750152543593 0.18256931006908417 4615
1750152544952 0.1728449910879135 4616
1750152546287 0.16984352469444275 4617
1750152547623 0.16304270923137665 4618
1750152548953 0.17705810070037842 4619
1750152550286 0.15887677669525146 4620
1750152551649 0.17801803350448608 4621
1750152553110 0.16354972124099731 4622
1750152554751 0.16187623143196106 4623
1750152556007 0.3463883697986603 4624
1750152557330 0.17132513225078583 4625
1750152558731 0.1044071614742279 4626
1750152560061 0.22183653712272644 4627
1750152561399 0.16902022063732147 4628
1750152562786 0.18131402134895325 4629
1750152564095 0.4219246506690979 4630
1750152565425 0.16653968393802643 4631
1750152566748 0.18061622977256775 4632
1750152568010 0.4576510190963745 4633
1750152569337 0.16523602604866028 4634
1750152570679 0.17059344053268433 4635
1750152572021 0.17428062856197357 4636
1750152573342 0.15035904943943024 4637
1750152574666 0.18713781237602234 4638
1750152576047 0.18610185384750366 4639
1750152577299 0.28976473212242126 4640
1750152578624 0.1435365229845047 4641
1750152580000 0.1714598536491394 4642
1750152581338 0.1788468062877655 4643
1750152582663 0.18587830662727356 4644
1750152584022 0.15493327379226685 4645
1750152585372 0.191462904214859 4646
1750152586768 0.18205960094928741 4647
1750152588033 0.29023635387420654 4648
1750152589378 0.1608705371618271 4649
1750152590760 0.16229073703289032 4650
1750152592087 0.1837780475616455 4651
1750152593437 0.17075222730636597 4652
1750152594764 0.181883305311203 4653
1750152596310 0.1751476377248764 4654
1750152597660 0.19931954145431519 4655
1750152598996 0.1915685534477234 4656
1750152600260 0.3344852328300476 4657
1750152601625 0.17077898979187012 4658
1750152602996 0.2013683170080185 4659
1750152604345 0.15746337175369263 4660
1750152605686 0.19508187472820282 4661
1750152607010 0.33207860589027405 4662
1750152608338 0.16651946306228638 4663
1750152609599 0.24506479501724243 4664
1750152610931 0.1553037017583847 4665
1750152612279 0.18998822569847107 4666
1750152613668 0.1839379221200943 4667
1750152615001 0.16982299089431763 4668
1750152616331 0.12909670174121857 4669
1750152617605 0.2718780040740967 4670
1750152618963 0.16446658968925476 4671
1750152620315 0.13247908651828766 4672
1750152621653 0.16020439565181732 4673
1750152622911 0.32761916518211365 4674
1750152624276 0.1571921408176422 4675
1750152625612 0.17492619156837463 4676
1750152626949 0.18269842863082886 4677
1750152628264 0.16403597593307495 4678
1750152629650 0.1505085825920105 4679
1750152630985 0.19829443097114563 4680
1750152632349 0.17207059264183044 4681
1750152633720 0.15744638442993164 4682
1750152635022 0.2681574523448944 4683
1750152636452 0.1825917363166809 4684
1750152637977 0.19701044261455536 4685
1750152639354 0.1329832375049591 4686
1750152640631 0.40065357089042664 4687
1750152641962 0.18729889392852783 4688
1750152643293 0.19563138484954834 4689
1750152644544 0.3961711823940277 4690
1750152645885 0.18277564644813538 4691
1750152647243 0.16067922115325928 4692
1750152648566 0.16488459706306458 4693
1750152649841 0.26839569211006165 4694
1750152651203 0.17892315983772278 4695
1750152652561 0.1608964204788208 4696
1750152653886 0.1860639750957489 4697
1750152655250 0.2741106450557709 4698
1750152656521 0.2879892587661743 4699
1750152657882 0.17722997069358826 4700
1750152659220 0.15323659777641296 4701
1750152660616 0.1555718630552292 4702
1750152661945 0.1757456213235855 4703
1750152663287 0.1786269098520279 4704
1750152664640 0.17266133427619934 4705
1750152665994 0.18159112334251404 4706
1750152667356 0.14550325274467468 4707
1750152668741 0.16952362656593323 4708
1750152670089 0.16180464625358582 4709
1750152671459 0.19901596009731293 4710
1750152672741 0.3250103294849396 4711
1750152674103 0.20134031772613525 4712
1750152675437 0.17482081055641174 4713
1750152676782 0.18272563815116882 4714
1750152678156 0.1955973356962204 4715
1750152679703 0.19316993653774261 4716
1750152681047 0.2009247988462448 4717
1750152682374 0.16561400890350342 4718
1750152683724 0.18310412764549255 4719
1750152685128 0.1983935534954071 4720
1750152686528 0.1579747200012207 4721
1750152687895 0.15385115146636963 4722
1750152689252 0.18562224507331848 4723
1750152690626 0.13441801071166992 4724
1750152691987 0.16390900313854218 4725
1750152693388 0.16791215538978577 4726
1750152694754 0.19269216060638428 4727
1750152696104 0.1675586700439453 4728
1750152697375 0.24643105268478394 4729
1750152698729 0.1772068589925766 4730
1750152700143 0.18650227785110474 4731
1750152701502 0.1750224381685257 4732
1750152702864 0.1664000153541565 4733
1750152704213 0.16508901119232178 4734
1750152705579 0.1919628083705902 4735
1750152706943 0.14350245893001556 4736
1750152708307 0.18905460834503174 4737
1750152709652 0.20572182536125183 4738
1750152710977 0.2075929194688797 4739
1750152712229 0.3628116250038147 4740
1750152713574 0.18647943437099457 4741
1750152714867 0.22052086889743805 4742
1750152716202 0.1440272331237793 4743
1750152717555 0.15288949012756348 4744
1750152718951 0.15635299682617188 4745
1750152720311 0.17634181678295135 4746
1750152721663 0.16066715121269226 4747
1750152723261 0.15162953734397888 4748
1750152724590 0.18798032402992249 4749
1750152725967 0.18389050662517548 4750
1750152727313 0.16770008206367493 4751
1750152728683 0.16350746154785156 4752
1750152730013 0.15987709164619446 4753
1750152731334 0.18606239557266235 4754
1750152732661 0.183444082736969 4755
1750152733899 0.33718937635421753 4756
1750152735144 0.21858514845371246 4757
1750152736493 0.172568678855896 4758
1750152737822 0.17841094732284546 4759
1750152739163 0.1733991950750351 4760
1750152740496 0.18502137064933777 4761
1750152741862 0.18184013664722443 4762
1750152743248 0.1593322455883026 4763
1750152744599 0.17829391360282898 4764
1750152746010 0.13644900918006897 4765
1750152747336 0.16679486632347107 4766
1750152748667 0.18854671716690063 4767
1750152750074 0.181147038936615 4768
1750152751328 0.27344605326652527 4769
1750152752661 0.18355147540569305 4770
1750152754059 0.17513781785964966 4771
1750152755414 0.19585424661636353 4772
1750152756759 0.1478082686662674 4773
1750152758125 0.15445458889007568 4774
1750152759460 0.1954854130744934 4775
1750152760784 0.16903236508369446 4776
1750152762139 0.18601123988628387 4777
1750152763472 0.14873097836971283 4778
1750152765019 0.17868244647979736 4779
1750152766366 0.15544001758098602 4780
1750152767740 0.1671372503042221 4781
1750152769080 0.15186449885368347 4782
1750152770447 0.1719418615102768 4783
1750152771771 0.4053601920604706 4784
1750152773128 0.15800189971923828 4785
1750152774553 0.18937955796718597 4786
1750152775901 0.16069871187210083 4787
1750152777165 0.30539625883102417 4788
1750152778408 0.37437450885772705 4789
1750152779810 0.188242107629776 4790
1750152781077 0.2669322192668915 4791
1750152782414 0.14802925288677216 4792
1750152783740 0.30734094977378845 4793
1750152785024 0.3019774556159973 4794
1750152786367 0.1991633027791977 4795
1750152787732 0.1637907177209854 4796
1750152789096 0.167918398976326 4797
1750152790514 0.18952886760234833 4798
1750152791885 0.15992110967636108 4799
1750152793350 0.13012494146823883 4800
1750152794680 0.1804797649383545 4801
1750152796007 0.1769258975982666 4802
1750152797344 0.17432717978954315 4803
1750152798700 0.17771080136299133 4804
1750152800094 0.1537000983953476 4805
1750152801467 0.17875275015830994 4806
1750152802814 0.16265612840652466 4807
1750152804151 0.1948121041059494 4808
1750152805503 0.1786426305770874 4809
1750152806846 0.16125915944576263 4810
1750152808481 0.157577246427536 4811
1750152809822 0.4016211926937103 4812
1750152811192 0.2506638169288635 4813
1750152812519 0.16827034950256348 4814
1750152813847 0.14041289687156677 4815
1750152815171 0.1884022355079651 4816
1750152816504 0.19122876226902008 4817
1750152817845 0.15680617094039917 4818
1750152819180 0.17092767357826233 4819
1750152820528 0.19194389879703522 4820
1750152821878 0.1776655614376068 4821
1750152823295 0.16955894231796265 4822
1750152824738 0.18584874272346497 4823
1750152826136 0.16533617675304413 4824
1750152827526 0.1445612907409668 4825
1750152828884 0.18163752555847168 4826
1750152830256 0.17033657431602478 4827
1750152831612 0.1736758053302765 4828
1750152832946 0.18318146467208862 4829
1750152834205 0.3988683223724365 4830
1750152835460 0.406296044588089 4831
1750152836806 0.18857577443122864 4832
1750152838145 0.164190411567688 4833
1750152839490 0.16767063736915588 4834
1750152840851 0.16522431373596191 4835
1750152842242 0.158911794424057 4836
1750152843588 0.18151593208312988 4837
1750152844933 0.20989975333213806 4838
1750152846269 0.16206589341163635 4839
1750152847597 0.13256043195724487 4840
1750152848959 0.1302509903907776 4841
1750152850525 0.1942133903503418 4842
1750152851888 0.37343162298202515 4843
1750152853306 0.15965041518211365 4844
1750152854657 0.16505929827690125 4845
1750152855995 0.18034833669662476 4846
1750152857342 0.16359640657901764 4847
1750152858691 0.19593751430511475 4848
1750152860031 0.18705028295516968 4849
1750152861383 0.1714588701725006 4850
1750152862719 0.18127182126045227 4851
1750152864047 0.18496306240558624 4852
1750152865383 0.16749148070812225 4853
1750152866716 0.17567254602909088 4854
1750152868140 0.1440356820821762 4855
1750152869476 0.17662906646728516 4856
1750152870813 0.16943994164466858 4857
1750152872164 0.1788819134235382 4858
1750152873501 0.16465094685554504 4859
1750152874859 0.1924521028995514 4860
1750152876209 0.14242103695869446 4861
1750152877551 0.1909371167421341 4862
1750152878902 0.18072031438350677 4863
1750152880233 0.18598495423793793 4864
1750152881566 0.1764838993549347 4865
1750152882909 0.161733478307724 4866
1750152884169 0.30539360642433167 4867
1750152885530 0.17560264468193054 4868
1750152886880 0.17147690057754517 4869
1750152888240 0.17573682963848114 4870
1750152889581 0.18688306212425232 4871
1750152890933 0.1631285548210144 4872
1750152892556 0.1696920096874237 4873
1750152893890 0.16727936267852783 4874
1750152895317 0.20124374330043793 4875
1750152896686 0.17078863084316254 4876
1750152898019 0.21590259671211243 4877
1750152899381 0.18950210511684418 4878
1750152900740 0.16866928339004517 4879
1750152902083 0.14812122285366058 4880
1750152903426 0.15278249979019165 4881
1750152904698 0.38222864270210266 4882
1750152906041 0.1837330311536789 4883
1750152907383 0.18015049397945404 4884
1750152908671 0.33728116750717163 4885
1750152910049 0.15110328793525696 4886
1750152911388 0.18349391222000122 4887
1750152912717 0.2112492024898529 4888
1750152914024 0.1537308692932129 4889
1750152915295 0.2843433916568756 4890
1750152916634 0.17449502646923065 4891
1750152917965 0.16690078377723694 4892
1750152919278 0.18476170301437378 4893
1750152920637 0.16383755207061768 4894
1750152921968 0.14433026313781738 4895
1750152923312 0.16835588216781616 4896
1750152924701 0.16096019744873047 4897
1750152926081 0.18883106112480164 4898
1750152927372 0.547371506690979 4899
1750152928695 0.3027260899543762 4900
1750152930053 0.18319068849086761 4901
1750152931396 0.17315033078193665 4902
1750152932744 0.13547320663928986 4903
1750152934309 0.17542733252048492 4904
1750152935652 0.16954755783081055 4905
1750152936993 0.1834143102169037 4906
1750152938371 0.2091134488582611 4907
1750152939763 0.17237378656864166 4908
1750152941139 0.1716141700744629 4909
1750152942502 0.15484179556369781 4910
1750152943882 0.18185487389564514 4911
1750152945247 0.16750305891036987 4912
1750152946618 0.13684430718421936 4913
1750152947986 0.18119573593139648 4914
1750152949361 0.16127488017082214 4915
1750152950713 0.16991466283798218 4916
1750152952056 0.1737404465675354 4917
1750152953401 0.1763472855091095 4918
1750152954748 0.16443045437335968 4919
1750152956073 0.1421455293893814 4920
1750152957443 0.182854562997818 4921
1750152958866 0.17093926668167114 4922
1750152960286 0.13568736612796783 4923
1750152961670 0.17279568314552307 4924
1750152963050 0.16326236724853516 4925
1750152964349 0.3219510018825531 4926
1750152965706 0.15847286581993103 4927
1750152967075 0.18117418885231018 4928
1750152968480 0.17038759589195251 4929
1750152969825 0.19960525631904602 4930
1750152971141 0.1675843596458435 4931
1750152972487 0.1532435119152069 4932
1750152973778 0.2940940260887146 4933
1750152975367 0.16805702447891235 4934
1750152976725 0.16752628982067108 4935
1750152978197 0.12940089404582977 4936
1750152979551 0.17555955052375793 4937
1750152980950 0.1801692247390747 4938
1750152982276 0.1892658770084381 4939
1750152983641 0.19167837500572205 4940
1750152984974 0.20007404685020447 4941
1750152986343 0.17785212397575378 4942
1750152987661 0.1796700358390808 4943
1750152989036 0.14717598259449005 4944
1750152990368 0.12826794385910034 4945
1750152991749 0.1778930425643921 4946
1750152993122 0.16772612929344177 4947
1750152994469 0.19905805587768555 4948
1750152995847 0.1676306575536728 4949
1750152997204 0.20606571435928345 4950
1750152998543 0.19050709903240204 4951
1750152999892 0.160739004611969 4952
1750153001224 0.17520079016685486 4953
1750153002474 0.28809237480163574 4954
1750153003795 0.15845055878162384 4955
1750153005143 0.16901788115501404 4956
1750153006426 0.28333544731140137 4957
1750153007816 0.15086139738559723 4958
1750153009247 0.17692479491233826 4959
1750153010613 0.18136698007583618 4960
1750153011950 0.191793292760849 4961
1750153013283 0.16181592643260956 4962
1750153014801 0.3197600245475769 4963
1750153016126 0.26504063606262207 4964
1750153017470 0.17875060439109802 4965
1750153018736 0.35165196657180786 4966
1750153020067 0.17379024624824524 4967
1750153021417 0.1764231026172638 4968
1750153022786 0.17445191740989685 4969
1750153024067 0.3938259482383728 4970
1750153025403 0.156788170337677 4971
1750153026750 0.19674251973628998 4972
1750153028134 0.1733120083808899 4973
1750153029443 0.25095900893211365 4974
1750153030768 0.16654135286808014 4975
1750153032113 0.18054527044296265 4976
1750153033459 0.1877627968788147 4977
1750153034798 0.1617472767829895 4978
1750153036221 0.16553866863250732 4979
1750153037584 0.17213396728038788 4980
1750153038939 0.1856241524219513 4981
1750153040283 0.17482790350914001 4982
1750153041682 0.17853975296020508 4983
1750153043135 0.14724746346473694 4984
1750153044417 0.3074730932712555 4985
1750153045758 0.14428198337554932 4986
1750153047098 0.17054817080497742 4987
1750153048420 0.198647603392601 4988
1750153049748 0.21547332406044006 4989
1750153051107 0.17702335119247437 4990
1750153052659 0.1310538649559021 4991
1750153054085 0.14828157424926758 4992
1750153055513 0.17656873166561127 4993
1750153056849 0.16492636501789093 4994
1750153058226 0.16356304287910461 4995
1750153059588 0.15167772769927979 4996
1750153060937 0.1561812162399292 4997
1750153062341 0.18695689737796783 4998
1750153063712 0.16342318058013916 4999
1750153065068 0.13933652639389038 5000
